direction,ligand,receptor,disease_score_fap_series,attenuation_fap_ablation,disease_score_blockade_series,attenuation_a5b1_blockade,disease_induced_both_series,attenuation_class,consensus_strength,interaction,attenuation_difference_ablation_minus_blockade,prespecified_focus,focus_order
Neutrophil -> Fibroblast,H2.DMb2,Cd74,0.798483409430571,0.764993378879205,0.798377515749338,0.471711372790251,True,Attenuated by both,0.471711372790251,H2.DMb2 → Cd74,0.29328200608895405,False,
Fibroblast -> Neutrophil,Cd86,Ctla4,0.772983141190593,0.728551411290688,0.701281512529971,0.78951732935507,True,Attenuated by both,0.728551411290688,Cd86 → Ctla4,-0.06096591806438201,False,
Neutrophil -> Fibroblast,Tgm2,Itga4,0.737584581763224,0.67776293491337,0.609552961722186,0.282263447669438,True,Attenuated by both,0.282263447669438,Tgm2 → Itga4,0.395499487243932,True,15.0
Fibroblast -> Neutrophil,Btla,Cd79a,0.725597159570172,0.651347816272976,0.681874255105073,0.657543492883438,True,Attenuated by both,0.651347816272976,Btla → Cd79a,-0.006195676610462053,False,
Neutrophil -> Fibroblast,Alcam,Alcam,0.708785516656398,0.699814901492363,0.209526457716581,0.279117674677152,True,Attenuated by both,0.279117674677152,Alcam → Alcam,0.42069722681521105,False,
Neutrophil -> Fibroblast,Thbs1,Itga4,0.705643984330468,0.74149811691172,0.784820701278416,0.61585460246799,True,Attenuated by both,0.61585460246799,Thbs1 → Itga4,0.12564351444373,True,14.0
Fibroblast -> Neutrophil,Cd274,Cd80,0.6961423469575,0.448681268459531,0.340277462884742,0.335229948048353,True,Attenuated by both,0.335229948048353,Cd274 → Cd80,0.113451320411178,False,
Neutrophil -> Fibroblast,Tgfbi,Itga4,0.693340872822615,0.675554627528835,0.578168365167373,0.337986779880163,True,Attenuated by both,0.337986779880163,Tgfbi → Itga4,0.337567847648672,False,
Neutrophil -> Fibroblast,Il15,Il2rg,0.686891021428279,0.718668612528263,0.376846785379198,0.314666512108935,True,Attenuated by both,0.314666512108935,Il15 → Il2rg,0.404002100419328,False,
Fibroblast -> Neutrophil,H2.DMb2,Cd74,0.674256825928793,0.586426739677755,0.55798259875266,0.435656949149857,True,Attenuated by both,0.435656949149857,H2.DMb2 → Cd74,0.15076979052789807,False,
Neutrophil -> Fibroblast,Pecam1,Pecam1,0.662063917385386,0.58911064005861,0.63797694996795,0.609717024568177,True,Attenuated by both,0.58911064005861,Pecam1 → Pecam1,-0.020606384509566977,False,
Neutrophil -> Fibroblast,App,Cd74,0.647853844477482,0.653248761411849,0.481781820017527,0.118867879318253,True,Attenuated by both,0.118867879318253,App → Cd74,0.5343808820935959,False,
Neutrophil -> Fibroblast,Selplg,Sell,0.642056119854106,0.620495719950483,0.438325269628734,0.18647435350216,True,Attenuated by both,0.18647435350216,Selplg → Sell,0.434021366448323,False,
Fibroblast -> Neutrophil,Cd2,Cd53,0.636338176628966,0.548731380335371,0.508413493699592,0.486451921024423,True,Attenuated by both,0.486451921024423,Cd2 → Cd53,0.06227945931094808,False,
Neutrophil -> Fibroblast,Pecam1,Itgav,0.63244698345156,0.614841125108885,0.587941545607649,0.770254507895547,True,Attenuated by both,0.614841125108885,Pecam1 → Itgav,-0.15541338278666195,False,
Neutrophil -> Fibroblast,Cd80,Cd274,0.6310589946506,0.529731033939307,0.435891630460709,0.37162405654623,True,Attenuated by both,0.37162405654623,Cd80 → Cd274,0.158106977393077,False,
Fibroblast -> Neutrophil,Pecam1,Pecam1,0.621913216915947,0.51682623128322,0.605038575182151,0.590158085339371,True,Attenuated by both,0.51682623128322,Pecam1 → Pecam1,-0.07333185405615095,False,
Fibroblast -> Neutrophil,Tgfbi,Itgb1,0.621047793746605,0.252530474197015,0.348375359862927,0.190651341825754,True,Attenuated by both,0.190651341825754,Tgfbi → Itgb1,0.061879132371261025,False,
Fibroblast -> Neutrophil,Alcam,Alcam,0.615116298631825,0.586303251709833,0.194384770040797,0.323783326270082,True,Attenuated by both,0.323783326270082,Alcam → Alcam,0.262519925439751,False,
Neutrophil -> Fibroblast,Pecam1,Itgb3,0.612299045960505,0.565359667464627,0.528437040015159,0.731570089099817,True,Attenuated by both,0.565359667464627,Pecam1 → Itgb3,-0.16621042163519006,False,
Fibroblast -> Neutrophil,Col18a1,Itgb1,0.605850109164693,0.374911583249711,0.366546306395228,0.425122286597793,True,Attenuated by both,0.374911583249711,Col18a1 → Itgb1,-0.050210703348081975,False,
Fibroblast -> Neutrophil,Il1b,Il1rap,0.603611401914598,0.766935693219639,0.463620701732694,0.0297742196493008,True,Attenuated by both,0.0297742196493008,Il1b → Il1rap,0.7371614735703381,True,0.0
Neutrophil -> Fibroblast,Tgm2,Itgb3,0.598916758533711,0.540266900798824,0.343011556180117,0.327125102677377,True,Attenuated by both,0.327125102677377,Tgm2 → Itgb3,0.213141798121447,False,
Fibroblast -> Neutrophil,Pecam1,Itgav,0.595592305712009,0.514641854062154,0.554825375685681,0.427491011160837,True,Attenuated by both,0.427491011160837,Pecam1 → Itgav,0.08715084290131703,False,
Fibroblast -> Neutrophil,Psen1,Notch2,0.595056098031497,0.27731774046258,0.290520433460385,0.478325135154779,True,Attenuated by both,0.27731774046258,Psen1 → Notch2,-0.20100739469219897,False,
Fibroblast -> Neutrophil,Vcam1,Itgb1,0.591113139624313,0.458034291714885,0.450738388316549,0.589985924262116,True,Attenuated by both,0.458034291714885,Vcam1 → Itgb1,-0.13195163254723102,False,
Fibroblast -> Neutrophil,Sell,Selplg,0.587540057591829,0.609579062023791,0.433140693054002,0.194399055573711,True,Attenuated by both,0.194399055573711,Sell → Selplg,0.41518000645007996,False,
Neutrophil -> Fibroblast,Cd2,Cd53,0.586942607299935,0.467137481427668,0.434056230881445,0.529606831465782,True,Attenuated by both,0.467137481427668,Cd2 → Cd53,-0.062469350038114047,False,
Neutrophil -> Fibroblast,Tgfbi,Itgb3,0.58245082737088,0.510280815636511,0.339404737403082,0.41062621266588,True,Attenuated by both,0.41062621266588,Tgfbi → Itgb3,0.09965460297063095,False,
Fibroblast -> Neutrophil,Tgfbi,Itgav,0.579490759631744,0.370953160281886,0.388361940298034,0.291981052553406,True,Attenuated by both,0.291981052553406,Tgfbi → Itgav,0.07897210772848001,False,
Neutrophil -> Fibroblast,Mif,Cxcr4,0.579071576253325,0.467566517062716,0.212150162461994,0.330010045289695,True,Attenuated by both,0.330010045289695,Mif → Cxcr4,0.137556471773021,False,
Neutrophil -> Fibroblast,Icam1,Il2rg,0.578751567619298,0.770312091189168,0.328570189753653,0.348128286374718,True,Attenuated by both,0.348128286374718,Icam1 → Il2rg,0.42218380481445,False,
Neutrophil -> Fibroblast,Tgfbi,Itgav,0.574820987084157,0.531984495502991,0.287798131884461,0.365977298128277,True,Attenuated by both,0.365977298128277,Tgfbi → Itgav,0.16600719737471398,False,
Neutrophil -> Fibroblast,Ezr,Slc9a1,0.57453888051475,0.408637231644847,0.429228782631454,0.293194512238952,True,Attenuated by both,0.293194512238952,Ezr → Slc9a1,0.11544271940589501,False,
Neutrophil -> Fibroblast,Msn,Slc9a1,0.57304338781897,0.348353681892649,0.255886194701689,0.329716335026338,True,Attenuated by both,0.329716335026338,Msn → Slc9a1,0.018637346866310966,False,
Neutrophil -> Fibroblast,Adam17,Notch2,0.572256808956849,0.490519421640114,0.520062108391886,0.519031976574403,True,Attenuated by both,0.490519421640114,Adam17 → Notch2,-0.02851255493428906,False,
Neutrophil -> Fibroblast,Ptprc,Cd22,0.570351045097647,0.659196276795697,0.419972644304073,0.155533303658556,True,Attenuated by both,0.155533303658556,Ptprc → Cd22,0.503662973137141,False,
Fibroblast -> Neutrophil,Vcam1,Msn,0.568091918078246,0.602422801561703,0.376464292896579,0.628824762393138,True,Attenuated by both,0.602422801561703,Vcam1 → Msn,-0.02640196083143498,False,
Fibroblast -> Neutrophil,H2.DMb1,Cd74,0.567170203553127,0.602982428547401,0.605549368715574,0.312198624640676,True,Attenuated by both,0.312198624640676,H2.DMb1 → Cd74,0.29078380390672504,False,
Neutrophil -> Fibroblast,Thbs1,Itgb3,0.566976161100955,0.604002082797174,0.518279295736347,0.660716257475929,True,Attenuated by both,0.604002082797174,Thbs1 → Itgb3,-0.05671417467875495,False,
Fibroblast -> Neutrophil,Tgfb1,App,0.566002266773951,0.616988169437977,0.602646511926022,0.402876164200024,True,Attenuated by both,0.402876164200024,Tgfb1 → App,0.21411200523795298,False,
Neutrophil -> Fibroblast,Vcan,Itga4,0.565598752997493,0.474690530316295,0.535415393009914,0.596515366643849,True,Attenuated by both,0.474690530316295,Vcan → Itga4,-0.12182483632755398,False,
Fibroblast -> Neutrophil,Col6a3,Itgb1,0.560362355943379,0.142526731976028,0.118612654190735,0.365032230854351,True,Attenuated by both,0.142526731976028,Col6a3 → Itgb1,-0.222505498878323,False,
Fibroblast -> Neutrophil,Tgfb1,Itgav,0.556307837155805,0.583946873977918,0.544977944075859,0.477333434039884,True,Attenuated by both,0.477333434039884,Tgfb1 → Itgav,0.10661343993803402,False,
Fibroblast -> Neutrophil,Vcam1,Ezr,0.555027785061619,0.684904457746189,0.560682311014509,0.564679772596208,True,Attenuated by both,0.564679772596208,Vcam1 → Ezr,0.12022468514998097,False,
Fibroblast -> Neutrophil,Psen1,Ncstn,0.553746946098744,0.206235455347276,0.24132465162942,0.408988355843535,True,Attenuated by both,0.206235455347276,Psen1 → Ncstn,-0.202752900496259,False,
Fibroblast -> Neutrophil,Adam17,Notch2,0.553312579849726,0.368612816538387,0.419684159625549,0.461623660167923,True,Attenuated by both,0.368612816538387,Adam17 → Notch2,-0.09301084362953599,False,
Neutrophil -> Fibroblast,Copa,Cd74,0.553049338841374,0.547980974521546,0.102260302153061,-0.1626569760748,True,FAP ablation only,,Copa → Cd74,0.710637950596346,False,
Fibroblast -> Neutrophil,Psen1,Psen1,0.55294402034488,0.368709249896542,0.112739467183581,0.367075728454976,True,Attenuated by both,0.367075728454976,Psen1 → Psen1,0.0016335214415660326,False,
Neutrophil -> Fibroblast,Itgb1,Vcam1,0.552416570404608,0.454605316650826,0.473067712486381,0.627713497967273,True,Attenuated by both,0.454605316650826,Itgb1 → Vcam1,-0.17310818131644706,False,
Neutrophil -> Fibroblast,App,Sorl1,0.546923266581998,0.524329446918654,0.350148797256985,0.253992282296866,True,Attenuated by both,0.253992282296866,App → Sorl1,0.27033716462178803,False,
Fibroblast -> Neutrophil,Vcan,Selplg,0.546309366498695,0.379011552178263,0.107877607998023,0.27377018956823,True,Attenuated by both,0.27377018956823,Vcan → Selplg,0.10524136261003297,False,
Fibroblast -> Neutrophil,Vcan,Sell,0.543144846657731,0.407014256233596,0.0956122184642569,0.314475610137928,True,Attenuated by both,0.314475610137928,Vcan → Sell,0.09253864609566798,False,
Fibroblast -> Neutrophil,Tgfb1,Itgb1,0.542309315715109,0.465524187893046,0.504991363640751,0.376003723312231,True,Attenuated by both,0.376003723312231,Tgfb1 → Itgb1,0.08952046458081503,False,
Neutrophil -> Fibroblast,Tgm2,Itga9,0.541484947347393,0.250417681548306,0.0186925594251243,0.0708498516271147,True,Attenuated by both,0.0708498516271147,Tgm2 → Itga9,0.1795678299211913,False,
Neutrophil -> Fibroblast,Ptprc,Dpp4,0.540996722907885,0.304258821331564,-0.048519143929186,0.0780012375215378,False,Attenuated by both,,Ptprc → Dpp4,0.2262575838100262,False,
Fibroblast -> Neutrophil,Itga4,Vcam1,0.540498953421658,0.495126580566138,0.367935814704676,0.460944735946262,True,Attenuated by both,0.460944735946262,Itga4 → Vcam1,0.034181844619876,False,
Fibroblast -> Neutrophil,Raet1e,Hcst,0.540398547708251,0.359311651348488,0.353672546283312,0.274582760868398,True,Attenuated by both,0.274582760868398,Raet1e → Hcst,0.08472889048009002,False,
Fibroblast -> Neutrophil,Tnc,Itgb1,0.540021601039238,0.353612940532495,0.315023735914605,0.506834695868511,True,Attenuated by both,0.353612940532495,Tnc → Itgb1,-0.15322175533601606,False,
Neutrophil -> Fibroblast,Has1,Cd44,0.537788376211035,0.479317128160167,0.608974318959315,0.644997854959815,True,Attenuated by both,0.479317128160167,Has1 → Cd44,-0.16568072679964796,False,
Fibroblast -> Neutrophil,Postn,Itgav,0.535675166667031,0.174935670085596,0.0062313935670563,0.402086623801292,True,Attenuated by both,0.174935670085596,Postn → Itgav,-0.22715095371569602,False,
Neutrophil -> Fibroblast,Cxcl10,Dpp4,0.534973055875625,0.360207461595834,-0.24269321973713,0.242996434870457,False,Attenuated by both,,Cxcl10 → Dpp4,0.117211026725377,False,
Fibroblast -> Neutrophil,Vcan,Itgb1,0.533866085537504,0.291484745343007,0.261687699078118,0.395348085903915,True,Attenuated by both,0.291484745343007,Vcan → Itgb1,-0.10386334056090801,False,
Fibroblast -> Neutrophil,Col5a3,Itgb1,0.53315233684654,0.179858572127941,0.144538320812662,0.424713195038895,True,Attenuated by both,0.179858572127941,Col5a3 → Itgb1,-0.24485462291095397,False,
Fibroblast -> Neutrophil,Col5a2,Itgb1,0.531475229031651,0.298857156605782,0.271486584570515,0.455896636346213,True,Attenuated by both,0.298857156605782,Col5a2 → Itgb1,-0.15703947974043103,False,
Fibroblast -> Neutrophil,Adam17,Itgb1,0.530510365132928,0.315419275245028,0.398968310698529,0.453045154843504,True,Attenuated by both,0.315419275245028,Adam17 → Itgb1,-0.137625879598476,False,
Neutrophil -> Fibroblast,Cd47,Sirpa,0.530461107951124,0.274078570105915,-0.272993188898611,0.149912846772457,False,Attenuated by both,,Cd47 → Sirpa,0.12416572333345802,False,
Neutrophil -> Fibroblast,Vcan,Sell,0.527596732566056,0.461752484207616,0.430277390722477,0.434925407748992,True,Attenuated by both,0.434925407748992,Vcan → Sell,0.026827076458623977,False,
Fibroblast -> Neutrophil,Tnc,Itgav,0.526242344702155,0.499813404395144,0.38278809412749,0.580386628818386,True,Attenuated by both,0.499813404395144,Tnc → Itgav,-0.080573224423242,False,
Neutrophil -> Fibroblast,Alcam,Chl1,0.52401843604192,0.762697780051177,0.435778540209859,0.402472300119473,True,Attenuated by both,0.402472300119473,Alcam → Chl1,0.36022547993170406,False,
Fibroblast -> Neutrophil,Adam10,Notch2,0.523129583180599,0.295927638967936,0.15401093467091,0.252491836868061,True,Attenuated by both,0.252491836868061,Adam10 → Notch2,0.04343580209987502,False,
Fibroblast -> Neutrophil,Msn,Slc9a1,0.522479942150266,0.41248708975418,0.311642595115893,0.102123841863657,True,Attenuated by both,0.102123841863657,Msn → Slc9a1,0.31036324789052305,False,
Neutrophil -> Fibroblast,Cd82,Cd37,0.52070657661794,0.619754542896922,0.517349685329041,0.256371499645159,True,Attenuated by both,0.256371499645159,Cd82 → Cd37,0.363383043251763,False,
Neutrophil -> Fibroblast,Icam1,Msn,0.520343643858677,0.597206042715883,0.181299994785183,0.0601245193425375,True,Attenuated by both,0.0601245193425375,Icam1 → Msn,0.5370815233733455,False,
Fibroblast -> Neutrophil,Col6a1,Itgb1,0.519634615230955,0.164563026140011,0.129075275370469,0.319852669335974,True,Attenuated by both,0.164563026140011,Col6a1 → Itgb1,-0.155289643195963,False,
Fibroblast -> Neutrophil,Col5a1,Itgb1,0.517718172384381,0.181700650367401,0.155636610805109,0.419430879872722,True,Attenuated by both,0.181700650367401,Col5a1 → Itgb1,-0.237730229505321,False,
Fibroblast -> Neutrophil,C3,Cr1l,0.515927814005335,0.389288103438481,0.0934916441575946,0.286194997495877,True,Attenuated by both,0.286194997495877,C3 → Cr1l,0.10309310594260401,False,
Neutrophil -> Fibroblast,Cd38,Pecam1,0.515677774691668,0.631991442504689,0.2713146318311,0.442416865057452,True,Attenuated by both,0.442416865057452,Cd38 → Pecam1,0.189574577447237,False,
Neutrophil -> Fibroblast,Vcam1,Itga4,0.515540986747635,0.486150198334917,0.406513618489733,0.476327689025243,True,Attenuated by both,0.476327689025243,Vcam1 → Itga4,0.009822509309674043,False,
Fibroblast -> Neutrophil,Col27a1,Itgb1,0.515430519683629,0.274736820444874,0.247350842028963,0.366827098068113,True,Attenuated by both,0.274736820444874,Col27a1 → Itgb1,-0.09209027762323896,False,
Fibroblast -> Neutrophil,Cd9,Kit,0.514044432755852,0.234831506322136,0.0897172740542641,0.192756819491323,True,Attenuated by both,0.192756819491323,Cd9 → Kit,0.042074686830813,False,
Fibroblast -> Neutrophil,Sirpa,Cd47,0.513588150711357,0.232180163265067,-0.341956577737404,0.203025021329256,False,Attenuated by both,,Sirpa → Cd47,0.02915514193581098,False,
Fibroblast -> Neutrophil,Mmp2,Pecam1,0.511836495191307,0.470169914849683,0.512834455759372,0.688751966080935,True,Attenuated by both,0.470169914849683,Mmp2 → Pecam1,-0.21858205123125202,False,
Fibroblast -> Neutrophil,Col1a2,Itgb1,0.510550656145245,0.176434594916858,0.272900872549953,0.36967761831865,True,Attenuated by both,0.176434594916858,Col1a2 → Itgb1,-0.19324302340179197,False,
Fibroblast -> Neutrophil,Lamb3,Itgb1,0.510169238247081,0.447366063109596,0.41361394185429,0.367998282099032,True,Attenuated by both,0.367998282099032,Lamb3 → Itgb1,0.07936778101056396,False,
Fibroblast -> Neutrophil,Psen1,Notch1,0.508819624027802,0.365564595808492,0.117294624202488,0.363336633593139,True,Attenuated by both,0.363336633593139,Psen1 → Notch1,0.0022279622153529854,False,
Neutrophil -> Fibroblast,Vcan,Cd44,0.503798165643387,0.418650705817993,0.476700531195814,0.581151775911199,True,Attenuated by both,0.418650705817993,Vcan → Cd44,-0.16250107009320602,False,
Neutrophil -> Fibroblast,Igfbp4,Lrp6,0.501597482611149,0.476576592261734,0.477443081941313,0.590617412926156,True,Attenuated by both,0.476576592261734,Igfbp4 → Lrp6,-0.114040820664422,False,
Neutrophil -> Fibroblast,Timp2,Cd44,0.501496444993504,0.572246262735868,0.347055762678679,0.35809679216072,True,Attenuated by both,0.35809679216072,Timp2 → Cd44,0.214149470575148,False,
Fibroblast -> Neutrophil,Cd22,Ptprc,0.501015619802216,0.593644206123662,0.351751587959417,0.170821397698618,True,Attenuated by both,0.170821397698618,Cd22 → Ptprc,0.42282280842504394,False,
Neutrophil -> Fibroblast,Il10,Il10rb,0.498954736841507,0.383907342967436,0.287143482847112,0.544153708892045,True,Attenuated by both,0.383907342967436,Il10 → Il10rb,-0.16024636592460895,False,
Fibroblast -> Neutrophil,Col6a2,Itgb1,0.497781571649732,0.152384898197255,0.0685119668076011,0.335918642758891,True,Attenuated by both,0.152384898197255,Col6a2 → Itgb1,-0.183533744561636,False,
Neutrophil -> Fibroblast,App,Ncstn,0.497742342101136,0.301936910620079,0.235961783597016,0.391015711849936,True,Attenuated by both,0.301936910620079,App → Ncstn,-0.08907880122985701,False,
Fibroblast -> Neutrophil,Vcam1,Itgb2,0.497321038690901,0.600563153566408,0.341215761322567,0.557147325099048,True,Attenuated by both,0.557147325099048,Vcam1 → Itgb2,0.04341582846736003,False,
Fibroblast -> Neutrophil,Lyz2,Itgal,0.497181883655577,0.375294530503285,0.20869125100268,-0.48895882966624,True,FAP ablation only,,Lyz2 → Itgal,0.864253360169525,False,
Fibroblast -> Neutrophil,Fn1,Itgb1,0.496159700725369,0.151708706093455,0.0618946821481035,0.331357589934486,True,Attenuated by both,0.151708706093455,Fn1 → Itgb1,-0.179648883841031,False,
Neutrophil -> Fibroblast,Adam17,Itga5,0.495304263724213,0.591321652117602,0.602772534526516,0.538158618886956,True,Attenuated by both,0.538158618886956,Adam17 → Itga5,0.05316303323064597,False,
Fibroblast -> Neutrophil,Col14a1,Itgb1,0.491777314684074,0.13562939814599,0.0664853524952735,0.430308793818915,True,Attenuated by both,0.13562939814599,Col14a1 → Itgb1,-0.294679395672925,False,
Fibroblast -> Neutrophil,Cd34,Sell,0.489048084720683,0.197017269018848,-0.169680416769273,0.224645760067427,False,Attenuated by both,,Cd34 → Sell,-0.027628491048579007,False,
Fibroblast -> Neutrophil,H2.Q7,Aplp2,0.4873925951517,0.555718695487604,0.308257206074999,0.358200645566942,True,Attenuated by both,0.358200645566942,H2.Q7 → Aplp2,0.19751804992066202,False,
Fibroblast -> Neutrophil,Col3a1,Itgb1,0.486869908157949,0.16583247557456,0.0991361914251381,0.318788965273457,True,Attenuated by both,0.16583247557456,Col3a1 → Itgb1,-0.15295648969889702,False,
Fibroblast -> Neutrophil,Tgfb1,Tgfbr2,0.484366846173634,0.551803678402567,0.571184112250083,0.286460010103001,True,Attenuated by both,0.286460010103001,Tgfb1 → Tgfbr2,0.26534366829956607,False,
Fibroblast -> Neutrophil,Fn1,Itgav,0.482380444388286,0.297909169956105,0.129659040360989,0.460465078439916,True,Attenuated by both,0.297909169956105,Fn1 → Itgav,-0.16255590848381102,False,
Fibroblast -> Neutrophil,Adam10,App,0.482353652855975,0.394198079219508,0.175394678473605,0.270785772431434,True,Attenuated by both,0.270785772431434,Adam10 → App,0.12341230678807402,False,
Fibroblast -> Neutrophil,Il33,Il1rap,0.481731456388422,0.548964331900874,0.403809500884243,0.478013358879872,True,Attenuated by both,0.478013358879872,Il33 → Il1rap,0.070950973021002,True,2.0
Fibroblast -> Neutrophil,Vcan,Cd44,0.480757769771326,0.440983318082906,0.239623322487246,0.353755187745422,True,Attenuated by both,0.353755187745422,Vcan → Cd44,0.087228130337484,False,
Neutrophil -> Fibroblast,B2m,Tap2,0.480637994833162,0.378109131590041,0.0091272281240268,0.444136801834199,True,Attenuated by both,0.378109131590041,B2m → Tap2,-0.06602767024415801,False,
Neutrophil -> Fibroblast,Adam9,Itgav,0.480028942025547,0.486161176610004,0.50650264990183,0.329743918305166,True,Attenuated by both,0.329743918305166,Adam9 → Itgav,0.15641725830483805,False,
Fibroblast -> Neutrophil,Spon2,Itgb1,0.478610597130673,0.17362153241207,0.112674871877989,0.481085396501499,True,Attenuated by both,0.17362153241207,Spon2 → Itgb1,-0.307463864089429,False,
Neutrophil -> Fibroblast,Col1a2,Itgb3,0.478473107575486,0.225475825790993,0.524358176496265,0.668586447169106,True,Attenuated by both,0.225475825790993,Col1a2 → Itgb3,-0.44311062137811297,False,
Neutrophil -> Fibroblast,Tgm2,Itgb1,0.477124364736342,0.357354665178577,0.121823084519488,0.228739745393018,True,Attenuated by both,0.228739745393018,Tgm2 → Itgb1,0.128614919785559,False,
Fibroblast -> Neutrophil,Col5a3,Cd93,0.476601132192602,0.28389068784478,0.248147731892773,0.382730107292052,True,Attenuated by both,0.28389068784478,Col5a3 → Cd93,-0.09883941944727198,False,
Fibroblast -> Neutrophil,Cd55,Cr1l,0.475829349716539,0.153546761952214,-0.265001066713612,0.137160403731261,False,Attenuated by both,,Cd55 → Cr1l,0.016386358220952996,False,
Fibroblast -> Neutrophil,Col5a2,Cd93,0.474924024377712,0.402889272322621,0.375095995650626,0.41391354859937,True,Attenuated by both,0.402889272322621,Col5a2 → Cd93,-0.011024276276749012,False,
Fibroblast -> Neutrophil,Lum,Itgb1,0.472146546810737,0.263979330652891,0.132207478998772,0.462350413662975,True,Attenuated by both,0.263979330652891,Lum → Itgb1,-0.19837108301008405,False,
Neutrophil -> Fibroblast,Col1a2,Cd44,0.47200701011756,0.306932035407237,0.648851386890901,0.663916756984072,True,Attenuated by both,0.306932035407237,Col1a2 → Cd44,-0.35698472157683503,False,
Neutrophil -> Fibroblast,Mif,Cd74,0.470068622221091,0.521552158114517,0.0552410905615428,0.0467608892838213,True,Attenuated by both,0.0467608892838213,Mif → Cd74,0.4747912688306958,False,
Neutrophil -> Fibroblast,Adam17,Itgb1,0.469185450309799,0.299261062074152,0.326909582345169,0.43121770604704,True,Attenuated by both,0.299261062074152,Adam17 → Itgb1,-0.13195664397288803,False,
Neutrophil -> Fibroblast,Grn,Tnfrsf1b,0.467896407315088,0.605294286191655,0.298542866724424,0.356181960403331,True,Attenuated by both,0.356181960403331,Grn → Tnfrsf1b,0.24911232578832404,False,
Fibroblast -> Neutrophil,Adam17,Notch1,0.467076105846031,0.456859671884299,0.246458350367652,0.346635158606283,True,Attenuated by both,0.346635158606283,Adam17 → Notch1,0.11022451327801597,False,
Neutrophil -> Fibroblast,Vcam1,Msn,0.463978091438793,0.337269639588897,0.258851393640702,0.343407799223224,True,Attenuated by both,0.337269639588897,Vcam1 → Msn,-0.006138159634327012,False,
Neutrophil -> Fibroblast,Col5a2,Ddr2,0.463254909999819,0.286428240425463,0.306801081127065,0.594065897960407,True,Attenuated by both,0.286428240425463,Col5a2 → Ddr2,-0.307637657534944,False,
Neutrophil -> Fibroblast,Lcn2,Fcgr2b,0.462793793135281,0.688947471647105,0.413902690249081,0.246226692076843,True,Attenuated by both,0.246226692076843,Lcn2 → Fcgr2b,0.442720779570262,False,
Fibroblast -> Neutrophil,Pecam1,Cd38,0.462702940133533,0.513419522687832,0.184081465228032,0.420886802144296,True,Attenuated by both,0.420886802144296,Pecam1 → Cd38,0.09253272054353595,False,
Neutrophil -> Fibroblast,Il15,Il15ra,0.461649811374195,0.427134099983089,0.238747109701762,-0.0032004900853357,True,FAP ablation only,,Il15 → Il15ra,0.43033459006842467,False,
Fibroblast -> Neutrophil,Col4a1,Itgb1,0.46141629161336,0.362995268848504,0.292335395391933,0.48662154771972,True,Attenuated by both,0.362995268848504,Col4a1 → Itgb1,-0.12362627887121597,False,
Fibroblast -> Neutrophil,Col5a1,Cd93,0.461166967730443,0.28573276608424,0.259246021885221,0.37744779212588,True,Attenuated by both,0.28573276608424,Col5a1 → Cd93,-0.09171502604164,False,
Fibroblast -> Neutrophil,Col4a5,Itgb1,0.461092064019077,0.0809979936587696,0.0714328097997382,0.392399103329397,True,Attenuated by both,0.0809979936587696,Col4a5 → Itgb1,-0.3114011096706274,False,
Neutrophil -> Fibroblast,S100a9,Alcam,0.460177025054489,0.495888981930064,0.2758509139228,0.418498408142961,True,Attenuated by both,0.418498408142961,S100a9 → Alcam,0.07739057378710296,True,16.0
Neutrophil -> Fibroblast,Tgfbi,Itga5,0.458999469210148,0.591651392281937,0.366301440146022,0.391403990443658,True,Attenuated by both,0.391403990443658,Tgfbi → Itga5,0.200247401838279,False,
Fibroblast -> Neutrophil,Mmp2,Itgav,0.457737806209591,0.44020775985084,0.379287922929568,0.553862669680179,True,Attenuated by both,0.44020775985084,Mmp2 → Itgav,-0.11365490982933907,False,
Fibroblast -> Neutrophil,Col1a2,Cd44,0.457442340379067,0.325933167656757,0.250836495959081,0.328084720160158,True,Attenuated by both,0.325933167656757,Col1a2 → Cd44,-0.0021515525034009886,False,
Fibroblast -> Neutrophil,Timp3,Adam17,0.456840065410412,0.206195023932114,0.186878070462508,0.365894184304238,True,Attenuated by both,0.206195023932114,Timp3 → Adam17,-0.15969916037212398,False,
Fibroblast -> Neutrophil,H2.Q6,Aplp2,0.454568558293294,0.541638353747428,0.400294660749788,0.288201812700463,True,Attenuated by both,0.288201812700463,H2.Q6 → Aplp2,0.25343654104696495,False,
Fibroblast -> Neutrophil,Col1a2,Cd93,0.453999451491307,0.280466710633697,0.376510283630065,0.383250086127363,True,Attenuated by both,0.280466710633697,Col1a2 → Cd93,-0.10278337549366601,False,
Fibroblast -> Neutrophil,Serpine1,Itgav,0.453759084950885,0.564433520783121,0.57941013788178,0.688630843057239,True,Attenuated by both,0.564433520783121,Serpine1 → Itgav,-0.12419732227411795,False,
Fibroblast -> Neutrophil,Adam9,Itgb1,0.452205793139372,0.285743617428465,0.283847412543187,0.469310599960697,True,Attenuated by both,0.285743617428465,Adam9 → Itgb1,-0.18356698253223203,False,
Fibroblast -> Neutrophil,Adam12,Itgb1,0.451415871173924,0.458198613961578,0.38958312575155,0.474845744654449,True,Attenuated by both,0.458198613961578,Adam12 → Itgb1,-0.016647130692870993,False,
Fibroblast -> Neutrophil,Tgfb1,Acvrl1,0.451388455244255,0.551087168355115,0.352314060041179,0.583168710117984,True,Attenuated by both,0.551087168355115,Tgfb1 → Acvrl1,-0.03208154176286904,False,
Fibroblast -> Neutrophil,Il1b,Il1r2,0.450742846578608,0.811648743534105,0.455620404979121,0.048593941270103,True,Attenuated by both,0.048593941270103,Il1b → Il1r2,0.763054802264002,True,1.0
Neutrophil -> Fibroblast,Fbln2,Itgb3,0.449693765924218,0.238330070832187,0.309330571203023,0.556449077661499,True,Attenuated by both,0.238330070832187,Fbln2 → Itgb3,-0.318119006829312,False,
Fibroblast -> Neutrophil,Tgfbi,Itga4,0.449662913415468,0.317602103637146,-0.0868990969692299,-0.21317948496606,False,FAP ablation only,,Tgfbi → Itga4,0.530781588603206,False,
Fibroblast -> Neutrophil,Pltp,Abca1,0.449094717082236,0.357266132434349,0.325041195879181,0.60323514455832,True,Attenuated by both,0.357266132434349,Pltp → Abca1,-0.24596901212397093,False,
Fibroblast -> Neutrophil,Sema6d,Tyrobp,0.448757047333795,0.198475173348624,0.0912468389923068,0.136223119206378,True,Attenuated by both,0.136223119206378,Sema6d → Tyrobp,0.062252054142245994,False,
Fibroblast -> Neutrophil,Col4a1,Itgav,0.447637035276277,0.509195732711154,0.360099753604818,0.61572903622515,True,Attenuated by both,0.509195732711154,Col4a1 → Itgav,-0.10653330351399593,False,
Fibroblast -> Neutrophil,Adam10,Cd44,0.447219052697622,0.392232670414477,0.111230709153018,0.202320433385149,True,Attenuated by both,0.202320433385149,Adam10 → Cd44,0.18991223702932802,False,
Fibroblast -> Neutrophil,Mfap2,Notch1,0.445134766145272,0.36852555982252,0.0560707883098659,0.400244917984611,True,Attenuated by both,0.36852555982252,Mfap2 → Notch1,-0.03171935816209098,False,
Fibroblast -> Neutrophil,Fn1,Cd44,0.443051384959191,0.301207278833355,0.0398303055572312,0.289764691775993,True,Attenuated by both,0.289764691775993,Fn1 → Cd44,0.011442587057362008,False,
Fibroblast -> Neutrophil,Col1a1,Itgb1,0.442872150715409,0.141402875384783,0.198545701526893,0.389295677284905,True,Attenuated by both,0.141402875384783,Col1a1 → Itgb1,-0.247892801900122,False,
Fibroblast -> Neutrophil,Col4a2,Itgb1,0.442181130179542,0.37192601614685,0.315393026225329,0.572335250941252,True,Attenuated by both,0.37192601614685,Col4a2 → Itgb1,-0.20040923479440204,False,
Fibroblast -> Neutrophil,Ccn1,Itgb1,0.441747540320307,0.058284011420731,0.118775734982614,0.558048938810936,True,Attenuated by both,0.058284011420731,Ccn1 → Itgb1,-0.49976492739020495,False,
Neutrophil -> Fibroblast,Adam15,Itgb3,0.441639351473773,0.465067269523621,0.394077037823352,0.604092469960576,True,Attenuated by both,0.465067269523621,Adam15 → Itgb3,-0.139025200436955,False,
Fibroblast -> Neutrophil,Nid1,Itgb1,0.441502355897686,0.107406615523397,0.0205220852757939,0.237242935830383,True,Attenuated by both,0.107406615523397,Nid1 → Itgb1,-0.129836320306986,False,
Neutrophil -> Fibroblast,Ceacam1,Egfr,-0.441038173524666,0.367589517626018,-0.338764414098051,-0.197312596402025,False,FAP ablation only,,Ceacam1 → Egfr,0.564902114028043,False,
Fibroblast -> Neutrophil,App,Fpr2,0.4394895561398,0.451824478299097,-0.0566886581906783,0.395316905212701,False,Attenuated by both,,App → Fpr2,0.05650757308639598,False,
Neutrophil -> Fibroblast,C3,Cd19,0.439090773110886,0.611565243354692,0.590972638054581,0.556461015702042,True,Attenuated by both,0.556461015702042,C3 → Cd19,0.055104227652649995,False,
Fibroblast -> Neutrophil,Col14a1,Cd44,0.438668998917895,0.285127970885889,0.0444209759044014,0.388715895660423,True,Attenuated by both,0.285127970885889,Col14a1 → Cd44,-0.10358792477453405,False,
Fibroblast -> Neutrophil,Adam9,Itgav,0.43842653680229,0.431944081291114,0.351611770756072,0.598418088466127,True,Attenuated by both,0.431944081291114,Adam9 → Itgav,-0.16647400717501298,False,
Fibroblast -> Neutrophil,B2m,Tap1,0.438375130615592,0.515335959328635,0.269025089254312,0.470349586880278,True,Attenuated by both,0.470349586880278,B2m → Tap1,0.04498637244835696,False,
Neutrophil -> Fibroblast,Cxcl1,Dpp4,0.438316364684496,0.344469876888696,0.281987533979301,0.35210700205531,True,Attenuated by both,0.344469876888696,Cxcl1 → Dpp4,-0.007637125166613967,False,
Fibroblast -> Neutrophil,H2.K1,Aplp2,0.437967568723546,0.454547807465406,0.278666080964981,0.233239817500877,True,Attenuated by both,0.233239817500877,H2.K1 → Aplp2,0.22130798996452902,False,
Neutrophil -> Fibroblast,Plau,Plaur,0.437008931782546,0.488048599839971,0.368574382312028,0.141359695013813,True,Attenuated by both,0.141359695013813,Plau → Plaur,0.346688904826158,False,
Fibroblast -> Neutrophil,Adam10,Notch1,0.436893109176904,0.384174494313848,-0.0192148745869865,0.137503335306421,False,Attenuated by both,,Adam10 → Notch1,0.24667115900742698,False,
Fibroblast -> Neutrophil,Ccl6,Fpr2,0.436856187511639,0.421884688735056,-0.22796753725972,-0.0258369301955701,False,FAP ablation only,,Ccl6 → Fpr2,0.4477216189306261,False,
Fibroblast -> Neutrophil,Cd72,Sema4d,0.435257934643332,0.58061035368259,0.53883976796986,0.34452261391056,True,Attenuated by both,0.34452261391056,Cd72 → Sema4d,0.23608773977202996,False,
Neutrophil -> Fibroblast,Psen1,Psen1,0.435217343382158,0.42998578606756,0.114578517086411,0.413194181471246,True,Attenuated by both,0.413194181471246,Psen1 → Psen1,0.016791604596314014,False,
Fibroblast -> Neutrophil,Ezr,Slc9a1,0.43372200115862,0.481072662362265,0.262560815758136,0.114471312680672,True,Attenuated by both,0.114471312680672,Ezr → Slc9a1,0.36660134968159297,False,
Neutrophil -> Fibroblast,Tgfbi,Itgb1,0.432880655795733,0.299590802238487,0.0904384879646752,0.284463077603742,True,Attenuated by both,0.284463077603742,Tgfbi → Itgb1,0.015127724634744988,False,
Fibroblast -> Neutrophil,Col4a5,Cd93,0.432318637142917,0.212807887153386,0.17504222087985,0.378193793360332,True,Attenuated by both,0.212807887153386,Col4a5 → Cd93,-0.165385906206946,False,
Neutrophil -> Fibroblast,Psen1,Notch2,0.43151946502225,0.433822660214875,0.151987669940414,0.381956428047582,True,Attenuated by both,0.381956428047582,Psen1 → Notch2,0.05186623216729297,False,
Fibroblast -> Neutrophil,Lamc1,Itgb1,0.431023530133906,0.138161318216082,0.0630279101945946,0.311367875801093,True,Attenuated by both,0.138161318216082,Lamc1 → Itgb1,-0.173206557585011,False,
Fibroblast -> Neutrophil,Fbn1,Itgb1,0.430116131815743,0.140229861161062,0.0457665191943695,0.347373764733052,True,Attenuated by both,0.140229861161062,Fbn1 → Itgb1,-0.20714390357198997,False,
Fibroblast -> Neutrophil,Col1a1,Itgav,0.429092894378327,0.287603339247432,0.266310059739779,0.518403165790335,True,Attenuated by both,0.287603339247432,Col1a1 → Itgav,-0.23079982654290299,False,
Neutrophil -> Fibroblast,Icam1,Ezr,0.428628879946057,0.668332871654432,0.129168340112697,0.112813187277633,True,Attenuated by both,0.112813187277633,Icam1 → Ezr,0.555519684376799,False,
Fibroblast -> Neutrophil,Ccn1,Itgav,0.427968283983224,0.204484475283381,0.1865400931955,0.631600871760811,True,Attenuated by both,0.204484475283381,Ccn1 → Itgav,-0.42711639647743005,False,
Fibroblast -> Neutrophil,Igf1,Itgav,0.42795527727651,0.276220505360161,0.219819508713156,0.441801588329337,True,Attenuated by both,0.276220505360161,Igf1 → Itgav,-0.165581082969176,False,
Fibroblast -> Neutrophil,Nid1,Itgav,0.427723099560603,0.253607079386047,0.0882864434886792,0.366350424335814,True,Attenuated by both,0.253607079386047,Nid1 → Itgav,-0.11274334494976701,False,
Fibroblast -> Neutrophil,C3,Itgb2,0.426682403079326,0.517669545589937,0.245901817477975,0.498847048353477,True,Attenuated by both,0.498847048353477,C3 → Itgb2,0.018822497236460067,False,
Neutrophil -> Fibroblast,Adam10,Cd44,0.422520215613372,0.31578819491578,0.0836022616352661,-0.0030785550441678,True,FAP ablation only,,Adam10 → Cd44,0.3188667499599478,False,
Neutrophil -> Fibroblast,Adam10,Tspan14,0.421969112963374,0.247903471138463,-0.0674578760133408,0.0405625417369628,False,Attenuated by both,,Adam10 → Tspan14,0.2073409294015002,False,
Neutrophil -> Fibroblast,Col4a2,Itgb3,0.421807592839498,0.337661382206814,0.392866427074994,0.568805516857969,True,Attenuated by both,0.337661382206814,Col4a2 → Itgb3,-0.23114413465115496,False,
Neutrophil -> Fibroblast,Col1a1,Cd44,0.421604310951016,0.351780942829007,0.680447201898931,0.696935589723651,True,Attenuated by both,0.351780942829007,Col1a1 → Cd44,-0.345154646894644,False,
Neutrophil -> Fibroblast,Furin,Adam19,0.420600956036316,0.243263137010996,0.0302582191556946,0.489732915585117,True,Attenuated by both,0.243263137010996,Furin → Adam19,-0.246469778574121,False,
Fibroblast -> Neutrophil,Vcam1,Itga4,0.419728259293177,0.523105921155016,0.0154639314843923,0.186155097470302,True,Attenuated by both,0.186155097470302,Vcam1 → Itga4,0.33695082368471396,False,
Fibroblast -> Neutrophil,Col4a5,Itgav,0.419535029904217,0.199420679743641,0.111419390234846,0.438173258501494,True,Attenuated by both,0.199420679743641,Col4a5 → Itgav,-0.23875257875785302,False,
Fibroblast -> Neutrophil,Cd55,Adgre5,0.418987175000255,0.216898439101061,-0.134490949335096,0.278762629140372,False,Attenuated by both,,Cd55 → Adgre5,-0.061864190039310984,False,
Fibroblast -> Neutrophil,C3,Itgam,0.418087736042876,0.474553892922501,0.208045391826118,0.531151773467449,True,Attenuated by both,0.474553892922501,C3 → Itgam,-0.05659788054494802,False,
Fibroblast -> Neutrophil,Lamc1,Itgav,0.417244273796824,0.284361782078731,0.13079226840748,0.440475364306523,True,Attenuated by both,0.284361782078731,Lamc1 → Itgav,-0.15611358222779204,False,
Fibroblast -> Neutrophil,Mfge8,Itgav,0.416398269875508,0.303193814953537,0.205609219802285,0.545203353736032,True,Attenuated by both,0.303193814953537,Mfge8 → Itgav,-0.24200953878249504,False,
Fibroblast -> Neutrophil,Fbn1,Itgav,0.41633687547866,0.286430325023712,0.113530877407255,0.476481253238482,True,Attenuated by both,0.286430325023712,Fbn1 → Itgav,-0.19005092821477,False,
Neutrophil -> Fibroblast,Psen1,Ncstn,0.415684491449541,0.272312146766135,0.0180076586834484,0.306305292582357,True,Attenuated by both,0.272312146766135,Psen1 → Ncstn,-0.03399314581622198,False,
Fibroblast -> Neutrophil,Has2,Ezr,0.415383847134035,0.46882364460103,0.402954269774326,0.500401674410926,True,Attenuated by both,0.46882364460103,Has2 → Ezr,-0.03157802980989599,False,
Fibroblast -> Neutrophil,Copa,Cd74,0.414742797657843,0.230325792504103,0.130395294799383,0.446525082284164,True,Attenuated by both,0.230325792504103,Copa → Cd74,-0.21619928978006098,False,
Fibroblast -> Neutrophil,Csf1,Csf2ra,0.414560071600777,0.478696466019805,0.234611036116501,0.44099022567441,True,Attenuated by both,0.44099022567441,Csf1 → Csf2ra,0.03770624034539499,False,
Fibroblast -> Neutrophil,H2.Q4,Aplp2,0.414476527850495,0.461560687696555,0.330213111310441,0.396716051729407,True,Attenuated by both,0.396716051729407,H2.Q4 → Aplp2,0.06484463596714801,False,
Neutrophil -> Fibroblast,Lamb3,Itgb1,0.412901702969676,0.399324866787695,-0.0032403460962127,0.365656784027522,False,Attenuated by both,,Lamb3 → Itgb1,0.033668082760173024,False,
Fibroblast -> Neutrophil,Bgn,Tlr1,0.412474211637669,0.445496097739029,0.391904161737233,0.487965684861929,True,Attenuated by both,0.445496097739029,Bgn → Tlr1,-0.0424695871229,False,
Neutrophil -> Fibroblast,Cd55,Adgre5,0.411756169004321,0.374256811740852,0.188951711096707,0.226399567705757,True,Attenuated by both,0.226399567705757,Cd55 → Adgre5,0.147857244035095,False,
Fibroblast -> Neutrophil,C3,Lrp1,0.410865955732799,0.416849183867157,0.214854951589181,0.611332211367965,True,Attenuated by both,0.416849183867157,C3 → Lrp1,-0.19448302750080798,False,
Fibroblast -> Neutrophil,Gpc3,Igf1r,0.410661630282178,0.210457585939618,0.0335817078057732,0.397764921180511,True,Attenuated by both,0.210457585939618,Gpc3 → Igf1r,-0.187307335240893,False,
Fibroblast -> Neutrophil,Igf1,Igf1r,0.407562612674545,0.241225899352715,0.175439588857912,0.328434795085578,True,Attenuated by both,0.241225899352715,Igf1 → Igf1r,-0.087208895732863,False,
Fibroblast -> Neutrophil,Lamb2,Itgb1,0.407502734268904,0.141606084588585,0.154084073042747,0.496196022921686,True,Attenuated by both,0.141606084588585,Lamb2 → Itgb1,-0.35458993833310104,False,
Fibroblast -> Neutrophil,Rtn4,S1pr2,0.40710891308495,0.275925656966248,0.214188244630558,0.150973352233826,True,Attenuated by both,0.150973352233826,Rtn4 → S1pr2,0.124952304732422,False,
Neutrophil -> Fibroblast,Col5a2,Itga2,0.40682144732693,0.351703980460976,0.260564971004866,0.495267879972774,True,Attenuated by both,0.351703980460976,Col5a2 → Itga2,-0.143563899511798,False,
Neutrophil -> Fibroblast,Col1a1,Itgav,0.406551679233331,0.319806190857021,0.615458497096785,0.740289698704414,True,Attenuated by both,0.319806190857021,Col1a1 → Itgav,-0.42048350784739297,False,
Fibroblast -> Neutrophil,Cd79b,Cd244a,0.405436156393158,0.616429677064573,0.225356352413307,-0.0432327241971998,True,FAP ablation only,,Cd79b → Cd244a,0.6596624012617728,False,
Fibroblast -> Neutrophil,Col4a1,Cd93,0.404865086959421,0.467027384565343,0.395944806472045,0.444638459972877,True,Attenuated by both,0.444638459972877,Col4a1 → Cd93,0.022388924592465997,False,
Neutrophil -> Fibroblast,Ebi3,Il6st,0.404817717249532,0.465015856489295,0.3050700043605,0.345954306948588,True,Attenuated by both,0.345954306948588,Ebi3 → Il6st,0.11906154954070702,False,
Fibroblast -> Neutrophil,Tgm2,Itgb1,0.404605521614385,0.128490522469389,0.138760705694643,0.423127565737045,True,Attenuated by both,0.128490522469389,Tgm2 → Itgb1,-0.29463704326765605,False,
Neutrophil -> Fibroblast,Col5a2,Itgb1,0.4043464733222,0.19679159724594,0.319974479161855,0.621904706391424,True,Attenuated by both,0.19679159724594,Col5a2 → Itgb1,-0.42511310914548406,False,
Fibroblast -> Neutrophil,Tgfb1,Tgfbr1,0.4043009619343,0.401529146904834,0.278857390953826,-0.0319374416433241,True,FAP ablation only,,Tgfb1 → Tgfbr1,0.4334665885481581,False,
Neutrophil -> Fibroblast,Thbs1,Itgb1,0.40351710063692,0.421089847176927,0.297090824075718,0.562330900191569,True,Attenuated by both,0.421089847176927,Thbs1 → Itgb1,-0.14124105301464196,False,
Neutrophil -> Fibroblast,Plau,Igf2r,0.40308593770905,0.205485682850002,0.0097066565389988,0.0903338624069831,True,Attenuated by both,0.0903338624069831,Plau → Igf2r,0.11515182044301889,False,
Fibroblast -> Neutrophil,Timp3,Cd44,0.402769070424928,0.285269971521212,0.0570542945533621,0.28221892637285,True,Attenuated by both,0.28221892637285,Timp3 → Cd44,0.003051045148361964,False,
Fibroblast -> Neutrophil,Adgre5,Cd55,0.402521601439114,0.334143436354864,0.0740762197430909,0.116798486326755,True,Attenuated by both,0.116798486326755,Adgre5 → Cd55,0.217344950028109,False,
Neutrophil -> Fibroblast,Hp,Cd22,0.402517225980794,0.580627310734506,0.307193113223038,0.182061791931271,True,Attenuated by both,0.182061791931271,Hp → Cd22,0.398565518803235,False,
Fibroblast -> Neutrophil,Sema6d,Plxnc1,0.401745962614872,0.317684193218505,-0.0363814435102329,-0.0215695086073622,False,FAP ablation only,,Sema6d → Plxnc1,0.33925370182586717,False,
Neutrophil -> Fibroblast,Lamb3,Itga2,0.401487788085518,0.498681694447175,-0.118205409808757,0.294575513164427,False,Attenuated by both,,Lamb3 → Itga2,0.204106181282748,False,
Neutrophil -> Fibroblast,C3,Cr2,0.401071087564882,0.588256574757468,0.528146703995192,0.271823816815299,True,Attenuated by both,0.271823816815299,C3 → Cr2,0.31643275794216896,False,
Neutrophil -> Fibroblast,Col3a1,Ddr2,0.399898906265681,0.251133229181289,0.348175731719941,0.690859354510721,True,Attenuated by both,0.251133229181289,Col3a1 → Ddr2,-0.439726125329432,False,
Neutrophil -> Fibroblast,Timp2,Mmp2,0.398943712125247,0.450683749808244,0.20420972503649,0.383586107140374,True,Attenuated by both,0.383586107140374,Timp2 → Mmp2,0.06709764266787,False,
Fibroblast -> Neutrophil,Adam17,Il6ra,0.398712168999511,0.235052437647632,0.0494460273752714,0.187150439624086,True,Attenuated by both,0.187150439624086,Adam17 → Il6ra,0.047901998023546,False,
Fibroblast -> Neutrophil,B2m,Tap2,0.398390965928339,0.495485330397818,0.384354302848896,0.348806150980806,True,Attenuated by both,0.348806150980806,B2m → Tap2,0.14667917941701203,False,
Fibroblast -> Neutrophil,Has2,Cd44,0.398360885930551,0.391452051309625,0.270945970485494,0.484114927918342,True,Attenuated by both,0.391452051309625,Has2 → Cd44,-0.09266287660871697,False,
Fibroblast -> Neutrophil,Sdc2,Ptprj,0.396999441201902,0.31229916324228,0.040946445713597,0.681332220862974,True,Attenuated by both,0.31229916324228,Sdc2 → Ptprj,-0.36903305762069394,False,
Fibroblast -> Neutrophil,Bmp1,Bmpr2,0.396867592345349,0.220638688529379,0.112022966794004,0.211926966691303,True,Attenuated by both,0.211926966691303,Bmp1 → Bmpr2,0.008711721838076003,False,
Neutrophil -> Fibroblast,Tgm2,Sdc4,0.39596036389441,0.564348756659176,0.287905568649631,0.267569547121822,True,Attenuated by both,0.267569547121822,Tgm2 → Sdc4,0.29677920953735404,False,
Fibroblast -> Neutrophil,Tgfb2,Acvr1b,0.394153117143982,0.224207728165104,0.134754553036912,0.65025748382622,True,Attenuated by both,0.224207728165104,Tgfb2 → Acvr1b,-0.4260497556611159,False,
Fibroblast -> Neutrophil,Hsp90b1,Lrp1,0.394044705761969,0.279809649571459,0.0344266974224147,0.434278780577871,True,Attenuated by both,0.279809649571459,Hsp90b1 → Lrp1,-0.15446913100641202,False,
Neutrophil -> Fibroblast,Il16,Cd9,0.394001514549385,0.241508396713161,0.124941793349023,0.274905812725752,True,Attenuated by both,0.241508396713161,Il16 → Cd9,-0.033397416012591,False,
Neutrophil -> Fibroblast,Ggt1,Cd53,0.393646318388442,0.557602045800215,0.46431062288342,0.456216987137234,True,Attenuated by both,0.456216987137234,Ggt1 → Cd53,0.10138505866298098,False,
Fibroblast -> Neutrophil,Tgfb2,Tgfbr2,0.393570332387037,0.239637754949401,0.358624923102458,0.531035780187837,True,Attenuated by both,0.239637754949401,Tgfb2 → Tgfbr2,-0.29139802523843605,False,
Fibroblast -> Neutrophil,Icam1,Msn,0.391900213571903,0.551102109941748,0.489658334909264,0.596270588741203,True,Attenuated by both,0.551102109941748,Icam1 → Msn,-0.04516847879945496,False,
Fibroblast -> Neutrophil,Vcam1,Itgb2l,0.391079592222482,0.523282340345769,0.128647156607249,0.645171533287671,True,Attenuated by both,0.523282340345769,Vcam1 → Itgb2l,-0.12188919294190192,False,
Neutrophil -> Fibroblast,Furin,Adamts1,0.390838095105389,0.493091535239187,0.530404075699077,0.592177360029561,True,Attenuated by both,0.493091535239187,Furin → Adamts1,-0.09908582479037403,False,
Fibroblast -> Neutrophil,Lgals1,Itgb1,0.390780656391611,0.162161979087452,0.133436449093037,0.322965318038838,True,Attenuated by both,0.162161979087452,Lgals1 → Itgb1,-0.160803338951386,False,
Fibroblast -> Neutrophil,App,Sorl1,0.390235135448324,0.318766302198468,-0.200434190383202,0.135771994383207,False,Attenuated by both,,App → Sorl1,0.18299430781526102,False,
Fibroblast -> Neutrophil,Icam1,Itgal,0.389981379273464,0.385857853591908,0.339246749455421,0.302475321484876,True,Attenuated by both,0.302475321484876,Icam1 → Itgal,0.083382532107032,False,
Fibroblast -> Neutrophil,Col1a1,Cd44,0.389763834949231,0.290901448124682,0.176481324936021,0.347702779126412,True,Attenuated by both,0.290901448124682,Col1a1 → Cd44,-0.056801331001730015,False,
Neutrophil -> Fibroblast,Mif,Cd44,0.389713697776513,0.404860906442015,0.0125968880732114,0.233794587186026,True,Attenuated by both,0.233794587186026,Mif → Cd44,0.171066319255989,False,
Neutrophil -> Fibroblast,Gpi1,Amfr,0.389157647257177,0.321665714648752,-0.142179060334671,0.330173352980107,False,Attenuated by both,,Gpi1 → Amfr,-0.008507638331355039,False,
Neutrophil -> Fibroblast,Cd44,Has2,0.388106646924862,0.395042308792023,0.290014691988972,0.506638377061504,True,Attenuated by both,0.395042308792023,Cd44 → Has2,-0.11159606826948104,False,
Neutrophil -> Fibroblast,Csf1,Sirpa,0.387850679255346,0.0879569363905667,-0.12666903976013,0.074357550977533,False,Attenuated by both,,Csf1 → Sirpa,0.01359938541303371,False,
Neutrophil -> Fibroblast,Il6,Il6st,0.38708751004318,0.401295815714989,0.450592344953004,0.611209064996441,True,Attenuated by both,0.401295815714989,Il6 → Il6st,-0.209913249281452,False,
Fibroblast -> Neutrophil,H2.D1,Aplp2,0.386784316281199,0.425829406054578,0.300449600574928,0.207120280001071,True,Attenuated by both,0.207120280001071,H2.D1 → Aplp2,0.21870912605350698,False,
Neutrophil -> Fibroblast,Mmp9,Cd44,0.386441933793641,0.438968024926101,0.164937003049187,0.257406592963154,True,Attenuated by both,0.257406592963154,Mmp9 → Cd44,0.181561431962947,False,
Fibroblast -> Neutrophil,Col1a1,Cd93,0.386320946061471,0.245434991101622,0.302155112607005,0.402868145093617,True,Attenuated by both,0.245434991101622,Col1a1 → Cd93,-0.157433153991995,False,
Neutrophil -> Fibroblast,Adgre5,Cd55,0.38630747938161,0.153335018792988,-0.18949499678782,0.209119768020251,False,Attenuated by both,,Adgre5 → Cd55,-0.05578474922726301,False,
Fibroblast -> Neutrophil,Timp1,Cd63,-0.386279680365316,0.613978492130519,0.291807741673058,0.244790408429057,False,Attenuated by both,,Timp1 → Cd63,0.36918808370146206,False,
Fibroblast -> Neutrophil,Ccn1,Tlr4,0.385967015528,0.180103076823105,-0.0941725654071267,0.431186179974462,False,Attenuated by both,,Ccn1 → Tlr4,-0.251083103151357,False,
Fibroblast -> Neutrophil,Col4a2,Cd93,0.385629925525604,0.475958131863689,0.41900243730544,0.530352163194409,True,Attenuated by both,0.475958131863689,Col4a2 → Cd93,-0.054394031330720016,False,
Fibroblast -> Neutrophil,Spon2,Itgb2,0.38481849619726,0.316150394263594,0.0031522448840059,0.448246797338431,True,Attenuated by both,0.316150394263594,Spon2 → Itgb2,-0.132096403074837,False,
Neutrophil -> Fibroblast,Ctsd,App,0.383082081849241,0.297139592269644,0.175149519626013,0.424882581662194,True,Attenuated by both,0.297139592269644,Ctsd → App,-0.12774298939255002,False,
Fibroblast -> Neutrophil,Cxcl5,Cxcr2,0.382841722535059,0.704248497541751,0.458239544876064,0.340533772356705,True,Attenuated by both,0.340533772356705,Cxcl5 → Cxcr2,0.363714725185046,True,5.0
Fibroblast -> Neutrophil,Lama4,Itgb1,0.379508986441751,0.0848329182801912,0.0268126518961509,0.363010128781223,True,Attenuated by both,0.0848329182801912,Lama4 → Itgb1,-0.27817721050103184,False,
Fibroblast -> Neutrophil,Icam1,Ezr,0.378836080555276,0.633583766126234,0.673876353027194,0.532125598944272,True,Attenuated by both,0.532125598944272,Icam1 → Ezr,0.10145816718196199,False,
Fibroblast -> Neutrophil,Angptl2,Itgb1,0.377714637893112,-0.0062503993205094,-0.0887437458957977,0.226254545283333,False,α5β1 blockade only,,Angptl2 → Itgb1,-0.23250494460384238,False,
Fibroblast -> Neutrophil,Col4a5,Cd47,0.376938575735975,0.219508924682587,-0.18338846959006,0.307830302567599,False,Attenuated by both,,Col4a5 → Cd47,-0.08832137788501201,False,
Fibroblast -> Neutrophil,Spon2,Itgam,0.37622382916081,0.273034741596158,-0.0347041807678508,0.480551522452403,False,Attenuated by both,,Spon2 → Itgam,-0.20751678085624503,False,
Fibroblast -> Neutrophil,Cxcl12,Cxcr4,0.376213462790377,0.513518489697058,0.246817563833554,0.427633129194663,True,Attenuated by both,0.427633129194663,Cxcl12 → Cxcr4,0.08588536050239504,False,
Fibroblast -> Neutrophil,Il1b,Adrb2,0.376201697828945,0.588935801659608,0.253907900249514,-0.0890957646504667,True,FAP ablation only,,Il1b → Adrb2,0.6780315663100747,False,
Neutrophil -> Fibroblast,Nampt,Itga5,0.375006078274924,0.651107799475409,0.301274530694422,0.709198547447522,True,Attenuated by both,0.651107799475409,Nampt → Itga5,-0.058090747972113,True,13.0
Neutrophil -> Fibroblast,Lgals1,Ptprc,0.372435445800138,0.47503193505477,0.512002351702323,0.460453907932279,True,Attenuated by both,0.460453907932279,Lgals1 → Ptprc,0.014578027122490955,False,
Fibroblast -> Neutrophil,Calr,Itgav,0.3724313751142,0.333496133450059,0.290264557546616,0.338666709728228,True,Attenuated by both,0.333496133450059,Calr → Itgav,-0.00517057627816897,False,
Neutrophil -> Fibroblast,Vcam1,Ezr,0.372263327526172,0.408396468527446,0.206719738968216,0.340540911602764,True,Attenuated by both,0.340540911602764,Vcam1 → Ezr,0.06785555692468198,False,
Fibroblast -> Neutrophil,Csf1,Csf3r,0.3710140963617,0.474207222922802,0.346538659932484,0.4874644478947,True,Attenuated by both,0.474207222922802,Csf1 → Csf3r,-0.013257224971898018,False,
Neutrophil -> Fibroblast,Col1a1,Itga9,0.370638597222625,-0.0195244860377542,0.314968328082636,0.500885584413977,True,α5β1 blockade only,,Col1a1 → Itga9,-0.5204100704517313,False,
Neutrophil -> Fibroblast,Adam10,Notch2,0.368598611254313,0.242678109245252,0.014406438960052,0.102131159494979,True,Attenuated by both,0.102131159494979,Adam10 → Notch2,0.140546949750273,False,
Neutrophil -> Fibroblast,Mmp9,Ifnar1,0.367677900355394,0.329296433629687,0.087249260514454,0.145690925174111,True,Attenuated by both,0.145690925174111,Mmp9 → Ifnar1,0.18360550845557602,False,
Neutrophil -> Fibroblast,Sirpa,Chl1,0.36750349286948,0.662980730239005,0.34119159865398,0.362561986565787,True,Attenuated by both,0.362561986565787,Sirpa → Chl1,0.30041874367321797,False,
Fibroblast -> Neutrophil,Lama4,Itgav,0.365729730104668,0.231033382142841,0.094577010109036,0.492117617286653,True,Attenuated by both,0.231033382142841,Lama4 → Itgav,-0.26108423514381196,False,
Fibroblast -> Neutrophil,Lamb1,Itgb1,0.364564790438737,0.21138857127853,0.0943827119575513,0.36130616505312,True,Attenuated by both,0.21138857127853,Lamb1 → Itgb1,-0.14991759377459002,False,
Fibroblast -> Neutrophil,Col15a1,Itgb1,0.364438074566469,0.124526190336333,-0.0107310893039686,0.374786813445841,False,Attenuated by both,,Col15a1 → Itgb1,-0.25026062310950803,False,
Neutrophil -> Fibroblast,Pam,Dpp4,0.363419616751471,0.270940755363219,-0.107774200021148,0.0825843540740636,False,Attenuated by both,,Pam → Dpp4,0.18835640128915537,False,
Fibroblast -> Neutrophil,Thbs1,Itgb1,0.362685996136294,0.388539994125519,0.472946283759086,0.422556448374867,True,Attenuated by both,0.388539994125519,Thbs1 → Itgb1,-0.034016454249348016,False,
Fibroblast -> Neutrophil,Vcan,Itga4,0.362481205206368,0.356556374783138,-0.173586757754039,-0.0084827408878989,False,FAP ablation only,,Vcan → Itga4,0.3650391156710369,False,
Fibroblast -> Neutrophil,App,Ncstn,0.36205609700198,0.199400474106225,0.0009952245364993,0.29135446747067,True,Attenuated by both,0.199400474106225,App → Ncstn,-0.09195399336444501,False,
Neutrophil -> Fibroblast,H2.Q4,Aplp2,0.361208114725314,0.389277612990959,0.167128993513695,0.289904153469399,True,Attenuated by both,0.289904153469399,H2.Q4 → Aplp2,0.09937345952155996,False,
Neutrophil -> Fibroblast,Sparc,Fgfr1,0.36087853028502,0.446781794847247,0.488722891458036,0.599592946433274,True,Attenuated by both,0.446781794847247,Sparc → Fgfr1,-0.15281115158602698,False,
Fibroblast -> Neutrophil,Clmp,Jaml,0.360780880511609,0.230259673953954,0.0259012159679549,0.12963148808587,True,Attenuated by both,0.12963148808587,Clmp → Jaml,0.100628185868084,False,
Neutrophil -> Fibroblast,Furin,Lrp1,0.36052491671913,0.432126955267613,0.359300559294671,0.497351739736518,True,Attenuated by both,0.432126955267613,Furin → Lrp1,-0.06522478446890495,False,
Fibroblast -> Neutrophil,C3,Gm49368,0.360133466253984,0.504985168427999,0.164069460709961,0.373619461769278,True,Attenuated by both,0.373619461769278,C3 → Gm49368,0.131365706658721,False,
Neutrophil -> Fibroblast,Inhba,Acvr2a,0.359906582286658,0.112054576283341,-0.24341680896712,0.323687831571448,False,Attenuated by both,,Inhba → Acvr2a,-0.21163325528810698,False,
Fibroblast -> Neutrophil,C3,Itgax,0.358866744794115,0.465021856059026,0.0690919454149934,0.134299410270187,True,Attenuated by both,0.134299410270187,C3 → Itgax,0.330722445788839,False,
Fibroblast -> Neutrophil,Serpine1,Lrp1,0.357929793008028,0.459941557049216,0.371076286786118,0.639169918403228,True,Attenuated by both,0.459941557049216,Serpine1 → Lrp1,-0.179228361354012,False,
Fibroblast -> Neutrophil,Fbln1,Itgb1,0.357925559879375,0.135428986523564,0.172036999742519,0.411379746597135,True,Attenuated by both,0.135428986523564,Fbln1 → Itgb1,-0.275950760073571,False,
Fibroblast -> Neutrophil,Ccl2,Ccr1,0.35782756719271,0.528572995267907,0.4881966218417,0.650290165642371,True,Attenuated by both,0.528572995267907,Ccl2 → Ccr1,-0.12171717037446395,False,
Fibroblast -> Neutrophil,Lin7c,Abca1,0.356682978369449,0.289226992402942,0.0774467114880514,0.330831174359719,True,Attenuated by both,0.289226992402942,Lin7c → Abca1,-0.04160418195677701,False,
Neutrophil -> Fibroblast,Itga4,Vcam1,0.354064310034113,0.477770029130882,0.0114546834327935,0.213991688325113,True,Attenuated by both,0.213991688325113,Itga4 → Vcam1,0.263778340805769,False,
Fibroblast -> Neutrophil,Tspan5,Tspan13,0.35356761882105,0.315865437832345,0.361988590043942,0.209039371720466,True,Attenuated by both,0.209039371720466,Tspan5 → Tspan13,0.106826066111879,False,
Neutrophil -> Fibroblast,B2m,Tap1,0.353350561626307,0.490026824158506,0.17735542439306,0.278535730588756,True,Attenuated by both,0.278535730588756,B2m → Tap1,0.21149109356975,False,
Fibroblast -> Neutrophil,Penk,Grm7,-0.352961415024567,0.376600692237944,0.234500004297718,0.577185773161831,False,Attenuated by both,,Penk → Grm7,-0.20058508092388694,False,
Fibroblast -> Neutrophil,Lamb1,Itgav,0.350785534101655,0.35758903514118,0.162147070170437,0.49041365355855,True,Attenuated by both,0.35758903514118,Lamb1 → Itgav,-0.13282461841736998,False,
Fibroblast -> Neutrophil,Angptl2,Tlr4,0.349711890878583,0.143346443859642,-0.273914268507761,0.127169564224636,False,Attenuated by both,,Angptl2 → Tlr4,0.016176879635005997,False,
Fibroblast -> Neutrophil,Chl1,Sirpa,0.349489579185139,0.545500685485515,0.271766105400262,0.309845829916844,True,Attenuated by both,0.309845829916844,Chl1 → Sirpa,0.235654855568671,False,
Neutrophil -> Fibroblast,Nampt,Itgb1,0.34888726486051,0.359047209431958,0.0254115785130746,0.602257634607607,True,Attenuated by both,0.359047209431958,Nampt → Itgb1,-0.24321042517564895,False,
Fibroblast -> Neutrophil,Calr,Tap1,0.348112872560269,0.341511223459385,-0.015594255089703,0.252969897162373,False,Attenuated by both,,Calr → Tap1,0.088541326297012,False,
Fibroblast -> Neutrophil,Ccn1,Itgb2,0.347955439386894,0.200812873272255,0.0092531079886317,0.525210339647868,True,Attenuated by both,0.200812873272255,Ccn1 → Itgb2,-0.324397466375613,False,
Fibroblast -> Neutrophil,Serpinf1,Lrp6,0.347798584639802,0.244275880068062,0.126795465385521,0.193226803162321,True,Attenuated by both,0.193226803162321,Serpinf1 → Lrp6,0.05104907690574101,False,
Neutrophil -> Fibroblast,H2.Q6,Aplp2,0.347606300719199,0.272529318302366,0.0517755239412819,0.39773016398579,True,Attenuated by both,0.272529318302366,H2.Q6 → Aplp2,-0.125200845683424,False,
Neutrophil -> Fibroblast,Vcan,Itgb1,0.346805202637278,0.154282260581503,0.214352182473883,0.598547219922984,True,Attenuated by both,0.154282260581503,Vcan → Itgb1,-0.444264959341481,False,
Fibroblast -> Neutrophil,Vcan,Tlr2,0.346645720573687,0.483305121017917,0.23336566374053,0.421251606921443,True,Attenuated by both,0.421251606921443,Vcan → Tlr2,0.06205351409647403,False,
Fibroblast -> Neutrophil,Igf1,Insr,0.346461259580151,0.240406979017285,-0.252807035087173,0.121565271661457,False,Attenuated by both,,Igf1 → Insr,0.118841707355828,False,
Neutrophil -> Fibroblast,Cxcl10,Sdc4,0.34633080747073,0.602918572864391,0.055597697746237,0.518184047332728,True,Attenuated by both,0.518184047332728,Cxcl10 → Sdc4,0.08473452553166294,False,
Fibroblast -> Neutrophil,Igf1,Trpv2,0.346048793647085,0.224814735830703,-0.0155770926709737,0.209076795468721,False,Attenuated by both,,Igf1 → Trpv2,0.015737940361982006,False,
Fibroblast -> Neutrophil,Vcan,Selp,0.345301719170836,0.35290024680408,0.151955262898186,0.282593883021407,True,Attenuated by both,0.282593883021407,Vcan → Selp,0.07030636378267302,False,
Fibroblast -> Neutrophil,Lgals3bp,Itgb1,0.344557283100664,0.232000677438877,0.231891483500149,0.41865556709068,True,Attenuated by both,0.232000677438877,Lgals3bp → Itgb1,-0.18665488965180302,False,
Neutrophil -> Fibroblast,Timp2,Itgb1,0.344503481987395,0.307877817499378,0.0847074139567481,0.375492236172504,True,Attenuated by both,0.307877817499378,Timp2 → Itgb1,-0.06761441867312601,False,
Fibroblast -> Neutrophil,Tnxb,Itgb1,0.344293619133687,0.151855437576006,0.12332142373873,0.585734982492635,True,Attenuated by both,0.151855437576006,Tnxb → Itgb1,-0.433879544916629,False,
Fibroblast -> Neutrophil,Mmp14,Cd44,0.344111652608786,0.482181645126835,0.305461381036185,0.374268219868626,True,Attenuated by both,0.374268219868626,Mmp14 → Cd44,0.10791342525820896,False,
Fibroblast -> Neutrophil,Ccl6,Ccr1,0.343745208726952,0.354314637305723,-0.224394789948212,-0.0744935564255155,False,FAP ablation only,,Ccl6 → Ccr1,0.42880819373123846,False,
Fibroblast -> Neutrophil,Tgfbi,Itga5,0.343548266572496,0.382804631553444,0.441651969550593,0.1563145975316,True,Attenuated by both,0.1563145975316,Tgfbi → Itga5,0.226490034021844,False,
Fibroblast -> Neutrophil,Copa,Sort1,0.343517198172156,0.144647209470938,-0.0517730917226279,0.118131462277365,False,Attenuated by both,,Copa → Sort1,0.02651574719357301,False,
Neutrophil -> Fibroblast,Sema4d,Cd72,0.343077861275486,0.468996425187165,0.400273866100837,0.27050064391063,True,Attenuated by both,0.27050064391063,Sema4d → Cd72,0.198495781276535,False,
Fibroblast -> Neutrophil,Csf1,Sirpa,0.341948564606847,0.537331162036577,0.180696516387196,0.366105387911702,True,Attenuated by both,0.366105387911702,Csf1 → Sirpa,0.17122577412487505,False,
Neutrophil -> Fibroblast,Col3a1,Itgb1,0.340990469588061,0.161496586001766,0.361349129754731,0.718698162941738,True,Attenuated by both,0.161496586001766,Col3a1 → Itgb1,-0.5572015769399721,False,
Fibroblast -> Neutrophil,Thy1,Itgav,0.340116109367022,0.330350905800753,0.252982373758496,0.653055549545069,True,Attenuated by both,0.330350905800753,Thy1 → Itgav,-0.32270464374431596,False,
Neutrophil -> Fibroblast,Prnp,Ncam1,0.340059825661116,0.0935065606440356,0.0050678699182664,0.525895544359371,True,Attenuated by both,0.0935065606440356,Prnp → Ncam1,-0.4323889837153354,False,
Neutrophil -> Fibroblast,Itgal,Icam1,0.33988003360824,0.385985103263936,0.281330934662446,0.259926906009675,True,Attenuated by both,0.259926906009675,Itgal → Icam1,0.12605819725426098,False,
Fibroblast -> Neutrophil,Ccn1,Itgam,0.339360772350444,0.157697220604818,-0.0286033176632247,0.55751506476184,False,Attenuated by both,,Ccn1 → Itgam,-0.399817844157022,False,
Fibroblast -> Neutrophil,Lgals3bp,Cd33,0.338374886812871,0.222719154717937,0.12590467512702,0.308864444515756,True,Attenuated by both,0.222719154717937,Lgals3bp → Cd33,-0.08614528979781902,False,
Neutrophil -> Fibroblast,Adam9,Itgb1,0.338088610737124,0.253767483345499,0.309143005982045,0.303785253336187,True,Attenuated by both,0.253767483345499,Adam9 → Itgb1,-0.05001776999068802,False,
Fibroblast -> Neutrophil,Lgals1,Ptprc,0.337377947665008,0.29220300465754,-0.0146604055757666,0.177331480051181,False,Attenuated by both,,Lgals1 → Ptprc,0.11487152460635902,False,
Neutrophil -> Fibroblast,Nucb2,Erap1,0.336097282584275,0.298692971683892,0.0476876306037413,0.265302418451617,True,Attenuated by both,0.265302418451617,Nucb2 → Erap1,0.033390553232274967,False,
Fibroblast -> Neutrophil,Hspg2,Itgb1,0.335872863912713,0.166336267474446,0.202395806338564,0.488959100764276,True,Attenuated by both,0.166336267474446,Hspg2 → Itgb1,-0.32262283328983,False,
Fibroblast -> Neutrophil,Gpc3,Lrp1,0.335225002941286,0.140960228213158,-0.130372223434644,0.461670789770259,False,Attenuated by both,,Gpc3 → Lrp1,-0.320710561557101,False,
Neutrophil -> Fibroblast,Calr,Tap2,0.334381695701067,0.32856659218847,-0.132214572797294,0.274646671916815,False,Attenuated by both,,Calr → Tap2,0.053919920271654986,False,
Neutrophil -> Fibroblast,Sirpb1c,Ptprd,0.331438409911525,0.127783761001921,-0.103275329883887,-0.134199885463467,False,FAP ablation only,,Sirpb1c → Ptprd,0.26198364646538796,False,
Neutrophil -> Fibroblast,Col1a2,Itga2,0.33137791000507,0.225253751163561,0.299315752234203,0.526897596799429,True,Attenuated by both,0.225253751163561,Col1a2 → Itga2,-0.30164384563586805,False,
Neutrophil -> Fibroblast,Col4a2,Ddr2,0.331145857941971,0.216608011988312,0.214060112935131,0.525914684475926,True,Attenuated by both,0.216608011988312,Col4a2 → Ddr2,-0.309306672487614,False,
Fibroblast -> Neutrophil,Tnxb,Itgav,0.330514362796605,0.298055901438656,0.191085781951615,0.65928691544251,True,Attenuated by both,0.298055901438656,Tnxb → Itgav,-0.36123101400385393,False,
Fibroblast -> Neutrophil,Furin,Notch1,0.329902853550393,0.459857466383186,0.14056053448495,0.166845993020349,True,Attenuated by both,0.166845993020349,Furin → Notch1,0.29301147336283695,False,
Neutrophil -> Fibroblast,Col3a1,Itga2,0.329576554703903,0.260853413661247,0.246384066042187,0.536505780967532,True,Attenuated by both,0.260853413661247,Col3a1 → Itga2,-0.275652367306285,False,
Neutrophil -> Fibroblast,Lif,Il6st,0.329074202665022,0.373695661674136,0.48511256844049,0.517921357930951,True,Attenuated by both,0.373695661674136,Lif → Il6st,-0.14422569625681497,False,
Fibroblast -> Neutrophil,Col18a1,Itga5,0.328350581990584,0.50518574060614,0.459822916082893,0.390785542303639,True,Attenuated by both,0.390785542303639,Col18a1 → Itga5,0.11440019830250098,False,
Neutrophil -> Fibroblast,Tgfbi,Itgb5,0.326418718897761,0.242060985153834,-0.0686680389042854,0.116129485052035,False,Attenuated by both,,Tgfbi → Itgb5,0.125931500101799,False,
Neutrophil -> Fibroblast,Dcn,Lrp1,0.325838020990969,0.472477822608655,0.507263019707627,0.704120186363106,True,Attenuated by both,0.472477822608655,Dcn → Lrp1,-0.23164236375445102,False,
Fibroblast -> Neutrophil,App,Cd74,0.325771898829499,0.284948029885721,0.0207301564015316,0.535288235981417,True,Attenuated by both,0.284948029885721,App → Cd74,-0.25034020609569596,False,
Fibroblast -> Neutrophil,Itgb1,Vcam1,0.325128938150282,0.193345561199865,0.0460830849376977,0.482460704693424,True,Attenuated by both,0.193345561199865,Itgb1 → Vcam1,-0.289115143493559,False,
Fibroblast -> Neutrophil,Mmp14,Adam9,0.325079265180279,0.461477331037257,0.46131192728814,0.257794255998425,True,Attenuated by both,0.257794255998425,Mmp14 → Adam9,0.20368307503883204,False,
Neutrophil -> Fibroblast,App,Lrp1,0.325016309503861,0.384209632599281,0.241168685193582,0.456078980445781,True,Attenuated by both,0.384209632599281,App → Lrp1,-0.07186934784650001,False,
Fibroblast -> Neutrophil,Fn1,Itga4,0.324774820394232,0.216780335533587,-0.373379774684054,-0.0724732368573279,False,FAP ablation only,,Fn1 → Itga4,0.28925357239091487,False,
Neutrophil -> Fibroblast,Calr,Itgav,0.324303851378556,0.421682261220423,-0.0654750559372612,0.232775535156989,False,Attenuated by both,,Calr → Itgav,0.188906726063434,False,
Neutrophil -> Fibroblast,Col1a1,Ddr2,0.323519784622527,0.17704914077204,0.40492545514221,0.686492225304418,True,Attenuated by both,0.17704914077204,Col1a1 → Ddr2,-0.509443084532378,False,
Fibroblast -> Neutrophil,Anxa2,Tlr2,0.323268420059274,0.318443546756025,-0.13186851547722,0.143153014832839,False,Attenuated by both,,Anxa2 → Tlr2,0.175290531923186,False,
Fibroblast -> Neutrophil,Apoe,Sorl1,0.323249984454121,0.547426531220314,0.163984991952052,0.206232388549396,True,Attenuated by both,0.206232388549396,Apoe → Sorl1,0.3411941426709181,False,
Neutrophil -> Fibroblast,Thbs1,Sdc4,0.322353099794988,0.628083938657526,0.46317330820586,0.601160701920374,True,Attenuated by both,0.601160701920374,Thbs1 → Sdc4,0.026923236737152023,False,
Fibroblast -> Neutrophil,Icam1,Itgb2,0.321129334184559,0.549242461946454,0.454409803335252,0.524593151447112,True,Attenuated by both,0.524593151447112,Icam1 → Itgb2,0.024649310499341937,True,8.0
Fibroblast -> Neutrophil,Cadm3,Il2rg,0.320828392499807,-0.0201307120029384,-0.147239217538153,0.177388486422195,False,α5β1 blockade only,,Cadm3 → Il2rg,-0.1975191984251334,False,
Fibroblast -> Neutrophil,Ngf,Sort1,0.320472141737031,0.330694410711451,0.279334361528783,0.443184064112326,True,Attenuated by both,0.330694410711451,Ngf → Sort1,-0.11248965340087502,False,
Fibroblast -> Neutrophil,C3,Itgb2l,0.320440956610907,0.440388732369299,0.0333332127626572,0.642426812097656,True,Attenuated by both,0.440388732369299,C3 → Itgb2l,-0.20203807972835697,False,
Fibroblast -> Neutrophil,Timp2,Itgb1,0.318824127542991,0.149998542281929,0.167924534890784,0.54596251284411,True,Attenuated by both,0.149998542281929,Timp2 → Itgb1,-0.395963970562181,False,
Fibroblast -> Neutrophil,Spon2,Gm49368,0.318269559371918,0.303466017101656,-0.0786801118840078,0.323019210754232,False,Attenuated by both,,Spon2 → Gm49368,-0.019553193652576017,False,
Neutrophil -> Fibroblast,Thbs1,Lrp1,0.318027453113986,0.533110415273352,0.361470240462037,0.639557303849553,True,Attenuated by both,0.533110415273352,Thbs1 → Lrp1,-0.106446888576201,False,
Neutrophil -> Fibroblast,Cd244a,Cd79b,0.317676238549305,0.612023403587648,0.261874794919206,-0.0360022971060181,True,FAP ablation only,,Cd244a → Cd79b,0.648025700693666,False,
Fibroblast -> Neutrophil,Il11,Il6ra,0.3169185000514,0.535386175801323,0.131019220293954,0.187588386358761,True,Attenuated by both,0.187588386358761,Il11 → Il6ra,0.347797789442562,False,
Fibroblast -> Neutrophil,Plat,Itgb2,0.315617037802109,0.440151968603232,0.232327204411112,0.446657339546311,True,Attenuated by both,0.440151968603232,Plat → Itgb2,-0.006505370943078959,False,
Neutrophil -> Fibroblast,Col1a2,Itgb1,0.31501404711145,0.0425635901707464,0.386503038168969,0.681312200995857,True,Attenuated by both,0.0425635901707464,Col1a2 → Itgb1,-0.6387486108251106,False,
Neutrophil -> Fibroblast,H2.K1,Aplp2,0.314570377062451,0.298412419360377,0.0626224683886552,0.154905658532894,True,Attenuated by both,0.154905658532894,H2.K1 → Aplp2,0.14350676082748298,False,
Neutrophil -> Fibroblast,Pam,Fap,0.314500528184503,0.192979238088419,-0.0707245181831609,0.363660855425223,False,Attenuated by both,,Pam → Fap,-0.17068161733680398,False,
Fibroblast -> Neutrophil,Adam10,Tspan14,0.314301396323909,0.34951778571846,-0.267769174608919,0.0263491247771529,False,Attenuated by both,,Adam10 → Tspan14,0.3231686609413071,False,
Fibroblast -> Neutrophil,S100a9,Alcam,0.313355695825651,0.629750151652749,0.13411719772052,0.220165313266,True,Attenuated by both,0.220165313266,S100a9 → Alcam,0.409584838386749,False,
Fibroblast -> Neutrophil,Icam1,Itgam,0.312534667148109,0.506126809279017,0.416553377683395,0.556897876561084,True,Attenuated by both,0.506126809279017,Icam1 → Itgam,-0.05077106728206704,False,
Fibroblast -> Neutrophil,Grn,Tnfrsf1b,0.311679427698297,0.404849571285114,0.300331606093941,0.409901071710608,True,Attenuated by both,0.404849571285114,Grn → Tnfrsf1b,-0.0050515004254940155,False,
Neutrophil -> Fibroblast,Lfng,Notch2,0.31156143755915,0.440212659544061,0.224901846908854,0.203554034492879,True,Attenuated by both,0.203554034492879,Lfng → Notch2,0.23665862505118201,False,
Fibroblast -> Neutrophil,Ncam1,Nptn,0.311348126169992,0.0944734030502484,-0.0295485736575406,0.369356682413714,False,Attenuated by both,,Ncam1 → Nptn,-0.27488327936346557,False,
Fibroblast -> Neutrophil,Cxcl12,Itgb1,0.311249727883555,0.297851153854433,0.311195442848818,0.585989941913313,True,Attenuated by both,0.297851153854433,Cxcl12 → Itgb1,-0.28813878805888,False,
Fibroblast -> Neutrophil,Calr,Tap2,0.308128707873016,0.321660594528567,0.0997349585048809,0.131426461262902,True,Attenuated by both,0.131426461262902,Calr → Tap2,0.190234133265665,False,
Neutrophil -> Fibroblast,Adam17,Il6ra,0.307344951199719,0.280787990571722,0.423526165678032,0.482681598864512,True,Attenuated by both,0.280787990571722,Adam17 → Il6ra,-0.20189360829279002,False,
Fibroblast -> Neutrophil,Spon2,Itga4,0.307225716799536,0.238693161852202,-0.322599584954168,0.0772545697096856,False,Attenuated by both,,Spon2 → Itga4,0.16143859214251638,False,
Fibroblast -> Neutrophil,Plat,Itgam,0.307022370765659,0.397036315935796,0.194470778759255,0.478962064660282,True,Attenuated by both,0.397036315935796,Plat → Itgam,-0.08192574872448599,False,
Neutrophil -> Fibroblast,Tgfb1,Itgb3,0.306529093662297,0.300399324826524,0.167384511119006,0.478206035275609,True,Attenuated by both,0.300399324826524,Tgfb1 → Itgb3,-0.17780671044908503,False,
Neutrophil -> Fibroblast,Lamc1,Itgav,0.306143358140976,0.33922160995284,0.443017072500623,0.607025744372038,True,Attenuated by both,0.33922160995284,Lamc1 → Itgav,-0.26780413441919804,False,
Neutrophil -> Fibroblast,Dcn,Egfr,0.304343517263468,0.534351345011087,0.51217923842187,0.520958425417447,True,Attenuated by both,0.520958425417447,Dcn → Egfr,0.013392919593640085,False,
Fibroblast -> Neutrophil,Has1,Cd44,0.302845289464298,0.397599139084884,0.497605648721502,0.531364717283909,True,Attenuated by both,0.397599139084884,Has1 → Cd44,-0.13376557819902501,False,
Fibroblast -> Neutrophil,Sdc2,Ezr,0.302482418240698,0.30984240223599,0.145803078661586,0.481382271680856,True,Attenuated by both,0.30984240223599,Sdc2 → Ezr,-0.171539869444866,False,
Fibroblast -> Neutrophil,Mfap5,Notch1,0.301233193137823,0.20200478182108,-0.203878028439763,0.195152463256173,False,Attenuated by both,,Mfap5 → Notch1,0.006852318564907006,False,
Fibroblast -> Neutrophil,Nampt,Itgb1,0.300787197998622,0.274874110615507,0.297076325615945,0.128314262750229,True,Attenuated by both,0.128314262750229,Nampt → Itgb1,0.14655984786527798,False,
Fibroblast -> Neutrophil,Plat,Lrp1,0.299800590455582,0.339331606880452,0.201280338522318,0.559142502560799,True,Attenuated by both,0.339331606880452,Plat → Lrp1,-0.219810895680347,False,
Fibroblast -> Neutrophil,Tgfb2,Tgfbr1,0.299615559258814,-0.0217478876594434,-0.0725906870826881,0.157082772885956,False,α5β1 blockade only,,Tgfb2 → Tgfbr1,-0.17883066054539942,False,
Neutrophil -> Fibroblast,Furin,Insr,0.29931032198263,0.425983007431599,0.252872107582938,0.281732915585117,True,Attenuated by both,0.281732915585117,Furin → Insr,0.14425009184648202,False,
Fibroblast -> Neutrophil,Cxcl2,Cxcr2,0.299205486937049,0.621593284396852,0.367216588310747,0.130444064619274,True,Attenuated by both,0.130444064619274,Cxcl2 → Cxcr2,0.491149219777578,True,4.0
Neutrophil -> Fibroblast,Tgfb1,Itgav,0.298899253375574,0.322103004693004,0.199111238933718,0.489112676293561,True,Attenuated by both,0.322103004693004,Tgfb1 → Itgav,-0.16700967160055696,False,
Fibroblast -> Neutrophil,Furin,Insr,0.298063838803848,0.42880400726369,-0.111791690771617,0.0821271610951213,False,Attenuated by both,,Furin → Insr,0.3466768461685687,False,
Neutrophil -> Fibroblast,Vcam1,Itgb1,0.29674743638742,0.165741928600125,0.0576726301759241,0.478359542304378,True,Attenuated by both,0.165741928600125,Vcam1 → Itgb1,-0.312617613704253,False,
Fibroblast -> Neutrophil,Apoe,App,0.295604167615905,0.597413428494947,0.435993932505413,0.449445576511477,True,Attenuated by both,0.449445576511477,Apoe → App,0.14796785198347007,False,
Fibroblast -> Neutrophil,Gpc3,Cd81,0.295181863245477,0.118383252646666,-0.04458204837145,0.23631986659166,False,Attenuated by both,,Gpc3 → Cd81,-0.11793661394499398,False,
Neutrophil -> Fibroblast,Slit3,Robo1,0.295091504875932,0.223796510836198,0.271477663100306,0.548797861550898,True,Attenuated by both,0.223796510836198,Slit3 → Robo1,-0.32500135071470004,False,
Neutrophil -> Fibroblast,Col1a1,Itga2,0.294864099727416,0.242324880807553,0.303133789464455,0.53213865176123,True,Attenuated by both,0.242324880807553,Col1a1 → Itga2,-0.289813770953677,False,
Fibroblast -> Neutrophil,Bgn,Tlr4,0.294732063313573,0.433932942602761,0.0301528272819048,0.367230410967384,True,Attenuated by both,0.367230410967384,Bgn → Tlr4,0.06670253163537698,False,
Neutrophil -> Fibroblast,Hsp90b1,Lrp1,0.292837047746584,0.46054142194754,0.175993247565926,0.451192130365978,True,Attenuated by both,0.451192130365978,Hsp90b1 → Lrp1,0.009349291581562003,False,
Fibroblast -> Neutrophil,Icam1,Il2rg,0.2920805441947,0.312301389074704,0.389510246670384,0.392320163094554,True,Attenuated by both,0.312301389074704,Icam1 → Il2rg,-0.08001877401984997,False,
Neutrophil -> Fibroblast,Cklf,Lrp6,0.291810152467678,0.37807923900739,0.196100047038274,0.353905756860137,True,Attenuated by both,0.353905756860137,Cklf → Lrp6,0.02417348214725301,False,
Fibroblast -> Neutrophil,Furin,Adam19,0.291601190842554,0.447194210777089,0.0812804177939681,0.105869616901918,True,Attenuated by both,0.105869616901918,Furin → Adam19,0.341324593875171,False,
Fibroblast -> Neutrophil,Cd34,Selp,0.291204957233788,0.142903259589333,-0.113337372335343,0.192764032950906,False,Attenuated by both,,Cd34 → Selp,-0.04986077336157299,False,
Neutrophil -> Fibroblast,Itgb2,Thy1,0.290919825815335,0.345147460644141,0.07168211797668,0.497862781584757,True,Attenuated by both,0.345147460644141,Itgb2 → Thy1,-0.15271532094061602,False,
Neutrophil -> Fibroblast,Col1a1,Itga5,0.290730161359321,0.379473087635967,0.693961805358347,0.765716391019795,True,Attenuated by both,0.379473087635967,Col1a1 → Itga5,-0.38624330338382806,True,17.0
Neutrophil -> Fibroblast,Adam15,Itga5,0.290410215535263,0.51866006839127,0.420973740566293,0.612648025516131,True,Attenuated by both,0.51866006839127,Adam15 → Itga5,-0.09398795712486097,False,
Fibroblast -> Neutrophil,Tnc,Itga5,0.290299851642907,0.511664875666702,0.436078123380048,0.500275729352135,True,Attenuated by both,0.500275729352135,Tnc → Itga5,0.011389146314567,False,
Fibroblast -> Neutrophil,Mdk,Itgb1,0.289953469503263,0.216905678371764,0.224741421670438,0.478861889263155,True,Attenuated by both,0.216905678371764,Mdk → Itgb1,-0.261956210891391,False,
Neutrophil -> Fibroblast,Sirpb1c,Cd47,0.289603202746541,0.0720378910311576,0.0263569649373947,0.141261973103061,True,Attenuated by both,0.0720378910311576,Sirpb1c → Cd47,-0.06922408207190339,False,
Fibroblast -> Neutrophil,Anxa1,Fpr2,0.287828339008809,0.452704634859584,0.354668330963074,0.504907569603862,True,Attenuated by both,0.452704634859584,Anxa1 → Fpr2,-0.05220293474427795,False,
Neutrophil -> Fibroblast,Tspan5,Tspan13,0.28513770979407,0.376809443210673,0.192739425169177,0.159918096597425,True,Attenuated by both,0.159918096597425,Tspan5 → Tspan13,0.216891346613248,False,
Fibroblast -> Neutrophil,Mdk,Notch2,0.284977906442284,0.242321441887345,0.245457270597458,0.459662616809796,True,Attenuated by both,0.242321441887345,Mdk → Notch2,-0.21734117492245097,False,
Neutrophil -> Fibroblast,Zdhhc5,S1pr1,0.284405657544723,0.371178138113898,0.321886521298451,0.176489361992557,True,Attenuated by both,0.176489361992557,Zdhhc5 → S1pr1,0.194688776121341,False,
Neutrophil -> Fibroblast,Gm5150,Ptprd,0.284086484767245,0.0427955328025756,-0.323154190477076,-0.184505466414146,False,FAP ablation only,,Gm5150 → Ptprd,0.2273009992167216,False,
Fibroblast -> Neutrophil,Cd47,Sirpb1c,0.283807236246435,0.0658563031736709,0.0353614660982653,0.120362295150654,True,Attenuated by both,0.0658563031736709,Cd47 → Sirpb1c,-0.054505991976983095,False,
Fibroblast -> Neutrophil,Furin,Lrp1,0.28372856455735,0.360125569872659,0.152501001933051,0.35290255310899,True,Attenuated by both,0.35290255310899,Furin → Lrp1,0.007223016763668988,False,
Neutrophil -> Fibroblast,F10,F3,0.283107329044824,0.357779637579203,0.366076915695638,0.493906359100621,True,Attenuated by both,0.357779637579203,F10 → F3,-0.13612672152141797,False,
Fibroblast -> Neutrophil,Lama2,Itgb1,0.282474213190603,0.147596802030214,0.0420510260257658,0.248291406389601,True,Attenuated by both,0.147596802030214,Lama2 → Itgb1,-0.10069460435938701,False,
Fibroblast -> Neutrophil,Ccn1,Gm49368,0.281406502561552,0.188128496110316,-0.0725792487793818,0.399982753063669,False,Attenuated by both,,Ccn1 → Gm49368,-0.21185425695335297,False,
Neutrophil -> Fibroblast,Il6,Il6ra,0.281290763803531,0.258827815785197,0.447827242375226,0.599549310614995,True,Attenuated by both,0.258827815785197,Il6 → Il6ra,-0.34072149482979797,False,
Fibroblast -> Neutrophil,Cxcl1,Cxcr2,0.281276212724588,0.517248092655386,0.309496010737842,0.481449469531862,True,Attenuated by both,0.481449469531862,Cxcl1 → Cxcr2,0.03579862312352394,True,3.0
Neutrophil -> Fibroblast,Thbs1,Cd47,0.280836641609869,0.414156757781288,0.237658552795091,0.530605146364818,True,Attenuated by both,0.414156757781288,Thbs1 → Cd47,-0.11644838858353002,False,
Fibroblast -> Neutrophil,Adam17,Itga5,0.280788615736596,0.473471210379235,0.520022698163973,0.502041743882683,True,Attenuated by both,0.473471210379235,Adam17 → Itga5,-0.02857053350344796,False,
Fibroblast -> Neutrophil,Spon2,Itgb2l,0.278577049728841,0.238869581042956,-0.209416359831311,0.59182656108261,False,Attenuated by both,,Spon2 → Itgb2l,-0.35295698003965403,False,
Fibroblast -> Neutrophil,Calr,Lrp1,0.276602083171343,0.229004169716153,0.0819307064509544,0.344761340629773,True,Attenuated by both,0.229004169716153,Calr → Lrp1,-0.11575717091361998,False,
Neutrophil -> Fibroblast,Col4a2,Itga2,0.274712395269082,0.281883752023826,0.167824002812932,0.427116666488293,True,Attenuated by both,0.281883752023826,Col4a2 → Itga2,-0.145232914464467,False,
Fibroblast -> Neutrophil,Angptl2,Pira12,0.274237397084246,-0.0683651965271632,-0.0986793392136475,0.348327368407717,False,α5β1 blockade only,,Angptl2 → Pira12,-0.4166925649348802,False,
Fibroblast -> Neutrophil,Gpc6,Lrp1,0.273920990010775,0.270576251361114,0.0708539069781257,0.548002102204152,True,Attenuated by both,0.270576251361114,Gpc6 → Lrp1,-0.277425850843038,False,
Neutrophil -> Fibroblast,Lamb3,Cd151,0.273688905044479,0.321493975861947,-0.177114289761888,0.282004114143587,False,Attenuated by both,,Lamb3 → Cd151,0.03948986171836,False,
Fibroblast -> Neutrophil,Psap,Lrp1,0.272678196952383,0.243951744415741,0.0166142572998416,0.411150925922969,True,Attenuated by both,0.243951744415741,Psap → Lrp1,-0.16719918150722798,False,
Neutrophil -> Fibroblast,Sirpa,Ptprd,0.27232282271167,0.408908072757212,-0.236121494989326,-0.083344316445186,False,FAP ablation only,,Sirpa → Ptprd,0.492252389202398,False,
Neutrophil -> Fibroblast,Col4a2,Itgb1,0.272237421264352,0.126971368808789,0.227233510969921,0.553753492906943,True,Attenuated by both,0.126971368808789,Col4a2 → Itgb1,-0.42678212409815397,False,
Fibroblast -> Neutrophil,App,Lrp1,0.270954485937995,0.258997718056914,-0.111094335442331,0.487314860864471,False,Attenuated by both,,App → Lrp1,-0.228317142807557,False,
Fibroblast -> Neutrophil,Adam15,Itgb1,0.270510874723485,0.0307084663080595,0.0011581889204709,0.337955969778881,True,Attenuated by both,0.0307084663080595,Adam15 → Itgb1,-0.30724750347082147,False,
Neutrophil -> Fibroblast,Col4a1,Itgav,0.268705837098309,0.364870641245533,0.482526981289701,0.63564662298061,True,Attenuated by both,0.364870641245533,Col4a1 → Itgav,-0.27077598173507705,False,
Fibroblast -> Neutrophil,S100a9,Tlr4,0.267103386509209,0.597976042638074,0.149737597576209,0.16438387234371,True,Attenuated by both,0.16438387234371,S100a9 → Tlr4,0.43359217029436403,False,
Fibroblast -> Neutrophil,Igsf10,Milr1,0.266301045290128,0.140421485004069,-0.141201356434717,0.315866133844697,False,Attenuated by both,,Igsf10 → Milr1,-0.17544464884062796,False,
Fibroblast -> Neutrophil,Timp2,Cd44,0.265715811776812,0.299497115021828,0.145860158299912,0.504369614685618,True,Attenuated by both,0.299497115021828,Timp2 → Cd44,-0.20487249966379,False,
Neutrophil -> Fibroblast,Itgam,Icam1,0.265674219548155,0.481161779309356,0.369931702911678,0.504621021720315,True,Attenuated by both,0.481161779309356,Itgam → Icam1,-0.02345924241095898,False,
Fibroblast -> Neutrophil,Thbs1,Cd47,0.264643618964302,0.554828702927113,0.245902782147065,0.310209869835292,True,Attenuated by both,0.310209869835292,Thbs1 → Cd47,0.24461883309182098,False,
Neutrophil -> Fibroblast,Col1a1,Itgb1,0.264611347944907,0.0874124975925167,0.418098853177,0.714331033735435,True,Attenuated by both,0.0874124975925167,Col1a1 → Itgb1,-0.6269185361429184,False,
Neutrophil -> Fibroblast,Adam15,Itgb1,0.264291402120849,0.226599478347819,0.145110788384946,0.505707112676216,True,Attenuated by both,0.226599478347819,Adam15 → Itgb1,-0.279107634328397,False,
Neutrophil -> Fibroblast,Saraf,Dag1,0.264222159526966,0.284008422098973,0.18302843516589,0.301601703657593,True,Attenuated by both,0.284008422098973,Saraf → Dag1,-0.01759328155862,False,
Neutrophil -> Fibroblast,Itgb2,Icam1,0.262794673985067,0.52492412253801,0.403885253255976,0.446553547791985,True,Attenuated by both,0.446553547791985,Itgb2 → Icam1,0.07837057474602505,False,
Neutrophil -> Fibroblast,Csf1,Csf2ra,0.262225525504014,0.296141359384309,0.124481697489834,-0.0776488468970731,True,FAP ablation only,,Csf1 → Csf2ra,0.37379020628138215,False,
Fibroblast -> Neutrophil,Angptl2,Lilra6,0.261537619265471,-0.129113675946894,-0.260139416493048,-0.0389235277253849,False,Not attenuated by either,,Angptl2 → Lilra6,-0.09019014822150909,False,
Fibroblast -> Neutrophil,Serpine1,Plau,0.261144258924103,0.46602197296366,0.46859133807297,0.307862526201015,True,Attenuated by both,0.307862526201015,Serpine1 → Plau,0.15815944676264498,False,
Fibroblast -> Neutrophil,Thy1,Itgb2,0.260103264770692,0.326679303789627,0.0756953885516278,0.546665017432126,True,Attenuated by both,0.326679303789627,Thy1 → Itgb2,-0.21998571364249903,False,
Neutrophil -> Fibroblast,Adam9,Itgb5,0.259404451616929,0.224015444038624,0.177814256890861,0.107673883006702,True,Attenuated by both,0.107673883006702,Adam9 → Itgb5,0.116341561031922,False,
Neutrophil -> Fibroblast,Alcam,Nrp1,0.259284280485605,0.437816257423241,-0.0227748141739477,0.371361189008362,False,Attenuated by both,,Alcam → Nrp1,0.06645506841487897,False,
Neutrophil -> Fibroblast,Adam10,Tspan5,0.257929374893408,0.184177653542356,-0.0894773225269342,-0.030629447506604,False,FAP ablation only,,Adam10 → Tspan5,0.21480710104896,False,
Neutrophil -> Fibroblast,Anxa2,Plat,0.256688433227872,0.30843714816525,-0.0804075745098291,0.297731995521768,False,Attenuated by both,,Anxa2 → Plat,0.010705152643481985,False,
Fibroblast -> Neutrophil,Igfbp4,Lrp6,0.256436391263085,0.33853370953387,0.110582581108996,0.0800234277424771,True,Attenuated by both,0.0800234277424771,Igfbp4 → Lrp6,0.2585102817913929,False,
Fibroblast -> Neutrophil,Psap,Sort1,0.2562700103582,0.184223473211383,-0.0337296373783064,0.130730681033116,False,Attenuated by both,,Psap → Sort1,0.053492792178266996,False,
Neutrophil -> Fibroblast,Ccl2,Ackr4,0.254623672567536,0.250819206349498,0.319255496742279,0.53768744019829,True,Attenuated by both,0.250819206349498,Ccl2 → Ackr4,-0.28686823384879195,False,
Fibroblast -> Neutrophil,Icam1,Gm49368,0.254580397359216,0.536558084784516,0.372577446567238,0.399365564862913,True,Attenuated by both,0.399365564862913,Icam1 → Gm49368,0.13719251992160303,False,
Fibroblast -> Neutrophil,Ccn1,Tlr2,0.25452717535649,0.250104387095641,0.0904536996450263,0.583952459828464,True,Attenuated by both,0.250104387095641,Ccn1 → Tlr2,-0.333848072732823,False,
Fibroblast -> Neutrophil,Timp3,Mmp9,0.254297048375829,0.152260904891527,-0.20097728200594,0.184599272408876,False,Attenuated by both,,Timp3 → Mmp9,-0.032338367517349004,False,
Neutrophil -> Fibroblast,Gpc6,Lrp1,0.253470786058653,0.304700925221275,0.162193336895034,0.439012151793191,True,Attenuated by both,0.304700925221275,Gpc6 → Lrp1,-0.13431122657191596,False,
Fibroblast -> Neutrophil,Icam1,Itgax,0.253313675899348,0.496594772415543,0.27759993127227,0.160045513363822,True,Attenuated by both,0.160045513363822,Icam1 → Itgax,0.336549259051721,False,
Fibroblast -> Neutrophil,Fgf2,Cd44,0.253307108956554,0.228642097233482,-0.056040192786046,0.307007875390941,False,Attenuated by both,,Fgf2 → Cd44,-0.07836577815745899,False,
Fibroblast -> Neutrophil,Lpl,Lrp1,0.253298597601356,0.326092184177977,-0.042506062298081,0.470956356919793,False,Attenuated by both,,Lpl → Lrp1,-0.144864172741816,False,
Neutrophil -> Fibroblast,Col19a1,Itgb1,-0.253123583664958,0.148107410681704,-0.410356714071656,0.0702249889704181,False,Attenuated by both,,Col19a1 → Itgb1,0.0778824217112859,False,
Fibroblast -> Neutrophil,Anxa1,Fpr1,0.253094037723818,0.33784795519683,0.38755209710726,0.483595398693054,True,Attenuated by both,0.33784795519683,Anxa1 → Fpr1,-0.14574744349622404,False,
Fibroblast -> Neutrophil,Thbs1,Lrp1,0.253077447856354,0.430248494254262,0.33237679087631,0.557758567781843,True,Attenuated by both,0.430248494254262,Thbs1 → Lrp1,-0.12751007352758098,False,
Neutrophil -> Fibroblast,Tnf,Tnfrsf1b,0.25243548349746,0.660097245114438,0.232592012572916,0.231151262921852,True,Attenuated by both,0.231151262921852,Tnf → Tnfrsf1b,0.428945982192586,False,
Neutrophil -> Fibroblast,H2.D1,Aplp2,0.252380029768366,0.364742122003174,0.0773881887056076,0.226662504182223,True,Attenuated by both,0.226662504182223,H2.D1 → Aplp2,0.13807961782095102,False,
Fibroblast -> Neutrophil,Thy1,Itgam,0.251508597734242,0.283563651122191,0.0378389628997711,0.578969742546098,True,Attenuated by both,0.283563651122191,Thy1 → Itgam,-0.295406091423907,False,
Fibroblast -> Neutrophil,Cxcl16,Grm7,-0.251370148310528,0.462998237410958,0.308798458049921,0.495967349044061,False,Attenuated by both,,Cxcl16 → Grm7,-0.032969111633102954,False,
Fibroblast -> Neutrophil,C4b,Cr1l,0.249984750673808,0.3193048157265,0.018029751931664,0.300173339507162,True,Attenuated by both,0.300173339507162,C4b → Cr1l,0.019131476219337973,False,
Fibroblast -> Neutrophil,Plat,Gm49368,0.249068100976767,0.427467591441294,0.150494847643098,0.321429752962112,True,Attenuated by both,0.321429752962112,Plat → Gm49368,0.10603783847918197,False,
Fibroblast -> Neutrophil,Fgf7,Fgfr2,0.24882972255497,0.438773679184444,-0.136125216498794,0.484573726447088,False,Attenuated by both,,Fgf7 → Fgfr2,-0.04580004726264403,False,
Neutrophil -> Fibroblast,Cd80,Ctla4,0.24877041068456,0.485777731787494,0.3895810028974,0.460994690186134,True,Attenuated by both,0.460994690186134,Cd80 → Ctla4,0.024783041601360023,False,
Neutrophil -> Fibroblast,Anxa1,Egfr,0.247709220313247,0.440995535836311,0.0859678023941761,0.397835209933905,True,Attenuated by both,0.397835209933905,Anxa1 → Egfr,0.04316032590240604,False,
Neutrophil -> Fibroblast,Il36g,Ifnar1,0.247132854153353,0.36316410221547,0.0491730107114322,0.140927117985996,True,Attenuated by both,0.140927117985996,Il36g → Ifnar1,0.22223698422947402,False,
Fibroblast -> Neutrophil,Fn1,Itga5,0.246437951329038,0.309760641227663,0.182949069613547,0.32479862341811,True,Attenuated by both,0.309760641227663,Fn1 → Itga5,-0.015037982190446997,True,7.0
Neutrophil -> Fibroblast,Icam1,Egfr,0.246128837556871,0.599572422225968,0.0494168664209668,0.144696460691572,True,Attenuated by both,0.144696460691572,Icam1 → Egfr,0.45487596153439597,False,
Fibroblast -> Neutrophil,Angptl2,Pirb,0.245425481103124,0.184390731071382,-0.230513612284298,0.211192618534382,False,Attenuated by both,,Angptl2 → Pirb,-0.026801887462999996,False,
Neutrophil -> Fibroblast,Nampt,Insr,0.243849689267744,0.464923829692369,-0.01663745681234,0.463865214114189,False,Attenuated by both,,Nampt → Insr,0.0010586155781799889,False,
Fibroblast -> Neutrophil,Kitl,Kit,0.243645922316281,0.299047327951086,0.317871617062435,0.47321758700781,True,Attenuated by both,0.299047327951086,Kitl → Kit,-0.174170259056724,False,
Fibroblast -> Neutrophil,Ccn1,Itgb2l,0.241713992918475,0.123532060051616,-0.203315496726685,0.613234547836491,False,Attenuated by both,,Ccn1 → Itgb2l,-0.489702487784875,False,
Fibroblast -> Neutrophil,Cp,Slc40a1,0.240180798578543,0.319102155588461,-0.0391129505028496,0.229735540603649,False,Attenuated by both,,Cp → Slc40a1,0.08936661498481199,False,
Neutrophil -> Fibroblast,Vcan,Egfr,0.239821051386844,0.328176351080359,0.283647817574444,0.437056307079753,True,Attenuated by both,0.328176351080359,Vcan → Egfr,-0.10887995599939404,False,
Neutrophil -> Fibroblast,L1cam,Nrp1,-0.239625603327387,0.289638856705901,-0.232586347623347,0.212138504926314,False,Attenuated by both,,L1cam → Nrp1,0.077500351779587,False,
Fibroblast -> Neutrophil,Bmp1,Bmpr1a,0.237575209549736,0.237747992169901,0.229231004699069,0.416789430219778,True,Attenuated by both,0.237747992169901,Bmp1 → Bmpr1a,-0.179041438049877,False,
Neutrophil -> Fibroblast,Cd47,Scn1b,0.237120279498676,0.341174206430272,-0.0738601027506054,0.226509750585258,False,Attenuated by both,,Cd47 → Scn1b,0.11466445584501403,False,
Fibroblast -> Neutrophil,Mdk,Lrp1,0.235900476778879,0.314169734056063,0.139727484343217,0.558508453114575,True,Attenuated by both,0.314169734056063,Mdk → Lrp1,-0.24433871905851196,False,
Neutrophil -> Fibroblast,Siglece,Adgra2,0.235520915266287,0.395251382605062,0.0881128286500422,0.304803748857942,True,Attenuated by both,0.304803748857942,Siglece → Adgra2,0.09044763374712,False,
Neutrophil -> Fibroblast,Apoe,Ldlr,0.235379137105964,0.296805048678909,0.0494087922146418,0.283821936835159,True,Attenuated by both,0.283821936835159,Apoe → Ldlr,0.012983111843750006,False,
Neutrophil -> Fibroblast,Cib1,Itgb3,0.235242771106375,0.411255329728407,0.0694472260642642,0.169694301673691,True,Attenuated by both,0.169694301673691,Cib1 → Itgb3,0.241561028054716,False,
Neutrophil -> Fibroblast,Ifitm6,Cd81,0.235097596217453,0.258245109554301,-0.191879609026135,0.423703397103755,False,Attenuated by both,,Ifitm6 → Cd81,-0.16545828754945396,False,
Fibroblast -> Neutrophil,Tgm2,Itga4,0.233220641283248,0.19356215190952,-0.296513751137514,-0.0362588166103244,False,FAP ablation only,,Tgm2 → Itga4,0.2298209685198444,False,
Neutrophil -> Fibroblast,Lrig2,Egfr,0.232704699520454,0.379352776088107,-0.0659072356546341,-0.0243579338306713,False,FAP ablation only,,Lrig2 → Egfr,0.40371070991877833,False,
Neutrophil -> Fibroblast,Cd86,Ctla4,0.230578581643781,0.603450802711423,0.553092032588457,0.568727539601874,True,Attenuated by both,0.568727539601874,Cd86 → Ctla4,0.034723263109548985,False,
Neutrophil -> Fibroblast,Adam10,App,0.229818874201749,0.104640051654164,-0.288988501230236,-0.0315558137127684,False,FAP ablation only,,Adam10 → App,0.1361958653669324,False,
Fibroblast -> Neutrophil,Cxcl2,Grm7,-0.229116037733718,0.542175760301378,0.409668416547346,0.488443861226966,False,Attenuated by both,,Cxcl2 → Grm7,0.05373189907441206,False,
Fibroblast -> Neutrophil,S100a9,Itgb2,0.229091810368103,0.67424139464278,0.253163270971968,0.258408032017116,True,Attenuated by both,0.258408032017116,S100a9 → Itgb2,0.415833362625664,False,
Fibroblast -> Neutrophil,Spon2,Itga5,0.228888847734341,0.331673467546278,0.233729259343432,0.474526429985123,True,Attenuated by both,0.331673467546278,Spon2 → Itga5,-0.142852962438845,False,
Fibroblast -> Neutrophil,Gpc3,Vsig10l,0.226580432134392,0.208262879440666,-0.0032951725772759,0.214057983014735,False,Attenuated by both,,Gpc3 → Vsig10l,-0.0057951035740690104,False,
Neutrophil -> Fibroblast,Calm3,Mylk,0.226556971195541,0.271026222331945,-0.293794577917546,0.108360460476929,False,Attenuated by both,,Calm3 → Mylk,0.16266576185501602,False,
Neutrophil -> Fibroblast,Il1b,Il1r1,0.226289339324143,0.598241015499306,0.311074279661257,0.555320947164483,True,Attenuated by both,0.555320947164483,Il1b → Il1r1,0.04292006833482298,True,11.0
Fibroblast -> Neutrophil,Hspg2,Lrp1,0.226264315632774,0.20804476760319,0.0618263134557879,0.51305010906014,True,Attenuated by both,0.20804476760319,Hspg2 → Lrp1,-0.30500534145695,False,
Neutrophil -> Fibroblast,Sirpb1b,Ptprd,0.225515988987536,0.213172801344389,-0.145341830606154,-0.053871129189083,False,FAP ablation only,,Sirpb1b → Ptprd,0.26704393053347203,False,
Neutrophil -> Fibroblast,Grn,Egfr,0.224952945105482,0.505320452562898,0.0689067281856091,0.215344074344491,True,Attenuated by both,0.215344074344491,Grn → Egfr,0.28997637821840705,False,
Neutrophil -> Fibroblast,Lgals3,Anxa2,0.223881756082718,0.176612526725192,-0.400731055732645,-0.148459076783286,False,FAP ablation only,,Lgals3 → Anxa2,0.32507160350847797,False,
Neutrophil -> Fibroblast,L1cam,Alcam,0.223764521732294,0.523859722997246,-0.0280628535105955,0.147672768372882,False,Attenuated by both,,L1cam → Alcam,0.376186954624364,False,
Neutrophil -> Fibroblast,Il36g,Ifnar2,0.222271424800412,0.490658377641176,0.17637767539875,0.342645809293405,True,Attenuated by both,0.342645809293405,Il36g → Ifnar2,0.148012568347771,False,
Neutrophil -> Fibroblast,Calm2,Mylk,0.222191367762664,0.308607859254834,-0.194621018095545,0.216044008305166,False,Attenuated by both,,Calm2 → Mylk,0.09256385094966801,False,
Neutrophil -> Fibroblast,Calr,Tap1,0.2209831513831,0.412706506979158,0.0082358456939614,0.0812678228935945,True,Attenuated by both,0.0812678228935945,Calr → Tap1,0.33143868408556354,False,
Neutrophil -> Fibroblast,Siglece,Il4ra,0.220217726922692,0.627382777456667,0.557392506615771,0.443214207716285,True,Attenuated by both,0.443214207716285,Siglece → Il4ra,0.18416856974038204,False,
Neutrophil -> Fibroblast,Dcn,Igf1r,0.220005647230339,0.44877472855904,0.541224872910351,0.661659197061719,True,Attenuated by both,0.44877472855904,Dcn → Igf1r,-0.21288446850267906,False,
Fibroblast -> Neutrophil,Gdf10,Acvr1b,0.218848407436391,0.214907643170016,-0.0411741069958567,0.397606001285858,False,Attenuated by both,,Gdf10 → Acvr1b,-0.18269835811584198,False,
Neutrophil -> Fibroblast,Mmp25,Mmp2,0.218384368369825,0.473922025252065,0.0891284703019338,0.448477662363071,True,Attenuated by both,0.448477662363071,Mmp25 → Mmp2,0.025444362888993988,False,
Neutrophil -> Fibroblast,Apoe,Sorl1,0.217405876619276,0.520219281005118,0.275501660053726,0.357512930966613,True,Attenuated by both,0.357512930966613,Apoe → Sorl1,0.16270635003850503,False,
Neutrophil -> Fibroblast,Inhba,Acvr1,0.215672508309096,0.108558517582132,-0.11893341772902,0.295703800129565,False,Attenuated by both,,Inhba → Acvr1,-0.18714528254743298,False,
Neutrophil -> Fibroblast,C3,Cr1l,0.215303088539191,0.425014838813929,0.240020951203474,0.423728831997522,True,Attenuated by both,0.423728831997522,C3 → Cr1l,0.0012860068164070038,False,
Fibroblast -> Neutrophil,Icam1,Itgb2l,0.214887887716139,0.471961648725815,0.241841198619934,0.668172915191291,True,Attenuated by both,0.471961648725815,Icam1 → Itgb2l,-0.196211266465476,False,
Fibroblast -> Neutrophil,Gdf10,Bmpr2,0.214546021953192,0.106821219315989,-0.0689058231713059,0.145240937298527,False,Attenuated by both,,Gdf10 → Bmpr2,-0.038419717982538,False,
Neutrophil -> Fibroblast,Gm5150,Cd47,0.214473499824483,-0.0407281149459656,-0.221299673433571,0.0631786143746045,False,α5β1 blockade only,,Gm5150 → Cd47,-0.1039067293205701,False,
Fibroblast -> Neutrophil,Col16a1,Itgb1,0.214354402023211,0.155861826039484,0.081821093847765,0.497175776759451,True,Attenuated by both,0.155861826039484,Col16a1 → Itgb1,-0.341313950719967,False,
Fibroblast -> Neutrophil,Ccl7,Ccr1,0.214229984864298,0.500206123882346,0.486418297068011,0.598763193437661,True,Attenuated by both,0.500206123882346,Ccl7 → Ccr1,-0.09855706955531507,False,
Fibroblast -> Neutrophil,Gpi1,Amfr,0.214054689706294,0.326402474837174,0.265043447507611,0.404842718878999,True,Attenuated by both,0.326402474837174,Gpi1 → Amfr,-0.07844024404182498,False,
Neutrophil -> Fibroblast,Col4a1,Itga2,0.212573813147949,0.287389331196065,0.225757829212927,0.483051131592981,True,Attenuated by both,0.287389331196065,Col4a1 → Itga2,-0.195661800396916,False,
Fibroblast -> Neutrophil,Cd47,Sirpa,0.211600468472337,0.296460611486559,-0.136279860523613,0.160104520720324,False,Attenuated by both,,Cd47 → Sirpa,0.136356090766235,False,
Neutrophil -> Fibroblast,Ltf,Lrp1,0.211413442580702,0.339874188269678,-0.277337535253181,0.470511320316418,False,Attenuated by both,,Ltf → Lrp1,-0.13063713204674,False,
Fibroblast -> Neutrophil,Mif,Cxcr4,0.210267717357586,0.495104749154224,0.181635041011162,0.0241435667640766,True,Attenuated by both,0.0241435667640766,Mif → Cxcr4,0.4709611823901474,False,
Fibroblast -> Neutrophil,Adam10,Tspan5,0.209790238160407,0.243220926476454,0.0591474854513931,0.0037422196588288,True,Attenuated by both,0.0037422196588288,Adam10 → Tspan5,0.2394787068176252,False,
Neutrophil -> Fibroblast,Ccl7,Ackr4,0.209575523850114,0.121779029704085,0.245310535282497,0.560838768882261,True,Attenuated by both,0.121779029704085,Ccl7 → Ackr4,-0.43905973917817603,False,
Fibroblast -> Neutrophil,Cd47,Gm5150,0.209537671853144,-0.045538050386939,-0.20893716483334,0.0414369663008154,False,α5β1 blockade only,,Cd47 → Gm5150,-0.0869750166877544,False,
Fibroblast -> Neutrophil,Plat,Itgb2l,0.20937559133369,0.362871155382594,0.0197585996957945,0.590237103290489,True,Attenuated by both,0.362871155382594,Plat → Itgb2l,-0.22736594790789494,False,
Neutrophil -> Fibroblast,Osm,Osmr,0.207459989618445,0.182444332236285,0.154583995633155,0.496477101169182,True,Attenuated by both,0.182444332236285,Osm → Osmr,-0.314032768932897,True,9.0
Neutrophil -> Fibroblast,Adam10,Axl,0.207282517484664,0.0094013066562139,-0.30264016536991,0.0517204247712441,False,Attenuated by both,,Adam10 → Axl,-0.042319118115030196,False,
Fibroblast -> Neutrophil,Nampt,Insr,0.205513923965181,0.385261048135281,-0.107785859971499,-0.0628145654122201,False,FAP ablation only,,Nampt → Insr,0.4480756135475011,False,
Neutrophil -> Fibroblast,Psap,Lrp1,0.205346738429544,0.361267695109279,0.120187417006091,0.481049333060197,True,Attenuated by both,0.361267695109279,Psap → Lrp1,-0.11978163795091801,False,
Fibroblast -> Neutrophil,S100a9,Cd68,0.205279686324463,0.657855497564699,0.238774846571941,0.21142404757102,True,Attenuated by both,0.21142404757102,S100a9 → Cd68,0.44643144999367895,False,
Fibroblast -> Neutrophil,Spon1,App,0.204807148061375,0.509776390815231,0.362161387875182,0.55294152405367,True,Attenuated by both,0.509776390815231,Spon1 → App,-0.04316513323843907,False,
Fibroblast -> Neutrophil,Apoe,Lrp1,0.203969334943791,0.48765794707876,0.253324846892922,0.557775255030661,True,Attenuated by both,0.48765794707876,Apoe → Lrp1,-0.07011730795190108,False,
Neutrophil -> Fibroblast,Tgfb1,Tgfbr1,0.203033168802802,0.370458684968306,0.236657318109326,0.272455532564646,True,Attenuated by both,0.272455532564646,Tgfb1 → Tgfbr1,0.09800315240365998,False,
Fibroblast -> Neutrophil,Grn,Sort1,0.202844642794628,0.238313931872117,0.0750351358579857,0.309570895467859,True,Attenuated by both,0.238313931872117,Grn → Sort1,-0.07125696359574199,False,
Neutrophil -> Fibroblast,Sirpa,Cd47,0.202709837768908,0.32538442500867,-0.134266977945822,0.164339764343564,False,Attenuated by both,,Sirpa → Cd47,0.16104466066510598,False,
Fibroblast -> Neutrophil,Ctsd,App,0.202078781701961,0.335261265459417,0.15648880702181,0.261409293409576,True,Attenuated by both,0.261409293409576,Ctsd → App,0.07385197204984095,False,
Fibroblast -> Neutrophil,Ncam1,Fgfr2,0.201751617581218,0.128773336062186,-0.408011102001191,0.383541596629609,False,Attenuated by both,,Ncam1 → Fgfr2,-0.254768260567423,False,
Fibroblast -> Neutrophil,Fgf2,Fgfr2,0.200072571878605,0.192776935905797,-0.389733902837624,0.353345734430307,False,Attenuated by both,,Fgf2 → Fgfr2,-0.16056879852450998,False,
Fibroblast -> Neutrophil,Hgf,Cd44,0.199624053521815,0.486715138317286,0.307984945036986,0.444954014444187,True,Attenuated by both,0.444954014444187,Hgf → Cd44,0.04176112387309905,False,
Neutrophil -> Fibroblast,Osm,Il6st,0.197293139588054,0.10556975140906,0.0983822308609959,0.334109868593131,True,Attenuated by both,0.10556975140906,Osm → Il6st,-0.22854011718407102,True,10.0
Neutrophil -> Fibroblast,Il18bp,Il6ra,0.194970838567678,0.27430563531838,0.167727842755026,0.387563966870649,True,Attenuated by both,0.27430563531838,Il18bp → Il6ra,-0.113258331552269,False,
Neutrophil -> Fibroblast,Lamc1,Itga2,0.19445577863506,0.28951807768115,0.214025698201627,0.482208030762188,True,Attenuated by both,0.28951807768115,Lamc1 → Itga2,-0.19268995308103798,False,
Fibroblast -> Neutrophil,Dcn,Igf1r,0.193643621506016,0.381824650541364,0.237707420083206,0.426548923923949,True,Attenuated by both,0.381824650541364,Dcn → Igf1r,-0.044724273382585,False,
Fibroblast -> Neutrophil,Thy1,Gm49368,0.19355432794535,0.313994926627689,-0.0061369682163859,0.421437430847927,False,Attenuated by both,,Thy1 → Gm49368,-0.10744250422023799,False,
Fibroblast -> Neutrophil,Penk,Ogfr,0.193502298570092,0.428280764330306,-0.054925858296819,0.47124798602955,False,Attenuated by both,,Penk → Ogfr,-0.042967221699243996,False,
Fibroblast -> Neutrophil,Col1a1,Itga5,0.193150401319078,0.29945481051899,0.319600088992337,0.438292266324084,True,Attenuated by both,0.29945481051899,Col1a1 → Itga5,-0.13883745580509405,False,
Fibroblast -> Neutrophil,Thy1,Itgax,0.192287606485481,0.274031614258716,-0.101114483511354,0.182117379348836,False,Attenuated by both,,Thy1 → Itgax,0.09191423490988002,False,
Fibroblast -> Neutrophil,Serpine2,Lrp1,0.192205285989579,0.311152733350889,0.0981880046313633,0.410180861046156,True,Attenuated by both,0.311152733350889,Serpine2 → Lrp1,-0.09902812769526698,False,
Fibroblast -> Neutrophil,Ccn1,Itga5,0.192025790923975,0.216335946554938,0.239830122448058,0.55148997229456,True,Attenuated by both,0.216335946554938,Ccn1 → Itga5,-0.33515402573962194,False,
Fibroblast -> Neutrophil,Thbs1,Itga4,0.191301115805157,0.45361162356565,0.0376718269269288,-0.0368299339725018,True,FAP ablation only,,Thbs1 → Itga4,0.4904415575381518,False,
Neutrophil -> Fibroblast,Cd9,Igsf8,0.186031788686036,0.377175268984093,-0.0398338488547488,0.178271478564184,False,Attenuated by both,,Cd9 → Igsf8,0.198903790419909,False,
Fibroblast -> Neutrophil,Antxr1,Treml2,0.185499338096471,0.0843386675620257,-0.263143281608661,0.168180887334752,False,Attenuated by both,,Antxr1 → Treml2,-0.08384221977272631,False,
Neutrophil -> Fibroblast,Tnf,Tnfrsf1a,-0.185424105485507,0.44168010365079,0.0091676598933485,0.291289719453656,False,Attenuated by both,,Tnf → Tnfrsf1a,0.15039038419713402,False,
Neutrophil -> Fibroblast,Tgfb1,Tgfbr2,0.185001862889714,0.0656821014398579,-0.0905606945179014,0.424539368608942,False,Attenuated by both,,Tgfb1 → Tgfbr2,-0.35885726716908406,False,
Neutrophil -> Fibroblast,Itgb2l,Thy1,0.184996619960596,0.267778102431153,-0.146242717646745,0.587123348357098,False,Attenuated by both,,Itgb2l → Thy1,-0.319345245925945,False,
Neutrophil -> Fibroblast,Gm49368,Icam1,0.184362381959718,0.483751851090868,0.294910023480132,0.332820453853434,True,Attenuated by both,0.332820453853434,Gm49368 → Icam1,0.15093139723743398,False,
Neutrophil -> Fibroblast,Sirpb1b,Cd47,0.183680781822552,0.157426931373625,-0.015709535784872,0.221590729377445,False,Attenuated by both,,Sirpb1b → Cd47,-0.06416379800382,False,
Neutrophil -> Fibroblast,Pecam1,Cd38,0.183460199326797,0.526290048509489,0.118098792463705,0.218388228507555,True,Attenuated by both,0.218388228507555,Pecam1 → Cd38,0.307901820001934,False,
Neutrophil -> Fibroblast,Pam,Fxyd1,0.18276428788541,0.342904280038756,0.0069061287154917,0.361398630930077,True,Attenuated by both,0.342904280038756,Pam → Fxyd1,-0.01849435089132101,False,
Neutrophil -> Fibroblast,Calm1,Mylk,0.181227492414796,0.413191588949243,-0.0695722731405123,0.371804211927095,False,Attenuated by both,,Calm1 → Mylk,0.04138737702214801,False,
Fibroblast -> Neutrophil,Rarres2,Ccrl2,0.181121692389008,0.32207751752986,0.258058273139104,0.374657676339405,True,Attenuated by both,0.32207751752986,Rarres2 → Ccrl2,-0.052580158809544975,False,
Fibroblast -> Neutrophil,Grn,Tnfrsf1a,0.180934035471388,0.401901458077567,-0.120200620353093,0.38826176673095,False,Attenuated by both,,Grn → Tnfrsf1a,0.013639691346617022,False,
Neutrophil -> Fibroblast,Lin7c,Abca1,0.180622022887932,0.408102632106877,0.149384940477251,0.373982331527712,True,Attenuated by both,0.373982331527712,Lin7c → Abca1,0.034120300579164986,False,
Fibroblast -> Neutrophil,Fbn1,Itga5,0.180394382419412,0.29828179629527,0.166820906659813,0.340814798216676,True,Attenuated by both,0.29828179629527,Fbn1 → Itga5,-0.042533001921405966,False,
Fibroblast -> Neutrophil,Fst,Bmpr2,0.179571464666154,0.194910633779132,0.114981294580766,0.134380317803842,True,Attenuated by both,0.134380317803842,Fst → Bmpr2,0.06053031597529002,False,
Fibroblast -> Neutrophil,Lgals1,Cd69,0.179451898339593,0.261378843231964,-0.233373481931192,-0.115370734150185,False,FAP ablation only,,Lgals1 → Cd69,0.376749577382149,False,
Fibroblast -> Neutrophil,Csf1,Csf1r,0.178442457472151,0.535169212351042,0.59085162680429,0.523908323935855,True,Attenuated by both,0.523908323935855,Csf1 → Csf1r,0.01126088841518702,True,6.0
Fibroblast -> Neutrophil,Pros1,F5,0.17767850386906,0.0523909730764713,-0.0874021576814685,0.192377600765822,False,Attenuated by both,,Pros1 → F5,-0.1399866276893507,False,
Neutrophil -> Fibroblast,C3,Lrp1,0.17739673246839,0.435858263479366,0.337010903172934,0.603108134074864,True,Attenuated by both,0.435858263479366,C3 → Lrp1,-0.16724987059549795,False,
Neutrophil -> Fibroblast,Plau,Lrp1,0.176510655018377,0.30961090615802,0.205901621476218,0.142730464336162,True,Attenuated by both,0.142730464336162,Plau → Lrp1,0.16688044182185802,False,
Neutrophil -> Fibroblast,L1cam,Itga4,0.174011128737843,0.5209320999006,0.131003911977317,0.158054627696153,True,Attenuated by both,0.158054627696153,L1cam → Itga4,0.362877472204447,False,
Fibroblast -> Neutrophil,Dcn,Tlr4,0.172035017652756,0.392437858088534,0.0013746813358229,0.283945469825803,True,Attenuated by both,0.283945469825803,Dcn → Tlr4,0.108492388262731,False,
Fibroblast -> Neutrophil,Cd47,Sirpb1b,0.170340943346719,0.154331937248476,-0.0055663465708591,0.201958558427839,False,Attenuated by both,,Cd47 → Sirpb1b,-0.047626621179363005,False,
Fibroblast -> Neutrophil,Cd24a,Selp,0.169805817301011,0.435268402561016,-0.0763881217803725,0.103577316082666,False,Attenuated by both,,Cd24a → Selp,0.33169108647835,False,
Neutrophil -> Fibroblast,Ggt1,Cd81,0.169616758817603,0.263542504358554,0.256447169538422,0.486913043913419,True,Attenuated by both,0.263542504358554,Ggt1 → Cd81,-0.22337053955486502,False,
Neutrophil -> Fibroblast,Col19a1,Itga2,-0.167315276326894,0.30301979389674,-0.469766222228645,0.0546992736628793,False,Attenuated by both,,Col19a1 → Itga2,0.2483205202338607,False,
Neutrophil -> Fibroblast,Calm2,Pde1a,0.16610619211206,0.352626935896312,-0.0564359975746041,0.251821786082944,False,Attenuated by both,,Calm2 → Pde1a,0.10080514981336802,False,
Fibroblast -> Neutrophil,Cd38,Pecam1,0.165935492364682,0.501076177490655,0.194905053319968,0.314641089678149,True,Attenuated by both,0.314641089678149,Cd38 → Pecam1,0.186435087812506,False,
Neutrophil -> Fibroblast,Vegfa,Nrp1,0.165905810396272,0.408501689760116,0.347073439299156,0.750602005062961,True,Attenuated by both,0.408501689760116,Vegfa → Nrp1,-0.342100315302845,True,12.0
Fibroblast -> Neutrophil,Serping1,Lrp1,0.164647673791882,0.221915725452168,-0.0153403789529933,0.472660020068577,False,Attenuated by both,,Serping1 → Lrp1,-0.250744294616409,False,
Fibroblast -> Neutrophil,Il6,Il6ra,0.164569464122603,0.434775188941341,0.2893763556814,0.407275706879583,True,Attenuated by both,0.407275706879583,Il6 → Il6ra,0.027499482061758007,False,
Neutrophil -> Fibroblast,Lamc1,Itgb1,0.164203026852552,0.106827916688335,0.245657428580838,0.58106707940306,True,Attenuated by both,0.106827916688335,Lamc1 → Itgb1,-0.474239162714725,False,
Fibroblast -> Neutrophil,Bgn,Tlr2,0.163292223142063,0.503934252875297,0.214779092334058,0.519996690821387,True,Attenuated by both,0.503934252875297,Bgn → Tlr2,-0.01606243794608997,False,
Fibroblast -> Neutrophil,Tfpi,F10,0.16106015032823,0.287012060447262,0.234066090589747,0.290383804805176,True,Attenuated by both,0.287012060447262,Tfpi → F10,-0.003371744357913986,False,
Fibroblast -> Neutrophil,Serpinf1,Plxdc2,0.160095132635846,0.11568903477904,0.0235257700467046,0.191246050687469,True,Attenuated by both,0.11568903477904,Serpinf1 → Plxdc2,-0.075557015908429,False,
Fibroblast -> Neutrophil,Col19a1,Itgb1,0.159646846889397,0.323617110150231,-0.0270275503351499,-0.0992135742547869,False,FAP ablation only,,Col19a1 → Itgb1,0.42283068440501786,False,
Fibroblast -> Neutrophil,Ildr2,Csf2rb,0.157953363626718,0.192044179498984,0.0127342035084764,0.154914697439714,True,Attenuated by both,0.154914697439714,Ildr2 → Csf2rb,0.03712948205927,False,
Neutrophil -> Fibroblast,Tgfb1,Itgb1,0.15695892208715,0.0897093114284997,0.0017515950139326,0.463154011324582,True,Attenuated by both,0.0897093114284997,Tgfb1 → Itgb1,-0.3734446998960823,False,
Neutrophil -> Fibroblast,Itgb2l,Icam1,0.156871468130329,0.447554764325023,0.185960417632551,0.591369670119881,True,Attenuated by both,0.447554764325023,Itgb2l → Icam1,-0.14381490579485795,False,
Fibroblast -> Neutrophil,Cfh,Sell,0.156752662937619,0.334500873086611,0.0714685914657463,0.309089490860255,True,Attenuated by both,0.309089490860255,Cfh → Sell,0.025411382226355972,False,
Fibroblast -> Neutrophil,Plau,Plaur,-0.155633400967531,0.407450084480525,-0.0030016401320853,0.334940771774219,False,Attenuated by both,,Plau → Plaur,0.072509312706306,False,
Fibroblast -> Neutrophil,Thy1,Itgb2l,0.153861818302273,0.249398490568988,-0.13687321616369,0.634689225620749,False,Attenuated by both,,Thy1 → Itgb2l,-0.38529073505176104,False,
Neutrophil -> Fibroblast,Col4a2,Itgb5,0.15188659547749,0.0972193295019139,0.0959047618787381,0.357642122577458,True,Attenuated by both,0.0972193295019139,Col4a2 → Itgb5,-0.26042279307554406,False,
Neutrophil -> Fibroblast,L1cam,Egfr,-0.151766572872806,0.374417920664664,-0.204096996791486,-0.0569599874234987,False,FAP ablation only,,L1cam → Egfr,0.4313779080881627,False,
Neutrophil -> Fibroblast,Serping1,C1ra,0.151186037797542,0.289501532998413,0.359336591751365,0.589330461981827,True,Attenuated by both,0.289501532998413,Serping1 → C1ra,-0.299828928983414,False,
Neutrophil -> Fibroblast,Vegfa,Nrp2,0.150889815608598,0.271786407781126,0.166410728700456,0.68749089395185,True,Attenuated by both,0.271786407781126,Vegfa → Nrp2,-0.41570448617072403,False,
Neutrophil -> Fibroblast,H2.Q7,Aplp2,0.150309659234417,0.146018154961435,0.0484031142278446,0.170180183646118,True,Attenuated by both,0.146018154961435,H2.Q7 → Aplp2,-0.024162028684683007,False,
Fibroblast -> Neutrophil,Cxcl5,Grm7,-0.145479802135708,0.624830973446276,0.417358039779329,0.587422457853287,False,Attenuated by both,,Cxcl5 → Grm7,0.03740851559298908,False,
Neutrophil -> Fibroblast,Mmp9,Lrp1,0.143959323264598,0.286620147786035,-0.0330319292864255,0.352028440632921,False,Attenuated by both,,Mmp9 → Lrp1,-0.06540829284688598,False,
Fibroblast -> Neutrophil,Penk,Mrgpra2b,0.143372586444392,0.499297535818776,0.0510109338256535,0.385558727558286,True,Attenuated by both,0.385558727558286,Penk → Mrgpra2b,0.11373880826048999,False,
Neutrophil -> Fibroblast,Calm3,Pde1a,0.142694017767159,0.287267521195646,-0.183387335174382,0.116360460476929,False,Attenuated by both,,Calm3 → Pde1a,0.17090706071871703,False,
Fibroblast -> Neutrophil,Vegfd,Itgb1,0.141196845450779,0.231121371318285,0.237274096169966,0.400853918351534,True,Attenuated by both,0.231121371318285,Vegfd → Itgb1,-0.169732547033249,False,
Fibroblast -> Neutrophil,Tfpi,Lrp1,0.138806239483963,0.187083623056232,-0.110519763470358,0.355780341643307,False,Attenuated by both,,Tfpi → Lrp1,-0.16869671858707502,False,
Fibroblast -> Neutrophil,Vegfd,Itga5,-0.13630268172333,0.361395528674714,0.330550705857631,0.36651717405738,False,Attenuated by both,,Vegfd → Itga5,-0.005121645382666018,False,
Neutrophil -> Fibroblast,Cd55,Cr1l,0.135363691682767,0.254706249983769,-0.0462210752039006,0.178476426256256,False,Attenuated by both,,Cd55 → Cr1l,0.076229823727513,False,
Fibroblast -> Neutrophil,Adm,Mrgpra2a,-0.135020329383057,0.205987037116174,-0.125966219051038,0.179821521474202,False,Attenuated by both,,Adm → Mrgpra2a,0.026165515641972004,False,
Neutrophil -> Fibroblast,L1cam,Itgb3,0.132565527730552,0.43899162134161,-0.0799819380091971,0.202916282704092,False,Attenuated by both,,L1cam → Itgb3,0.236075338637518,False,
Neutrophil -> Fibroblast,Inhba,Tgfbr3,0.131735239033323,0.202921083054099,-0.0173313548326371,0.562061480175843,False,Attenuated by both,,Inhba → Tgfbr3,-0.359140397121744,False,
Neutrophil -> Fibroblast,Gm9733,Ptprd,0.129517280170871,0.320141890400226,-0.199142062798237,0.01258561698306,False,Attenuated by both,,Gm9733 → Ptprd,0.307556273417166,False,
Fibroblast -> Neutrophil,Angptl2,Itga5,0.12799288849678,0.151801535813698,0.0323106415696457,0.219695578766957,True,Attenuated by both,0.151801535813698,Angptl2 → Itga5,-0.06789404295325899,False,
Fibroblast -> Neutrophil,Plau,Lrp1,0.127388795770999,0.347484959458468,0.118288698811455,0.469140758482943,True,Attenuated by both,0.347484959458468,Plau → Lrp1,-0.12165579902447499,False,
Neutrophil -> Fibroblast,Col4a1,Itgb1,0.126765505809885,0.132476947981029,0.285167337369915,0.609687958011631,True,Attenuated by both,0.132476947981029,Col4a1 → Itgb1,-0.477211010030602,False,
Neutrophil -> Fibroblast,Mif,Egfr,0.12573658351997,0.314386551704381,-0.180455825548158,0.145254673910135,False,Attenuated by both,,Mif → Egfr,0.16913187779424602,False,
Neutrophil -> Fibroblast,Calm1,Pde1a,0.125142316764192,0.457210665590722,0.0686127473804288,0.407581989704873,True,Attenuated by both,0.407581989704873,Calm1 → Pde1a,0.04962867588584896,False,
Neutrophil -> Fibroblast,H2.Q10,Aplp2,0.124719298424068,0.129876187590262,-0.0405110082025318,-0.0526150658969475,False,FAP ablation only,,H2.Q10 → Aplp2,0.18249125348720951,False,
Neutrophil -> Fibroblast,Il1rn,Il1r1,0.124000515071503,0.723036186643913,0.375458492323422,0.525960753192805,True,Attenuated by both,0.525960753192805,Il1rn → Il1r1,0.197075433451108,False,
Fibroblast -> Neutrophil,Bmp2,Bmpr1a,-0.123625090255309,0.117346895260892,0.217683241888984,0.166706915341187,False,Attenuated by both,,Bmp2 → Bmpr1a,-0.04936002008029501,False,
Fibroblast -> Neutrophil,S100a9,Itgb2l,0.122850363899684,0.541405025866586,-0.0149608892989047,0.401987795761294,False,Attenuated by both,,S100a9 → Itgb2l,0.139417230105292,False,
Neutrophil -> Fibroblast,Anxa2,Egfr,0.122730494718995,0.383228457762811,-0.143569640284812,0.143845479915541,False,Attenuated by both,,Anxa2 → Egfr,0.23938297784727,False,
Neutrophil -> Fibroblast,Tgfb1,App,0.121250543681637,0.142929613403375,-0.108490819129638,0.417281308644197,False,Attenuated by both,,Tgfb1 → App,-0.274351695240822,False,
Fibroblast -> Neutrophil,Dcn,Lrp1,0.118206994165124,0.312327292814905,0.0737534888427882,0.546010348069253,True,Attenuated by both,0.312327292814905,Dcn → Lrp1,-0.23368305525434796,False,
Fibroblast -> Neutrophil,Lamb2,Rpsa,0.114606818385281,0.231744355549428,-0.259153928624578,0.292707095174598,False,Attenuated by both,,Lamb2 → Rpsa,-0.06096273962516999,False,
Fibroblast -> Neutrophil,Hbegf,Cd44,0.112402065134314,0.16665306628223,-0.187253572642124,-0.167870518981693,False,FAP ablation only,,Hbegf → Cd44,0.334523585263923,False,
Fibroblast -> Neutrophil,Gnas,Adrb2,0.111458637675233,0.148404208735384,0.0085168608604246,0.255074886006923,True,Attenuated by both,0.148404208735384,Gnas → Adrb2,-0.106670677271539,False,
Fibroblast -> Neutrophil,Tfpi,F3,0.110519471647003,0.274340253977605,-0.400410565779343,0.273459394143483,False,Attenuated by both,,Tfpi → F3,0.0008808598341219498,False,
Fibroblast -> Neutrophil,Lgals3,Anxa2,-0.1059587593279,0.31808217993207,-0.667616470530653,-0.529861150583553,False,FAP ablation only,,Lgals3 → Anxa2,0.847943330515623,False,
Fibroblast -> Neutrophil,Fn1,Plaur,0.1035289557069,0.253382331244256,-0.199965149678213,0.276804167077182,False,Attenuated by both,,Fn1 → Plaur,-0.023421835832925952,False,
Fibroblast -> Neutrophil,Tspan3,Adam10,0.10164997405123,-0.0540495033113148,-0.350763742224591,-0.349626247692926,False,Not attenuated by either,,Tspan3 → Adam10,0.2955767443816112,False,
Neutrophil -> Fibroblast,Siglece,Ifngr1,0.100714092209141,0.400468085776036,0.116336597513856,0.215436429938507,True,Attenuated by both,0.215436429938507,Siglece → Ifngr1,0.18503165583752898,False,
Neutrophil -> Fibroblast,Dcn,Tlr4,0.098588502681353,0.323805531199403,0.421185665391548,0.465722709989764,True,Attenuated by both,0.323805531199403,Dcn → Tlr4,-0.14191717879036103,False,
Neutrophil -> Fibroblast,Tgfb1,Acvrl1,0.0978740488607341,0.0587744972402121,-0.0816038371427905,0.356875198426055,False,Attenuated by both,,Tgfb1 → Acvrl1,-0.29810070118584286,False,
Neutrophil -> Fibroblast,Slpi,Plscr4,-0.0974510873756309,0.230180818119265,-0.0668675394703131,0.400031009431911,False,Attenuated by both,,Slpi → Plscr4,-0.169850191312646,False,
Neutrophil -> Fibroblast,L1cam,Itgav,0.0971579096660518,0.432917523430312,-0.0760329879722624,0.130489590388711,False,Attenuated by both,,L1cam → Itgav,0.302427933041601,False,
Neutrophil -> Fibroblast,Calr,Lrp1,0.0968738725671989,0.301309136052343,-0.198455283470728,0.228487718290438,False,Attenuated by both,,Calr → Lrp1,0.07282141776190498,False,
Neutrophil -> Fibroblast,Mif,Ackr3,0.096151149997254,0.145770350621592,-0.173124555388361,0.311138751639491,False,Attenuated by both,,Mif → Ackr3,-0.165368401017899,False,
Neutrophil -> Fibroblast,S100a9,Tlr4,-0.0933313063549487,0.163679143563577,0.0643787531671429,0.24196327025223,False,Attenuated by both,,S100a9 → Tlr4,-0.078284126688653,False,
Fibroblast -> Neutrophil,Mif,Cd44,0.0921956666845856,0.428935986051498,0.223948543435555,0.140907481324234,True,Attenuated by both,0.140907481324234,Mif → Cd44,0.28802850472726405,False,
Fibroblast -> Neutrophil,Mif,Cd74,0.0905128470623286,0.34709622526915,0.237267918987514,0.365675874006648,True,Attenuated by both,0.34709622526915,Mif → Cd74,-0.01857964873749801,False,
Fibroblast -> Neutrophil,Ildr2,Csf2rb2,0.090176950736812,0.275717641641129,0.176078578524026,0.241475033763371,True,Attenuated by both,0.241475033763371,Ildr2 → Csf2rb2,0.034242607877757986,False,
Neutrophil -> Fibroblast,Lgals1,Itgb1,0.0901533516385425,0.16157497652477,0.281823776640612,0.601359440303322,True,Attenuated by both,0.16157497652477,Lgals1 → Itgb1,-0.439784463778552,False,
Neutrophil -> Fibroblast,Slit3,Robo2,0.0883728544769449,0.160783331827641,0.0925373187700911,0.536780026009962,True,Attenuated by both,0.160783331827641,Slit3 → Robo2,-0.37599669418232096,False,
Fibroblast -> Neutrophil,Serping1,Selp,0.0856918557051534,0.241622726784498,0.0154966777498514,0.280259253334649,True,Attenuated by both,0.241622726784498,Serping1 → Selp,-0.03863652655015101,False,
Fibroblast -> Neutrophil,Bmp4,Bmpr2,0.0833279167998945,0.0757766803989909,-0.086183390050219,0.0459956084322544,False,Attenuated by both,,Bmp4 → Bmpr2,0.029781071966736496,False,
Neutrophil -> Fibroblast,L1cam,Ncam1,-0.0760411517307349,0.154362260815542,-0.413405166378943,0.123471838259648,False,Attenuated by both,,L1cam → Ncam1,0.030890422555893998,False,
Fibroblast -> Neutrophil,Bmp4,Bmpr1a,-0.0759644659957179,0.0928859840395128,0.0310246478548459,0.25085807196073,False,Attenuated by both,,Bmp4 → Bmpr1a,-0.1579720879212172,False,
Fibroblast -> Neutrophil,Serpine1,Plaur,0.0749075962694991,0.519906682071273,0.305341503398134,0.56052548725006,True,Attenuated by both,0.519906682071273,Serpine1 → Plaur,-0.04061880517878702,False,
Neutrophil -> Fibroblast,Sema4a,Plxnb2,0.074716100460409,0.0641388428060821,-0.22363299409451,0.214541224509859,False,Attenuated by both,,Sema4a → Plxnb2,-0.1504023817037769,False,
Neutrophil -> Fibroblast,Tgfb1,Sdc2,0.0741195636612774,0.0170308538295126,-0.171063185336891,0.435935228477372,False,Attenuated by both,,Tgfb1 → Sdc2,-0.4189043746478594,False,
Neutrophil -> Fibroblast,L1cam,Fgfr1,-0.0740340351654569,0.335643606317921,-0.15329216242782,0.0436023325662164,False,Attenuated by both,,L1cam → Fgfr1,0.29204127375170463,False,
Neutrophil -> Fibroblast,Icosl,Ctla4,0.0675171146743441,0.536721833141444,0.460550469201234,0.490939938041071,True,Attenuated by both,0.490939938041071,Icosl → Ctla4,0.04578189510037295,False,
Fibroblast -> Neutrophil,Rps19,C5ar1,0.0581002623091721,0.474363094212501,0.234947153459658,0.0942812320965886,True,Attenuated by both,0.0942812320965886,Rps19 → C5ar1,0.3800818621159124,False,
Neutrophil -> Fibroblast,S100a8,Tlr4,-0.053876678594458,0.161349200826124,0.105040483138988,0.273902312247064,False,Attenuated by both,,S100a8 → Tlr4,-0.11255311142094002,False,
Neutrophil -> Fibroblast,Bgn,Tlr4,0.0526858548175798,0.210480648131131,0.333484206465994,0.438081413268157,True,Attenuated by both,0.210480648131131,Bgn → Tlr4,-0.22760076513702604,False,
Fibroblast -> Neutrophil,Nampt,Itga5,0.0510654486022904,0.432926045749715,0.418130713081388,0.121755296233853,True,Attenuated by both,0.121755296233853,Nampt → Itga5,0.311170749515862,False,
Neutrophil -> Fibroblast,Serping1,Lrp1,0.0504278590657985,0.289085059236824,0.316688809585582,0.59520687425962,True,Attenuated by both,0.289085059236824,Serping1 → Lrp1,-0.30612181502279606,False,
Fibroblast -> Neutrophil,Cdh1,Igf1r,-0.0504259820265202,0.178990584738467,-0.25335936773624,-0.320794671691997,False,FAP ablation only,,Cdh1 → Igf1r,0.499785256430464,False,
Fibroblast -> Neutrophil,Mif,Cxcr2,0.0479259793564887,0.365740524008489,0.0483244600359708,0.0333301569314841,True,Attenuated by both,0.0333301569314841,Mif → Cxcr2,0.3324103670770049,False,
Fibroblast -> Neutrophil,Calm2,Pde1b,-0.0470316541658993,0.260888616683073,0.250563871535799,0.364311302258505,False,Attenuated by both,,Calm2 → Pde1b,-0.103422685575432,False,
Neutrophil -> Fibroblast,Apoe,App,0.0452801886585589,0.321299200564195,-0.0081002825395659,0.492056078332715,False,Attenuated by both,,Apoe → App,-0.17075687776852,False,
Fibroblast -> Neutrophil,Cfh,Itgam,0.0450871338475292,0.31838457138011,0.0901650194337681,0.389428092577145,True,Attenuated by both,0.31838457138011,Cfh → Itgam,-0.071043521197035,False,
Neutrophil -> Fibroblast,L1cam,Chl1,-0.044335892215517,0.531187046000504,0.114855895649349,0.215471838259648,False,Attenuated by both,,L1cam → Chl1,0.31571520774085604,False,
Fibroblast -> Neutrophil,Calm3,Pde1b,-0.0429709899939855,0.245239832320997,0.202911147658164,0.231890425694965,False,Attenuated by both,,Calm3 → Pde1b,0.013349406626031984,False,
Fibroblast -> Neutrophil,Timp1,Fgfr2,0.0417871539667098,0.551536464885652,0.13561876055421,0.536340018860983,True,Attenuated by both,0.536340018860983,Timp1 → Fgfr2,0.015196446024668964,False,
Fibroblast -> Neutrophil,Dcn,Tlr2,0.0405951774812461,0.462439168361071,0.186000946387976,0.436711749679806,True,Attenuated by both,0.436711749679806,Dcn → Tlr2,0.02572741868126499,False,
Neutrophil -> Fibroblast,Lgals3,Ptprk,0.0402650949863683,0.214684805888254,-0.362397933676747,0.0041257660673087,False,Attenuated by both,,Lgals3 → Ptprk,0.21055903982094532,False,
Fibroblast -> Neutrophil,Mpdz,F11r,-0.0391422382812622,0.233367611452142,-0.238239191987473,-0.053178784794949,False,FAP ablation only,,Mpdz → F11r,0.286546396247091,False,
Neutrophil -> Fibroblast,Il1a,Il1r1,0.0388347889660221,0.68778309186287,0.265782547251123,0.50201107948644,True,Attenuated by both,0.50201107948644,Il1a → Il1r1,0.18577201237643004,False,
Fibroblast -> Neutrophil,Bmp2,Bmpr2,0.0356672925403033,0.10023759162037,0.100475203983919,-0.0381555481872886,True,FAP ablation only,,Bmp2 → Bmpr2,0.1383931398076586,False,
Fibroblast -> Neutrophil,Adm,Mrgpra2b,-0.0343570232872941,0.261870160805901,-0.122434596105798,0.216563069947311,False,Attenuated by both,,Adm → Mrgpra2b,0.04530709085858997,False,
Neutrophil -> Fibroblast,Sema4d,Plxnb2,0.0332858573073747,0.0789213810632934,-0.12764351882033,0.224273899570952,False,Attenuated by both,,Sema4d → Plxnb2,-0.14535251850765862,False,
Neutrophil -> Fibroblast,Gm9733,Cd47,0.032126517450331,0.208840464873907,-0.125065323532511,0.288047475549588,False,Attenuated by both,,Gm9733 → Cd47,-0.07920701067568098,False,
Neutrophil -> Fibroblast,Ltb,Tnfrsf1a,0.0315423904297544,0.225438434409107,0.164874794594629,0.244293288596999,True,Attenuated by both,0.225438434409107,Ltb → Tnfrsf1a,-0.01885485418789201,False,
Neutrophil -> Fibroblast,L1cam,Ezr,0.0307334695163799,0.443178370093128,-0.124345523099756,-0.0332877052818817,False,FAP ablation only,,L1cam → Ezr,0.4764660753750097,False,
Fibroblast -> Neutrophil,Vegfd,Itga4,-0.0301880348803576,0.296193000758416,-0.198000360662191,-0.0029769084402798,False,FAP ablation only,,Vegfd → Itga4,0.2991699091986958,False,
Neutrophil -> Fibroblast,Grn,Tnfrsf1a,0.0300368183321224,0.386877144728007,0.075118514044856,0.416320416935135,True,Attenuated by both,0.386877144728007,Grn → Tnfrsf1a,-0.029443272207128002,False,
Fibroblast -> Neutrophil,F11r,Itgb2,-0.026610654744319,0.10110839483819,-0.443589390167173,-0.368957826875309,False,FAP ablation only,,F11r → Itgb2,0.470066221713499,False,
Fibroblast -> Neutrophil,Timp1,Mmp9,-0.0256725532266634,0.48217033736143,0.266836449602042,0.42016028363542,False,Attenuated by both,,Timp1 → Mmp9,0.062010053726009984,False,
Fibroblast -> Neutrophil,Cd47,Gm9733,0.0248038711680516,0.205331156559934,-0.110410924645978,0.283224128129394,False,Attenuated by both,,Cd47 → Gm9733,-0.07789297156946001,False,
Neutrophil -> Fibroblast,Csf3,Csf2ra,-0.0246454978512598,0.414971054864453,0.291966563299051,0.148995952863895,False,Attenuated by both,,Csf3 → Csf2ra,0.265975102000558,False,
Neutrophil -> Fibroblast,Hp,Tlr4,0.0223899348399642,0.308088485078838,0.0047673759688002,0.207494241590138,True,Attenuated by both,0.207494241590138,Hp → Tlr4,0.10059424348870002,False,
Neutrophil -> Fibroblast,Siglece,Nrp2,-0.0211298938458423,0.307086823074341,-0.033126100081017,0.410325318827396,False,Attenuated by both,,Siglece → Nrp2,-0.10323849575305499,False,
Neutrophil -> Fibroblast,L1cam,Itga5,-0.0186636082079582,0.492584420209258,0.002470320289299,0.155916282704092,False,Attenuated by both,,L1cam → Itga5,0.336668137505166,False,
Fibroblast -> Neutrophil,Lama2,Rpsa,0.0173560750847583,0.265512850768835,-0.343409197863782,0.0725802564202911,False,Attenuated by both,,Lama2 → Rpsa,0.19293259434854393,False,
Neutrophil -> Fibroblast,Tgfb1,Pdgfra,0.0168083596072794,0.123601891706323,-0.0509719410993605,0.347821498803459,False,Attenuated by both,,Tgfb1 → Pdgfra,-0.22421960709713595,False,
Fibroblast -> Neutrophil,Plau,Igf2r,0.0166306173064688,0.377285173693085,0.270230155294705,0.368784308949041,True,Attenuated by both,0.368784308949041,Plau → Igf2r,0.00850086474404399,False,
Fibroblast -> Neutrophil,Penk,Mrgpra2a,0.0149315025708514,0.41563663435127,0.0197015331026359,0.321039401307399,True,Attenuated by both,0.321039401307399,Penk → Mrgpra2a,0.09459723304387102,False,
Neutrophil -> Fibroblast,L1cam,Cd9,0.0134336619608052,0.188399924015404,-0.507333100531881,-0.152249406919358,False,FAP ablation only,,L1cam → Cd9,0.340649330934762,False,
Neutrophil -> Fibroblast,Tnf,Ltbr,0.0131439944454718,0.342819132742858,-0.124650501319858,-0.355986238563326,False,FAP ablation only,,Tnf → Ltbr,0.698805371306184,False,
Fibroblast -> Neutrophil,Cfh,Gm49368,-0.0128671359413632,0.348815846885608,0.0461890883176108,0.231895780878974,False,Attenuated by both,,Cfh → Gm49368,0.11692006600663402,False,
Neutrophil -> Fibroblast,Tgfb1,Tgfbr3,-0.0111159953821758,0.171734811884921,0.0765930708690329,0.456397568918107,False,Attenuated by both,,Tgfb1 → Tgfbr3,-0.284662757033186,False,
Neutrophil -> Fibroblast,Sema4a,Nrp1,0.009630605695568,0.169294155882312,-0.0704388492082027,0.390566598936331,False,Attenuated by both,,Sema4a → Nrp1,-0.221272443054019,False,
Fibroblast -> Neutrophil,Calm1,Pde1b,-0.0086886849008253,0.336392391718368,0.119788662735694,0.168396991212814,False,Attenuated by both,,Calm1 → Pde1b,0.16799540050555398,False,
Fibroblast -> Neutrophil,Adam15,Itga5,-0.0069886524506244,0.160982623664489,0.0944347986081363,0.303619225484727,False,Attenuated by both,,Adam15 → Itga5,-0.14263660182023796,False,
Neutrophil -> Fibroblast,Apoe,Lrp1,-0.0045010804588608,0.380099466685745,0.166521547990323,0.559599629115528,False,Attenuated by both,,Apoe → Lrp1,-0.17950016242978295,False,
