"cell","UMAP1","UMAP2","condition","state","patient","lineage"
"SAM24406426_150692",-2.67855794545894,-1.11474465339589,"Uninflamed UC","LP fibroblast","P007","Fibroblast"
"SAM24406426_128188",4.9797872770142,4.41861213237834,"Uninflamed UC","Resting crypt-top fibroblast","P007","Fibroblast"
"SAM24406426_618715",-2.22624547597652,-1.86771856754231,"Uninflamed UC","LP fibroblast","P007","Fibroblast"
"SAM24406426_336203",-1.3525782358337,-1.37824927776265,"Uninflamed UC","LP fibroblast","P007","Fibroblast"
"SAM24406426_301897",-2.75970418569332,-3.86040841548848,"Uninflamed UC","LP fibroblast","P007","Fibroblast"
"SAM24406426_381809",-1.969495369165,-1.11031662433552,"Uninflamed UC","LP fibroblast","P007","Fibroblast"
"SAM24406426_373012",-3.45912511464839,-3.02421437709736,"Uninflamed UC","LP fibroblast","P007","Fibroblast"
"SAM24406426_843231",-3.39559037801509,-1.23127447574544,"Uninflamed UC","LP fibroblast","P007","Fibroblast"
"SAM24406426_209008",-2.38375241872554,-1.39303742855,"Uninflamed UC","LP fibroblast","P007","Fibroblast"
"SAM24406426_723199",-2.054869247644,-1.48209225147175,"Uninflamed UC","LP fibroblast","P007","Fibroblast"
"SAM24406426_466509",-1.33052880880123,-1.34665261714863,"Uninflamed UC","LP fibroblast","P007","Fibroblast"
"SAM24406426_40566",-3.31726558324581,-1.47396503894734,"Uninflamed UC","LP fibroblast","P007","Fibroblast"
"SAM24406426_379505",-3.57886703130489,-3.14839350192952,"Uninflamed UC","Crypt-bottom fibroblast","P007","Fibroblast"
"SAM24406426_53508",-2.11145980474239,-2.07629667728352,"Uninflamed UC","LP fibroblast","P007","Fibroblast"
"SAM24406426_293629",-4.5794201624084,-4.00420772045064,"Uninflamed UC","Crypt-bottom fibroblast","P007","Fibroblast"
"SAM24406426_575038",-4.07906062719112,-4.23278867214131,"Uninflamed UC","Crypt-bottom fibroblast","P007","Fibroblast"
"SAM24406426_375530",-2.70419414159542,-1.03769766300129,"Uninflamed UC","LP fibroblast","P007","Fibroblast"
"SAM24406426_194139",0.85665647867436,4.03046072513652,"Uninflamed UC","Activated crypt-top fibroblast","P007","Fibroblast"
"SAM24406426_100909",-2.18530709859615,1.53443259985042,"Uninflamed UC","LP fibroblast","P007","Fibroblast"
"SAM24406426_724384",-3.80597169515377,-0.68157206981587,"Uninflamed UC","LP fibroblast","P007","Fibroblast"
"SAM24406426_85154",5.23299960973973,5.37522924930644,"Uninflamed UC","Resting crypt-top fibroblast","P007","Fibroblast"
"SAM24406426_170977",-4.64661224004512,-0.389833321265455,"Uninflamed UC","LP fibroblast","P007","Fibroblast"
"SAM24406426_362383",-3.76225288030391,0.0951911905486624,"Uninflamed UC","LP fibroblast","P007","Fibroblast"
"SAM24406426_82447",1.38005082491154,3.99283565074993,"Uninflamed UC","Activated crypt-top fibroblast","P007","Fibroblast"
"SAM24406426_483717",-3.37743384954219,-0.146972706012007,"Uninflamed UC","LP fibroblast","P007","Fibroblast"
"SAM24406426_675235",-3.03566272374874,-0.584981789283033,"Uninflamed UC","LP fibroblast","P007","Fibroblast"
"SAM24406426_23327",-3.46731956121211,1.10800925881458,"Uninflamed UC","LP fibroblast","P007","Fibroblast"
"SAM24406426_76763",4.12794874231631,4.59410584957195,"Uninflamed UC","Resting crypt-top fibroblast","P007","Fibroblast"
"SAM24406426_365659",4.82574157598729,5.33910597354961,"Uninflamed UC","Resting crypt-top fibroblast","P007","Fibroblast"
"SAM24406426_414070",5.03999631288762,4.13554061443401,"Uninflamed UC","Resting crypt-top fibroblast","P007","Fibroblast"
"SAM24406426_815237",4.61963267806286,4.10049332172466,"Uninflamed UC","Resting crypt-top fibroblast","P007","Fibroblast"
"SAM24406426_281103",-3.51780469533687,-0.290447225264784,"Uninflamed UC","LP fibroblast","P007","Fibroblast"
"SAM24406426_764981",-2.08345563527828,-0.84968685119557,"Uninflamed UC","LP fibroblast","P007","Fibroblast"
"SAM24406426_540527",-5.63542754766231,-1.38253699748921,"Uninflamed UC","LP fibroblast","P007","Fibroblast"
"SAM24406426_840955",-6.04474074956661,-1.63006245105671,"Uninflamed UC","LP fibroblast","P007","Fibroblast"
"SAM24406426_44143",-4.85502441045528,-2.65845238178181,"Uninflamed UC","Crypt-bottom fibroblast","P007","Fibroblast"
"SAM24406426_607271",-1.83620126363521,-0.679795612982984,"Uninflamed UC","LP fibroblast","P007","Fibroblast"
"SAM24406426_645448",-1.58402402517086,-0.793736805609937,"Uninflamed UC","LP fibroblast","P007","Fibroblast"
"SAM24406426_405692",-3.54499776479488,-0.29658489435124,"Uninflamed UC","LP fibroblast","P007","Fibroblast"
"SAM24406426_128182",-5.87866313573604,-1.73919331043171,"Uninflamed UC","LP fibroblast","P007","Fibroblast"
"SAM24406426_110961",-2.1051998865295,-1.35997783153462,"Uninflamed UC","LP fibroblast","P007","Fibroblast"
"SAM24406426_638475",-3.7363296281982,-0.0105463167946298,"Uninflamed UC","LP fibroblast","P007","Fibroblast"
"SAM24406426_631284",0.642994807989545,-0.359424223593946,"Uninflamed UC","LP fibroblast","P007","Fibroblast"
"SAM24406426_341386",-1.80258472081905,-1.94968282192158,"Uninflamed UC","LP fibroblast","P007","Fibroblast"
"SAM24406426_274244",-3.21127278920894,-3.88763343303608,"Uninflamed UC","Resting crypt-top fibroblast","P007","Fibroblast"
"SAM24406426_110020",-5.07770164129024,-4.96268950908589,"Uninflamed UC","Crypt-bottom fibroblast","P007","Fibroblast"
"SAM24406426_80919",-2.44185931798702,-3.98004447429585,"Uninflamed UC","Resting crypt-top fibroblast","P007","Fibroblast"
"SAM24406426_94286",-3.96214492437129,-3.4787570139687,"Uninflamed UC","LP fibroblast","P007","Fibroblast"
"SAM24406426_8338",4.84866754892582,5.04950798542095,"Uninflamed UC","Resting crypt-top fibroblast","P007","Fibroblast"
"SAM24406426_504546",-5.53739554998165,-6.20653735607075,"Uninflamed UC","Crypt-bottom fibroblast","P007","Fibroblast"
"SAM24406426_651162",-2.74368674871211,-2.5979410311501,"Uninflamed UC","Resting crypt-top fibroblast","P007","Fibroblast"
"SAM24406426_224108",-1.75603492376094,-0.686102618865247,"Uninflamed UC","LP fibroblast","P007","Fibroblast"
"SAM24406426_126988",-3.42526013967281,-2.55418764560628,"Uninflamed UC","LP fibroblast","P007","Fibroblast"
"SAM24406426_162368",-4.11153228399044,-1.54978167026448,"Uninflamed UC","LP fibroblast","P007","Fibroblast"
"SAM24406426_318840",-3.41091735479122,-1.66389166324544,"Uninflamed UC","LP fibroblast","P007","Fibroblast"
"SAM24406426_41012",-4.02713019963985,-1.77762352435994,"Uninflamed UC","LP fibroblast","P007","Fibroblast"
"SAM24406426_272081",-2.50699193593746,-4.02454577892231,"Uninflamed UC","Resting crypt-top fibroblast","P007","Fibroblast"
"SAM24406426_511063",-2.94961698171382,-2.41978203266072,"Uninflamed UC","LP fibroblast","P007","Fibroblast"
"SAM24406426_607253",-2.15283019658809,-1.01693915336537,"Uninflamed UC","LP fibroblast","P007","Fibroblast"
"SAM24406426_136121",-5.2515679132629,-1.81119166820454,"Uninflamed UC","LP fibroblast","P007","Fibroblast"
"SAM24406426_540929",2.03563134554143,5.85485304386211,"Uninflamed UC","Activated crypt-top fibroblast","P007","Fibroblast"
"SAM24406426_536200",4.01530811372513,2.75955332309795,"Uninflamed UC","Resting crypt-top fibroblast","P007","Fibroblast"
"SAM24406426_620277",-4.84498508092647,-4.35366641490864,"Uninflamed UC","Crypt-bottom fibroblast","P007","Fibroblast"
"SAM24406426_394895",-2.74418695089107,-0.60115157573628,"Uninflamed UC","LP fibroblast","P007","Fibroblast"
"SAM24406426_500629",-2.71253593084102,-4.07584678142476,"Uninflamed UC","Resting crypt-top fibroblast","P007","Fibroblast"
"SAM24406426_602763",-1.70162541982418,-1.12390243022847,"Uninflamed UC","LP fibroblast","P007","Fibroblast"
"SAM24406426_448531",-5.164328647821,-3.61894713848042,"Uninflamed UC","Crypt-bottom fibroblast","P007","Fibroblast"
"SAM24406426_162668",-4.75796611425167,-3.59640847652363,"Uninflamed UC","Crypt-bottom fibroblast","P007","Fibroblast"
"SAM24406426_618583",-4.06209571477657,-1.10388540237355,"Uninflamed UC","LP fibroblast","P007","Fibroblast"
"SAM24406426_420496",-4.86955745336299,-0.354847957782026,"Uninflamed UC","LP fibroblast","P007","Fibroblast"
"SAM24406426_196367",2.22517280462498,5.65813005954814,"Uninflamed UC","Activated crypt-top fibroblast","P007","Fibroblast"
"SAM24406426_561164",-2.71742971059566,-3.03389417140889,"Uninflamed UC","LP fibroblast","P007","Fibroblast"
"SAM24406426_333843",-5.21546752568965,-5.15125762432026,"Uninflamed UC","Crypt-bottom fibroblast","P007","Fibroblast"
"SAM24406426_130270",-3.25113065358882,-0.498048534087415,"Uninflamed UC","LP fibroblast","P007","Fibroblast"
"SAM24406426_458289",-1.2600808870483,-1.55716525524067,"Uninflamed UC","LP fibroblast","P007","Fibroblast"
"SAM24406426_166002",-2.8295102846313,-4.0525513788979,"Uninflamed UC","Resting crypt-top fibroblast","P007","Fibroblast"
"SAM24406426_727290",-4.29406936284786,0.451829607196574,"Uninflamed UC","LP fibroblast","P007","Fibroblast"
"SAM24406426_830339",-3.43407065984493,-0.967048396758314,"Uninflamed UC","LP fibroblast","P007","Fibroblast"
"SAM24406426_404914",-4.69544704076534,-2.40478621929097,"Uninflamed UC","LP fibroblast","P007","Fibroblast"
"SAM24406426_80956",-2.37592656728511,-0.808109035186048,"Uninflamed UC","LP fibroblast","P007","Fibroblast"
"SAM24406426_608460",-3.56893165227657,1.03904003889156,"Uninflamed UC","LP fibroblast","P007","Fibroblast"
"SAM24406426_3424",-5.4017496835876,-0.433471908263441,"Uninflamed UC","LP fibroblast","P007","Fibroblast"
"SAM24406426_584222",-1.65268714544063,-0.892389645270582,"Uninflamed UC","LP fibroblast","P007","Fibroblast"
"SAM24406426_677475",3.28634230974431,5.46738852054668,"Uninflamed UC","Activated crypt-top fibroblast","P007","Fibroblast"
"SAM24406426_45915",5.16366188410039,5.03292168171001,"Uninflamed UC","Resting crypt-top fibroblast","P007","Fibroblast"
"SAM24406426_589761",-6.0120077860046,-1.8012872835915,"Uninflamed UC","LP fibroblast","P007","Fibroblast"
"SAM24406426_774397",4.70699916961903,4.68623913318706,"Uninflamed UC","Resting crypt-top fibroblast","P007","Fibroblast"
"SAM24406426_294952",-1.70849807378536,-1.19549929111409,"Uninflamed UC","LP fibroblast","P007","Fibroblast"
"SAM24406426_669333",-4.35616881963497,-3.21296798198628,"Uninflamed UC","Crypt-bottom fibroblast","P007","Fibroblast"
"SAM24406426_260455",-3.8636170160461,-0.182975699595686,"Uninflamed UC","LP fibroblast","P007","Fibroblast"
"SAM24406426_127407",-4.48006541845088,-4.1215587755959,"Uninflamed UC","Crypt-bottom fibroblast","P007","Fibroblast"
"SAM24406426_41726",-2.58958680745845,-3.98144923656392,"Uninflamed UC","Resting crypt-top fibroblast","P007","Fibroblast"
"SAM24406426_719663",-3.53979785558467,-1.34120379894185,"Uninflamed UC","LP fibroblast","P007","Fibroblast"
"SAM24406426_711103",3.24044536236043,5.31532610447002,"Uninflamed UC","Activated crypt-top fibroblast","P007","Fibroblast"
"SAM24406426_617395",-3.3082404863525,-2.14961086719441,"Uninflamed UC","LP fibroblast","P007","Fibroblast"
"SAM24406426_870664",-4.39337356206661,-2.74494945018696,"Uninflamed UC","Crypt-bottom fibroblast","P007","Fibroblast"
"SAM24406426_7160",-4.42221267339473,-4.33757363765645,"Uninflamed UC","Crypt-bottom fibroblast","P007","Fibroblast"
"SAM24406426_846020",-2.35031039830928,-1.91677128284382,"Uninflamed UC","LP fibroblast","P007","Fibroblast"
"SAM24406426_654342",-1.95240409490352,-1.46670376270222,"Uninflamed UC","LP fibroblast","P007","Fibroblast"
"SAM24406426_9076",-2.68072803136592,-0.78492330520558,"Uninflamed UC","LP fibroblast","P007","Fibroblast"
"SAM24406426_594636",-5.49616630193477,-6.26464520900654,"Uninflamed UC","Crypt-bottom fibroblast","P007","Fibroblast"
"SAM24406426_758919",-4.04854972478633,-0.316851904086347,"Uninflamed UC","LP fibroblast","P007","Fibroblast"
"SAM24406426_793139",-2.38309056874996,-1.61901484935689,"Uninflamed UC","LP fibroblast","P007","Fibroblast"
"SAM24406426_856156",2.82382552507634,5.5980662205894,"Uninflamed UC","Activated crypt-top fibroblast","P007","Fibroblast"
"SAM24406426_629006",-4.69036491033321,-0.787478317908521,"Uninflamed UC","LP fibroblast","P007","Fibroblast"
"SAM24406426_335077",-2.18718917485958,-0.363792648009535,"Uninflamed UC","LP fibroblast","P007","Fibroblast"
"SAM24406426_857555",-4.52844913121944,-3.09432970493245,"Uninflamed UC","Crypt-bottom fibroblast","P007","Fibroblast"
"SAM24406426_816083",-3.25131995794063,-3.63030683010029,"Uninflamed UC","LP fibroblast","P007","Fibroblast"
"SAM24406426_230224",-3.13771922704463,-0.307495226554151,"Uninflamed UC","LP fibroblast","P007","Fibroblast"
"SAM24406426_474251",2.57204000833745,3.67224324733806,"Uninflamed UC","Activated crypt-top fibroblast","P007","Fibroblast"
"SAM24406426_440439",-5.31764705297237,-0.831799735717054,"Uninflamed UC","LP fibroblast","P007","Fibroblast"
"SAM24406426_128857",2.53291003587956,3.96338094265056,"Uninflamed UC","Activated crypt-top fibroblast","P007","Fibroblast"
"SAM24406426_516251",-4.66403873082881,-1.54190193622517,"Uninflamed UC","LP fibroblast","P007","Fibroblast"
"SAM24406426_751014",-3.72900445577388,-0.77146624534535,"Uninflamed UC","LP fibroblast","P007","Fibroblast"
"SAM24406426_93344",2.83992962721104,5.37483347446514,"Uninflamed UC","Activated crypt-top fibroblast","P007","Fibroblast"
"SAM24406426_824135",2.72663121107335,5.80808104068828,"Uninflamed UC","Activated crypt-top fibroblast","P007","Fibroblast"
"SAM24406426_367193",3.23532550218815,2.47542036563945,"Uninflamed UC","Resting crypt-top fibroblast","P007","Fibroblast"
"SAM24406426_308638",4.84320061090703,5.13179911167217,"Uninflamed UC","Resting crypt-top fibroblast","P007","Fibroblast"
"SAM24406426_495377",-4.59301860448604,-2.47368966548848,"Uninflamed UC","LP fibroblast","P007","Fibroblast"
"SAM24406426_599373",-4.89962489721065,-4.02246676891255,"Uninflamed UC","Crypt-bottom fibroblast","P007","Fibroblast"
"SAM24406426_810909",-3.8848105203796,0.386902669974093,"Uninflamed UC","LP fibroblast","P007","Fibroblast"
"SAM24406426_504417",-4.84731967565303,-3.40292083232808,"Uninflamed UC","Crypt-bottom fibroblast","P007","Fibroblast"
"SAM24406426_828034",2.28579203966374,3.2788580754478,"Uninflamed UC","Activated crypt-top fibroblast","P007","Fibroblast"
"SAM24406426_735054",-4.97649486181026,-4.66952191799092,"Uninflamed UC","Crypt-bottom fibroblast","P007","Fibroblast"
"SAM24406426_220434",-4.22482688543086,-1.04961978404927,"Uninflamed UC","LP fibroblast","P007","Fibroblast"
"SAM24406426_343514",-4.2712040674377,-1.33636473625111,"Uninflamed UC","LP fibroblast","P007","Fibroblast"
"SAM24406426_124861",2.41498904112095,5.34735525638652,"Uninflamed UC","Activated crypt-top fibroblast","P007","Fibroblast"
"SAM24406426_54648",-4.51054484960323,-3.39207898586201,"Uninflamed UC","Crypt-bottom fibroblast","P007","Fibroblast"
"SAM24406426_478605",4.92634897115941,4.0558790066917,"Uninflamed UC","Resting crypt-top fibroblast","P007","Fibroblast"
"SAM24406426_748976",-4.14806563970333,-0.00398372619556975,"Uninflamed UC","LP fibroblast","P007","Fibroblast"
"SAM24406426_68481",3.12694315794224,3.94136775524211,"Uninflamed UC","Resting crypt-top fibroblast","P007","Fibroblast"
"SAM24406426_403857",-1.81400687810665,-2.0454987189095,"Uninflamed UC","LP fibroblast","P007","Fibroblast"
"SAM24406426_18622",-4.7762261163879,-2.45871101825642,"Uninflamed UC","LP fibroblast","P007","Fibroblast"
"SAM24406426_772990",-3.86542852041011,-0.72881053893971,"Uninflamed UC","LP fibroblast","P007","Fibroblast"
"SAM24406426_57847",-4.38317782994991,-1.82726561038899,"Uninflamed UC","LP fibroblast","P007","Fibroblast"
"SAM24406426_432222",2.43319909456486,4.00378955394817,"Uninflamed UC","Activated crypt-top fibroblast","P007","Fibroblast"
"SAM24406426_316408",-4.29825980779415,-0.551702727965589,"Uninflamed UC","LP fibroblast","P007","Fibroblast"
"SAM24406426_747469",-4.71080119725948,-1.04199587314534,"Uninflamed UC","LP fibroblast","P007","Fibroblast"
"SAM24406426_581746",-4.95437820073848,-2.64609061687398,"Uninflamed UC","Crypt-bottom fibroblast","P007","Fibroblast"
"SAM24406426_299905",-3.50106341954952,1.18578029663158,"Uninflamed UC","LP fibroblast","P007","Fibroblast"
"SAM24406426_609411",-4.99823005315547,-1.93716322391438,"Uninflamed UC","LP fibroblast","P007","Fibroblast"
"SAM24406426_237003",-4.01501472112422,-0.0872078439514596,"Uninflamed UC","LP fibroblast","P007","Fibroblast"
"SAM24406426_197908",-4.7394600641418,-2.57071196048665,"Uninflamed UC","Crypt-bottom fibroblast","P007","Fibroblast"
"SAM24406426_803898",3.32090304973836,4.43917811901165,"Uninflamed UC","Activated crypt-top fibroblast","P007","Fibroblast"
"SAM24406426_149672",-4.03461558934932,-0.468458165816541,"Uninflamed UC","LP fibroblast","P007","Fibroblast"
"SAM24406426_132276",-4.25481612798458,-1.049860109977,"Uninflamed UC","LP fibroblast","P007","Fibroblast"
"SAM24406426_717986",-3.83739764806514,-0.550828566245313,"Uninflamed UC","LP fibroblast","P007","Fibroblast"
"SAM24406426_720259",-4.55741126653438,-4.02830039470601,"Uninflamed UC","Crypt-bottom fibroblast","P007","Fibroblast"
"SAM24406426_825933",-4.72646339055782,-3.54478370159077,"Uninflamed UC","Crypt-bottom fibroblast","P007","Fibroblast"
"SAM24406426_113494",-4.61924083348995,0.0937799313743155,"Uninflamed UC","LP fibroblast","P007","Fibroblast"
"SAM24406426_445374",4.01469994518275,3.92321408779216,"Uninflamed UC","Resting crypt-top fibroblast","P007","Fibroblast"
"SAM24406426_462547",-4.31726844426876,-2.25456558673787,"Uninflamed UC","LP fibroblast","P007","Fibroblast"
"SAM24406426_607728",3.45969848516697,3.43293107540203,"Uninflamed UC","Resting crypt-top fibroblast","P007","Fibroblast"
"SAM24406426_479585",3.10398917082066,4.52159107715679,"Uninflamed UC","Resting crypt-top fibroblast","P007","Fibroblast"
"SAM24406426_132894",3.115625308783,5.01925934345317,"Uninflamed UC","Activated crypt-top fibroblast","P007","Fibroblast"
"SAM24406426_223408",-4.76891811010127,-0.883938421897169,"Uninflamed UC","LP fibroblast","P007","Fibroblast"
"SAM24406426_437573",-3.1464482080627,-0.043701877288099,"Uninflamed UC","LP fibroblast","P007","Fibroblast"
"SAM24406426_824684",2.95394294145817,4.56867207080913,"Uninflamed UC","Activated crypt-top fibroblast","P007","Fibroblast"
"SAM24406426_598974",4.42068611267323,4.32847941906047,"Uninflamed UC","Resting crypt-top fibroblast","P007","Fibroblast"
"SAM24406426_16909",-4.03141219732051,-1.76623975246358,"Uninflamed UC","LP fibroblast","P007","Fibroblast"
"SAM24406426_23159",-4.98652942296749,-4.03930436580586,"Uninflamed UC","Crypt-bottom fibroblast","P007","Fibroblast"
"SAM24406426_121450",-3.39256103154903,-1.5233024260323,"Uninflamed UC","LP fibroblast","P007","Fibroblast"
"SAM24406426_21976",1.32291643503422,4.31152380497051,"Uninflamed UC","Activated crypt-top fibroblast","P007","Fibroblast"
"SAM24406426_657369",5.00214754226918,4.11339200527263,"Uninflamed UC","Resting crypt-top fibroblast","P007","Fibroblast"
"SAM24406426_762818",3.80408798340077,4.18215454608989,"Uninflamed UC","Resting crypt-top fibroblast","P007","Fibroblast"
"SAM24406426_322242",-4.81737811681514,-1.98943888156819,"Uninflamed UC","LP fibroblast","P007","Fibroblast"
"SAM24406426_686123",-4.30109603521114,-0.456066956214185,"Uninflamed UC","LP fibroblast","P007","Fibroblast"
"SAM24406426_380043",4.36235396745915,4.4914406636436,"Uninflamed UC","Resting crypt-top fibroblast","P007","Fibroblast"
"SAM24406426_125436",2.49595789793248,6.01274670154644,"Uninflamed UC","Activated crypt-top fibroblast","P007","Fibroblast"
"SAM24406426_327834",4.44132398250813,4.53199184925151,"Uninflamed UC","Resting crypt-top fibroblast","P007","Fibroblast"
"SAM24406426_855763",-5.18074710485225,-4.36817513912129,"Uninflamed UC","Crypt-bottom fibroblast","P007","Fibroblast"
"SAM24406426_545564",3.04261760595555,4.26615942508769,"Uninflamed UC","Activated crypt-top fibroblast","P007","Fibroblast"
"SAM24406426_142799",-2.90391452428585,-0.535936345748182,"Uninflamed UC","LP fibroblast","P007","Fibroblast"
"SAM24406426_641431",1.36821381929631,4.64729584247661,"Uninflamed UC","Activated crypt-top fibroblast","P007","Fibroblast"
"SAM24406426_485262",-4.76349647161251,-3.34358512370991,"Uninflamed UC","Crypt-bottom fibroblast","P007","Fibroblast"
"SAM24406426_47225",-4.92083652135616,-0.829875340155836,"Uninflamed UC","LP fibroblast","P007","Fibroblast"
"SAM24406426_830871",4.44583679917569,4.50532640010906,"Uninflamed UC","Resting crypt-top fibroblast","P007","Fibroblast"
"SAM24406426_726589",-3.66239698049312,0.125583896942858,"Uninflamed UC","LP fibroblast","P007","Fibroblast"
"SAM24406426_501322",3.91252908292527,2.95813120395732,"Uninflamed UC","Resting crypt-top fibroblast","P007","Fibroblast"
"SAM24406426_864446",-3.7927056085754,0.0553354123313468,"Uninflamed UC","LP fibroblast","P007","Fibroblast"
"SAM24406426_834245",-4.31950004216915,0.164100865431551,"Uninflamed UC","LP fibroblast","P007","Fibroblast"
"SAM24406426_736941",4.45528890374417,4.51777995616985,"Uninflamed UC","Resting crypt-top fibroblast","P007","Fibroblast"
"SAM24406426_537249",2.26291994932408,4.95862759143901,"Uninflamed UC","Activated crypt-top fibroblast","P007","Fibroblast"
"SAM24406426_378842",-1.62995679494625,-0.305805554084059,"Uninflamed UC","LP fibroblast","P007","Fibroblast"
"SAM24406426_259259",-4.74660785314327,-3.96347295253682,"Uninflamed UC","Crypt-bottom fibroblast","P007","Fibroblast"
"SAM24406426_535602",-5.47307784673458,-5.80772458522725,"Uninflamed UC","Crypt-bottom fibroblast","P007","Fibroblast"
"SAM24406426_592142",3.12994711282963,3.04370416194988,"Uninflamed UC","Resting crypt-top fibroblast","P007","Fibroblast"
"SAM24406426_182714",-4.38722522374874,-0.635831942252393,"Uninflamed UC","LP fibroblast","P007","Fibroblast"
"SAM24406426_280022",1.63692705515141,1.25182796508861,"Uninflamed UC","Resting crypt-top fibroblast","P007","Fibroblast"
"SAM24406426_644009",-3.71243484136348,0.709237764187578,"Uninflamed UC","LP fibroblast","P007","Fibroblast"
"SAM24406426_763145",2.36594645860905,3.51409400493694,"Uninflamed UC","Activated crypt-top fibroblast","P007","Fibroblast"
"SAM24406426_418494",-3.2688322794128,-0.11902826040196,"Uninflamed UC","LP fibroblast","P007","Fibroblast"
"SAM24406426_802102",3.01620678785557,4.60622705013347,"Uninflamed UC","Activated crypt-top fibroblast","P007","Fibroblast"
"SAM24406426_642297",-5.08552177068477,-3.91556750743794,"Uninflamed UC","Crypt-bottom fibroblast","P007","Fibroblast"
"SAM24406426_63564",3.60416446808095,4.23481954128337,"Uninflamed UC","Resting crypt-top fibroblast","P007","Fibroblast"
"SAM24406426_14450",-5.13061435338741,-4.37628613918232,"Uninflamed UC","Crypt-bottom fibroblast","P007","Fibroblast"
"SAM24406426_757518",-5.24149234411006,-3.49414216487813,"Uninflamed UC","Inflammatory fibroblast","P007","Fibroblast"
"SAM24406426_235382",4.16238526064271,3.97244037181926,"Uninflamed UC","Resting crypt-top fibroblast","P007","Fibroblast"
"SAM24406426_411062",-4.79981143590694,-0.540444602660413,"Uninflamed UC","LP fibroblast","P007","Fibroblast"
"SAM24406426_44513",2.77347223642582,3.2534719804008,"Uninflamed UC","Resting crypt-top fibroblast","P007","Fibroblast"
"SAM24406426_476471",-5.1548882257629,-2.45932804553914,"Uninflamed UC","Crypt-bottom fibroblast","P007","Fibroblast"
"SAM24406426_399315",1.90942065599675,1.35045779735637,"Uninflamed UC","Resting crypt-top fibroblast","P007","Fibroblast"
"SAM24406426_177532",2.78720395448918,3.60589207202983,"Uninflamed UC","Resting crypt-top fibroblast","P007","Fibroblast"
"SAM24406426_509976",2.29362838152165,3.26581324131084,"Uninflamed UC","Activated crypt-top fibroblast","P007","Fibroblast"
"SAM24406426_329073",-2.30506284353023,-2.40403472392964,"Uninflamed UC","LP fibroblast","P007","Fibroblast"
"SAM24406426_125930",0.9222454297852,4.80726040393901,"Uninflamed UC","Activated crypt-top fibroblast","P007","Fibroblast"
"SAM24406426_154899",0.889342235357709,5.02146853000713,"Uninflamed UC","Activated crypt-top fibroblast","P007","Fibroblast"
"SAM24406426_492666",3.23896555784459,4.77931345493389,"Uninflamed UC","Activated crypt-top fibroblast","P007","Fibroblast"
"SAM24406426_175639",3.35557137611622,3.30435622722698,"Uninflamed UC","Resting crypt-top fibroblast","P007","Fibroblast"
"SAM24406426_881791",3.0413278806519,4.74809254200054,"Uninflamed UC","Activated crypt-top fibroblast","P007","Fibroblast"
"SAM24406426_836905",-4.42119987127071,-0.445877780608412,"Uninflamed UC","LP fibroblast","P007","Fibroblast"
"SAM24406426_492077",3.18308983925099,2.3590092757423,"Uninflamed UC","Resting crypt-top fibroblast","P007","Fibroblast"
"SAM24406427_801349",3.75228940132374,-3.22650991886067,"Inflamed UC","Inflammatory fibroblast","P007","Fibroblast"
"SAM24406427_310013",3.35996405962224,-1.52553998439717,"Inflamed UC","Inflammatory fibroblast","P007","Fibroblast"
"SAM24406427_585752",5.60002283933873,-2.40230165927815,"Inflamed UC","Inflammatory fibroblast","P007","Fibroblast"
"SAM24406427_512382",4.39281444433446,-2.8981426855843,"Inflamed UC","Inflammatory fibroblast","P007","Fibroblast"
"SAM24406427_819195",3.41906492593998,-1.58145796268391,"Inflamed UC","Inflammatory fibroblast","P007","Fibroblast"
"SAM24406427_800886",4.33578646364922,-2.46053444354939,"Inflamed UC","Inflammatory fibroblast","P007","Fibroblast"
"SAM24406427_75590",2.10977070215458,-1.43623172252583,"Inflamed UC","LP fibroblast","P007","Fibroblast"
"SAM24406427_641672",3.49926166418309,-2.99791275470662,"Inflamed UC","Inflammatory fibroblast","P007","Fibroblast"
"SAM24406427_50224",6.05361549738164,-2.87556420772481,"Inflamed UC","Inflammatory fibroblast","P007","Fibroblast"
"SAM24406427_172794",5.16580359819645,-2.68404780834126,"Inflamed UC","Inflammatory fibroblast","P007","Fibroblast"
"SAM24406427_540122",1.6232427823853,-0.332312812499281,"Inflamed UC","LP fibroblast","P007","Fibroblast"
"SAM24406427_546372",0.307915614874311,-1.02608751266408,"Inflamed UC","LP fibroblast","P007","Fibroblast"
"SAM24406427_531151",0.525337146551557,1.29600066930843,"Inflamed UC","LP fibroblast","P007","Fibroblast"
"SAM24406427_766481",5.75138931158299,-2.94703661411213,"Inflamed UC","Inflammatory fibroblast","P007","Fibroblast"
"SAM24406427_706475",3.89204599145169,-2.08368884532857,"Inflamed UC","Inflammatory fibroblast","P007","Fibroblast"
"SAM24406427_848051",5.8375548589539,-2.37089311092305,"Inflamed UC","Inflammatory fibroblast","P007","Fibroblast"
"SAM24406427_568122",0.907642530233808,2.89632500202251,"Inflamed UC","Activated crypt-top fibroblast","P007","Fibroblast"
"SAM24406427_401116",3.58427702072377,-1.363407482795,"Inflamed UC","Inflammatory fibroblast","P007","Fibroblast"
"SAM24406427_482137",3.31629930618519,-1.4861086508553,"Inflamed UC","Inflammatory fibroblast","P007","Fibroblast"
"SAM24406427_352503",4.11979582016657,-2.19931971042561,"Inflamed UC","Inflammatory fibroblast","P007","Fibroblast"
"SAM24406427_418951",0.592332767279096,0.407796407647852,"Inflamed UC","LP fibroblast","P007","Fibroblast"
"SAM24406427_620137",0.450755761892744,1.96136773616863,"Inflamed UC","LP fibroblast","P007","Fibroblast"
"SAM24406427_848223",0.878216432363935,-2.46146117656636,"Inflamed UC","LP fibroblast","P007","Fibroblast"
"SAM24406427_707277",4.06622016611809,-1.55684577434468,"Inflamed UC","Inflammatory fibroblast","P007","Fibroblast"
"SAM24406427_697879",-0.0337696802306695,2.12193764240337,"Inflamed UC","LP fibroblast","P007","Fibroblast"
"SAM24406427_330278",4.33847929719204,-2.69920336215901,"Inflamed UC","Inflammatory fibroblast","P007","Fibroblast"
"SAM24406427_594388",4.02134537878747,-2.07961141078877,"Inflamed UC","Inflammatory fibroblast","P007","Fibroblast"
"SAM24406427_118690",3.36288891914601,-1.84740458934712,"Inflamed UC","Inflammatory fibroblast","P007","Fibroblast"
"SAM24406427_454123",5.66130189779515,-2.78226124256062,"Inflamed UC","Inflammatory fibroblast","P007","Fibroblast"
"SAM24406427_324705",3.97298413696999,-1.90809928386616,"Inflamed UC","Inflammatory fibroblast","P007","Fibroblast"
"SAM24406427_742864",5.40408151033635,-2.89111386745381,"Inflamed UC","Inflammatory fibroblast","P007","Fibroblast"
"SAM24406427_197939",1.73704569223637,-1.18915878742146,"Inflamed UC","LP fibroblast","P007","Fibroblast"
"SAM24406427_407977",5.69155733469243,-2.83834873645711,"Inflamed UC","Inflammatory fibroblast","P007","Fibroblast"
"SAM24406427_493524",4.31092707994694,-2.00840388744282,"Inflamed UC","Inflammatory fibroblast","P007","Fibroblast"
"SAM24406427_684332",4.42523350003476,-2.73426329105305,"Inflamed UC","Inflammatory fibroblast","P007","Fibroblast"
"SAM24406427_399241",5.20763354185338,-2.17210756748128,"Inflamed UC","Inflammatory fibroblast","P007","Fibroblast"
"SAM24406427_579948",0.588210271627851,1.56010068447185,"Inflamed UC","LP fibroblast","P007","Fibroblast"
"SAM24406427_14533",3.40220909002537,-0.744544138602491,"Inflamed UC","Inflammatory fibroblast","P007","Fibroblast"
"SAM24406427_129366",4.01428288403267,-1.33600126712727,"Inflamed UC","Inflammatory fibroblast","P007","Fibroblast"
"SAM24406427_388395",0.774019168646284,-2.46461903064656,"Inflamed UC","LP fibroblast","P007","Fibroblast"
"SAM24406427_716059",4.54046191457028,-2.3965090414803,"Inflamed UC","Inflammatory fibroblast","P007","Fibroblast"
"SAM24406427_541459",0.669927762777753,3.31787169963909,"Inflamed UC","Activated crypt-top fibroblast","P007","Fibroblast"
"SAM24406427_604888",4.47092463258023,-2.57533012836384,"Inflamed UC","Inflammatory fibroblast","P007","Fibroblast"
"SAM24406427_652743",5.78994588735814,-1.76848041026997,"Inflamed UC","Inflammatory fibroblast","P007","Fibroblast"
"SAM24406427_439867",4.02040963801856,-2.26926409213948,"Inflamed UC","Inflammatory fibroblast","P007","Fibroblast"
"SAM24406427_225262",1.48913972261662,-1.21955465286183,"Inflamed UC","LP fibroblast","P007","Fibroblast"
"SAM24406427_184821",-0.133524013726763,2.0620019534309,"Inflamed UC","Inflammatory fibroblast","P007","Fibroblast"
"SAM24406427_734391",-0.562615467279009,-0.344323446444746,"Inflamed UC","LP fibroblast","P007","Fibroblast"
"SAM24406427_5168",6.22286860826726,0.0132877329070609,"Inflamed UC","Resting crypt-top fibroblast","P007","Fibroblast"
"SAM24406427_462985",-0.249397350518755,-2.74860893695759,"Inflamed UC","LP fibroblast","P007","Fibroblast"
"SAM24406427_859404",-0.582336498467974,-0.342621078185316,"Inflamed UC","LP fibroblast","P007","Fibroblast"
"SAM24406427_659212",6.11640446069951,4.53405798465801,"Inflamed UC","Resting crypt-top fibroblast","P007","Fibroblast"
"SAM24406427_805685",1.69233243349309,-1.25769781082081,"Inflamed UC","LP fibroblast","P007","Fibroblast"
"SAM24406427_353802",3.8975775111031,-1.21496414153981,"Inflamed UC","Inflammatory fibroblast","P007","Fibroblast"
"SAM24406427_750711",1.13923566225285,1.36883522064281,"Inflamed UC","Resting crypt-top fibroblast","P007","Fibroblast"
"SAM24406427_726563",0.60569040659184,0.75430444867206,"Inflamed UC","LP fibroblast","P007","Fibroblast"
"SAM24406427_538918",4.85859583500142,-2.80006252735066,"Inflamed UC","Inflammatory fibroblast","P007","Fibroblast"
"SAM24406427_548348",7.40655271890873,-1.84694420307087,"Inflamed UC","Inflammatory fibroblast","P007","Fibroblast"
"SAM24406427_94805",5.72600357416386,-2.90266977756428,"Inflamed UC","Inflammatory fibroblast","P007","Fibroblast"
"SAM24406427_137492",0.81214325311894,-0.988193740538831,"Inflamed UC","LP fibroblast","P007","Fibroblast"
"SAM24406427_58593",3.84931697133297,-1.21587478130269,"Inflamed UC","Inflammatory fibroblast","P007","Fibroblast"
"SAM24406427_455157",1.27007143381352,-0.709555735282179,"Inflamed UC","LP fibroblast","P007","Fibroblast"
"SAM24406427_821485",0.322136806280561,0.847247655101542,"Inflamed UC","LP fibroblast","P007","Fibroblast"
"SAM24406427_266447",1.42931549432988,-1.36074291675496,"Inflamed UC","LP fibroblast","P007","Fibroblast"
"SAM24406427_237197",6.3088044393372,-2.8768135210793,"Inflamed UC","Inflammatory fibroblast","P007","Fibroblast"
"SAM24406427_585849",3.44765077713246,-1.65985762088704,"Inflamed UC","Inflammatory fibroblast","P007","Fibroblast"
"SAM24406427_469478",5.69533233526463,-2.00670443981099,"Inflamed UC","Inflammatory fibroblast","P007","Fibroblast"
"SAM24406427_520585",-0.218233181207232,-1.45029078929829,"Inflamed UC","LP fibroblast","P007","Fibroblast"
"SAM24406427_506898",0.665684627325483,4.25432098896099,"Inflamed UC","Activated crypt-top fibroblast","P007","Fibroblast"
"SAM24406427_280813",4.13346876572187,-4.00807486980366,"Inflamed UC","Inflammatory fibroblast","P007","Fibroblast"
"SAM24406427_827379",4.03371412488932,-1.52341758220601,"Inflamed UC","Inflammatory fibroblast","P007","Fibroblast"
"SAM24406427_871421",4.37423987868542,-2.58174644916462,"Inflamed UC","Inflammatory fibroblast","P007","Fibroblast"
"SAM24406427_524182",0.816876338751264,-0.0584908625404794,"Inflamed UC","LP fibroblast","P007","Fibroblast"
"SAM24406427_790373",3.10834400537724,-1.24107145278859,"Inflamed UC","Inflammatory fibroblast","P007","Fibroblast"
"SAM24406427_618287",-0.56296022054439,-1.38595520465779,"Inflamed UC","LP fibroblast","P007","Fibroblast"
"SAM24406427_572868",3.62772248867268,-0.981271137885328,"Inflamed UC","Inflammatory fibroblast","P007","Fibroblast"
"SAM24406427_517607",0.777813361914106,0.155952672072176,"Inflamed UC","LP fibroblast","P007","Fibroblast"
"SAM24406427_180101",0.954774068624921,-1.26809071510243,"Inflamed UC","LP fibroblast","P007","Fibroblast"
"SAM24406427_649109",1.51694171312565,-0.586628427199598,"Inflamed UC","LP fibroblast","P007","Fibroblast"
"SAM24406427_615728",-0.823741031854205,-1.89037500827717,"Inflamed UC","LP fibroblast","P007","Fibroblast"
"SAM24406427_856816",0.692198919088789,0.647235857852225,"Inflamed UC","LP fibroblast","P007","Fibroblast"
"SAM24406427_783339",-0.597051693170123,-2.01006232707905,"Inflamed UC","LP fibroblast","P007","Fibroblast"
"SAM24406427_701175",1.15104381922001,2.74619186908794,"Inflamed UC","Resting crypt-top fibroblast","P007","Fibroblast"
"SAM24406427_821977",4.61396022322888,-2.74481927364277,"Inflamed UC","Inflammatory fibroblast","P007","Fibroblast"
"SAM24406427_378877",4.28635557177777,-2.55809914081502,"Inflamed UC","Inflammatory fibroblast","P007","Fibroblast"
"SAM24406427_438778",1.61040298822636,-0.307542791060682,"Inflamed UC","LP fibroblast","P007","Fibroblast"
"SAM24406427_331993",4.45898612025494,-2.48052202670979,"Inflamed UC","Inflammatory fibroblast","P007","Fibroblast"
"SAM24406427_531396",1.54229681375737,-1.01500247924733,"Inflamed UC","LP fibroblast","P007","Fibroblast"
"SAM24406427_651760",0.442758964331098,3.81471074611736,"Inflamed UC","LP fibroblast","P007","Fibroblast"
"SAM24406427_450928",4.98718677643055,-1.46551262348103,"Inflamed UC","Inflammatory fibroblast","P007","Fibroblast"
"SAM24406427_67494",1.33749143961186,-0.871155609778639,"Inflamed UC","LP fibroblast","P007","Fibroblast"
"SAM24406427_656981",4.06478190976495,-1.2704104086678,"Inflamed UC","Inflammatory fibroblast","P007","Fibroblast"
"SAM24406427_225223",4.12768687443177,-3.91481029003071,"Inflamed UC","Inflammatory fibroblast","P007","Fibroblast"
"SAM24406427_655806",1.37745730760808,3.42876089603496,"Inflamed UC","Resting crypt-top fibroblast","P007","Fibroblast"
"SAM24406427_593444",1.73419158342595,-0.202201296977278,"Inflamed UC","LP fibroblast","P007","Fibroblast"
"SAM24406427_328093",5.21080105188603,-1.97996818035054,"Inflamed UC","Inflammatory fibroblast","P007","Fibroblast"
"SAM24406427_509565",0.554339336187788,3.37842405826641,"Inflamed UC","LP fibroblast","P007","Fibroblast"
"SAM24406427_46365",4.61782680633778,-2.80939113109517,"Inflamed UC","Inflammatory fibroblast","P007","Fibroblast"
"SAM24406427_393896",1.49677388551945,-1.32065283267903,"Inflamed UC","LP fibroblast","P007","Fibroblast"
"SAM24406427_745863",3.60265152338261,-1.52058207004475,"Inflamed UC","Inflammatory fibroblast","P007","Fibroblast"
"SAM24406427_103292",4.22822377267594,-1.77670132129597,"Inflamed UC","Inflammatory fibroblast","P007","Fibroblast"
"SAM24406427_293340",4.14077178011949,-1.5948687693398,"Inflamed UC","Inflammatory fibroblast","P007","Fibroblast"
"SAM24406427_283520",4.49501995924229,-1.71639977901387,"Inflamed UC","Inflammatory fibroblast","P007","Fibroblast"
"SAM24406427_256075",3.87433475437874,-1.44667374103474,"Inflamed UC","Inflammatory fibroblast","P007","Fibroblast"
"SAM24406427_496636",-0.981876922814898,0.547987232514147,"Inflamed UC","LP fibroblast","P007","Fibroblast"
"SAM24406427_472904",3.22724579456563,-2.96875440090108,"Inflamed UC","Inflammatory fibroblast","P007","Fibroblast"
"SAM24406427_407785",1.13884107950444,2.36182619125438,"Inflamed UC","Resting crypt-top fibroblast","P007","Fibroblast"
"SAM24406427_740064",5.61193005922551,-1.75104533641743,"Inflamed UC","Inflammatory fibroblast","P007","Fibroblast"
"SAM24406427_306187",6.07517723921055,-2.93658982723164,"Inflamed UC","Inflammatory fibroblast","P007","Fibroblast"
"SAM24406427_841620",-0.295790268151812,-2.06843434780049,"Inflamed UC","LP fibroblast","P007","Fibroblast"
"SAM24406427_241331",4.25716756466145,-1.96049415080952,"Inflamed UC","Inflammatory fibroblast","P007","Fibroblast"
"SAM24406427_576170",0.0808409917664008,2.29445398838115,"Inflamed UC","Inflammatory fibroblast","P007","Fibroblast"
"SAM24406427_354701",4.31948775234932,-1.6037193438332,"Inflamed UC","Inflammatory fibroblast","P007","Fibroblast"
"SAM24406427_347557",1.60561578157658,-0.271947850875135,"Inflamed UC","LP fibroblast","P007","Fibroblast"
"SAM24406427_840771",0.668245481283613,-2.62347923725056,"Inflamed UC","LP fibroblast","P007","Fibroblast"
"SAM24406427_577581",0.496051477224775,0.849537158914332,"Inflamed UC","LP fibroblast","P007","Fibroblast"
"SAM24406427_639802",4.69464604738469,-2.71767055004048,"Inflamed UC","Inflammatory fibroblast","P007","Fibroblast"
"SAM24406427_675189",-0.142709804742388,-0.572909583739515,"Inflamed UC","LP fibroblast","P007","Fibroblast"
"SAM24406427_138457",-3.0530381929565,-5.86592446773457,"Inflamed UC","Crypt-bottom fibroblast","P007","Fibroblast"
"SAM24406427_96265",3.81927694562192,-1.36078058689046,"Inflamed UC","Inflammatory fibroblast","P007","Fibroblast"
"SAM24406427_685741",-0.469696117608599,-2.87082873790669,"Inflamed UC","LP fibroblast","P007","Fibroblast"
"SAM24406427_789837",-1.05719144460445,-2.98217784374165,"Inflamed UC","LP fibroblast","P007","Fibroblast"
"SAM24406427_734315",6.44226686838383,-2.8880325457375,"Inflamed UC","Crypt-bottom fibroblast","P007","Fibroblast"
"SAM24406427_721554",3.76188565972561,-1.79859315364766,"Inflamed UC","Inflammatory fibroblast","P007","Fibroblast"
"SAM24406427_675589",4.91140298727269,-2.21359240024495,"Inflamed UC","Inflammatory fibroblast","P007","Fibroblast"
"SAM24406427_52511",3.27844457510228,-1.02846466510701,"Inflamed UC","Inflammatory fibroblast","P007","Fibroblast"
"SAM24406427_32481",1.57244269731755,-0.447977413825269,"Inflamed UC","LP fibroblast","P007","Fibroblast"
"SAM24406427_175436",1.12255566004033,-2.61659585445332,"Inflamed UC","LP fibroblast","P007","Fibroblast"
"SAM24406427_246593",4.28098601284737,-2.76551519840169,"Inflamed UC","Inflammatory fibroblast","P007","Fibroblast"
"SAM24406427_339143",0.517601655752607,0.475294733949427,"Inflamed UC","LP fibroblast","P007","Fibroblast"
"SAM24406427_850428",0.527279065878339,0.267750630684618,"Inflamed UC","LP fibroblast","P007","Fibroblast"
"SAM24406427_489443",-0.220524383752398,-1.30115257709431,"Inflamed UC","LP fibroblast","P007","Fibroblast"
"SAM24406427_736347",0.430266546041914,0.391016418643717,"Inflamed UC","LP fibroblast","P007","Fibroblast"
"SAM24406427_511909",0.474963592321821,2.74047387630535,"Inflamed UC","LP fibroblast","P007","Fibroblast"
"SAM24406427_521434",1.62629358652348,5.81175602466655,"Inflamed UC","Activated crypt-top fibroblast","P007","Fibroblast"
"SAM24406427_147275",4.8998369443726,-2.18588124721455,"Inflamed UC","Inflammatory fibroblast","P007","Fibroblast"
"SAM24406427_109151",3.16279898765797,-0.479861249617811,"Inflamed UC","Inflammatory fibroblast","P007","Fibroblast"
"SAM24406427_543867",2.16753165605778,-0.542621841124769,"Inflamed UC","LP fibroblast","P007","Fibroblast"
"SAM24406427_764756",0.735111879141279,2.96780146152568,"Inflamed UC","LP fibroblast","P007","Fibroblast"
"SAM24406427_587744",0.814239429266401,-2.23690973728108,"Inflamed UC","LP fibroblast","P007","Fibroblast"
"SAM24406427_445000",-4.96599395391231,-5.14361487834858,"Inflamed UC","Crypt-bottom fibroblast","P007","Fibroblast"
"SAM24406427_520201",5.47758917692418,-2.71820103137898,"Inflamed UC","Inflammatory fibroblast","P007","Fibroblast"
"SAM24406427_387758",0.0921100843262153,-0.858657707862135,"Inflamed UC","LP fibroblast","P007","Fibroblast"
"SAM24406427_559917",1.4797507989716,-1.08217822521138,"Inflamed UC","LP fibroblast","P007","Fibroblast"
"SAM24406427_163652",1.46858613374943,5.60076464206768,"Inflamed UC","Activated crypt-top fibroblast","P007","Fibroblast"
"SAM24406427_573007",0.313023256094404,-0.213134636573072,"Inflamed UC","LP fibroblast","P007","Fibroblast"
"SAM24406427_674921",0.240589784414716,1.49513531715465,"Inflamed UC","LP fibroblast","P007","Fibroblast"
"SAM24406427_648647",3.00031630876774,-0.497636546782728,"Inflamed UC","Inflammatory fibroblast","P007","Fibroblast"
"SAM24406427_272931",3.11032335642094,-0.0742639204781015,"Inflamed UC","Inflammatory fibroblast","P007","Fibroblast"
"SAM24406427_657789",0.0518831479858832,-1.87090527027058,"Inflamed UC","LP fibroblast","P007","Fibroblast"
"SAM24406427_554133",4.97239451292271,-2.64370953052449,"Inflamed UC","Inflammatory fibroblast","P007","Fibroblast"
"SAM24406427_388431",1.0096010434937,3.03811563045574,"Inflamed UC","Activated crypt-top fibroblast","P007","Fibroblast"
"SAM24406427_401982",1.53964822176213,-0.447984447173353,"Inflamed UC","LP fibroblast","P007","Fibroblast"
"SAM24406427_670730",4.7665920722794,-1.83463965862202,"Inflamed UC","Inflammatory fibroblast","P007","Fibroblast"
"SAM24406427_460783",0.452081369192548,-1.09365378826069,"Inflamed UC","LP fibroblast","P007","Fibroblast"
"SAM24406427_348942",0.696680234701581,-2.98564468830037,"Inflamed UC","LP fibroblast","P007","Fibroblast"
"SAM24406427_811596",4.06178743946666,-1.33222054450917,"Inflamed UC","Inflammatory fibroblast","P007","Fibroblast"
"SAM24406427_828654",0.58730308893437,3.30785311252666,"Inflamed UC","LP fibroblast","P007","Fibroblast"
"SAM24406427_5506",-2.48680503484493,-2.41501604526448,"Inflamed UC","LP fibroblast","P007","Fibroblast"
"SAM24406427_117438",-0.325854850976519,2.09577930957866,"Inflamed UC","Inflammatory fibroblast","P007","Fibroblast"
"SAM24406427_108956",0.674772428305097,3.59986556560588,"Inflamed UC","Activated crypt-top fibroblast","P007","Fibroblast"
"SAM24406427_603368",-0.338586403100543,-2.25345193355488,"Inflamed UC","LP fibroblast","P007","Fibroblast"
"SAM24406427_741238",0.692139552862592,3.6553605893333,"Inflamed UC","Activated crypt-top fibroblast","P007","Fibroblast"
"SAM24406427_4779",3.40083949449772,-0.657893647841688,"Inflamed UC","Inflammatory fibroblast","P007","Fibroblast"
"SAM24406427_80894",0.245377944738813,-0.0478646060745676,"Inflamed UC","LP fibroblast","P007","Fibroblast"
"SAM24406427_125834",3.0955156553101,-1.10162376373219,"Inflamed UC","Inflammatory fibroblast","P007","Fibroblast"
"SAM24406427_701169",5.2443764674973,-2.77311359851765,"Inflamed UC","Inflammatory fibroblast","P007","Fibroblast"
"SAM24406427_279118",-0.068938804833941,1.99952853710246,"Inflamed UC","Inflammatory fibroblast","P007","Fibroblast"
"SAM24406427_703592",3.5630671847176,-0.564172138861891,"Inflamed UC","Inflammatory fibroblast","P007","Fibroblast"
"SAM24406427_720776",-1.27667529699092,0.425213108368639,"Inflamed UC","LP fibroblast","P007","Fibroblast"
"SAM24406427_605500",5.8921670186829,-2.8186179301064,"Inflamed UC","Inflammatory fibroblast","P007","Fibroblast"
"SAM24406427_266183",-0.432445598809771,-1.6163257262032,"Inflamed UC","LP fibroblast","P007","Fibroblast"
"SAM24406427_319257",4.19051851514096,-1.52891408412861,"Inflamed UC","Inflammatory fibroblast","P007","Fibroblast"
"SAM24406427_294237",1.42761604669804,-0.863442291907545,"Inflamed UC","LP fibroblast","P007","Fibroblast"
"SAM24406427_731584",4.34736764612908,-1.48342691867756,"Inflamed UC","Inflammatory fibroblast","P007","Fibroblast"
"SAM24406427_318249",0.495223449499555,1.83586813003612,"Inflamed UC","Inflammatory fibroblast","P007","Fibroblast"
"SAM24406427_717567",6.10610132101292,-2.90909325092244,"Inflamed UC","Inflammatory fibroblast","P007","Fibroblast"
"SAM24406427_301482",3.41788290622944,-0.867775788001295,"Inflamed UC","Inflammatory fibroblast","P007","Fibroblast"
"SAM24406427_350242",7.53753607156987,-1.93504606693196,"Inflamed UC","Inflammatory fibroblast","P007","Fibroblast"
"SAM24406427_497068",2.84147195699925,-0.999839057616468,"Inflamed UC","Inflammatory fibroblast","P007","Fibroblast"
"SAM24406427_694006",5.62739162328953,-2.51198255031514,"Inflamed UC","Inflammatory fibroblast","P007","Fibroblast"
"SAM24406427_863982",-2.72224052068477,-5.85387574642109,"Inflamed UC","Crypt-bottom fibroblast","P007","Fibroblast"
"SAM24406427_99487",-0.508144928185992,-2.74452506511616,"Inflamed UC","LP fibroblast","P007","Fibroblast"
"SAM24406427_845597",1.06547205332036,-0.506932129554029,"Inflamed UC","LP fibroblast","P007","Fibroblast"
"SAM24406427_202353",0.662605451376386,3.40414966137004,"Inflamed UC","Activated crypt-top fibroblast","P007","Fibroblast"
"SAM24406427_673518",4.68039696100468,-2.70229302852559,"Inflamed UC","Inflammatory fibroblast","P007","Fibroblast"
"SAM24406427_62877",1.17647974375004,-0.572914828948255,"Inflamed UC","LP fibroblast","P007","Fibroblast"
"SAM24406427_61255",0.421954082281538,-0.446981777838941,"Inflamed UC","LP fibroblast","P007","Fibroblast"
"SAM24406427_384774",3.77822528961415,-1.84625731914448,"Inflamed UC","Inflammatory fibroblast","P007","Fibroblast"
"SAM24406427_183483",-0.708765102593951,-2.92899881809163,"Inflamed UC","LP fibroblast","P007","Fibroblast"
"SAM24406427_592599",3.87801657799,-1.52137338130879,"Inflamed UC","Inflammatory fibroblast","P007","Fibroblast"
"SAM24406427_456242",0.817782806189008,3.74048746616435,"Inflamed UC","Activated crypt-top fibroblast","P007","Fibroblast"
"SAM24406427_440471",0.504304097921796,0.0188878873069327,"Inflamed UC","LP fibroblast","P007","Fibroblast"
"SAM24406427_142770",1.74365274790043,2.18535257370067,"Inflamed UC","Resting crypt-top fibroblast","P007","Fibroblast"
"SAM24406427_832543",-0.823907924859576,-2.99785648792195,"Inflamed UC","LP fibroblast","P007","Fibroblast"
"SAM24406427_363552",5.98216931703801,-2.8726254603188,"Inflamed UC","Inflammatory fibroblast","P007","Fibroblast"
"SAM24406427_152210",1.66153089884038,-0.59071468322682,"Inflamed UC","LP fibroblast","P007","Fibroblast"
"SAM24406427_132220",-0.349651409356646,-1.35267590492177,"Inflamed UC","LP fibroblast","P007","Fibroblast"
"SAM24406427_336541",4.5858963299107,-2.49394308536458,"Inflamed UC","Inflammatory fibroblast","P007","Fibroblast"
"SAM24406427_715797",1.33699886682744,5.26853741199565,"Inflamed UC","Activated crypt-top fibroblast","P007","Fibroblast"
"SAM24406427_109261",0.533689903051801,3.76506556064678,"Inflamed UC","Activated crypt-top fibroblast","P007","Fibroblast"
"SAM24406427_81543",-0.0268722307372613,-1.03304075210499,"Inflamed UC","LP fibroblast","P007","Fibroblast"
"SAM24406427_440004",3.95107765677685,-2.11384045093464,"Inflamed UC","Inflammatory fibroblast","P007","Fibroblast"
"SAM24406427_795235",5.75356297376866,-2.84018908946919,"Inflamed UC","Inflammatory fibroblast","P007","Fibroblast"
"SAM24406427_818193",1.84767668131108,5.80112637073589,"Inflamed UC","Activated crypt-top fibroblast","P007","Fibroblast"
"SAM24406427_621547",0.65895836237187,3.28685892612529,"Inflamed UC","Activated crypt-top fibroblast","P007","Fibroblast"
"SAM24406427_517925",-0.631715847222857,2.27634669334484,"Inflamed UC","Inflammatory fibroblast","P007","Fibroblast"
"SAM24406427_424291",4.89478491428608,-1.38818346469807,"Inflamed UC","Inflammatory fibroblast","P007","Fibroblast"
"SAM24406427_862852",0.90240900400395,-2.53501378505635,"Inflamed UC","LP fibroblast","P007","Fibroblast"
"SAM24406427_8889",1.38513796213383,-2.50606810062337,"Inflamed UC","LP fibroblast","P007","Fibroblast"
"SAM24406427_579264",0.502391027243085,3.29292644054485,"Inflamed UC","LP fibroblast","P007","Fibroblast"
"SAM24406427_386517",6.04407315138096,-2.0225278040688,"Inflamed UC","Inflammatory fibroblast","P007","Fibroblast"
"SAM24406427_360793",2.25073926332707,-0.589882960013624,"Inflamed UC","LP fibroblast","P007","Fibroblast"
"SAM24406427_881135",4.88960986021275,-0.731849422148939,"Inflamed UC","Inflammatory fibroblast","P007","Fibroblast"
"SAM24406427_834834",0.732466148168989,0.774891103215937,"Inflamed UC","LP fibroblast","P007","Fibroblast"
"SAM24406427_20052",-0.150819374291949,-1.18743788211751,"Inflamed UC","LP fibroblast","P007","Fibroblast"
"SAM24406427_872368",0.369920657904096,3.58189214260173,"Inflamed UC","LP fibroblast","P007","Fibroblast"
"SAM24406427_304457",4.22444158974404,-2.21421109645772,"Inflamed UC","Inflammatory fibroblast","P007","Fibroblast"
"SAM24406427_635983",1.10552875879521,2.36001516372753,"Inflamed UC","Resting crypt-top fibroblast","P007","Fibroblast"
"SAM24406427_292860",1.19351689699406,-0.895587672881361,"Inflamed UC","LP fibroblast","P007","Fibroblast"
"SAM24406427_707849",7.5437897908997,-1.8568476340096,"Inflamed UC","Inflammatory fibroblast","P007","Fibroblast"
"SAM24406427_70593",0.777255700857587,3.78805125743938,"Inflamed UC","Activated crypt-top fibroblast","P007","Fibroblast"
"SAM24406427_601603",1.00304477098698,-2.57187854259419,"Inflamed UC","LP fibroblast","P007","Fibroblast"
"SAM24406427_427080",0.725473569662519,3.31703222782207,"Inflamed UC","Activated crypt-top fibroblast","P007","Fibroblast"
"SAM24406427_122744",-0.645307136743121,2.31572426349712,"Inflamed UC","Inflammatory fibroblast","P007","Fibroblast"
"SAM24406427_517438",0.946619199545331,3.01881803066326,"Inflamed UC","Activated crypt-top fibroblast","P007","Fibroblast"
"SAM24406427_812903",5.48519103410954,-2.8146260878365,"Inflamed UC","Inflammatory fibroblast","P007","Fibroblast"
"SAM24406427_749747",1.83408110025639,5.63253963977886,"Inflamed UC","Activated crypt-top fibroblast","P007","Fibroblast"
"SAM24406427_691770",3.39955567005391,-1.04323469608235,"Inflamed UC","Inflammatory fibroblast","P007","Fibroblast"
"SAM24406427_332275",-0.921430183618121,-2.45613705127644,"Inflamed UC","LP fibroblast","P007","Fibroblast"
"SAM24406427_648368",-0.598793579309039,2.14130486042095,"Inflamed UC","Inflammatory fibroblast","P007","Fibroblast"
"SAM24406427_147967",6.05286447885747,-2.67062221973347,"Inflamed UC","Inflammatory fibroblast","P007","Fibroblast"
"SAM24406427_745821",4.03735175910706,-1.29090486972737,"Inflamed UC","Inflammatory fibroblast","P007","Fibroblast"
"SAM24406427_36723",3.91471594753975,-1.50531946628499,"Inflamed UC","Inflammatory fibroblast","P007","Fibroblast"
"SAM24406427_360678",1.87847106340642,2.67270554096294,"Inflamed UC","Resting crypt-top fibroblast","P007","Fibroblast"
"SAM24406427_648890",1.47519724252934,2.23195482284618,"Inflamed UC","Resting crypt-top fibroblast","P007","Fibroblast"
"SAM24406427_223279",0.41784541490788,0.984906653471712,"Inflamed UC","LP fibroblast","P007","Fibroblast"
"SAM24406427_834283",4.65581034305806,-1.43221723049092,"Inflamed UC","Inflammatory fibroblast","P007","Fibroblast"
"SAM24406427_654685",4.65299664619679,-1.4791916510384,"Inflamed UC","Inflammatory fibroblast","P007","Fibroblast"
"SAM24406427_46515",0.572357820303388,3.45895565540386,"Inflamed UC","Activated crypt-top fibroblast","P007","Fibroblast"
"SAM24406427_483731",1.06351058367009,3.41730035335613,"Inflamed UC","Activated crypt-top fibroblast","P007","Fibroblast"
"SAM24406427_101605",5.20452062967534,-2.55820976703572,"Inflamed UC","Inflammatory fibroblast","P007","Fibroblast"
"SAM24406427_487470",1.44285194757695,-1.34698485343861,"Inflamed UC","LP fibroblast","P007","Fibroblast"
"SAM24406427_202794",1.10919182184453,-1.30950724094319,"Inflamed UC","LP fibroblast","P007","Fibroblast"
"SAM24406427_331261",0.745753454000898,3.24500120670391,"Inflamed UC","Activated crypt-top fibroblast","P007","Fibroblast"
"SAM24406427_115112",-3.51112992879634,-5.36776839702534,"Inflamed UC","Crypt-bottom fibroblast","P007","Fibroblast"
"SAM24406427_38264",-0.500207496850543,-0.340167631797071,"Inflamed UC","LP fibroblast","P007","Fibroblast"
"SAM24406427_173265",-3.69688613530879,-1.24675773590016,"Inflamed UC","LP fibroblast","P007","Fibroblast"
"SAM24406427_438219",2.50030224207158,0.421228001423601,"Inflamed UC","Resting crypt-top fibroblast","P007","Fibroblast"
"SAM24406427_860883",0.0907768476318793,-0.999615301779981,"Inflamed UC","LP fibroblast","P007","Fibroblast"
"SAM24406427_837302",-4.92396552678829,-5.17596971004414,"Inflamed UC","Crypt-bottom fibroblast","P007","Fibroblast"
"SAM24406427_253985",3.75883664372677,-1.89339100330281,"Inflamed UC","Inflammatory fibroblast","P007","Fibroblast"
"SAM24406427_207622",-2.74866349813228,-5.92406760662007,"Inflamed UC","Crypt-bottom fibroblast","P007","Fibroblast"
"SAM24406427_855756",0.953284429342695,-2.3585554262917,"Inflamed UC","LP fibroblast","P007","Fibroblast"
"SAM24406427_109061",0.736500190527387,-2.37839518993306,"Inflamed UC","LP fibroblast","P007","Fibroblast"
"SAM24406427_518093",4.8414685595345,-1.47099863498616,"Inflamed UC","Inflammatory fibroblast","P007","Fibroblast"
"SAM24406427_523271",6.25564329508061,0.17846907169414,"Inflamed UC","Resting crypt-top fibroblast","P007","Fibroblast"
"SAM24406427_745816",3.76392288687939,-1.42339025943684,"Inflamed UC","Inflammatory fibroblast","P007","Fibroblast"
"SAM24406427_244628",0.974574254782148,-2.37654339282918,"Inflamed UC","LP fibroblast","P007","Fibroblast"
"SAM24406427_92341",0.320533679754682,1.89938546211315,"Inflamed UC","Inflammatory fibroblast","P007","Fibroblast"
"SAM24406427_801585",5.78792409780736,-2.68072735279011,"Inflamed UC","Inflammatory fibroblast","P007","Fibroblast"
"SAM24406427_656303",1.45164101007695,4.74008024723125,"Inflamed UC","Activated crypt-top fibroblast","P007","Fibroblast"
"SAM24406427_678885",5.30738119962925,-2.48869024722981,"Inflamed UC","Inflammatory fibroblast","P007","Fibroblast"
"SAM24406427_712036",0.750608133108564,-0.15219705312657,"Inflamed UC","LP fibroblast","P007","Fibroblast"
"SAM24406427_241512",-1.00272996541744,-3.13011561839985,"Inflamed UC","LP fibroblast","P007","Fibroblast"
"SAM24406427_302957",5.47473137262578,-1.92284642665791,"Inflamed UC","Inflammatory fibroblast","P007","Fibroblast"
"SAM24406427_436117",3.80569501403088,-1.31640361755299,"Inflamed UC","Inflammatory fibroblast","P007","Fibroblast"
"SAM24406427_161192",1.99546234491581,5.72623766452861,"Inflamed UC","Activated crypt-top fibroblast","P007","Fibroblast"
"SAM24406427_784405",1.80860106828923,2.44540704280925,"Inflamed UC","Resting crypt-top fibroblast","P007","Fibroblast"
"SAM24406427_355575",1.64967434290165,-0.152415384940382,"Inflamed UC","LP fibroblast","P007","Fibroblast"
"SAM24406427_129166",0.835047649176069,-2.64336286991047,"Inflamed UC","LP fibroblast","P007","Fibroblast"
"SAM24406427_123323",0.825482534201093,-2.58177172153401,"Inflamed UC","LP fibroblast","P007","Fibroblast"
"SAM24406427_465731",-1.78449876424556,2.09058941394878,"Inflamed UC","Inflammatory fibroblast","P007","Fibroblast"
"SAM24406427_12751",0.483615564138837,-2.37984334438252,"Inflamed UC","LP fibroblast","P007","Fibroblast"
"SAM24406427_296904",-0.460704876153521,-2.44824253528523,"Inflamed UC","LP fibroblast","P007","Fibroblast"
"SAM24406427_301068",1.59079067590947,2.31831241638256,"Inflamed UC","Resting crypt-top fibroblast","P007","Fibroblast"
"SAM24406427_12747",1.33082930925602,-1.08519183605122,"Inflamed UC","LP fibroblast","P007","Fibroblast"
"SAM24406427_805544",0.61580626848454,-0.686584343604322,"Inflamed UC","LP fibroblast","P007","Fibroblast"
"SAM24406427_119372",0.658306287558027,4.45693481952739,"Inflamed UC","Activated crypt-top fibroblast","P007","Fibroblast"
"SAM24406427_250981",-0.458220077722125,-0.913078894309278,"Inflamed UC","LP fibroblast","P007","Fibroblast"
"SAM24406427_228422",5.21050886991734,-2.28319536655354,"Inflamed UC","LP fibroblast","P007","Fibroblast"
"SAM24406427_270223",-1.63395793554073,0.363148371287112,"Inflamed UC","LP fibroblast","P007","Fibroblast"
"SAM24406427_618021",0.576224731237836,3.16769755870891,"Inflamed UC","Activated crypt-top fibroblast","P007","Fibroblast"
"SAM24406427_148766",5.24413745287175,-1.26521741359639,"Inflamed UC","Inflammatory fibroblast","P007","Fibroblast"
"SAM24406427_856351",-0.120747638909869,-1.80509530513691,"Inflamed UC","LP fibroblast","P007","Fibroblast"
"SAM24406427_512054",-3.91489608403926,-5.35724078624653,"Inflamed UC","Crypt-bottom fibroblast","P007","Fibroblast"
"SAM24406427_181719",4.98047964456791,-2.06390463321614,"Inflamed UC","Inflammatory fibroblast","P007","Fibroblast"
"SAM24406427_373320",3.28494976642842,-0.217837502650495,"Inflamed UC","Inflammatory fibroblast","P007","Fibroblast"
"SAM24406427_330400",-0.712473465173296,-2.96573220699238,"Inflamed UC","LP fibroblast","P007","Fibroblast"
"SAM24406427_63425",4.33221249464268,-1.72437535732197,"Inflamed UC","Inflammatory fibroblast","P007","Fibroblast"
"SAM24406427_764673",3.26468704822774,-0.651815643004652,"Inflamed UC","Inflammatory fibroblast","P007","Fibroblast"
"SAM24406427_411851",1.22159855249638,2.71910465747905,"Inflamed UC","Resting crypt-top fibroblast","P007","Fibroblast"
"SAM24406427_667097",4.28444998148198,-1.26752673595357,"Inflamed UC","Inflammatory fibroblast","P007","Fibroblast"
"SAM24406427_305340",0.821598933966108,3.46821416408611,"Inflamed UC","Activated crypt-top fibroblast","P007","Fibroblast"
"SAM24406427_396230",0.957838939459272,-2.13618694751668,"Inflamed UC","LP fibroblast","P007","Fibroblast"
"SAM24406427_249694",-2.01606090184932,0.124490449734453,"Inflamed UC","LP fibroblast","P007","Fibroblast"
"SAM24406427_464745",4.08267445671672,-0.732457747153517,"Inflamed UC","Inflammatory fibroblast","P007","Fibroblast"
"SAM24406427_212034",-4.64132888433223,-5.31390630214619,"Inflamed UC","Crypt-bottom fibroblast","P007","Fibroblast"
"SAM24406427_33632",-2.39170367833858,-0.111168613127943,"Inflamed UC","LP fibroblast","P007","Fibroblast"
"SAM24406427_260828",4.62449775818104,-1.95009457080769,"Inflamed UC","Inflammatory fibroblast","P007","Fibroblast"
"SAM24406427_97016",0.591856168539472,4.43184293300701,"Inflamed UC","Activated crypt-top fibroblast","P007","Fibroblast"
"SAM24406427_795240",4.09360706429297,-1.9046615263741,"Inflamed UC","Inflammatory fibroblast","P007","Fibroblast"
"SAM24406427_874217",-1.19536216375118,-2.85248743503499,"Inflamed UC","LP fibroblast","P007","Fibroblast"
"SAM24406427_343421",1.5647711026978,2.95187772304607,"Inflamed UC","Activated crypt-top fibroblast","P007","Fibroblast"
"SAM24406427_867605",0.773483680517622,3.33507836849285,"Inflamed UC","Activated crypt-top fibroblast","P007","Fibroblast"
"SAM24406427_210648",3.85656808498616,-1.05396269767689,"Inflamed UC","Inflammatory fibroblast","P007","Fibroblast"
"SAM24406427_363499",4.68884281996007,-1.84452282398152,"Inflamed UC","Inflammatory fibroblast","P007","Fibroblast"
"SAM24406427_790365",-0.185239387719683,1.80174077541423,"Inflamed UC","LP fibroblast","P007","Fibroblast"
"SAM24406427_799071",2.01197664621586,6.05555189640117,"Inflamed UC","Activated crypt-top fibroblast","P007","Fibroblast"
"SAM24406427_669403",5.41495900037999,-1.59537826984334,"Inflamed UC","Inflammatory fibroblast","P007","Fibroblast"
"SAM24406427_377636",1.93705694559331,2.84893549472881,"Inflamed UC","Resting crypt-top fibroblast","P007","Fibroblast"
"SAM24406427_858173",-2.95965106603389,-2.55015551059651,"Inflamed UC","LP fibroblast","P007","Fibroblast"
"SAM24406427_866784",0.335559057028242,-0.390956272773023,"Inflamed UC","LP fibroblast","P007","Fibroblast"
"SAM24406427_751561",-4.4506359827209,-5.62979995220112,"Inflamed UC","Crypt-bottom fibroblast","P007","Fibroblast"
"SAM24406427_589626",3.30343692186589,-0.757560004882093,"Inflamed UC","Inflammatory fibroblast","P007","Fibroblast"
"SAM24406427_792676",1.94312946680302,2.25973595172954,"Inflamed UC","Resting crypt-top fibroblast","P007","Fibroblast"
"SAM24406427_868988",-2.89150817510372,-2.75532447307515,"Inflamed UC","LP fibroblast","P007","Fibroblast"
"SAM24406427_797245",1.76178424242253,4.59499205143047,"Inflamed UC","Resting crypt-top fibroblast","P007","Fibroblast"
"SAM24406427_57608",1.62203280809636,5.41371716053081,"Inflamed UC","Activated crypt-top fibroblast","P007","Fibroblast"
"SAM24406427_89898",-0.0772925150085015,-1.97079597919392,"Inflamed UC","LP fibroblast","P007","Fibroblast"
"SAM24406427_542659",0.544621871740766,4.09984720737529,"Inflamed UC","Activated crypt-top fibroblast","P007","Fibroblast"
"SAM24406427_372387",3.43739406946415,-0.924681653670545,"Inflamed UC","Inflammatory fibroblast","P007","Fibroblast"
"SAM24406427_307892",0.524986432821699,2.79328812152934,"Inflamed UC","LP fibroblast","P007","Fibroblast"
"SAM24406427_675087",-4.79557330724483,-5.20561324565815,"Inflamed UC","Crypt-bottom fibroblast","P007","Fibroblast"
"SAM24406427_853689",0.777299569876142,3.78872836620403,"Inflamed UC","Activated crypt-top fibroblast","P007","Fibroblast"
"SAM24406427_687070",-0.239926410882525,-2.05843388050007,"Inflamed UC","LP fibroblast","P007","Fibroblast"
"SAM24406427_830330",-3.97071559545284,-5.37417899578023,"Inflamed UC","Crypt-bottom fibroblast","P007","Fibroblast"
"SAM24406427_828255",4.50386165264363,-1.77829729526448,"Inflamed UC","Inflammatory fibroblast","P007","Fibroblast"
"SAM24406427_561169",1.84287397745366,2.53446591884685,"Inflamed UC","Resting crypt-top fibroblast","P007","Fibroblast"
"SAM24406427_175351",-1.3302336466003,2.03150201828075,"Inflamed UC","Inflammatory fibroblast","P007","Fibroblast"
"SAM24406427_385615",-4.28946597692256,-5.47767840831685,"Inflamed UC","Crypt-bottom fibroblast","P007","Fibroblast"
"SAM24406427_465060",-1.10006339666133,2.28259790927959,"Inflamed UC","Inflammatory fibroblast","P007","Fibroblast"
"SAM24406427_588611",0.485699104101606,3.25122726947856,"Inflamed UC","Activated crypt-top fibroblast","P007","Fibroblast"
"SAM24406427_627272",-4.39919002172237,-5.20299540965962,"Inflamed UC","Crypt-bottom fibroblast","P007","Fibroblast"
"SAM24406427_311533",0.338866876394697,-2.30245839565205,"Inflamed UC","LP fibroblast","P007","Fibroblast"
"SAM24406427_694666",0.435523675711103,1.22745252639842,"Inflamed UC","LP fibroblast","P007","Fibroblast"
"SAM24406427_448960",-2.3456292879272,-5.66488992183613,"Inflamed UC","Crypt-bottom fibroblast","P007","Fibroblast"
"SAM24406427_867192",1.55459611299748,5.36581839115215,"Inflamed UC","Resting crypt-top fibroblast","P007","Fibroblast"
"SAM24406427_357186",1.72036688211674,3.90425194294048,"Inflamed UC","Activated crypt-top fibroblast","P007","Fibroblast"
"SAM24406427_883284",5.30585341337437,-2.10374986141133,"Inflamed UC","Inflammatory fibroblast","P007","Fibroblast"
"SAM24406427_621210",4.86397133949513,-1.19152044265675,"Inflamed UC","Inflammatory fibroblast","P007","Fibroblast"
"SAM24406427_560336",5.6092753875565,-1.67542492359089,"Inflamed UC","Inflammatory fibroblast","P007","Fibroblast"
"SAM24406427_71733",4.03556432011838,-1.0405930182259,"Inflamed UC","Inflammatory fibroblast","P007","Fibroblast"
"SAM24406427_713490",0.661888526709028,-2.33035170047688,"Inflamed UC","LP fibroblast","P007","Fibroblast"
"SAM24406427_659789",-0.659882618157916,-0.297861506633039,"Inflamed UC","LP fibroblast","P007","Fibroblast"
"SAM24406427_645591",4.43484752062077,-1.02032505481648,"Inflamed UC","Inflammatory fibroblast","P007","Fibroblast"
"SAM24406427_742746",4.22554764333481,-1.38644491641926,"Inflamed UC","Inflammatory fibroblast","P007","Fibroblast"
"SAM24406427_193948",-2.37630040761714,-5.60773812740254,"Inflamed UC","Crypt-bottom fibroblast","P007","Fibroblast"
"SAM24406427_808937",3.7773767280888,-1.67963968723225,"Inflamed UC","Inflammatory fibroblast","P007","Fibroblast"
"SAM24406427_487411",2.3606912362885,6.07456387073589,"Inflamed UC","Activated crypt-top fibroblast","P007","Fibroblast"
"SAM24406427_857889",0.419906781942792,-2.44694935291218,"Inflamed UC","LP fibroblast","P007","Fibroblast"
"SAM24406427_268918",1.2449239957642,2.52728773147655,"Inflamed UC","Resting crypt-top fibroblast","P007","Fibroblast"
"SAM24406427_848305",-1.16299827214961,-3.0591157576363,"Inflamed UC","LP fibroblast","P007","Fibroblast"
"SAM24406427_485618",-0.601528717248492,-2.47401558368611,"Inflamed UC","LP fibroblast","P007","Fibroblast"
"SAM24406427_399638",1.18008391741032,3.09720767528606,"Inflamed UC","Activated crypt-top fibroblast","P007","Fibroblast"
"SAM24406427_121512",-1.52417094823604,1.35993839294506,"Inflamed UC","LP fibroblast","P007","Fibroblast"
"SAM24406427_509936",-0.948654247491412,0.88170004875255,"Inflamed UC","LP fibroblast","P007","Fibroblast"
"SAM24406427_151071",-4.25984771367794,-5.20625125377583,"Inflamed UC","Crypt-bottom fibroblast","P007","Fibroblast"
"SAM24406427_767683",0.694341825277753,-0.752427568129774,"Inflamed UC","LP fibroblast","P007","Fibroblast"
"SAM24406427_599216",3.27446697834248,-1.08967696636128,"Inflamed UC","Inflammatory fibroblast","P007","Fibroblast"
"SAM24406427_856516",0.139923499853559,0.324267248221163,"Inflamed UC","LP fibroblast","P007","Fibroblast"
"SAM24406427_232419",1.36967842462773,3.97004116565776,"Inflamed UC","Resting crypt-top fibroblast","P007","Fibroblast"
"SAM24406427_74530",6.14478771570439,-2.78745948284077,"Inflamed UC","Inflammatory fibroblast","P007","Fibroblast"
"SAM24406427_618214",-1.21224458333736,2.30284167320323,"Inflamed UC","Inflammatory fibroblast","P007","Fibroblast"
"SAM24406427_49959",4.41115810158963,-1.31536280124592,"Inflamed UC","Inflammatory fibroblast","P007","Fibroblast"
"SAM24406427_7928",5.45785384062047,-1.56728183238911,"Inflamed UC","Inflammatory fibroblast","P007","Fibroblast"
"SAM24406427_504328",0.705841945440717,0.573537448950533,"Inflamed UC","LP fibroblast","P007","Fibroblast"
"SAM24406427_237426",5.24136130693669,-1.38595520465779,"Inflamed UC","Inflammatory fibroblast","P007","Fibroblast"
"SAM24406427_37153",4.91268675211186,-1.86256586521077,"Inflamed UC","Inflammatory fibroblast","P007","Fibroblast"
"SAM24406427_140949",0.497309612066694,-2.29330550640034,"Inflamed UC","LP fibroblast","P007","Fibroblast"
"SAM24406427_131163",1.81603567484135,5.09424866230083,"Inflamed UC","Activated crypt-top fibroblast","P007","Fibroblast"
"SAM24406427_514243",0.9481083619904,-2.21812926738667,"Inflamed UC","LP fibroblast","P007","Fibroblast"
"SAM24406427_662769",1.71215407732243,2.30961359531475,"Inflamed UC","Resting crypt-top fibroblast","P007","Fibroblast"
"SAM24406427_290267",3.65080796364064,-0.851065387419935,"Inflamed UC","Inflammatory fibroblast","P007","Fibroblast"
"SAM24406427_839768",3.85960833910222,-1.58943354099202,"Inflamed UC","Inflammatory fibroblast","P007","Fibroblast"
"SAM24406427_128916",-1.24527080175167,-3.07394587009358,"Inflamed UC","LP fibroblast","P007","Fibroblast"
"SAM24406427_218361",3.33002387169117,-1.4535695215981,"Inflamed UC","Inflammatory fibroblast","P007","Fibroblast"
"SAM24406427_51795",1.99956672075505,2.44225753337932,"Inflamed UC","Resting crypt-top fibroblast","P007","Fibroblast"
"SAM24406427_486966",-2.06056983587032,0.110070715256457,"Inflamed UC","LP fibroblast","P007","Fibroblast"
"SAM24406427_846956",-0.724250389306597,-1.49651562183308,"Inflamed UC","LP fibroblast","P007","Fibroblast"
"SAM24406427_767150",-2.61204345342403,0.344206760235552,"Inflamed UC","LP fibroblast","P007","Fibroblast"
"SAM24406427_736257",2.22344593885655,2.22117711097789,"Inflamed UC","Resting crypt-top fibroblast","P007","Fibroblast"
"SAM24406427_578227",4.36102727237458,-2.51165114849019,"Inflamed UC","Inflammatory fibroblast","P007","Fibroblast"
"SAM24406427_169749",5.40823297384495,-1.97667871921467,"Inflamed UC","Inflammatory fibroblast","P007","Fibroblast"
"SAM24406427_626663",-4.37722213384395,-4.92536031215596,"Inflamed UC","Crypt-bottom fibroblast","P007","Fibroblast"
"SAM24406427_416021",-4.4143810999084,-5.33330689876484,"Inflamed UC","Crypt-bottom fibroblast","P007","Fibroblast"
"SAM24406427_96111",1.94235556009526,4.01496566326213,"Inflamed UC","Resting crypt-top fibroblast","P007","Fibroblast"
"SAM24406427_613406",2.02407519701237,2.4375460246284,"Inflamed UC","Resting crypt-top fibroblast","P007","Fibroblast"
"SAM24406427_698710",4.15504840198273,-2.21989928691792,"Inflamed UC","Inflammatory fibroblast","P007","Fibroblast"
"SAM24406427_207937",-2.6905008089233,-6.05612145870137,"Inflamed UC","Crypt-bottom fibroblast","P007","Fibroblast"
"SAM24406427_18849",5.28440313223118,4.16340817005229,"Inflamed UC","Resting crypt-top fibroblast","P007","Fibroblast"
"SAM24406427_120916",-2.58324391958003,0.394390637584452,"Inflamed UC","LP fibroblast","P007","Fibroblast"
"SAM24406427_490564",0.653790639669843,-2.29272781818318,"Inflamed UC","LP fibroblast","P007","Fibroblast"
"SAM24406427_17501",3.61185662630314,3.60540736705852,"Inflamed UC","Resting crypt-top fibroblast","P007","Fibroblast"
"SAM24406427_235374",-1.16681726094966,1.90787459404064,"Inflamed UC","Inflammatory fibroblast","P007","Fibroblast"
"SAM24406427_330886",2.0637191999268,4.91904819995952,"Inflamed UC","Activated crypt-top fibroblast","P007","Fibroblast"
"SAM24406427_270147",-3.66184003469234,-5.46592008083272,"Inflamed UC","Crypt-bottom fibroblast","P007","Fibroblast"
"SAM24406427_17276",4.32275441470856,-1.59209691493916,"Inflamed UC","Inflammatory fibroblast","P007","Fibroblast"
"SAM24406427_469163",4.41743792775387,-0.966376056365247,"Inflamed UC","Inflammatory fibroblast","P007","Fibroblast"
"SAM24406427_38490",-0.687222076623492,-0.491717090300794,"Inflamed UC","LP fibroblast","P007","Fibroblast"
"SAM24406427_770458",-4.28312404271846,-5.51924430339741,"Inflamed UC","Crypt-bottom fibroblast","P007","Fibroblast"
"SAM24406427_230243",-3.99691016790157,-5.46549235790181,"Inflamed UC","Crypt-bottom fibroblast","P007","Fibroblast"
"SAM24406427_866036",2.59754078272099,4.33333099872661,"Inflamed UC","Resting crypt-top fibroblast","P007","Fibroblast"
"SAM24406427_739377",3.96372315469498,-0.326049556426283,"Inflamed UC","Inflammatory fibroblast","P007","Fibroblast"
"SAM24406427_194373",1.99569313410039,2.81652320415569,"Inflamed UC","Resting crypt-top fibroblast","P007","Fibroblast"
"SAM24406427_479055",3.89426015499348,-2.38210426776814,"Inflamed UC","Inflammatory fibroblast","P007","Fibroblast"
"SAM24406427_485645",-1.95711524602657,0.729961136885409,"Inflamed UC","LP fibroblast","P007","Fibroblast"
"SAM24406427_795608",-0.786449981896929,2.29072834045482,"Inflamed UC","Inflammatory fibroblast","P007","Fibroblast"
"SAM24406427_841062",1.07531540277714,-1.50373231380391,"Inflamed UC","LP fibroblast","P007","Fibroblast"
"SAM24406427_626691",0.895543502600141,4.59420670063091,"Inflamed UC","Activated crypt-top fibroblast","P007","Fibroblast"
"SAM24406427_111245",-1.61336333867794,1.07794759661746,"Inflamed UC","LP fibroblast","P007","Fibroblast"
"SAM24406427_161506",3.10288493517155,-0.562764753989454,"Inflamed UC","Inflammatory fibroblast","P007","Fibroblast"
"SAM24406427_49333",-1.23831708547359,2.56750370056224,"Inflamed UC","Inflammatory fibroblast","P007","Fibroblast"
"SAM24406427_458677",-0.274151397912554,-2.54465590923237,"Inflamed UC","LP fibroblast","P007","Fibroblast"
"SAM24406427_605472",-1.00444753286128,-2.72534834354329,"Inflamed UC","LP fibroblast","P007","Fibroblast"
"SAM24406427_115556",-2.56710202810054,0.689545942999844,"Inflamed UC","LP fibroblast","P007","Fibroblast"
"SAM24406427_131816",1.26449792268986,4.29734815151287,"Inflamed UC","Activated crypt-top fibroblast","P007","Fibroblast"
"SAM24406427_632357",3.47289572838063,-1.02655600517201,"Inflamed UC","Inflammatory fibroblast","P007","Fibroblast"
"SAM24406427_288126",1.92201797846074,4.33682263881755,"Inflamed UC","Activated crypt-top fibroblast","P007","Fibroblast"
"SAM24406427_643178",4.53474997165913,-2.07752596347737,"Inflamed UC","Inflammatory fibroblast","P007","Fibroblast"
"SAM24406427_346726",1.3482925165009,3.36729086429668,"Inflamed UC","Resting crypt-top fibroblast","P007","Fibroblast"
"SAM24406427_977",2.05728404405827,4.87454260379863,"Inflamed UC","Activated crypt-top fibroblast","P007","Fibroblast"
"SAM24406427_299333",-4.31597526189571,-5.02192412822651,"Inflamed UC","Crypt-bottom fibroblast","P007","Fibroblast"
"SAM24406427_266096",5.7665019500565,-2.56075488536763,"Inflamed UC","Crypt-bottom fibroblast","P007","Fibroblast"
"SAM24406427_61258",-2.23850734349971,-5.60635625331807,"Inflamed UC","Crypt-bottom fibroblast","P007","Fibroblast"
"SAM24406427_772198",1.43200557115788,4.499704966851,"Inflamed UC","Activated crypt-top fibroblast","P007","Fibroblast"
"SAM24406427_407798",0.796460078985639,-2.43271862476277,"Inflamed UC","LP fibroblast","P007","Fibroblast"
"SAM24406427_57094",1.58506338480229,-0.0473846694748361,"Inflamed UC","LP fibroblast","P007","Fibroblast"
"SAM24406427_252765",-3.94142158147579,-5.50900565593648,"Inflamed UC","Crypt-bottom fibroblast","P007","Fibroblast"
"SAM24406427_772002",5.43052093866581,-0.377125372580763,"Inflamed UC","Inflammatory fibroblast","P007","Fibroblast"
"SAM24406427_117654",-1.68021018621211,0.536263825901274,"Inflamed UC","LP fibroblast","P007","Fibroblast"
"SAM24406427_345184",1.87898032549138,4.47694457561565,"Inflamed UC","Resting crypt-top fibroblast","P007","Fibroblast"
"SAM24406427_488131",2.12377719763035,6.08256042987895,"Inflamed UC","Activated crypt-top fibroblast","P007","Fibroblast"
"SAM24406427_625016",0.587920354635664,-2.03785764186787,"Inflamed UC","LP fibroblast","P007","Fibroblast"
"SAM24406427_53237",-0.0792775880981011,2.23801518470836,"Inflamed UC","Inflammatory fibroblast","P007","Fibroblast"
"SAM24406427_698590",1.08624570253605,4.55483759433818,"Inflamed UC","Activated crypt-top fibroblast","P007","Fibroblast"
"SAM24406427_595083",4.53731672647709,-1.61226712673115,"Inflamed UC","Inflammatory fibroblast","P007","Fibroblast"
"SAM24406427_30142",1.80424587610478,4.75728071720195,"Inflamed UC","Activated crypt-top fibroblast","P007","Fibroblast"
"SAM24406427_820321",1.5601894128632,4.93497932941509,"Inflamed UC","Activated crypt-top fibroblast","P007","Fibroblast"
"SAM24406427_119511",-4.66961104985958,-5.37083112209248,"Inflamed UC","Crypt-bottom fibroblast","P007","Fibroblast"
"SAM24406427_110221",1.59877340677495,2.50554562599254,"Inflamed UC","Resting crypt-top fibroblast","P007","Fibroblast"
"SAM24406427_787854",1.18537323358769,-0.165506949118849,"Inflamed UC","LP fibroblast","P007","Fibroblast"
"SAM24406427_580927",1.51009933832402,4.70987022907329,"Inflamed UC","Activated crypt-top fibroblast","P007","Fibroblast"
"SAM24406427_145217",3.52183221462483,-0.282511939696546,"Inflamed UC","Inflammatory fibroblast","P007","Fibroblast"
"SAM24406427_642896",4.74073277595753,-0.570575108222242,"Inflamed UC","Inflammatory fibroblast","P007","Fibroblast"
"SAM24406427_214786",1.95804922464604,4.32888783008647,"Inflamed UC","Activated crypt-top fibroblast","P007","Fibroblast"
"SAM24406427_705477",4.38531308058018,-2.17947589366841,"Inflamed UC","Inflammatory fibroblast","P007","Fibroblast"
"SAM24406427_811249",-4.63573081609493,-0.96733867137837,"Inflamed UC","LP fibroblast","P007","Fibroblast"
"SAM24406427_566361",1.97303311708684,5.91293753177715,"Inflamed UC","Activated crypt-top fibroblast","P007","Fibroblast"
"SAM24406427_582298",-5.31601054784542,-5.95023166149067,"Inflamed UC","Crypt-bottom fibroblast","P007","Fibroblast"
"SAM24406427_636896",5.357080386908,-1.57491384952473,"Inflamed UC","Inflammatory fibroblast","P007","Fibroblast"
"SAM24406427_440643",6.01004354837651,-2.69344817607808,"Inflamed UC","Inflammatory fibroblast","P007","Fibroblast"
"SAM24406427_286773",-0.994158817498736,2.34785724670482,"Inflamed UC","Inflammatory fibroblast","P007","Fibroblast"
"SAM24406427_529601",4.50661920192952,-0.214973380259748,"Inflamed UC","Inflammatory fibroblast","P007","Fibroblast"
"SAM24406427_584505",2.566952394278,2.14915145427776,"Inflamed UC","Resting crypt-top fibroblast","P007","Fibroblast"
"SAM24406427_144029",-2.4305001032043,0.973208884306673,"Inflamed UC","LP fibroblast","P007","Fibroblast"
"SAM24406427_653608",1.76248924616093,4.63737953693462,"Inflamed UC","Activated crypt-top fibroblast","P007","Fibroblast"
"SAM24406427_573400",6.21272652033085,-2.57786356418538,"Inflamed UC","Inflammatory fibroblast","P007","Fibroblast"
"SAM24406427_703166",1.93179671648259,5.3378089764793,"Inflamed UC","Activated crypt-top fibroblast","P007","Fibroblast"
"SAM24406427_714643",4.40787638905758,-2.06967579334187,"Inflamed UC","Inflammatory fibroblast","P007","Fibroblast"
"SAM24406427_132728",-2.3795181047607,0.854762087174181,"Inflamed UC","LP fibroblast","P007","Fibroblast"
"SAM24406427_881409",1.08154480341191,-1.83703552692341,"Inflamed UC","LP fibroblast","P007","Fibroblast"
"SAM24406427_379350",4.26512625995392,-0.68821691482472,"Inflamed UC","Inflammatory fibroblast","P007","Fibroblast"
"SAM24406427_248430",4.62767248037571,-1.37336503475117,"Inflamed UC","Inflammatory fibroblast","P007","Fibroblast"
"SAM24406427_507672",-4.5284586679626,-5.45598899333882,"Inflamed UC","Crypt-bottom fibroblast","P007","Fibroblast"
"SAM24406427_869146",4.45441924217457,-0.582489719084974,"Inflamed UC","Inflammatory fibroblast","P007","Fibroblast"
"SAM24406427_587025",4.22760387691969,-0.823936690978285,"Inflamed UC","Inflammatory fibroblast","P007","Fibroblast"
"SAM24406427_248425",0.171906398565717,1.27403391391826,"Inflamed UC","LP fibroblast","P007","Fibroblast"
"SAM24406427_427960",-4.41336066838985,-5.27079450099873,"Inflamed UC","Crypt-bottom fibroblast","P007","Fibroblast"
"SAM24406427_426844",5.52597658518071,-2.0654474398415,"Inflamed UC","Inflammatory fibroblast","P007","Fibroblast"
"SAM24406427_780280",6.19321052911992,-2.6782587668221,"Inflamed UC","Inflammatory fibroblast","P007","Fibroblast"
"SAM24406427_220673",1.37773148897404,3.25540245563579,"Inflamed UC","Resting crypt-top fibroblast","P007","Fibroblast"
"SAM24406427_559235",4.81730525377507,-1.13401590793538,"Inflamed UC","Inflammatory fibroblast","P007","Fibroblast"
"SAM24406427_439380",6.32079546335454,-2.49527107685017,"Inflamed UC","Inflammatory fibroblast","P007","Fibroblast"
"SAM24406427_601965",-0.986473633019976,2.08188069850994,"Inflamed UC","Inflammatory fibroblast","P007","Fibroblast"
"SAM24406427_307004",4.92038034084553,-1.20534907787251,"Inflamed UC","Inflammatory fibroblast","P007","Fibroblast"
"SAM24406427_392503",4.27416810575242,1.5623509982307,"Inflamed UC","Resting crypt-top fibroblast","P007","Fibroblast"
"SAM24406427_508936",-3.97134978887325,-5.52353106944966,"Inflamed UC","Crypt-bottom fibroblast","P007","Fibroblast"
"SAM24406427_55011",2.92731885793919,1.62591720611644,"Inflamed UC","Resting crypt-top fibroblast","P007","Fibroblast"
"SAM24406429_647594",1.28415028932805,-1.2126037976067,"Uninflamed UC","LP fibroblast","P008","Fibroblast"
"SAM24406429_575892",0.624810146124311,0.852421353169207,"Uninflamed UC","LP fibroblast","P008","Fibroblast"
"SAM24406429_788893",-5.25100047704463,-5.78196250408101,"Uninflamed UC","Crypt-bottom fibroblast","P008","Fibroblast"
"SAM24406429_782478",-0.325094772546343,-0.644696583441969,"Uninflamed UC","LP fibroblast","P008","Fibroblast"
"SAM24406429_199956",-0.610483242242388,-0.609037627867933,"Uninflamed UC","LP fibroblast","P008","Fibroblast"
"SAM24406429_3277",-4.29566581365352,-3.81138717143941,"Uninflamed UC","Crypt-bottom fibroblast","P008","Fibroblast"
"SAM24406429_705854",-0.611785961358599,-0.363011290721174,"Uninflamed UC","LP fibroblast","P008","Fibroblast"
"SAM24406429_532531",5.32125143888707,5.24108685047222,"Uninflamed UC","Resting crypt-top fibroblast","P008","Fibroblast"
"SAM24406429_684137",1.48781983736271,4.60571254283977,"Uninflamed UC","Activated crypt-top fibroblast","P008","Fibroblast"
"SAM24406429_840942",-3.16335351583248,-1.90106831996846,"Uninflamed UC","LP fibroblast","P008","Fibroblast"
"SAM24406429_588169",-5.33026797887569,-5.83967124431538,"Uninflamed UC","Crypt-bottom fibroblast","P008","Fibroblast"
"SAM24406429_90685",-5.6258936655212,-6.36606513469624,"Uninflamed UC","Crypt-bottom fibroblast","P008","Fibroblast"
"SAM24406429_727127",-5.00076682683711,-3.60599481075215,"Uninflamed UC","Crypt-bottom fibroblast","P008","Fibroblast"
"SAM24406429_662440",3.60382537725682,4.44508851558757,"Uninflamed UC","Resting crypt-top fibroblast","P008","Fibroblast"
"SAM24406429_115591",-5.34096534368282,-3.57593356578755,"Uninflamed UC","Inflammatory fibroblast","P008","Fibroblast"
"SAM24406429_781055",-2.35508401510005,-4.13307200878071,"Uninflamed UC","Resting crypt-top fibroblast","P008","Fibroblast"
"SAM24406429_221748",1.44885532739873,4.85253275425029,"Uninflamed UC","Activated crypt-top fibroblast","P008","Fibroblast"
"SAM24406429_830774",-2.51585538503414,-5.56586085765767,"Uninflamed UC","Crypt-bottom fibroblast","P008","Fibroblast"
"SAM24406429_27597",-4.3307686578918,-4.40805446117329,"Uninflamed UC","Crypt-bottom fibroblast","P008","Fibroblast"
"SAM24406429_267735",-5.37020976659542,-3.794395556144,"Uninflamed UC","Inflammatory fibroblast","P008","Fibroblast"
"SAM24406429_723523",1.75997035387272,5.24503506214214,"Uninflamed UC","Activated crypt-top fibroblast","P008","Fibroblast"
"SAM24406429_785454",-5.20201594945674,-4.03450023143696,"Uninflamed UC","Crypt-bottom fibroblast","P008","Fibroblast"
"SAM24406429_598114",-2.17465407964473,-0.481557836226698,"Uninflamed UC","LP fibroblast","P008","Fibroblast"
"SAM24406429_847362",0.316355155737348,0.518641064472918,"Uninflamed UC","LP fibroblast","P008","Fibroblast"
"SAM24406429_828121",1.83884899500126,4.90822161228252,"Uninflamed UC","Activated crypt-top fibroblast","P008","Fibroblast"
"SAM24406429_805155",-5.33791740056758,-5.7977005144875,"Uninflamed UC","Crypt-bottom fibroblast","P008","Fibroblast"
"SAM24406429_489588",-3.19208390828853,-2.45634209125447,"Uninflamed UC","LP fibroblast","P008","Fibroblast"
"SAM24406429_308280",-5.58107860204463,-6.32603084056782,"Uninflamed UC","Crypt-bottom fibroblast","P008","Fibroblast"
"SAM24406429_391202",-4.35444362279659,-4.84717046230244,"Uninflamed UC","Crypt-bottom fibroblast","P008","Fibroblast"
"SAM24406429_474069",-2.66499049779659,-5.96593867748189,"Uninflamed UC","Crypt-bottom fibroblast","P008","Fibroblast"
"SAM24406429_630345",-2.49415881749874,-5.6042567393105,"Uninflamed UC","Crypt-bottom fibroblast","P008","Fibroblast"
"SAM24406429_826589",-3.09198863622432,-1.02715908496785,"Uninflamed UC","LP fibroblast","P008","Fibroblast"
"SAM24406429_817184",1.37730448129887,4.5716694691856,"Uninflamed UC","Inflammatory fibroblast","P008","Fibroblast"
"SAM24406429_256127",-3.38394649144893,-2.91398655383992,"Uninflamed UC","LP fibroblast","P008","Fibroblast"
"SAM24406429_757083",-3.40011317846065,-1.2487206360619,"Uninflamed UC","LP fibroblast","P008","Fibroblast"
"SAM24406429_656249",-2.68059737798458,-1.7447219988625,"Uninflamed UC","LP fibroblast","P008","Fibroblast"
"SAM24406429_460513",-4.03076846715694,-3.429405321769,"Uninflamed UC","LP fibroblast","P008","Fibroblast"
"SAM24406429_372729",-3.50798232671504,-4.26893292873311,"Uninflamed UC","Crypt-bottom fibroblast","P008","Fibroblast"
"SAM24406429_343275",-3.81782586690669,-1.61070906131672,"Uninflamed UC","LP fibroblast","P008","Fibroblast"
"SAM24406429_684665",-4.06538970586544,-2.99193178623128,"Uninflamed UC","LP fibroblast","P008","Fibroblast"
"SAM24406429_530587",-3.0854449999023,0.527353251882319,"Uninflamed UC","LP fibroblast","P008","Fibroblast"
"SAM24406429_96204",-2.56959731694942,0.347585658140902,"Uninflamed UC","LP fibroblast","P008","Fibroblast"
"SAM24406429_550275",-1.4039526712585,2.16678012401653,"Uninflamed UC","Inflammatory fibroblast","P008","Fibroblast"
"SAM24406429_655585",-2.53213555928951,-0.148220708064314,"Uninflamed UC","LP fibroblast","P008","Fibroblast"
"SAM24406429_622003",-5.65067775365596,-6.40199386089253,"Uninflamed UC","Crypt-bottom fibroblast","P008","Fibroblast"
"SAM24406429_46675",-0.408255649774127,-0.401646604232069,"Uninflamed UC","LP fibroblast","P008","Fibroblast"
"SAM24406429_771731",-2.62208325979,0.434897924371485,"Uninflamed UC","LP fibroblast","P008","Fibroblast"
"SAM24406429_36756",-2.79398305532222,-0.0759914418976266,"Uninflamed UC","LP fibroblast","P008","Fibroblast"
"SAM24406429_129602",2.14662163141484,5.12500513584209,"Uninflamed UC","Activated crypt-top fibroblast","P008","Fibroblast"
"SAM24406429_622433",-2.54125793096309,-0.219455411128278,"Uninflamed UC","LP fibroblast","P008","Fibroblast"
"SAM24406429_456966",-2.68096406575923,0.979077885456805,"Uninflamed UC","LP fibroblast","P008","Fibroblast"
"SAM24406429_678708",-0.162738395898394,0.265078375645403,"Uninflamed UC","LP fibroblast","P008","Fibroblast"
"SAM24406429_844315",-2.72426803228145,0.994411150522951,"Uninflamed UC","LP fibroblast","P008","Fibroblast"
"SAM24406429_230638",-4.77587134954219,-4.46549426525044,"Uninflamed UC","Crypt-bottom fibroblast","P008","Fibroblast"
"SAM24406429_595312",-3.13894565221553,-1.35830401390004,"Uninflamed UC","LP fibroblast","P008","Fibroblast"
"SAM24406429_43075",0.720847057135053,4.19662726909709,"Uninflamed UC","Activated crypt-top fibroblast","P008","Fibroblast"
"SAM24406429_165215",-2.62800366994625,-1.3871346613686,"Uninflamed UC","LP fibroblast","P008","Fibroblast"
"SAM24406429_519408",1.8287863004517,4.07755793125225,"Uninflamed UC","Resting crypt-top fibroblast","P008","Fibroblast"
"SAM24406429_350724",1.78619019869084,5.66754473239971,"Uninflamed UC","Activated crypt-top fibroblast","P008","Fibroblast"
"SAM24406429_183289",0.506828950674482,1.45426721365047,"Uninflamed UC","LP fibroblast","P008","Fibroblast"
"SAM24406429_175083",2.72253148439641,5.64584768802715,"Uninflamed UC","Activated crypt-top fibroblast","P008","Fibroblast"
"SAM24406429_848037",-2.89538819906002,1.48734242708278,"Uninflamed UC","LP fibroblast","P008","Fibroblast"
"SAM24406429_515958",-5.44030292150264,-4.38984643428731,"Uninflamed UC","Crypt-bottom fibroblast","P008","Fibroblast"
"SAM24406429_638559",-5.28470046636348,-5.73227845638203,"Uninflamed UC","Crypt-bottom fibroblast","P008","Fibroblast"
"SAM24406429_780814",-3.54605348226314,-1.92254625766682,"Uninflamed UC","LP fibroblast","P008","Fibroblast"
"SAM24406429_819461",-2.86122472402339,0.662593119375829,"Uninflamed UC","LP fibroblast","P008","Fibroblast"
"SAM24406429_43769",-2.6180697214294,-0.436453571013685,"Uninflamed UC","LP fibroblast","P008","Fibroblast"
"SAM24406429_313455",-4.25278194066768,-4.10908090084004,"Uninflamed UC","Crypt-bottom fibroblast","P008","Fibroblast"
"SAM24406429_618884",-3.02044828054195,0.0414940813262503,"Uninflamed UC","LP fibroblast","P008","Fibroblast"
"SAM24406429_711646",-4.83406741735225,-4.57910405605244,"Uninflamed UC","Crypt-bottom fibroblast","P008","Fibroblast"
"SAM24406429_841046",-3.19301278707271,-1.28579567878651,"Uninflamed UC","LP fibroblast","P008","Fibroblast"
"SAM24406429_469975",2.04032819154973,6.10268391162944,"Uninflamed UC","Activated crypt-top fibroblast","P008","Fibroblast"
"SAM24406429_369201",-5.02837569829708,-4.93373500316548,"Uninflamed UC","Crypt-bottom fibroblast","P008","Fibroblast"
"SAM24406429_488959",-4.33087070104366,-3.81107436626362,"Uninflamed UC","Crypt-bottom fibroblast","P008","Fibroblast"
"SAM24406429_64509",-4.92799003240352,-3.69442473857808,"Uninflamed UC","Crypt-bottom fibroblast","P008","Fibroblast"
"SAM24406429_448496",-4.73433692571407,-5.02875625102925,"Uninflamed UC","Crypt-bottom fibroblast","P008","Fibroblast"
"SAM24406429_865395",-3.45590360280757,-2.17734610050129,"Uninflamed UC","LP fibroblast","P008","Fibroblast"
"SAM24406429_504468",1.4449550378632,4.03899849445415,"Uninflamed UC","Activated crypt-top fibroblast","P008","Fibroblast"
"SAM24406429_568941",-2.91877277013545,1.30081964523387,"Uninflamed UC","LP fibroblast","P008","Fibroblast"
"SAM24406429_729292",-3.10583217260127,0.518867733486418,"Uninflamed UC","LP fibroblast","P008","Fibroblast"
"SAM24406429_231583",4.06565744239206,5.1885260441978,"Uninflamed UC","Activated crypt-top fibroblast","P008","Fibroblast"
"SAM24406429_723376",-4.98787410375362,-4.94134675472188,"Uninflamed UC","Crypt-bottom fibroblast","P008","Fibroblast"
"SAM24406429_393771",-2.99965674993282,1.05654088646961,"Uninflamed UC","LP fibroblast","P008","Fibroblast"
"SAM24406429_725962",-3.32364518758541,-2.0003908774178,"Uninflamed UC","LP fibroblast","P008","Fibroblast"
"SAM24406429_358350",-3.20922334310298,0.662140401609663,"Uninflamed UC","LP fibroblast","P008","Fibroblast"
"SAM24406429_238927",-3.44877965566402,-1.89320885150837,"Uninflamed UC","LP fibroblast","P008","Fibroblast"
"SAM24406429_478329",-3.26865823385005,-2.59376298396992,"Uninflamed UC","LP fibroblast","P008","Fibroblast"
"SAM24406429_436116",-2.63619334813838,0.52692102880073,"Uninflamed UC","LP fibroblast","P008","Fibroblast"
"SAM24406429_718160",-5.00663955327754,-1.50681458919453,"Uninflamed UC","LP fibroblast","P008","Fibroblast"
"SAM24406429_491175",-3.7055097353149,-1.51079021900105,"Uninflamed UC","LP fibroblast","P008","Fibroblast"
"SAM24406429_98827",-5.26770980474239,-5.87821017711567,"Uninflamed UC","Crypt-bottom fibroblast","P008","Fibroblast"
"SAM24406429_409238",-3.73738010045772,-0.667968740157362,"Uninflamed UC","LP fibroblast","P008","Fibroblast"
"SAM24406429_706941",-2.30645425435787,-1.0655707022469,"Uninflamed UC","LP fibroblast","P008","Fibroblast"
"SAM24406429_849723",-1.20053489324336,2.28839577228618,"Uninflamed UC","Inflammatory fibroblast","P008","Fibroblast"
"SAM24406429_544134",-4.89473636266475,-3.46105967967915,"Uninflamed UC","Crypt-bottom fibroblast","P008","Fibroblast"
"SAM24406429_760268",-3.6857343446899,-3.05933104961323,"Uninflamed UC","LP fibroblast","P008","Fibroblast"
"SAM24406429_555900",1.38376371744389,4.62704885990215,"Uninflamed UC","Activated crypt-top fibroblast","P008","Fibroblast"
"SAM24406429_846355",-4.23237044927364,-0.0570328733246286,"Uninflamed UC","LP fibroblast","P008","Fibroblast"
"SAM24406429_473603",-2.60932786580806,1.79624033958507,"Uninflamed UC","Resting crypt-top fibroblast","P008","Fibroblast"
"SAM24406429_700171",-3.49517734166866,-5.16598760097432,"Uninflamed UC","Crypt-bottom fibroblast","P008","Fibroblast"
"SAM24406429_565927",-3.00219543096309,-2.21091591327595,"Uninflamed UC","LP fibroblast","P008","Fibroblast"
"SAM24406429_847650",-2.17109830495601,-0.742679586104627,"Uninflamed UC","LP fibroblast","P008","Fibroblast"
"SAM24406429_548484",0.805665181906171,4.4486430981834,"Uninflamed UC","Activated crypt-top fibroblast","P008","Fibroblast"
"SAM24406429_128771",-3.34185321447139,0.502809847303156,"Uninflamed UC","LP fibroblast","P008","Fibroblast"
"SAM24406429_80733",-1.14488084432369,-1.35567509143757,"Uninflamed UC","LP fibroblast","P008","Fibroblast"
"SAM24406429_620106",-3.17218167897945,0.843382621713404,"Uninflamed UC","LP fibroblast","P008","Fibroblast"
"SAM24406429_318603",0.89389579179997,4.12136496097637,"Uninflamed UC","Activated crypt-top fibroblast","P008","Fibroblast"
"SAM24406429_204178",-2.15552623388057,-0.734861364058729,"Uninflamed UC","LP fibroblast","P008","Fibroblast"
"SAM24406429_171492",5.12160878065342,4.98309410602642,"Uninflamed UC","Resting crypt-top fibroblast","P008","Fibroblast"
"SAM24406429_648764",-4.14440639135127,-3.40135489910054,"Uninflamed UC","LP fibroblast","P008","Fibroblast"
"SAM24406429_521021",-3.84861571904903,-1.23303340881276,"Uninflamed UC","LP fibroblast","P008","Fibroblast"
"SAM24406429_609978",2.46372716310734,6.07976377994609,"Uninflamed UC","Activated crypt-top fibroblast","P008","Fibroblast"
"SAM24406429_649779",-1.13222558614498,2.15955747158122,"Uninflamed UC","Inflammatory fibroblast","P008","Fibroblast"
"SAM24406429_539051",-3.44982011434322,-2.46486817806172,"Uninflamed UC","LP fibroblast","P008","Fibroblast"
"SAM24406429_158732",3.34496168974156,-0.933379759482618,"Uninflamed UC","Inflammatory fibroblast","P008","Fibroblast"
"SAM24406429_110399",1.14584009531254,4.41919888050151,"Uninflamed UC","Activated crypt-top fibroblast","P008","Fibroblast"
"SAM24406429_294794",1.36881749513859,0.0594722727019827,"Uninflamed UC","LP fibroblast","P008","Fibroblast"
"SAM24406429_514167",-2.52130754110103,-0.0789089700500925,"Uninflamed UC","LP fibroblast","P008","Fibroblast"
"SAM24406429_707101",-2.8286615144897,-0.826302041701551,"Uninflamed UC","LP fibroblast","P008","Fibroblast"
"SAM24406429_343678",-3.41287667867427,-2.58961235492634,"Uninflamed UC","LP fibroblast","P008","Fibroblast"
"SAM24406429_214540",-4.01843078252559,-2.33114944904255,"Uninflamed UC","LP fibroblast","P008","Fibroblast"
"SAM24406429_85085",2.2455685603928,3.82468784839702,"Uninflamed UC","Resting crypt-top fibroblast","P008","Fibroblast"
"SAM24406429_297600",-0.336538864343218,-0.559699167899366,"Uninflamed UC","LP fibroblast","P008","Fibroblast"
"SAM24406429_80905",-4.4946566354919,-2.7214499613564,"Uninflamed UC","Crypt-bottom fibroblast","P008","Fibroblast"
"SAM24406429_226558",-1.05707748052364,-2.12767445056843,"Uninflamed UC","LP fibroblast","P008","Fibroblast"
"SAM24406429_837703",-4.64974506017452,-1.49210368602681,"Uninflamed UC","LP fibroblast","P008","Fibroblast"
"SAM24406429_413269",-3.68685491201168,-1.98398028819966,"Uninflamed UC","LP fibroblast","P008","Fibroblast"
"SAM24406429_64941",-1.53489787694698,2.26824439556194,"Uninflamed UC","Inflammatory fibroblast","P008","Fibroblast"
"SAM24406429_878490",-3.83365066167598,-2.18365680187153,"Uninflamed UC","LP fibroblast","P008","Fibroblast"
"SAM24406429_361435",1.42704241159672,3.67548764736247,"Uninflamed UC","Activated crypt-top fibroblast","P008","Fibroblast"
"SAM24406429_336089",-3.19167049047237,0.68507522211266,"Uninflamed UC","LP fibroblast","P008","Fibroblast"
"SAM24406429_835279",-4.24903113958126,-3.42890798061299,"Uninflamed UC","Crypt-bottom fibroblast","P008","Fibroblast"
"SAM24406429_678249",-3.43570335027461,-1.5259674689095,"Uninflamed UC","LP fibroblast","P008","Fibroblast"
"SAM24406429_240926",-3.2849455606628,-0.343997766665693,"Uninflamed UC","LP fibroblast","P008","Fibroblast"
"SAM24406429_701805",2.60988633516545,5.72965372592998,"Uninflamed UC","Activated crypt-top fibroblast","P008","Fibroblast"
"SAM24406429_847118",-3.78833491918331,-1.36732875316548,"Uninflamed UC","LP fibroblast","P008","Fibroblast"
"SAM24406429_647319",-3.98416812536006,-0.522298803023573,"Uninflamed UC","LP fibroblast","P008","Fibroblast"
"SAM24406429_402316",-5.10747153875118,-5.22178851573872,"Uninflamed UC","Crypt-bottom fibroblast","P008","Fibroblast"
"SAM24406429_138495",0.0894321668457465,-0.0487763783256967,"Uninflamed UC","LP fibroblast","P008","Fibroblast"
"SAM24406429_461787",-2.12644298192745,-1.53666888683247,"Uninflamed UC","LP fibroblast","P008","Fibroblast"
"SAM24406429_706930",1.2412413823914,3.78810657054973,"Uninflamed UC","Activated crypt-top fibroblast","P008","Fibroblast"
"SAM24406429_193159",1.55594603899235,3.76984609157634,"Uninflamed UC","Activated crypt-top fibroblast","P008","Fibroblast"
"SAM24406429_313942",-4.04979045507198,-1.92751275508809,"Uninflamed UC","LP fibroblast","P008","Fibroblast"
"SAM24406429_716020",-2.6603585016418,1.04214931518627,"Uninflamed UC","LP fibroblast","P008","Fibroblast"
"SAM24406429_398178",-2.93267543432002,0.730746979423289,"Uninflamed UC","LP fibroblast","P008","Fibroblast"
"SAM24406429_308162",1.6535538900208,5.13717974216533,"Uninflamed UC","Activated crypt-top fibroblast","P008","Fibroblast"
"SAM24406429_104012",1.81797950151677,4.52598680049968,"Uninflamed UC","Activated crypt-top fibroblast","P008","Fibroblast"
"SAM24406429_676714",-2.46841962453609,-5.69902764766621,"Uninflamed UC","Crypt-bottom fibroblast","P008","Fibroblast"
"SAM24406429_732780",-3.14139850255733,-1.21071397273945,"Uninflamed UC","LP fibroblast","P008","Fibroblast"
"SAM24406429_840163",-3.70201404210811,0.00351018697810579,"Uninflamed UC","LP fibroblast","P008","Fibroblast"
"SAM24406429_835504",-3.6237488519836,-1.80633412807393,"Uninflamed UC","LP fibroblast","P008","Fibroblast"
"SAM24406429_572127",2.20928363683934,4.46384180576396,"Uninflamed UC","Activated crypt-top fibroblast","P008","Fibroblast"
"SAM24406429_754225",5.27542202356572,4.11307228595806,"Uninflamed UC","Resting crypt-top fibroblast","P008","Fibroblast"
"SAM24406429_263459",-3.3627157938171,-2.16729556529927,"Uninflamed UC","LP fibroblast","P008","Fibroblast"
"SAM24406429_374291",-2.96466548558956,-0.123156656913038,"Uninflamed UC","LP fibroblast","P008","Fibroblast"
"SAM24406429_305569",2.16753404024357,5.25065935642314,"Uninflamed UC","Activated crypt-top fibroblast","P008","Fibroblast"
"SAM24406429_604015",-3.55961377736812,-0.013803412608381,"Uninflamed UC","LP fibroblast","P008","Fibroblast"
"SAM24406429_243339",-3.48534925100093,-1.66384922473836,"Uninflamed UC","LP fibroblast","P008","Fibroblast"
"SAM24406429_508857",1.34928099992985,4.54745710880352,"Uninflamed UC","Activated crypt-top fibroblast","P008","Fibroblast"
"SAM24406429_625269",-2.62093408223873,1.69121027977062,"Uninflamed UC","LP fibroblast","P008","Fibroblast"
"SAM24406429_57398",1.29811088922734,3.37816918880535,"Uninflamed UC","Resting crypt-top fibroblast","P008","Fibroblast"
"SAM24406429_188959",-2.81133849736934,0.0385872820098441,"Uninflamed UC","LP fibroblast","P008","Fibroblast"
"SAM24406429_592637",-3.96620471593624,-0.229826500109907,"Uninflamed UC","LP fibroblast","P008","Fibroblast"
"SAM24406429_393497",-2.65602929708248,-1.03165124862599,"Uninflamed UC","LP fibroblast","P008","Fibroblast"
"SAM24406429_30793",-3.31215818044429,-0.138528814009901,"Uninflamed UC","LP fibroblast","P008","Fibroblast"
"SAM24406429_692772",-4.65452487584835,-0.351669718913313,"Uninflamed UC","LP fibroblast","P008","Fibroblast"
"SAM24406429_180635",-1.84764487859493,-1.24395798652577,"Uninflamed UC","LP fibroblast","P008","Fibroblast"
"SAM24406429_730513",-3.20804603215938,-1.853002896003,"Uninflamed UC","LP fibroblast","P008","Fibroblast"
"SAM24406429_631943",1.87050406816716,4.62849129230571,"Uninflamed UC","Activated crypt-top fibroblast","P008","Fibroblast"
"SAM24406429_578838",-4.91855819341426,-4.74632464855122,"Uninflamed UC","Crypt-bottom fibroblast","P008","Fibroblast"
"SAM24406429_36658",-2.89691646215206,0.77742616326404,"Uninflamed UC","LP fibroblast","P008","Fibroblast"
"SAM24406429_470252",1.68720905664677,3.78811300785137,"Uninflamed UC","LP fibroblast","P008","Fibroblast"
"SAM24406429_283152",-2.44377572652584,-0.48539172618794,"Uninflamed UC","LP fibroblast","P008","Fibroblast"
"SAM24406429_852937",-3.30589206334835,-0.995369186095472,"Uninflamed UC","LP fibroblast","P008","Fibroblast"
"SAM24406429_187761",-4.83024032232051,-4.72352563350606,"Uninflamed UC","Crypt-bottom fibroblast","P008","Fibroblast"
"SAM24406429_770586",-2.10591466542964,-0.996173491172071,"Uninflamed UC","LP fibroblast","P008","Fibroblast"
"SAM24406429_702233",-5.1736698877502,-5.30123387782979,"Uninflamed UC","Crypt-bottom fibroblast","P008","Fibroblast"
"SAM24406429_870848",-3.25106008168941,0.684245205082421,"Uninflamed UC","LP fibroblast","P008","Fibroblast"
"SAM24406429_679682",-3.37980086919551,0.117238889046435,"Uninflamed UC","LP fibroblast","P008","Fibroblast"
"SAM24406429_768954",2.72079329374547,5.53148830921245,"Uninflamed UC","Activated crypt-top fibroblast","P008","Fibroblast"
"SAM24406429_773463",-2.43490131017452,-0.492961873702284,"Uninflamed UC","LP fibroblast","P008","Fibroblast"
"SAM24406429_646733",2.25553815248723,5.34942425281597,"Uninflamed UC","Activated crypt-top fibroblast","P008","Fibroblast"
"SAM24406429_179555",-3.4450174104858,0.863736520119433,"Uninflamed UC","LP fibroblast","P008","Fibroblast"
"SAM24406429_104678",-3.48089988347774,-0.141647805861707,"Uninflamed UC","LP fibroblast","P008","Fibroblast"
"SAM24406429_521800",-1.81453044530635,2.29148746521068,"Uninflamed UC","Inflammatory fibroblast","P008","Fibroblast"
"SAM24406429_700090",-3.04159457799678,-1.66102229564595,"Uninflamed UC","LP fibroblast","P008","Fibroblast"
"SAM24406429_681134",2.38264982584233,5.71921289951396,"Uninflamed UC","Activated crypt-top fibroblast","P008","Fibroblast"
"SAM24406429_437273",-3.33667237874752,-1.30433141200947,"Uninflamed UC","LP fibroblast","P008","Fibroblast"
"SAM24406429_549699",-3.96574027654415,-1.55507647006917,"Uninflamed UC","LP fibroblast","P008","Fibroblast"
"SAM24406429_278322",-3.57337625142818,0.625611799367193,"Uninflamed UC","LP fibroblast","P008","Fibroblast"
"SAM24406429_588013",-4.41743190404659,-4.06557046382832,"Uninflamed UC","Crypt-bottom fibroblast","P008","Fibroblast"
"SAM24406429_793332",-5.20186526891475,-5.88905345409321,"Uninflamed UC","Crypt-bottom fibroblast","P008","Fibroblast"
"SAM24406429_355174",-3.62180001851802,-2.10931240528035,"Uninflamed UC","LP fibroblast","P008","Fibroblast"
"SAM24406429_5258",-3.3647795450378,0.36204884440494,"Uninflamed UC","LP fibroblast","P008","Fibroblast"
"SAM24406429_663876",-4.96032149907833,-2.48218761890339,"Uninflamed UC","Crypt-bottom fibroblast","P008","Fibroblast"
"SAM24406429_140245",2.25699941995854,6.05002106220317,"Uninflamed UC","Activated crypt-top fibroblast","P008","Fibroblast"
"SAM24406429_499258",-3.65663201925044,-1.29008161037373,"Uninflamed UC","LP fibroblast","P008","Fibroblast"
"SAM24406429_214415",-3.19696862813716,0.946350494929079,"Uninflamed UC","LP fibroblast","P008","Fibroblast"
"SAM24406429_520990",-2.83751733419185,0.916947344847445,"Uninflamed UC","LP fibroblast","P008","Fibroblast"
"SAM24406429_163255",-3.5160017740417,-1.79629694431233,"Uninflamed UC","LP fibroblast","P008","Fibroblast"
"SAM24406429_581830",3.25078635099644,-0.563693632773634,"Uninflamed UC","Inflammatory fibroblast","P008","Fibroblast"
"SAM24406429_487774",-3.13567121145015,-0.72576414554524,"Uninflamed UC","LP fibroblast","P008","Fibroblast"
"SAM24406429_669330",-2.50644548055416,-1.71403609722066,"Uninflamed UC","LP fibroblast","P008","Fibroblast"
"SAM24406429_228013",-3.25482375737911,-1.09702741115498,"Uninflamed UC","LP fibroblast","P008","Fibroblast"
"SAM24406429_270231",-1.76724870321041,2.10479248554302,"Uninflamed UC","Inflammatory fibroblast","P008","Fibroblast"
"SAM24406429_278082",-3.28515012380367,0.736427033849482,"Uninflamed UC","LP fibroblast","P008","Fibroblast"
"SAM24406429_187213",-3.489608360498,1.22222806007457,"Uninflamed UC","LP fibroblast","P008","Fibroblast"
"SAM24406429_608988",1.94497983339543,5.70573700458599,"Uninflamed UC","Activated crypt-top fibroblast","P008","Fibroblast"
"SAM24406429_442911",-2.79178006765132,1.20128358394695,"Uninflamed UC","LP fibroblast","P008","Fibroblast"
"SAM24406429_570926",-3.13264663335567,-2.15929638355183,"Uninflamed UC","LP fibroblast","P008","Fibroblast"
"SAM24406429_701747",2.30798964384312,6.04527748615337,"Uninflamed UC","Activated crypt-top fibroblast","P008","Fibroblast"
"SAM24406429_69647",-0.880758835046343,-0.295657446078535,"Uninflamed UC","LP fibroblast","P008","Fibroblast"
"SAM24406429_17578",-3.57941587087398,-2.51056062190938,"Uninflamed UC","LP fibroblast","P008","Fibroblast"
"SAM24406429_174123",-0.955061508386187,-1.79646264522481,"Uninflamed UC","LP fibroblast","P008","Fibroblast"
"SAM24406429_414351",-3.53118045446163,-1.74763976543355,"Uninflamed UC","LP fibroblast","P008","Fibroblast"
"SAM24406429_177171",-2.95106370565181,0.558795149036173,"Uninflamed UC","LP fibroblast","P008","Fibroblast"
"SAM24406429_193868",-1.23957116719966,-1.42476521938252,"Uninflamed UC","LP fibroblast","P008","Fibroblast"
"SAM24406429_498917",-3.04994542714839,1.37851859123302,"Uninflamed UC","LP fibroblast","P008","Fibroblast"
"SAM24406429_100307",5.02150581959004,4.15395701915813,"Uninflamed UC","Resting crypt-top fibroblast","P008","Fibroblast"
"SAM24406429_160299",-2.814071251123,0.666345933981661,"Uninflamed UC","LP fibroblast","P008","Fibroblast"
"SAM24406429_349622",-2.73843820211177,-0.485534777335401,"Uninflamed UC","LP fibroblast","P008","Fibroblast"
"SAM24406429_158667",-4.50877959844356,-2.71303426235127,"Uninflamed UC","Crypt-bottom fibroblast","P008","Fibroblast"
"SAM24406429_67121",2.26332752588505,4.55655706913066,"Uninflamed UC","Activated crypt-top fibroblast","P008","Fibroblast"
"SAM24406429_673628",-3.35311277028804,-1.93306027858662,"Uninflamed UC","LP fibroblast","P008","Fibroblast"
"SAM24406429_764084",-3.14548070546871,-0.849680533103224,"Uninflamed UC","LP fibroblast","P008","Fibroblast"
"SAM24406429_606283",-2.48165376302486,-1.16064368694233,"Uninflamed UC","LP fibroblast","P008","Fibroblast"
"SAM24406429_206945",-4.44161040899044,-1.68883310764241,"Uninflamed UC","LP fibroblast","P008","Fibroblast"
"SAM24406429_699486",-3.09414250966793,0.77569308371139,"Uninflamed UC","LP fibroblast","P008","Fibroblast"
"SAM24406429_471061",-2.32600934621578,-0.590548982314344,"Uninflamed UC","LP fibroblast","P008","Fibroblast"
"SAM24406429_656757",2.02731053713078,5.73239172489238,"Uninflamed UC","Activated crypt-top fibroblast","P008","Fibroblast"
"SAM24406429_220127",2.5206432807755,5.14184750110698,"Uninflamed UC","Activated crypt-top fibroblast","P008","Fibroblast"
"SAM24406429_247350",-3.35727174398189,1.19396854431224,"Uninflamed UC","LP fibroblast","P008","Fibroblast"
"SAM24406429_108410",-5.59453208562618,-0.826878657035108,"Uninflamed UC","LP fibroblast","P008","Fibroblast"
"SAM24406429_546953",-3.68126113530879,-0.446176399878736,"Uninflamed UC","LP fibroblast","P008","Fibroblast"
"SAM24406429_213697",-3.30767781850582,-1.33699594943928,"Uninflamed UC","LP fibroblast","P008","Fibroblast"
"SAM24406429_834094",1.27542369249577,4.28750861675334,"Uninflamed UC","Activated crypt-top fibroblast","P008","Fibroblast"
"SAM24406429_20532",-2.07896144506221,-0.312341501406904,"Uninflamed UC","LP fibroblast","P008","Fibroblast"
"SAM24406429_681690",2.2729294765305,4.0831600526054,"Uninflamed UC","Resting crypt-top fibroblast","P008","Fibroblast"
"SAM24406429_443143",-2.74150235769039,0.806675503559832,"Uninflamed UC","LP fibroblast","P008","Fibroblast"
"SAM24406429_391207",5.67020122888798,2.61998547107768,"Uninflamed UC","Activated crypt-top fibroblast","P008","Fibroblast"
"SAM24406429_225337",-3.12142188665157,-3.09003769367146,"Uninflamed UC","LP fibroblast","P008","Fibroblast"
"SAM24406429_330447",-3.05355937597042,0.657896681286816,"Uninflamed UC","LP fibroblast","P008","Fibroblast"
"SAM24406429_590576",-1.29960162755733,2.12111199886394,"Uninflamed UC","Inflammatory fibroblast","P008","Fibroblast"
"SAM24406429_698102",-4.81679923650508,-1.75745307414937,"Uninflamed UC","LP fibroblast","P008","Fibroblast"
"SAM24406429_589925",-3.77867896672969,-1.87969314067769,"Uninflamed UC","LP fibroblast","P008","Fibroblast"
"SAM24406429_270908",-2.99457366582637,-1.71567450969624,"Uninflamed UC","LP fibroblast","P008","Fibroblast"
"SAM24406429_465751",-4.70363147374874,-5.20681392162251,"Uninflamed UC","Crypt-bottom fibroblast","P008","Fibroblast"
"SAM24406429_360081",-1.74258763906246,2.08179653675151,"Uninflamed UC","Inflammatory fibroblast","P008","Fibroblast"
"SAM24406429_850711",-2.63735873815303,1.74018109829021,"Uninflamed UC","LP fibroblast","P008","Fibroblast"
"SAM24406429_510182",-3.11912305471187,1.28854543954921,"Uninflamed UC","LP fibroblast","P008","Fibroblast"
"SAM24406429_68343",-2.45049245473628,-0.411999573401685,"Uninflamed UC","LP fibroblast","P008","Fibroblast"
"SAM24406429_850884",-4.12043769475704,-0.685165037802931,"Uninflamed UC","LP fibroblast","P008","Fibroblast"
"SAM24406429_157086",-3.24227864858394,-0.31087773054051,"Uninflamed UC","LP fibroblast","P008","Fibroblast"
"SAM24406429_210954",-4.44792754766231,-1.968312611274,"Uninflamed UC","LP fibroblast","P008","Fibroblast"
"SAM24406429_120971",-4.90511138555294,-3.34819685428547,"Uninflamed UC","Crypt-bottom fibroblast","P008","Fibroblast"
"SAM24406429_476244",-2.82485396978145,0.294651995011095,"Uninflamed UC","LP fibroblast","P008","Fibroblast"
"SAM24406429_195279",-3.55544955846553,-0.357413341693159,"Uninflamed UC","LP fibroblast","P008","Fibroblast"
"SAM24406429_387515",-2.60340507146602,1.11630044371677,"Uninflamed UC","LP fibroblast","P008","Fibroblast"
"SAM24406429_178709",-3.25010688421016,0.351242611714129,"Uninflamed UC","LP fibroblast","P008","Fibroblast"
"SAM24406429_453510",-3.70332915899044,-1.54527460544514,"Uninflamed UC","LP fibroblast","P008","Fibroblast"
"SAM24406429_247422",-4.98742587682491,-4.98391066997456,"Uninflamed UC","Crypt-bottom fibroblast","P008","Fibroblast"
"SAM24406429_204410",-1.5675702821899,2.28601683170391,"Uninflamed UC","Inflammatory fibroblast","P008","Fibroblast"
"SAM24406429_497368",-3.50215728399044,-1.29810081928181,"Uninflamed UC","LP fibroblast","P008","Fibroblast"
"SAM24406429_350487",2.19965748670811,4.06965364009929,"Uninflamed UC","Resting crypt-top fibroblast","P008","Fibroblast"
"SAM24406429_850345",-4.82894046422725,-0.116239299468275,"Uninflamed UC","LP fibroblast","P008","Fibroblast"
"SAM24406429_339418",-2.97283322927242,0.988710741110567,"Uninflamed UC","LP fibroblast","P008","Fibroblast"
"SAM24406429_538752",-4.76962382909542,-1.31191646068501,"Uninflamed UC","LP fibroblast","P008","Fibroblast"
"SAM24406429_256779",-4.98100478765254,-4.62895356624531,"Uninflamed UC","Crypt-bottom fibroblast","P008","Fibroblast"
"SAM24406429_625217",-3.96889693853145,-2.88833748310017,"Uninflamed UC","LP fibroblast","P008","Fibroblast"
"SAM24406429_869525",2.2983555066895,6.1838930943687,"Uninflamed UC","Activated crypt-top fibroblast","P008","Fibroblast"
"SAM24406429_693414",-2.70394570943599,-1.60804711788106,"Uninflamed UC","LP fibroblast","P008","Fibroblast"
"SAM24406429_607807",1.42625992182011,4.0410982468803,"Uninflamed UC","Activated crypt-top fibroblast","P008","Fibroblast"
"SAM24406429_363428",0.772458242208906,4.05712092907024,"Uninflamed UC","Activated crypt-top fibroblast","P008","Fibroblast"
"SAM24406429_180735",-3.73239524480586,-2.3797420164864,"Uninflamed UC","LP fibroblast","P008","Fibroblast"
"SAM24406429_22022",-3.15338094350582,0.865878845163111,"Uninflamed UC","LP fibroblast","P008","Fibroblast"
"SAM24406429_554662",0.621358560354658,0.626843244366769,"Uninflamed UC","LP fibroblast","P008","Fibroblast"
"SAM24406429_35024",-2.96694524404293,0.872897277184252,"Uninflamed UC","LP fibroblast","P008","Fibroblast"
"SAM24406429_836189",2.52522842767949,4.10198725254131,"Uninflamed UC","Resting crypt-top fibroblast","P008","Fibroblast"
"SAM24406429_428306",-3.67764289495235,-1.62261830776143,"Uninflamed UC","LP fibroblast","P008","Fibroblast"
"SAM24406429_805414",-4.25685985204463,-5.31202517955708,"Uninflamed UC","Crypt-bottom fibroblast","P008","Fibroblast"
"SAM24406429_444542",2.0000304448914,5.20736206562114,"Uninflamed UC","Activated crypt-top fibroblast","P008","Fibroblast"
"SAM24406429_195542",-3.42331750509029,-2.08472668140339,"Uninflamed UC","LP fibroblast","P008","Fibroblast"
"SAM24406429_664560",-2.91194970723873,-0.342613925627943,"Uninflamed UC","LP fibroblast","P008","Fibroblast"
"SAM24406429_117530",1.75900499704594,3.98710239917827,"Uninflamed UC","Activated crypt-top fibroblast","P008","Fibroblast"
"SAM24406429_412703",-2.88604648229366,-1.48937498538899,"Uninflamed UC","LP fibroblast","P008","Fibroblast"
"SAM24406429_67962",-3.14436204549556,0.256337473698382,"Uninflamed UC","LP fibroblast","P008","Fibroblast"
"SAM24406429_241937",1.06814591768498,3.44364560634685,"Uninflamed UC","LP fibroblast","P008","Fibroblast"
"SAM24406429_326163",-4.00180442449336,-1.49799930065083,"Uninflamed UC","LP fibroblast","P008","Fibroblast"
"SAM24406429_210836",-3.53045375463252,0.096905598946337,"Uninflamed UC","LP fibroblast","P008","Fibroblast"
"SAM24406429_166459",1.32157008531804,3.73545778781963,"Uninflamed UC","Activated crypt-top fibroblast","P008","Fibroblast"
"SAM24406429_397448",-3.71797664281612,-1.81624208896565,"Uninflamed UC","LP fibroblast","P008","Fibroblast"
"SAM24406429_107754",-3.16782148000484,-0.36483930557179,"Uninflamed UC","LP fibroblast","P008","Fibroblast"
"SAM24406429_732928",1.42233602884526,3.74245728046489,"Uninflamed UC","Activated crypt-top fibroblast","P008","Fibroblast"
"SAM24406429_165745",2.08746497514958,4.06047762424541,"Uninflamed UC","Resting crypt-top fibroblast","P008","Fibroblast"
"SAM24406429_762394",-2.79928119298702,-2.11588632076191,"Uninflamed UC","LP fibroblast","P008","Fibroblast"
"SAM24406429_839404",-3.05411012288814,0.463474313326601,"Uninflamed UC","LP fibroblast","P008","Fibroblast"
"SAM24406429_827735",-3.79828269597774,0.0137502053458731,"Uninflamed UC","LP fibroblast","P008","Fibroblast"
"SAM24406429_389797",1.33444254282231,4.62547935039592,"Uninflamed UC","Activated crypt-top fibroblast","P008","Fibroblast"
"SAM24406429_250934",-2.87213666555171,0.0281129577834647,"Uninflamed UC","LP fibroblast","P008","Fibroblast"
"SAM24406429_852298",2.02818624857182,5.58054817707134,"Uninflamed UC","Activated crypt-top fibroblast","P008","Fibroblast"
"SAM24406429_773273",2.10317222955937,5.37007607013774,"Uninflamed UC","Activated crypt-top fibroblast","P008","Fibroblast"
"SAM24406429_717633",-2.75108916875606,1.31978632003856,"Uninflamed UC","LP fibroblast","P008","Fibroblast"
"SAM24406429_264276",-2.6738181841064,-0.788602938346143,"Uninflamed UC","LP fibroblast","P008","Fibroblast"
"SAM24406429_779557",1.91460888269658,3.32831538707805,"Uninflamed UC","Activated crypt-top fibroblast","P008","Fibroblast"
"SAM24406429_113460",-2.92934424993282,-1.14831899612355,"Uninflamed UC","LP fibroblast","P008","Fibroblast"
"SAM24406429_691962",-2.24730594274288,1.81087947876048,"Uninflamed UC","LP fibroblast","P008","Fibroblast"
"SAM24406429_531399",2.75085132005925,3.70554340869975,"Uninflamed UC","Resting crypt-top fibroblast","P008","Fibroblast"
"SAM24406429_214779",-2.90807445165401,0.18576545507503,"Uninflamed UC","LP fibroblast","P008","Fibroblast"
"SAM24406429_524953",-2.84079272863155,0.602805169828657,"Uninflamed UC","LP fibroblast","P008","Fibroblast"
"SAM24406429_810369",-3.74230344411617,-1.20416759460377,"Uninflamed UC","LP fibroblast","P008","Fibroblast"
"SAM24406429_327419",-3.92774398442989,0.396023685642008,"Uninflamed UC","LP fibroblast","P008","Fibroblast"
"SAM24406429_414276",-4.77124889013057,-4.25301991908955,"Uninflamed UC","Crypt-bottom fibroblast","P008","Fibroblast"
"SAM24406429_216914",-3.72499425527339,-1.14783619850087,"Uninflamed UC","LP fibroblast","P008","Fibroblast"
"SAM24406429_814134",-3.63781602498775,-1.46193586795735,"Uninflamed UC","LP fibroblast","P008","Fibroblast"
"SAM24406429_679558",2.28547673109288,5.30378235370708,"Uninflamed UC","Activated crypt-top fibroblast","P008","Fibroblast"
"SAM24406429_400786",-5.0849886667419,-4.03321134059834,"Uninflamed UC","Crypt-bottom fibroblast","P008","Fibroblast"
"SAM24406429_25487",-3.58883292791133,-1.73140870540547,"Uninflamed UC","LP fibroblast","P008","Fibroblast"
"SAM24406429_768242",1.08366052988286,3.28153575450969,"Uninflamed UC","LP fibroblast","P008","Fibroblast"
"SAM24406429_184566",-4.33970649358516,-0.40746580570149,"Uninflamed UC","LP fibroblast","P008","Fibroblast"
"SAM24406429_475733",-4.88321502324825,-4.05831920116353,"Uninflamed UC","Crypt-bottom fibroblast","P008","Fibroblast"
"SAM24406429_719748",-3.90482814428096,0.206885049649004,"Uninflamed UC","LP fibroblast","P008","Fibroblast"
"SAM24406429_415016",1.98702685716862,3.91736806423259,"Uninflamed UC","Activated crypt-top fibroblast","P008","Fibroblast"
"SAM24406429_826649",-2.72845752355342,-1.57228075473713,"Uninflamed UC","LP fibroblast","P008","Fibroblast"
"SAM24406429_458904",-3.34006412145381,-1.60653292148518,"Uninflamed UC","LP fibroblast","P008","Fibroblast"
"SAM24406429_650447",-3.90897662755733,-1.61900459735798,"Uninflamed UC","LP fibroblast","P008","Fibroblast"
"SAM24406429_726572",-4.48953731176143,-0.42649554222035,"Uninflamed UC","LP fibroblast","P008","Fibroblast"
"SAM24406429_420730",-4.43501479741817,-2.28465115039754,"Uninflamed UC","LP fibroblast","P008","Fibroblast"
"SAM24406429_754660",-3.68516309377437,-1.50983940570759,"Uninflamed UC","LP fibroblast","P008","Fibroblast"
"SAM24406429_142383",-2.48246295568233,1.10365701706005,"Uninflamed UC","LP fibroblast","P008","Fibroblast"
"SAM24406429_809188",-3.92623145696407,-4.76421748607564,"Uninflamed UC","Crypt-bottom fibroblast","P008","Fibroblast"
"SAM24406429_455837",-3.18121869680171,0.169481317110781,"Uninflamed UC","LP fibroblast","P008","Fibroblast"
"SAM24406429_160122",-4.35767181035762,-0.787936200789686,"Uninflamed UC","LP fibroblast","P008","Fibroblast"
"SAM24406429_98510",2.45770232561345,5.52329052478862,"Uninflamed UC","Activated crypt-top fibroblast","P008","Fibroblast"
"SAM24406429_586591",0.0824956167053656,-0.500912418059583,"Uninflamed UC","LP fibroblast","P008","Fibroblast"
"SAM24406429_503670",-4.04153831121211,0.918780426092867,"Uninflamed UC","LP fibroblast","P008","Fibroblast"
"SAM24406429_136406",-3.38936669942623,-1.16482900588917,"Uninflamed UC","LP fibroblast","P008","Fibroblast"
"SAM24406429_314832",-3.2479902040649,1.46608925849986,"Uninflamed UC","LP fibroblast","P008","Fibroblast"
"SAM24406429_497366",-4.91411025640254,-0.901937594107862,"Uninflamed UC","LP fibroblast","P008","Fibroblast"
"SAM24406429_650643",1.7701412904572,4.17754305393291,"Uninflamed UC","Activated crypt-top fibroblast","P008","Fibroblast"
"SAM24406429_656047",-3.05637128469234,0.223631540842776,"Uninflamed UC","LP fibroblast","P008","Fibroblast"
"SAM24406429_653831",2.0830485093903,5.47542418033672,"Uninflamed UC","Activated crypt-top fibroblast","P008","Fibroblast"
"SAM24406429_706393",2.27242784384007,4.10421265155864,"Uninflamed UC","Activated crypt-top fibroblast","P008","Fibroblast"
"SAM24406429_634122",-3.30617005941158,-1.42655145137715,"Uninflamed UC","LP fibroblast","P008","Fibroblast"
"SAM24406429_807691",-2.05109317418819,-1.53335463016438,"Uninflamed UC","LP fibroblast","P008","Fibroblast"
"SAM24406429_816630",-1.16798598882442,-0.840769042662855,"Uninflamed UC","LP fibroblast","P008","Fibroblast"
"SAM24406429_82101",2.52859442117924,4.46677864582134,"Uninflamed UC","Resting crypt-top fibroblast","P008","Fibroblast"
"SAM24406429_34667",2.72375051859135,3.33896745235515,"Uninflamed UC","Resting crypt-top fibroblast","P008","Fibroblast"
"SAM24406429_703845",-3.28124625798946,0.181318948574785,"Uninflamed UC","LP fibroblast","P008","Fibroblast"
"SAM24406429_552123",-4.48013789769893,-2.10362445323872,"Uninflamed UC","LP fibroblast","P008","Fibroblast"
"SAM24406429_119516",-3.13365323659664,-1.87910162418294,"Uninflamed UC","LP fibroblast","P008","Fibroblast"
"SAM24406429_211312",1.80834762933964,4.42455543071819,"Uninflamed UC","Activated crypt-top fibroblast","P008","Fibroblast"
"SAM24406429_571645",-3.35863502141719,-0.177838852099653,"Uninflamed UC","LP fibroblast","P008","Fibroblast"
"SAM24406429_496873",-3.77656800863033,-1.36395691841054,"Uninflamed UC","LP fibroblast","P008","Fibroblast"
"SAM24406429_532876",-3.04660136815792,-3.77564679592061,"Uninflamed UC","LP fibroblast","P008","Fibroblast"
"SAM24406429_150220",2.41666536215062,5.24901093036724,"Uninflamed UC","Activated crypt-top fibroblast","P008","Fibroblast"
"SAM24406429_267682",1.82358996752018,3.15957201511455,"Uninflamed UC","Activated crypt-top fibroblast","P008","Fibroblast"
"SAM24406429_266349",-2.68482072469478,-1.19612132518696,"Uninflamed UC","LP fibroblast","P008","Fibroblast"
"SAM24406429_793008",-3.73339469548946,-2.09936892002034,"Uninflamed UC","LP fibroblast","P008","Fibroblast"
"SAM24406429_380473",-5.15288932439571,-3.34765445201802,"Uninflamed UC","Crypt-bottom fibroblast","P008","Fibroblast"
"SAM24406429_694904",-4.14852721807247,-2.46725117175984,"Uninflamed UC","LP fibroblast","P008","Fibroblast"
"SAM24406429_668392",-3.77550323125606,-1.46012603252339,"Uninflamed UC","LP fibroblast","P008","Fibroblast"
"SAM24406429_685929",-3.19497163411861,-1.2621403834145,"Uninflamed UC","LP fibroblast","P008","Fibroblast"
"SAM24406429_249332",-3.00617606755977,0.593310991831545,"Uninflamed UC","LP fibroblast","P008","Fibroblast"
"SAM24406429_115191",-1.67878635045772,-1.32499002426076,"Uninflamed UC","LP fibroblast","P008","Fibroblast"
"SAM24406429_816497",-3.71582801458126,-3.87629949062275,"Uninflamed UC","LP fibroblast","P008","Fibroblast"
"SAM24406429_378563",-3.40341956731563,0.562314490385775,"Uninflamed UC","LP fibroblast","P008","Fibroblast"
"SAM24406429_310372",2.29512171629185,3.88856090099407,"Uninflamed UC","Activated crypt-top fibroblast","P008","Fibroblast"
"SAM24406429_326384",-3.95144755956417,-0.492940654448744,"Uninflamed UC","LP fibroblast","P008","Fibroblast"
"SAM24406429_168105",2.38073770883793,5.67238224536968,"Uninflamed UC","Activated crypt-top fibroblast","P008","Fibroblast"
"SAM24406429_141948",-3.36247213002925,-1.71412431209492,"Uninflamed UC","LP fibroblast","P008","Fibroblast"
"SAM24406429_87775",-3.37338597890621,-0.834273328475233,"Uninflamed UC","LP fibroblast","P008","Fibroblast"
"SAM24406429_202017",-3.483091903894,-1.43555270641255,"Uninflamed UC","LP fibroblast","P008","Fibroblast"
"SAM24406429_815976",-4.87903411504512,-4.39935742824482,"Uninflamed UC","Crypt-bottom fibroblast","P008","Fibroblast"
"SAM24406429_698695",-3.82868583318477,-0.540032734565016,"Uninflamed UC","LP fibroblast","P008","Fibroblast"
"SAM24406429_152255",-3.34981496450191,0.00475276500773836,"Uninflamed UC","LP fibroblast","P008","Fibroblast"
"SAM24406429_306121",-4.59404952642208,-0.14007489889073,"Uninflamed UC","LP fibroblast","P008","Fibroblast"
"SAM24406429_101822",2.67987470510716,5.5095561841209,"Uninflamed UC","Activated crypt-top fibroblast","P008","Fibroblast"
"SAM24406429_625370",-3.66006906148677,0.0306215980727713,"Uninflamed UC","LP fibroblast","P008","Fibroblast"
"SAM24406429_43847",1.45859520319218,4.54635680706096,"Uninflamed UC","Activated crypt-top fibroblast","P008","Fibroblast"
"SAM24406429_556494",2.40733711603398,5.76642550022197,"Uninflamed UC","Activated crypt-top fibroblast","P008","Fibroblast"
"SAM24406429_734221",1.71889154794926,4.36797607929302,"Uninflamed UC","Activated crypt-top fibroblast","P008","Fibroblast"
"SAM24406429_206133",-4.58844859716182,-1.46639048068928,"Uninflamed UC","LP fibroblast","P008","Fibroblast"
"SAM24406429_578405",-4.00746448156124,-2.48304592578816,"Uninflamed UC","LP fibroblast","P008","Fibroblast"
"SAM24406429_696212",1.94235818269963,4.67363489658428,"Uninflamed UC","Activated crypt-top fibroblast","P008","Fibroblast"
"SAM24406429_440554",-2.94936092015987,0.85698642820907,"Uninflamed UC","LP fibroblast","P008","Fibroblast"
"SAM24406429_200259",2.52602903726811,5.29918659717632,"Uninflamed UC","Activated crypt-top fibroblast","P008","Fibroblast"
"SAM24406429_752658",-3.45894391652828,-2.78600322215962,"Uninflamed UC","LP fibroblast","P008","Fibroblast"
"SAM24406429_50147",2.66592984083409,5.03192175418926,"Uninflamed UC","Activated crypt-top fibroblast","P008","Fibroblast"
"SAM24406429_656711",-3.95577247258907,-1.57630549877095,"Uninflamed UC","LP fibroblast","P008","Fibroblast"
"SAM24406429_832130",-2.78032071706539,0.91874850780559,"Uninflamed UC","LP fibroblast","P008","Fibroblast"
"SAM24406429_635504",-4.40465266820674,-1.10853170364308,"Uninflamed UC","LP fibroblast","P008","Fibroblast"
"SAM24406429_670573",-2.1934624445129,-0.657427897147413,"Uninflamed UC","LP fibroblast","P008","Fibroblast"
"SAM24406429_540241",-1.5277810823608,-1.60699998348164,"Uninflamed UC","LP fibroblast","P008","Fibroblast"
"SAM24406429_767700",-1.13622100469356,2.49547601730419,"Uninflamed UC","Inflammatory fibroblast","P008","Fibroblast"
"SAM24406429_265356",-3.31496818181758,-0.30408685415196,"Uninflamed UC","LP fibroblast","P008","Fibroblast"
"SAM24406429_125553",-1.34623105642086,-0.494684090308424,"Uninflamed UC","LP fibroblast","P008","Fibroblast"
"SAM24406429_378416",-3.62659461614376,0.142313490219836,"Uninflamed UC","LP fibroblast","P008","Fibroblast"
"SAM24406429_800242",-3.89144523259883,-1.15024434535908,"Uninflamed UC","LP fibroblast","P008","Fibroblast"
"SAM24406429_732252",2.41436188104863,3.21366466075969,"Uninflamed UC","Activated crypt-top fibroblast","P008","Fibroblast"
"SAM24406429_349833",2.82786445501561,3.79152811557842,"Uninflamed UC","Resting crypt-top fibroblast","P008","Fibroblast"
"SAM24406429_441744",-4.33191306707149,-1.30362450092244,"Uninflamed UC","LP fibroblast","P008","Fibroblast"
"SAM24406429_452706",-3.08308274862056,-1.50456963985371,"Uninflamed UC","LP fibroblast","P008","Fibroblast"
"SAM24406429_409907",-3.87553985234981,-1.33641146629262,"Uninflamed UC","LP fibroblast","P008","Fibroblast"
"SAM24406429_783175",-3.58668143865352,-1.75713764636921,"Uninflamed UC","LP fibroblast","P008","Fibroblast"
"SAM24406429_550585",-3.80785377141719,-2.50861464946675,"Uninflamed UC","LP fibroblast","P008","Fibroblast"
"SAM24406429_808307",2.73531906488652,4.31082094699932,"Uninflamed UC","Activated crypt-top fibroblast","P008","Fibroblast"
"SAM24406429_786336",-3.37026603338008,1.08144236595226,"Uninflamed UC","LP fibroblast","P008","Fibroblast"
"SAM24406429_106730",2.20689360979313,5.45992554218364,"Uninflamed UC","Activated crypt-top fibroblast","P008","Fibroblast"
"SAM24406429_808411",2.68493823889012,5.83076323062969,"Uninflamed UC","Activated crypt-top fibroblast","P008","Fibroblast"
"SAM24406429_126873",-1.51013286229854,-1.24866067378926,"Uninflamed UC","LP fibroblast","P008","Fibroblast"
"SAM24406429_642905",-3.93790919896846,-0.0785519978325326,"Uninflamed UC","LP fibroblast","P008","Fibroblast"
"SAM24406429_863401",2.93190936926121,5.63134039432598,"Uninflamed UC","Activated crypt-top fibroblast","P008","Fibroblast"
"SAM24406429_450287",2.82140819910283,5.80443323642803,"Uninflamed UC","Activated crypt-top fibroblast","P008","Fibroblast"
"SAM24406429_399943",1.67192165735478,3.72467387706829,"Uninflamed UC","Activated crypt-top fibroblast","P008","Fibroblast"
"SAM24406429_329372",-4.48494060155635,-1.28763567417073,"Uninflamed UC","LP fibroblast","P008","Fibroblast"
"SAM24406429_200428",-5.93239696141963,-1.98058711498189,"Uninflamed UC","LP fibroblast","P008","Fibroblast"
"SAM24406429_629451",2.35709397676701,4.05033768207622,"Uninflamed UC","Resting crypt-top fibroblast","P008","Fibroblast"
"SAM24406429_339840",-2.86521489736324,-0.701017965964552,"Uninflamed UC","LP fibroblast","P008","Fibroblast"
"SAM24406429_268049",2.26646559122319,4.33938444645,"Uninflamed UC","Activated crypt-top fibroblast","P008","Fibroblast"
"SAM24406429_573011",-3.52308614370113,-1.78139864414143,"Uninflamed UC","LP fibroblast","P008","Fibroblast"
"SAM24406429_737166",-4.42918784734493,-0.950441231421705,"Uninflamed UC","LP fibroblast","P008","Fibroblast"
"SAM24406429_630047",-4.74805076238399,-1.44595490901875,"Uninflamed UC","LP fibroblast","P008","Fibroblast"
"SAM24406429_191977",-3.43917234060054,0.777947793312792,"Uninflamed UC","LP fibroblast","P008","Fibroblast"
"SAM24406429_107920",-4.19129951116329,-2.18004285304951,"Uninflamed UC","LP fibroblast","P008","Fibroblast"
"SAM24406429_34188",2.5226009357285,6.30325354129863,"Uninflamed UC","Activated crypt-top fibroblast","P008","Fibroblast"
"SAM24406429_419624",-3.52699287053829,0.195349941559557,"Uninflamed UC","LP fibroblast","P008","Fibroblast"
"SAM24406429_388239",-4.88434989568477,-4.07058917491841,"Uninflamed UC","Crypt-bottom fibroblast","P008","Fibroblast"
"SAM24406429_138701",-4.01965434667354,-0.585757722548719,"Uninflamed UC","LP fibroblast","P008","Fibroblast"
"SAM24406429_564102",-2.38092906591182,-0.41481923072743,"Uninflamed UC","LP fibroblast","P008","Fibroblast"
"SAM24406429_107090",2.45850174310917,5.14970625431133,"Uninflamed UC","Activated crypt-top fibroblast","P008","Fibroblast"
"SAM24406429_70038",-3.74585969564205,-1.47659002750325,"Uninflamed UC","LP fibroblast","P008","Fibroblast"
"SAM24406429_869449",-3.68236215230709,-1.86994134395527,"Uninflamed UC","LP fibroblast","P008","Fibroblast"
"SAM24406429_612023",-2.85793645498043,1.52031070978237,"Uninflamed UC","LP fibroblast","P008","Fibroblast"
"SAM24406429_398867",-3.62996156331783,0.657942006893877,"Uninflamed UC","LP fibroblast","P008","Fibroblast"
"SAM24406429_418594",-4.10327346441036,-2.70628510921406,"Uninflamed UC","LP fibroblast","P008","Fibroblast"
"SAM24406429_551591",-3.54121835347896,0.58185179398251,"Uninflamed UC","LP fibroblast","P008","Fibroblast"
"SAM24406429_505790",-5.0239592325378,-4.5641423365395,"Uninflamed UC","Crypt-bottom fibroblast","P008","Fibroblast"
"SAM24406429_221336",-3.19344956990962,1.14473027975154,"Uninflamed UC","LP fibroblast","P008","Fibroblast"
"SAM24406429_296766",-3.55192906972652,-1.23445986717152,"Uninflamed UC","LP fibroblast","P008","Fibroblast"
"SAM24406429_229424",-3.22081811544185,1.19921160728527,"Uninflamed UC","LP fibroblast","P008","Fibroblast"
"SAM24406429_208806",3.18269758108372,4.02643073589397,"Uninflamed UC","Resting crypt-top fibroblast","P008","Fibroblast"
"SAM24406429_542150",-5.14587504979854,-0.586159815482374,"Uninflamed UC","LP fibroblast","P008","Fibroblast"
"SAM24406429_384753",0.818068670065351,1.52764178306652,"Uninflamed UC","LP fibroblast","P008","Fibroblast"
"SAM24406429_187715",-2.79136092778926,1.17064059764934,"Uninflamed UC","LP fibroblast","P008","Fibroblast"
"SAM24406429_52412",5.04063444021458,3.98999727756572,"Uninflamed UC","Resting crypt-top fibroblast","P008","Fibroblast"
"SAM24406429_305662",2.67482190016026,5.27511299640727,"Uninflamed UC","Activated crypt-top fibroblast","P008","Fibroblast"
"SAM24406429_360869",-2.63452108022457,0.760130012937311,"Uninflamed UC","LP fibroblast","P008","Fibroblast"
"SAM24406429_616252",4.76133810165638,4.71000994236064,"Uninflamed UC","Resting crypt-top fibroblast","P008","Fibroblast"
"SAM24406429_5533",-4.77493960973506,-0.297722806624647,"Uninflamed UC","LP fibroblast","P008","Fibroblast"
"SAM24406429_552559",-5.15511615392452,-3.13503276317525,"Uninflamed UC","Crypt-bottom fibroblast","P008","Fibroblast"
"SAM24406429_356129",-4.32056052800899,-2.05518828838276,"Uninflamed UC","LP fibroblast","P008","Fibroblast"
"SAM24406429_557840",-0.274222923486285,-1.06358252971577,"Uninflamed UC","LP fibroblast","P008","Fibroblast"
"SAM24406429_858543",2.58655624273533,5.4283532002647,"Uninflamed UC","Activated crypt-top fibroblast","P008","Fibroblast"
"SAM24406429_446590",-3.1646252405334,-0.0454643270294626,"Uninflamed UC","LP fibroblast","P008","Fibroblast"
"SAM24406429_662389",2.30031244638676,4.36032379657817,"Uninflamed UC","Activated crypt-top fibroblast","P008","Fibroblast"
"SAM24406429_190320",1.59575431230778,2.88434756786418,"Uninflamed UC","Resting crypt-top fibroblast","P008","Fibroblast"
"SAM24406429_698973",2.33186082723851,6.05211294681621,"Uninflamed UC","Activated crypt-top fibroblast","P008","Fibroblast"
"SAM24406429_497653",-1.31772287008052,2.16285182029796,"Uninflamed UC","Inflammatory fibroblast","P008","Fibroblast"
"SAM24406429_59479",-4.00428397771602,0.830604965396647,"Uninflamed UC","LP fibroblast","P008","Fibroblast"
"SAM24406429_876436",-4.06914813634639,-0.144382884196516,"Uninflamed UC","LP fibroblast","P008","Fibroblast"
"SAM24406429_333444",-3.8284927141357,1.05554545909954,"Uninflamed UC","LP fibroblast","P008","Fibroblast"
"SAM24406429_534446",-1.86913735982662,-0.686855067900892,"Uninflamed UC","LP fibroblast","P008","Fibroblast"
"SAM24406429_327114",-3.32717664357906,0.737248065479521,"Uninflamed UC","LP fibroblast","P008","Fibroblast"
"SAM24406429_399119",-3.77618463155513,-1.74468766658711,"Uninflamed UC","LP fibroblast","P008","Fibroblast"
"SAM24406429_154504",-4.35624415990596,-1.73041879146504,"Uninflamed UC","LP fibroblast","P008","Fibroblast"
"SAM24406429_389372",1.94930379274602,3.83467401058269,"Uninflamed UC","Activated crypt-top fibroblast","P008","Fibroblast"
"SAM24406429_22320",-3.92109878179317,-1.35572313278126,"Uninflamed UC","LP fibroblast","P008","Fibroblast"
"SAM24406429_418709",2.19654707792515,5.95074499637676,"Uninflamed UC","Activated crypt-top fibroblast","P008","Fibroblast"
"SAM24406429_474976",-3.93927199956661,0.369717905827288,"Uninflamed UC","LP fibroblast","P008","Fibroblast"
"SAM24406429_95022",-4.38992412206417,-3.34703933208394,"Uninflamed UC","Crypt-bottom fibroblast","P008","Fibroblast"
"SAM24406429_211045",0.753363298208662,4.83681143314434,"Uninflamed UC","Activated crypt-top fibroblast","P008","Fibroblast"
"SAM24406429_309222",-4.7068262827087,-2.02815758197712,"Uninflamed UC","LP fibroblast","P008","Fibroblast"
"SAM24406429_42916",2.50337664964909,5.8541869023521,"Uninflamed UC","Activated crypt-top fibroblast","P008","Fibroblast"
"SAM24406429_47250",-3.83616073247676,-0.268186857394453,"Uninflamed UC","LP fibroblast","P008","Fibroblast"
"SAM24406429_765678",-4.10618407842403,0.0406261184890311,"Uninflamed UC","LP fibroblast","P008","Fibroblast"
"SAM24406429_249337",-3.59754045125728,-1.52656280010151,"Uninflamed UC","LP fibroblast","P008","Fibroblast"
"SAM24406429_82626",2.71364824655766,3.53338516742778,"Uninflamed UC","Resting crypt-top fibroblast","P008","Fibroblast"
"SAM24406429_274564",3.01256184461827,2.95936096698833,"Uninflamed UC","Resting crypt-top fibroblast","P008","Fibroblast"
"SAM24406429_63366",-4.61818511602169,-3.91871654003071,"Uninflamed UC","Crypt-bottom fibroblast","P008","Fibroblast"
"SAM24406429_710389",-2.09562690374141,-1.58111916988301,"Uninflamed UC","LP fibroblast","P008","Fibroblast"
"SAM24406429_865373",1.19671957376713,4.8387216428001,"Uninflamed UC","Activated crypt-top fibroblast","P008","Fibroblast"
"SAM24406429_121434",2.74976985338444,5.09243572742534,"Uninflamed UC","Activated crypt-top fibroblast","P008","Fibroblast"
"SAM24406429_659861",-3.72844798681026,0.615980709501032,"Uninflamed UC","LP fibroblast","P008","Fibroblast"
"SAM24406429_34021",3.00402324083561,4.92806185276103,"Uninflamed UC","Activated crypt-top fibroblast","P008","Fibroblast"
"SAM24406429_478918",-1.64862449285274,-1.00550257175374,"Uninflamed UC","LP fibroblast","P008","Fibroblast"
"SAM24406429_61111",-4.47853286382442,-3.5862542292397,"Uninflamed UC","Crypt-bottom fibroblast","P008","Fibroblast"
"SAM24406429_499099",2.70191757562871,5.28464640171123,"Uninflamed UC","Activated crypt-top fibroblast","P008","Fibroblast"
"SAM24406429_7663",1.39538614633793,3.78984607250286,"Uninflamed UC","Activated crypt-top fibroblast","P008","Fibroblast"
"SAM24406429_853411",2.62168567064518,5.36972702533794,"Uninflamed UC","Activated crypt-top fibroblast","P008","Fibroblast"
"SAM24406429_148632",2.5746987331223,4.89738119632793,"Uninflamed UC","Activated crypt-top fibroblast","P008","Fibroblast"
"SAM24406429_210677",-1.62931544896846,-1.65901862590718,"Uninflamed UC","LP fibroblast","P008","Fibroblast"
"SAM24406429_709015",2.22713785055394,5.68248213321758,"Uninflamed UC","Activated crypt-top fibroblast","P008","Fibroblast"
"SAM24406429_335227",2.03219096544499,4.55617536098552,"Uninflamed UC","Activated crypt-top fibroblast","P008","Fibroblast"
"SAM24406429_196815",-2.74680287954097,1.35394085437847,"Uninflamed UC","LP fibroblast","P008","Fibroblast"
"SAM24406429_458997",-4.31400020238643,-0.262578537158247,"Uninflamed UC","LP fibroblast","P008","Fibroblast"
"SAM24406429_383274",2.15272049787755,4.80612696201396,"Uninflamed UC","Activated crypt-top fibroblast","P008","Fibroblast"
"SAM24406429_664324",-4.87172801610713,-5.24431334941792,"Uninflamed UC","Crypt-bottom fibroblast","P008","Fibroblast"
"SAM24406429_300177",2.58360617044682,4.8416456082542,"Uninflamed UC","Activated crypt-top fibroblast","P008","Fibroblast"
"SAM24406429_739923",2.79810254457707,4.92996586353374,"Uninflamed UC","Resting crypt-top fibroblast","P008","Fibroblast"
"SAM24406429_836388",-4.18764598485713,-2.95791470020222,"Uninflamed UC","LP fibroblast","P008","Fibroblast"
"SAM24406429_884402",3.42497407081837,-0.874966849974867,"Uninflamed UC","Inflammatory fibroblast","P008","Fibroblast"
"SAM24406429_408147",2.34049944761509,5.77264059574199,"Uninflamed UC","Activated crypt-top fibroblast","P008","Fibroblast"
"SAM24406429_280648",3.08135609510655,3.97326291591716,"Uninflamed UC","Resting crypt-top fibroblast","P008","Fibroblast"
"SAM24406429_145000",-4.80642612096553,-4.72596942394185,"Uninflamed UC","Crypt-bottom fibroblast","P008","Fibroblast"
"SAM24406429_674579",-3.93210895177608,0.168565163918261,"Uninflamed UC","LP fibroblast","P008","Fibroblast"
"SAM24406429_577044",-5.02723891851192,-0.335458447627302,"Uninflamed UC","LP fibroblast","P008","Fibroblast"
"SAM24406429_284335",2.4210669267487,5.3835853436668,"Uninflamed UC","Activated crypt-top fibroblast","P008","Fibroblast"
"SAM24406429_363072",-1.68501575109249,-0.751124133757826,"Uninflamed UC","LP fibroblast","P008","Fibroblast"
"SAM24406429_775336",2.16517119291539,5.51854361087871,"Uninflamed UC","Activated crypt-top fibroblast","P008","Fibroblast"
"SAM24406429_681570",2.3549595344376,3.97840369731975,"Uninflamed UC","Resting crypt-top fibroblast","P008","Fibroblast"
"SAM24406429_251190",-4.22128684636836,-0.0325893065254648,"Uninflamed UC","LP fibroblast","P008","Fibroblast"
"SAM24406429_256729",-4.32361323949581,-0.43310855834889,"Uninflamed UC","LP fibroblast","P008","Fibroblast"
"SAM24406429_131176",1.92535035494084,1.08725709707332,"Uninflamed UC","Resting crypt-top fibroblast","P008","Fibroblast"
"SAM24406429_440423",-4.25590999242549,0.071410427399401,"Uninflamed UC","LP fibroblast","P008","Fibroblast"
"SAM24406429_65093",2.90595464590306,5.43973578006816,"Uninflamed UC","Activated crypt-top fibroblast","P008","Fibroblast"
"SAM24406429_114282",-5.00323588964229,-2.53005086391377,"Uninflamed UC","Crypt-bottom fibroblast","P008","Fibroblast"
"SAM24406429_492426",2.85129051092381,4.80830801517559,"Uninflamed UC","Activated crypt-top fibroblast","P008","Fibroblast"
"SAM24406429_90648",2.41585128191227,4.02614892513347,"Uninflamed UC","Resting crypt-top fibroblast","P008","Fibroblast"
"SAM24406429_293194",-4.72211654302364,-2.93295585124898,"Uninflamed UC","Crypt-bottom fibroblast","P008","Fibroblast"
"SAM24406429_408630",1.67329137209172,3.57831753284526,"Uninflamed UC","Activated crypt-top fibroblast","P008","Fibroblast"
"SAM24406429_850258",2.49845306757206,5.34516895801616,"Uninflamed UC","Activated crypt-top fibroblast","P008","Fibroblast"
"SAM24406429_769828",-1.05148847219234,2.44465185195995,"Uninflamed UC","Inflammatory fibroblast","P008","Fibroblast"
"SAM24406429_309179",2.08285610559697,3.50114143879009,"Uninflamed UC","Activated crypt-top fibroblast","P008","Fibroblast"
"SAM24406429_247142",-4.56776912328487,-0.105974008731123,"Uninflamed UC","LP fibroblast","P008","Fibroblast"
"SAM24406429_230909",2.00943319681401,3.37896622211528,"Uninflamed UC","Activated crypt-top fibroblast","P008","Fibroblast"
"SAM24406429_79765",-4.71052653905635,-0.314817955188032,"Uninflamed UC","LP fibroblast","P008","Fibroblast"
"SAM24406429_762775",-5.13935477849727,-5.49137412517476,"Uninflamed UC","Crypt-bottom fibroblast","P008","Fibroblast"
"SAM24406429_152847",1.99904672983403,4.51222647220684,"Uninflamed UC","Activated crypt-top fibroblast","P008","Fibroblast"
"SAM24406429_375467",-4.784277034967,-0.8739123245995,"Uninflamed UC","LP fibroblast","P008","Fibroblast"
"SAM24406429_714071",-2.61206920263057,-1.85744940250325,"Uninflamed UC","LP fibroblast","P008","Fibroblast"
"SAM24406429_6869",-4.1179533731628,-0.192172636679884,"Uninflamed UC","LP fibroblast","P008","Fibroblast"
"SAM24406429_108237",3.13347928407902,4.2117935517509,"Uninflamed UC","Resting crypt-top fibroblast","P008","Fibroblast"
"SAM24406429_399534",0.415333198339887,4.23087371379924,"Uninflamed UC","Activated crypt-top fibroblast","P008","Fibroblast"
"SAM24406429_520732",2.44971756819005,3.79364193470073,"Uninflamed UC","Resting crypt-top fibroblast","P008","Fibroblast"
"SAM24406429_614688",-4.45881373998409,-1.31853186099934,"Uninflamed UC","LP fibroblast","P008","Fibroblast"
"SAM24406429_79072",-3.57252128240352,0.0555719831664603,"Uninflamed UC","LP fibroblast","P008","Fibroblast"
"SAM24406429_370876",3.11207251432652,4.4119089940269,"Uninflamed UC","Activated crypt-top fibroblast","P008","Fibroblast"
"SAM24406429_368613",0.693308757574506,4.87594355136943,"Uninflamed UC","Activated crypt-top fibroblast","P008","Fibroblast"
"SAM24406429_69725",3.16833357694859,3.8404249051292,"Uninflamed UC","Resting crypt-top fibroblast","P008","Fibroblast"
"SAM24406429_581867",4.50437383535618,4.34671414882732,"Uninflamed UC","Resting crypt-top fibroblast","P008","Fibroblast"
"SAM24406429_534511",2.64166657808537,4.78339565784526,"Uninflamed UC","Activated crypt-top fibroblast","P008","Fibroblast"
"SAM24406429_144563",-4.94552714940792,-3.10319148509907,"Uninflamed UC","Crypt-bottom fibroblast","P008","Fibroblast"
"SAM24406429_858448",1.36285297754521,5.10953558475566,"Uninflamed UC","Activated crypt-top fibroblast","P008","Fibroblast"
"SAM24406429_798886",-4.47986514684444,-0.605974783591505,"Uninflamed UC","LP fibroblast","P008","Fibroblast"
"SAM24406429_806616",3.59015666130299,3.48256577045513,"Uninflamed UC","Resting crypt-top fibroblast","P008","Fibroblast"
"SAM24406429_473576",2.90045552137608,4.44880927593303,"Uninflamed UC","Activated crypt-top fibroblast","P008","Fibroblast"
"SAM24406429_348140",-4.86495692846065,-3.71911488979268,"Uninflamed UC","Crypt-bottom fibroblast","P008","Fibroblast"
"SAM24406429_62795",0.648857997686811,4.36873091251445,"Uninflamed UC","Activated crypt-top fibroblast","P008","Fibroblast"
"SAM24406429_423690",3.67120419624562,4.3641635277946,"Uninflamed UC","Resting crypt-top fibroblast","P008","Fibroblast"
"SAM24406429_514707",-5.17623717900997,-1.83741985767293,"Uninflamed UC","Crypt-bottom fibroblast","P008","Fibroblast"
"SAM24406429_414977",-4.78248794194942,-4.55459271877217,"Uninflamed UC","Crypt-bottom fibroblast","P008","Fibroblast"
"SAM24406429_591227",-3.61368758794551,-0.793024649314161,"Uninflamed UC","LP fibroblast","P008","Fibroblast"
"SAM24406429_442001",-2.81248624440914,-2.80153666942525,"Uninflamed UC","LP fibroblast","P008","Fibroblast"
"SAM24406429_256562",-2.76556356069332,0.286772886820559,"Uninflamed UC","LP fibroblast","P008","Fibroblast"
"SAM24406429_602836",-3.99657828923946,-1.69298397510457,"Uninflamed UC","LP fibroblast","P008","Fibroblast"
"SAM24406429_440767",-3.81552560445552,-1.06112109630513,"Uninflamed UC","LP fibroblast","P008","Fibroblast"
"SAM24406429_32844",0.923356937200971,4.96250618488384,"Uninflamed UC","Activated crypt-top fibroblast","P008","Fibroblast"
"SAM24406429_639749",-4.28817660924678,-0.154140045336958,"Uninflamed UC","LP fibroblast","P008","Fibroblast"
"SAM24406429_226512",3.13161550644154,4.22764028102947,"Uninflamed UC","Resting crypt-top fibroblast","P008","Fibroblast"
"SAM24406429_127983",3.39861731413121,3.06331742794109,"Uninflamed UC","Resting crypt-top fibroblast","P008","Fibroblast"
"SAM24406430_84193",4.04949030462021,-1.97629319637227,"Inflamed UC","Inflammatory fibroblast","P008","Fibroblast"
"SAM24406430_57630",5.5745013225388,-3.00476108997273,"Inflamed UC","Inflammatory fibroblast","P008","Fibroblast"
"SAM24406430_411548",7.50620071771855,-1.93961369007039,"Inflamed UC","Inflammatory fibroblast","P008","Fibroblast"
"SAM24406430_761690",4.22699950072283,-3.89815007656025,"Inflamed UC","Inflammatory fibroblast","P008","Fibroblast"
"SAM24406430_217149",5.81542401197667,-2.4179180762093,"Inflamed UC","Inflammatory fibroblast","P008","Fibroblast"
"SAM24406430_496154",5.60358111742253,-2.88329302280354,"Inflamed UC","Inflammatory fibroblast","P008","Fibroblast"
"SAM24406430_411819",4.90118114832158,-2.82346021144795,"Inflamed UC","LP fibroblast","P008","Fibroblast"
"SAM24406430_187335",-0.430026603906207,1.47660470993114,"Inflamed UC","LP fibroblast","P008","Fibroblast"
"SAM24406430_607039",5.38688330534215,-2.83754669635701,"Inflamed UC","Inflammatory fibroblast","P008","Fibroblast"
"SAM24406430_132275",4.16581811565275,-3.99626122920918,"Inflamed UC","Inflammatory fibroblast","P008","Fibroblast"
"SAM24406430_7211",6.01312415483708,-2.89019929378438,"Inflamed UC","Inflammatory fibroblast","P008","Fibroblast"
"SAM24406430_262099",-0.944823814599566,-3.02153550594258,"Inflamed UC","LP fibroblast","P008","Fibroblast"
"SAM24406430_596605",-0.752420498101763,-2.73492132633137,"Inflamed UC","LP fibroblast","P008","Fibroblast"
"SAM24406430_361637",4.95305358055348,-2.17818891017842,"Inflamed UC","Inflammatory fibroblast","P008","Fibroblast"
"SAM24406430_842991",-2.93799312230831,-5.778047194175,"Inflamed UC","LP fibroblast","P008","Fibroblast"
"SAM24406430_866266",-2.66582734700923,-6.08435021846699,"Inflamed UC","Crypt-bottom fibroblast","P008","Fibroblast"
"SAM24406430_203415",-0.61981589910274,-2.76617800205159,"Inflamed UC","LP fibroblast","P008","Fibroblast"
"SAM24406430_312774",-0.851767612664752,2.21234382183147,"Inflamed UC","Inflammatory fibroblast","P008","Fibroblast"
"SAM24406430_150179",-0.251074386804156,-1.92175113170552,"Inflamed UC","LP fibroblast","P008","Fibroblast"
"SAM24406430_63456",-0.359948707788043,-2.65762745349812,"Inflamed UC","LP fibroblast","P008","Fibroblast"
"SAM24406430_652064",-0.859826637475543,-2.95399819820332,"Inflamed UC","LP fibroblast","P008","Fibroblast"
"SAM24406430_884627",-0.26532895681148,-2.29137979953694,"Inflamed UC","LP fibroblast","P008","Fibroblast"
"SAM24406430_837074",-0.8716998827148,-2.47685562580037,"Inflamed UC","LP fibroblast","P008","Fibroblast"
"SAM24406430_431174",5.60383419874425,-2.13516150920796,"Inflamed UC","Inflammatory fibroblast","P008","Fibroblast"
"SAM24406430_9737",3.16766284588093,-0.655363669089552,"Inflamed UC","Inflammatory fibroblast","P008","Fibroblast"
"SAM24406430_42758",-0.779848171441607,-2.66127573459553,"Inflamed UC","LP fibroblast","P008","Fibroblast"
"SAM24406430_373597",-0.380363537042193,-1.91027509181904,"Inflamed UC","LP fibroblast","P008","Fibroblast"
"SAM24406430_457986",-0.00229508992915584,2.30321599037242,"Inflamed UC","Inflammatory fibroblast","P008","Fibroblast"
"SAM24406430_847113",4.92415671232457,-2.28918849437642,"Inflamed UC","Inflammatory fibroblast","P008","Fibroblast"
"SAM24406430_44175",-1.10142667409664,0.792217651911501,"Inflamed UC","LP fibroblast","P008","Fibroblast"
"SAM24406430_296330",5.2664357889008,-1.65991841762471,"Inflamed UC","Inflammatory fibroblast","P008","Fibroblast"
"SAM24406430_803081",6.09127204302067,-2.95046054332661,"Inflamed UC","Inflammatory fibroblast","P008","Fibroblast"
"SAM24406430_598491",5.56354145887608,-2.26974617450642,"Inflamed UC","Inflammatory fibroblast","P008","Fibroblast"
"SAM24406430_407946",-0.113572670190386,-2.1538766524117,"Inflamed UC","LP fibroblast","P008","Fibroblast"
"SAM24406430_702937",-0.37569387075191,2.08727110416484,"Inflamed UC","Inflammatory fibroblast","P008","Fibroblast"
"SAM24406430_282853",-0.901208473413043,-2.80566441028523,"Inflamed UC","LP fibroblast","P008","Fibroblast"
"SAM24406430_780095",-0.137434555261187,-2.2651179930489,"Inflamed UC","LP fibroblast","P008","Fibroblast"
"SAM24406430_31",0.786522554190107,-2.45296465366292,"Inflamed UC","LP fibroblast","P008","Fibroblast"
"SAM24406430_840995",-0.0923062097716851,1.49623800308299,"Inflamed UC","LP fibroblast","P008","Fibroblast"
"SAM24406430_755644",1.56290595415349,5.2244671681602,"Inflamed UC","Resting crypt-top fibroblast","P008","Fibroblast"
"SAM24406430_270997",-0.399779869287066,-2.19320451229024,"Inflamed UC","LP fibroblast","P008","Fibroblast"
"SAM24406430_457508",-0.0380287897277398,-2.76005898921895,"Inflamed UC","LP fibroblast","P008","Fibroblast"
"SAM24406430_562855",-1.41384132024532,1.10411081702304,"Inflamed UC","LP fibroblast","P008","Fibroblast"
"SAM24406430_368387",0.577315019400068,2.34807265789104,"Inflamed UC","Resting crypt-top fibroblast","P008","Fibroblast"
"SAM24406430_48109",0.0029753911804633,-2.09421264141011,"Inflamed UC","LP fibroblast","P008","Fibroblast"
"SAM24406430_488269",-4.64330108281856,-5.5761896273415,"Inflamed UC","Crypt-bottom fibroblast","P008","Fibroblast"
"SAM24406430_216872",-0.311969352929644,-2.08879267185139,"Inflamed UC","LP fibroblast","P008","Fibroblast"
"SAM24406430_377466",5.56437699678654,-1.93585978954243,"Inflamed UC","Inflammatory fibroblast","P008","Fibroblast"
"SAM24406430_535405",5.65567533853764,-2.47862254589009,"Inflamed UC","Inflammatory fibroblast","P008","Fibroblast"
"SAM24406430_270610",-0.337897850244097,-1.96081696956563,"Inflamed UC","LP fibroblast","P008","Fibroblast"
"SAM24406430_266113",-1.37616641637569,-2.33081995456624,"Inflamed UC","LP fibroblast","P008","Fibroblast"
"SAM24406430_334760",1.84151904466862,2.59620762855602,"Inflamed UC","Resting crypt-top fibroblast","P008","Fibroblast"
"SAM24406430_510800",5.05686806324238,-2.38693438976216,"Inflamed UC","Inflammatory fibroblast","P008","Fibroblast"
"SAM24406430_677088",2.8766687381577,-0.453447451285597,"Inflamed UC","LP fibroblast","P008","Fibroblast"
"SAM24406430_618234",0.980068610937543,2.43052662403179,"Inflamed UC","LP fibroblast","P008","Fibroblast"
"SAM24406430_104040",-1.18033654805904,0.856276283570055,"Inflamed UC","LP fibroblast","P008","Fibroblast"
"SAM24406430_609212",-4.6963167917419,-5.21038972347188,"Inflamed UC","Crypt-bottom fibroblast","P008","Fibroblast"
"SAM24406430_319401",-2.17401845571285,0.263432959624056,"Inflamed UC","LP fibroblast","P008","Fibroblast"
"SAM24406430_495937",5.6455485093903,-2.97871099918294,"Inflamed UC","Inflammatory fibroblast","P008","Fibroblast"
"SAM24406430_135449",1.38682191255803,4.18988455326152,"Inflamed UC","Activated crypt-top fibroblast","P008","Fibroblast"
"SAM24406430_84306",0.784320043356367,-2.0513032576363,"Inflamed UC","LP fibroblast","P008","Fibroblast"
"SAM24406430_439793",2.59853880289311,0.369658599205736,"Inflamed UC","Resting crypt-top fibroblast","P008","Fibroblast"
"SAM24406430_144816",-0.799221588342242,-2.9256416460793,"Inflamed UC","LP fibroblast","P008","Fibroblast"
"SAM24406430_70442",5.21968023660893,-1.55768739192891,"Inflamed UC","Inflammatory fibroblast","P008","Fibroblast"
"SAM24406430_644335",0.842381404669233,-2.35498105495381,"Inflamed UC","LP fibroblast","P008","Fibroblast"
"SAM24406430_529311",-0.174241615502886,-2.1623576781075,"Inflamed UC","LP fibroblast","P008","Fibroblast"
"SAM24406430_361040",0.643922017843671,-2.59693848102498,"Inflamed UC","LP fibroblast","P008","Fibroblast"
"SAM24406430_85192",4.00440338435883,2.37550498039318,"Inflamed UC","Resting crypt-top fibroblast","P008","Fibroblast"
"SAM24406430_192787",-0.303816868035845,-1.61624609439778,"Inflamed UC","LP fibroblast","P008","Fibroblast"
"SAM24406430_414353",1.61438100221867,5.44631041080547,"Inflamed UC","Activated crypt-top fibroblast","P008","Fibroblast"
"SAM24406430_424959",1.66029350641484,2.71078027278972,"Inflamed UC","Resting crypt-top fibroblast","P008","Fibroblast"
"SAM24406430_506196",-3.00461108800655,-1.56860100238728,"Inflamed UC","LP fibroblast","P008","Fibroblast"
"SAM24406430_105139",0.993663476736494,-2.45195733516621,"Inflamed UC","LP fibroblast","P008","Fibroblast"
"SAM24406430_848783",6.24493138674016,-2.75198422878193,"Inflamed UC","Inflammatory fibroblast","P008","Fibroblast"
"SAM24406430_801187",1.76538126352543,5.0857690671165,"Inflamed UC","Activated crypt-top fibroblast","P008","Fibroblast"
"SAM24406430_62051",-0.908743931024127,-2.95021068065571,"Inflamed UC","LP fibroblast","P008","Fibroblast"
"SAM24406430_314666",-1.42681701299434,0.827004382916216,"Inflamed UC","LP fibroblast","P008","Fibroblast"
"SAM24406430_568458",1.90739409807438,1.94776905567241,"Inflamed UC","Resting crypt-top fibroblast","P008","Fibroblast"
"SAM24406430_349079",2.23818104151005,1.84469975025249,"Inflamed UC","Resting crypt-top fibroblast","P008","Fibroblast"
"SAM24406430_730446",4.62297629001851,-2.3651198050301,"Inflamed UC","Inflammatory fibroblast","P008","Fibroblast"
"SAM24406430_633071",-1.42264516469722,-2.44880448787617,"Inflamed UC","LP fibroblast","P008","Fibroblast"
"SAM24406430_621626",5.19181053522343,-1.48892699687886,"Inflamed UC","Inflammatory fibroblast","P008","Fibroblast"
"SAM24406430_835597",5.68796222093815,-2.53073917835164,"Inflamed UC","Inflammatory fibroblast","P008","Fibroblast"
"SAM24406430_134481",-0.485086513726763,-2.46083485095906,"Inflamed UC","LP fibroblast","P008","Fibroblast"
"SAM24406430_113846",-1.17180020925289,-2.7249728342812,"Inflamed UC","LP fibroblast","P008","Fibroblast"
"SAM24406430_12951",-1.51551301595455,0.59880496428204,"Inflamed UC","LP fibroblast","P008","Fibroblast"
"SAM24406430_726799",-2.97560269948726,0.0437690118033927,"Inflamed UC","LP fibroblast","P008","Fibroblast"
"SAM24406430_364505",2.03516833666081,2.68072021991802,"Inflamed UC","Resting crypt-top fibroblast","P008","Fibroblast"
"SAM24406430_75880",4.42667128327603,-1.26556133239674,"Inflamed UC","Inflammatory fibroblast","P008","Fibroblast"
"SAM24406430_815561",5.9326556194138,-2.10617433994221,"Inflamed UC","Inflammatory fibroblast","P008","Fibroblast"
"SAM24406430_832108",-0.61300904866939,-2.73872505634236,"Inflamed UC","LP fibroblast","P008","Fibroblast"
"SAM24406430_495713",6.11120300176854,0.241201947041277,"Inflamed UC","Resting crypt-top fibroblast","P008","Fibroblast"
"SAM24406430_690448",2.0557207334351,3.41033161670757,"Inflamed UC","Activated crypt-top fibroblast","P008","Fibroblast"
"SAM24406430_569749",5.87060146215672,-0.943611254386183,"Inflamed UC","Inflammatory fibroblast","P008","Fibroblast"
"SAM24406430_155961",-4.43744952794795,-5.48005544155049,"Inflamed UC","Crypt-bottom fibroblast","P008","Fibroblast"
"SAM24406430_598365",5.48120038393254,-1.98514591663289,"Inflamed UC","Inflammatory fibroblast","P008","Fibroblast"
"SAM24406430_722138",4.99145625713582,-1.39319764583516,"Inflamed UC","Inflammatory fibroblast","P008","Fibroblast"
"SAM24406430_588117",1.31177132013554,2.11718178779674,"Inflamed UC","LP fibroblast","P008","Fibroblast"
"SAM24406430_471039",0.713489698202558,-2.07894836872029,"Inflamed UC","LP fibroblast","P008","Fibroblast"
"SAM24406430_567397",4.69503866317982,-1.35613070934224,"Inflamed UC","Inflammatory fibroblast","P008","Fibroblast"
"SAM24406430_537175",-4.69841201421504,-5.25224315135884,"Inflamed UC","Crypt-bottom fibroblast","P008","Fibroblast"
"SAM24406430_855449",1.20059029939885,3.12884367496562,"Inflamed UC","Activated crypt-top fibroblast","P008","Fibroblast"
"SAM24406430_603568",-1.89349324819332,1.49896211416316,"Inflamed UC","LP fibroblast","P008","Fibroblast"
"SAM24406430_857304",1.49047987344975,-0.329716434172865,"Inflamed UC","LP fibroblast","P008","Fibroblast"
"SAM24406430_76329",4.59370584967846,-0.576134075812574,"Inflamed UC","Inflammatory fibroblast","P008","Fibroblast"
"SAM24406430_371141",-2.04820687886959,1.30645597965312,"Inflamed UC","LP fibroblast","P008","Fibroblast"
"SAM24406430_616731",6.04959623697514,-2.614796986274,"Inflamed UC","Inflammatory fibroblast","P008","Fibroblast"
"SAM24406430_303679",3.02574424627537,3.02724517376018,"Inflamed UC","Resting crypt-top fibroblast","P008","Fibroblast"
"SAM24406430_852302",3.48367832782979,2.51236666233135,"Inflamed UC","Resting crypt-top fibroblast","P008","Fibroblast"
"SAM24406430_409185",-0.990417076318316,0.721847633429293,"Inflamed UC","LP fibroblast","P008","Fibroblast"
"SAM24406430_684487",2.14951734426732,2.39605654270244,"Inflamed UC","Resting crypt-top fibroblast","P008","Fibroblast"
"SAM24406430_82868",-1.29656942006832,1.38629497081829,"Inflamed UC","Inflammatory fibroblast","P008","Fibroblast"
"SAM24406430_22263",-1.7195306551147,1.04109815747333,"Inflamed UC","LP fibroblast","P008","Fibroblast"
"SAM24406430_366124",-1.31586988088375,1.29979104787898,"Inflamed UC","Resting crypt-top fibroblast","P008","Fibroblast"
"SAM24406430_593575",2.95076887491459,2.57654715568614,"Inflamed UC","Resting crypt-top fibroblast","P008","Fibroblast"
"SAM24406430_429743",2.0631510484528,2.27788890392375,"Inflamed UC","Resting crypt-top fibroblast","P008","Fibroblast"
"SAM24406430_423079",2.96079962137456,1.60720706970287,"Inflamed UC","Resting crypt-top fibroblast","P008","Fibroblast"
"SAM24406430_741856",-1.90209634420162,1.26599515468669,"Inflamed UC","LP fibroblast","P008","Fibroblast"
"SAM24406430_624113",3.58531223419423,1.91183997184825,"Inflamed UC","Resting crypt-top fibroblast","P008","Fibroblast"
"SAM24406430_311670",-0.455388141839556,-2.80798517673421,"Inflamed UC","LP fibroblast","P008","Fibroblast"
"SAM24406430_640854",-1.28036744710689,-2.49338137119221,"Inflamed UC","LP fibroblast","P008","Fibroblast"
"SAM24406430_248111",3.90777385416741,2.70495284587932,"Inflamed UC","Resting crypt-top fibroblast","P008","Fibroblast"
"SAM24406430_184046",3.46272687795872,2.3372191289146,"Inflamed UC","Resting crypt-top fibroblast","P008","Fibroblast"
"SAM24406430_445246",4.39144371631856,-2.06582700221943,"Inflamed UC","Inflammatory fibroblast","P008","Fibroblast"
"SAM24406430_418451",6.01980643156285,-2.75751291721272,"Inflamed UC","Inflammatory fibroblast","P008","Fibroblast"
"SAM24406430_811497",3.14891247633214,2.45273328811717,"Inflamed UC","Resting crypt-top fibroblast","P008","Fibroblast"
"SAM24406430_822897",2.59072654131169,3.4241172173698,"Inflamed UC","Resting crypt-top fibroblast","P008","Fibroblast"
"SAM24406430_522816",5.04304127577061,-1.27749537437367,"Inflamed UC","Inflammatory fibroblast","P008","Fibroblast"
"SAM24406430_515247",3.89202809515709,2.49389136821819,"Inflamed UC","Resting crypt-top fibroblast","P008","Fibroblast"
"SAM24406430_311497",-1.59670264837032,0.480208004422907,"Inflamed UC","LP fibroblast","P008","Fibroblast"
"SAM24406430_177495",3.50732456329579,1.74535347015453,"Inflamed UC","Resting crypt-top fibroblast","P008","Fibroblast"
"SAM24406430_7034",4.69011323335881,-0.916857947997328,"Inflamed UC","Inflammatory fibroblast","P008","Fibroblast"
"SAM24406430_35026",2.87929873350377,2.09140754730297,"Inflamed UC","Resting crypt-top fibroblast","P008","Fibroblast"
"SAM24406430_818122",2.82871513250584,1.57932073862148,"Inflamed UC","Resting crypt-top fibroblast","P008","Fibroblast"
"SAM24406430_170044",2.82920055273289,1.40317661554408,"Inflamed UC","Resting crypt-top fibroblast","P008","Fibroblast"
"SAM24406430_381285",2.80935244444127,3.01078451664043,"Inflamed UC","Activated crypt-top fibroblast","P008","Fibroblast"
"SAM24406430_330455",-1.47839076635127,1.21403569967342,"Inflamed UC","LP fibroblast","P008","Fibroblast"
"SAM24406430_508674",4.87774889353032,-1.02355312316823,"Inflamed UC","Inflammatory fibroblast","P008","Fibroblast"
"SAM24406430_811300",2.45107166651005,3.1260362961967,"Inflamed UC","Resting crypt-top fibroblast","P008","Fibroblast"
"SAM24406430_361731",4.75543247345204,-0.907706131629225,"Inflamed UC","Inflammatory fibroblast","P008","Fibroblast"
"SAM24406430_17783",4.72467141035313,-0.733480086020704,"Inflamed UC","Inflammatory fibroblast","P008","Fibroblast"
"SAM24406430_378958",4.98780672434086,-0.815712799720045,"Inflamed UC","Inflammatory fibroblast","P008","Fibroblast"
"SAM24406430_54928",-1.8586531412292,0.564938666828398,"Inflamed UC","LP fibroblast","P008","Fibroblast"
"SAM24409577_698080",6.23182051065678,0.365316818066363,"Uninflamed UC","Resting crypt-top fibroblast","P010","Fibroblast"
"SAM24409577_51343",-4.23444659826045,-0.650542607001539,"Uninflamed UC","LP fibroblast","P010","Fibroblast"
"SAM24409577_488086",-5.98532493230586,-1.60698067157673,"Uninflamed UC","LP fibroblast","P010","Fibroblast"
"SAM24409577_313490",4.2218012157392,3.09019459278179,"Uninflamed UC","Resting crypt-top fibroblast","P010","Fibroblast"
"SAM24409577_811135",0.929886268408247,3.46658314258647,"Uninflamed UC","Activated crypt-top fibroblast","P010","Fibroblast"
"SAM24409577_851079",-1.98399503347164,-1.3138754269402,"Uninflamed UC","LP fibroblast","P010","Fibroblast"
"SAM24409577_738344",0.659251378805585,4.19716871769023,"Uninflamed UC","Activated crypt-top fibroblast","P010","Fibroblast"
"SAM24409577_616884",-3.31692369100337,1.1166035929401,"Uninflamed UC","LP fibroblast","P010","Fibroblast"
"SAM24409577_655908",-2.35719354268794,-2.28059135883259,"Uninflamed UC","LP fibroblast","P010","Fibroblast"
"SAM24409577_575442",0.833599256308027,4.20156396419597,"Uninflamed UC","Activated crypt-top fibroblast","P010","Fibroblast"
"SAM24409577_192027",1.36442773226018,2.8562027314384,"Uninflamed UC","Resting crypt-top fibroblast","P010","Fibroblast"
"SAM24409577_426030",-2.67186410543209,-6.1464177271645,"Uninflamed UC","Crypt-bottom fibroblast","P010","Fibroblast"
"SAM24409577_43732",-3.11910541173702,0.48556166381431,"Uninflamed UC","LP fibroblast","P010","Fibroblast"
"SAM24409577_871531",-2.0835705530334,-1.18093835323262,"Uninflamed UC","LP fibroblast","P010","Fibroblast"
"SAM24409577_794007",1.27321307543034,4.19152773410869,"Uninflamed UC","Activated crypt-top fibroblast","P010","Fibroblast"
"SAM24409577_784792",1.26314036730046,3.9854239323814,"Uninflamed UC","Activated crypt-top fibroblast","P010","Fibroblast"
"SAM24409577_603679",0.614931749136396,4.423040280648,"Uninflamed UC","Activated crypt-top fibroblast","P010","Fibroblast"
"SAM24409577_525495",1.17464415910954,3.59045947582317,"Uninflamed UC","Activated crypt-top fibroblast","P010","Fibroblast"
"SAM24409577_853101",-3.143820835321,-1.34904490917134,"Uninflamed UC","LP fibroblast","P010","Fibroblast"
"SAM24409577_737193",-2.539901329248,1.03346366674495,"Uninflamed UC","LP fibroblast","P010","Fibroblast"
"SAM24409577_585022",-2.91976411458736,0.660459448181514,"Uninflamed UC","LP fibroblast","P010","Fibroblast"
"SAM24409577_160712",5.66755990865941,2.55862761528087,"Uninflamed UC","Activated crypt-top fibroblast","P010","Fibroblast"
"SAM24409577_707598",-2.76935918447261,-1.64139257877278,"Uninflamed UC","LP fibroblast","P010","Fibroblast"
"SAM24409577_751975",-3.37411744710689,-0.949128498725172,"Uninflamed UC","LP fibroblast","P010","Fibroblast"
"SAM24409577_528690",-2.77507646199947,-1.14598165958333,"Uninflamed UC","LP fibroblast","P010","Fibroblast"
"SAM24409577_342480",-3.2276569139648,1.08081192762447,"Uninflamed UC","LP fibroblast","P010","Fibroblast"
"SAM24409577_773716",-2.69263465520626,-0.593852033309217,"Uninflamed UC","LP fibroblast","P010","Fibroblast"
"SAM24409577_136529",5.00086377743001,4.01538527996135,"Uninflamed UC","Resting crypt-top fibroblast","P010","Fibroblast"
"SAM24409577_789352",-2.54662759420162,0.104607234307055,"Uninflamed UC","LP fibroblast","P010","Fibroblast"
"SAM24409577_448249",-3.58717544194942,-1.75857078044819,"Uninflamed UC","LP fibroblast","P010","Fibroblast"
"SAM24409577_769760",-3.64243323919063,-2.1164432665627,"Uninflamed UC","LP fibroblast","P010","Fibroblast"
"SAM24409577_582560",0.737502979071088,3.6331061223228,"Uninflamed UC","Activated crypt-top fibroblast","P010","Fibroblast"
"SAM24409577_272726",0.637464689047285,3.76739514858318,"Uninflamed UC","Activated crypt-top fibroblast","P010","Fibroblast"
"SAM24409577_827771",1.67706768396611,4.33404100925518,"Uninflamed UC","Activated crypt-top fibroblast","P010","Fibroblast"
"SAM24409577_812205",-4.83389957067256,-4.61711703746724,"Uninflamed UC","Crypt-bottom fibroblast","P010","Fibroblast"
"SAM24409577_75503",1.56720464113469,4.47503770381999,"Uninflamed UC","Activated crypt-top fibroblast","P010","Fibroblast"
"SAM24409577_316145",0.941106008322187,3.69839013607097,"Uninflamed UC","Activated crypt-top fibroblast","P010","Fibroblast"
"SAM24409577_394424",5.17813734892125,4.68462980777812,"Uninflamed UC","Resting crypt-top fibroblast","P010","Fibroblast"
"SAM24409577_68239",5.22041396978612,5.31228292972637,"Uninflamed UC","Resting crypt-top fibroblast","P010","Fibroblast"
"SAM24409577_57810",-2.98561294194942,0.324996928282503,"Uninflamed UC","LP fibroblast","P010","Fibroblast"
"SAM24409577_156889",-3.33038432714229,-3.82892524211812,"Uninflamed UC","LP fibroblast","P010","Fibroblast"
"SAM24409577_188653",-2.97955377218013,-0.00618987291264128,"Uninflamed UC","LP fibroblast","P010","Fibroblast"
"SAM24409577_167737",-3.18886239644771,-0.169131090335127,"Uninflamed UC","LP fibroblast","P010","Fibroblast"
"SAM24409577_355860",2.53577773454899,3.97932089359355,"Uninflamed UC","Resting crypt-top fibroblast","P010","Fibroblast"
"SAM24409577_13045",-3.87358529683834,0.80233449728084,"Uninflamed UC","LP fibroblast","P010","Fibroblast"
"SAM24409577_745922",1.72703306558842,4.15838635952068,"Uninflamed UC","Activated crypt-top fibroblast","P010","Fibroblast"
"SAM24409577_747003",1.77619140032048,4.22633422405315,"Uninflamed UC","Activated crypt-top fibroblast","P010","Fibroblast"
"SAM24409577_703918",1.36990444544072,4.75920141727519,"Uninflamed UC","Activated crypt-top fibroblast","P010","Fibroblast"
"SAM24409577_156481",4.00959320548291,4.28013170749736,"Uninflamed UC","Resting crypt-top fibroblast","P010","Fibroblast"
"SAM24409577_137218",-3.24834926244502,1.20444793493343,"Uninflamed UC","LP fibroblast","P010","Fibroblast"
"SAM24409577_205766",-3.21422393438106,-1.10994314163136,"Uninflamed UC","LP fibroblast","P010","Fibroblast"
"SAM24409577_534362",1.15306966188664,4.00278390438152,"Uninflamed UC","Activated crypt-top fibroblast","P010","Fibroblast"
"SAM24409577_445952",1.83517258051152,4.27468408138347,"Uninflamed UC","Activated crypt-top fibroblast","P010","Fibroblast"
"SAM24409577_365554",-3.9840365183044,-2.31101094692158,"Uninflamed UC","LP fibroblast","P010","Fibroblast"
"SAM24409577_91444",1.91953437212224,4.0755323270042,"Uninflamed UC","Activated crypt-top fibroblast","P010","Fibroblast"
"SAM24409577_72804",2.1334156263184,3.8269583085258,"Uninflamed UC","Resting crypt-top fibroblast","P010","Fibroblast"
"SAM24409577_137867",-3.23105819341426,-2.38528596370625,"Uninflamed UC","LP fibroblast","P010","Fibroblast"
"SAM24409577_460925",1.72586791399235,4.11840690166545,"Uninflamed UC","Activated crypt-top fibroblast","P010","Fibroblast"
"SAM24409577_638931",-2.996435238092,-0.89448141067433,"Uninflamed UC","LP fibroblast","P010","Fibroblast"
"SAM24409577_267606",-3.92677314397579,-1.68618928401875,"Uninflamed UC","LP fibroblast","P010","Fibroblast"
"SAM24409577_76282",-3.20328910466915,-2.49170457332539,"Uninflamed UC","LP fibroblast","P010","Fibroblast"
"SAM24409577_421539",-3.03319795247798,0.0117461779792349,"Uninflamed UC","LP fibroblast","P010","Fibroblast"
"SAM24409577_28403",-3.58804376241451,-0.765266885451551,"Uninflamed UC","LP fibroblast","P010","Fibroblast"
"SAM24409577_826159",-5.09728057500606,-0.265972127608534,"Uninflamed UC","LP fibroblast","P010","Fibroblast"
"SAM24409577_623191",-3.50473983403926,-1.84456740825581,"Uninflamed UC","LP fibroblast","P010","Fibroblast"
"SAM24409577_350455",-3.80493695852046,0.13565022737575,"Uninflamed UC","LP fibroblast","P010","Fibroblast"
"SAM24409577_220842",5.14268438699956,5.22634876758647,"Uninflamed UC","Resting crypt-top fibroblast","P010","Fibroblast"
"SAM24409577_592970",-2.60348613378292,-1.65751182048726,"Uninflamed UC","LP fibroblast","P010","Fibroblast"
"SAM24409577_759113",1.58547179582829,2.93868673832012,"Uninflamed UC","Resting crypt-top fibroblast","P010","Fibroblast"
"SAM24409577_118860",4.56248660567517,5.02987564594341,"Uninflamed UC","Resting crypt-top fibroblast","P010","Fibroblast"
"SAM24409577_323094",-3.06691320058589,-0.251821984938856,"Uninflamed UC","LP fibroblast","P010","Fibroblast"
"SAM24409577_209677",0.646107600958295,3.96671260387493,"Uninflamed UC","Activated crypt-top fibroblast","P010","Fibroblast"
"SAM24409577_61664",3.10991470697636,5.29347218067241,"Uninflamed UC","Activated crypt-top fibroblast","P010","Fibroblast"
"SAM24409577_441417",-2.83301313039546,1.58953017980647,"Uninflamed UC","LP fibroblast","P010","Fibroblast"
"SAM24409577_589877",-3.35929734822994,0.259169469185595,"Uninflamed UC","LP fibroblast","P010","Fibroblast"
"SAM24409577_224352",-4.02238948461299,0.645547221944157,"Uninflamed UC","LP fibroblast","P010","Fibroblast"
"SAM24409577_36415",1.75744764688725,4.16207850963665,"Uninflamed UC","Activated crypt-top fibroblast","P010","Fibroblast"
"SAM24409577_122603",-1.60356099721675,-0.471508612326856,"Uninflamed UC","LP fibroblast","P010","Fibroblast"
"SAM24409577_64657",-5.87209613439327,-1.79903446643757,"Uninflamed UC","LP fibroblast","P010","Fibroblast"
"SAM24409577_720758",2.07058422449345,4.85858191043926,"Uninflamed UC","Activated crypt-top fibroblast","P010","Fibroblast"
"SAM24409577_536061",1.68108289125676,3.35100759059978,"Uninflamed UC","Activated crypt-top fibroblast","P010","Fibroblast"
"SAM24409577_859822",-3.68195970174556,0.96687478811336,"Uninflamed UC","LP fibroblast","P010","Fibroblast"
"SAM24409577_391839",-3.79209907171016,-2.10315333812642,"Uninflamed UC","LP fibroblast","P010","Fibroblast"
"SAM24409577_656347",-3.03030736562496,0.675298316933636,"Uninflamed UC","LP fibroblast","P010","Fibroblast"
"SAM24409577_16339",1.74353854540104,3.32878006488872,"Uninflamed UC","Activated crypt-top fibroblast","P010","Fibroblast"
"SAM24409577_190990",1.79491631868596,3.51893247158122,"Uninflamed UC","Activated crypt-top fibroblast","P010","Fibroblast"
"SAM24409577_175646",4.86334149721379,4.34166706592632,"Uninflamed UC","Resting crypt-top fibroblast","P010","Fibroblast"
"SAM24409577_741881",0.972587751181074,3.47467888385845,"Uninflamed UC","Activated crypt-top fibroblast","P010","Fibroblast"
"SAM24409577_7600",2.52961294534916,4.80879105121685,"Uninflamed UC","Activated crypt-top fibroblast","P010","Fibroblast"
"SAM24409577_189333",-3.0258689653564,0.801263804145579,"Uninflamed UC","LP fibroblast","P010","Fibroblast"
"SAM24409577_241879",-3.38709600087886,-1.07903109996724,"Uninflamed UC","LP fibroblast","P010","Fibroblast"
"SAM24409577_683270",-1.33461196538692,2.22400010616374,"Uninflamed UC","Inflammatory fibroblast","P010","Fibroblast"
"SAM24409577_166850",2.38957445505375,3.66198338062358,"Uninflamed UC","Activated crypt-top fibroblast","P010","Fibroblast"
"SAM24409577_109672",1.44846050623173,3.58472550899578,"Uninflamed UC","Activated crypt-top fibroblast","P010","Fibroblast"
"SAM24409577_194341",2.17733232858891,4.21790040523601,"Uninflamed UC","Activated crypt-top fibroblast","P010","Fibroblast"
"SAM24409577_408275",-2.87110478994136,-0.488931526831861,"Uninflamed UC","LP fibroblast","P010","Fibroblast"
"SAM24409577_665087",-1.08238322850948,-0.708568801573988,"Uninflamed UC","LP fibroblast","P010","Fibroblast"
"SAM24409577_533890",1.1939272153687,4.45161689312053,"Uninflamed UC","Activated crypt-top fibroblast","P010","Fibroblast"
"SAM24409577_532254",-3.97817428228145,-1.44098912685322,"Uninflamed UC","LP fibroblast","P010","Fibroblast"
"SAM24409577_366433",2.72477571848149,2.91093624622417,"Uninflamed UC","Resting crypt-top fibroblast","P010","Fibroblast"
"SAM24409577_15542",1.79520933511967,5.108840356179,"Uninflamed UC","Activated crypt-top fibroblast","P010","Fibroblast"
"SAM24409577_533183",5.57971100691075,2.60405899078441,"Uninflamed UC","Activated crypt-top fibroblast","P010","Fibroblast"
"SAM24409577_69329",2.04316871050114,4.27647555858684,"Uninflamed UC","Activated crypt-top fibroblast","P010","Fibroblast"
"SAM24409577_108363",2.5976068246674,4.19064272434307,"Uninflamed UC","Activated crypt-top fibroblast","P010","Fibroblast"
"SAM24409577_838656",3.06051521185154,3.32413567096782,"Uninflamed UC","Resting crypt-top fibroblast","P010","Fibroblast"
"SAM24409577_393238",6.14430348757023,0.155650565930132,"Uninflamed UC","Resting crypt-top fibroblast","P010","Fibroblast"
"SAM24409577_198840",0.637202905447431,3.8533414700706,"Uninflamed UC","Activated crypt-top fibroblast","P010","Fibroblast"
"SAM24409577_402286",-3.87903697606807,-0.183477034262892,"Uninflamed UC","LP fibroblast","P010","Fibroblast"
"SAM24409577_136737",2.31517569902653,4.48149336368633,"Uninflamed UC","Activated crypt-top fibroblast","P010","Fibroblast"
"SAM24409577_482078",1.89940731409306,4.86162079364849,"Uninflamed UC","Activated crypt-top fibroblast","P010","Fibroblast"
"SAM24409577_256994",-2.94814832326656,-2.95144378154683,"Uninflamed UC","LP fibroblast","P010","Fibroblast"
"SAM24409577_287403",-5.0065441858459,-5.34457313030171,"Uninflamed UC","Crypt-bottom fibroblast","P010","Fibroblast"
"SAM24409577_789437",1.79173319223637,3.90074862033916,"Uninflamed UC","Activated crypt-top fibroblast","P010","Fibroblast"
"SAM24409577_566736",-3.1794014703918,-0.938742031745191,"Uninflamed UC","LP fibroblast","P010","Fibroblast"
"SAM24409577_756889",4.29398615840191,4.38191712886882,"Uninflamed UC","Resting crypt-top fibroblast","P010","Fibroblast"
"SAM24409577_711818",2.15319304350133,5.34697426349712,"Uninflamed UC","Activated crypt-top fibroblast","P010","Fibroblast"
"SAM24409577_689845",-4.79990298864131,-3.23343359439778,"Uninflamed UC","Crypt-bottom fibroblast","P010","Fibroblast"
"SAM24409577_55513",1.97483246210331,3.69596470386577,"Uninflamed UC","Activated crypt-top fibroblast","P010","Fibroblast"
"SAM24409577_70367",1.8604618776154,3.38318074733806,"Uninflamed UC","Activated crypt-top fibroblast","P010","Fibroblast"
"SAM24409577_738161",-5.04825408574825,-3.36743842571187,"Uninflamed UC","Crypt-bottom fibroblast","P010","Fibroblast"
"SAM24409577_24778",-3.64052446004634,-1.19428049533772,"Uninflamed UC","LP fibroblast","P010","Fibroblast"
"SAM24409577_712077",2.01941578272099,3.65805328876567,"Uninflamed UC","Activated crypt-top fibroblast","P010","Fibroblast"
"SAM24409577_348370",-4.11030776616817,-0.848970760993238,"Uninflamed UC","LP fibroblast","P010","Fibroblast"
"SAM24409577_605356",-1.51683671590572,-0.814564456633802,"Uninflamed UC","LP fibroblast","P010","Fibroblast"
"SAM24409577_508218",-3.02403600332027,0.929469088621859,"Uninflamed UC","LP fibroblast","P010","Fibroblast"
"SAM24409577_506430",3.12987737539525,5.26054132968975,"Uninflamed UC","Activated crypt-top fibroblast","P010","Fibroblast"
"SAM24409577_681459",-3.86801393148189,0.719251649983649,"Uninflamed UC","LP fibroblast","P010","Fibroblast"
"SAM24409577_673160",-2.60921580907588,-3.93811189144063,"Uninflamed UC","Resting crypt-top fibroblast","P010","Fibroblast"
"SAM24409577_674391",1.49773042085881,3.44761146099163,"Uninflamed UC","Activated crypt-top fibroblast","P010","Fibroblast"
"SAM24409577_701926",2.60641448381657,3.79252828151775,"Uninflamed UC","Resting crypt-top fibroblast","P010","Fibroblast"
"SAM24409577_565514",3.42050253036732,4.1040796139915,"Uninflamed UC","Resting crypt-top fibroblast","P010","Fibroblast"
"SAM24409577_698687",0.958924459249921,3.71930683643413,"Uninflamed UC","Activated crypt-top fibroblast","P010","Fibroblast"
"SAM24409577_669942",4.18127823057885,2.3613057234962,"Uninflamed UC","Resting crypt-top fibroblast","P010","Fibroblast"
"SAM24409577_376837",-2.96361453649288,1.44963068754268,"Uninflamed UC","LP fibroblast","P010","Fibroblast"
"SAM24409577_388040",4.95410661581273,4.42889297992778,"Uninflamed UC","Resting crypt-top fibroblast","P010","Fibroblast"
"SAM24409577_597881",-4.60023887273555,-3.95850287883687,"Uninflamed UC","Crypt-bottom fibroblast","P010","Fibroblast"
"SAM24409577_9607",2.22975950124974,4.13689530880046,"Uninflamed UC","Activated crypt-top fibroblast","P010","Fibroblast"
"SAM24409577_696477",2.36116449716801,5.14882744342876,"Uninflamed UC","Activated crypt-top fibroblast","P010","Fibroblast"
"SAM24409577_91769",1.97446219804997,3.94970787555767,"Uninflamed UC","Activated crypt-top fibroblast","P010","Fibroblast"
"SAM24409577_475660",-4.83836181279903,-0.0898579856674631,"Uninflamed UC","LP fibroblast","P010","Fibroblast"
"SAM24409577_29670",-3.72234161016231,0.429747621126894,"Uninflamed UC","LP fibroblast","P010","Fibroblast"
"SAM24409577_868957",2.22763948324437,6.14265764743877,"Uninflamed UC","Activated crypt-top fibroblast","P010","Fibroblast"
"SAM24409577_745028",-3.35837895986324,-2.8199754854958,"Uninflamed UC","LP fibroblast","P010","Fibroblast"
"SAM24409577_626431",4.92220114353413,4.82366789371562,"Uninflamed UC","Resting crypt-top fibroblast","P010","Fibroblast"
"SAM24409577_736190",-3.89508445379024,-0.345687498740431,"Uninflamed UC","LP fibroblast","P010","Fibroblast"
"SAM24409577_799896",-2.90087421056514,-0.227445771388288,"Uninflamed UC","LP fibroblast","P010","Fibroblast"
"SAM24409577_361466",2.8123456704926,5.01014507801128,"Uninflamed UC","Activated crypt-top fibroblast","P010","Fibroblast"
"SAM24409577_321719",1.94429747942204,3.04297865421367,"Uninflamed UC","Resting crypt-top fibroblast","P010","Fibroblast"
"SAM24409577_331695",-4.73843200322872,-1.79557811229634,"Uninflamed UC","LP fibroblast","P010","Fibroblast"
"SAM24409577_182693",1.62781994226689,3.65966785938335,"Uninflamed UC","Activated crypt-top fibroblast","P010","Fibroblast"
"SAM24409577_40363",2.01262681368107,4.62455762416912,"Uninflamed UC","Activated crypt-top fibroblast","P010","Fibroblast"
"SAM24409577_427567",2.60742061022038,2.68838537723613,"Uninflamed UC","Resting crypt-top fibroblast","P010","Fibroblast"
"SAM24409577_160624",1.95580236795659,5.18197620899272,"Uninflamed UC","Activated crypt-top fibroblast","P010","Fibroblast"
"SAM24409577_169305",2.14247064474339,3.17317331821514,"Uninflamed UC","Activated crypt-top fibroblast","P010","Fibroblast"
"SAM24409577_546367",2.78264825227971,5.46585691959453,"Uninflamed UC","Activated crypt-top fibroblast","P010","Fibroblast"
"SAM24409577_251474",1.73062174204106,3.37196458370281,"Uninflamed UC","Activated crypt-top fibroblast","P010","Fibroblast"
"SAM24409577_689853",2.29202322843785,5.98406685382915,"Uninflamed UC","Activated crypt-top fibroblast","P010","Fibroblast"
"SAM24409577_790043",2.44752864721531,5.48421944171977,"Uninflamed UC","Activated crypt-top fibroblast","P010","Fibroblast"
"SAM24409577_203790",2.26477234247441,3.17519081623149,"Uninflamed UC","Activated crypt-top fibroblast","P010","Fibroblast"
"SAM24409577_175313",-4.77500732061153,-1.24476789443898,"Uninflamed UC","LP fibroblast","P010","Fibroblast"
"SAM24409577_845034",2.2890108096909,3.60788954288555,"Uninflamed UC","Resting crypt-top fibroblast","P010","Fibroblast"
"SAM24409577_674792",2.10079114320988,5.59239567310405,"Uninflamed UC","Activated crypt-top fibroblast","P010","Fibroblast"
"SAM24409577_232227",2.21000711801762,3.47203315288616,"Uninflamed UC","Resting crypt-top fibroblast","P010","Fibroblast"
"SAM24409577_673987",2.41595964315648,2.86266268283916,"Uninflamed UC","Resting crypt-top fibroblast","P010","Fibroblast"
"SAM24409577_823776",1.486554788382,1.69097066909862,"Uninflamed UC","Resting crypt-top fibroblast","P010","Fibroblast"
"SAM24409577_193409",2.9832578170609,3.95109499485088,"Uninflamed UC","Resting crypt-top fibroblast","P010","Fibroblast"
"SAM24409577_690565",-5.06939895269161,-3.12454139202046,"Uninflamed UC","Crypt-bottom fibroblast","P010","Fibroblast"
"SAM24409577_156582",2.3737583625626,6.06060064823223,"Uninflamed UC","Activated crypt-top fibroblast","P010","Fibroblast"
"SAM24409577_552017",5.11416344526524,3.97084821254802,"Uninflamed UC","Resting crypt-top fibroblast","P010","Fibroblast"
"SAM24409577_277837",2.11843054178471,5.08754290134502,"Uninflamed UC","Activated crypt-top fibroblast","P010","Fibroblast"
"SAM24409577_322479",0.828882621557661,4.80000389606548,"Uninflamed UC","Activated crypt-top fibroblast","P010","Fibroblast"
"SAM24409577_635653",-4.26156432744747,-2.15674101322102,"Uninflamed UC","LP fibroblast","P010","Fibroblast"
"SAM24409577_882626",2.47647445085759,5.07421053440166,"Uninflamed UC","Activated crypt-top fibroblast","P010","Fibroblast"
"SAM24409577_724875",-3.42721088048702,1.27842856437755,"Uninflamed UC","LP fibroblast","P010","Fibroblast"
"SAM24409577_819827",1.32434837702031,4.61062897235942,"Uninflamed UC","Activated crypt-top fibroblast","P010","Fibroblast"
"SAM24409577_766198",-3.7256284486938,-2.16121374576497,"Uninflamed UC","LP fibroblast","P010","Fibroblast"
"SAM24409577_823116",-4.44866759893184,-2.83288108318257,"Uninflamed UC","Crypt-bottom fibroblast","P010","Fibroblast"
"SAM24409577_90189",-3.47957999822383,1.02590055257869,"Uninflamed UC","LP fibroblast","P010","Fibroblast"
"SAM24409577_673174",2.44214980486149,5.57792986423564,"Uninflamed UC","Activated crypt-top fibroblast","P010","Fibroblast"
"SAM24409577_384924",2.88684122446293,4.50794566661907,"Uninflamed UC","Activated crypt-top fibroblast","P010","Fibroblast"
"SAM24409577_662546",-3.84201200124507,0.540342549391512,"Uninflamed UC","LP fibroblast","P010","Fibroblast"
"SAM24409577_654156",2.54024367216343,4.78755415470195,"Uninflamed UC","Activated crypt-top fibroblast","P010","Fibroblast"
"SAM24409577_411536",-4.35731418248897,-3.5236698290627,"Uninflamed UC","Crypt-bottom fibroblast","P010","Fibroblast"
"SAM24409577_461553",1.09423344019169,5.01542271167827,"Uninflamed UC","Activated crypt-top fibroblast","P010","Fibroblast"
"SAM24409577_112031",-4.83915813085323,-1.07179461925435,"Uninflamed UC","LP fibroblast","P010","Fibroblast"
"SAM24409577_452966",2.59832243803258,5.34411276371074,"Uninflamed UC","Activated crypt-top fibroblast","P010","Fibroblast"
"SAM24409577_532119",2.96106736543889,5.93773449451519,"Uninflamed UC","Activated crypt-top fibroblast","P010","Fibroblast"
"SAM24409577_253557",2.66913049104924,5.76032436878276,"Uninflamed UC","Activated crypt-top fibroblast","P010","Fibroblast"
"SAM24409577_502247",1.99848143938298,5.37705076725078,"Uninflamed UC","Activated crypt-top fibroblast","P010","Fibroblast"
"SAM24409577_314678",3.25230400446171,2.32037986309123,"Uninflamed UC","Resting crypt-top fibroblast","P010","Fibroblast"
"SAM24409577_385469",2.73530273321385,3.27581513912273,"Uninflamed UC","Resting crypt-top fibroblast","P010","Fibroblast"
"SAM24409577_198406",2.15173952463383,2.97916472942424,"Uninflamed UC","Resting crypt-top fibroblast","P010","Fibroblast"
"SAM24409577_387432",5.09675865057225,4.12030328304363,"Uninflamed UC","Resting crypt-top fibroblast","P010","Fibroblast"
"SAM24409577_285577",5.18236760977025,3.85232103855205,"Uninflamed UC","Resting crypt-top fibroblast","P010","Fibroblast"
"SAM24409577_420839",1.85679190042729,3.59561313182903,"Uninflamed UC","Activated crypt-top fibroblast","P010","Fibroblast"
"SAM24409577_17163",3.25328980568165,3.80938828975749,"Uninflamed UC","Activated crypt-top fibroblast","P010","Fibroblast"
"SAM24409577_117111",-3.40835387822872,-1.67864142864155,"Uninflamed UC","LP fibroblast","P010","Fibroblast"
"SAM24409577_455126",3.17660837057347,2.6699348786552,"Uninflamed UC","Resting crypt-top fibroblast","P010","Fibroblast"
"SAM24409577_582515",3.7221647370171,3.40408242733074,"Uninflamed UC","Resting crypt-top fibroblast","P010","Fibroblast"
"SAM24409577_314014",-5.45223529454952,-5.92902242153096,"Uninflamed UC","Crypt-bottom fibroblast","P010","Fibroblast"
"SAM24409577_645677",2.03034775140996,1.11715800554347,"Uninflamed UC","Resting crypt-top fibroblast","P010","Fibroblast"
"SAM24409577_69657",-4.68047816869502,-2.28650080173421,"Uninflamed UC","LP fibroblast","P010","Fibroblast"
"SAM24409577_548930",-4.96122462865596,-3.64371835201191,"Uninflamed UC","Crypt-bottom fibroblast","P010","Fibroblast"
"SAM24409577_434561",2.92483918550725,5.43314779789043,"Uninflamed UC","Activated crypt-top fibroblast","P010","Fibroblast"
"SAM24409577_222266",-3.95254428502803,0.0607884028632681,"Uninflamed UC","LP fibroblast","P010","Fibroblast"
"SAM24409577_722156",3.42840342405552,2.44351972133708,"Uninflamed UC","Resting crypt-top fibroblast","P010","Fibroblast"
"SAM24409577_257819",-5.16343886968379,-3.85915671794819,"Uninflamed UC","Crypt-bottom fibroblast","P010","Fibroblast"
"SAM24409577_348894",3.14968823078389,4.68952787906719,"Uninflamed UC","Resting crypt-top fibroblast","P010","Fibroblast"
"SAM24409577_595377",3.91846363428349,2.67219079525066,"Uninflamed UC","Resting crypt-top fibroblast","P010","Fibroblast"
"SAM24409577_711510",2.43427209738011,6.04345549137187,"Uninflamed UC","Activated crypt-top fibroblast","P010","Fibroblast"
"SAM24409577_541466",-4.91027553197627,-3.63590108364033,"Uninflamed UC","Crypt-bottom fibroblast","P010","Fibroblast"
"SAM24409577_376325",3.43839268568272,2.34535385162425,"Uninflamed UC","Resting crypt-top fibroblast","P010","Fibroblast"
"SAM24409577_611739",-2.12471253988033,-0.882701029471632,"Uninflamed UC","LP fibroblast","P010","Fibroblast"
"SAM24409577_513172",3.12496344927067,5.17218388111186,"Uninflamed UC","Activated crypt-top fibroblast","P010","Fibroblast"
"SAM24409577_838038",2.73732070806737,1.9672559598167,"Uninflamed UC","Resting crypt-top fibroblast","P010","Fibroblast"
"SAM24409577_738998",3.30479113939518,4.32717836887432,"Uninflamed UC","Resting crypt-top fibroblast","P010","Fibroblast"
"SAM24409577_645437",-1.75429208394771,-0.730064382247205,"Uninflamed UC","LP fibroblast","P010","Fibroblast"
"SAM24409577_177906",2.20430712583775,4.10441196949077,"Uninflamed UC","Activated crypt-top fibroblast","P010","Fibroblast"
"SAM24409577_266460",3.70449604275937,2.22785938770366,"Uninflamed UC","Resting crypt-top fibroblast","P010","Fibroblast"
"SAM24409577_548370",2.57266526106114,2.8512686589439,"Uninflamed UC","Resting crypt-top fibroblast","P010","Fibroblast"
"SAM24409577_385188",2.96810345533604,5.59060753376079,"Uninflamed UC","Activated crypt-top fibroblast","P010","Fibroblast"
"SAM24409577_577395",1.71660249117131,5.08771647007061,"Uninflamed UC","Activated crypt-top fibroblast","P010","Fibroblast"
"SAM24409577_104495",2.91930072191472,4.28815282375408,"Uninflamed UC","Activated crypt-top fibroblast","P010","Fibroblast"
"SAM24409577_310141",-4.82029731389766,-1.83315693347859,"Uninflamed UC","LP fibroblast","P010","Fibroblast"
"SAM24409577_241400",-2.5137429964233,0.649472791299645,"Uninflamed UC","LP fibroblast","P010","Fibroblast"
"SAM24409577_776962",3.03903763178105,2.62616838008953,"Uninflamed UC","Resting crypt-top fibroblast","P010","Fibroblast"
"SAM24409577_103919",2.55189995649571,6.18436182529521,"Uninflamed UC","Activated crypt-top fibroblast","P010","Fibroblast"
"SAM24409577_290698",2.98079292658085,3.99116815120769,"Uninflamed UC","Resting crypt-top fibroblast","P010","Fibroblast"
"SAM24409577_304494",3.69598703268284,3.86282123119426,"Uninflamed UC","Resting crypt-top fibroblast","P010","Fibroblast"
"SAM24409577_256142",3.06836502435917,4.45115483791423,"Uninflamed UC","Activated crypt-top fibroblast","P010","Fibroblast"
"SAM24409577_810523",4.85259561422581,3.94665206462932,"Uninflamed UC","Resting crypt-top fibroblast","P010","Fibroblast"
"SAM24409577_51142",3.27664290550465,2.62705589325023,"Uninflamed UC","Resting crypt-top fibroblast","P010","Fibroblast"
"SAM24409577_395375",-4.96805961248165,-1.41086303203511,"Uninflamed UC","LP fibroblast","P010","Fibroblast"
"SAM24409577_800559",2.23045139196629,6.09143246204448,"Uninflamed UC","Activated crypt-top fibroblast","P010","Fibroblast"
"SAM24409577_186282",-4.96608264562374,-3.65048276393818,"Uninflamed UC","Crypt-bottom fibroblast","P010","Fibroblast"
"SAM24409577_50444",-4.24242408391719,-0.32982509344029,"Uninflamed UC","LP fibroblast","P010","Fibroblast"
"SAM24409577_625530",2.71946673277134,1.43182207138133,"Uninflamed UC","Resting crypt-top fibroblast","P010","Fibroblast"
"SAM24409577_139503",3.34285156610722,3.06807888538433,"Uninflamed UC","Resting crypt-top fibroblast","P010","Fibroblast"
"SAM24409577_506317",2.81178490999455,3.25582040340496,"Uninflamed UC","Resting crypt-top fibroblast","P010","Fibroblast"
"SAM24409579_462836",5.29360632780308,-2.26710092037129,"Inflamed UC","Inflammatory fibroblast","P011","Fibroblast"
"SAM24409579_708612",4.96400587442631,-2.61441098659443,"Inflamed UC","Inflammatory fibroblast","P011","Fibroblast"
"SAM24409579_859791",5.03874676111455,-2.55121814220357,"Inflamed UC","Inflammatory fibroblast","P011","Fibroblast"
"SAM24409579_662080",4.18621490332598,-2.12046777217793,"Inflamed UC","Inflammatory fibroblast","P011","Fibroblast"
"SAM24409579_794050",4.50714425924534,-2.42362987010884,"Inflamed UC","Inflammatory fibroblast","P011","Fibroblast"
"SAM24409579_492104",4.51673554065938,-2.3675988814156,"Inflamed UC","Inflammatory fibroblast","P011","Fibroblast"
"SAM24409579_567415",4.51751338127369,-2.83918892352986,"Inflamed UC","Inflammatory fibroblast","P011","Fibroblast"
"SAM24409579_214650",4.19764682087416,-3.81335031001973,"Inflamed UC","Inflammatory fibroblast","P011","Fibroblast"
"SAM24409579_187240",4.78086869600529,-2.68432151287007,"Inflamed UC","Inflammatory fibroblast","P011","Fibroblast"
"SAM24409579_736577",5.38391928556675,-2.95273195712971,"Inflamed UC","Inflammatory fibroblast","P011","Fibroblast"
"SAM24409579_549117",5.43401067140812,-2.65187036006856,"Inflamed UC","Inflammatory fibroblast","P011","Fibroblast"
"SAM24409579_526320",4.69332520845646,-2.81938754527974,"Inflamed UC","Inflammatory fibroblast","P011","Fibroblast"
"SAM24409579_56060",7.4386712777924,-1.95101033657002,"Inflamed UC","Inflammatory fibroblast","P011","Fibroblast"
"SAM24409579_27303",4.31809105160946,-2.34497319667744,"Inflamed UC","Inflammatory fibroblast","P011","Fibroblast"
"SAM24409579_223186",-0.50711305257564,1.94987143070293,"Inflamed UC","Inflammatory fibroblast","P011","Fibroblast"
"SAM24409579_299553",4.84271745565648,-2.615280737571,"Inflamed UC","Inflammatory fibroblast","P011","Fibroblast"
"SAM24409579_725293",4.27308353963608,-2.68785845249104,"Inflamed UC","Inflammatory fibroblast","P011","Fibroblast"
"SAM24409579_383450",3.8711183983397,-2.85202108829426,"Inflamed UC","Inflammatory fibroblast","P011","Fibroblast"
"SAM24409579_323697",5.45249752882237,-2.32844697444844,"Inflamed UC","Inflammatory fibroblast","P011","Fibroblast"
"SAM24409579_313194",4.82558207395787,-2.70654832332539,"Inflamed UC","Inflammatory fibroblast","P011","Fibroblast"
"SAM24409579_815240",5.17618744257206,-2.40619503467488,"Inflamed UC","Inflammatory fibroblast","P011","Fibroblast"
"SAM24409579_180925",6.2555715310883,-2.7438241144936,"Inflamed UC","Inflammatory fibroblast","P011","Fibroblast"
"SAM24409579_533470",4.67900024536366,-2.55948482959675,"Inflamed UC","Inflammatory fibroblast","P011","Fibroblast"
"SAM24409579_346452",4.31057071867699,-2.29987179248738,"Inflamed UC","Inflammatory fibroblast","P011","Fibroblast"
"SAM24409579_579727",3.26396714332814,-0.607221355132337,"Inflamed UC","Inflammatory fibroblast","P011","Fibroblast"
"SAM24409579_598540",1.69220511797185,2.58855236560893,"Inflamed UC","Resting crypt-top fibroblast","P011","Fibroblast"
"SAM24409579_401918",-1.1692696344543,2.27873064071727,"Inflamed UC","Inflammatory fibroblast","P011","Fibroblast"
"SAM24409579_80726",4.23386821332688,-2.33412586658406,"Inflamed UC","Inflammatory fibroblast","P011","Fibroblast"
"SAM24409579_276570",1.43516127947087,-0.987099756888624,"Inflamed UC","LP fibroblast","P011","Fibroblast"
"SAM24409579_321075",5.48958747270817,-2.65073214977192,"Inflamed UC","Inflammatory fibroblast","P011","Fibroblast"
"SAM24409579_114337",4.21396517935509,-2.43984948604512,"Inflamed UC","Inflammatory fibroblast","P011","Fibroblast"
"SAM24409579_122086",5.38515787008519,-2.81660925357747,"Inflamed UC","Inflammatory fibroblast","P011","Fibroblast"
"SAM24409579_315178",5.34212260130162,-2.80971490352559,"Inflamed UC","Inflammatory fibroblast","P011","Fibroblast"
"SAM24409579_332920",4.81588755729909,-2.57191573589253,"Inflamed UC","Inflammatory fibroblast","P011","Fibroblast"
"SAM24409579_624221",4.71750705126042,-2.41063343494343,"Inflamed UC","Inflammatory fibroblast","P011","Fibroblast"
"SAM24409579_21545",5.86156706693883,-2.63403927295613,"Inflamed UC","Inflammatory fibroblast","P011","Fibroblast"
"SAM24409579_482493",3.80809138897175,-3.02283631771016,"Inflamed UC","Inflammatory fibroblast","P011","Fibroblast"
"SAM24409579_850480",3.56215243223424,-1.05332743137288,"Inflamed UC","Inflammatory fibroblast","P011","Fibroblast"
"SAM24409579_432105",-0.796697212426714,-2.72267185657429,"Inflamed UC","LP fibroblast","P011","Fibroblast"
"SAM24409579_730120",4.82402269724125,-2.21309505908894,"Inflamed UC","Inflammatory fibroblast","P011","Fibroblast"
"SAM24409579_253597",4.57200332167859,-2.21030937641072,"Inflamed UC","Inflammatory fibroblast","P011","Fibroblast"
"SAM24409579_734150",1.63357918146367,4.61472905666423,"Inflamed UC","Activated crypt-top fibroblast","P011","Fibroblast"
"SAM24409579_381921",1.78050224664921,2.12686384708476,"Inflamed UC","Resting crypt-top fibroblast","P011","Fibroblast"
"SAM24409579_821925",4.22790981266017,-2.26653682201314,"Inflamed UC","Inflammatory fibroblast","P011","Fibroblast"
"SAM24409579_157982",4.38072042349095,-1.56867443530964,"Inflamed UC","Inflammatory fibroblast","P011","Fibroblast"
"SAM24409579_545694",5.23872415903325,-2.41021977870869,"Inflamed UC","Inflammatory fibroblast","P011","Fibroblast"
"SAM24409579_770693",1.06176988962407,3.9571913579185,"Inflamed UC","LP fibroblast","P011","Fibroblast"
"SAM24409579_587849",1.61841552141423,2.60002578289104,"Inflamed UC","Resting crypt-top fibroblast","P011","Fibroblast"
"SAM24409579_369390",5.60687057855839,-2.47351037471699,"Inflamed UC","Inflammatory fibroblast","P011","Fibroblast"
"SAM24409579_409210",1.18750731828923,3.69060624630046,"Inflamed UC","Activated crypt-top fibroblast","P011","Fibroblast"
"SAM24409579_441509",-0.203926159112505,-1.90345035999226,"Inflamed UC","LP fibroblast","P011","Fibroblast"
"SAM24409579_102410",1.13002793672795,3.86964119464946,"Inflamed UC","Activated crypt-top fibroblast","P011","Fibroblast"
"SAM24409579_527609",-1.11355741140132,2.37010181934429,"Inflamed UC","Inflammatory fibroblast","P011","Fibroblast"
"SAM24409579_442354",4.38076995495076,-2.42596494167256,"Inflamed UC","Inflammatory fibroblast","P011","Fibroblast"
"SAM24409579_187565",4.1145895449009,-1.83288012950825,"Inflamed UC","Inflammatory fibroblast","P011","Fibroblast"
"SAM24409579_171675",4.32886111918206,-2.19787370174336,"Inflamed UC","Inflammatory fibroblast","P011","Fibroblast"
"SAM24409579_342685",0.810792850286909,3.62235058338237,"Inflamed UC","Activated crypt-top fibroblast","P011","Fibroblast"
"SAM24409579_778795",4.15036899592096,-2.24936686962056,"Inflamed UC","Inflammatory fibroblast","P011","Fibroblast"
"SAM24409579_516086",1.54249827745671,2.75141752750469,"Inflamed UC","Resting crypt-top fibroblast","P011","Fibroblast"
"SAM24409579_650539",5.32369654062504,-1.92452537029194,"Inflamed UC","Inflammatory fibroblast","P011","Fibroblast"
"SAM24409579_528352",4.42562531116719,-2.26599894969868,"Inflamed UC","Inflammatory fibroblast","P011","Fibroblast"
"SAM24409579_825846",5.16983156088109,-1.41403209178853,"Inflamed UC","Inflammatory fibroblast","P011","Fibroblast"
"SAM24409579_577315",3.42233143928761,-0.962778081588026,"Inflamed UC","Inflammatory fibroblast","P011","Fibroblast"
"SAM24409579_817628",1.82584802988286,5.69159925968242,"Inflamed UC","Activated crypt-top fibroblast","P011","Fibroblast"
"SAM24409579_731537",-1.50828750249629,0.0584014752585928,"Inflamed UC","LP fibroblast","P011","Fibroblast"
"SAM24409579_410150",1.40692965868229,3.94162190944744,"Inflamed UC","Activated crypt-top fibroblast","P011","Fibroblast"
"SAM24409579_736983",3.3004557359528,-0.774373998336073,"Inflamed UC","Inflammatory fibroblast","P011","Fibroblast"
"SAM24409579_767635",4.18405008497948,-2.3016067644875,"Inflamed UC","Inflammatory fibroblast","P011","Fibroblast"
"SAM24409579_508013",1.22104542139287,4.08817709476543,"Inflamed UC","Activated crypt-top fibroblast","P011","Fibroblast"
"SAM24409579_591876",-5.55455405828243,-6.24961863964009,"Inflamed UC","Crypt-bottom fibroblast","P011","Fibroblast"
"SAM24409579_801212",0.0637640226196723,-0.91608785598683,"Inflamed UC","LP fibroblast","P011","Fibroblast"
"SAM24409579_632540",1.92745654466862,4.69726503879619,"Inflamed UC","Activated crypt-top fibroblast","P011","Fibroblast"
"SAM24409579_807638",0.0214437711548285,-1.86699091403889,"Inflamed UC","LP fibroblast","P011","Fibroblast"
"SAM24409579_659997",4.35771577242131,-2.44650470226216,"Inflamed UC","Inflammatory fibroblast","P011","Fibroblast"
"SAM24409579_846570",5.35999457720036,-2.66513191669392,"Inflamed UC","Inflammatory fibroblast","P011","Fibroblast"
"SAM24409579_160348",0.713652061254926,3.83472574741435,"Inflamed UC","Activated crypt-top fibroblast","P011","Fibroblast"
"SAM24409579_109664",6.05220453623051,0.456631297775034,"Inflamed UC","Resting crypt-top fibroblast","P011","Fibroblast"
"SAM24409579_312755",3.62694119098897,-1.29298495262074,"Inflamed UC","Inflammatory fibroblast","P011","Fibroblast"
"SAM24409579_275046",1.685360597403,-1.17004035919118,"Inflamed UC","LP fibroblast","P011","Fibroblast"
"SAM24409579_630318",5.29412310007329,5.37942493946147,"Inflamed UC","Resting crypt-top fibroblast","P011","Fibroblast"
"SAM24409579_839300",5.68570380094761,-3.04838000743794,"Inflamed UC","Inflammatory fibroblast","P011","Fibroblast"
"SAM24409579_840299",-0.359650684564166,-1.96920858829426,"Inflamed UC","LP fibroblast","P011","Fibroblast"
"SAM24409579_471830",5.65951864603276,-2.83220445125508,"Inflamed UC","Inflammatory fibroblast","P011","Fibroblast"
"SAM24409579_658016",7.49103467348332,-1.89657722919392,"Inflamed UC","Inflammatory fibroblast","P011","Fibroblast"
"SAM24409579_193397",4.855999456675,-1.80846106021809,"Inflamed UC","Inflammatory fibroblast","P011","Fibroblast"
"SAM24409579_304474",4.77206044080967,-1.80003868549275,"Inflamed UC","Inflammatory fibroblast","P011","Fibroblast"
"SAM24409579_620589",4.67195479753727,-2.64428197353291,"Inflamed UC","Inflammatory fibroblast","P011","Fibroblast"
"SAM24409579_274009",4.48925878289456,-2.39605580776143,"Inflamed UC","Inflammatory fibroblast","P011","Fibroblast"
"SAM24409579_687931",0.936635183126874,3.78105772525859,"Inflamed UC","Activated crypt-top fibroblast","P011","Fibroblast"
"SAM24409579_574290",1.65535371187443,4.28111613781047,"Inflamed UC","Activated crypt-top fibroblast","P011","Fibroblast"
"SAM24409579_764031",4.81221704366917,-1.75358497112202,"Inflamed UC","Inflammatory fibroblast","P011","Fibroblast"
"SAM24409579_856943",4.1346442792129,-2.37069045513081,"Inflamed UC","Inflammatory fibroblast","P011","Fibroblast"
"SAM24409579_743174",6.26426331880803,0.070658097573046,"Inflamed UC","Resting crypt-top fibroblast","P011","Fibroblast"
"SAM24409579_137351",0.720974611074872,4.02146447689128,"Inflamed UC","Activated crypt-top fibroblast","P011","Fibroblast"
"SAM24409579_310663",6.14729087236638,-2.60430513828206,"Inflamed UC","Inflammatory fibroblast","P011","Fibroblast"
"SAM24409579_161163",-0.914325786798052,2.44650376827312,"Inflamed UC","Inflammatory fibroblast","P011","Fibroblast"
"SAM24409579_491865",4.8055354225945,-2.04995404689717,"Inflamed UC","Inflammatory fibroblast","P011","Fibroblast"
"SAM24409579_146549",3.13566284063572,-2.87481748073506,"Inflamed UC","Inflammatory fibroblast","P011","Fibroblast"
"SAM24409579_80988",-1.18994195577388,2.3146338561256,"Inflamed UC","Inflammatory fibroblast","P011","Fibroblast"
"SAM24409579_477691",0.0319642293762641,-2.54760872333455,"Inflamed UC","LP fibroblast","P011","Fibroblast"
"SAM24409579_878369",1.12863294962163,3.28974760562969,"Inflamed UC","Activated crypt-top fibroblast","P011","Fibroblast"
"SAM24409579_590059",7.50990097406621,-1.90016137569356,"Inflamed UC","Inflammatory fibroblast","P011","Fibroblast"
"SAM24409579_416510",4.57932324889416,-1.53922759502339,"Inflamed UC","Inflammatory fibroblast","P011","Fibroblast"
"SAM24409579_249177",6.00063865068669,-2.7440899512093,"Inflamed UC","Inflammatory fibroblast","P011","Fibroblast"
"SAM24409579_211122",5.5441389549088,-2.77337490528035,"Inflamed UC","Inflammatory fibroblast","P011","Fibroblast"
"SAM24409579_716825",6.15482060793156,-0.293372382811781,"Inflamed UC","Resting crypt-top fibroblast","P011","Fibroblast"
"SAM24409579_336573",0.975166248114057,-2.52551423519063,"Inflamed UC","LP fibroblast","P011","Fibroblast"
"SAM24409579_262832",-0.407135082452349,-2.4072888991158,"Inflamed UC","LP fibroblast","P011","Fibroblast"
"SAM24409579_282872",1.30509750726933,3.56268156559062,"Inflamed UC","Activated crypt-top fibroblast","P011","Fibroblast"
"SAM24409579_505655",5.23629491213078,-2.4098101755898,"Inflamed UC","Inflammatory fibroblast","P011","Fibroblast"
"SAM24409579_758545",3.57580678346867,-2.94080172985005,"Inflamed UC","Inflammatory fibroblast","P011","Fibroblast"
"SAM24409579_866176",5.21890871408696,-2.50142752139973,"Inflamed UC","Inflammatory fibroblast","P011","Fibroblast"
"SAM24409579_385730",1.58919041040654,-1.29356657474446,"Inflamed UC","LP fibroblast","P011","Fibroblast"
"SAM24409579_612349",2.02719037416691,2.17279470951152,"Inflamed UC","Resting crypt-top fibroblast","P011","Fibroblast"
"SAM24409579_520453",3.63844849351162,-3.13008033245015,"Inflamed UC","Inflammatory fibroblast","P011","Fibroblast"
"SAM24409579_56247",4.44016058924908,-2.47235332935261,"Inflamed UC","Inflammatory fibroblast","P011","Fibroblast"
"SAM24409579_162574",1.63723199251408,5.10874975711894,"Inflamed UC","LP fibroblast","P011","Fibroblast"
"SAM24409579_590581",3.32809888008351,-0.292205681494947,"Inflamed UC","Inflammatory fibroblast","P011","Fibroblast"
"SAM24409579_41166",0.356878207952924,1.355726430722,"Inflamed UC","LP fibroblast","P011","Fibroblast"
"SAM24409579_691051",1.76977150324101,5.60770691425395,"Inflamed UC","Activated crypt-top fibroblast","P011","Fibroblast"
"SAM24409579_57329",4.4278184640717,-1.9746454855721,"Inflamed UC","Inflammatory fibroblast","P011","Fibroblast"
"SAM24409579_277445",1.92026870134587,5.78861654789043,"Inflamed UC","Activated crypt-top fibroblast","P011","Fibroblast"
"SAM24409579_237370",-0.116454673974566,-1.94200216739583,"Inflamed UC","LP fibroblast","P011","Fibroblast"
"SAM24409579_611526",1.16300766351933,3.8099552491386,"Inflamed UC","Activated crypt-top fibroblast","P011","Fibroblast"
"SAM24409579_288334",1.51654355409855,3.62184060604167,"Inflamed UC","Activated crypt-top fibroblast","P011","Fibroblast"
"SAM24409579_856229",-0.142575336663775,-2.02717648952412,"Inflamed UC","LP fibroblast","P011","Fibroblast"
"SAM24409579_351450",1.69071810129399,5.30428780109477,"Inflamed UC","Activated crypt-top fibroblast","P011","Fibroblast"
"SAM24409579_63689",1.30876700762028,3.10492623836589,"Inflamed UC","Resting crypt-top fibroblast","P011","Fibroblast"
"SAM24409579_144822",0.541731284887739,0.414990434952502,"Inflamed UC","LP fibroblast","P011","Fibroblast"
"SAM24409579_67141",0.0946988332581,-2.25378667323994,"Inflamed UC","LP fibroblast","P011","Fibroblast"
"SAM24409579_368645",6.21090881708378,4.46150506527019,"Inflamed UC","Resting crypt-top fibroblast","P011","Fibroblast"
"SAM24409579_317257",7.40911238077397,-1.91892515628743,"Inflamed UC","Resting crypt-top fibroblast","P011","Fibroblast"
"SAM24409579_373724",0.444157527716108,-2.4284971854012,"Inflamed UC","LP fibroblast","P011","Fibroblast"
"SAM24409579_182041",-0.945761753289752,2.38125372917247,"Inflamed UC","Inflammatory fibroblast","P011","Fibroblast"
"SAM24409579_311936",6.21801535967106,-2.05062686412739,"Inflamed UC","Resting crypt-top fibroblast","P011","Fibroblast"
"SAM24409579_464563",0.844101356298872,-2.55962263553547,"Inflamed UC","LP fibroblast","P011","Fibroblast"
"SAM24409579_123197",1.9003001916718,4.93495310337139,"Inflamed UC","Activated crypt-top fibroblast","P011","Fibroblast"
"SAM24409579_455938",-0.996207309930377,2.08510948211742,"Inflamed UC","Inflammatory fibroblast","P011","Fibroblast"
"SAM24409579_406838",1.11324303034062,4.02178181202007,"Inflamed UC","Activated crypt-top fibroblast","P011","Fibroblast"
"SAM24409579_248972",1.88172142389531,3.99488891155315,"Inflamed UC","Activated crypt-top fibroblast","P011","Fibroblast"
"SAM24409579_80767",0.847671674520917,-2.5144768854897,"Inflamed UC","LP fibroblast","P011","Fibroblast"
"SAM24409579_828470",3.63427441004033,-0.722458591155287,"Inflamed UC","Inflammatory fibroblast","P011","Fibroblast"
"SAM24409579_703676",5.15182249429936,-1.24723040073323,"Inflamed UC","Inflammatory fibroblast","P011","Fibroblast"
"SAM24409579_699131",1.75525157335515,2.23949564487529,"Inflamed UC","Resting crypt-top fibroblast","P011","Fibroblast"
"SAM24409579_474991",-1.3925886881042,0.29498855263782,"Inflamed UC","LP fibroblast","P011","Fibroblast"
"SAM24409579_675004",3.37433897140736,-1.14913569896626,"Inflamed UC","Inflammatory fibroblast","P011","Fibroblast"
"SAM24409579_84305",4.13630684833343,-2.37756978481221,"Inflamed UC","Inflammatory fibroblast","P011","Fibroblast"
"SAM24409579_53469",-1.42927415487056,0.653464539505963,"Inflamed UC","LP fibroblast","P011","Fibroblast"
"SAM24409579_831401",2.76972215059514,2.82421363384319,"Inflamed UC","Resting crypt-top fibroblast","P011","Fibroblast"
"SAM24409579_719698",1.82658617380375,3.79297436267925,"Inflamed UC","Activated crypt-top fibroblast","P011","Fibroblast"
"SAM24409579_194095",1.63400404337163,3.91073430568767,"Inflamed UC","Activated crypt-top fibroblast","P011","Fibroblast"
"SAM24409579_811914",0.337779926092573,1.80715085060192,"Inflamed UC","LP fibroblast","P011","Fibroblast"
"SAM24409579_347061",1.56498401048893,4.8074601987083,"Inflamed UC","Activated crypt-top fibroblast","P011","Fibroblast"
"SAM24409579_202011",3.33332954529042,-0.53839682548451,"Inflamed UC","Inflammatory fibroblast","P011","Fibroblast"
"SAM24409579_392831",5.73815052393193,-2.90524136035847,"Inflamed UC","Inflammatory fibroblast","P011","Fibroblast"
"SAM24409579_742800",-0.274081779687457,2.06152082473827,"Inflamed UC","Inflammatory fibroblast","P011","Fibroblast"
"SAM24409579_43967",0.658338235647626,2.73727191478801,"Inflamed UC","LP fibroblast","P011","Fibroblast"
"SAM24409579_716484",5.56519143465275,-2.69217668979573,"Inflamed UC","Inflammatory fibroblast","P011","Fibroblast"
"SAM24409579_497830",1.22895471933598,3.97228325397563,"Inflamed UC","Activated crypt-top fibroblast","P011","Fibroblast"
"SAM24409579_41269",3.65367438081021,-3.04132234065938,"Inflamed UC","Inflammatory fibroblast","P011","Fibroblast"
"SAM24409579_217146",1.52591841104741,2.48452986270976,"Inflamed UC","Resting crypt-top fibroblast","P011","Fibroblast"
"SAM24409579_168968",-0.0917168390441461,2.33054448158336,"Inflamed UC","Inflammatory fibroblast","P011","Fibroblast"
"SAM24409579_137395",4.90478705051655,4.72518862278057,"Inflamed UC","Resting crypt-top fibroblast","P011","Fibroblast"
"SAM24409579_205456",2.27038662317509,5.3334668973167,"Inflamed UC","Activated crypt-top fibroblast","P011","Fibroblast"
"SAM24409579_782917",3.54920606497044,-0.747512330703016,"Inflamed UC","Inflammatory fibroblast","P011","Fibroblast"
"SAM24409579_146271",5.73129765871281,-2.22760116069722,"Inflamed UC","Inflammatory fibroblast","P011","Fibroblast"
"SAM24409579_594468",0.324814485342451,3.74055207759929,"Inflamed UC","Activated crypt-top fibroblast","P011","Fibroblast"
"SAM24409579_176394",1.79327385309453,2.6518217423637,"Inflamed UC","Resting crypt-top fibroblast","P011","Fibroblast"
"SAM24409579_826564",0.0979446637939887,-0.925327052764173,"Inflamed UC","LP fibroblast","P011","Fibroblast"
"SAM24409579_716910",-0.265875889031939,-2.26424585788655,"Inflamed UC","LP fibroblast","P011","Fibroblast"
"SAM24409579_653783",-1.15909869786983,0.531749869294886,"Inflamed UC","LP fibroblast","P011","Fibroblast"
"SAM24409579_675675",7.5067226159882,-1.9121659895699,"Inflamed UC","Inflammatory fibroblast","P011","Fibroblast"
"SAM24409579_860520",-5.16647822973018,-3.55445825069356,"Inflamed UC","Crypt-bottom fibroblast","P011","Fibroblast"
"SAM24409579_686482",7.49632255914921,-1.84766422717976,"Inflamed UC","Inflammatory fibroblast","P011","Fibroblast"
"SAM24409579_24782",3.61089293840642,-1.72887383907246,"Inflamed UC","Inflammatory fibroblast","P011","Fibroblast"
"SAM24409579_171302",-0.753027511804156,0.753099928208117,"Inflamed UC","LP fibroblast","P011","Fibroblast"
"SAM24409579_363301",1.96242539766545,4.56727279216838,"Inflamed UC","Activated crypt-top fibroblast","P011","Fibroblast"
"SAM24409579_787385",1.68159024599309,-2.03406917064595,"Inflamed UC","LP fibroblast","P011","Fibroblast"
"SAM24409579_242367",5.73487989786381,-1.80558072536397,"Inflamed UC","Inflammatory fibroblast","P011","Fibroblast"
"SAM24409579_580801",4.96520315292592,-1.5808306834023,"Inflamed UC","Inflammatory fibroblast","P011","Fibroblast"
"SAM24409579_184366",3.51771341446156,-0.789910783461805,"Inflamed UC","Inflammatory fibroblast","P011","Fibroblast"
"SAM24409579_876357",4.39154698136563,-1.9254499575417,"Inflamed UC","Inflammatory fibroblast","P011","Fibroblast"
"SAM24409579_583050",1.5089632737946,2.91492451221538,"Inflamed UC","Resting crypt-top fibroblast","P011","Fibroblast"
"SAM24409579_401950",-2.58039720174556,0.384870300598864,"Inflamed UC","LP fibroblast","P011","Fibroblast"
"SAM24409579_675800",0.214864419729658,-2.15200363605427,"Inflamed UC","LP fibroblast","P011","Fibroblast"
"SAM24409579_448651",5.90768890264744,4.484972129174,"Inflamed UC","Resting crypt-top fibroblast","P011","Fibroblast"
"SAM24409579_856603",5.29524628999943,3.8562449315269,"Inflamed UC","Resting crypt-top fibroblast","P011","Fibroblast"
"SAM24409579_802162",-0.451007438867144,-2.61281906574177,"Inflamed UC","LP fibroblast","P011","Fibroblast"
"SAM24409579_601717",-0.821089340417437,-2.96647106616902,"Inflamed UC","LP fibroblast","P011","Fibroblast"
"SAM24409579_706753",1.36066644075627,3.21170891315532,"Inflamed UC","Activated crypt-top fibroblast","P011","Fibroblast"
"SAM24409579_156264",-5.28769214269405,-3.73468791454243,"Inflamed UC","Crypt-bottom fibroblast","P011","Fibroblast"
"SAM24409579_43159",6.9150387513947,-1.96289335697102,"Inflamed UC","Inflammatory fibroblast","P011","Fibroblast"
"SAM24409579_222744",2.69215993765111,2.51063133270336,"Inflamed UC","Resting crypt-top fibroblast","P011","Fibroblast"
"SAM24409579_824806",1.80667464617009,2.2910446027,"Inflamed UC","Resting crypt-top fibroblast","P011","Fibroblast"
"SAM24409579_496027",2.58613018873448,4.49605072528911,"Inflamed UC","Activated crypt-top fibroblast","P011","Fibroblast"
"SAM24409579_240420",-2.52293975469356,-6.1760603091042,"Inflamed UC","Crypt-bottom fibroblast","P011","Fibroblast"
"SAM24409579_724504",2.33143584612126,6.02351177723003,"Inflamed UC","Activated crypt-top fibroblast","P011","Fibroblast"
"SAM24409579_719934",1.12656633737797,-0.774292816809889,"Inflamed UC","LP fibroblast","P011","Fibroblast"
"SAM24409579_856228",0.738257335455366,-2.35957490413594,"Inflamed UC","LP fibroblast","P011","Fibroblast"
"SAM24409579_676212",2.28904669168706,2.71388686687541,"Inflamed UC","Resting crypt-top fibroblast","P011","Fibroblast"
"SAM24409579_511024",4.13968517068142,-3.8870502611916,"Inflamed UC","Inflammatory fibroblast","P011","Fibroblast"
"SAM24409579_245548",1.94335286501164,3.28483093769145,"Inflamed UC","Resting crypt-top fibroblast","P011","Fibroblast"
"SAM24409579_39750",4.12928919862325,-1.70264564960408,"Inflamed UC","Inflammatory fibroblast","P011","Fibroblast"
"SAM24409579_533043",2.06059353235478,3.43774736911846,"Inflamed UC","Activated crypt-top fibroblast","P011","Fibroblast"
"SAM24409579_291096",1.96835367563481,5.98964394123149,"Inflamed UC","Activated crypt-top fibroblast","P011","Fibroblast"
"SAM24409579_371824",1.54884283426518,2.42846501857829,"Inflamed UC","Resting crypt-top fibroblast","P011","Fibroblast"
"SAM24409579_802751",1.61910478952641,3.66010368854595,"Inflamed UC","Activated crypt-top fibroblast","P011","Fibroblast"
"SAM24409579_385723",4.87444888237233,-1.44670235126423,"Inflamed UC","Inflammatory fibroblast","P011","Fibroblast"
"SAM24409579_858478",5.32141559007878,-1.12834881751942,"Inflamed UC","Inflammatory fibroblast","P011","Fibroblast"
"SAM24409579_333600",2.99810557249302,-0.0232244631569345,"Inflamed UC","Inflammatory fibroblast","P011","Fibroblast"
"SAM24409579_82790",3.53821312072987,2.64801348239971,"Inflamed UC","Resting crypt-top fibroblast","P011","Fibroblast"
"SAM24409579_46999",-2.43113143560176,1.3047951558311,"Inflamed UC","LP fibroblast","P011","Fibroblast"
"SAM24409579_708560",1.94432108286137,4.95963181049419,"Inflamed UC","Activated crypt-top fibroblast","P011","Fibroblast"
"SAM24409579_120080",-1.60329682943111,0.609759377845053,"Inflamed UC","LP fibroblast","P011","Fibroblast"
"SAM24409579_719454",3.07608716371769,1.20338417083812,"Inflamed UC","Resting crypt-top fibroblast","P011","Fibroblast"
"SAM24409579_108254",-0.998498035638384,-2.6616023680489,"Inflamed UC","LP fibroblast","P011","Fibroblast"
"SAM24409579_306093",3.45480440738911,2.93023074657512,"Inflamed UC","Resting crypt-top fibroblast","P011","Fibroblast"
"SAM24409579_488424",2.47559277895207,4.43501747638774,"Inflamed UC","Resting crypt-top fibroblast","P011","Fibroblast"
"SAM24409579_548161",2.26268033865208,5.91790045291973,"Inflamed UC","Activated crypt-top fibroblast","P011","Fibroblast"
"SAM24409579_613047",-5.05438430425411,-5.51572333782124,"Inflamed UC","Crypt-bottom fibroblast","P011","Fibroblast"
"SAM24409579_784256",2.32218747022862,4.98924625904155,"Inflamed UC","Activated crypt-top fibroblast","P011","Fibroblast"
"SAM24409579_386606",5.46294753435368,1.02910501749111,"Inflamed UC","Resting crypt-top fibroblast","P011","Fibroblast"
"SAM24409579_141882",1.73972670915837,3.46837032825542,"Inflamed UC","Activated crypt-top fibroblast","P011","Fibroblast"
"SAM24409579_212255",0.929605172903486,3.49253691227031,"Inflamed UC","Activated crypt-top fibroblast","P011","Fibroblast"
"SAM24409579_156779",2.85835008505101,3.44773424655986,"Inflamed UC","Resting crypt-top fibroblast","P011","Fibroblast"
"SAM24409579_745136",1.04526417139287,4.53178227932048,"Inflamed UC","Activated crypt-top fibroblast","P011","Fibroblast"
"SAM24409579_674444",3.10579972151036,3.68497646839214,"Inflamed UC","Resting crypt-top fibroblast","P011","Fibroblast"
"SAM24409579_463819",2.10609190347905,4.06016195804668,"Inflamed UC","Activated crypt-top fibroblast","P011","Fibroblast"
"SAM24409579_853422",6.14194385889287,-0.0953177115242441,"Inflamed UC","Resting crypt-top fibroblast","P011","Fibroblast"
"SAM24409579_751497",5.55112903002018,-1.65965258090901,"Inflamed UC","Inflammatory fibroblast","P011","Fibroblast"
"SAM24409579_634870",4.66385148647542,-2.39599143474507,"Inflamed UC","Inflammatory fibroblast","P011","Fibroblast"
"SAM24409579_653279",5.25876943948979,4.9567145207603,"Inflamed UC","Resting crypt-top fibroblast","P011","Fibroblast"
"SAM24409579_552764",3.36705587986226,-0.870274533919569,"Inflamed UC","Inflammatory fibroblast","P011","Fibroblast"
"SAM24409579_82773",5.57926945570225,-1.77635609119343,"Inflamed UC","Inflammatory fibroblast","P011","Fibroblast"
"SAM24409579_553169",1.12915484789128,4.42263473064495,"Inflamed UC","Activated crypt-top fibroblast","P011","Fibroblast"
"SAM24409579_285658",3.12610618952031,-0.805099119834181,"Inflamed UC","Inflammatory fibroblast","P011","Fibroblast"
"SAM24409579_304605",-0.790094925134234,1.02513668925357,"Inflamed UC","LP fibroblast","P011","Fibroblast"
"SAM24409579_825738",2.75303439977879,2.67851484806133,"Inflamed UC","Resting crypt-top fibroblast","P011","Fibroblast"
"SAM24409579_767549",-1.22296531316524,2.43080283195568,"Inflamed UC","Inflammatory fibroblast","P011","Fibroblast"
"SAM24409579_54617",-2.82636983510738,-6.11549769847798,"Inflamed UC","Crypt-bottom fibroblast","P011","Fibroblast"
"SAM24409579_104549",2.17441146257634,3.72974647075725,"Inflamed UC","Activated crypt-top fibroblast","P011","Fibroblast"
"SAM24409579_9937",5.29812495592351,-1.29420780151295,"Inflamed UC","Inflammatory fibroblast","P011","Fibroblast"
"SAM24409579_10816",2.26089291456456,5.78059567005229,"Inflamed UC","Activated crypt-top fibroblast","P011","Fibroblast"
"SAM24409579_326288",-4.54039104100948,-5.68600188701558,"Inflamed UC","Crypt-bottom fibroblast","P011","Fibroblast"
"SAM24409579_130380",-1.39062507268672,0.518594118364577,"Inflamed UC","LP fibroblast","P011","Fibroblast"
"SAM24409579_40591",4.03978663864846,-1.97180615871358,"Inflamed UC","Inflammatory fibroblast","P011","Fibroblast"
"SAM24409579_425429",2.46690742853398,3.48357809574199,"Inflamed UC","Activated crypt-top fibroblast","P011","Fibroblast"
"SAM24409579_31209",2.39866499784703,5.81080664188457,"Inflamed UC","Activated crypt-top fibroblast","P011","Fibroblast"
"SAM24409579_619396",5.32594387415165,-1.35286759345936,"Inflamed UC","Inflammatory fibroblast","P011","Fibroblast"
"SAM24409579_277769",3.25051962021107,3.11231125385356,"Inflamed UC","Resting crypt-top fibroblast","P011","Fibroblast"
"SAM24409579_573947",0.217467950613447,2.11167372257305,"Inflamed UC","LP fibroblast","P011","Fibroblast"
"SAM24409579_330899",-2.13827045079952,1.21767766267848,"Inflamed UC","LP fibroblast","P011","Fibroblast"
"SAM24409579_734838",4.68891953113789,-0.854641546897169,"Inflamed UC","Inflammatory fibroblast","P011","Fibroblast"
"SAM24409579_760678",3.23197458866353,3.55384958774639,"Inflamed UC","Resting crypt-top fibroblast","P011","Fibroblast"
"SAM24409579_752940",2.48077111128087,2.80929983646465,"Inflamed UC","Resting crypt-top fibroblast","P011","Fibroblast"
"SAM24409579_546058",2.35629563215489,4.36424792797161,"Inflamed UC","Activated crypt-top fibroblast","P011","Fibroblast"
"SAM24409579_638861",1.97175495508427,5.8447088101585,"Inflamed UC","Activated crypt-top fibroblast","P011","Fibroblast"
"SAM24409579_369029",2.01365010622258,2.36227954418254,"Inflamed UC","Resting crypt-top fibroblast","P011","Fibroblast"
"SAM24409579_773792",4.30968511286492,3.62647760898662,"Inflamed UC","Resting crypt-top fibroblast","P011","Fibroblast"
"SAM24409579_766652",-1.3894491922546,0.695940951414828,"Inflamed UC","LP fibroblast","P011","Fibroblast"
"SAM24409579_10062",-1.85469014760738,1.26908291370464,"Inflamed UC","LP fibroblast","P011","Fibroblast"
"SAM24409579_257778",4.93218796137089,-2.29263960330891,"Inflamed UC","Inflammatory fibroblast","P011","Fibroblast"
"SAM24409579_826411",4.53266646149869,-1.81716262309956,"Inflamed UC","Inflammatory fibroblast","P011","Fibroblast"
"SAM24409579_246397",2.69727187040562,2.17351783306194,"Inflamed UC","Resting crypt-top fibroblast","P011","Fibroblast"
"SAM24409579_756285",2.07223312738652,3.08566010982585,"Inflamed UC","Resting crypt-top fibroblast","P011","Fibroblast"
"SAM24409579_561113",6.09848027113194,-2.30294977634358,"Inflamed UC","Inflammatory fibroblast","P011","Fibroblast"
"SAM24409579_744750",1.3011094796967,1.75730849296642,"Inflamed UC","Resting crypt-top fibroblast","P011","Fibroblast"
"SAM24409579_400176",0.142011092932172,-0.531459440879102,"Inflamed UC","LP fibroblast","P011","Fibroblast"
"SAM24409579_544578",2.40661804559941,1.77984000236583,"Inflamed UC","Resting crypt-top fibroblast","P011","Fibroblast"
"SAM24409579_369966",4.51226599696393,-2.3172522684853,"Inflamed UC","Inflammatory fibroblast","P011","Fibroblast"
"SAM24409579_729057",2.46109216097111,2.21147025615764,"Inflamed UC","Resting crypt-top fibroblast","P011","Fibroblast"
"SAM24409579_560331",0.911311315329023,3.46496404201579,"Inflamed UC","Activated crypt-top fibroblast","P011","Fibroblast"
"SAM24409579_801039",-1.68388135549312,1.12817944080425,"Inflamed UC","LP fibroblast","P011","Fibroblast"
"SAM24409579_168435",2.93415288809056,2.83033169300151,"Inflamed UC","Resting crypt-top fibroblast","P011","Fibroblast"
"SAM24409579_293260",1.39405910852665,-1.2071745297234,"Inflamed UC","LP fibroblast","P011","Fibroblast"
"SAM24409579_309235",-2.83453185674434,-5.97636090724873,"Inflamed UC","Crypt-bottom fibroblast","P011","Fibroblast"
"SAM24409579_630989",0.458991693289228,-2.32174812763142,"Inflamed UC","LP fibroblast","P011","Fibroblast"
"SAM24409579_770077",1.6700014341187,3.26084030658794,"Inflamed UC","Resting crypt-top fibroblast","P011","Fibroblast"
"SAM24409579_291849",-2.25971849080806,0.576368714280848,"Inflamed UC","LP fibroblast","P011","Fibroblast"
"SAM24409579_322068",2.11746399286503,5.68661678821636,"Inflamed UC","Activated crypt-top fibroblast","P011","Fibroblast"
"SAM24409579_299002",3.20087032202,1.89962256939006,"Inflamed UC","Resting crypt-top fibroblast","P011","Fibroblast"
"SAM24409579_738071",3.92318606558556,2.98818148166728,"Inflamed UC","Resting crypt-top fibroblast","P011","Fibroblast"
"SAM24409579_266843",1.79771821382756,-0.710191597632643,"Inflamed UC","LP fibroblast","P011","Fibroblast"
"SAM24409579_731688",2.36689953687901,5.14207018405986,"Inflamed UC","Activated crypt-top fibroblast","P011","Fibroblast"
"SAM24409579_296919",3.26908771875615,-0.598700513533827,"Inflamed UC","Inflammatory fibroblast","P011","Fibroblast"
"SAM24409579_670091",3.96958081606144,-0.861449470214124,"Inflamed UC","Inflammatory fibroblast","P011","Fibroblast"
"SAM24409579_579279",-1.24877746221309,2.35960889846874,"Inflamed UC","Inflammatory fibroblast","P011","Fibroblast"
"SAM24409579_853424",3.66610734346623,-3.03096305339741,"Inflamed UC","Inflammatory fibroblast","P011","Fibroblast"
"SAM24409579_389373",1.43642322901005,4.99873817951274,"Inflamed UC","Activated crypt-top fibroblast","P011","Fibroblast"
"SAM24409579_866627",2.88556747320408,1.98415900260997,"Inflamed UC","Resting crypt-top fibroblast","P011","Fibroblast"
"SAM24409579_182671",2.75545947435612,3.19349015743328,"Inflamed UC","Resting crypt-top fibroblast","P011","Fibroblast"
"SAM24409579_147919",3.14291040781254,1.79442275554729,"Inflamed UC","Resting crypt-top fibroblast","P011","Fibroblast"
"SAM24409579_636313",4.86362563255543,-1.7715090414803,"Inflamed UC","Inflammatory fibroblast","P011","Fibroblast"
"SAM24409579_103081",3.44722382906193,-0.820045938185926,"Inflamed UC","Inflammatory fibroblast","P011","Fibroblast"
"SAM24409579_157575",4.54502545479054,-1.32655905692982,"Inflamed UC","Inflammatory fibroblast","P011","Fibroblast"
"SAM24409579_568798",2.09056489351506,4.70812262088848,"Inflamed UC","Activated crypt-top fibroblast","P011","Fibroblast"
"SAM24409579_521002",0.898879932196088,-2.49532829730916,"Inflamed UC","LP fibroblast","P011","Fibroblast"
"SAM24409579_316505",1.12824623468632,-2.31753694026875,"Inflamed UC","LP fibroblast","P011","Fibroblast"
"SAM24409579_802278",1.82197277429814,2.35272372753215,"Inflamed UC","Resting crypt-top fibroblast","P011","Fibroblast"
"SAM24409579_692490",4.09858584772164,2.51513768226695,"Inflamed UC","Resting crypt-top fibroblast","P011","Fibroblast"
"SAM24409579_302985",2.67548696878666,2.54532564670635,"Inflamed UC","Resting crypt-top fibroblast","P011","Fibroblast"
"SAM24409579_549075",3.39338378790135,0.214454332895998,"Inflamed UC","Resting crypt-top fibroblast","P011","Fibroblast"
"SAM24409579_86078",1.20719282510991,1.44048012287212,"Inflamed UC","Resting crypt-top fibroblast","P011","Fibroblast"
"SAM24409579_704269",3.37321554306263,-0.825964679412122,"Inflamed UC","Inflammatory fibroblast","P011","Fibroblast"
"SAM24409579_654042",4.03154097679371,2.39840591938091,"Inflamed UC","Resting crypt-top fibroblast","P011","Fibroblast"
"SAM24409579_261534",2.21067469003911,6.20492352039409,"Inflamed UC","Activated crypt-top fibroblast","P011","Fibroblast"
"SAM24409579_28543",2.73312847498173,3.39347995311809,"Inflamed UC","Resting crypt-top fibroblast","P011","Fibroblast"
"SAM24409579_167998",3.58608977678532,3.80767310649944,"Inflamed UC","Resting crypt-top fibroblast","P011","Fibroblast"
"SAM24409579_30236",3.30199639681096,-0.631715645484205,"Inflamed UC","Inflammatory fibroblast","P011","Fibroblast"
"SAM24409579_552521",-0.834107471673541,-1.55903684108662,"Inflamed UC","LP fibroblast","P011","Fibroblast"
"SAM24409579_56952",-2.88199288961177,-5.8735757967751,"Inflamed UC","Crypt-bottom fibroblast","P011","Fibroblast"
"SAM24409579_295856",3.35187445762867,-0.811855783156629,"Inflamed UC","Inflammatory fibroblast","P011","Fibroblast"
"SAM24409579_128723",-1.67886026021724,2.18286098033977,"Inflamed UC","Inflammatory fibroblast","P011","Fibroblast"
"SAM24409579_792818",1.50922696474309,3.44295180828166,"Inflamed UC","Activated crypt-top fibroblast","P011","Fibroblast"
"SAM24409579_386935",3.61208670023198,2.69052852184368,"Inflamed UC","Resting crypt-top fibroblast","P011","Fibroblast"
"SAM24409579_631286",7.52239386919255,-1.85972153156209,"Inflamed UC","Inflammatory fibroblast","P011","Fibroblast"
"SAM24409579_483876",4.53296585562939,4.70142115146709,"Inflamed UC","Resting crypt-top fibroblast","P011","Fibroblast"
"SAM24409579_648475",4.07052440750713,3.59698856861186,"Inflamed UC","Resting crypt-top fibroblast","P011","Fibroblast"
"SAM24409579_687281",3.62761186245198,2.37859023601604,"Inflamed UC","Resting crypt-top fibroblast","P011","Fibroblast"
"SAM24409579_570114",1.34645073297734,-0.580351342849012,"Inflamed UC","LP fibroblast","P011","Fibroblast"
"SAM24409579_104188",1.3873333204102,-1.09888481109547,"Inflamed UC","LP fibroblast","P011","Fibroblast"
"SAM24409579_158934",2.09376113298649,4.03044928104473,"Inflamed UC","Resting crypt-top fibroblast","P011","Fibroblast"
"SAM24409579_795656",-0.926113201348834,1.11060232908321,"Inflamed UC","LP fibroblast","P011","Fibroblast"
"SAM24409579_192234",3.79793460849042,2.47771013767314,"Inflamed UC","Resting crypt-top fibroblast","P011","Fibroblast"
"SAM24409579_346878",-0.232995105950884,2.20235360652996,"Inflamed UC","Inflammatory fibroblast","P011","Fibroblast"
"SAM24409579_145840",3.64988367441411,1.80012775451732,"Inflamed UC","Resting crypt-top fibroblast","P011","Fibroblast"
"SAM24409579_238452",3.48021935108418,-0.747437467269178,"Inflamed UC","Inflammatory fibroblast","P011","Fibroblast"
"SAM24409579_95997",-0.943286491601519,0.894405702658419,"Inflamed UC","LP fibroblast","P011","Fibroblast"
"SAM24409579_596366",2.44783203485722,3.72418798000408,"Inflamed UC","Activated crypt-top fibroblast","P011","Fibroblast"
"SAM24409579_858654",2.63686172846074,1.81984687835765,"Inflamed UC","Resting crypt-top fibroblast","P011","Fibroblast"
"SAM24409579_56151",5.32836143854374,-1.33883081882405,"Inflamed UC","Inflammatory fibroblast","P011","Fibroblast"
"SAM24409579_863834",2.79448144319768,3.4003499844749,"Inflamed UC","Resting crypt-top fibroblast","P011","Fibroblast"
"SAM24409579_11651",3.62016047719235,2.22139073402477,"Inflamed UC","Resting crypt-top fibroblast","P011","Fibroblast"
"SAM24409579_24536",3.05472104433293,-2.72647153346943,"Inflamed UC","LP fibroblast","P011","Fibroblast"
"SAM24409579_560277",1.68163792970891,-0.296360006026502,"Inflamed UC","LP fibroblast","P011","Fibroblast"
"SAM24409579_798467",5.81286554220433,-2.69620524852681,"Inflamed UC","Inflammatory fibroblast","P011","Fibroblast"
"SAM24409579_424201",5.38092927816624,-1.53076325862813,"Inflamed UC","Inflammatory fibroblast","P011","Fibroblast"
"SAM24409579_614169",5.17307965639348,-1.34669553249287,"Inflamed UC","Inflammatory fibroblast","P011","Fibroblast"
"SAM24409579_512623",2.73665468576664,4.37747586757732,"Inflamed UC","Resting crypt-top fibroblast","P011","Fibroblast"
"SAM24409579_181453",3.07851414564366,3.28825343639446,"Inflamed UC","Resting crypt-top fibroblast","P011","Fibroblast"
"SAM24409579_219872",3.74761946681256,2.47174442798686,"Inflamed UC","Resting crypt-top fibroblast","P011","Fibroblast"
"SAM24409579_319719",3.65267367842907,2.0209771493156,"Inflamed UC","Resting crypt-top fibroblast","P011","Fibroblast"
"SAM24409579_826565",0.716812537939497,-0.318978538207288,"Inflamed UC","LP fibroblast","P011","Fibroblast"
"SAM24409579_413885",1.65267269495244,0.524434770055537,"Inflamed UC","LP fibroblast","P011","Fibroblast"
"SAM24409579_541914",3.61926321867222,3.4558132985313,"Inflamed UC","Resting crypt-top fibroblast","P011","Fibroblast"
"SAM24409579_799814",4.7230403888535,-1.29590081184315,"Inflamed UC","Inflammatory fibroblast","P011","Fibroblast"
"SAM24409579_488404",1.98483769777531,-0.587889542273756,"Inflamed UC","LP fibroblast","P011","Fibroblast"
"SAM24409579_781957",4.866144465239,-1.05103217571187,"Inflamed UC","Inflammatory fibroblast","P011","Fibroblast"
"SAM24409579_442321",4.22813903722281,-1.95283638446736,"Inflamed UC","Inflammatory fibroblast","P011","Fibroblast"
"SAM24409579_557514",3.60322760227437,2.14900077373577,"Inflamed UC","Resting crypt-top fibroblast","P011","Fibroblast"
"SAM24409579_578461",4.66185979727025,-0.434434880904432,"Inflamed UC","Inflammatory fibroblast","P011","Fibroblast"
"SAM24409579_21542",2.03334133508915,3.41097820789409,"Inflamed UC","Activated crypt-top fibroblast","P011","Fibroblast"
"SAM24409579_51640",-1.28951413747554,0.890292475529436,"Inflamed UC","LP fibroblast","P011","Fibroblast"
"SAM24409579_744910",2.81255285623784,1.71614266426158,"Inflamed UC","Resting crypt-top fibroblast","P011","Fibroblast"
"SAM24409579_589207",3.51208959701771,0.566907676466231,"Inflamed UC","Resting crypt-top fibroblast","P011","Fibroblast"
"SAM24409579_357078",-4.58176143285518,-4.7734461924355,"Inflamed UC","Crypt-bottom fibroblast","P011","Fibroblast"
"SAM24409579_667079",4.00748437079901,0.045383701630358,"Inflamed UC","Inflammatory fibroblast","P011","Fibroblast"
"SAM24409579_671706",4.03199661705012,2.32692814857555,"Inflamed UC","Resting crypt-top fibroblast","P011","Fibroblast"
"SAM24409579_33079",3.27409868124241,4.05387915165019,"Inflamed UC","Resting crypt-top fibroblast","P011","Fibroblast"
"SAM24409579_688067",2.59647123697514,3.5638934472282,"Inflamed UC","Activated crypt-top fibroblast","P011","Fibroblast"
"SAM24409579_92254",3.64554338339085,-3.32700573413777,"Inflamed UC","Inflammatory fibroblast","P011","Fibroblast"
"SAM24409579_564308",4.74769334676976,-0.876414408377882,"Inflamed UC","Inflammatory fibroblast","P011","Fibroblast"
"SAM24409579_44364",3.47765664938206,1.7340742448051,"Inflamed UC","Resting crypt-top fibroblast","P011","Fibroblast"
"SAM24409579_366429",1.93158810022587,5.94242800266338,"Inflamed UC","Activated crypt-top fibroblast","P011","Fibroblast"
"SAM24409579_147881",1.49392573717351,5.40755642444683,"Inflamed UC","Activated crypt-top fibroblast","P011","Fibroblast"
"SAM24409579_339004",3.29522232893223,2.71085990459514,"Inflamed UC","Resting crypt-top fibroblast","P011","Fibroblast"
"SAM24409579_132044",4.00478504034991,2.28723085910869,"Inflamed UC","Resting crypt-top fibroblast","P011","Fibroblast"
"SAM24409579_351776",2.71522240522618,4.46914900333477,"Inflamed UC","Resting crypt-top fibroblast","P011","Fibroblast"
"SAM24409579_343757",3.21773009184117,3.05192841083599,"Inflamed UC","Resting crypt-top fibroblast","P011","Fibroblast"
"SAM24409579_790717",3.47676842096562,-1.18531655280995,"Inflamed UC","Inflammatory fibroblast","P011","Fibroblast"
"SAM24409579_547657",-1.31848771688228,1.13068179280353,"Inflamed UC","LP fibroblast","P011","Fibroblast"
"SAM24409579_509046",-4.41486747380977,-5.36245738475728,"Inflamed UC","Crypt-bottom fibroblast","P011","Fibroblast"
"SAM24409579_375247",5.10281525734181,-1.74291359394002,"Inflamed UC","Inflammatory fibroblast","P011","Fibroblast"
"SAM24409579_549933",4.74002473238225,-0.533746232680555,"Inflamed UC","Inflammatory fibroblast","P011","Fibroblast"
"SAM24409579_521674",3.28309594276661,4.35702360660625,"Inflamed UC","Resting crypt-top fibroblast","P011","Fibroblast"
"SAM24409579_331042",3.03461735132451,3.30524791271282,"Inflamed UC","Resting crypt-top fibroblast","P011","Fibroblast"
"SAM24409579_424955",2.1503115165543,1.29409487039638,"Inflamed UC","Resting crypt-top fibroblast","P011","Fibroblast"
"SAM24409579_219392",4.91220449093098,3.90993417293621,"Inflamed UC","Resting crypt-top fibroblast","P011","Fibroblast"
"SAM24409579_452320",3.99633804890627,-0.678818096808668,"Inflamed UC","Inflammatory fibroblast","P011","Fibroblast"
"SAM24409579_643117",4.66751621845479,-1.52804385631489,"Inflamed UC","Inflammatory fibroblast","P011","Fibroblast"
"SAM24409579_256594",4.60031666043515,-1.4127751490395,"Inflamed UC","Inflammatory fibroblast","P011","Fibroblast"
"SAM24409579_856806",5.76173870447392,-2.42453848331379,"Inflamed UC","Inflammatory fibroblast","P011","Fibroblast"
"SAM24409579_661027",-1.64980752584224,1.20040393859935,"Inflamed UC","LP fibroblast","P011","Fibroblast"
"SAM24409579_72212",2.72191874864811,5.58113420993877,"Inflamed UC","Activated crypt-top fibroblast","P011","Fibroblast"
"SAM24409579_379052",2.63493137243504,4.21367133647991,"Inflamed UC","Activated crypt-top fibroblast","P011","Fibroblast"
"SAM24409579_115888",3.63874517563099,-0.61278020351338,"Inflamed UC","Inflammatory fibroblast","P011","Fibroblast"
"SAM24409579_309052",4.50258310321087,-1.68635212390828,"Inflamed UC","Inflammatory fibroblast","P011","Fibroblast"
"SAM24409579_61916",3.4461746681046,2.02900339157176,"Inflamed UC","Resting crypt-top fibroblast","P011","Fibroblast"
"SAM24409579_439929",2.31996791246647,4.47427691013408,"Inflamed UC","Activated crypt-top fibroblast","P011","Fibroblast"
"SAM24409579_865823",4.01836565318818,2.31137920410228,"Inflamed UC","Resting crypt-top fibroblast","P011","Fibroblast"
"SAM24409579_142348",-2.9267650377441,1.4656416276176,"Inflamed UC","LP fibroblast","P011","Fibroblast"
"SAM24409579_522951",4.74227260235066,-1.23024903743672,"Inflamed UC","Inflammatory fibroblast","P011","Fibroblast"
"SAM24409579_853261",2.97982053640599,4.73541725666118,"Inflamed UC","Activated crypt-top fibroblast","P011","Fibroblast"
"SAM24409579_455846",4.64296202543492,-1.93794857471394,"Inflamed UC","Inflammatory fibroblast","P011","Fibroblast"
"SAM24409579_759578",2.23670487287755,2.95131982357097,"Inflamed UC","Activated crypt-top fibroblast","P011","Fibroblast"
"SAM24409579_753546",4.51897560241932,-1.49140035121846,"Inflamed UC","Inflammatory fibroblast","P011","Fibroblast"
"SAM24409579_62673",-4.62313754674678,-4.46192752330708,"Inflamed UC","Crypt-bottom fibroblast","P011","Fibroblast"
"SAM24409579_9482",2.51206283453221,2.0109936097343,"Inflamed UC","Resting crypt-top fibroblast","P011","Fibroblast"
"SAM24409579_643011",3.70821394208188,3.08084143192363,"Inflamed UC","Resting crypt-top fibroblast","P011","Fibroblast"
"SAM24409579_243755",-4.73166282293086,-5.31420670955586,"Inflamed UC","Crypt-bottom fibroblast","P011","Fibroblast"
"SAM24409579_883495",4.15341386380906,2.32773686439586,"Inflamed UC","Resting crypt-top fibroblast","P011","Fibroblast"
"SAM24409579_441295",1.98262827280278,3.26229179889751,"Inflamed UC","Activated crypt-top fibroblast","P011","Fibroblast"
"SAM24409579_610509",2.87508027437443,3.49104131252361,"Inflamed UC","Activated crypt-top fibroblast","P011","Fibroblast"
"SAM24409579_349946",4.46347628715748,-0.00548415391850066,"Inflamed UC","Inflammatory fibroblast","P011","Fibroblast"
"SAM24409579_94821",2.61636547926182,6.11255348712993,"Inflamed UC","Activated crypt-top fibroblast","P011","Fibroblast"
"SAM24409579_159393",3.2954308855843,4.66732681781841,"Inflamed UC","Activated crypt-top fibroblast","P011","Fibroblast"
"SAM24409579_313787",3.92374505284543,1.63165147096706,"Inflamed UC","Resting crypt-top fibroblast","P011","Fibroblast"
"SAM24409579_196733",1.42704336527104,4.61685408145977,"Inflamed UC","Activated crypt-top fibroblast","P011","Fibroblast"
"SAM24409579_317663",1.94678227785344,0.260293582983736,"Inflamed UC","Inflammatory fibroblast","P011","Fibroblast"
"SAM24409579_733054",3.20539342048878,3.82475293666912,"Inflamed UC","Resting crypt-top fibroblast","P011","Fibroblast"
"SAM24409579_239080",5.35682098749394,-1.79940115421223,"Inflamed UC","Inflammatory fibroblast","P011","Fibroblast"
"SAM24409579_599021",-1.44442851659542,1.40908254177165,"Inflamed UC","LP fibroblast","P011","Fibroblast"
"SAM24409579_393170",2.63101570490117,3.21773875743938,"Inflamed UC","Resting crypt-top fibroblast","P011","Fibroblast"
"SAM24409579_266080",-1.23216588613277,1.14537150652004,"Inflamed UC","LP fibroblast","P011","Fibroblast"
"SAM24409579_538752",4.26835841122384,2.17832363636089,"Inflamed UC","Resting crypt-top fibroblast","P011","Fibroblast"
"SAM24409579_409274",2.92850010278935,4.09966600925518,"Inflamed UC","Resting crypt-top fibroblast","P011","Fibroblast"
"SAM24409579_682193",2.96246604803319,2.62056661636424,"Inflamed UC","Resting crypt-top fibroblast","P011","Fibroblast"
"SAM24409579_7509",2.82802312258,2.23673463852001,"Inflamed UC","Resting crypt-top fibroblast","P011","Fibroblast"
"SAM24409579_100433",4.33340652468915,4.4756833413322,"Inflamed UC","Resting crypt-top fibroblast","P011","Fibroblast"
"SAM24409579_751286",3.42318795803303,2.18930460006786,"Inflamed UC","Resting crypt-top fibroblast","P011","Fibroblast"
"SAM24409579_150645",4.93416981580967,-1.48233424632954,"Inflamed UC","Inflammatory fibroblast","P011","Fibroblast"
"SAM24409579_161771",3.36383532169575,3.75481785327983,"Inflamed UC","Resting crypt-top fibroblast","P011","Fibroblast"
"SAM24409579_480608",1.4290653932404,0.382630030222658,"Inflamed UC","LP fibroblast","P011","Fibroblast"
"SAM24409579_581043",4.9586486089539,-1.30629204719472,"Inflamed UC","Inflammatory fibroblast","P011","Fibroblast"
"SAM24409579_375614",1.91073839548344,1.11110107094837,"Inflamed UC","Resting crypt-top fibroblast","P011","Fibroblast"
"SAM24409579_800627",4.81572310808415,-0.692782988242384,"Inflamed UC","Inflammatory fibroblast","P011","Fibroblast"
"SAM24409579_821910",-0.801357341973834,2.09634865314556,"Inflamed UC","Inflammatory fibroblast","P011","Fibroblast"
"SAM24409579_214195",4.62332700374836,-1.021908273391,"Inflamed UC","Inflammatory fibroblast","P011","Fibroblast"
"SAM24409579_884067",2.67215149286503,6.01630486042095,"Inflamed UC","Activated crypt-top fibroblast","P011","Fibroblast"
"SAM24409579_822706",1.35266201380009,1.66631568462444,"Inflamed UC","Resting crypt-top fibroblast","P011","Fibroblast"
"SAM24409579_747216",3.34687327030415,2.91111100704265,"Inflamed UC","Resting crypt-top fibroblast","P011","Fibroblast"
"SAM24409579_160122",5.9046046006989,-0.453251352004286,"Inflamed UC","Resting crypt-top fibroblast","P011","Fibroblast"
"SAM24409579_557658",3.07630102518315,2.92302740604473,"Inflamed UC","Resting crypt-top fibroblast","P011","Fibroblast"
"SAM24409579_602799",4.71021817806477,-1.11421536415028,"Inflamed UC","Inflammatory fibroblast","P011","Fibroblast"
"SAM24409579_289065",4.82380525949711,-0.783447971038099,"Inflamed UC","Inflammatory fibroblast","P011","Fibroblast"
"SAM24409579_83709",5.10255973222966,-1.56339203327107,"Inflamed UC","Inflammatory fibroblast","P011","Fibroblast"
"SAM24409579_757244",5.06740854862446,-1.78215514629292,"Inflamed UC","Inflammatory fibroblast","P011","Fibroblast"
"SAM24409579_841743",3.31565551641697,2.49563838035655,"Inflamed UC","Resting crypt-top fibroblast","P011","Fibroblast"
"SAM24409579_774812",4.98525373819584,-0.88169049232411,"Inflamed UC","Inflammatory fibroblast","P011","Fibroblast"
"SAM24409579_757770",3.06464640978093,2.89839328319621,"Inflamed UC","Resting crypt-top fibroblast","P011","Fibroblast"
"SAM24409579_597176",3.9877662378859,3.29098046810222,"Inflamed UC","Resting crypt-top fibroblast","P011","Fibroblast"
"SAM24409579_723791",4.00767656597609,4.73042667896343,"Inflamed UC","Resting crypt-top fibroblast","P011","Fibroblast"
"SAM24409579_186525",4.44676207187886,4.00330723316265,"Inflamed UC","Resting crypt-top fibroblast","P011","Fibroblast"
"SAM24409579_687205",3.54070584657902,2.78474272281719,"Inflamed UC","Resting crypt-top fibroblast","P011","Fibroblast"
"SAM24409579_73610",1.53150193575139,-0.0276800891678293,"Inflamed UC","LP fibroblast","P011","Fibroblast"
"SAM24409579_249414",-3.36988074895626,-3.74146424739766,"Inflamed UC","LP fibroblast","P011","Fibroblast"
"SAM24409579_185051",2.15008525732274,0.313761244126086,"Inflamed UC","Inflammatory fibroblast","P011","Fibroblast"
"SAM24409579_506772",2.79184715631718,2.39427257568431,"Inflamed UC","Resting crypt-top fibroblast","P011","Fibroblast"
"SAM24409579_325974",3.15899984720463,3.0539954999168,"Inflamed UC","Resting crypt-top fibroblast","P011","Fibroblast"
"SAM24409579_760936",5.06279371860737,-1.61318623035359,"Inflamed UC","Inflammatory fibroblast","P011","Fibroblast"
"SAM24409579_323696",5.92638592603917,-2.01941262691426,"Inflamed UC","Inflammatory fibroblast","P011","Fibroblast"
"SAM24409579_603884",5.67550032022709,-1.46938477962422,"Inflamed UC","Inflammatory fibroblast","P011","Fibroblast"
"SAM24409579_101640",4.03699768516535,2.29375625640941,"Inflamed UC","Resting crypt-top fibroblast","P011","Fibroblast"
"SAM24409579_434066",1.50716440561528,5.34680689365459,"Inflamed UC","Activated crypt-top fibroblast","P011","Fibroblast"
"SAM24409579_12249",1.09440915468449,0.102758059807543,"Inflamed UC","LP fibroblast","P011","Fibroblast"
"SAM24409579_361052",3.32987629059071,2.83955825359416,"Inflamed UC","Resting crypt-top fibroblast","P011","Fibroblast"
"SAM24409579_292430",3.37327890280003,3.37190021068645,"Inflamed UC","Resting crypt-top fibroblast","P011","Fibroblast"
"SAM24409579_619397",4.77872930649037,-1.02697228401112,"Inflamed UC","Inflammatory fibroblast","P011","Fibroblast"
"SAM24409579_761180",4.75071118953938,-1.16380428283619,"Inflamed UC","Inflammatory fibroblast","P011","Fibroblast"
"SAM24409579_488448",4.52000679257626,-0.462764849356886,"Inflamed UC","Inflammatory fibroblast","P011","Fibroblast"
"SAM24410862_243414",-2.43764312383419,-4.10856353252339,"Uninflamed UC","Resting crypt-top fibroblast","P013","Fibroblast"
"SAM24410862_842496",1.37478225115056,3.28005875141216,"Uninflamed UC","Activated crypt-top fibroblast","P013","Fibroblast"
"SAM24410862_746495",-2.15788323995357,-1.75768267124104,"Uninflamed UC","LP fibroblast","P013","Fibroblast"
"SAM24410862_775195",-0.498050285546832,-1.03396498172688,"Uninflamed UC","LP fibroblast","P013","Fibroblast"
"SAM24410862_75830",-1.00493199941402,-0.566336979560133,"Uninflamed UC","LP fibroblast","P013","Fibroblast"
"SAM24410862_251655",0.676303790838666,3.67631495983196,"Uninflamed UC","Activated crypt-top fibroblast","P013","Fibroblast"
"SAM24410862_53781",-4.59455306646114,-1.41030775516438,"Uninflamed UC","LP fibroblast","P013","Fibroblast"
"SAM24410862_705305",-3.30226047155147,-1.67806540935444,"Uninflamed UC","LP fibroblast","P013","Fibroblast"
"SAM24410862_514156",-2.80233342763668,-5.96813212840962,"Uninflamed UC","Crypt-bottom fibroblast","P013","Fibroblast"
"SAM24410862_714294",-2.78760202047115,-5.59949265926289,"Uninflamed UC","Crypt-bottom fibroblast","P013","Fibroblast"
"SAM24410862_162826",-1.24525172826534,-1.41275488346028,"Uninflamed UC","LP fibroblast","P013","Fibroblast"
"SAM24410862_107278",3.04533152464146,4.55123771221233,"Uninflamed UC","Resting crypt-top fibroblast","P013","Fibroblast"
"SAM24410862_629859",-3.00510175344234,-1.30955802410054,"Uninflamed UC","LP fibroblast","P013","Fibroblast"
"SAM24410862_683913",-2.24640662786251,-1.37081085651326,"Uninflamed UC","LP fibroblast","P013","Fibroblast"
"SAM24410862_418865",-2.84440095540767,-2.86626445262837,"Uninflamed UC","LP fibroblast","P013","Fibroblast"
"SAM24410862_661913",-3.32696635839229,-3.68359576671528,"Uninflamed UC","LP fibroblast","P013","Fibroblast"
"SAM24410862_274453",5.11525748852009,4.37884534389568,"Uninflamed UC","Resting crypt-top fibroblast","P013","Fibroblast"
"SAM24410862_149458",-4.44516093847042,-2.13850199191975,"Uninflamed UC","LP fibroblast","P013","Fibroblast"
"SAM24410862_260226",-1.75147779104,-2.02441417186665,"Uninflamed UC","LP fibroblast","P013","Fibroblast"
"SAM24410862_51275",2.54771976354832,2.34122527629924,"Uninflamed UC","Resting crypt-top fibroblast","P013","Fibroblast"
"SAM24410862_629896",-1.73425586339717,-0.919586410216566,"Uninflamed UC","LP fibroblast","P013","Fibroblast"
"SAM24410862_422424",-0.72624261495357,-0.270725717238661,"Uninflamed UC","LP fibroblast","P013","Fibroblast"
"SAM24410862_409483",-3.19460494634395,-1.7102879187386,"Uninflamed UC","LP fibroblast","P013","Fibroblast"
"SAM24410862_472803",-4.07538135167842,0.160018990345721,"Uninflamed UC","LP fibroblast","P013","Fibroblast"
"SAM24410862_728283",-4.48231132146602,-4.05769359081196,"Uninflamed UC","Crypt-bottom fibroblast","P013","Fibroblast"
"SAM24410862_638032",-4.57270438787227,-3.83498918025899,"Uninflamed UC","Crypt-bottom fibroblast","P013","Fibroblast"
"SAM24410862_541427",0.602234052450605,3.69161881000591,"Uninflamed UC","Activated crypt-top fibroblast","P013","Fibroblast"
"SAM24410862_19438",-2.72692258474117,-2.48560773342061,"Uninflamed UC","LP fibroblast","P013","Fibroblast"
"SAM24410862_715665",-2.20004708883052,-0.429763068846937,"Uninflamed UC","LP fibroblast","P013","Fibroblast"
"SAM24410862_828845",-2.84214694616085,-2.79787694423604,"Uninflamed UC","LP fibroblast","P013","Fibroblast"
"SAM24410862_98084",0.775871681005903,4.68135489017559,"Uninflamed UC","Activated crypt-top fibroblast","P013","Fibroblast"
"SAM24410862_71113",-4.66447169896846,-1.51736699550557,"Uninflamed UC","LP fibroblast","P013","Fibroblast"
"SAM24410862_652661",-4.35951717015987,-4.51744853465962,"Uninflamed UC","Crypt-bottom fibroblast","P013","Fibroblast"
"SAM24410862_680838",0.713543819220014,4.30189026386333,"Uninflamed UC","Activated crypt-top fibroblast","P013","Fibroblast"
"SAM24410862_361450",4.15892354953403,-4.02080928295064,"Uninflamed UC","Inflammatory fibroblast","P013","Fibroblast"
"SAM24410862_402171",-0.0083318483520074,-0.134977926902052,"Uninflamed UC","LP fibroblast","P013","Fibroblast"
"SAM24410862_516414",-3.71613938924556,0.539473081537012,"Uninflamed UC","LP fibroblast","P013","Fibroblast"
"SAM24410862_406035",-4.08247954961544,-0.743835677794691,"Uninflamed UC","LP fibroblast","P013","Fibroblast"
"SAM24410862_410518",4.87813513162846,4.40052045375896,"Uninflamed UC","Resting crypt-top fibroblast","P013","Fibroblast"
"SAM24410862_252780",-2.64472253438716,-0.068966736487623,"Uninflamed UC","LP fibroblast","P013","Fibroblast"
"SAM24410862_158719",-2.93567187902217,-2.6315480372231,"Uninflamed UC","LP fibroblast","P013","Fibroblast"
"SAM24410862_755016",0.118519710333295,-0.478581299475904,"Uninflamed UC","LP fibroblast","P013","Fibroblast"
"SAM24410862_437565",-2.98396976110225,0.0974875190932791,"Uninflamed UC","LP fibroblast","P013","Fibroblast"
"SAM24410862_20662",-3.71967418309932,-0.488947024039503,"Uninflamed UC","LP fibroblast","P013","Fibroblast"
"SAM24410862_502856",5.22040002229924,3.94369805843425,"Uninflamed UC","Resting crypt-top fibroblast","P013","Fibroblast"
"SAM24410862_403226",-0.0752292406249566,-1.13548015563893,"Uninflamed UC","LP fibroblast","P013","Fibroblast"
"SAM24410862_649652",2.6569182145905,1.60644961387706,"Uninflamed UC","Resting crypt-top fibroblast","P013","Fibroblast"
"SAM24410862_727900",-1.73674113866573,-1.34623896091389,"Uninflamed UC","LP fibroblast","P013","Fibroblast"
"SAM24410862_807793",0.224162982733198,-0.673923363379713,"Uninflamed UC","LP fibroblast","P013","Fibroblast"
"SAM24410862_288513",-4.37723357793575,-4.59815227001118,"Uninflamed UC","Crypt-bottom fibroblast","P013","Fibroblast"
"SAM24410862_34771",-3.76682193395381,-1.57323442905354,"Uninflamed UC","LP fibroblast","P013","Fibroblast"
"SAM24410862_218175",-2.51222283956294,-0.766858925513502,"Uninflamed UC","LP fibroblast","P013","Fibroblast"
"SAM24410862_666251",-2.46992547628169,-1.47314630954671,"Uninflamed UC","LP fibroblast","P013","Fibroblast"
"SAM24410862_435289",1.45568363550419,3.52797974140239,"Uninflamed UC","Activated crypt-top fibroblast","P013","Fibroblast"
"SAM24410862_66659",-0.13570363637691,-1.20375501125264,"Uninflamed UC","LP fibroblast","P013","Fibroblast"
"SAM24410862_520667",-3.31369264241939,-1.2951941391747,"Uninflamed UC","LP fibroblast","P013","Fibroblast"
"SAM24410862_318198",1.09558718088383,5.18100393802715,"Uninflamed UC","Activated crypt-top fibroblast","P013","Fibroblast"
"SAM24410862_117633",-2.37662418004756,-1.56161939113545,"Uninflamed UC","LP fibroblast","P013","Fibroblast"
"SAM24410862_530955",-5.00027282354122,-4.46767198055195,"Uninflamed UC","Crypt-bottom fibroblast","P013","Fibroblast"
"SAM24410862_280411",-1.47608287450557,-1.80460177867817,"Uninflamed UC","LP fibroblast","P013","Fibroblast"
"SAM24410862_186039",1.09571592691655,5.29248226673198,"Uninflamed UC","Activated crypt-top fibroblast","P013","Fibroblast"
"SAM24410862_383194",3.63806472900624,1.94252444297862,"Uninflamed UC","Resting crypt-top fibroblast","P013","Fibroblast"
"SAM24410862_705679",-1.77485711690669,-1.35449646919179,"Uninflamed UC","LP fibroblast","P013","Fibroblast"
"SAM24410862_249406",-3.15322215673213,-1.90039669483113,"Uninflamed UC","LP fibroblast","P013","Fibroblast"
"SAM24410862_149233",-3.27318055745845,-0.424146284751173,"Uninflamed UC","LP fibroblast","P013","Fibroblast"
"SAM24410862_827671",-2.12482316610103,-2.29450427501607,"Uninflamed UC","LP fibroblast","P013","Fibroblast"
"SAM24410862_881097",-4.84057242986446,-4.62899123638081,"Uninflamed UC","Crypt-bottom fibroblast","P013","Fibroblast"
"SAM24410862_818623",5.12469951990361,2.98414147884441,"Uninflamed UC","Activated crypt-top fibroblast","P013","Fibroblast"
"SAM24410862_656926",-3.17189796087032,1.4573693373878,"Uninflamed UC","LP fibroblast","P013","Fibroblast"
"SAM24410862_388545",-3.66782529470211,-3.99837695568013,"Uninflamed UC","Crypt-bottom fibroblast","P013","Fibroblast"
"SAM24410862_798583",-2.76560361501461,-3.56787263362813,"Uninflamed UC","Resting crypt-top fibroblast","P013","Fibroblast"
"SAM24410862_219524",-4.47654445287471,-0.580024470977064,"Uninflamed UC","LP fibroblast","P013","Fibroblast"
"SAM24410862_566786",-2.53974683400875,-2.40276061504292,"Uninflamed UC","LP fibroblast","P013","Fibroblast"
"SAM24410862_862680",-3.28484780904537,-2.09721242397236,"Uninflamed UC","LP fibroblast","P013","Fibroblast"
"SAM24410862_207250",1.43744747522587,0.530118296452288,"Uninflamed UC","LP fibroblast","P013","Fibroblast"
"SAM24410862_836202",-3.42409665700679,-2.87250482051777,"Uninflamed UC","LP fibroblast","P013","Fibroblast"
"SAM24410862_546811",-3.22122771856075,-0.613207807234998,"Uninflamed UC","LP fibroblast","P013","Fibroblast"
"SAM24410862_217155",-2.78923900243526,-1.26508413761067,"Uninflamed UC","LP fibroblast","P013","Fibroblast"
"SAM24410862_681812",0.104348109991498,-0.837317576102491,"Uninflamed UC","LP fibroblast","P013","Fibroblast"
"SAM24410862_363676",-3.56829269048458,-0.310303320578809,"Uninflamed UC","LP fibroblast","P013","Fibroblast"
"SAM24410862_500694",-4.31267840978389,-0.879560460738416,"Uninflamed UC","LP fibroblast","P013","Fibroblast"
"SAM24410862_240344",-0.791036678521685,-1.15392016380238,"Uninflamed UC","LP fibroblast","P013","Fibroblast"
"SAM24410862_729555",3.22194270971531,3.97747386486125,"Uninflamed UC","Activated crypt-top fibroblast","P013","Fibroblast"
"SAM24410862_774363",4.08060572850818,4.29365123302532,"Uninflamed UC","Resting crypt-top fibroblast","P013","Fibroblast"
"SAM24410862_409022",-4.78163917180782,-4.15921746700215,"Uninflamed UC","Crypt-bottom fibroblast","P013","Fibroblast"
"SAM24410862_217630",-4.40509612676387,-0.794700970343824,"Uninflamed UC","LP fibroblast","P013","Fibroblast"
"SAM24410862_149108",-1.72643096563106,-1.15161715953755,"Uninflamed UC","LP fibroblast","P013","Fibroblast"
"SAM24410862_83097",-4.42649562474971,-4.47938310115742,"Uninflamed UC","Crypt-bottom fibroblast","P013","Fibroblast"
"SAM24410862_675618",-3.59203965780025,1.0360097685535,"Uninflamed UC","LP fibroblast","P013","Fibroblast"
"SAM24410862_386046",-4.33760745641475,-0.100216796092268,"Uninflamed UC","LP fibroblast","P013","Fibroblast"
"SAM24410862_400530",1.69581310632939,0.901711741991762,"Uninflamed UC","Resting crypt-top fibroblast","P013","Fibroblast"
"SAM24410862_681595",2.62246780279393,4.85489500553203,"Uninflamed UC","Resting crypt-top fibroblast","P013","Fibroblast"
"SAM24410862_252849",-2.5980559122253,-1.81862722843098,"Uninflamed UC","LP fibroblast","P013","Fibroblast"
"SAM24410862_82279",-3.9382134210754,-1.07412528007435,"Uninflamed UC","LP fibroblast","P013","Fibroblast"
"SAM24410862_530993",0.536067174704023,4.39640749485088,"Uninflamed UC","Activated crypt-top fibroblast","P013","Fibroblast"
"SAM24410862_355411",2.53671865347142,5.95420683414531,"Uninflamed UC","Activated crypt-top fibroblast","P013","Fibroblast"
"SAM24410862_116322",-5.10550315496211,-3.46184598415303,"Uninflamed UC","Crypt-bottom fibroblast","P013","Fibroblast"
"SAM24410862_105237",-3.87667996999507,-2.56140791385579,"Uninflamed UC","LP fibroblast","P013","Fibroblast"
"SAM24410862_90444",-3.57228334066158,0.0149859288413565,"Uninflamed UC","LP fibroblast","P013","Fibroblast"
"SAM24410862_723637",-4.2630778085876,-2.06368934123921,"Uninflamed UC","LP fibroblast","P013","Fibroblast"
"SAM24410862_521842",-5.00298221227413,-3.05184494464802,"Uninflamed UC","Crypt-bottom fibroblast","P013","Fibroblast"
"SAM24410862_671430",-1.88689906713252,-2.08924137561726,"Uninflamed UC","LP fibroblast","P013","Fibroblast"
"SAM24410862_827992",-5.14866550084835,-0.415653695754286,"Uninflamed UC","LP fibroblast","P013","Fibroblast"
"SAM24410862_103368",-2.08324105855709,-2.14282142131733,"Uninflamed UC","LP fibroblast","P013","Fibroblast"
"SAM24410862_546941",-3.55337865468746,-2.09760033100056,"Uninflamed UC","LP fibroblast","P013","Fibroblast"
"SAM24410862_347720",1.32679335954899,5.2286781171043,"Uninflamed UC","Activated crypt-top fibroblast","P013","Fibroblast"
"SAM24410862_161586",-2.88084275838619,-0.706882347754713,"Uninflamed UC","LP fibroblast","P013","Fibroblast"
"SAM24410862_155415",-4.54755122777706,-4.31352530925679,"Uninflamed UC","Crypt-bottom fibroblast","P013","Fibroblast"
"SAM24410862_723283",1.56181280496831,5.17674149066997,"Uninflamed UC","Activated crypt-top fibroblast","P013","Fibroblast"
"SAM24410862_641571",-2.98883254644161,-0.200839628867384,"Uninflamed UC","LP fibroblast","P013","Fibroblast"
"SAM24410862_479619",-2.32381494161373,-0.909200658492323,"Uninflamed UC","LP fibroblast","P013","Fibroblast"
"SAM24410862_870603",0.938976453573652,-0.295635273150678,"Uninflamed UC","LP fibroblast","P013","Fibroblast"
"SAM24410862_13522",-2.32514674779659,-2.43628512828755,"Uninflamed UC","LP fibroblast","P013","Fibroblast"
"SAM24410862_370027",-0.743992401330523,-0.522413839987989,"Uninflamed UC","LP fibroblast","P013","Fibroblast"
"SAM24410862_229925",-5.40159328099971,-6.0646248957436,"Uninflamed UC","Crypt-bottom fibroblast","P013","Fibroblast"
"SAM24410862_721450",4.18756824913735,4.12029541523052,"Uninflamed UC","Resting crypt-top fibroblast","P013","Fibroblast"
"SAM24410862_225326",0.656949209005781,3.88660300762248,"Uninflamed UC","Activated crypt-top fibroblast","P013","Fibroblast"
"SAM24410862_94521",-3.53406293508296,-0.976983298949476,"Uninflamed UC","LP fibroblast","P013","Fibroblast"
"SAM24410862_868724",4.92458848837132,4.8885935643394,"Uninflamed UC","Resting crypt-top fibroblast","P013","Fibroblast"
"SAM24410862_180889",4.65052406671757,4.54211486370159,"Uninflamed UC","Resting crypt-top fibroblast","P013","Fibroblast"
"SAM24410862_124505",4.55856876257176,4.8191789487083,"Uninflamed UC","Resting crypt-top fibroblast","P013","Fibroblast"
"SAM24410862_538304",0.0394152868103461,-0.774017800978895,"Uninflamed UC","LP fibroblast","P013","Fibroblast"
"SAM24410862_858375",1.50384156587834,5.082388768502,"Uninflamed UC","Activated crypt-top fibroblast","P013","Fibroblast"
"SAM24410862_726116",-4.13419349309688,-3.25982867687153,"Uninflamed UC","LP fibroblast","P013","Fibroblast"
"SAM24410862_503760",-4.92541606542354,-4.77703772991108,"Uninflamed UC","Crypt-bottom fibroblast","P013","Fibroblast"
"SAM24410862_688507",0.678089307577558,3.73621977359844,"Uninflamed UC","Activated crypt-top fibroblast","P013","Fibroblast"
"SAM24410862_244939",-0.201858116357378,-0.998542418174024,"Uninflamed UC","LP fibroblast","P013","Fibroblast"
"SAM24410862_732631",-4.74794013616329,-3.11048709361958,"Uninflamed UC","Crypt-bottom fibroblast","P013","Fibroblast"
"SAM24410862_408454",-4.07572467443233,-0.703808655432935,"Uninflamed UC","LP fibroblast","P013","Fibroblast"
"SAM24410862_210162",-3.78913409826045,-3.03978048770833,"Uninflamed UC","LP fibroblast","P013","Fibroblast"
"SAM24410862_12136",-4.92601878759151,-0.256241550139662,"Uninflamed UC","LP fibroblast","P013","Fibroblast"
"SAM24410862_693188",-1.66010434743648,-2.19442926853108,"Uninflamed UC","LP fibroblast","P013","Fibroblast"
"SAM24410862_206044",-3.02183301564937,-5.69663583248066,"Uninflamed UC","Crypt-bottom fibroblast","P013","Fibroblast"
"SAM24410862_75517",2.11016337755436,3.20974553615642,"Uninflamed UC","Activated crypt-top fibroblast","P013","Fibroblast"
"SAM24410862_548254",-0.451786590783648,-1.05418991058278,"Uninflamed UC","LP fibroblast","P013","Fibroblast"
"SAM24410862_110438",4.64981465223546,4.59902323276592,"Uninflamed UC","Resting crypt-top fibroblast","P013","Fibroblast"
"SAM24410862_881414",-4.07086284276729,-5.09975396602559,"Uninflamed UC","Crypt-bottom fibroblast","P013","Fibroblast"
"SAM24410862_33070",2.35488121393437,6.02156532795024,"Uninflamed UC","Activated crypt-top fibroblast","P013","Fibroblast"
"SAM24410862_290452",-3.68850667592769,-0.737186898879286,"Uninflamed UC","LP fibroblast","P013","Fibroblast"
"SAM24410862_397504",-2.95021493551021,-1.59050690143513,"Uninflamed UC","LP fibroblast","P013","Fibroblast"
"SAM24410862_496866",-2.61192329046016,-2.50188671558308,"Uninflamed UC","LP fibroblast","P013","Fibroblast"
"SAM24410862_571829",1.50785725000615,5.61182917148662,"Uninflamed UC","Activated crypt-top fibroblast","P013","Fibroblast"
"SAM24410862_526596",1.84226934793706,3.60343254596782,"Uninflamed UC","Activated crypt-top fibroblast","P013","Fibroblast"
"SAM24410862_785049",-1.82102687474971,-1.912723889045,"Uninflamed UC","LP fibroblast","P013","Fibroblast"
"SAM24410862_404020",-4.24603755590206,-3.6437231203835,"Uninflamed UC","Crypt-bottom fibroblast","P013","Fibroblast"
"SAM24410862_153559",-2.38854987737422,-0.368446221045728,"Uninflamed UC","LP fibroblast","P013","Fibroblast"
"SAM24410862_485567",-3.43598706838375,-2.19872604816365,"Uninflamed UC","LP fibroblast","P013","Fibroblast"
"SAM24410862_153330",-4.41972358342891,-0.227313151053663,"Uninflamed UC","LP fibroblast","P013","Fibroblast"
"SAM24410862_172400",-3.56836803075557,-1.85063826053547,"Uninflamed UC","LP fibroblast","P013","Fibroblast"
"SAM24410862_239581",-3.86903197881465,0.0360567072112601,"Uninflamed UC","LP fibroblast","P013","Fibroblast"
"SAM24410862_480030",0.903712438375898,4.60419477016521,"Uninflamed UC","Activated crypt-top fibroblast","P013","Fibroblast"
"SAM24410862_773123",-4.80825908300167,-2.69421326129841,"Uninflamed UC","Crypt-bottom fibroblast","P013","Fibroblast"
"SAM24410862_165579",2.25295655611271,3.48215259105754,"Uninflamed UC","Resting crypt-top fibroblast","P013","Fibroblast"
"SAM24410862_129003",1.62362782839055,5.7807473042686,"Uninflamed UC","Activated crypt-top fibroblast","P013","Fibroblast"
"SAM24410862_828340",1.03342287424321,4.83903969318462,"Uninflamed UC","Activated crypt-top fibroblast","P013","Fibroblast"
"SAM24410862_466121",1.38835828188176,5.46797598392559,"Uninflamed UC","Activated crypt-top fibroblast","P013","Fibroblast"
"SAM24410862_3899",0.730456041128583,-0.334878196410413,"Uninflamed UC","LP fibroblast","P013","Fibroblast"
"SAM24410862_161555",-4.985937191217,-2.34670816867756,"Uninflamed UC","Crypt-bottom fibroblast","P013","Fibroblast"
"SAM24410862_447727",-5.06770904180294,-4.79792081325459,"Uninflamed UC","Crypt-bottom fibroblast","P013","Fibroblast"
"SAM24410862_669891",0.69416491869206,3.44949544460369,"Uninflamed UC","Activated crypt-top fibroblast","P013","Fibroblast"
"SAM24410862_581044",-1.48917396184688,-1.60180102794575,"Uninflamed UC","LP fibroblast","P013","Fibroblast"
"SAM24410862_740040",-4.35904033300167,-4.33226548641133,"Uninflamed UC","Crypt-bottom fibroblast","P013","Fibroblast"
"SAM24410862_209610",-3.94915683385616,-2.84023105113911,"Uninflamed UC","LP fibroblast","P013","Fibroblast"
"SAM24410862_33946",-1.5579529535461,-0.632484664611097,"Uninflamed UC","LP fibroblast","P013","Fibroblast"
"SAM24410862_697833",-1.95197160360103,-0.990861406020399,"Uninflamed UC","LP fibroblast","P013","Fibroblast"
"SAM24410862_555320",-2.53535945531612,-0.984472622565504,"Uninflamed UC","LP fibroblast","P013","Fibroblast"
"SAM24410862_617309",-4.91666419622188,-5.2499390742104,"Uninflamed UC","Crypt-bottom fibroblast","P013","Fibroblast"
"SAM24410862_374818",-4.70683772680049,-3.4210816523354,"Uninflamed UC","Crypt-bottom fibroblast","P013","Fibroblast"
"SAM24410862_704863",-4.92280585881954,-2.82031856983113,"Uninflamed UC","Crypt-bottom fibroblast","P013","Fibroblast"
"SAM24410862_808443",-2.25678212758785,-1.4001072546761,"Uninflamed UC","LP fibroblast","P013","Fibroblast"
"SAM24410862_26318",-2.23576791402584,-0.90136229007649,"Uninflamed UC","LP fibroblast","P013","Fibroblast"
"SAM24410862_797067",0.322334455282636,-0.768509854964491,"Uninflamed UC","LP fibroblast","P013","Fibroblast"
"SAM24410862_658501",-5.28472907659297,-0.948373188666578,"Uninflamed UC","LP fibroblast","P013","Fibroblast"
"SAM24410862_376608",-5.00207526799922,-2.62991725414204,"Uninflamed UC","Crypt-bottom fibroblast","P013","Fibroblast"
"SAM24410862_505163",-2.34878451940303,-1.39348184078145,"Uninflamed UC","LP fibroblast","P013","Fibroblast"
"SAM24410862_379150",0.139097617895551,-0.717643012694593,"Uninflamed UC","LP fibroblast","P013","Fibroblast"
"SAM24410862_597520",0.716694997579999,-0.460879435233351,"Uninflamed UC","LP fibroblast","P013","Fibroblast"
"SAM24410862_248867",-4.18898017522579,-0.436742891959425,"Uninflamed UC","LP fibroblast","P013","Fibroblast"
"SAM24410862_148749",1.69540135744328,1.04153482110095,"Uninflamed UC","Resting crypt-top fibroblast","P013","Fibroblast"
"SAM24410862_209473",-5.01953227636104,-2.86524402110982,"Uninflamed UC","Crypt-bottom fibroblast","P013","Fibroblast"
"SAM24410862_3489",2.00633756998295,1.01574752718997,"Uninflamed UC","Resting crypt-top fibroblast","P013","Fibroblast"
"SAM24410862_132820",-3.73540790197139,-0.367362250975843,"Uninflamed UC","LP fibroblast","P013","Fibroblast"
"SAM24410862_104236",-2.47010285970455,-2.23090158908772,"Uninflamed UC","LP fibroblast","P013","Fibroblast"
"SAM24410862_391471",0.454229997427412,4.09222758800579,"Uninflamed UC","Activated crypt-top fibroblast","P013","Fibroblast"
"SAM24410862_538261",-4.90457828161006,-5.40205537288594,"Uninflamed UC","Crypt-bottom fibroblast","P013","Fibroblast"
"SAM24410862_206189",-4.57002456304317,-0.299117138079878,"Uninflamed UC","LP fibroblast","P013","Fibroblast"
"SAM24410862_342638",1.23276083353276,4.55704201252056,"Uninflamed UC","Activated crypt-top fibroblast","P013","Fibroblast"
"SAM24410862_87369",4.56792415860409,4.63182509929729,"Uninflamed UC","Resting crypt-top fibroblast","P013","Fibroblast"
"SAM24410862_491204",-2.97707803365474,-2.33788382022786,"Uninflamed UC","LP fibroblast","P013","Fibroblast"
"SAM24410862_643105",-2.91080625173336,-5.51672517269063,"Uninflamed UC","Crypt-bottom fibroblast","P013","Fibroblast"
"SAM24410862_575420",-3.54699189779048,-0.991743197135206,"Uninflamed UC","LP fibroblast","P013","Fibroblast"
"SAM24410862_782119",0.102969573767133,-0.405025233916517,"Uninflamed UC","LP fibroblast","P013","Fibroblast"
"SAM24410862_74319",-5.81527526494747,-2.27343093364644,"Uninflamed UC","LP fibroblast","P013","Fibroblast"
"SAM24410862_188946",-3.91350181218868,-0.698203911475416,"Uninflamed UC","LP fibroblast","P013","Fibroblast"
"SAM24410862_101867",-1.44778497335201,-1.56420122592854,"Uninflamed UC","LP fibroblast","P013","Fibroblast"
"SAM24410862_594651",-1.57412536260372,-0.318267037562605,"Uninflamed UC","LP fibroblast","P013","Fibroblast"
"SAM24410862_226053",-3.85430677053218,0.311239162989382,"Uninflamed UC","LP fibroblast","P013","Fibroblast"
"SAM24410862_147433",0.728805230886884,0.6089643859942,"Uninflamed UC","LP fibroblast","P013","Fibroblast"
"SAM24410862_616191",-4.68380267736202,-3.72230206935811,"Uninflamed UC","Crypt-bottom fibroblast","P013","Fibroblast"
"SAM24410862_678620",-3.84684283849483,-0.953415980033155,"Uninflamed UC","LP fibroblast","P013","Fibroblast"
"SAM24410862_472386",1.57946269396061,5.67317284137798,"Uninflamed UC","Activated crypt-top fibroblast","P013","Fibroblast"
"SAM24410862_408118",-2.98447091695552,-1.26765250175404,"Uninflamed UC","LP fibroblast","P013","Fibroblast"
"SAM24410862_782096",0.867200778753705,4.20259941608501,"Uninflamed UC","Activated crypt-top fibroblast","P013","Fibroblast"
"SAM24410862_450580",-4.12975604650264,0.321514675923113,"Uninflamed UC","LP fibroblast","P013","Fibroblast"
"SAM24410862_86777",1.01963822725529,4.09883512050701,"Uninflamed UC","Activated crypt-top fibroblast","P013","Fibroblast"
"SAM24410862_405400",-3.85518224355464,-0.264544655970808,"Uninflamed UC","LP fibroblast","P013","Fibroblast"
"SAM24410862_129137",-4.90401275274044,-4.28537808864522,"Uninflamed UC","Crypt-bottom fibroblast","P013","Fibroblast"
"SAM24410862_117098",-3.83368642446285,-1.43605243175435,"Uninflamed UC","LP fibroblast","P013","Fibroblast"
"SAM24410862_503973",-3.44383103963619,1.50601131708217,"Uninflamed UC","LP fibroblast","P013","Fibroblast"
"SAM24410862_482588",-2.35170419332271,-0.637787570647474,"Uninflamed UC","LP fibroblast","P013","Fibroblast"
"SAM24410862_845710",-4.2244568597961,-1.5960415503304,"Uninflamed UC","LP fibroblast","P013","Fibroblast"
"SAM24410862_821069",1.29578225496525,5.31536663562847,"Uninflamed UC","Activated crypt-top fibroblast","P013","Fibroblast"
"SAM24410862_773040",-1.92321546193843,-0.800921072654005,"Uninflamed UC","LP fibroblast","P013","Fibroblast"
"SAM24410862_285751",-5.03685195562129,-1.95477258174824,"Uninflamed UC","Crypt-bottom fibroblast","P013","Fibroblast"
"SAM24410862_474763",-4.61615092870479,-2.75697075336384,"Uninflamed UC","Crypt-bottom fibroblast","P013","Fibroblast"
"SAM24410862_381107",-5.71545512792354,-1.7320529124062,"Uninflamed UC","LP fibroblast","P013","Fibroblast"
"SAM24410862_222395",-4.11854846593624,0.269218037434344,"Uninflamed UC","LP fibroblast","P013","Fibroblast"
"SAM24410862_679430",-4.69296367284542,-2.25946961849141,"Uninflamed UC","LP fibroblast","P013","Fibroblast"
"SAM24410862_669767",-4.25958354589229,-0.645802130393263,"Uninflamed UC","LP fibroblast","P013","Fibroblast"
"SAM24410862_444928",-2.72100312825923,-0.671001186064955,"Uninflamed UC","LP fibroblast","P013","Fibroblast"
"SAM24410862_160422",-4.55921752568965,-0.373462071112867,"Uninflamed UC","LP fibroblast","P013","Fibroblast"
"SAM24410862_355807",-1.25882871267086,-0.707259764365431,"Uninflamed UC","LP fibroblast","P013","Fibroblast"
"SAM24410862_348719",2.22526805284733,3.55003036052776,"Uninflamed UC","Activated crypt-top fibroblast","P013","Fibroblast"
"SAM24410862_619961",-5.06665809270626,-4.1226721903603,"Uninflamed UC","Crypt-bottom fibroblast","P013","Fibroblast"
"SAM24410862_149739",-4.43504531499629,-2.51166402309346,"Uninflamed UC","LP fibroblast","P013","Fibroblast"
"SAM24410862_327813",-2.30225522634273,-0.312630583934065,"Uninflamed UC","LP fibroblast","P013","Fibroblast"
"SAM24410862_57347",-4.85282619115596,-4.69813262432026,"Uninflamed UC","Crypt-bottom fibroblast","P013","Fibroblast"
"SAM24410862_381272",-5.36009605046993,-5.88903581111836,"Uninflamed UC","Crypt-bottom fibroblast","P013","Fibroblast"
"SAM24410862_577415",1.64205543878789,1.09023691207958,"Uninflamed UC","LP fibroblast","P013","Fibroblast"
"SAM24410862_145492",4.38159360173459,4.56978000194622,"Uninflamed UC","Resting crypt-top fibroblast","P013","Fibroblast"
"SAM24410862_506518",-5.41248901006465,-6.02108108013081,"Uninflamed UC","Crypt-bottom fibroblast","P013","Fibroblast"
"SAM24410862_781384",2.88232998731846,1.50240356714321,"Uninflamed UC","Resting crypt-top fibroblast","P013","Fibroblast"
"SAM24410862_14102",0.886407541067548,4.73709906131816,"Uninflamed UC","Activated crypt-top fibroblast","P013","Fibroblast"
"SAM24410862_881732",1.52960531595463,3.33946765453411,"Uninflamed UC","Activated crypt-top fibroblast","P013","Fibroblast"
"SAM24410862_326539",2.73859875086064,4.98398340732646,"Uninflamed UC","Activated crypt-top fibroblast","P013","Fibroblast"
"SAM24410862_760233",1.52091710451359,-0.402551879576917,"Uninflamed UC","LP fibroblast","P013","Fibroblast"
"SAM24410862_108706",-3.67539174672847,-2.4847704073708,"Uninflamed UC","LP fibroblast","P013","Fibroblast"
"SAM24410862_497252",1.59857098940129,0.934142182179217,"Uninflamed UC","Resting crypt-top fibroblast","P013","Fibroblast"
"SAM24410862_859628",-3.23791701909786,0.167265305824999,"Uninflamed UC","LP fibroblast","P013","Fibroblast"
"SAM24410862_505626",1.19999353769536,4.16024316341472,"Uninflamed UC","Activated crypt-top fibroblast","P013","Fibroblast"
"SAM24410862_576505",-1.24916083928829,-1.11043929069447,"Uninflamed UC","LP fibroblast","P013","Fibroblast"
"SAM24410862_153055",-1.66875989553218,-0.548874249152418,"Uninflamed UC","LP fibroblast","P013","Fibroblast"
"SAM24410862_690209",0.989099429876752,-0.32596128194737,"Uninflamed UC","LP fibroblast","P013","Fibroblast"
"SAM24410862_410885",-5.11472613927608,-5.87595759838032,"Uninflamed UC","Crypt-bottom fibroblast","P013","Fibroblast"
"SAM24410862_812753",1.24983184221501,-0.00997780769276213,"Uninflamed UC","LP fibroblast","P013","Fibroblast"
"SAM24410862_148684",1.29453699472661,5.05523193866802,"Uninflamed UC","LP fibroblast","P013","Fibroblast"
"SAM24410862_330801",-4.56968410131221,-1.48245440929341,"Uninflamed UC","LP fibroblast","P013","Fibroblast"
"SAM24410862_47495",1.18360130670781,3.56133926899028,"Uninflamed UC","Activated crypt-top fibroblast","P013","Fibroblast"
"SAM24410862_520690",-2.98878390905147,-0.78182636707234,"Uninflamed UC","LP fibroblast","P013","Fibroblast"
"SAM24410862_641668",1.21561281564946,5.36781013996196,"Uninflamed UC","Activated crypt-top fibroblast","P013","Fibroblast"
"SAM24410862_582387",-4.92356593724971,-3.16018449275899,"Uninflamed UC","Crypt-bottom fibroblast","P013","Fibroblast"
"SAM24410862_444758",-4.92260081884151,-5.23264037578511,"Uninflamed UC","Crypt-bottom fibroblast","P013","Fibroblast"
"SAM24410862_65917",0.766989158422895,4.58449853450847,"Uninflamed UC","Activated crypt-top fibroblast","P013","Fibroblast"
"SAM24410862_623344",2.24713258627171,3.06375897914958,"Uninflamed UC","Activated crypt-top fibroblast","P013","Fibroblast"
"SAM24410862_512294",-4.4737997781921,-2.34193932025837,"Uninflamed UC","LP fibroblast","P013","Fibroblast"
"SAM24410862_56262",-2.67508657094722,-0.46923612564015,"Uninflamed UC","LP fibroblast","P013","Fibroblast"
"SAM24410862_634505",-4.85851390477901,-1.58909713237691,"Uninflamed UC","LP fibroblast","P013","Fibroblast"
"SAM24410862_114833",-3.02786405202632,-1.45142280071187,"Uninflamed UC","LP fibroblast","P013","Fibroblast"
"SAM24410862_537305",-4.37126357671504,-4.62415896861958,"Uninflamed UC","Crypt-bottom fibroblast","P013","Fibroblast"
"SAM24410862_202758",1.98914615991826,1.37215877563548,"Uninflamed UC","Resting crypt-top fibroblast","P013","Fibroblast"
"SAM24410862_732279",1.78589980486149,3.22174085170818,"Uninflamed UC","Activated crypt-top fibroblast","P013","Fibroblast"
"SAM24410862_206627",-5.51990134832149,-6.08526288478779,"Uninflamed UC","Crypt-bottom fibroblast","P013","Fibroblast"
"SAM24410862_352904",-1.73163182851558,-1.0320550104897,"Uninflamed UC","LP fibroblast","P013","Fibroblast"
"SAM24410862_847430",1.37827508333439,0.180176625557665,"Uninflamed UC","LP fibroblast","P013","Fibroblast"
"SAM24410862_877703",1.03539054277653,4.43867124111248,"Uninflamed UC","Activated crypt-top fibroblast","P013","Fibroblast"
"SAM24410862_275205",3.18911867025609,3.32000673801494,"Uninflamed UC","Resting crypt-top fibroblast","P013","Fibroblast"
"SAM24410862_145880",-2.31128366109615,-0.680137982062574,"Uninflamed UC","LP fibroblast","P013","Fibroblast"
"SAM24410862_879217",-4.34402091619258,0.142323324986223,"Uninflamed UC","LP fibroblast","P013","Fibroblast"
"SAM24410862_654685",0.51158754709477,4.30343473941875,"Uninflamed UC","Activated crypt-top fibroblast","P013","Fibroblast"
"SAM24410862_76642",2.57509581926579,3.64162839443279,"Uninflamed UC","Activated crypt-top fibroblast","P013","Fibroblast"
"SAM24410862_132350",-5.06461722966915,-4.81656180828023,"Uninflamed UC","Crypt-bottom fibroblast","P013","Fibroblast"
"SAM24410862_315805",1.13094656351323,4.07234943897319,"Uninflamed UC","Activated crypt-top fibroblast","P013","Fibroblast"
"SAM24410862_762768",-5.44499881383663,-6.13462077587056,"Uninflamed UC","Crypt-bottom fibroblast","P013","Fibroblast"
"SAM24410862_141804",-4.6818075906921,-5.26389228313374,"Uninflamed UC","Crypt-bottom fibroblast","P013","Fibroblast"
"SAM24410862_689269",-5.438085628717,-2.63431130855488,"Uninflamed UC","LP fibroblast","P013","Fibroblast"
"SAM24410862_9489",-4.82105262395626,-0.421398510627027,"Uninflamed UC","LP fibroblast","P013","Fibroblast"
"SAM24410862_586542",0.891006397039838,-0.51964055507588,"Uninflamed UC","LP fibroblast","P013","Fibroblast"
"SAM24410862_572044",2.88391249063725,4.97839869052959,"Uninflamed UC","Resting crypt-top fibroblast","P013","Fibroblast"
"SAM24410862_187322",-4.30473334905391,-0.12078367679524,"Uninflamed UC","LP fibroblast","P013","Fibroblast"
"SAM24410862_338255",5.1122637856316,3.93235004932475,"Uninflamed UC","Resting crypt-top fibroblast","P013","Fibroblast"
"SAM24410862_149326",2.16151409033055,2.96432746440959,"Uninflamed UC","Activated crypt-top fibroblast","P013","Fibroblast"
"SAM24410862_112499",2.95285873296971,3.59074533969951,"Uninflamed UC","Resting crypt-top fibroblast","P013","Fibroblast"
"SAM24410862_335596",-4.86132724401241,-2.54028665035176,"Uninflamed UC","Crypt-bottom fibroblast","P013","Fibroblast"
"SAM24410862_182657",0.87837688806767,5.01249731571269,"Uninflamed UC","Activated crypt-top fibroblast","P013","Fibroblast"
"SAM24410862_138908",3.95320150438065,3.75255883724285,"Uninflamed UC","Resting crypt-top fibroblast","P013","Fibroblast"
"SAM24410862_398656",1.02877943399663,0.19855887682033,"Uninflamed UC","LP fibroblast","P013","Fibroblast"
"SAM24410862_261192",3.05571429613347,4.59844649822307,"Uninflamed UC","Activated crypt-top fibroblast","P013","Fibroblast"
"SAM24410862_327163",-5.27921874639278,-5.99018632381367,"Uninflamed UC","Crypt-bottom fibroblast","P013","Fibroblast"
"SAM24410862_582774",-4.07856471654659,0.224450687475924,"Uninflamed UC","LP fibroblast","P013","Fibroblast"
"SAM24410862_65661",3.08574049356694,5.13611734897686,"Uninflamed UC","Activated crypt-top fibroblast","P013","Fibroblast"
"SAM24410862_850979",1.40083997133488,0.279483983822588,"Uninflamed UC","LP fibroblast","P013","Fibroblast"
"SAM24410862_83087",1.48021809938664,-0.0640554329674203,"Uninflamed UC","LP fibroblast","P013","Fibroblast"
"SAM24410862_288991",2.68382553938145,4.26844848186565,"Uninflamed UC","Activated crypt-top fibroblast","P013","Fibroblast"
"SAM24410862_209277",-3.26512963887935,-5.62211476772236,"Uninflamed UC","Crypt-bottom fibroblast","P013","Fibroblast"
"SAM24410862_314811",1.32855002763981,1.01579020411563,"Uninflamed UC","LP fibroblast","P013","Fibroblast"
"SAM24410862_604136",-4.1636191141296,-2.15300570934224,"Uninflamed UC","LP fibroblast","P013","Fibroblast"
"SAM24410862_763080",2.42941264990086,3.3249150613029,"Uninflamed UC","Activated crypt-top fibroblast","P013","Fibroblast"
"SAM24410862_479043",1.9669379461121,1.15924216301036,"Uninflamed UC","Resting crypt-top fibroblast","P013","Fibroblast"
"SAM24410862_568299",2.49240260008091,3.555364499398,"Uninflamed UC","Resting crypt-top fibroblast","P013","Fibroblast"
"SAM24410862_711302",4.13114748890812,4.21442831546855,"Uninflamed UC","Resting crypt-top fibroblast","P013","Fibroblast"
"SAM24410862_684620",2.79047326925511,1.62196309358669,"Uninflamed UC","Resting crypt-top fibroblast","P013","Fibroblast"
"SAM24410862_710315",-4.2270613443542,-0.258089294127699,"Uninflamed UC","LP fibroblast","P013","Fibroblast"
"SAM24410862_567976",2.68234841707463,4.24139345676494,"Uninflamed UC","Resting crypt-top fibroblast","P013","Fibroblast"
"SAM24410862_216807",1.39319889429326,-0.260152687720533,"Uninflamed UC","LP fibroblast","P013","Fibroblast"
"SAM24410862_776252",-4.33409698125606,-3.96156989543843,"Uninflamed UC","Crypt-bottom fibroblast","P013","Fibroblast"
"SAM24410862_431660",-5.41587360021358,-6.05510722606587,"Uninflamed UC","Crypt-bottom fibroblast","P013","Fibroblast"
"SAM24410862_75075",-1.61437661763912,-0.641831507376905,"Uninflamed UC","LP fibroblast","P013","Fibroblast"
"SAM24410862_25965",0.990792917044111,-0.0854259034912546,"Uninflamed UC","LP fibroblast","P013","Fibroblast"
"SAM24410862_500925",3.62249894622082,2.07099605590892,"Uninflamed UC","Resting crypt-top fibroblast","P013","Fibroblast"
"SAM24410862_651174",3.01676921728367,4.68077410251689,"Uninflamed UC","Activated crypt-top fibroblast","P013","Fibroblast"
"SAM24410862_211723",1.11743967416997,2.48369587452007,"Uninflamed UC","LP fibroblast","P013","Fibroblast"
"SAM24410862_693157",-5.11794002172237,-3.92362557857441,"Uninflamed UC","Crypt-bottom fibroblast","P013","Fibroblast"
"SAM24410862_534102",1.16557686212773,4.89452732593608,"Uninflamed UC","Activated crypt-top fibroblast","P013","Fibroblast"
"SAM24410862_659647",3.2234425413918,3.83851660282207,"Uninflamed UC","Resting crypt-top fibroblast","P013","Fibroblast"
"SAM24410862_669225",4.52271540644879,2.92057407886577,"Uninflamed UC","Resting crypt-top fibroblast","P013","Fibroblast"
"SAM24410862_189932",1.27385036829228,0.183427135058169,"Uninflamed UC","LP fibroblast","P013","Fibroblast"
"SAM24410862_831401",2.75337891462559,3.0109468796928,"Uninflamed UC","Resting crypt-top fibroblast","P013","Fibroblast"
"SAM24410862_135998",2.83918123129124,4.65946997196269,"Uninflamed UC","Activated crypt-top fibroblast","P013","Fibroblast"
"SAM24410862_510443",1.78241031053776,5.2045925954063,"Uninflamed UC","Activated crypt-top fibroblast","P013","Fibroblast"
"SAM24410862_474689",1.83737270715947,0.81950471789432,"Uninflamed UC","Resting crypt-top fibroblast","P013","Fibroblast"
"SAM24410863_597036",4.3862943220448,4.93270910770488,"Inflamed UC","Resting crypt-top fibroblast","P013","Fibroblast"
"SAM24410863_327979",5.50284366491551,2.68137491733623,"Inflamed UC","Activated crypt-top fibroblast","P013","Fibroblast"
"SAM24410863_849907",4.08921099263544,-3.90111218898701,"Inflamed UC","Inflammatory fibroblast","P013","Fibroblast"
"SAM24410863_130319",-2.5850034486938,-6.09180318324971,"Inflamed UC","Crypt-bottom fibroblast","P013","Fibroblast"
"SAM24410863_705646",-2.4521647226501,-6.07399760692524,"Inflamed UC","Crypt-bottom fibroblast","P013","Fibroblast"
"SAM24410863_537160",-0.944598747460894,0.776314238615755,"Inflamed UC","LP fibroblast","P013","Fibroblast"
"SAM24410863_96815",5.48178713205571,2.5616288283546,"Inflamed UC","Activated crypt-top fibroblast","P013","Fibroblast"
"SAM24410863_116027",4.04319565180058,2.89680064708782,"Inflamed UC","Resting crypt-top fibroblast","P013","Fibroblast"
"SAM24410863_277015",5.65271370294804,2.71108068019939,"Inflamed UC","Activated crypt-top fibroblast","P013","Fibroblast"
"SAM24410863_83351",4.0837116594922,-3.9033814570229,"Inflamed UC","Inflammatory fibroblast","P013","Fibroblast"
"SAM24410863_139661",7.42840497377629,-1.94611703365254,"Inflamed UC","Inflammatory fibroblast","P013","Fibroblast"
"SAM24410863_453921",6.87221209886784,-2.32485782115864,"Inflamed UC","Inflammatory fibroblast","P013","Fibroblast"
"SAM24410863_393784",-1.20122106191402,2.31052387744975,"Inflamed UC","Inflammatory fibroblast","P013","Fibroblast"
"SAM24410863_169398",-0.302800728051714,2.25334859878612,"Inflamed UC","Inflammatory fibroblast","P013","Fibroblast"
"SAM24410863_25469",5.26964132669682,5.32918966800762,"Inflamed UC","Resting crypt-top fibroblast","P013","Fibroblast"
"SAM24410863_150943",3.29283081176991,-0.637664427451368,"Inflamed UC","Inflammatory fibroblast","P013","Fibroblast"
"SAM24410863_72290",4.22925367388243,-3.81644450633931,"Inflamed UC","Inflammatory fibroblast","P013","Fibroblast"
"SAM24410863_729973",1.6353527772736,2.90001500637126,"Inflamed UC","Resting crypt-top fibroblast","P013","Fibroblast"
"SAM24410863_97723",-1.21092136022335,0.897366473980669,"Inflamed UC","LP fibroblast","P013","Fibroblast"
"SAM24410863_793223",1.59591643694157,4.11751450092388,"Inflamed UC","Activated crypt-top fibroblast","P013","Fibroblast"
"SAM24410863_539061",2.04354731920476,5.02459944278789,"Inflamed UC","Activated crypt-top fibroblast","P013","Fibroblast"
"SAM24410863_689920",7.42908947351689,-1.96278106182026,"Inflamed UC","Inflammatory fibroblast","P013","Fibroblast"
"SAM24410863_281800",7.53579060915227,-1.87825762241292,"Inflamed UC","Inflammatory fibroblast","P013","Fibroblast"
"SAM24410863_450257",-2.95683772680049,0.645616739586417,"Inflamed UC","LP fibroblast","P013","Fibroblast"
"SAM24410863_237835",-2.04137857076412,0.773170570441012,"Inflamed UC","LP fibroblast","P013","Fibroblast"
"SAM24410863_510065",-0.85207326528316,2.3861293891151,"Inflamed UC","Inflammatory fibroblast","P013","Fibroblast"
"SAM24410863_211734",1.62328474405522,4.32301200420452,"Inflamed UC","Activated crypt-top fibroblast","P013","Fibroblast"
"SAM24410863_448872",-2.18688304540401,0.155296693154101,"Inflamed UC","LP fibroblast","P013","Fibroblast"
"SAM24410863_249478",3.51268641832585,-0.964170803717848,"Inflamed UC","Inflammatory fibroblast","P013","Fibroblast"
"SAM24410863_737227",3.50850431802983,-3.0719023844521,"Inflamed UC","Inflammatory fibroblast","P013","Fibroblast"
"SAM24410863_56159",-0.24756248113399,-0.0383483669083078,"Inflamed UC","LP fibroblast","P013","Fibroblast"
"SAM24410863_778269",5.79555110815281,4.73982847721172,"Inflamed UC","Resting crypt-top fibroblast","P013","Fibroblast"
"SAM24410863_834068",-0.36151511785274,-1.68283640354085,"Inflamed UC","LP fibroblast","P013","Fibroblast"
"SAM24410863_456773",1.65036980989689,2.53710270912242,"Inflamed UC","Resting crypt-top fibroblast","P013","Fibroblast"
"SAM24410863_372087",1.83427064302678,3.39186037571025,"Inflamed UC","Activated crypt-top fibroblast","P013","Fibroblast"
"SAM24410863_437457",0.768513129980512,-2.36928068607258,"Inflamed UC","LP fibroblast","P013","Fibroblast"
"SAM24410863_883789",1.88364403131718,5.81761444599224,"Inflamed UC","Activated crypt-top fibroblast","P013","Fibroblast"
"SAM24410863_599774",-0.2146273386169,2.07428015262676,"Inflamed UC","Inflammatory fibroblast","P013","Fibroblast"
"SAM24410863_467715",1.69836823824162,4.46463192493511,"Inflamed UC","Activated crypt-top fibroblast","P013","Fibroblast"
"SAM24410863_266923",0.904537843496747,2.26711810619426,"Inflamed UC","Resting crypt-top fibroblast","P013","Fibroblast"
"SAM24410863_827916",2.69486992243046,-0.23005520313191,"Inflamed UC","Inflammatory fibroblast","P013","Fibroblast"
"SAM24410863_310343",-3.55611522313838,-3.53016196697163,"Inflamed UC","LP fibroblast","P013","Fibroblast"
"SAM24410863_210365",1.84650914552922,2.79750145465923,"Inflamed UC","Resting crypt-top fibroblast","P013","Fibroblast"
"SAM24410863_371838",1.9261528718781,5.2523220875938,"Inflamed UC","Activated crypt-top fibroblast","P013","Fibroblast"
"SAM24410863_545460",0.036318706304975,-0.447382321051832,"Inflamed UC","LP fibroblast","P013","Fibroblast"
"SAM24410863_34225",5.58342080000157,2.62151802570415,"Inflamed UC","Activated crypt-top fibroblast","P013","Fibroblast"
"SAM24410863_329494",-0.976024700372271,0.931319663830523,"Inflamed UC","LP fibroblast","P013","Fibroblast"
"SAM24410863_875698",3.80671902182812,-2.93788992374348,"Inflamed UC","Inflammatory fibroblast","P013","Fibroblast"
"SAM24410863_771753",5.62222711923832,2.5760775902946,"Inflamed UC","Activated crypt-top fibroblast","P013","Fibroblast"
"SAM24410863_550085",1.79568545702214,3.71332539112163,"Inflamed UC","Activated crypt-top fibroblast","P013","Fibroblast"
"SAM24410863_137903",1.17795102480168,2.08341480285716,"Inflamed UC","Resting crypt-top fibroblast","P013","Fibroblast"
"SAM24410863_778675",1.62725369814152,3.94443048030925,"Inflamed UC","Activated crypt-top fibroblast","P013","Fibroblast"
"SAM24410863_627792",2.24893491152043,5.22209442646099,"Inflamed UC","Activated crypt-top fibroblast","P013","Fibroblast"
"SAM24410863_804471",-2.31058414098506,-5.93915711849141,"Inflamed UC","LP fibroblast","P013","Fibroblast"
"SAM24410863_546153",0.588141130239912,3.01871861011577,"Inflamed UC","LP fibroblast","P013","Fibroblast"
"SAM24410863_204697",1.86342184427495,4.56506336719585,"Inflamed UC","Activated crypt-top fibroblast","P013","Fibroblast"
"SAM24410863_685007",5.18984358194584,-1.4972261091988,"Inflamed UC","Inflammatory fibroblast","P013","Fibroblast"
"SAM24410863_55177",4.24702291372532,-3.26030527561116,"Inflamed UC","Inflammatory fibroblast","P013","Fibroblast"
"SAM24410863_687202",5.61858146074528,2.60986615211559,"Inflamed UC","Activated crypt-top fibroblast","P013","Fibroblast"
"SAM24410863_413441",1.40200631502385,3.66400660068584,"Inflamed UC","Activated crypt-top fibroblast","P013","Fibroblast"
"SAM24410863_750063",1.87973492029423,2.74924100429607,"Inflamed UC","Resting crypt-top fibroblast","P013","Fibroblast"
"SAM24410863_768543",1.83776395204777,2.55024708301616,"Inflamed UC","Resting crypt-top fibroblast","P013","Fibroblast"
"SAM24410863_622870",-0.111260009973101,-2.23901616542744,"Inflamed UC","LP fibroblast","P013","Fibroblast"
"SAM24410863_649591",1.66308085802311,2.51721490413738,"Inflamed UC","Resting crypt-top fibroblast","P013","Fibroblast"
"SAM24410863_356812",0.326261686117597,2.14790416748119,"Inflamed UC","LP fibroblast","P013","Fibroblast"
"SAM24410863_825856",3.46451358679051,-1.1577862402718,"Inflamed UC","Inflammatory fibroblast","P013","Fibroblast"
"SAM24410863_519120",5.26333718183751,5.32097614795757,"Inflamed UC","Resting crypt-top fibroblast","P013","Fibroblast"
"SAM24410863_873683",-1.11309917089229,1.30771381647182,"Inflamed UC","LP fibroblast","P013","Fibroblast"
"SAM24410863_728967",-0.232705188958697,-2.0546048781197,"Inflamed UC","LP fibroblast","P013","Fibroblast"
"SAM24410863_803102",1.55256478670353,2.76614345104289,"Inflamed UC","Resting crypt-top fibroblast","P013","Fibroblast"
"SAM24410863_60431",-2.66933782216793,-6.08187972515034,"Inflamed UC","Crypt-bottom fibroblast","P013","Fibroblast"
"SAM24410863_421421",1.0722538698029,4.04933990032268,"Inflamed UC","Activated crypt-top fibroblast","P013","Fibroblast"
"SAM24410863_136885",0.499181674749799,3.54537476093364,"Inflamed UC","Activated crypt-top fibroblast","P013","Fibroblast"
"SAM24410863_438399",-1.03258140203243,2.4719425538261,"Inflamed UC","Inflammatory fibroblast","P013","Fibroblast"
"SAM24410863_330453",-2.61171252843624,-6.13273631542134,"Inflamed UC","Crypt-bottom fibroblast","P013","Fibroblast"
"SAM24410863_88536",2.4147956836533,3.38671816379619,"Inflamed UC","Activated crypt-top fibroblast","P013","Fibroblast"
"SAM24410863_333867",1.89877645853276,4.65945471317363,"Inflamed UC","Activated crypt-top fibroblast","P013","Fibroblast"
"SAM24410863_641392",-2.55956800100093,-6.091523756675,"Inflamed UC","Crypt-bottom fibroblast","P013","Fibroblast"
"SAM24410863_375456",2.25415162924046,2.92141045124126,"Inflamed UC","Inflammatory fibroblast","P013","Fibroblast"
"SAM24410863_213642",3.02118162992711,5.26089848072124,"Inflamed UC","Activated crypt-top fibroblast","P013","Fibroblast"
"SAM24410863_31154",1.72069995287175,2.70697868854595,"Inflamed UC","Resting crypt-top fibroblast","P013","Fibroblast"
"SAM24410863_784836",1.78205935838933,4.81839502842021,"Inflamed UC","Activated crypt-top fibroblast","P013","Fibroblast"
"SAM24410863_781362",-2.26600844976192,0.56654183060718,"Inflamed UC","LP fibroblast","P013","Fibroblast"
"SAM24410863_760579",1.93492500665898,5.56843412906719,"Inflamed UC","Activated crypt-top fibroblast","P013","Fibroblast"
"SAM24410863_99915",1.56363408449406,2.46820975334239,"Inflamed UC","Resting crypt-top fibroblast","P013","Fibroblast"
"SAM24410863_633257",5.3665699231934,2.52768171817851,"Inflamed UC","Activated crypt-top fibroblast","P013","Fibroblast"
"SAM24410863_882576",-2.37784869786983,1.21410680801464,"Inflamed UC","LP fibroblast","P013","Fibroblast"
"SAM24410863_453817",3.38458846691365,2.27345670253826,"Inflamed UC","Resting crypt-top fibroblast","P013","Fibroblast"
"SAM24410863_832009",-1.01755530950313,0.877101997442965,"Inflamed UC","LP fibroblast","P013","Fibroblast"
"SAM24410863_591349",1.87267415407414,3.87457693607402,"Inflamed UC","Activated crypt-top fibroblast","P013","Fibroblast"
"SAM24410863_501071",2.74273066404576,4.78710497409893,"Inflamed UC","Activated crypt-top fibroblast","P013","Fibroblast"
"SAM24410863_810960",-0.982562614648394,-2.81467305629658,"Inflamed UC","LP fibroblast","P013","Fibroblast"
"SAM24410863_678243",-1.99534328099971,1.2165195444305,"Inflamed UC","LP fibroblast","P013","Fibroblast"
"SAM24410863_259205",-0.733977390496783,1.44352341682506,"Inflamed UC","Resting crypt-top fibroblast","P013","Fibroblast"
"SAM24410863_735498",3.20492790821309,-0.83652185409474,"Inflamed UC","Inflammatory fibroblast","P013","Fibroblast"
"SAM24410863_200116",-2.94617183324581,0.717282178409819,"Inflamed UC","LP fibroblast","P013","Fibroblast"
"SAM24410863_21160",-0.035559726922564,-2.1806977888863,"Inflamed UC","LP fibroblast","P013","Fibroblast"
"SAM24410863_665664",2.10378401163334,5.16532600910259,"Inflamed UC","Activated crypt-top fibroblast","P013","Fibroblast"
"SAM24410863_167400",1.91855351808781,2.20730424911571,"Inflamed UC","Resting crypt-top fibroblast","P013","Fibroblast"
"SAM24410863_759690",-0.097655845849566,-2.56558882205891,"Inflamed UC","LP fibroblast","P013","Fibroblast"
"SAM24410863_771998",2.98481147173161,5.0966013768394,"Inflamed UC","Activated crypt-top fibroblast","P013","Fibroblast"
"SAM24410863_591314",-2.7865439188171,-6.0965810915749,"Inflamed UC","Crypt-bottom fibroblast","P013","Fibroblast"
"SAM24410863_324135",2.39095251444096,4.45535982639385,"Inflamed UC","Resting crypt-top fibroblast","P013","Fibroblast"
"SAM24410863_390739",2.73014705065007,4.48966396839214,"Inflamed UC","Resting crypt-top fibroblast","P013","Fibroblast"
"SAM24410863_636844",3.45826582792515,-0.464953889540907,"Inflamed UC","Inflammatory fibroblast","P013","Fibroblast"
"SAM24410863_63604",6.10536186578984,0.0503686168868582,"Inflamed UC","Resting crypt-top fibroblast","P013","Fibroblast"
"SAM24410863_556926",4.21860499116892,-4.03814898937153,"Inflamed UC","Inflammatory fibroblast","P013","Fibroblast"
"SAM24410863_594278",-2.94033820745235,-3.88544188945698,"Inflamed UC","Resting crypt-top fibroblast","P013","Fibroblast"
"SAM24410863_256734",-0.915021492211871,-2.94396864383626,"Inflamed UC","LP fibroblast","P013","Fibroblast"
"SAM24410863_788073",-3.24787910100704,0.303817997284655,"Inflamed UC","LP fibroblast","P013","Fibroblast"
"SAM24410863_206558",2.43628613832707,2.96291411907268,"Inflamed UC","Resting crypt-top fibroblast","P013","Fibroblast"
"SAM24410863_185896",-4.7096396219421,-4.6000891825478,"Inflamed UC","Crypt-bottom fibroblast","P013","Fibroblast"
"SAM24410863_881324",-2.62669952031856,-5.9662910601418,"Inflamed UC","Crypt-bottom fibroblast","P013","Fibroblast"
"SAM24410863_873434",-2.48309476491695,-5.91709958522725,"Inflamed UC","Crypt-bottom fibroblast","P013","Fibroblast"
"SAM24410863_360949",-5.02894885656124,-5.10695992916035,"Inflamed UC","Crypt-bottom fibroblast","P013","Fibroblast"
"SAM24410863_641544",1.80092971208806,5.23681057483745,"Inflamed UC","Activated crypt-top fibroblast","P013","Fibroblast"
"SAM24410863_768854",-2.72259433385616,0.630997992184434,"Inflamed UC","LP fibroblast","P013","Fibroblast"
"SAM24410863_685742",-1.24938399907833,1.00787572056842,"Inflamed UC","LP fibroblast","P013","Fibroblast"
"SAM24410863_440905",-1.40768773671871,0.696219439216379,"Inflamed UC","LP fibroblast","P013","Fibroblast"
"SAM24410863_35526",2.66354613188023,2.44139839202953,"Inflamed UC","Resting crypt-top fibroblast","P013","Fibroblast"
"SAM24410863_221754",-3.08272702810054,-3.23515211551594,"Inflamed UC","LP fibroblast","P013","Fibroblast"
"SAM24410863_552832",2.20310621145482,4.8459271290977,"Inflamed UC","Activated crypt-top fibroblast","P013","Fibroblast"
"SAM24410863_283869",4.26223634365315,-0.707069387130018,"Inflamed UC","Inflammatory fibroblast","P013","Fibroblast"
"SAM24410863_613433",3.82254783991093,4.94868887455059,"Inflamed UC","Resting crypt-top fibroblast","P013","Fibroblast"
"SAM24410863_510975",3.15187750938649,2.14000869781566,"Inflamed UC","Resting crypt-top fibroblast","P013","Fibroblast"
"SAM24410863_9248",2.45192818525548,5.91610086948467,"Inflamed UC","Activated crypt-top fibroblast","P013","Fibroblast"
"SAM24410863_269111",4.81176887634511,-1.28408097236561,"Inflamed UC","Inflammatory fibroblast","P013","Fibroblast"
"SAM24410863_857588",3.10401062849278,2.9192401269157,"Inflamed UC","Resting crypt-top fibroblast","P013","Fibroblast"
"SAM24410863_111010",2.17664770963902,4.60353554279399,"Inflamed UC","Activated crypt-top fibroblast","P013","Fibroblast"
"SAM24410863_136655",2.41715829256291,6.11406744510723,"Inflamed UC","Activated crypt-top fibroblast","P013","Fibroblast"
"SAM24410863_782705",1.09745304468388,4.26532352954936,"Inflamed UC","Activated crypt-top fibroblast","P013","Fibroblast"
"SAM24410863_552059",2.28805582407231,5.29871166736675,"Inflamed UC","Activated crypt-top fibroblast","P013","Fibroblast"
"SAM24410863_721083",4.14979980509097,2.27941645176006,"Inflamed UC","Resting crypt-top fibroblast","P013","Fibroblast"
"SAM24410863_632202",-1.52451284047847,1.32338250667644,"Inflamed UC","LP fibroblast","P013","Fibroblast"
"SAM24410863_524824",-3.06484563466793,1.45442105323863,"Inflamed UC","LP fibroblast","P013","Fibroblast"
"SAM24410863_465860",3.68405561331029,2.58899844677043,"Inflamed UC","Resting crypt-top fibroblast","P013","Fibroblast"
"SAM24410863_257367",7.44882290247197,-1.88939558475422,"Inflamed UC","Inflammatory fibroblast","P013","Fibroblast"
"SAM24410863_786740",-1.53961808797603,1.31579179555965,"Inflamed UC","LP fibroblast","P013","Fibroblast"
"SAM24410863_735014",2.8888016212296,3.96262253315044,"Inflamed UC","Resting crypt-top fibroblast","P013","Fibroblast"
"SAM24410863_426164",0.66157476785893,-2.57836972682881,"Inflamed UC","LP fibroblast","P013","Fibroblast"
"SAM24410863_358883",2.14443640592808,5.1986111500938,"Inflamed UC","Activated crypt-top fibroblast","P013","Fibroblast"
"SAM24410863_309761",2.66933791521306,5.80086029560161,"Inflamed UC","Activated crypt-top fibroblast","P013","Fibroblast"
"SAM24410863_134771",3.5525651443314,-3.15453516452717,"Inflamed UC","Inflammatory fibroblast","P013","Fibroblast"
"SAM24410863_840252",2.59819476488347,3.33163703472209,"Inflamed UC","Resting crypt-top fibroblast","P013","Fibroblast"
"SAM24410863_720323",0.245416330130048,-2.23271404712605,"Inflamed UC","LP fibroblast","P013","Fibroblast"
"SAM24410863_403154",-1.51382405874019,1.24224455148769,"Inflamed UC","LP fibroblast","P013","Fibroblast"
"SAM24410863_126808",-2.75864989873653,0.99773449689937,"Inflamed UC","LP fibroblast","P013","Fibroblast"
"SAM24410863_544476",-4.16035373327022,-0.678088059119459,"Inflamed UC","LP fibroblast","P013","Fibroblast"
"SAM24410863_843464",-2.89765079137569,-6.05807219951558,"Inflamed UC","Crypt-bottom fibroblast","P013","Fibroblast"
"SAM24410863_636060",3.87868584874386,2.47656835109783,"Inflamed UC","Resting crypt-top fibroblast","P013","Fibroblast"
"SAM24410863_47088",1.41137306574101,3.66239036113811,"Inflamed UC","Activated crypt-top fibroblast","P013","Fibroblast"
"SAM24410863_879143",1.84438340547795,5.71645487339092,"Inflamed UC","Activated crypt-top fibroblast","P013","Fibroblast"
"SAM24410863_214788",2.80022363546605,4.8558787205894,"Inflamed UC","Activated crypt-top fibroblast","P013","Fibroblast"
"SAM24410863_239349",2.99460153463597,3.6221095421989,"Inflamed UC","Resting crypt-top fibroblast","P013","Fibroblast"
"SAM24410863_425650",2.37564985635991,4.22433413059307,"Inflamed UC","Activated crypt-top fibroblast","P013","Fibroblast"
"SAM24410863_56253",1.81594936731572,2.69206870586467,"Inflamed UC","Resting crypt-top fibroblast","P013","Fibroblast"
"SAM24410863_140600",3.71733786347622,1.79506457836223,"Inflamed UC","Resting crypt-top fibroblast","P013","Fibroblast"
"SAM24410863_68318",-2.89152724859004,1.24986446888042,"Inflamed UC","LP fibroblast","P013","Fibroblast"
"SAM24410863_469812",0.283759998114057,-0.926601876906629,"Inflamed UC","LP fibroblast","P013","Fibroblast"
"SAM24410863_845020",5.19118862035985,5.05422676593852,"Inflamed UC","Resting crypt-top fibroblast","P013","Fibroblast"
"SAM24410863_843578",3.0327635276627,3.0554968217094,"Inflamed UC","Resting crypt-top fibroblast","P013","Fibroblast"
"SAM24410863_536769",2.00435583475346,4.66049850971294,"Inflamed UC","Activated crypt-top fibroblast","P013","Fibroblast"
"SAM24410863_475462",-2.38539750692134,0.332322488137011,"Inflamed UC","LP fibroblast","P013","Fibroblast"
"SAM24410863_278510",-1.14883048650508,1.56859327346874,"Inflamed UC","Resting crypt-top fibroblast","P013","Fibroblast"
"SAM24410863_92291",-3.81701572057491,-5.16347371547627,"Inflamed UC","Resting crypt-top fibroblast","P013","Fibroblast"
"SAM24410863_289806",-3.9995394479919,-4.6901360651772,"Inflamed UC","Crypt-bottom fibroblast","P013","Fibroblast"
"SAM24410863_705799",1.86624948862309,3.63985050708843,"Inflamed UC","Activated crypt-top fibroblast","P013","Fibroblast"
"SAM24410863_539701",2.3173892963242,5.24132383853984,"Inflamed UC","Activated crypt-top fibroblast","P013","Fibroblast"
"SAM24410863_306257",-2.98972423192745,-1.63102828472066,"Inflamed UC","LP fibroblast","P013","Fibroblast"
"SAM24410863_81500",2.94789378526921,3.38171924144817,"Inflamed UC","Resting crypt-top fibroblast","P013","Fibroblast"
"SAM24410863_867631",3.15912197712178,2.74122489482952,"Inflamed UC","Resting crypt-top fibroblast","P013","Fibroblast"
"SAM24410863_445335",4.09302466544623,-4.04458533733296,"Inflamed UC","Inflammatory fibroblast","P013","Fibroblast"
"SAM24410863_413096",-3.38666303273921,-5.54288207500386,"Inflamed UC","Crypt-bottom fibroblast","P013","Fibroblast"
"SAM24410863_274497",-3.52524812337642,1.08617801458431,"Inflamed UC","LP fibroblast","P013","Fibroblast"
"SAM24410863_163048",-4.19801242467647,-5.46002112834858,"Inflamed UC","Crypt-bottom fibroblast","P013","Fibroblast"
"SAM24410863_690223",2.13090460184331,5.93926847965312,"Inflamed UC","Activated crypt-top fibroblast","P013","Fibroblast"
"SAM24410863_224632",-0.359308792321734,-2.43440114467549,"Inflamed UC","LP fibroblast","P013","Fibroblast"
"SAM24410863_597075",-2.92218692418819,-6.04350053279805,"Inflamed UC","Crypt-bottom fibroblast","P013","Fibroblast"
"SAM24410863_501126",-1.1603003275085,1.25477070600582,"Inflamed UC","LP fibroblast","P013","Fibroblast"
"SAM24410863_219628",3.12308429363484,4.1560918191154,"Inflamed UC","Resting crypt-top fibroblast","P013","Fibroblast"
"SAM24410863_305309",4.08545639920349,2.24270428211284,"Inflamed UC","Resting crypt-top fibroblast","P013","Fibroblast"
"SAM24410863_60882",-1.15120370504146,2.34991968662334,"Inflamed UC","Inflammatory fibroblast","P013","Fibroblast"
"SAM24410863_572767",2.74181060674901,4.59440387279582,"Inflamed UC","Resting crypt-top fibroblast","P013","Fibroblast"
"SAM24410863_566024",-3.68783290502315,-2.32136641948628,"Inflamed UC","LP fibroblast","P013","Fibroblast"
"SAM24410863_70449",3.01666884306187,1.9924823144157,"Inflamed UC","Resting crypt-top fibroblast","P013","Fibroblast"
"SAM24410863_663623",-2.10058028814083,0.925988862820391,"Inflamed UC","LP fibroblast","P013","Fibroblast"
"SAM24410863_184808",6.19082443598027,4.45535100490642,"Inflamed UC","Resting crypt-top fibroblast","P013","Fibroblast"
"SAM24410863_41587",2.39103667619938,4.89732540638042,"Inflamed UC","Activated crypt-top fibroblast","P013","Fibroblast"
"SAM24410863_66456",-4.77964027044063,-5.71168672054219,"Inflamed UC","Crypt-bottom fibroblast","P013","Fibroblast"
"SAM24410863_459604",2.15413575056309,6.14602745563579,"Inflamed UC","Inflammatory fibroblast","P013","Fibroblast"
"SAM24410863_427304",-3.03205592748409,0.547022605844263,"Inflamed UC","LP fibroblast","P013","Fibroblast"
"SAM24410863_627733",-2.27341325399166,0.943283418722872,"Inflamed UC","LP fibroblast","P013","Fibroblast"
"SAM24410863_91606",-4.54084689733272,-4.2719904085915,"Inflamed UC","Crypt-bottom fibroblast","P013","Fibroblast"
"SAM24410863_155536",-0.748638702600054,1.91860831768108,"Inflamed UC","Inflammatory fibroblast","P013","Fibroblast"
"SAM24410863_522203",2.66209225538487,4.36114157230449,"Inflamed UC","Activated crypt-top fibroblast","P013","Fibroblast"
"SAM24410863_182463",-2.45300109502559,-5.71878396480488,"Inflamed UC","Crypt-bottom fibroblast","P013","Fibroblast"
"SAM24410863_104326",2.69486372354741,5.70304382831645,"Inflamed UC","Activated crypt-top fibroblast","P013","Fibroblast"
"SAM24410863_785980",-1.31709392186885,0.224522451468233,"Inflamed UC","LP fibroblast","P013","Fibroblast"
"SAM24410863_656049",2.94291643980259,4.49031771213603,"Inflamed UC","Resting crypt-top fibroblast","P013","Fibroblast"
"SAM24410863_636453",3.47352205398793,3.38326395542217,"Inflamed UC","Resting crypt-top fibroblast","P013","Fibroblast"
"SAM24410863_313649",2.53194467905278,4.95750607044292,"Inflamed UC","Activated crypt-top fibroblast","P013","Fibroblast"
"SAM24410863_552273",3.02568941000218,3.39953578502727,"Inflamed UC","Resting crypt-top fibroblast","P013","Fibroblast"
"SAM24410863_120326",2.01892177942509,4.12731970340801,"Inflamed UC","Activated crypt-top fibroblast","P013","Fibroblast"
"SAM24410863_68381",3.88424413088078,-0.76829503982472,"Inflamed UC","Inflammatory fibroblast","P013","Fibroblast"
"SAM24410863_608746",-0.939228130548052,1.10435927898479,"Inflamed UC","LP fibroblast","P013","Fibroblast"
"SAM24410863_884691",5.46430556658024,2.54109562427593,"Inflamed UC","Activated crypt-top fibroblast","P013","Fibroblast"
"SAM24410863_181387",1.87350647333378,4.27451218158794,"Inflamed UC","Activated crypt-top fibroblast","P013","Fibroblast"
"SAM24410863_532166",4.19312115940566,2.07004643470836,"Inflamed UC","Resting crypt-top fibroblast","P013","Fibroblast"
"SAM24410863_11606",3.63529093745465,2.30605293304515,"Inflamed UC","Resting crypt-top fibroblast","P013","Fibroblast"
"SAM24410863_751989",-2.50823695775752,-6.01991712062764,"Inflamed UC","Crypt-bottom fibroblast","P013","Fibroblast"
"SAM24410863_159334",-0.0118871462035699,2.19033480674816,"Inflamed UC","Inflammatory fibroblast","P013","Fibroblast"
"SAM24410863_188689",-4.81395442601924,-1.18709742038655,"Inflamed UC","LP fibroblast","P013","Fibroblast"
"SAM24410863_295638",1.85993735674138,2.31643510849071,"Inflamed UC","Resting crypt-top fibroblast","P013","Fibroblast"
"SAM24410863_23021",2.08297698381657,3.84206164867473,"Inflamed UC","Activated crypt-top fibroblast","P013","Fibroblast"
"SAM24410863_726543",2.18039505365605,2.39022875816417,"Inflamed UC","Resting crypt-top fibroblast","P013","Fibroblast"
"SAM24410863_663685",3.71151210549588,4.54913676769329,"Inflamed UC","Activated crypt-top fibroblast","P013","Fibroblast"
"SAM24410863_795299",2.18249671343083,4.84576786548686,"Inflamed UC","Activated crypt-top fibroblast","P013","Fibroblast"
"SAM24410863_780638",3.09971265676732,2.91041887790752,"Inflamed UC","Resting crypt-top fibroblast","P013","Fibroblast"
"SAM24410863_678761",2.5493228900742,5.2860831120689,"Inflamed UC","Activated crypt-top fibroblast","P013","Fibroblast"
"SAM24410863_340852",2.38344602468724,2.84151137859416,"Inflamed UC","Resting crypt-top fibroblast","P013","Fibroblast"
"SAM24410863_869905",-1.44852025624996,1.19225228817058,"Inflamed UC","LP fibroblast","P013","Fibroblast"
"SAM24410863_825997",1.99585311296696,3.48317516834331,"Inflamed UC","Resting crypt-top fibroblast","P013","Fibroblast"
"SAM24410863_809831",1.38353960397954,2.84533179790569,"Inflamed UC","Resting crypt-top fibroblast","P013","Fibroblast"
"SAM24410863_435302",4.5842349994492,3.50455440074993,"Inflamed UC","Resting crypt-top fibroblast","P013","Fibroblast"
"SAM24410863_326918",3.59407882574315,3.61379874736858,"Inflamed UC","Resting crypt-top fibroblast","P013","Fibroblast"
"SAM24410863_593934",3.9416811037373,3.0293885567863,"Inflamed UC","Resting crypt-top fibroblast","P013","Fibroblast"
"SAM24410863_446949",3.52208535555119,2.27994884044719,"Inflamed UC","Resting crypt-top fibroblast","P013","Fibroblast"
"SAM24410863_569427",4.59075845959897,-0.529492964438673,"Inflamed UC","Inflammatory fibroblast","P013","Fibroblast"
"SAM24410863_843382",-1.74309642431026,1.19364852697444,"Inflamed UC","LP fibroblast","P013","Fibroblast"
"SAM24410863_66759",-2.37435062047725,-5.9804774424355,"Inflamed UC","Crypt-bottom fibroblast","P013","Fibroblast"
"SAM24410863_224594",4.2808023411345,-0.549423207930799,"Inflamed UC","Inflammatory fibroblast","P013","Fibroblast"
"SAM24410863_138041",-3.31444699880367,-5.71019278972554,"Inflamed UC","Crypt-bottom fibroblast","P013","Fibroblast"
"SAM24410863_339352",3.30032007578129,3.41016520053935,"Inflamed UC","Resting crypt-top fibroblast","P013","Fibroblast"
"SAM24410863_536965",-4.08324916478877,-5.4238515993874,"Inflamed UC","Crypt-bottom fibroblast","P013","Fibroblast"
"SAM24410863_518367",2.35319869402165,4.84567726642681,"Inflamed UC","Activated crypt-top fibroblast","P013","Fibroblast"
"SAM24410863_19201",3.01532773855443,5.4118884900291,"Inflamed UC","Activated crypt-top fibroblast","P013","Fibroblast"
"SAM24410863_437614",3.02217798116917,2.46249724418712,"Inflamed UC","Resting crypt-top fibroblast","P013","Fibroblast"
"SAM24410863_387085",2.89055888536686,4.22175730259014,"Inflamed UC","Resting crypt-top fibroblast","P013","Fibroblast"
"SAM24410863_437057",3.09476630571599,2.31305850536418,"Inflamed UC","Resting crypt-top fibroblast","P013","Fibroblast"
"SAM24410863_22988",4.12085600297733,2.28638292343212,"Inflamed UC","Resting crypt-top fibroblast","P013","Fibroblast"
"SAM24410863_86988",-2.83787353154903,-5.83078299968648,"Inflamed UC","Crypt-bottom fibroblast","P013","Fibroblast"
"SAM24410863_666382",4.36057129684205,-0.263650109462019,"Inflamed UC","Inflammatory fibroblast","P013","Fibroblast"
"SAM24410863_4751",2.19007401350255,1.45236975938869,"Inflamed UC","Resting crypt-top fibroblast","P013","Fibroblast"
"SAM24410863_208894",-5.23309428807979,-5.55149804561543,"Inflamed UC","Crypt-bottom fibroblast","P013","Fibroblast"
"SAM24410863_111382",3.20331643703694,3.47556484729839,"Inflamed UC","Resting crypt-top fibroblast","P013","Fibroblast"
"SAM24410863_460377",-2.51553542730098,-6.04681550472188,"Inflamed UC","Crypt-bottom fibroblast","P013","Fibroblast"
"SAM24410863_694121",3.71406446579213,3.22690547496868,"Inflamed UC","Resting crypt-top fibroblast","P013","Fibroblast"
"SAM24410863_46061",-3.43773276921993,-1.38812362163472,"Inflamed UC","LP fibroblast","P013","Fibroblast"
"SAM24410863_622138",-4.47995479223018,-4.92462645976948,"Inflamed UC","Crypt-bottom fibroblast","P013","Fibroblast"
"SAM24410863_476888",2.70934085729832,2.69410146267009,"Inflamed UC","Resting crypt-top fibroblast","P013","Fibroblast"
"SAM24410863_306734",3.32175456169362,2.34156490356517,"Inflamed UC","Resting crypt-top fibroblast","P013","Fibroblast"
"SAM24410863_142819",3.15659056785817,3.0359586575706,"Inflamed UC","Resting crypt-top fibroblast","P013","Fibroblast"
"SAM24410863_62003",2.84954051855321,5.85785854847026,"Inflamed UC","Activated crypt-top fibroblast","P013","Fibroblast"
"SAM24410863_477858",5.09182410124058,2.57958472759319,"Inflamed UC","Activated crypt-top fibroblast","P013","Fibroblast"
"SAM24410863_437360",-2.75763709661251,-5.64842473476338,"Inflamed UC","Crypt-bottom fibroblast","P013","Fibroblast"
"SAM24410863_797432",3.2030368316483,4.59021175891948,"Inflamed UC","Activated crypt-top fibroblast","P013","Fibroblast"
"SAM24410863_110560",-4.37175090429073,-5.29888211696553,"Inflamed UC","Crypt-bottom fibroblast","P013","Fibroblast"
"SAM24410863_687319",3.15513090971226,4.60804284603191,"Inflamed UC","Resting crypt-top fibroblast","P013","Fibroblast"
"SAM24410863_682591",6.10216657999272,0.169199685164217,"Inflamed UC","Resting crypt-top fibroblast","P013","Fibroblast"
"SAM24410863_417296",3.68411882403607,3.71871174366069,"Inflamed UC","Resting crypt-top fibroblast","P013","Fibroblast"
"SAM24410863_309243",0.951436446936079,-0.385620941809889,"Inflamed UC","LP fibroblast","P013","Fibroblast"
"SAM24410863_239309",2.82715134504551,5.25168360263896,"Inflamed UC","Activated crypt-top fibroblast","P013","Fibroblast"
"SAM24410863_729981",-3.24641616460567,-5.69808923213887,"Inflamed UC","Crypt-bottom fibroblast","P013","Fibroblast"
"SAM24410863_664235",3.226425217421,2.85338700801921,"Inflamed UC","Resting crypt-top fibroblast","P013","Fibroblast"
"SAM24410863_173065",3.04195408704991,3.68217457325054,"Inflamed UC","Resting crypt-top fibroblast","P013","Fibroblast"
"SAM24410863_42315",3.82653449657673,2.77802456409526,"Inflamed UC","Resting crypt-top fibroblast","P013","Fibroblast"
"SAM24410863_482075",3.2901322114777,3.14528668911052,"Inflamed UC","Resting crypt-top fibroblast","P013","Fibroblast"
"SAM24410863_469179",-5.1952763330627,-1.81885372608113,"Inflamed UC","LP fibroblast","P013","Fibroblast"
"SAM24410863_122863",-2.95283658620601,-5.74662362544941,"Inflamed UC","Crypt-bottom fibroblast","P013","Fibroblast"
"SAM24410863_634744",-1.27439220067745,1.38215542823863,"Inflamed UC","LP fibroblast","P013","Fibroblast"
"SAM24410863_758102",-4.61094577428585,-4.50626908748555,"Inflamed UC","Crypt-bottom fibroblast","P013","Fibroblast"
"SAM24410863_708275",1.81454341295476,3.55407060176921,"Inflamed UC","Activated crypt-top fibroblast","P013","Fibroblast"
"SAM24410863_663404",3.24424211862797,4.7476309636314,"Inflamed UC","Activated crypt-top fibroblast","P013","Fibroblast"
"SAM24410863_408802",-4.41859729406124,-3.11987625568318,"Inflamed UC","Crypt-bottom fibroblast","P013","Fibroblast"
"SAM24410863_115024",2.88244061353917,3.61739266902996,"Inflamed UC","Resting crypt-top fibroblast","P013","Fibroblast"
"SAM24410863_445298",2.78906373861546,5.4888943532188,"Inflamed UC","Activated crypt-top fibroblast","P013","Fibroblast"
"SAM24410863_220229",3.3688984382462,1.70057655365062,"Inflamed UC","Resting crypt-top fibroblast","P013","Fibroblast"
"SAM24410863_648353",-4.59109408971553,-5.48951112239766,"Inflamed UC","Crypt-bottom fibroblast","P013","Fibroblast"
"SAM24410863_728143",3.22840129020924,3.42592514545513,"Inflamed UC","Resting crypt-top fibroblast","P013","Fibroblast"
"SAM24410863_61456",3.19490413549656,3.57032621891094,"Inflamed UC","Resting crypt-top fibroblast","P013","Fibroblast"
"SAM24410863_73514",-4.21551234838252,-5.45943128078389,"Inflamed UC","Crypt-bottom fibroblast","P013","Fibroblast"
"SAM24410863_662379",3.13955007675404,1.87785471469951,"Inflamed UC","Resting crypt-top fibroblast","P013","Fibroblast"
"SAM24410863_391081",-3.48786790487056,-5.69759427516865,"Inflamed UC","Crypt-bottom fibroblast","P013","Fibroblast"
"SAM24410863_523257",-0.897709919183306,-2.49519502132344,"Inflamed UC","LP fibroblast","P013","Fibroblast"
"SAM24410863_727970",-4.14560706731563,-5.57887422054219,"Inflamed UC","Crypt-bottom fibroblast","P013","Fibroblast"
"SAM24410865_33105",5.10649143341298,-2.74792372196126,"Uninflamed UC","Inflammatory fibroblast","P014","Fibroblast"
"SAM24410865_721415",6.02142886999363,-1.02484559028554,"Uninflamed UC","Resting crypt-top fibroblast","P014","Fibroblast"
"SAM24410865_177798",1.61063592317814,-0.261710276297804,"Uninflamed UC","LP fibroblast","P014","Fibroblast"
"SAM24410865_868536",1.89499275568242,4.22165001422954,"Uninflamed UC","Activated crypt-top fibroblast","P014","Fibroblast"
"SAM24410865_16312",0.544649289877363,0.662093760975127,"Uninflamed UC","LP fibroblast","P014","Fibroblast"
"SAM24410865_26574",-1.14437253591304,2.40903783828807,"Uninflamed UC","Inflammatory fibroblast","P014","Fibroblast"
"SAM24410865_180493",-4.40326984044795,-5.41470252483296,"Uninflamed UC","Crypt-bottom fibroblast","P014","Fibroblast"
"SAM24410865_374183",-2.71643121358638,-6.00239335506367,"Uninflamed UC","Crypt-bottom fibroblast","P014","Fibroblast"
"SAM24410865_571788",3.51502107265706,-0.734744777373548,"Uninflamed UC","Inflammatory fibroblast","P014","Fibroblast"
"SAM24410865_657227",-4.92274196264034,-4.49593411891865,"Uninflamed UC","Crypt-bottom fibroblast","P014","Fibroblast"
"SAM24410865_762182",-5.90745360967403,-1.79934512584614,"Uninflamed UC","LP fibroblast","P014","Fibroblast"
"SAM24410865_385881",4.25305588725323,4.51267112285686,"Uninflamed UC","Resting crypt-top fibroblast","P014","Fibroblast"
"SAM24410866_31737",6.09298210027928,4.52797187358928,"Inflamed UC","Resting crypt-top fibroblast","P014","Fibroblast"
"SAM24410866_234195",4.13812398347373,-4.0224057337563,"Inflamed UC","Inflammatory fibroblast","P014","Fibroblast"
"SAM24410866_239681",4.36406120839829,-2.11876784770894,"Inflamed UC","Inflammatory fibroblast","P014","Fibroblast"
"SAM24410866_804590",3.54759662035222,2.22274507076335,"Inflamed UC","Resting crypt-top fibroblast","P014","Fibroblast"
"SAM24410866_98364",6.1659251916718,-2.44472896068501,"Inflamed UC","Inflammatory fibroblast","P014","Fibroblast"
"SAM24410866_661831",6.16702358606572,0.194555381842379,"Inflamed UC","Resting crypt-top fibroblast","P014","Fibroblast"
"SAM24410866_62606",-5.38916690465694,-5.99284612148213,"Inflamed UC","Crypt-bottom fibroblast","P014","Fibroblast"
"SAM24410866_462199",6.06401996496434,-0.156391372374769,"Inflamed UC","Resting crypt-top fibroblast","P014","Fibroblast"
"SAM24410866_315094",5.18360750559086,-1.24387954681325,"Inflamed UC","Inflammatory fibroblast","P014","Fibroblast"
"SAM24410871_45351",1.1807629335236,4.23009575397563,"Uninflamed UC","Activated crypt-top fibroblast","P016","Fibroblast"
"SAM24410871_233557",-2.88866860982662,-5.46365128963398,"Uninflamed UC","Crypt-bottom fibroblast","P016","Fibroblast"
"SAM24410871_52521",-2.90307004567867,-0.773804416350599,"Uninflamed UC","LP fibroblast","P016","Fibroblast"
"SAM24410871_126559",-3.17558057424312,0.973672399826769,"Uninflamed UC","LP fibroblast","P016","Fibroblast"
"SAM24410871_522192",4.77954743984456,4.55390919239116,"Uninflamed UC","Resting crypt-top fibroblast","P016","Fibroblast"
"SAM24410871_836567",0.895509647161909,5.00765265018535,"Uninflamed UC","Activated crypt-top fibroblast","P016","Fibroblast"
"SAM24410871_597946",-2.9795723688293,-5.96850692241597,"Uninflamed UC","Crypt-bottom fibroblast","P016","Fibroblast"
"SAM24410871_851283",-2.78226955053096,-5.96766673534321,"Uninflamed UC","Crypt-bottom fibroblast","P016","Fibroblast"
"SAM24410871_283841",-4.44270331975704,-0.789628734282728,"Uninflamed UC","LP fibroblast","P016","Fibroblast"
"SAM24410871_168944",-4.72472961065059,-4.3764849802773,"Uninflamed UC","Crypt-bottom fibroblast","P016","Fibroblast"
"SAM24410871_855081",-5.11886699315792,-0.543307532958265,"Uninflamed UC","LP fibroblast","P016","Fibroblast"
"SAM24410871_2924",-3.76976354238277,-0.29718463628697,"Uninflamed UC","LP fibroblast","P016","Fibroblast"
"SAM24410871_436221",-5.0518494379211,-5.20376073329854,"Uninflamed UC","Crypt-bottom fibroblast","P016","Fibroblast"
"SAM24410871_345983",-4.19518478032833,-0.503385414771314,"Uninflamed UC","LP fibroblast","P016","Fibroblast"
"SAM24410871_857233",4.37674270752186,4.44397462398601,"Uninflamed UC","Resting crypt-top fibroblast","P016","Fibroblast"
"SAM24410871_880567",4.79487525108571,4.44355500728679,"Uninflamed UC","Resting crypt-top fibroblast","P016","Fibroblast"
"SAM24410871_754720",4.05141604873652,4.31311262638164,"Uninflamed UC","Resting crypt-top fibroblast","P016","Fibroblast"
"SAM24410871_188870",3.07495109918828,4.30724442989421,"Uninflamed UC","Activated crypt-top fibroblast","P016","Fibroblast"
"SAM24410872_213588",3.62584947231526,-0.815006365470167,"Inflamed UC","Inflammatory fibroblast","P016","Fibroblast"
"SAM24410872_467610",1.58156721475834,2.69565928966594,"Inflamed UC","Resting crypt-top fibroblast","P016","Fibroblast"
"SAM24410872_201409",-1.2125259172607,2.43015635997844,"Inflamed UC","Inflammatory fibroblast","P016","Fibroblast"
"SAM24410872_175356",-3.52689225789791,-1.97087871044087,"Inflamed UC","LP fibroblast","P016","Fibroblast"
"SAM24410872_104432",-1.12552077886348,0.853061000414614,"Inflamed UC","LP fibroblast","P016","Fibroblast"
"SAM24410872_741558",5.61712388876195,2.56745983154369,"Inflamed UC","Activated crypt-top fibroblast","P016","Fibroblast"
"SAM24410872_321695",1.34948913934941,3.78152669460369,"Inflamed UC","Activated crypt-top fibroblast","P016","Fibroblast"
"SAM24410872_500716",3.55422984245534,2.09523380786968,"Inflamed UC","Resting crypt-top fibroblast","P016","Fibroblast"
"SAM24410872_237023",-3.20088966008907,-1.20545863120961,"Inflamed UC","LP fibroblast","P016","Fibroblast"
"SAM24410872_215598",-4.01117522832637,-5.50703298061299,"Inflamed UC","Crypt-bottom fibroblast","P016","Fibroblast"
"SAM24410872_809235",-5.08264358159786,-4.64972697704243,"Inflamed UC","Crypt-bottom fibroblast","P016","Fibroblast"
"SAM24410872_844260",-2.48523957845455,-0.824896206549879,"Inflamed UC","LP fibroblast","P016","Fibroblast"
"SAM24410872_252429",0.659400628836103,3.73717797786785,"Inflamed UC","Activated crypt-top fibroblast","P016","Fibroblast"
"SAM24410872_341598",6.12167303446049,-0.324441899947401,"Inflamed UC","Resting crypt-top fibroblast","P016","Fibroblast"
"SAM24410872_777926",-2.67021281835323,-5.99008046596455,"Inflamed UC","Crypt-bottom fibroblast","P016","Fibroblast"
"SAM24410872_584823",2.7206114995789,2.53967965633464,"Inflamed UC","Resting crypt-top fibroblast","P016","Fibroblast"
"SAM24410872_131445",-4.14939220067745,-2.36716019123005,"Inflamed UC","LP fibroblast","P016","Fibroblast"
"SAM24410872_728745",1.71439711931462,5.71294439823223,"Inflamed UC","Activated crypt-top fibroblast","P016","Fibroblast"
"SAM24410872_188800",0.36312072160954,-0.482316364936109,"Inflamed UC","LP fibroblast","P016","Fibroblast"
"SAM24410872_341375",-2.46604497548824,-5.77787028758931,"Inflamed UC","Crypt-bottom fibroblast","P016","Fibroblast"
"SAM24410872_28255",-2.6478286516357,-2.65614925830769,"Inflamed UC","LP fibroblast","P016","Fibroblast"
"SAM24410872_346828",-5.92175967809444,-1.74372636287617,"Inflamed UC","LP fibroblast","P016","Fibroblast"
"SAM24410872_167120",-3.72212464925533,0.477262283273463,"Inflamed UC","LP fibroblast","P016","Fibroblast"
"SAM24410872_309608",2.76475922945256,2.75847090274883,"Inflamed UC","Resting crypt-top fibroblast","P016","Fibroblast"
"SAM24410872_272541",-3.00685842153316,-5.8359290262978,"Inflamed UC","Crypt-bottom fibroblast","P016","Fibroblast"
"SAM24410872_221973",1.91959516885991,3.44701922924114,"Inflamed UC","Activated crypt-top fibroblast","P016","Fibroblast"
"SAM24410872_788458",-3.10904271718746,1.45020903141094,"Inflamed UC","LP fibroblast","P016","Fibroblast"
"SAM24410872_96999",-1.62910039541011,-0.689592709235426,"Inflamed UC","LP fibroblast","P016","Fibroblast"
"SAM24410872_96374",1.77754657152409,3.2882107594688,"Inflamed UC","Activated crypt-top fibroblast","P016","Fibroblast"
"SAM24410872_373758",-4.77892215368038,-4.06028424709248,"Inflamed UC","Crypt-bottom fibroblast","P016","Fibroblast"
"SAM24410872_290005",-3.92587573644405,-1.4247814318459,"Inflamed UC","LP fibroblast","P016","Fibroblast"
"SAM24410872_309003",1.10501043680424,-0.0290014645378549,"Inflamed UC","LP fibroblast","P016","Fibroblast"
"SAM24410872_882097",-3.85595328923946,-2.08269893138814,"Inflamed UC","LP fibroblast","P016","Fibroblast"
"SAM24410872_493639",2.82085959795231,1.65344131977153,"Inflamed UC","Resting crypt-top fibroblast","P016","Fibroblast"
"SAM24410872_705244",-3.83956678029781,-2.71714793651509,"Inflamed UC","LP fibroblast","P016","Fibroblast"
"SAM24410872_730082",-2.42654283162837,0.535564082272772,"Inflamed UC","LP fibroblast","P016","Fibroblast"
"SAM24410872_473314",-4.56170661565547,-1.63971148937153,"Inflamed UC","LP fibroblast","P016","Fibroblast"
"SAM24410872_84996",5.14038841608281,4.1306499341209,"Inflamed UC","Resting crypt-top fibroblast","P016","Fibroblast"
"SAM24410872_582247",3.30082743051762,3.86506975681377,"Inflamed UC","Resting crypt-top fibroblast","P016","Fibroblast"
"SAM24410872_425168",-5.43876655217891,-6.15228330104756,"Inflamed UC","Crypt-bottom fibroblast","P016","Fibroblast"
"SAM24410872_749794",2.6994374263596,5.89299763233257,"Inflamed UC","Activated crypt-top fibroblast","P016","Fibroblast"
"SAM24410872_305360",3.32123153093571,3.19051588565898,"Inflamed UC","Resting crypt-top fibroblast","P016","Fibroblast"
"SAM24410872_815999",4.95329253557438,3.95406330616069,"Inflamed UC","Resting crypt-top fibroblast","P016","Fibroblast"
"SAM24410872_608823",-0.9204378854919,-2.74291931598591,"Inflamed UC","LP fibroblast","P016","Fibroblast"
"SAM24410872_611682",3.96581252101178,2.70639861614299,"Inflamed UC","Resting crypt-top fibroblast","P016","Fibroblast"
"SAM24410872_240455",-4.90384967443233,-3.44776116817402,"Inflamed UC","Crypt-bottom fibroblast","P016","Fibroblast"
"SAM24410872_855013",4.17010642397518,2.27623058349681,"Inflamed UC","Resting crypt-top fibroblast","P016","Fibroblast"
"SAM24410872_404002",-4.81868846532588,-4.65090667217183,"Inflamed UC","Crypt-bottom fibroblast","P016","Fibroblast"
"SAM24410872_643023",3.07217221143956,4.34809530765605,"Inflamed UC","Resting crypt-top fibroblast","P016","Fibroblast"
"SAM24410872_155114",-4.84441383001094,-3.44920932262349,"Inflamed UC","Crypt-bottom fibroblast","P016","Fibroblast"
"SAM24410872_442527",1.52748291376347,3.64971245319438,"Inflamed UC","Activated crypt-top fibroblast","P016","Fibroblast"
"SAM24410872_748284",5.03376572015996,4.88871658832622,"Inflamed UC","Resting crypt-top fibroblast","P016","Fibroblast"
"SAM24410872_3934",-4.76852519628292,-2.66212879627156,"Inflamed UC","LP fibroblast","P016","Fibroblast"
"SAM24410872_729680",1.8332676160645,1.00177798659397,"Inflamed UC","Resting crypt-top fibroblast","P016","Fibroblast"
"SAM24410872_463072",1.32314269426579,1.59589822084499,"Inflamed UC","Resting crypt-top fibroblast","P016","Fibroblast"
"SAM24410872_88388",2.7260339725327,5.07643879444194,"Inflamed UC","Activated crypt-top fibroblast","P016","Fibroblast"
"SAM24411909_367751",-5.37058360692745,-5.95441638439106,"Uninflamed UC","Crypt-bottom fibroblast","P017","Fibroblast"
"SAM24411909_468336",3.25730519178624,3.08643473178935,"Uninflamed UC","Resting crypt-top fibroblast","P017","Fibroblast"
"SAM24411909_277280",-1.62707049962764,-1.3902662894051,"Uninflamed UC","LP fibroblast","P017","Fibroblast"
"SAM24411909_693055",-5.14449794408565,-0.495534410170789,"Uninflamed UC","LP fibroblast","P017","Fibroblast"
"SAM24411909_876023",-3.59237392064815,-2.04058920352864,"Uninflamed UC","LP fibroblast","P017","Fibroblast"
"SAM24411909_696581",-4.61869533178096,-1.14392994850087,"Uninflamed UC","LP fibroblast","P017","Fibroblast"
"SAM24411909_427252",-5.06891639348751,-4.18085252254414,"Uninflamed UC","Crypt-bottom fibroblast","P017","Fibroblast"
"SAM24411909_448271",-5.86816318151241,-1.81990992038655,"Uninflamed UC","LP fibroblast","P017","Fibroblast"
"SAM24411909_86230",-2.90106256124263,-0.721338858298536,"Uninflamed UC","LP fibroblast","P017","Fibroblast"
"SAM24411909_29390",-3.71502215978389,-1.23613463848042,"Uninflamed UC","LP fibroblast","P017","Fibroblast"
"SAM24411909_769827",-6.05593783971553,-1.4956461092751,"Uninflamed UC","LP fibroblast","P017","Fibroblast"
"SAM24411909_759764",4.77027647379155,4.70365084201885,"Uninflamed UC","Resting crypt-top fibroblast","P017","Fibroblast"
"SAM24411909_449220",3.7841074931931,4.15962112934185,"Uninflamed UC","Resting crypt-top fibroblast","P017","Fibroblast"
"SAM24411909_114653",-3.28483350393062,0.443211699434046,"Uninflamed UC","LP fibroblast","P017","Fibroblast"
"SAM24411909_856762",-3.31859643575435,-1.76166402309346,"Uninflamed UC","LP fibroblast","P017","Fibroblast"
"SAM24411909_565588",1.70572750452275,4.05780352146221,"Uninflamed UC","Activated crypt-top fibroblast","P017","Fibroblast"
"SAM24411909_176135",1.16254060152287,0.0167796710212271,"Uninflamed UC","LP fibroblast","P017","Fibroblast"
"SAM24411909_674202",-2.66479928609615,-6.01147567241597,"Uninflamed UC","Crypt-bottom fibroblast","P017","Fibroblast"
"SAM24411909_104604",-2.46475656148677,-4.04950295894551,"Uninflamed UC","Resting crypt-top fibroblast","P017","Fibroblast"
"SAM24411909_527675",-2.90829093572383,-6.10937463252949,"Uninflamed UC","Crypt-bottom fibroblast","P017","Fibroblast"
"SAM24411909_476514",-4.29690463659053,-0.497896423033949,"Uninflamed UC","LP fibroblast","P017","Fibroblast"
"SAM24411909_120281",2.90243701818699,1.66401685268474,"Uninflamed UC","Resting crypt-top fibroblast","P017","Fibroblast"
"SAM24411909_363447",2.16796259763951,4.21487439663005,"Uninflamed UC","Activated crypt-top fibroblast","P017","Fibroblast"
"SAM24411909_402287",-3.78568990346675,-0.0445698401253183,"Uninflamed UC","LP fibroblast","P017","Fibroblast"
"SAM24411909_508209",-5.12714393255001,-0.8396185538094,"Uninflamed UC","LP fibroblast","P017","Fibroblast"
"SAM24411909_871594",-4.65339572545772,-1.0518019100945,"Uninflamed UC","LP fibroblast","P017","Fibroblast"
"SAM24411909_4304",4.81603406551594,4.40250314266277,"Uninflamed UC","Resting crypt-top fibroblast","P017","Fibroblast"
"SAM24411909_297229",4.47445495608563,4.97433508426738,"Uninflamed UC","Resting crypt-top fibroblast","P017","Fibroblast"
"SAM24411909_480593",-3.69924552556758,0.621701553993348,"Uninflamed UC","LP fibroblast","P017","Fibroblast"
"SAM24411909_539929",3.9543741512608,4.4764055112083,"Uninflamed UC","Resting crypt-top fibroblast","P017","Fibroblast"
"SAM24411909_54130",-3.94789989110713,-0.598642697028394,"Uninflamed UC","LP fibroblast","P017","Fibroblast"
"SAM24411909_757204",-4.97001369115596,-4.2432137629311,"Uninflamed UC","Crypt-bottom fibroblast","P017","Fibroblast"
"SAM24411909_179305",4.0013537499618,4.57474912197185,"Uninflamed UC","Resting crypt-top fibroblast","P017","Fibroblast"
"SAM24411909_698418",3.4829166400742,3.82112921268535,"Uninflamed UC","Resting crypt-top fibroblast","P017","Fibroblast"
"SAM24411909_664592",-5.33109481450801,-5.92775689571309,"Uninflamed UC","Crypt-bottom fibroblast","P017","Fibroblast"
"SAM24411909_398362",0.69530861261601,4.58199490100933,"Uninflamed UC","Activated crypt-top fibroblast","P017","Fibroblast"
"SAM24411909_575801",-4.24221332189327,-0.343196322612043,"Uninflamed UC","LP fibroblast","P017","Fibroblast"
"SAM24411909_756043",-3.64872939702754,1.00735403091503,"Uninflamed UC","LP fibroblast","P017","Fibroblast"
"SAM24411909_522758",3.04912905576939,3.79275001079631,"Uninflamed UC","Resting crypt-top fibroblast","P017","Fibroblast"
"SAM24411909_78942",-2.7907820474792,-5.97654592006611,"Uninflamed UC","Crypt-bottom fibroblast","P017","Fibroblast"
"SAM24411909_70213",5.17950479868168,3.8627272942741,"Uninflamed UC","Resting crypt-top fibroblast","P017","Fibroblast"
"SAM24411909_606715",-4.33911998388057,-3.18591677158284,"Uninflamed UC","Crypt-bottom fibroblast","P017","Fibroblast"
"SAM24411909_340216",3.16832487467045,2.88503612072063,"Uninflamed UC","Resting crypt-top fibroblast","P017","Fibroblast"
"SAM24411909_104208",-4.59951026555782,-1.85555898158955,"Uninflamed UC","LP fibroblast","P017","Fibroblast"
"SAM24411909_593202",1.43004529360051,5.21081388980937,"Uninflamed UC","Activated crypt-top fibroblast","P017","Fibroblast"
"SAM24411909_806744",-4.6880331766296,-3.50978671520161,"Uninflamed UC","LP fibroblast","P017","Fibroblast"
"SAM24411909_41654",3.05442910078282,4.1899966099937,"Uninflamed UC","Resting crypt-top fibroblast","P017","Fibroblast"
"SAM24411909_536456",1.92930905702824,4.21287025005413,"Uninflamed UC","Activated crypt-top fibroblast","P017","Fibroblast"
"SAM24411909_660856",4.3100739884686,4.16497458011699,"Uninflamed UC","Resting crypt-top fibroblast","P017","Fibroblast"
"SAM24411909_275006",5.12474732282872,5.18126095325542,"Uninflamed UC","Resting crypt-top fibroblast","P017","Fibroblast"
"SAM24411909_724942",-4.33961207982784,-2.1969355246346,"Uninflamed UC","LP fibroblast","P017","Fibroblast"
"SAM24411909_17887",3.04172651651616,5.5135091641624,"Uninflamed UC","Activated crypt-top fibroblast","P017","Fibroblast"
"SAM24411909_811213",-4.72998817083126,-1.14935635536122,"Uninflamed UC","LP fibroblast","P017","Fibroblast"
"SAM24411909_699813",-4.83335883733516,-0.43771003692555,"Uninflamed UC","LP fibroblast","P017","Fibroblast"
"SAM24411909_491304",3.50925485971684,3.61345423252178,"Uninflamed UC","Resting crypt-top fibroblast","P017","Fibroblast"
"SAM24411909_54339",3.65894697788472,3.75324691326213,"Uninflamed UC","Resting crypt-top fibroblast","P017","Fibroblast"
"SAM24411909_459668",1.88156788233037,1.01063270361019,"Uninflamed UC","Resting crypt-top fibroblast","P017","Fibroblast"
"SAM24411909_821748",3.1561806071114,2.89951528102947,"Uninflamed UC","Resting crypt-top fibroblast","P017","Fibroblast"
"SAM24411909_520465",2.71611337545628,5.25053490192485,"Uninflamed UC","Activated crypt-top fibroblast","P017","Fibroblast"
"SAM24411909_811641",2.11580126169438,4.23097027332378,"Uninflamed UC","Activated crypt-top fibroblast","P017","Fibroblast"
"SAM24411909_143975",5.08386390093083,3.9960850575645,"Uninflamed UC","Resting crypt-top fibroblast","P017","Fibroblast"
"SAM24411909_201398",-3.57833583471065,0.0247724154670279,"Uninflamed UC","LP fibroblast","P017","Fibroblast"
"SAM24411909_175361",3.08520655515904,3.92917073757244,"Uninflamed UC","Resting crypt-top fibroblast","P017","Fibroblast"
"SAM24411909_230842",-4.50519187566524,-3.72280417888569,"Uninflamed UC","Crypt-bottom fibroblast","P017","Fibroblast"
"SAM24411909_352538",2.72815399053807,4.65792931110454,"Uninflamed UC","Activated crypt-top fibroblast","P017","Fibroblast"
"SAM24411909_571393",1.26729385736699,1.55995864660335,"Uninflamed UC","Resting crypt-top fibroblast","P017","Fibroblast"
"SAM24411909_422538",2.46532742861027,5.90421284229351,"Uninflamed UC","Activated crypt-top fibroblast","P017","Fibroblast"
"SAM24411909_847544",2.60088496092076,5.16835869342876,"Uninflamed UC","Activated crypt-top fibroblast","P017","Fibroblast"
"SAM24411909_672119",-4.12982661840206,-0.349853923014875,"Uninflamed UC","LP fibroblast","P017","Fibroblast"
"SAM24411910_244042",6.17046396616215,-0.259217371634718,"Inflamed UC","Resting crypt-top fibroblast","P017","Fibroblast"
"SAM24411910_718445",-2.27521426793819,-0.382911314658399,"Inflamed UC","LP fibroblast","P017","Fibroblast"
"SAM24411910_116610",5.51178579214329,-2.30569397418904,"Inflamed UC","Inflammatory fibroblast","P017","Fibroblast"
"SAM24411910_84781",5.63049607160801,2.54460800678325,"Inflamed UC","Activated crypt-top fibroblast","P017","Fibroblast"
"SAM24411910_542330",5.49194567087407,4.90095222980571,"Inflamed UC","Resting crypt-top fibroblast","P017","Fibroblast"
"SAM24411910_761342",-5.25462634679561,-5.86390077083516,"Inflamed UC","Crypt-bottom fibroblast","P017","Fibroblast"
"SAM24411910_534819",1.9209186303925,5.49640549213481,"Inflamed UC","Activated crypt-top fibroblast","P017","Fibroblast"
"SAM24411910_221854",3.48867683294529,-0.951063146285291,"Inflamed UC","Inflammatory fibroblast","P017","Fibroblast"
"SAM24411910_652545",6.31182591799016,0.309642354555849,"Inflamed UC","Resting crypt-top fibroblast","P017","Fibroblast"
"SAM24411910_675257",3.49393849256749,2.01821661979747,"Inflamed UC","Resting crypt-top fibroblast","P017","Fibroblast"
"SAM24411910_186365",5.18324332121129,-1.98148571460652,"Inflamed UC","Inflammatory fibroblast","P017","Fibroblast"
"SAM24411910_757730",-5.50147826787715,-6.20039521663594,"Inflamed UC","Crypt-bottom fibroblast","P017","Fibroblast"
"SAM24411910_676383",4.39950119140858,4.74073828250957,"Inflamed UC","Resting crypt-top fibroblast","P017","Fibroblast"
"SAM24411910_128217",6.14066617372746,0.00969458610606599,"Inflamed UC","Resting crypt-top fibroblast","P017","Fibroblast"
"SAM24411910_105699",5.48453729036564,-1.57658015697407,"Inflamed UC","Inflammatory fibroblast","P017","Fibroblast"
"SAM24411910_659136",5.24003248098607,5.25486792118144,"Inflamed UC","Resting crypt-top fibroblast","P017","Fibroblast"
"SAM24411910_222620",6.07615868929143,4.59027231723857,"Inflamed UC","Resting crypt-top fibroblast","P017","Fibroblast"
"SAM24411910_127254",-1.66186244603877,1.26319850475383,"Inflamed UC","LP fibroblast","P017","Fibroblast"
"SAM24411910_345361",-1.16148812886959,2.35131634265972,"Inflamed UC","Inflammatory fibroblast","P017","Fibroblast"
"SAM24411910_733852",-3.26349837896114,-4.04713880031514,"Inflamed UC","Resting crypt-top fibroblast","P017","Fibroblast"
"SAM24411910_600563",1.83517258051152,2.18809581787181,"Inflamed UC","Resting crypt-top fibroblast","P017","Fibroblast"
"SAM24411910_380637",2.65830902937169,2.95449842006755,"Inflamed UC","Resting crypt-top fibroblast","P017","Fibroblast"
"SAM24411910_507826",-2.86652333852535,0.312557289906267,"Inflamed UC","LP fibroblast","P017","Fibroblast"
"SAM24411910_194717",-0.399130893914752,-2.62764226406025,"Inflamed UC","LP fibroblast","P017","Fibroblast"
"SAM24411910_324324",-4.06651694890743,-2.88789473979878,"Inflamed UC","LP fibroblast","P017","Fibroblast"
"SAM24411910_114851",1.67943708780522,2.53107286483837,"Inflamed UC","Resting crypt-top fibroblast","P017","Fibroblast"
"SAM24411910_126184",-4.60053641912227,-4.15477191417622,"Inflamed UC","Crypt-bottom fibroblast","P017","Fibroblast"
"SAM24411910_802391",6.13170044306035,0.216830054827456,"Inflamed UC","Resting crypt-top fibroblast","P017","Fibroblast"
"SAM24411910_267093",5.02856962564702,4.90960253269268,"Inflamed UC","Resting crypt-top fibroblast","P017","Fibroblast"
"SAM24411910_129664",-0.978648258416705,-2.78715502231526,"Inflamed UC","LP fibroblast","P017","Fibroblast"
"SAM24411910_752188",-3.50975329992061,-3.61119853465962,"Inflamed UC","LP fibroblast","P017","Fibroblast"
"SAM24411910_839038",4.41522638681645,-1.69876467197346,"Inflamed UC","Inflammatory fibroblast","P017","Fibroblast"
"SAM24411910_806513",3.38991187694783,-0.595546831778761,"Inflamed UC","Inflammatory fibroblast","P017","Fibroblast"
"SAM24411910_829655",-2.35837228414302,0.95319629699779,"Inflamed UC","LP fibroblast","P017","Fibroblast"
"SAM24411910_365664",4.10007275822873,2.4779148200233,"Inflamed UC","Resting crypt-top fibroblast","P017","Fibroblast"
"SAM24411910_600374",-1.32828815099483,1.44736636669231,"Inflamed UC","LP fibroblast","P017","Fibroblast"
"SAM24411910_359123",0.979767726690717,3.6337553361137,"Inflamed UC","Activated crypt-top fibroblast","P017","Fibroblast"
"SAM24411910_718486",-3.2912760507751,-3.6940194269936,"Inflamed UC","LP fibroblast","P017","Fibroblast"
"SAM24411910_598535",4.45990051511044,-0.293494631938215,"Inflamed UC","Inflammatory fibroblast","P017","Fibroblast"
"SAM24411910_822733",2.85960428598637,5.94494427234722,"Inflamed UC","Activated crypt-top fibroblast","P017","Fibroblast"
"SAM24411910_504865",5.21464364412541,-1.17893825977254,"Inflamed UC","Inflammatory fibroblast","P017","Fibroblast"
"SAM24411910_526062",-3.1380515825439,1.34354598314357,"Inflamed UC","LP fibroblast","P017","Fibroblast"
"SAM24411910_819472",3.94700887981171,-2.09517632930684,"Inflamed UC","Inflammatory fibroblast","P017","Fibroblast"
"SAM24411910_386834",2.60193877104039,2.29616225750041,"Inflamed UC","Resting crypt-top fibroblast","P017","Fibroblast"
"SAM24411910_105965",5.04197387579197,-1.64614640682149,"Inflamed UC","Inflammatory fibroblast","P017","Fibroblast"
"SAM24411910_195756",6.09682659986729,4.54500592739177,"Inflamed UC","Resting crypt-top fibroblast","P017","Fibroblast"
"SAM24411910_720053",4.10657603848095,2.09591389686656,"Inflamed UC","Resting crypt-top fibroblast","P017","Fibroblast"
"SAM24412534_269873",2.85672728899235,4.58357156307292,"Uninflamed UC","Activated crypt-top fibroblast","P019","Fibroblast"
"SAM24412534_110751",2.834241913588,5.23575581104351,"Uninflamed UC","Activated crypt-top fibroblast","P019","Fibroblast"
"SAM24412534_411869",-4.90919692632442,-0.831441988639112,"Uninflamed UC","LP fibroblast","P019","Fibroblast"
"SAM24412534_619583",3.10630671861882,5.38665998966289,"Uninflamed UC","Activated crypt-top fibroblast","P019","Fibroblast"
"SAM24412534_9046",-4.43495757695919,-2.14717971294331,"Uninflamed UC","LP fibroblast","P019","Fibroblast"
"SAM24412534_812088",-4.30619628545528,-2.26216374843525,"Uninflamed UC","LP fibroblast","P019","Fibroblast"
"SAM24412534_269092",-3.03760869619136,-3.83404695003438,"Uninflamed UC","Resting crypt-top fibroblast","P019","Fibroblast"
"SAM24412534_667127",-2.52328450795894,0.625917345814828,"Uninflamed UC","LP fibroblast","P019","Fibroblast"
"SAM24412534_612807",-2.79472406026607,0.313821236201052,"Uninflamed UC","LP fibroblast","P019","Fibroblast"
"SAM24412534_32103",-4.61063773748165,-3.38113938777852,"Uninflamed UC","Crypt-bottom fibroblast","P019","Fibroblast"
"SAM24412534_460686",-3.75677306768184,-0.249594678572889,"Uninflamed UC","LP fibroblast","P019","Fibroblast"
"SAM24412534_647559",-3.21353585836177,-2.74773632495808,"Uninflamed UC","LP fibroblast","P019","Fibroblast"
"SAM24412534_65564",-3.50305707570796,-0.523390998534437,"Uninflamed UC","LP fibroblast","P019","Fibroblast"
"SAM24412534_402808",-4.14119441625362,-2.15649353473591,"Uninflamed UC","LP fibroblast","P019","Fibroblast"
"SAM24412534_503057",-3.54611022588497,0.56525534630609,"Uninflamed UC","LP fibroblast","P019","Fibroblast"
"SAM24412534_817184",-3.24749524709468,-0.203138401202436,"Uninflamed UC","LP fibroblast","P019","Fibroblast"
"SAM24412534_100693",-3.3852930795837,1.08636255056453,"Uninflamed UC","LP fibroblast","P019","Fibroblast"
"SAM24412534_537217",-3.16494948980098,-0.769511212996717,"Uninflamed UC","LP fibroblast","P019","Fibroblast"
"SAM24412534_50774",-4.60367400762325,-2.36770020931172,"Uninflamed UC","LP fibroblast","P019","Fibroblast"
"SAM24412534_183437",2.92903630617375,5.26829851657939,"Uninflamed UC","Activated crypt-top fibroblast","P019","Fibroblast"
"SAM24412534_398702",-3.41607673284297,-0.523061504058119,"Uninflamed UC","LP fibroblast","P019","Fibroblast"
"SAM24412534_433003",-3.64443452474361,-2.89049993961262,"Uninflamed UC","LP fibroblast","P019","Fibroblast"
"SAM24412534_183714",2.0608968007874,5.76808012516094,"Uninflamed UC","Activated crypt-top fibroblast","P019","Fibroblast"
"SAM24412534_286781",-4.5334110986877,-2.60745703189778,"Uninflamed UC","LP fibroblast","P019","Fibroblast"
"SAM24412534_289425",-5.25167186376338,-1.54827629535603,"Uninflamed UC","LP fibroblast","P019","Fibroblast"
"SAM24412534_58369",-5.77459342595821,-1.62553583591389,"Uninflamed UC","LP fibroblast","P019","Fibroblast"
"SAM24412534_632200",-4.39563377019649,-2.99438654392171,"Uninflamed UC","Crypt-bottom fibroblast","P019","Fibroblast"
"SAM24412534_413827",-4.41726691838985,-2.53504525630879,"Uninflamed UC","LP fibroblast","P019","Fibroblast"
"SAM24412534_90708",-4.40329272863155,-2.31539927928853,"Uninflamed UC","LP fibroblast","P019","Fibroblast"
"SAM24412534_455320",-4.18037612554317,-1.39300285785603,"Uninflamed UC","LP fibroblast","P019","Fibroblast"
"SAM24412534_302032",-0.961918903558306,-2.88082539050984,"Uninflamed UC","LP fibroblast","P019","Fibroblast"
"SAM24412534_550581",-3.50381524678951,-1.95599090068745,"Uninflamed UC","LP fibroblast","P019","Fibroblast"
"SAM24412534_382488",-4.03719241735225,-1.20631169288563,"Uninflamed UC","LP fibroblast","P019","Fibroblast"
"SAM24412534_182830",3.52783481958623,4.36413897068096,"Uninflamed UC","Resting crypt-top fibroblast","P019","Fibroblast"
"SAM24412534_79230",3.80515335682149,5.20974672824932,"Uninflamed UC","Resting crypt-top fibroblast","P019","Fibroblast"
"SAM24412534_206466",-3.80641753789669,0.367679784603838,"Uninflamed UC","LP fibroblast","P019","Fibroblast"
"SAM24412534_13372",-2.61239869710689,-2.44912849872517,"Uninflamed UC","LP fibroblast","P019","Fibroblast"
"SAM24412534_694090",-2.31037910100704,-1.71355806796956,"Uninflamed UC","LP fibroblast","P019","Fibroblast"
"SAM24412534_473372",3.71106077912564,3.96595657856059,"Uninflamed UC","LP fibroblast","P019","Fibroblast"
"SAM24412534_489604",-4.45308215734249,-1.61842357128071,"Uninflamed UC","LP fibroblast","P019","Fibroblast"
"SAM24412534_101842",-4.5404330026794,-0.316015591315504,"Uninflamed UC","LP fibroblast","P019","Fibroblast"
"SAM24412534_544932",3.52855365160222,4.62613190204692,"Uninflamed UC","Activated crypt-top fibroblast","P019","Fibroblast"
"SAM24412534_69095",-3.21046931859737,-0.734855045966383,"Uninflamed UC","LP fibroblast","P019","Fibroblast"
"SAM24412534_653439",-3.50836475011592,-0.954453696898695,"Uninflamed UC","LP fibroblast","P019","Fibroblast"
"SAM24412534_830200",-4.60952766057735,-1.67405210941243,"Uninflamed UC","LP fibroblast","P019","Fibroblast"
"SAM24412534_215082",-3.54277522680049,-1.04809247463154,"Uninflamed UC","LP fibroblast","P019","Fibroblast"
"SAM24412534_757460",-5.01365382787471,-0.635851611785169,"Uninflamed UC","LP fibroblast","P019","Fibroblast"
"SAM24412534_249998",-2.03301007863765,0.677621646382336,"Uninflamed UC","LP fibroblast","P019","Fibroblast"
"SAM24412534_5628",2.50254981401677,6.0938109257896,"Uninflamed UC","Activated crypt-top fibroblast","P019","Fibroblast"
"SAM24412534_647317",-4.76416881200557,-2.68689881771016,"Uninflamed UC","Crypt-bottom fibroblast","P019","Fibroblast"
"SAM24412534_67591",-4.45974261876827,-2.10259400813984,"Uninflamed UC","LP fibroblast","P019","Fibroblast"
"SAM24412534_189293",-4.22593410131221,-1.50661288707661,"Uninflamed UC","LP fibroblast","P019","Fibroblast"
"SAM24412534_136764",-3.42003877279048,0.959888736315493,"Uninflamed UC","LP fibroblast","P019","Fibroblast"
"SAM24412534_43176",-4.51267345067745,-3.2087227007668,"Uninflamed UC","Crypt-bottom fibroblast","P019","Fibroblast"
"SAM24412534_176849",-4.92697246190792,-4.64508782833027,"Uninflamed UC","Crypt-bottom fibroblast","P019","Fibroblast"
"SAM24412534_834489",-4.69042594548946,-0.491946329764601,"Uninflamed UC","LP fibroblast","P019","Fibroblast"
"SAM24412534_537019",-4.13622768041377,0.185618112393145,"Uninflamed UC","LP fibroblast","P019","Fibroblast"
"SAM24412534_469897",-3.54148442861324,-0.94584106414723,"Uninflamed UC","LP fibroblast","P019","Fibroblast"
"SAM24412534_418657",-3.44892604467159,0.493686089821581,"Uninflamed UC","LP fibroblast","P019","Fibroblast"
"SAM24412534_584989",-4.36488349553829,-1.59939228504109,"Uninflamed UC","LP fibroblast","P019","Fibroblast"
"SAM24412534_163927",3.77744107130284,4.58940995723796,"Uninflamed UC","Resting crypt-top fibroblast","P019","Fibroblast"
"SAM24412534_869063",-5.02222926732784,-2.54934178798604,"Uninflamed UC","Crypt-bottom fibroblast","P019","Fibroblast"
"SAM24412534_445048",2.35791127565617,5.29289520771099,"Uninflamed UC","Activated crypt-top fibroblast","P019","Fibroblast"
"SAM24412534_718047",-3.05698926564937,1.22691900522304,"Uninflamed UC","LP fibroblast","P019","Fibroblast"
"SAM24412534_36918",-4.31193263646846,-0.55405627696919,"Uninflamed UC","LP fibroblast","P019","Fibroblast"
"SAM24412534_817093",-4.15232379552608,-0.433988918952223,"Uninflamed UC","LP fibroblast","P019","Fibroblast"
"SAM24412534_91820",-3.00185639974361,0.0734102228362601,"Uninflamed UC","LP fibroblast","P019","Fibroblast"
"SAM24412534_851192",-4.51669223424678,-2.24343406169819,"Uninflamed UC","LP fibroblast","P019","Fibroblast"
"SAM24412534_61404",-2.33862741109615,-0.179627647094007,"Uninflamed UC","LP fibroblast","P019","Fibroblast"
"SAM24412534_236980",-3.2338972818542,-1.24156700580525,"Uninflamed UC","LP fibroblast","P019","Fibroblast"
"SAM24412534_340525",-3.7789731752563,-1.59605609386372,"Uninflamed UC","LP fibroblast","P019","Fibroblast"
"SAM24412534_175759",-4.75072486516719,-0.157436122588392,"Uninflamed UC","LP fibroblast","P019","Fibroblast"
"SAM24412534_553766",-3.84022910711055,0.166406522103075,"Uninflamed UC","LP fibroblast","P019","Fibroblast"
"SAM24412534_321819",-3.39247901555782,0.925724724837069,"Uninflamed UC","LP fibroblast","P019","Fibroblast"
"SAM24412534_57611",-4.26429469701534,-1.52854811160969,"Uninflamed UC","LP fibroblast","P019","Fibroblast"
"SAM24412534_579845",-3.4534435999084,-1.45420896022725,"Uninflamed UC","LP fibroblast","P019","Fibroblast"
"SAM24412534_329976",-3.05512006398921,-0.297352363757368,"Uninflamed UC","LP fibroblast","P019","Fibroblast"
"SAM24412534_757953",-2.44589526769405,1.80962623149944,"Uninflamed UC","LP fibroblast","P019","Fibroblast"
"SAM24412534_124970",-3.08820874807125,0.866236130305056,"Uninflamed UC","LP fibroblast","P019","Fibroblast"
"SAM24412534_521868",-5.48015792485958,-1.53390704601216,"Uninflamed UC","LP fibroblast","P019","Fibroblast"
"SAM24412534_119994",-3.39124162313228,1.47223372251583,"Uninflamed UC","LP fibroblast","P019","Fibroblast"
"SAM24412534_704806",-4.40023715612178,0.255106160946612,"Uninflamed UC","LP fibroblast","P019","Fibroblast"
"SAM24412534_808461",-4.51135928746944,-2.39754878490376,"Uninflamed UC","LP fibroblast","P019","Fibroblast"
"SAM24412534_182548",-4.34359653112178,-1.09041654079365,"Uninflamed UC","LP fibroblast","P019","Fibroblast"
"SAM24412534_350328",2.8781004417252,5.91011608631206,"Uninflamed UC","Activated crypt-top fibroblast","P019","Fibroblast"
"SAM24412534_78077",-4.97376163121944,-2.22045504062581,"Uninflamed UC","LP fibroblast","P019","Fibroblast"
"SAM24412534_400445",2.27568738344426,5.80684555561138,"Uninflamed UC","Activated crypt-top fibroblast","P019","Fibroblast"
"SAM24412534_490256",-4.29897315618282,0.385532090969805,"Uninflamed UC","LP fibroblast","P019","Fibroblast"
"SAM24412534_152311",-4.51214606878047,-1.33840488403248,"Uninflamed UC","LP fibroblast","P019","Fibroblast"
"SAM24412534_514200",-3.51061732885127,0.406443665333514,"Uninflamed UC","LP fibroblast","P019","Fibroblast"
"SAM24412534_846088",-5.83054454442745,-1.96047746150899,"Uninflamed UC","LP fibroblast","P019","Fibroblast"
"SAM24412534_799204",-3.83488566991573,0.224207679339175,"Uninflamed UC","LP fibroblast","P019","Fibroblast"
"SAM24412534_740378",-4.95870025274044,-1.99669348209309,"Uninflamed UC","Crypt-bottom fibroblast","P019","Fibroblast"
"SAM24412534_305295",-3.93688018438106,-1.04296778648305,"Uninflamed UC","LP fibroblast","P019","Fibroblast"
"SAM24412534_135596",-5.18931396123653,-3.26453625171589,"Uninflamed UC","Crypt-bottom fibroblast","P019","Fibroblast"
"SAM24412534_499032",2.20294086817021,5.12075508625102,"Uninflamed UC","Activated crypt-top fibroblast","P019","Fibroblast"
"SAM24412534_386573",-3.20606572744136,-0.114807893923994,"Uninflamed UC","LP fibroblast","P019","Fibroblast"
"SAM24412534_638445",-4.05140979406124,0.00549609453273225,"Uninflamed UC","LP fibroblast","P019","Fibroblast"
"SAM24412534_43071",-4.61191280004268,-3.03524910419392,"Uninflamed UC","Crypt-bottom fibroblast","P019","Fibroblast"
"SAM24412534_78075",1.86843888643498,3.8571325638969,"Uninflamed UC","Activated crypt-top fibroblast","P019","Fibroblast"
"SAM24412534_24095",2.87860422018284,2.93653763324809,"Uninflamed UC","Resting crypt-top fibroblast","P019","Fibroblast"
"SAM24412534_139950",2.30261521223301,3.46132005245281,"Uninflamed UC","Resting crypt-top fibroblast","P019","Fibroblast"
"SAM24412534_702193",-3.28270776387935,0.451875279255633,"Uninflamed UC","LP fibroblast","P019","Fibroblast"
"SAM24412534_258243",2.69996158960576,5.13845957309795,"Uninflamed UC","Activated crypt-top fibroblast","P019","Fibroblast"
"SAM24412534_683339",-4.04284293767696,0.647968450159256,"Uninflamed UC","LP fibroblast","P019","Fibroblast"
"SAM24412534_211317",2.53363840463872,4.18307031185222,"Uninflamed UC","Resting crypt-top fibroblast","P019","Fibroblast"
"SAM24412534_303021",-4.19687564489131,0.17219556362224,"Uninflamed UC","LP fibroblast","P019","Fibroblast"
"SAM24412534_115090",-3.99252421972042,0.370157490082506,"Uninflamed UC","LP fibroblast","P019","Fibroblast"
"SAM24412534_419048",1.88781635645146,2.77398599178386,"Uninflamed UC","Resting crypt-top fibroblast","P019","Fibroblast"
"SAM24412534_508593",-4.19629008886104,0.37677879125667,"Uninflamed UC","LP fibroblast","P019","Fibroblast"
"SAM24412534_554189",-3.24131209966426,-0.545435776404615,"Uninflamed UC","LP fibroblast","P019","Fibroblast"
"SAM24412534_70851",-1.65902192708736,1.29268188268733,"Uninflamed UC","LP fibroblast","P019","Fibroblast"
"SAM24412534_164961",2.56753258589024,4.70421732456279,"Uninflamed UC","Activated crypt-top fibroblast","P019","Fibroblast"
"SAM24412534_524227",2.81816463354344,5.20070971042705,"Uninflamed UC","Activated crypt-top fibroblast","P019","Fibroblast"
"SAM24412534_239037",-4.90228088018184,-3.81009685008931,"Uninflamed UC","Crypt-bottom fibroblast","P019","Fibroblast"
"SAM24412534_588940",-3.13087232229,-3.61180936305928,"Uninflamed UC","LP fibroblast","P019","Fibroblast"
"SAM24412534_494257",-5.7583170664001,-1.8649338385384,"Uninflamed UC","LP fibroblast","P019","Fibroblast"
"SAM24412534_745092",-5.04876620885616,-2.18692265956807,"Uninflamed UC","LP fibroblast","P019","Fibroblast"
"SAM24412534_124296",-4.34843738195186,-0.35999243467259,"Uninflamed UC","LP fibroblast","P019","Fibroblast"
"SAM24412534_738774",-1.03397185918575,1.95335532219005,"Uninflamed UC","Inflammatory fibroblast","P019","Fibroblast"
"SAM24412534_705471",3.25593756321187,4.22569573909831,"Uninflamed UC","Resting crypt-top fibroblast","P019","Fibroblast"
"SAM24412534_313629",-4.70366389867549,-2.44635783641743,"Uninflamed UC","LP fibroblast","P019","Fibroblast"
"SAM24412534_364502",-4.5813732874084,-0.791046132735487,"Uninflamed UC","LP fibroblast","P019","Fibroblast"
"SAM24412534_306071",-3.89459521886592,0.0768209198195975,"Uninflamed UC","LP fibroblast","P019","Fibroblast"
"SAM24412534_287335",2.86711113336796,4.0285614827354,"Uninflamed UC","Activated crypt-top fibroblast","P019","Fibroblast"
"SAM24412534_297247",-3.28389270421749,0.91425050289226,"Uninflamed UC","LP fibroblast","P019","Fibroblast"
"SAM24412534_826706",-4.54670913335567,0.195263574429278,"Uninflamed UC","LP fibroblast","P019","Fibroblast"
"SAM24412535_703764",-0.80826051351314,-2.29411756008076,"Inflamed UC","LP fibroblast","P019","Fibroblast"
"SAM24412535_208226",-3.26477868673091,-5.37980615108418,"Inflamed UC","Crypt-bottom fibroblast","P019","Fibroblast"
"SAM24412535_25045",6.00749807241673,4.70087517292095,"Inflamed UC","Resting crypt-top fibroblast","P019","Fibroblast"
"SAM24412535_157991",0.152659343512006,-1.1059874197762,"Inflamed UC","LP fibroblast","P019","Fibroblast"
"SAM24412535_225600",-1.78331477758174,-2.01571690051961,"Inflamed UC","LP fibroblast","P019","Fibroblast"
"SAM24412535_394389",-3.99394900914913,-3.30922972171712,"Inflamed UC","LP fibroblast","P019","Fibroblast"
"SAM24412535_880141",-2.46041782018428,-3.98406039684224,"Inflamed UC","Resting crypt-top fibroblast","P019","Fibroblast"
"SAM24412535_576796",-3.55737931844478,-1.70252071826863,"Inflamed UC","LP fibroblast","P019","Fibroblast"
"SAM24412535_549016",-2.35115773793941,-1.58934627979207,"Inflamed UC","LP fibroblast","P019","Fibroblast"
"SAM24412535_731065",-3.30424125310665,-0.108642329863783,"Inflamed UC","LP fibroblast","P019","Fibroblast"
"SAM24412535_80491",4.7801750171494,5.00967730075908,"Inflamed UC","Resting crypt-top fibroblast","P019","Fibroblast"
"SAM24412535_611144",-2.2181468736816,-3.61416112392354,"Inflamed UC","Resting crypt-top fibroblast","P019","Fibroblast"
"SAM24412535_316656",5.26559715154881,5.35910261661602,"Inflamed UC","Resting crypt-top fibroblast","P019","Fibroblast"
"SAM24412535_657233",-2.42514379140621,-3.64286624401021,"Inflamed UC","Resting crypt-top fibroblast","P019","Fibroblast"
"SAM24412535_554906",-0.804223133294634,-0.60395657031941,"Inflamed UC","LP fibroblast","P019","Fibroblast"
"SAM24412535_603941",1.36791198137517,5.45728910953594,"Inflamed UC","Activated crypt-top fibroblast","P019","Fibroblast"
"SAM24412535_103258",-0.711400581567339,-0.984748115233656,"Inflamed UC","LP fibroblast","P019","Fibroblast"
"SAM24412535_267900",-0.136629177300982,-0.825263132743116,"Inflamed UC","LP fibroblast","P019","Fibroblast"
"SAM24412535_642164",1.24696891191716,-1.29875456302571,"Inflamed UC","LP fibroblast","P019","Fibroblast"
"SAM24412535_69906",-2.25127990361934,-1.42329417674946,"Inflamed UC","LP fibroblast","P019","Fibroblast"
"SAM24412535_740577",-2.85170037862544,-1.85883103816914,"Inflamed UC","LP fibroblast","P019","Fibroblast"
"SAM24412535_203267",-0.997507644860796,-1.46525489299702,"Inflamed UC","LP fibroblast","P019","Fibroblast"
"SAM24412535_468699",-2.0655098688293,-0.119916488818403,"Inflamed UC","LP fibroblast","P019","Fibroblast"
"SAM24412535_308606",0.415380643637128,0.890462229557757,"Inflamed UC","LP fibroblast","P019","Fibroblast"
"SAM24412535_636289",0.470383094580122,-0.692026247672315,"Inflamed UC","LP fibroblast","P019","Fibroblast"
"SAM24412535_124416",-1.11067302343135,-1.15575729816365,"Inflamed UC","LP fibroblast","P019","Fibroblast"
"SAM24412535_310655",4.63931815508122,4.22749174625469,"Inflamed UC","Resting crypt-top fibroblast","P019","Fibroblast"
"SAM24412535_184445",0.410887168676801,-0.0775555273811777,"Inflamed UC","LP fibroblast","P019","Fibroblast"
"SAM24412535_606882",-0.643658710687212,-1.05534683673787,"Inflamed UC","LP fibroblast","P019","Fibroblast"
"SAM24412535_409622",-2.93631370183711,-2.24342762439656,"Inflamed UC","LP fibroblast","P019","Fibroblast"
"SAM24412535_90097",-0.662209106652789,-2.81256996601033,"Inflamed UC","LP fibroblast","P019","Fibroblast"
"SAM24412535_522806",-2.1925473940063,-2.02651869266438,"Inflamed UC","LP fibroblast","P019","Fibroblast"
"SAM24412535_121110",-0.0292669069457574,-0.938515176467176,"Inflamed UC","LP fibroblast","P019","Fibroblast"
"SAM24412535_601471",-1.78771598455196,-1.39121877162861,"Inflamed UC","LP fibroblast","P019","Fibroblast"
"SAM24412535_216929",-1.5883804094482,-1.31957029312062,"Inflamed UC","LP fibroblast","P019","Fibroblast"
"SAM24412535_280319",-3.69987447377925,-0.409750332526441,"Inflamed UC","LP fibroblast","P019","Fibroblast"
"SAM24412535_299807",-2.7388349306274,-1.9985598227303,"Inflamed UC","LP fibroblast","P019","Fibroblast"
"SAM24412535_396769",-1.65617568609004,-1.861374487571,"Inflamed UC","LP fibroblast","P019","Fibroblast"
"SAM24412535_184022",-1.47891004201656,-0.90059005229878,"Inflamed UC","LP fibroblast","P019","Fibroblast"
"SAM24412535_425461",0.0397485959839301,-1.35485946147847,"Inflamed UC","LP fibroblast","P019","Fibroblast"
"SAM24412535_588316",-2.8307014238525,-5.98881398647236,"Inflamed UC","Crypt-bottom fibroblast","P019","Fibroblast"
"SAM24412535_152274",-0.390661312310748,-1.09889112918782,"Inflamed UC","LP fibroblast","P019","Fibroblast"
"SAM24412535_43031",-1.07448632833248,-1.58748661487507,"Inflamed UC","LP fibroblast","P019","Fibroblast"
"SAM24412535_221705",-2.05042083379512,-1.54190074413228,"Inflamed UC","LP fibroblast","P019","Fibroblast"
"SAM24412535_152672",-2.38519866582637,-1.03794383018422,"Inflamed UC","LP fibroblast","P019","Fibroblast"
"SAM24412535_102834",-1.07724053975826,-1.28604673355031,"Inflamed UC","LP fibroblast","P019","Fibroblast"
"SAM24412535_76743",-1.28558976766353,-1.18873034923482,"Inflamed UC","LP fibroblast","P019","Fibroblast"
"SAM24412535_675239",-2.27651174184566,-1.25222455470967,"Inflamed UC","LP fibroblast","P019","Fibroblast"
"SAM24412535_1250",-2.25791986104732,-1.52609335391926,"Inflamed UC","LP fibroblast","P019","Fibroblast"
"SAM24412535_103547",-4.66861064550167,-0.602225651435133,"Inflamed UC","LP fibroblast","P019","Fibroblast"
"SAM24412535_99154",-2.66863544103389,-1.40087782352376,"Inflamed UC","LP fibroblast","P019","Fibroblast"
"SAM24412535_106970",-3.0364685785461,-2.97567855327534,"Inflamed UC","LP fibroblast","P019","Fibroblast"
"SAM24412535_42255",-2.4874282610107,-1.80879723041462,"Inflamed UC","LP fibroblast","P019","Fibroblast"
"SAM24412535_170463",-0.627391411035113,-0.698116054229017,"Inflamed UC","LP fibroblast","P019","Fibroblast"
"SAM24412535_789316",-0.0513830911803765,-2.25578795879292,"Inflamed UC","LP fibroblast","P019","Fibroblast"
"SAM24412535_311812",-2.31737191793209,-1.26041161029744,"Inflamed UC","LP fibroblast","P019","Fibroblast"
"SAM24412535_211080",-0.868315769403033,-1.27863513439107,"Inflamed UC","LP fibroblast","P019","Fibroblast"
"SAM24412535_402175",-0.151129318444781,-1.07423507183003,"Inflamed UC","LP fibroblast","P019","Fibroblast"
"SAM24412535_166876",-2.23873431798702,-1.66167937724995,"Inflamed UC","LP fibroblast","P019","Fibroblast"
"SAM24412535_319124",-1.73659665700679,-1.89093314617085,"Inflamed UC","LP fibroblast","P019","Fibroblast"
"SAM24412535_833792",-3.09464461919551,-1.68404947727131,"Inflamed UC","LP fibroblast","P019","Fibroblast"
"SAM24412535_324237",0.183832095892377,-0.881697764090772,"Inflamed UC","LP fibroblast","P019","Fibroblast"
"SAM24412535_434744",-0.669915748803668,-1.21618746726918,"Inflamed UC","LP fibroblast","P019","Fibroblast"
"SAM24412535_273883",-0.67367799398189,-0.140130033187147,"Inflamed UC","LP fibroblast","P019","Fibroblast"
"SAM24412535_355628",-1.2411952745605,-1.04988538234639,"Inflamed UC","LP fibroblast","P019","Fibroblast"
"SAM24412535_433708",-2.10390718099361,-2.35021411388325,"Inflamed UC","LP fibroblast","P019","Fibroblast"
"SAM24412535_294028",-2.79262168523555,-3.40072595088887,"Inflamed UC","Resting crypt-top fibroblast","P019","Fibroblast"
"SAM24412535_30965",5.5198834407639,5.08138359577251,"Inflamed UC","Resting crypt-top fibroblast","P019","Fibroblast"
"SAM24412535_668734",0.00102560404057073,-0.737731208495374,"Inflamed UC","LP fibroblast","P019","Fibroblast"
"SAM24412535_499193",-0.773941112725787,-1.46698342769551,"Inflamed UC","LP fibroblast","P019","Fibroblast"
"SAM24412535_482677",0.481828378469892,2.50264097244335,"Inflamed UC","LP fibroblast","P019","Fibroblast"
"SAM24412535_59377",0.895614074499555,3.37243689090801,"Inflamed UC","Activated crypt-top fibroblast","P019","Fibroblast"
"SAM24412535_795918",-2.8691159021545,-5.98052321880269,"Inflamed UC","Crypt-bottom fibroblast","P019","Fibroblast"
"SAM24412535_290875",-2.63716180440669,-1.77147494762349,"Inflamed UC","LP fibroblast","P019","Fibroblast"
"SAM24412535_410079",4.85942827347035,4.36726058513713,"Inflamed UC","Resting crypt-top fibroblast","P019","Fibroblast"
"SAM24412535_797105",5.58635692480321,2.51462770492626,"Inflamed UC","Activated crypt-top fibroblast","P019","Fibroblast"
"SAM24412535_160698",-2.26273925420528,-1.81535040347981,"Inflamed UC","LP fibroblast","P019","Fibroblast"
"SAM24412535_458701",-2.65321691152339,-3.7374149462502,"Inflamed UC","Resting crypt-top fibroblast","P019","Fibroblast"
"SAM24412535_505173",0.829921172888227,3.48815454036785,"Inflamed UC","Activated crypt-top fibroblast","P019","Fibroblast"
"SAM24412535_448937",-0.237676216332964,-0.949009885482069,"Inflamed UC","LP fibroblast","P019","Fibroblast"
"SAM24412535_631476",6.13410036447758,4.51179016620708,"Inflamed UC","Resting crypt-top fibroblast","P019","Fibroblast"
"SAM24412535_81985",-0.489021373956255,-1.02789365261006,"Inflamed UC","LP fibroblast","P019","Fibroblast"
"SAM24412535_450200",-3.14251763936763,-2.00424896686482,"Inflamed UC","LP fibroblast","P019","Fibroblast"
"SAM24412535_423012",0.208442615301557,-0.342087258986707,"Inflamed UC","LP fibroblast","P019","Fibroblast"
"SAM24412535_232754",-0.240308834283404,2.16207541019512,"Inflamed UC","Inflammatory fibroblast","P019","Fibroblast"
"SAM24412535_810617",-1.51934154149776,-1.03916894405293,"Inflamed UC","LP fibroblast","P019","Fibroblast"
"SAM24412535_94010",-0.545505596368365,-0.487721433333631,"Inflamed UC","LP fibroblast","P019","Fibroblast"
"SAM24412535_409851",-1.75244624730831,-1.8111556669991,"Inflamed UC","LP fibroblast","P019","Fibroblast"
"SAM24412535_771372",-2.56590421315914,-5.62130843608784,"Inflamed UC","Crypt-bottom fibroblast","P019","Fibroblast"
"SAM24412535_435310",-2.80108792897945,-2.74683629482197,"Inflamed UC","LP fibroblast","P019","Fibroblast"
"SAM24412535_529767",-2.64304931279903,-5.96892367809224,"Inflamed UC","Crypt-bottom fibroblast","P019","Fibroblast"
"SAM24412535_688190",-3.00883538839107,-1.03530203311848,"Inflamed UC","LP fibroblast","P019","Fibroblast"
"SAM24412535_191734",-1.96773297902828,-2.06590854137349,"Inflamed UC","LP fibroblast","P019","Fibroblast"
"SAM24412535_865950",-2.58976609822994,-3.96536885707783,"Inflamed UC","Resting crypt-top fibroblast","P019","Fibroblast"
"SAM24412535_733263",-3.38774783727413,-1.64776574581074,"Inflamed UC","LP fibroblast","P019","Fibroblast"
"SAM24412535_271911",-0.557009769647173,-0.209290315798994,"Inflamed UC","LP fibroblast","P019","Fibroblast"
"SAM24412535_204034",-3.15203054067378,-2.76673351734089,"Inflamed UC","LP fibroblast","P019","Fibroblast"
"SAM24412535_621816",0.213199781210371,-0.432485451392408,"Inflamed UC","LP fibroblast","P019","Fibroblast"
"SAM24412535_532043",-2.7018943559814,-2.24555312602925,"Inflamed UC","LP fibroblast","P019","Fibroblast"
"SAM24412535_577942",-1.47726829168086,-1.80748139827656,"Inflamed UC","LP fibroblast","P019","Fibroblast"
"SAM24412535_411782",5.03542708042378,5.15728415042949,"Inflamed UC","Resting crypt-top fibroblast","P019","Fibroblast"
"SAM24412535_75311",-2.96473415014034,-1.07662223785328,"Inflamed UC","LP fibroblast","P019","Fibroblast"
"SAM24412535_829947",-1.61676652547603,-0.619104256324049,"Inflamed UC","LP fibroblast","P019","Fibroblast"
"SAM24412535_554234",-2.19498784658199,-1.75316559284138,"Inflamed UC","LP fibroblast","P019","Fibroblast"
"SAM24412535_411274",-3.42020900365596,-4.23655044048237,"Inflamed UC","Resting crypt-top fibroblast","P019","Fibroblast"
"SAM24412535_253454",-1.59843928930049,-1.10154925792622,"Inflamed UC","LP fibroblast","P019","Fibroblast"
"SAM24412535_841850",-2.18276364919429,-2.33351360767293,"Inflamed UC","LP fibroblast","P019","Fibroblast"
"SAM24412535_347427",-2.8220172655273,-1.89460908382344,"Inflamed UC","LP fibroblast","P019","Fibroblast"
"SAM24412535_189686",-1.58513743993526,-1.6280444762032,"Inflamed UC","LP fibroblast","P019","Fibroblast"
"SAM24412535_529099",0.607388662130781,-1.06638680904316,"Inflamed UC","LP fibroblast","P019","Fibroblast"
"SAM24412535_661195",-3.59527213689571,-2.75258265941548,"Inflamed UC","LP fibroblast","P019","Fibroblast"
"SAM24412535_635908",3.15007941606755,-0.896022190741773,"Inflamed UC","Inflammatory fibroblast","P019","Fibroblast"
"SAM24412535_880641",-3.46855599996334,-1.50110398738789,"Inflamed UC","LP fibroblast","P019","Fibroblast"
"SAM24412535_592294",-4.4490137827087,-4.49709235637593,"Inflamed UC","Crypt-bottom fibroblast","P019","Fibroblast"
"SAM24412535_244548",-3.56123836156612,-5.39282618968892,"Inflamed UC","Crypt-bottom fibroblast","P019","Fibroblast"
"SAM24412535_714716",-2.40476329442745,-3.95507298915791,"Inflamed UC","Resting crypt-top fibroblast","P019","Fibroblast"
"SAM24412535_743075",-1.95011718389278,-1.28151666133809,"Inflamed UC","LP fibroblast","P019","Fibroblast"
"SAM24412535_368387",0.251760171682783,-0.733357658080335,"Inflamed UC","LP fibroblast","P019","Fibroblast"
"SAM24412535_196426",-0.979388786523394,-1.00263201206135,"Inflamed UC","LP fibroblast","P019","Fibroblast"
"SAM24412535_863790",-2.67648418065792,-3.97653972118306,"Inflamed UC","Resting crypt-top fibroblast","P019","Fibroblast"
"SAM24412535_41329",0.243848251135297,-0.958079447440382,"Inflamed UC","LP fibroblast","P019","Fibroblast"
"SAM24412535_211952",-3.44433505651241,-2.36911426990437,"Inflamed UC","LP fibroblast","P019","Fibroblast"
"SAM24412535_707671",5.2409378755402,4.91318882495952,"Inflamed UC","Resting crypt-top fibroblast","P019","Fibroblast"
"SAM24412535_104540",-3.04101665136104,-1.79350625484395,"Inflamed UC","LP fibroblast","P019","Fibroblast"
"SAM24412535_557490",-2.05364091512447,-0.947570433310743,"Inflamed UC","LP fibroblast","P019","Fibroblast"
"SAM24412535_836084",-0.721554352014117,-1.36191474407124,"Inflamed UC","LP fibroblast","P019","Fibroblast"
"SAM24412535_474164",-2.60725076314693,-6.01675712078023,"Inflamed UC","Crypt-bottom fibroblast","P019","Fibroblast"
"SAM24412535_678343",-2.58734138128047,-1.03252231090474,"Inflamed UC","LP fibroblast","P019","Fibroblast"
"SAM24412535_394403",-2.39838559743648,-1.87839590518879,"Inflamed UC","LP fibroblast","P019","Fibroblast"
"SAM24412535_682881",6.17263262155766,-2.65178333728718,"Inflamed UC","Inflammatory fibroblast","P019","Fibroblast"
"SAM24412535_126474",0.114592479498334,-0.784260620764967,"Inflamed UC","LP fibroblast","P019","Fibroblast"
"SAM24412535_171450",1.01193444612736,3.43581784755779,"Inflamed UC","Activated crypt-top fibroblast","P019","Fibroblast"
"SAM24412535_363121",0.54387514475102,-0.40788506477284,"Inflamed UC","LP fibroblast","P019","Fibroblast"
"SAM24412535_59803",-2.66866405126338,-1.39361034839558,"Inflamed UC","LP fibroblast","P019","Fibroblast"
"SAM24412535_319478",-2.80862195607906,-2.08345972507405,"Inflamed UC","LP fibroblast","P019","Fibroblast"
"SAM24412535_179377",-3.74656207677608,-3.44238196819233,"Inflamed UC","LP fibroblast","P019","Fibroblast"
"SAM24412535_370078",-1.5196228754211,-1.75151645152974,"Inflamed UC","LP fibroblast","P019","Fibroblast"
"SAM24412535_673164",-2.16749436971431,-1.33473228424,"Inflamed UC","LP fibroblast","P019","Fibroblast"
"SAM24412535_131526",-0.875971389977984,-1.50173269718098,"Inflamed UC","LP fibroblast","P019","Fibroblast"
"SAM24412535_530726",-1.23986632940059,-3.18942724674153,"Inflamed UC","LP fibroblast","P019","Fibroblast"
"SAM24412535_38343",-3.59091813680416,-1.60127102344441,"Inflamed UC","LP fibroblast","P019","Fibroblast"
"SAM24412535_74064",-2.01810653325801,-0.797170629195448,"Inflamed UC","LP fibroblast","P019","Fibroblast"
"SAM24412535_683113",1.0941786039185,5.10091913730693,"Inflamed UC","Activated crypt-top fibroblast","P019","Fibroblast"
"SAM24412535_648296",0.613790200979658,-1.27961074321675,"Inflamed UC","LP fibroblast","P019","Fibroblast"
"SAM24412535_398722",-1.01454932805782,-0.647809495620008,"Inflamed UC","LP fibroblast","P019","Fibroblast"
"SAM24412535_647998",3.42664526584858,5.30255211383892,"Inflamed UC","Activated crypt-top fibroblast","P019","Fibroblast"
"SAM24412535_74780",-2.49216516134029,-1.71114527194905,"Inflamed UC","LP fibroblast","P019","Fibroblast"
"SAM24412535_100364",-1.96499021169429,-1.96177708118367,"Inflamed UC","LP fibroblast","P019","Fibroblast"
"SAM24412535_6737",-0.794222904412798,-0.819745649985548,"Inflamed UC","LP fibroblast","P019","Fibroblast"
"SAM24412535_363399",-2.07980401632076,-1.14746867626118,"Inflamed UC","LP fibroblast","P019","Fibroblast"
"SAM24412535_834625",-2.90211494085079,-2.13349520175862,"Inflamed UC","LP fibroblast","P019","Fibroblast"
"SAM24412535_285743",-2.02343852636104,-1.83509527652669,"Inflamed UC","LP fibroblast","P019","Fibroblast"
"SAM24412535_286668",0.811835693151899,-1.84350406139302,"Inflamed UC","LP fibroblast","P019","Fibroblast"
"SAM24412535_173742",-3.27746636983638,-0.342086364917036,"Inflamed UC","LP fibroblast","P019","Fibroblast"
"SAM24412535_3200",-0.135748935906939,-1.10734974353718,"Inflamed UC","LP fibroblast","P019","Fibroblast"
"SAM24412535_150819",-0.485113693444781,-0.282736589602705,"Inflamed UC","LP fibroblast","P019","Fibroblast"
"SAM24412535_848383",-2.79415137883907,-1.00648545234608,"Inflamed UC","LP fibroblast","P019","Fibroblast"
"SAM24412535_213257",-2.77305371877437,-1.94850288837361,"Inflamed UC","LP fibroblast","P019","Fibroblast"
"SAM24412535_465532",0.353032277853437,-0.290681650332685,"Inflamed UC","LP fibroblast","P019","Fibroblast"
"SAM24412535_632696",-2.67796952840572,-5.9352852007668,"Inflamed UC","Crypt-bottom fibroblast","P019","Fibroblast"
"SAM24412535_568377",-2.56653316137081,-6.00515233486104,"Inflamed UC","Crypt-bottom fibroblast","P019","Fibroblast"
"SAM24412535_141214",-1.54820401784664,-1.31004487483906,"Inflamed UC","LP fibroblast","P019","Fibroblast"
"SAM24412535_99557",-2.87934978124385,-2.5772050520699,"Inflamed UC","LP fibroblast","P019","Fibroblast"
"SAM24412535_186594",-2.18240172979122,-1.24268506973195,"Inflamed UC","LP fibroblast","P019","Fibroblast"
"SAM24412535_495327",0.746658490927167,3.65396369487834,"Inflamed UC","Activated crypt-top fibroblast","P019","Fibroblast"
"SAM24412535_569206",5.54342167261357,4.71204651386333,"Inflamed UC","Resting crypt-top fibroblast","P019","Fibroblast"
"SAM24412535_789209",-4.5354862940002,-4.04900466411519,"Inflamed UC","Crypt-bottom fibroblast","P019","Fibroblast"
"SAM24412535_126876",-3.41485746022945,-2.95810638873982,"Inflamed UC","LP fibroblast","P019","Fibroblast"
"SAM24412535_420267",0.575821327001997,-0.498563279799696,"Inflamed UC","LP fibroblast","P019","Fibroblast"
"SAM24412535_685965",-2.44900138494258,-2.55236445873189,"Inflamed UC","LP fibroblast","P019","Fibroblast"
"SAM24412535_295291",-3.69385249730831,-1.99780856578755,"Inflamed UC","LP fibroblast","P019","Fibroblast"
"SAM24412535_878504",-0.678707672326617,-1.34071635215687,"Inflamed UC","LP fibroblast","P019","Fibroblast"
"SAM24412535_743200",-1.95219142553096,-1.22910236328053,"Inflamed UC","LP fibroblast","P019","Fibroblast"
"SAM24412535_871865",-3.79025418874507,-3.78415833919453,"Inflamed UC","Crypt-bottom fibroblast","P019","Fibroblast"
"SAM24412535_641289",-4.96373183843379,-4.88092242687153,"Inflamed UC","Crypt-bottom fibroblast","P019","Fibroblast"
"SAM24412535_508193",-2.89702613469844,-6.02100383251118,"Inflamed UC","Crypt-bottom fibroblast","P019","Fibroblast"
"SAM24412535_410777",-3.56802947637325,-2.69892608135151,"Inflamed UC","LP fibroblast","P019","Fibroblast"
"SAM24412535_403429",-3.03834016439205,-1.66616307704854,"Inflamed UC","LP fibroblast","P019","Fibroblast"
"SAM24412535_586865",-2.3448935281921,-1.18989395111012,"Inflamed UC","LP fibroblast","P019","Fibroblast"
"SAM24412535_852050",-2.53514869329219,-1.61231767146992,"Inflamed UC","LP fibroblast","P019","Fibroblast"
"SAM24412535_142381",-2.53551967260127,-2.1834336420815,"Inflamed UC","LP fibroblast","P019","Fibroblast"
"SAM24412535_713671",-2.90357072469478,-2.45581733196187,"Inflamed UC","LP fibroblast","P019","Fibroblast"
"SAM24412535_80444",-1.22583253499752,-1.24242185562062,"Inflamed UC","LP fibroblast","P019","Fibroblast"
"SAM24412535_771451",-1.48540217992549,-1.84941970317769,"Inflamed UC","LP fibroblast","P019","Fibroblast"
"SAM24412535_43681",-0.724000526635699,-1.56443177669453,"Inflamed UC","LP fibroblast","P019","Fibroblast"
"SAM24412535_584802",-3.44188506719356,-3.55605184047627,"Inflamed UC","LP fibroblast","P019","Fibroblast"
"SAM24412535_376143",0.872867273123212,-0.954220761946913,"Inflamed UC","LP fibroblast","P019","Fibroblast"
"SAM24412535_627607",6.16081850412602,-0.291542699031111,"Inflamed UC","Resting crypt-top fibroblast","P019","Fibroblast"
"SAM24412535_367307",1.53729741457219,2.80480683834148,"Inflamed UC","Resting crypt-top fibroblast","P019","Fibroblast"
"SAM24412535_543280",-1.93488175985103,-1.82012878864216,"Inflamed UC","Crypt-bottom fibroblast","P019","Fibroblast"
"SAM24412535_641742",-2.53897149678951,-5.28725825756001,"Inflamed UC","Crypt-bottom fibroblast","P019","Fibroblast"
"SAM24412535_118959",-0.113510204522662,-1.7376910349648,"Inflamed UC","LP fibroblast","P019","Fibroblast"
"SAM24412535_106441",-5.87701232549434,-1.59561001270222,"Inflamed UC","LP fibroblast","P019","Fibroblast"
"SAM24412535_764",0.391900943548627,1.11365280539585,"Inflamed UC","LP fibroblast","P019","Fibroblast"
"SAM24412535_797501",-1.86029107686763,-0.97474788635182,"Inflamed UC","LP fibroblast","P019","Fibroblast"
"SAM24412535_195154",-1.14235551473384,-1.43323861568379,"Inflamed UC","LP fibroblast","P019","Fibroblast"
"SAM24412535_688472",-2.75538833257442,-0.580636610678907,"Inflamed UC","LP fibroblast","P019","Fibroblast"
"SAM24412535_595998",-1.44101674672847,-1.48442231624531,"Inflamed UC","LP fibroblast","P019","Fibroblast"
"SAM24412535_313385",-2.17499263402706,-1.56597362964558,"Inflamed UC","LP fibroblast","P019","Fibroblast"
"SAM24412535_213499",-0.472628666131548,-0.423861732177015,"Inflamed UC","LP fibroblast","P019","Fibroblast"
"SAM24412535_292494",-1.69738967534786,-2.18161474674153,"Inflamed UC","LP fibroblast","P019","Fibroblast"
"SAM24412535_524162",-1.9863615762878,-1.57719646900105,"Inflamed UC","LP fibroblast","P019","Fibroblast"
"SAM24412535_598850",0.756443666250654,3.7104200223167,"Inflamed UC","Activated crypt-top fibroblast","P019","Fibroblast"
"SAM24412535_207245",-4.37477882024532,-4.14873515575337,"Inflamed UC","Crypt-bottom fibroblast","P019","Fibroblast"
"SAM24412535_748787",-1.92924506780391,-1.75890361278462,"Inflamed UC","LP fibroblast","P019","Fibroblast"
"SAM24412535_852119",-4.6956482660461,-4.28174029796528,"Inflamed UC","Crypt-bottom fibroblast","P019","Fibroblast"
"SAM24412535_37139",-1.99142558690792,-0.458158006362196,"Inflamed UC","LP fibroblast","P019","Fibroblast"
"SAM24412535_423330",-4.18784625646358,-3.4430338045876,"Inflamed UC","Crypt-bottom fibroblast","P019","Fibroblast"
"SAM24412535_227935",0.527068065435834,-0.603878130606886,"Inflamed UC","LP fibroblast","P019","Fibroblast"
"SAM24412535_481336",-3.33416469213252,-2.50106607883381,"Inflamed UC","LP fibroblast","P019","Fibroblast"
"SAM24412535_91473",-3.11856467839961,-5.34380637615132,"Inflamed UC","Crypt-bottom fibroblast","P019","Fibroblast"
"SAM24412535_765314",-1.5952597391296,-2.24919473140645,"Inflamed UC","LP fibroblast","P019","Fibroblast"
"SAM24412535_36187",-2.82490975972896,-2.63249980419087,"Inflamed UC","LP fibroblast","P019","Fibroblast"
"SAM24412535_289898",1.60447947862858,0.731918627925638,"Inflamed UC","Resting crypt-top fibroblast","P019","Fibroblast"
"SAM24412535_794577",-3.20918281194454,-2.3425949713509,"Inflamed UC","LP fibroblast","P019","Fibroblast"
"SAM24412535_233883",-1.93767840978389,-1.7171283861916,"Inflamed UC","LP fibroblast","P019","Fibroblast"
"SAM24412535_8308",-3.28013665792232,-0.79600237815785,"Inflamed UC","LP fibroblast","P019","Fibroblast"
"SAM24412535_279951",-2.87278325673824,-2.28847300022053,"Inflamed UC","LP fibroblast","P019","Fibroblast"
"SAM24412535_137385",0.240369485647626,-0.806355585746046,"Inflamed UC","LP fibroblast","P019","Fibroblast"
"SAM24412535_75380",-2.48521430608516,-1.2378860613625,"Inflamed UC","LP fibroblast","P019","Fibroblast"
"SAM24412535_526056",-2.67857082006221,-2.42820917575764,"Inflamed UC","LP fibroblast","P019","Fibroblast"
"SAM24412535_696117",-2.04030997869258,-1.37830506771016,"Inflamed UC","LP fibroblast","P019","Fibroblast"
"SAM24412535_465033",1.96103947046513,3.22250832111431,"Inflamed UC","Activated crypt-top fibroblast","P019","Fibroblast"
"SAM24412535_641186",-0.866272045342974,-1.46792685001301,"Inflamed UC","LP fibroblast","P019","Fibroblast"
"SAM24412535_14639",-3.08737857457881,-0.560703744582411,"Inflamed UC","LP fibroblast","P019","Fibroblast"
"SAM24412535_287468",-1.06981475469356,-1.01332472770619,"Inflamed UC","LP fibroblast","P019","Fibroblast"
"SAM24412535_446248",-2.06189067479854,-0.524704208068128,"Inflamed UC","LP fibroblast","P019","Fibroblast"
"SAM24412535_10482",1.31387750986332,3.31017864734722,"Inflamed UC","Activated crypt-top fibroblast","P019","Fibroblast"
"SAM24412535_339971",-3.96269996282344,-0.829657783202406,"Inflamed UC","LP fibroblast","P019","Fibroblast"
"SAM24412535_406356",-5.56402976629024,-6.37071429698872,"Inflamed UC","Crypt-bottom fibroblast","P019","Fibroblast"
"SAM24412535_598131",-2.51769263860469,-1.49806510417866,"Inflamed UC","LP fibroblast","P019","Fibroblast"
"SAM24412535_725153",-1.73794992086177,-1.18499373405385,"Inflamed UC","LP fibroblast","P019","Fibroblast"
"SAM24412535_671764",-3.28307016011959,-0.585213293723341,"Inflamed UC","LP fibroblast","P019","Fibroblast"
"SAM24412535_220863",-1.57469375249629,-1.59786068408894,"Inflamed UC","LP fibroblast","P019","Fibroblast"
"SAM24412535_413125",-2.75706250783687,-0.202448179415937,"Inflamed UC","LP fibroblast","P019","Fibroblast"
"SAM24412535_90257",-3.16426427480464,-1.11763380973744,"Inflamed UC","LP fibroblast","P019","Fibroblast"
"SAM24412535_401965",6.22258274439091,4.53706754238201,"Inflamed UC","Resting crypt-top fibroblast","P019","Fibroblast"
"SAM24412535_637306",-2.64187533971553,-1.26813565700459,"Inflamed UC","LP fibroblast","P019","Fibroblast"
"SAM24412535_345258",-3.03011758443599,-0.905114521674391,"Inflamed UC","LP fibroblast","P019","Fibroblast"
"SAM24412535_711552",-4.16877372380977,-3.72396623104024,"Inflamed UC","LP fibroblast","P019","Fibroblast"
"SAM24412535_387694",-2.1379729044128,-2.75228940456318,"Inflamed UC","LP fibroblast","P019","Fibroblast"
"SAM24412535_656872",-3.37671382543331,-1.68702541797566,"Inflamed UC","LP fibroblast","P019","Fibroblast"
"SAM24412535_604270",-2.30395467397457,-1.62330757587361,"Inflamed UC","LP fibroblast","P019","Fibroblast"
"SAM24412535_166177",-3.06348521825557,-2.58905874698567,"Inflamed UC","LP fibroblast","P019","Fibroblast"
"SAM24412535_820111",6.2344578969788,0.383968541928057,"Inflamed UC","Resting crypt-top fibroblast","P019","Fibroblast"
"SAM24412535_798289",-3.78201205846553,-2.7059789797585,"Inflamed UC","LP fibroblast","P019","Fibroblast"
"SAM24412535_308076",-0.430549217431597,-0.723506917647596,"Inflamed UC","LP fibroblast","P019","Fibroblast"
"SAM24412535_296904",-3.98923499700313,-5.55703984706807,"Inflamed UC","Crypt-bottom fibroblast","P019","Fibroblast"
"SAM24412535_346778",-4.63978583928829,-4.09929381816792,"Inflamed UC","Crypt-bottom fibroblast","P019","Fibroblast"
"SAM24412535_561348",0.654396699697919,-0.648840059928175,"Inflamed UC","LP fibroblast","P019","Fibroblast"
"SAM24412535_584743",0.572227882177778,3.731967101403,"Inflamed UC","Activated crypt-top fibroblast","P019","Fibroblast"
"SAM24412535_220521",-3.37338359472042,0.238495329924349,"Inflamed UC","LP fibroblast","P019","Fibroblast"
"SAM24412535_883769",-2.64434440252071,0.512008848198179,"Inflamed UC","LP fibroblast","P019","Fibroblast"
"SAM24412535_522989",-2.29999930974727,-0.335012128047224,"Inflamed UC","LP fibroblast","P019","Fibroblast"
"SAM24412535_604654",-4.39183242437129,-1.52796637027669,"Inflamed UC","LP fibroblast","P019","Fibroblast"
"SAM24412535_661667",-2.57953078862911,-1.17881976573872,"Inflamed UC","LP fibroblast","P019","Fibroblast"
"SAM24412535_283515",4.99396579149479,4.83981503040386,"Inflamed UC","Resting crypt-top fibroblast","P019","Fibroblast"
"SAM24412535_185148",0.544661687643476,0.941303888865237,"Inflamed UC","LP fibroblast","P019","Fibroblast"
"SAM24412535_400522",-2.77359492894893,-3.60360681026387,"Inflamed UC","LP fibroblast","P019","Fibroblast"
"SAM24412535_511023",-3.94001014348751,-2.66985498874592,"Inflamed UC","LP fibroblast","P019","Fibroblast"
"SAM24412535_320740",-0.0430761110473199,-1.46092521160054,"Inflamed UC","LP fibroblast","P019","Fibroblast"
"SAM24412535_434810",-1.6864815485168,-1.50432192295003,"Inflamed UC","LP fibroblast","P019","Fibroblast"
"SAM24412535_47505",-2.67546613332515,-0.265556683234449,"Inflamed UC","LP fibroblast","P019","Fibroblast"
"SAM24412535_112972",-3.57984740850215,-2.16649638622212,"Inflamed UC","LP fibroblast","P019","Fibroblast"
"SAM24412535_700274",-2.00440461751705,-1.60608254878926,"Inflamed UC","LP fibroblast","P019","Fibroblast"
"SAM24412535_571911",-3.02917010900264,-1.49286066501546,"Inflamed UC","LP fibroblast","P019","Fibroblast"
"SAM24412535_241707",0.754928277761884,-0.222978760890241,"Inflamed UC","LP fibroblast","P019","Fibroblast"
"SAM24412535_407053",0.944022582800336,4.40038932354045,"Inflamed UC","Activated crypt-top fibroblast","P019","Fibroblast"
"SAM24412535_299883",-0.623686863153033,-0.408812036208387,"Inflamed UC","LP fibroblast","P019","Fibroblast"
"SAM24412535_253434",-5.08036239263301,-5.16728936641621,"Inflamed UC","Crypt-bottom fibroblast","P019","Fibroblast"
"SAM24412535_839628",-3.54071719762569,-1.45969687908101,"Inflamed UC","LP fibroblast","P019","Fibroblast"
"SAM24412535_648948",-1.96134955999141,-1.70080005138325,"Inflamed UC","LP fibroblast","P019","Fibroblast"
"SAM24412535_9050",-1.99977119085079,-1.62653147190022,"Inflamed UC","LP fibroblast","P019","Fibroblast"
"SAM24412535_872535",-3.2432819139648,-3.10604464023518,"Inflamed UC","LP fibroblast","P019","Fibroblast"
"SAM24412535_412873",-2.61881549474483,-1.07719348876881,"Inflamed UC","LP fibroblast","P019","Fibroblast"
"SAM24412535_463258",-2.4458285104919,-0.139528264693495,"Inflamed UC","LP fibroblast","P019","Fibroblast"
"SAM24412535_850872",-2.98786695119625,-1.33210872619557,"Inflamed UC","LP fibroblast","P019","Fibroblast"
"SAM24412535_414720",0.419756578237958,-0.595129480056043,"Inflamed UC","LP fibroblast","P019","Fibroblast"
"SAM24412535_195006",-2.91285855886226,-2.44599353282857,"Inflamed UC","LP fibroblast","P019","Fibroblast"
"SAM24412535_853854",-0.285429550378375,-1.03117035835194,"Inflamed UC","LP fibroblast","P019","Fibroblast"
"SAM24412535_312853",-2.46380765554195,-1.66727768390584,"Inflamed UC","LP fibroblast","P019","Fibroblast"
"SAM24412535_67388",-1.89362247106319,-1.0606251856606,"Inflamed UC","LP fibroblast","P019","Fibroblast"
"SAM24412535_381279",1.60984604242558,3.38285268337322,"Inflamed UC","Activated crypt-top fibroblast","P019","Fibroblast"
"SAM24412535_651256",-4.24193961736446,-3.96203481166768,"Inflamed UC","Crypt-bottom fibroblast","P019","Fibroblast"
"SAM24412535_319544",-2.59492213842159,-1.85632335155415,"Inflamed UC","LP fibroblast","P019","Fibroblast"
"SAM24412535_763819",-3.4148021471191,-1.54293095081257,"Inflamed UC","LP fibroblast","P019","Fibroblast"
"SAM24412535_225364",-0.204600883691363,-0.400655736617323,"Inflamed UC","LP fibroblast","P019","Fibroblast"
"SAM24412535_168155",-1.81819017049556,-1.9475229880135,"Inflamed UC","LP fibroblast","P019","Fibroblast"
"SAM24412535_344211",-2.52378041860347,-2.58184396236348,"Inflamed UC","LP fibroblast","P019","Fibroblast"
"SAM24412535_85150",1.19506041887517,-0.861089100531812,"Inflamed UC","LP fibroblast","P019","Fibroblast"
"SAM24412535_201063",-2.59499366399532,-2.11243831127095,"Inflamed UC","LP fibroblast","P019","Fibroblast"
"SAM24412535_560332",6.13974230173344,-0.271666278533216,"Inflamed UC","Resting crypt-top fibroblast","P019","Fibroblast"
"SAM24412535_15098",-1.25697953817134,-0.576702108077284,"Inflamed UC","LP fibroblast","P019","Fibroblast"
"SAM24412535_526069",-3.4548936617065,-2.19996916263508,"Inflamed UC","LP fibroblast","P019","Fibroblast"
"SAM24412535_492733",-2.77446134206539,-0.409152736357923,"Inflamed UC","LP fibroblast","P019","Fibroblast"
"SAM24412535_681031",-1.73246963140254,-0.983210911444898,"Inflamed UC","LP fibroblast","P019","Fibroblast"
"SAM24412535_845766",-1.09895236608272,0.849197203822855,"Inflamed UC","LP fibroblast","P019","Fibroblast"
"SAM24412535_745159",0.507605718405195,-0.294860114745374,"Inflamed UC","LP fibroblast","P019","Fibroblast"
"SAM24412535_795435",-0.147636009423785,-1.11284374206471,"Inflamed UC","LP fibroblast","P019","Fibroblast"
"SAM24412535_618565",-4.72181899663692,-4.49917041271138,"Inflamed UC","Crypt-bottom fibroblast","P019","Fibroblast"
"SAM24412535_240975",-2.04558236715084,-1.03647374122548,"Inflamed UC","LP fibroblast","P019","Fibroblast"
"SAM24412535_324553",-3.5665355455566,0.825320894428019,"Inflamed UC","LP fibroblast","P019","Fibroblast"
"SAM24412535_482877",-4.6665316354919,-4.04030572383809,"Inflamed UC","Crypt-bottom fibroblast","P019","Fibroblast"
"SAM24412535_316086",-3.23469550725704,-3.2103038927834,"Inflamed UC","LP fibroblast","P019","Fibroblast"
"SAM24412535_202672",0.353525565893598,-0.675698747328993,"Inflamed UC","LP fibroblast","P019","Fibroblast"
"SAM24412535_27016",-0.324830604760699,-0.232219566992994,"Inflamed UC","LP fibroblast","P019","Fibroblast"
"SAM24412535_652521",-2.12937791463619,-1.45360957591939,"Inflamed UC","LP fibroblast","P019","Fibroblast"
"SAM24412535_297474",-3.01046712514644,-3.12859045474934,"Inflamed UC","LP fibroblast","P019","Fibroblast"
"SAM24412535_630949",-2.30032355901485,-1.14053772895741,"Inflamed UC","LP fibroblast","P019","Fibroblast"
"SAM24412535_16670",-3.48279101964717,-1.33503066509175,"Inflamed UC","LP fibroblast","P019","Fibroblast"
"SAM24412535_448253",-2.57740790960079,-1.18571173160481,"Inflamed UC","LP fibroblast","P019","Fibroblast"
"SAM24412535_228390",-2.61350591298824,-5.82814370601582,"Inflamed UC","Crypt-bottom fibroblast","P019","Fibroblast"
"SAM24412535_202153",-1.53209312078243,-1.9965280195992,"Inflamed UC","LP fibroblast","P019","Fibroblast"
"SAM24412535_93847",1.537824319632,3.55698288471294,"Inflamed UC","Activated crypt-top fibroblast","P019","Fibroblast"
"SAM24412535_815301",-0.0935264360595269,-0.944577564887281,"Inflamed UC","LP fibroblast","P019","Fibroblast"
"SAM24412535_230638",-1.14121158239131,-1.17977320163655,"Inflamed UC","LP fibroblast","P019","Fibroblast"
"SAM24412535_823673",-2.94606502172237,-1.45987712352681,"Inflamed UC","LP fibroblast","P019","Fibroblast"
"SAM24412535_82254",-1.96022851583248,-1.42261921375203,"Inflamed UC","LP fibroblast","P019","Fibroblast"
"SAM24412535_819829",0.0870827901672797,-0.861833920172926,"Inflamed UC","LP fibroblast","P019","Fibroblast"
"SAM24412535_735182",-3.79888684865718,-1.85756527393269,"Inflamed UC","LP fibroblast","P019","Fibroblast"
"SAM24412535_816255",-3.59700019475704,-2.50490414112019,"Inflamed UC","LP fibroblast","P019","Fibroblast"
"SAM24412535_553019",-1.55544955846553,-0.870057692221876,"Inflamed UC","LP fibroblast","P019","Fibroblast"
"SAM24412535_361371",-3.1867690813232,1.45895446331096,"Inflamed UC","LP fibroblast","P019","Fibroblast"
"SAM24412535_284087",-0.0427399408507867,-2.55208050220418,"Inflamed UC","LP fibroblast","P019","Fibroblast"
"SAM24412535_334403",-2.30126006719356,-1.61880098789143,"Inflamed UC","LP fibroblast","P019","Fibroblast"
"SAM24412535_471761",-1.58345801946407,0.953939924546007,"Inflamed UC","LP fibroblast","P019","Fibroblast"
"SAM24412535_147458",-5.33266170140987,-1.64444171398091,"Inflamed UC","LP fibroblast","P019","Fibroblast"
"SAM24412535_675234",-2.59047134038692,-5.74137317150044,"Inflamed UC","Crypt-bottom fibroblast","P019","Fibroblast"
"SAM24412535_90434",-4.9263497125793,-5.09941350429463,"Inflamed UC","Crypt-bottom fibroblast","P019","Fibroblast"
"SAM24412535_704019",-3.25510270711666,1.50725103408885,"Inflamed UC","LP fibroblast","P019","Fibroblast"
"SAM24412535_479218",-3.80166537877803,-1.92911874263691,"Inflamed UC","LP fibroblast","P019","Fibroblast"
"SAM24412535_880993",-2.85081584569698,-2.30216132610249,"Inflamed UC","LP fibroblast","P019","Fibroblast"
"SAM24412535_752903",-1.34983308431392,2.24806118995738,"Inflamed UC","Inflammatory fibroblast","P019","Fibroblast"
"SAM24412535_107301",-3.57879169103389,-3.16548620670247,"Inflamed UC","LP fibroblast","P019","Fibroblast"
"SAM24412535_85077",-5.35111053106075,-5.88721143215107,"Inflamed UC","Crypt-bottom fibroblast","P019","Fibroblast"
"SAM24412535_525837",-3.50524671193843,-2.4578350683968,"Inflamed UC","LP fibroblast","P019","Fibroblast"
"SAM24412535_820321",-1.9454041254211,-0.28380595653462,"Inflamed UC","LP fibroblast","P019","Fibroblast"
"SAM24412535_364662",-1.99232633229976,-0.47587024181294,"Inflamed UC","LP fibroblast","P019","Fibroblast"
"SAM24412535_737399",-2.5472574960876,-1.00449978321004,"Inflamed UC","LP fibroblast","P019","Fibroblast"
"SAM24412535_560101",0.322200464041181,-0.305769850901838,"Inflamed UC","LP fibroblast","P019","Fibroblast"
"SAM24412535_868686",2.72926847818608,0.38873731584144,"Inflamed UC","Resting crypt-top fibroblast","P019","Fibroblast"
"SAM24412535_660386",0.552193807394453,-0.449789275817152,"Inflamed UC","LP fibroblast","P019","Fibroblast"
"SAM24412535_392240",-2.54500157949214,-1.16582726447987,"Inflamed UC","LP fibroblast","P019","Fibroblast"
"SAM24412535_833310",4.9423259365868,4.94460285694194,"Inflamed UC","Resting crypt-top fibroblast","P019","Fibroblast"
"SAM24412535_725174",-3.97174174901729,-2.67498170345234,"Inflamed UC","LP fibroblast","P019","Fibroblast"
"SAM24412535_762078",-3.33421809789424,-1.97082554309773,"Inflamed UC","LP fibroblast","P019","Fibroblast"
"SAM24412535_710797",-4.69401366826778,-4.07300960033345,"Inflamed UC","Crypt-bottom fibroblast","P019","Fibroblast"
"SAM24412535_24036",5.63209335687871,2.62083459884715,"Inflamed UC","Activated crypt-top fibroblast","P019","Fibroblast"
"SAM24412535_86696",-1.17467744466548,-1.68436752765584,"Inflamed UC","LP fibroblast","P019","Fibroblast"
"SAM24412535_204616",-3.97833831426387,-0.849911322287794,"Inflamed UC","LP fibroblast","P019","Fibroblast"
"SAM24412535_709270",-4.75040633794551,-4.39439307659077,"Inflamed UC","Crypt-bottom fibroblast","P019","Fibroblast"
"SAM24412535_486264",-1.70081765767818,-1.28496896236348,"Inflamed UC","LP fibroblast","P019","Fibroblast"
"SAM24412535_135768",-4.15269477483516,-1.23827694862294,"Inflamed UC","LP fibroblast","P019","Fibroblast"
"SAM24412535_372514",-3.0470100176025,-2.32544170825886,"Inflamed UC","LP fibroblast","P019","Fibroblast"
"SAM24412535_712883",-4.87556369420772,-4.50441180675435,"Inflamed UC","Crypt-bottom fibroblast","P019","Fibroblast"
"SAM24412535_117082",-2.71037299749141,-1.65095316379475,"Inflamed UC","LP fibroblast","P019","Fibroblast"
"SAM24412535_267931",-0.216178966729693,-1.97836982219624,"Inflamed UC","LP fibroblast","P019","Fibroblast"
"SAM24412535_789711",-4.27149970647579,-3.08274566142964,"Inflamed UC","Crypt-bottom fibroblast","P019","Fibroblast"
"SAM24412535_152238",-2.77213056203609,-5.98301755397725,"Inflamed UC","Crypt-bottom fibroblast","P019","Fibroblast"
"SAM24412535_527043",-3.07154758092647,-1.59525953739094,"Inflamed UC","LP fibroblast","P019","Fibroblast"
"SAM24412535_79378",-4.30197532293086,-1.68644868343281,"Inflamed UC","LP fibroblast","P019","Fibroblast"
"SAM24412535_24286",-2.83972175237422,-2.48052894084858,"Inflamed UC","LP fibroblast","P019","Fibroblast"
"SAM24412535_324425",-1.91072375890499,-1.55351220577168,"Inflamed UC","LP fibroblast","P019","Fibroblast"
"SAM24412535_702420",-1.19136817571407,-0.887623181037184,"Inflamed UC","LP fibroblast","P019","Fibroblast"
"SAM24412535_377285",-5.33045299169307,-6.08968459575581,"Inflamed UC","Crypt-bottom fibroblast","P019","Fibroblast"
"SAM24412535_431509",-4.43905933019405,-4.30076467006611,"Inflamed UC","Crypt-bottom fibroblast","P019","Fibroblast"
"SAM24412535_61354",-2.51187570211177,-0.448196162871595,"Inflamed UC","LP fibroblast","P019","Fibroblast"
"SAM24412535_327370",-2.82038457509761,-0.78378473728108,"Inflamed UC","LP fibroblast","P019","Fibroblast"
"SAM24412535_320156",0.104437755377241,0.227837602205996,"Inflamed UC","LP fibroblast","P019","Fibroblast"
"SAM24412535_199419",1.43064944627995,-0.877332081488844,"Inflamed UC","LP fibroblast","P019","Fibroblast"
"SAM24412535_272688",-2.43672807332759,-2.29135214298176,"Inflamed UC","LP fibroblast","P019","Fibroblast"
"SAM24412535_131439",-1.39836700078731,-1.63988219707417,"Inflamed UC","LP fibroblast","P019","Fibroblast"
"SAM24412535_823869",-3.13708551046138,-1.30684482067036,"Inflamed UC","LP fibroblast","P019","Fibroblast"
"SAM24412535_76830",-2.21655042287593,-0.83808742969441,"Inflamed UC","LP fibroblast","P019","Fibroblast"
"SAM24412535_269401",-3.4933834802795,-2.6349397799294,"Inflamed UC","LP fibroblast","P019","Fibroblast"
"SAM24412535_73895",-4.01914508458858,-0.0675423642914255,"Inflamed UC","LP fibroblast","P019","Fibroblast"
"SAM24412535_252750",4.97007952812428,4.61943663150859,"Inflamed UC","Resting crypt-top fibroblast","P019","Fibroblast"
"SAM24412535_272995",-2.99750144597774,-0.790256132773634,"Inflamed UC","LP fibroblast","P019","Fibroblast"
"SAM24412535_492417",3.46521423938984,-3.07806574314046,"Inflamed UC","Inflammatory fibroblast","P019","Fibroblast"
"SAM24412535_329022",-1.86214215871578,-0.618333806685682,"Inflamed UC","LP fibroblast","P019","Fibroblast"
"SAM24412535_83441",-3.43048246022945,-2.64135443180012,"Inflamed UC","LP fibroblast","P019","Fibroblast"
"SAM24412535_377948",4.55022721174473,4.85562265903545,"Inflamed UC","Resting crypt-top fibroblast","P019","Fibroblast"
"SAM24412535_208599",-2.96726663228755,-2.00941597431111,"Inflamed UC","LP fibroblast","P019","Fibroblast"
"SAM24412535_720387",0.585845874578901,4.00153077632976,"Inflamed UC","Activated crypt-top fibroblast","P019","Fibroblast"
"SAM24412535_51417",-4.01508624669795,-2.86995064227986,"Inflamed UC","LP fibroblast","P019","Fibroblast"
"SAM24412535_113940",-5.48357303258663,-5.95661698787617,"Inflamed UC","Crypt-bottom fibroblast","P019","Fibroblast"
"SAM24412535_63399",5.5396371352982,2.63969720394206,"Inflamed UC","Activated crypt-top fibroblast","P019","Fibroblast"
"SAM24412535_696484",-3.61729343053585,-1.12125610320973,"Inflamed UC","LP fibroblast","P019","Fibroblast"
"SAM24412535_779784",1.57005326631779,0.525595466204409,"Inflamed UC","Resting crypt-top fibroblast","P019","Fibroblast"
"SAM24412535_4823",0.575815843374677,-0.245097210101362,"Inflamed UC","LP fibroblast","P019","Fibroblast"
"SAM24412535_574069",0.88533489588017,-0.266938974551435,"Inflamed UC","LP fibroblast","P019","Fibroblast"
"SAM24412535_13589",-3.46269662496334,-3.15257655589985,"Inflamed UC","LP fibroblast","P019","Fibroblast"
"SAM24412535_302270",-3.53744418737178,-2.49489842861104,"Inflamed UC","LP fibroblast","P019","Fibroblast"
"SAM24412535_512447",0.618440555365034,0.0731707313735526,"Inflamed UC","LP fibroblast","P019","Fibroblast"
"SAM24412535_379079",-2.64442927953487,-5.65086614101338,"Inflamed UC","Crypt-bottom fibroblast","P019","Fibroblast"
"SAM24412535_278274",-2.82217223760372,-0.817618956259962,"Inflamed UC","LP fibroblast","P019","Fibroblast"
"SAM24412535_374867",-4.03893001195674,-1.31422435253071,"Inflamed UC","LP fibroblast","P019","Fibroblast"
"SAM24412535_500436",0.235924171240278,-0.663092603377577,"Inflamed UC","LP fibroblast","P019","Fibroblast"
"SAM24412535_691771",-2.64369542714839,-5.93011580913472,"Inflamed UC","Crypt-bottom fibroblast","P019","Fibroblast"
"SAM24412535_871824",-3.4242597353149,-2.57714759319233,"Inflamed UC","LP fibroblast","P019","Fibroblast"
"SAM24412535_629008",2.08546225908513,3.13170088321758,"Inflamed UC","Activated crypt-top fibroblast","P019","Fibroblast"
"SAM24412535_637921",-5.09175403234249,-3.19902144878316,"Inflamed UC","Crypt-bottom fibroblast","P019","Fibroblast"
"SAM24412535_884421",1.19291679743046,3.37644804508281,"Inflamed UC","Activated crypt-top fibroblast","P019","Fibroblast"
"SAM24412535_522190",-5.13604171392208,-4.16936074703145,"Inflamed UC","Crypt-bottom fibroblast","P019","Fibroblast"
"SAM24412535_871766",1.14137976053471,3.35756624729228,"Inflamed UC","Activated crypt-top fibroblast","P019","Fibroblast"
"SAM24412535_336637",-2.77257449743038,-2.72403441875386,"Inflamed UC","LP fibroblast","P019","Fibroblast"
"SAM24412535_307097",1.75898663881535,1.01579464466167,"Inflamed UC","Resting crypt-top fibroblast","P019","Fibroblast"
"SAM24412535_352184",-3.64853770848995,0.217559705086474,"Inflamed UC","LP fibroblast","P019","Fibroblast"
"SAM24412535_479252",1.09822242143864,3.16315687686992,"Inflamed UC","Activated crypt-top fibroblast","P019","Fibroblast"
"SAM24412535_299662",-3.98793418523555,-3.18413244693684,"Inflamed UC","LP fibroblast","P019","Fibroblast"
"SAM24412535_674145",-4.08636005040889,-1.16769646614003,"Inflamed UC","LP fibroblast","P019","Fibroblast"
"SAM24412535_611992",-4.88670451757198,-4.9519015452187,"Inflamed UC","Crypt-bottom fibroblast","P019","Fibroblast"
"SAM24412535_349985",1.59611360910649,0.023884723492388,"Inflamed UC","LP fibroblast","P019","Fibroblast"
"SAM24412535_712739",-5.60326392766719,-6.33984147518086,"Inflamed UC","Crypt-bottom fibroblast","P019","Fibroblast"
"SAM24412535_78939",-3.16209418889766,0.618121561192397,"Inflamed UC","LP fibroblast","P019","Fibroblast"
"SAM24412535_289265",-1.32247836705928,-0.694968809775587,"Inflamed UC","LP fibroblast","P019","Fibroblast"
"SAM24412535_749038",-1.61364371892696,-0.574578513793226,"Inflamed UC","LP fibroblast","P019","Fibroblast"
"SAM24412535_684561",5.15532069090123,4.78400648624492,"Inflamed UC","Resting crypt-top fibroblast","P019","Fibroblast"
"SAM24412535_881171",1.75813071611638,0.913770029850725,"Inflamed UC","Resting crypt-top fibroblast","P019","Fibroblast"
"SAM24412535_672347",-1.92714984533077,-0.870246162108656,"Inflamed UC","LP fibroblast","P019","Fibroblast"
"SAM24412535_357871",-3.58580119725948,-2.1560031077187,"Inflamed UC","LP fibroblast","P019","Fibroblast"
"SAM24412535_511316",0.935908244879194,-0.183708598307844,"Inflamed UC","LP fibroblast","P019","Fibroblast"
"SAM24412535_602509",-4.46857268926387,-1.18467127292561,"Inflamed UC","LP fibroblast","P019","Fibroblast"
"SAM24412535_112803",-3.57399423238521,-2.13236676662373,"Inflamed UC","LP fibroblast","P019","Fibroblast"
"SAM24412535_261320",-0.288097931115679,-0.91231404750752,"Inflamed UC","LP fibroblast","P019","Fibroblast"
"SAM24412535_329283",-4.98843200322872,-5.0129538676064,"Inflamed UC","Crypt-bottom fibroblast","P019","Fibroblast"
"SAM24412535_668630",-3.39494617101436,-2.43651210277485,"Inflamed UC","LP fibroblast","P019","Fibroblast"
"SAM24412535_558960",-4.59054858800655,-4.99177991359639,"Inflamed UC","Crypt-bottom fibroblast","P019","Fibroblast"
"SAM24412535_520880",-2.31940801259761,-0.730417957000013,"Inflamed UC","LP fibroblast","P019","Fibroblast"
"SAM24412535_525181",-3.95266063329463,-2.30879031627583,"Inflamed UC","LP fibroblast","P019","Fibroblast"
"SAM24412535_768076",-4.35149772283321,-1.25582682102131,"Inflamed UC","LP fibroblast","P019","Fibroblast"
"SAM24412535_379768",1.25700323465581,4.77475012332988,"Inflamed UC","Activated crypt-top fibroblast","P019","Fibroblast"
"SAM24412535_760150",2.69774525049443,5.33344734699321,"Inflamed UC","Activated crypt-top fibroblast","P019","Fibroblast"
"SAM24412535_650561",2.52829735162968,5.24313009769512,"Inflamed UC","Activated crypt-top fibroblast","P019","Fibroblast"
"SAM24412535_216465",-2.41826493856197,-2.25984870403218,"Inflamed UC","LP fibroblast","P019","Fibroblast"
"SAM24412535_603667",6.25519888284916,0.410751173802141,"Inflamed UC","Resting crypt-top fibroblast","P019","Fibroblast"
"SAM24412535_402848",0.544484304220624,-0.0109567543785531,"Inflamed UC","LP fibroblast","P019","Fibroblast"
"SAM24412535_842309",1.06409160974736,-0.659653534583326,"Inflamed UC","LP fibroblast","P019","Fibroblast"
"SAM24412535_653476",-3.63013894674068,-0.871637572936292,"Inflamed UC","LP fibroblast","P019","Fibroblast"
"SAM24412535_10175",-2.28156669255977,-0.649632682494398,"Inflamed UC","LP fibroblast","P019","Fibroblast"
"SAM24412535_178081",0.199953483374067,-0.595096697501417,"Inflamed UC","LP fibroblast","P019","Fibroblast"
"SAM24412535_441780",-2.92489011403804,-5.95933925121235,"Inflamed UC","Crypt-bottom fibroblast","P019","Fibroblast"
"SAM24412535_818884",0.24816768053288,-0.450680484465833,"Inflamed UC","LP fibroblast","P019","Fibroblast"
"SAM24412535_596670",1.83652727487797,0.0516276457984488,"Inflamed UC","LP fibroblast","P019","Fibroblast"
"SAM24412535_882578",2.49500315073247,3.97066963703227,"Inflamed UC","Resting crypt-top fibroblast","P019","Fibroblast"
"SAM24412535_152468",-2.79225165960079,-0.915945758513685,"Inflamed UC","LP fibroblast","P019","Fibroblast"
"SAM24412535_480057",-4.04327209111934,-2.65390073268818,"Inflamed UC","LP fibroblast","P019","Fibroblast"
"SAM24412535_624414",-1.93885762807613,-1.19587193935322,"Inflamed UC","LP fibroblast","P019","Fibroblast"
"SAM24412535_670877",-3.7361584436584,0.310215125389818,"Inflamed UC","LP fibroblast","P019","Fibroblast"
"SAM24412535_130996",-3.49447305318599,-2.37694536655354,"Inflamed UC","LP fibroblast","P019","Fibroblast"
"SAM24412535_276737",-4.75481803533321,-4.36519729106831,"Inflamed UC","Crypt-bottom fibroblast","P019","Fibroblast"
"SAM24412535_552524",-3.9300060999084,0.026707480259661,"Inflamed UC","LP fibroblast","P019","Fibroblast"
"SAM24412535_738005",-4.00986583348995,-2.32973348110127,"Inflamed UC","LP fibroblast","P019","Fibroblast"
"SAM24412535_303185",-1.56638772603755,-0.357007732085462,"Inflamed UC","LP fibroblast","P019","Fibroblast"
"SAM24412535_634248",-2.98715837117916,-1.21882616489338,"Inflamed UC","LP fibroblast","P019","Fibroblast"
"SAM24412535_228613",-2.83373410817867,-2.1038414141457,"Inflamed UC","LP fibroblast","P019","Fibroblast"
"SAM24412535_192024",3.71030582669491,4.71321714908672,"Inflamed UC","Resting crypt-top fibroblast","P019","Fibroblast"
"SAM24412535_237318",1.97596709612126,1.26354397327495,"Inflamed UC","Resting crypt-top fibroblast","P019","Fibroblast"
"SAM24412535_733793",-3.8938437235046,-3.64100181072163,"Inflamed UC","Crypt-bottom fibroblast","P019","Fibroblast"
"SAM24412535_403164",-4.08190734502559,-1.75679575412678,"Inflamed UC","LP fibroblast","P019","Fibroblast"
"SAM24412535_161176",-3.45611674901729,-0.793496837310072,"Inflamed UC","LP fibroblast","P019","Fibroblast"
"SAM24412535_596618",0.690512107641645,4.63446081668926,"Inflamed UC","Activated crypt-top fibroblast","P019","Fibroblast"
"SAM24412535_41537",-3.24997098562007,-1.79900084941792,"Inflamed UC","LP fibroblast","P019","Fibroblast"
"SAM24412535_422325",2.45762448194737,6.01151121646953,"Inflamed UC","Activated crypt-top fibroblast","P019","Fibroblast"
"SAM24412535_144720",1.78688185098881,3.32760370761943,"Inflamed UC","Activated crypt-top fibroblast","P019","Fibroblast"
"SAM24412535_467262",-2.50485427495723,-5.69854413478779,"Inflamed UC","Crypt-bottom fibroblast","P019","Fibroblast"
"SAM24412535_531536",1.49523584726567,0.00560821086955476,"Inflamed UC","LP fibroblast","P019","Fibroblast"
"SAM24412535_20070",-3.60837895986324,-1.16502653568196,"Inflamed UC","LP fibroblast","P019","Fibroblast"
"SAM24412535_646732",-4.68718345281368,-4.26333152263569,"Inflamed UC","Crypt-bottom fibroblast","P019","Fibroblast"
"SAM24412535_287769",-2.63246352788692,-6.06211101024556,"Inflamed UC","Crypt-bottom fibroblast","P019","Fibroblast"
"SAM24412535_372628",2.12361316564793,1.34038258583141,"Inflamed UC","Resting crypt-top fibroblast","P019","Fibroblast"
"SAM24412535_5490",-4.31403167363887,-1.86399685352254,"Inflamed UC","LP fibroblast","P019","Fibroblast"
"SAM24412535_611828",-2.65151221868282,0.0819819071967642,"Inflamed UC","LP fibroblast","P019","Fibroblast"
"SAM24412535_224935",-4.96972949620967,-4.77051936595845,"Inflamed UC","Crypt-bottom fibroblast","P019","Fibroblast"
"SAM24412535_482037",-3.92917163488155,-2.25275002925801,"Inflamed UC","Crypt-bottom fibroblast","P019","Fibroblast"
"SAM24412535_4696",2.48781721475834,3.44430507213664,"Inflamed UC","Resting crypt-top fibroblast","P019","Fibroblast"
"SAM24412535_41640",-4.83363158818965,-3.82726870983052,"Inflamed UC","Crypt-bottom fibroblast","P019","Fibroblast"
"SAM24412535_488808",-3.23685748693233,-0.03274713962483,"Inflamed UC","LP fibroblast","P019","Fibroblast"
"SAM24412535_796570",3.09507446172947,1.90131259948802,"Inflamed UC","Resting crypt-top fibroblast","P019","Fibroblast"
"SAM24412535_69926",4.44995664242024,4.06420267612529,"Inflamed UC","Resting crypt-top fibroblast","P019","Fibroblast"
"SAM24412535_128574",-3.26957185384517,-0.100917508296247,"Inflamed UC","LP fibroblast","P019","Fibroblast"
"SAM24412535_139341",-5.62183482763057,-1.57923852413106,"Inflamed UC","LP fibroblast","P019","Fibroblast"
"SAM24412535_231860",-3.28619010564571,-0.648977746657606,"Inflamed UC","LP fibroblast","P019","Fibroblast"
"SAM24412535_4714",-4.0551281702209,-4.02729569881367,"Inflamed UC","Crypt-bottom fibroblast","P019","Fibroblast"
"SAM24412535_280218",-4.4060974847961,-0.901718725852247,"Inflamed UC","LP fibroblast","P019","Fibroblast"
"SAM24412535_409972",-1.94812686559444,-1.59782396762776,"Inflamed UC","LP fibroblast","P019","Fibroblast"
"SAM24412535_822875",-2.53694493886714,-2.64377294986653,"Inflamed UC","LP fibroblast","P019","Fibroblast"
"SAM24412535_455086",-3.3884292375732,1.33721012861324,"Inflamed UC","LP fibroblast","P019","Fibroblast"
"SAM24412535_754013",-4.55618388768917,-0.81210493057179,"Inflamed UC","LP fibroblast","P019","Fibroblast"
"SAM24412535_764715",2.51862447145695,5.9090169766624,"Inflamed UC","Activated crypt-top fibroblast","P019","Fibroblast"
"SAM24412535_527219",-5.33892734166866,-5.84480582683491,"Inflamed UC","Crypt-bottom fibroblast","P019","Fibroblast"
"SAM24412535_332474",0.726973460943647,4.57429183513713,"Inflamed UC","Activated crypt-top fibroblast","P019","Fibroblast"
"SAM24412535_629689",-0.538217617242388,-2.4464300772469,"Inflamed UC","LP fibroblast","P019","Fibroblast"
"SAM24412535_776029",-2.58480603811031,0.160100052662615,"Inflamed UC","LP fibroblast","P019","Fibroblast"
"SAM24412535_837066",-2.17951638814693,-2.02613316982197,"Inflamed UC","LP fibroblast","P019","Fibroblast"
"SAM24412535_15333",-4.60871322271114,-4.33290063350606,"Inflamed UC","LP fibroblast","P019","Fibroblast"
"SAM24412535_311286",-3.98189265844112,-1.72258221118855,"Inflamed UC","LP fibroblast","P019","Fibroblast"
"SAM24412535_434241",-1.28084905263668,2.39267660171581,"Inflamed UC","Inflammatory fibroblast","P019","Fibroblast"
"SAM24412535_484699",-5.23352916356807,-5.75008069484639,"Inflamed UC","Crypt-bottom fibroblast","P019","Fibroblast"
"SAM24412535_808552",1.88936822298283,5.22060812503887,"Inflamed UC","Activated crypt-top fibroblast","P019","Fibroblast"
"SAM24412535_185427",1.70781342867131,1.13529438764644,"Inflamed UC","Resting crypt-top fibroblast","P019","Fibroblast"
"SAM24412535_539523",-3.55409200307613,-2.29292212932515,"Inflamed UC","LP fibroblast","P019","Fibroblast"
"SAM24412535_807104",-3.84571845647579,-0.619847287825819,"Inflamed UC","LP fibroblast","P019","Fibroblast"
"SAM24412535_208547",0.65583746317143,-0.364042212657209,"Inflamed UC","LP fibroblast","P019","Fibroblast"
"SAM24412535_608415",0.208487199575849,-0.0723634859840829,"Inflamed UC","LP fibroblast","P019","Fibroblast"
"SAM24412535_159819",-4.92489917394405,-4.89209996669697,"Inflamed UC","Crypt-bottom fibroblast","P019","Fibroblast"
"SAM24412535_816754",2.3543526399445,5.57624043018413,"Inflamed UC","Activated crypt-top fibroblast","P019","Fibroblast"
"SAM24412535_482277",-3.88201434728389,-2.91518937557149,"Inflamed UC","Crypt-bottom fibroblast","P019","Fibroblast"
"SAM24412535_313037",-4.22365958806758,-4.51204406230855,"Inflamed UC","Crypt-bottom fibroblast","P019","Fibroblast"
"SAM24412535_557801",-3.65391452428585,-0.490784754447218,"Inflamed UC","LP fibroblast","P019","Fibroblast"
"SAM24412535_466472",-2.35428340551143,-1.73417793720173,"Inflamed UC","LP fibroblast","P019","Fibroblast"
"SAM24412535_695437",-5.15776832219844,-4.62338792293477,"Inflamed UC","Crypt-bottom fibroblast","P019","Fibroblast"
"SAM24412535_670385",-4.24552066442256,-1.01202928035664,"Inflamed UC","LP fibroblast","P019","Fibroblast"
"SAM24412535_129303",-2.68747861501461,-0.512140383414503,"Inflamed UC","LP fibroblast","P019","Fibroblast"
"SAM24412535_86083",-4.13048083898311,-1.08180402725148,"Inflamed UC","LP fibroblast","P019","Fibroblast"
"SAM24412535_462669",-2.64172752019649,-5.94439946620869,"Inflamed UC","Crypt-bottom fibroblast","P019","Fibroblast"
"SAM24412535_187357",-2.64696509954219,-0.444433083228346,"Inflamed UC","LP fibroblast","P019","Fibroblast"
"SAM24412535_756587",-2.83731753942256,-1.27093469112324,"Inflamed UC","LP fibroblast","P019","Fibroblast"
"SAM24412535_469302",-4.02255447026973,-1.64423119037556,"Inflamed UC","LP fibroblast","P019","Fibroblast"
"SAM24412535_114510",-2.41560657140499,-2.58343779056477,"Inflamed UC","LP fibroblast","P019","Fibroblast"
"SAM24412535_675455",-4.67527682897335,-4.44606553523945,"Inflamed UC","Crypt-bottom fibroblast","P019","Fibroblast"
"SAM24412535_129937",-4.64299495336299,-5.58772193401265,"Inflamed UC","Crypt-bottom fibroblast","P019","Fibroblast"
"SAM24412535_262449",-4.23749072667842,-5.48414622753071,"Inflamed UC","Crypt-bottom fibroblast","P019","Fibroblast"
"SAM24412535_281285",-3.71493203756099,-2.30461036174702,"Inflamed UC","LP fibroblast","P019","Fibroblast"
"SAM24412535_262295",-1.00179727193599,-0.911846747092481,"Inflamed UC","LP fibroblast","P019","Fibroblast"
"SAM24412535_592093",-3.74618919011836,-1.06246375053334,"Inflamed UC","LP fibroblast","P019","Fibroblast"
"SAM24412535_469236",-4.99289233800655,-5.35507546871113,"Inflamed UC","Crypt-bottom fibroblast","P019","Fibroblast"
"SAM24412535_591316",-2.96368463155513,-0.158074607543226,"Inflamed UC","LP fibroblast","P019","Fibroblast"
"SAM24412535_271986",1.36161820772404,-0.23268370836186,"Inflamed UC","LP fibroblast","P019","Fibroblast"
"SAM24412535_813050",2.46309833410496,5.85386074573589,"Inflamed UC","Activated crypt-top fibroblast","P019","Fibroblast"
"SAM24412535_834961",2.24309854391331,1.51168401033473,"Inflamed UC","Resting crypt-top fibroblast","P019","Fibroblast"
"SAM24412535_367602",-3.95916183110958,-1.33993612735676,"Inflamed UC","LP fibroblast","P019","Fibroblast"
"SAM24412535_696421",1.24111239794011,0.104344914265398,"Inflamed UC","LP fibroblast","P019","Fibroblast"
"SAM24412535_665389",-3.80581863042598,-2.83501492946553,"Inflamed UC","LP fibroblast","P019","Fibroblast"
"SAM24412535_398327",0.250621484548994,-0.160043945006605,"Inflamed UC","LP fibroblast","P019","Fibroblast"
"SAM24412535_275903",-3.17210252401119,-3.69987832515645,"Inflamed UC","LP fibroblast","P019","Fibroblast"
"SAM24412535_720307",-1.88817889806514,0.346685300179247,"Inflamed UC","LP fibroblast","P019","Fibroblast"
"SAM24412535_694081",-4.89476020452266,-5.34165631740498,"Inflamed UC","Crypt-bottom fibroblast","P019","Fibroblast"
"SAM24412535_413776",-2.39247710820919,-1.57406698673176,"Inflamed UC","LP fibroblast","P019","Fibroblast"
"SAM24412535_625557",4.02665166738743,5.21723021061016,"Inflamed UC","Resting crypt-top fibroblast","P019","Fibroblast"
"SAM24412535_193494",-3.84935815450435,-0.542676438979383,"Inflamed UC","LP fibroblast","P019","Fibroblast"
"SAM24412535_554015",0.97562711122746,0.155813912459139,"Inflamed UC","Resting crypt-top fibroblast","P019","Fibroblast"
"SAM24412535_639842",-2.20907075521236,-0.645014156989332,"Inflamed UC","LP fibroblast","P019","Fibroblast"
"SAM24412535_65810",1.41749732378239,-0.504274477652784,"Inflamed UC","LP fibroblast","P019","Fibroblast"
"SAM24412535_216701",2.03091089609379,4.1283191540916,"Inflamed UC","Activated crypt-top fibroblast","P019","Fibroblast"
"SAM24412535_772236",-4.0561218988586,-0.557497491530653,"Inflamed UC","LP fibroblast","P019","Fibroblast"
"SAM24412535_810354",-3.59749276754146,-2.72740351169514,"Inflamed UC","LP fibroblast","P019","Fibroblast"
"SAM24412535_211344",2.8653983342957,1.86978293449474,"Inflamed UC","Resting crypt-top fibroblast","P019","Fibroblast"
"SAM24412535_390377",2.8507909047913,0.833502749510531,"Inflamed UC","Resting crypt-top fibroblast","P019","Fibroblast"
"SAM24412535_431743",-1.22203261968379,2.2348466017921,"Inflamed UC","Inflammatory fibroblast","P019","Fibroblast"
"SAM24412535_7147",1.3230489957642,4.40482963115764,"Inflamed UC","Activated crypt-top fibroblast","P019","Fibroblast"
"SAM24412535_537801",1.57134907129521,3.02501953632427,"Inflamed UC","Activated crypt-top fibroblast","P019","Fibroblast"
"SAM24412535_805047",1.79969303491826,5.24696482212139,"Inflamed UC","Activated crypt-top fibroblast","P019","Fibroblast"
"SAM24412535_491909",-3.05389936086421,-0.173708786658521,"Inflamed UC","LP fibroblast","P019","Fibroblast"
"SAM24412535_72315",-1.35381467458492,-0.53211831062245,"Inflamed UC","LP fibroblast","P019","Fibroblast"
"SAM24412535_381564",1.15389864328618,5.14573610813213,"Inflamed UC","Activated crypt-top fibroblast","P019","Fibroblast"
"SAM24412535_710403",-3.7533670198608,-1.28420101612019,"Inflamed UC","LP fibroblast","P019","Fibroblast"
"SAM24412535_235490",-3.26472766515499,-3.70359336345601,"Inflamed UC","LP fibroblast","P019","Fibroblast"
"SAM24412535_603589",-0.0536690485168023,0.234213123627428,"Inflamed UC","Resting crypt-top fibroblast","P019","Fibroblast"
"SAM24412535_357149",-4.4662895929504,-2.61870991199421,"Inflamed UC","LP fibroblast","P019","Fibroblast"
"SAM24412535_198666",-4.54789264318233,-1.55985628574299,"Inflamed UC","LP fibroblast","P019","Fibroblast"
"SAM24412535_311558",-2.68364246007686,-5.8159996172707,"Inflamed UC","Crypt-bottom fibroblast","P019","Fibroblast"
"SAM24412535_559244",-4.8051863443542,-3.02530633418965,"Inflamed UC","Crypt-bottom fibroblast","P019","Fibroblast"
"SAM24412535_759540",1.51370446565861,-0.267220606497999,"Inflamed UC","LP fibroblast","P019","Fibroblast"
"SAM24412535_759780",0.60694830301518,4.12886775524211,"Inflamed UC","Activated crypt-top fibroblast","P019","Fibroblast"
"SAM24412535_248895",-5.53920753118282,-1.96494494884419,"Inflamed UC","LP fibroblast","P019","Fibroblast"
"SAM24412535_260903",1.01065890672917,0.132779608078722,"Inflamed UC","LP fibroblast","P019","Fibroblast"
"SAM24412535_802830",2.41251151445622,6.05620134861064,"Inflamed UC","Activated crypt-top fibroblast","P019","Fibroblast"
"SAM24412535_81517",-3.78463561650997,-0.314326097659345,"Inflamed UC","LP fibroblast","P019","Fibroblast"
"SAM24412535_143068",4.27808000329251,2.83954323322368,"Inflamed UC","Resting crypt-top fibroblast","P019","Fibroblast"
"SAM24412535_327333",3.92417751434559,2.76538766414714,"Inflamed UC","Resting crypt-top fibroblast","P019","Fibroblast"
"SAM24412535_353422",-4.40478427526241,-1.48333894222188,"Inflamed UC","LP fibroblast","P019","Fibroblast"
"SAM24412535_776280",-2.77725942250972,0.0403475859839957,"Inflamed UC","LP fibroblast","P019","Fibroblast"
"SAM24412535_256522",-3.40434033986812,0.0483822324950736,"Inflamed UC","LP fibroblast","P019","Fibroblast"
"SAM24412535_312021",0.828957246572919,-0.410164942435499,"Inflamed UC","LP fibroblast","P019","Fibroblast"
"SAM24412535_2523",-4.17757804509883,-2.85670219867634,"Inflamed UC","Crypt-bottom fibroblast","P019","Fibroblast"
"SAM24412535_363110",1.09328977945561,3.79555285961223,"Inflamed UC","Activated crypt-top fibroblast","P019","Fibroblast"
"SAM24412535_210842",-4.679540706842,-3.81618033855366,"Inflamed UC","Crypt-bottom fibroblast","P019","Fibroblast"
"SAM24412535_7217",-3.92088039037471,-1.05794857948231,"Inflamed UC","LP fibroblast","P019","Fibroblast"
"SAM24412535_246378",-4.6203423273254,-0.643838872603651,"Inflamed UC","LP fibroblast","P019","Fibroblast"
"SAM24412535_587967",1.54557959917302,5.4776958325584,"Inflamed UC","Activated crypt-top fibroblast","P019","Fibroblast"
"SAM24412535_774892",4.12488032453994,-4.00081454723286,"Inflamed UC","Inflammatory fibroblast","P019","Fibroblast"
"SAM24412535_693559",0.905393050939985,-0.900346269301649,"Inflamed UC","LP fibroblast","P019","Fibroblast"
"SAM24412535_383472",3.90597431543583,2.98602093250347,"Inflamed UC","Resting crypt-top fibroblast","P019","Fibroblast"
"SAM24412535_476548",1.81738798502202,0.648440109163944,"Inflamed UC","Resting crypt-top fibroblast","P019","Fibroblast"
"SAM24412535_727092",-4.83891399022823,-5.07037841289448,"Inflamed UC","Crypt-bottom fibroblast","P019","Fibroblast"
"SAM24412535_10668",-2.51727397557979,-5.39676295726704,"Inflamed UC","Crypt-bottom fibroblast","P019","Fibroblast"
"SAM24412535_105434",4.76346169594044,4.3752297261436,"Inflamed UC","Resting crypt-top fibroblast","P019","Fibroblast"
"SAM24412535_184597",2.84518067720646,2.05020571739269,"Inflamed UC","Resting crypt-top fibroblast","P019","Fibroblast"
"SAM24412535_39537",1.18620769861455,0.0348191955764334,"Inflamed UC","LP fibroblast","P019","Fibroblast"
"SAM24412535_810932",-4.88114459630733,-3.28391396015095,"Inflamed UC","Crypt-bottom fibroblast","P019","Fibroblast"
"SAM24412535_461856",0.699675010473676,-0.162565161875959,"Inflamed UC","LP fibroblast","P019","Fibroblast"
"SAM24412535_604197",1.95244734171147,3.8231388428886,"Inflamed UC","Activated crypt-top fibroblast","P019","Fibroblast"
"SAM24412535_3742",2.15954153421635,3.26125801593852,"Inflamed UC","Activated crypt-top fibroblast","P019","Fibroblast"
"SAM24412535_496441",-2.96920879003292,-0.183639158896681,"Inflamed UC","LP fibroblast","P019","Fibroblast"
"SAM24412535_378319",4.33896666947121,4.69342077762676,"Inflamed UC","Resting crypt-top fibroblast","P019","Fibroblast"
"SAM24412535_93936",2.23163609388585,4.52767194301677,"Inflamed UC","Activated crypt-top fibroblast","P019","Fibroblast"
"SAM24412535_118597",3.67419959786648,2.66973269970012,"Inflamed UC","Resting crypt-top fibroblast","P019","Fibroblast"
"SAM24412535_419802",-5.08538539525752,-5.81067716091084,"Inflamed UC","Crypt-bottom fibroblast","P019","Fibroblast"
"SAM24412535_753952",-2.91553123113399,-0.527722229651685,"Inflamed UC","LP fibroblast","P019","Fibroblast"
"SAM24412535_865181",4.39751894953961,4.06433046848369,"Inflamed UC","Resting crypt-top fibroblast","P019","Fibroblast"
"SAM24412535_439080",-5.01433570501094,-4.27322017162251,"Inflamed UC","Crypt-bottom fibroblast","P019","Fibroblast"
"SAM24412535_745072",-3.07695682164913,-0.321575214556928,"Inflamed UC","LP fibroblast","P019","Fibroblast"
"SAM24412535_746431",-4.93459613439327,-5.20702659099507,"Inflamed UC","Crypt-bottom fibroblast","P019","Fibroblast"
"SAM24412535_768526",3.28905777815098,2.64787400753093,"Inflamed UC","Resting crypt-top fibroblast","P019","Fibroblast"
"SAM24412535_268591",4.02089385870213,4.18909038097454,"Inflamed UC","Resting crypt-top fibroblast","P019","Fibroblast"
"SAM24412535_425079",1.31150834444279,-0.210043837718244,"Inflamed UC","LP fibroblast","P019","Fibroblast"
"SAM24412535_64629",-2.4762764703918,-5.35358725994038,"Inflamed UC","Crypt-bottom fibroblast","P019","Fibroblast"
"SAM24412535_453477",-3.82888896581417,-2.73845921962666,"Inflamed UC","LP fibroblast","P019","Fibroblast"
"SAM24412535_541330",-4.94581992742305,-2.55920635669636,"Inflamed UC","Crypt-bottom fibroblast","P019","Fibroblast"
"SAM24412535_539338",3.27512423876042,3.8602105477531,"Inflamed UC","Resting crypt-top fibroblast","P019","Fibroblast"
"SAM24412535_47425",-2.06524093267208,-1.31778501480031,"Inflamed UC","LP fibroblast","P019","Fibroblast"
"SAM24412535_781840",-2.79230458852535,-0.375093688658949,"Inflamed UC","LP fibroblast","P019","Fibroblast"
"SAM24412535_202283",1.21787087801213,-0.144040991954084,"Inflamed UC","LP fibroblast","P019","Fibroblast"
"SAM24412535_537112",-5.1894341242004,-3.31340133159566,"Inflamed UC","Crypt-bottom fibroblast","P019","Fibroblast"
"SAM24412535_880688",-1.38237578984981,0.993433455534701,"Inflamed UC","LP fibroblast","P019","Fibroblast"
"SAM24412535_89776",5.18607597234959,3.94925154239726,"Inflamed UC","LP fibroblast","P019","Fibroblast"
"SAM24412535_677878",2.04815714243168,5.28634966404033,"Inflamed UC","Activated crypt-top fibroblast","P019","Fibroblast"
"SAM24412535_364475",2.02311293962712,4.04093159229351,"Inflamed UC","Activated crypt-top fibroblast","P019","Fibroblast"
"SAM24412535_796789",-4.80641944524532,-5.30372821300435,"Inflamed UC","Crypt-bottom fibroblast","P019","Fibroblast"
"SAM24412535_158140",-4.69718558904415,-5.09537612407612,"Inflamed UC","Crypt-bottom fibroblast","P019","Fibroblast"
"SAM24412535_284094",-1.8378806841064,0.792946154781107,"Inflamed UC","LP fibroblast","P019","Fibroblast"
"SAM24412535_124301",0.723926471502729,0.636296893941194,"Inflamed UC","LP fibroblast","P019","Fibroblast"
"SAM24412535_412194",2.27488510492558,6.01269663364482,"Inflamed UC","Activated crypt-top fibroblast","P019","Fibroblast"
"SAM24412535_403808",-2.65754611608272,-5.60275374858784,"Inflamed UC","Crypt-bottom fibroblast","P019","Fibroblast"
"SAM24412535_262880",-5.42552192327266,-5.97410117595601,"Inflamed UC","Crypt-bottom fibroblast","P019","Fibroblast"
"SAM24412535_178906",-4.30839545842891,-2.52557622402119,"Inflamed UC","LP fibroblast","P019","Fibroblast"
"SAM24412535_440474",1.19704906824345,0.100790450878863,"Inflamed UC","LP fibroblast","P019","Fibroblast"
"SAM24412535_637686",-1.87362821218257,-1.00966333358693,"Inflamed UC","LP fibroblast","P019","Fibroblast"
"SAM24412535_113382",-3.18392331716304,-5.77098857372212,"Inflamed UC","Crypt-bottom fibroblast","P019","Fibroblast"
"SAM24412535_445899",-4.82329375859981,-3.58840333431172,"Inflamed UC","Crypt-bottom fibroblast","P019","Fibroblast"
"SAM24412535_614223",1.3941373098206,-0.338599850825544,"Inflamed UC","LP fibroblast","P019","Fibroblast"
"SAM24412535_59761",2.82666389826054,1.79425896198345,"Inflamed UC","Resting crypt-top fibroblast","P019","Fibroblast"
"SAM24412535_144543",-4.47459991094356,-3.60374032466816,"Inflamed UC","Crypt-bottom fibroblast","P019","Fibroblast"
"SAM24412535_245519",-4.82945163366085,-1.3268148800652,"Inflamed UC","LP fibroblast","P019","Fibroblast"
"SAM24412535_524307",2.14053444746251,5.57872236759258,"Inflamed UC","Activated crypt-top fibroblast","P019","Fibroblast"
"SAM24412535_675713",2.20707409265751,4.03761399776531,"Inflamed UC","Activated crypt-top fibroblast","P019","Fibroblast"
"SAM24412535_640513",2.57935504797215,5.32755888492656,"Inflamed UC","Activated crypt-top fibroblast","P019","Fibroblast"
"SAM24412535_212361",-2.39529569265132,0.994751850672488,"Inflamed UC","LP fibroblast","P019","Fibroblast"
"SAM24412535_381230",-4.07100112554317,-0.258777131728407,"Inflamed UC","LP fibroblast","P019","Fibroblast"
"SAM24412535_502819",1.50224749925847,3.2542854645927,"Inflamed UC","Activated crypt-top fibroblast","P019","Fibroblast"
"SAM24412535_193682",-4.71306426641231,-3.48400317638325,"Inflamed UC","Crypt-bottom fibroblast","P019","Fibroblast"
"SAM24412535_439223",-3.62174232122188,-0.969617237738844,"Inflamed UC","LP fibroblast","P019","Fibroblast"
"SAM24412535_197635",1.31701533678288,0.0126459696967642,"Inflamed UC","LP fibroblast","P019","Fibroblast"
"SAM24412535_829260",2.63620607736821,2.629379043885,"Inflamed UC","Resting crypt-top fibroblast","P019","Fibroblast"
"SAM24412535_839140",3.2615113127541,3.49578774959636,"Inflamed UC","Resting crypt-top fibroblast","P019","Fibroblast"
"SAM24412535_177965",4.94100187900776,3.76758016140056,"Inflamed UC","Resting crypt-top fibroblast","P019","Fibroblast"
"SAM24412535_857605",4.41921411636586,-0.256882061652418,"Inflamed UC","Inflammatory fibroblast","P019","Fibroblast"
"SAM24412535_380808",5.66513554933781,2.56210304290843,"Inflamed UC","Activated crypt-top fibroblast","P019","Fibroblast"
"SAM24412535_410700",4.01685381117577,3.97355497867656,"Inflamed UC","Resting crypt-top fibroblast","P019","Fibroblast"
"SAM24412535_496362",-1.83343036290889,-0.351181616477247,"Inflamed UC","LP fibroblast","P019","Fibroblast"
"SAM24412535_858065",-2.71754796621089,-5.90583478420186,"Inflamed UC","Crypt-bottom fibroblast","P019","Fibroblast"
"SAM24412535_263099",4.00306607964749,4.194205174752,"Inflamed UC","Resting crypt-top fibroblast","P019","Fibroblast"
"SAM24412535_397360",-5.32329566594844,-5.77477418392109,"Inflamed UC","Crypt-bottom fibroblast","P019","Fibroblast"
"SAM24412535_293081",3.82960029128308,2.49269975215984,"Inflamed UC","Resting crypt-top fibroblast","P019","Fibroblast"
"SAM24412535_115559",3.08766488912816,4.34758866817546,"Inflamed UC","Resting crypt-top fibroblast","P019","Fibroblast"
"SAM24412535_7140",2.64245037916417,4.17974771053386,"Inflamed UC","Resting crypt-top fibroblast","P019","Fibroblast"
"SAM24412535_613297",-3.13590963002925,-5.02209006755757,"Inflamed UC","Crypt-bottom fibroblast","P019","Fibroblast"
"SAM24412535_227229",-2.41123492833858,0.0321058133323233,"Inflamed UC","LP fibroblast","P019","Fibroblast"
"SAM24412535_340282",1.623996900351,0.725069808371786,"Inflamed UC","Resting crypt-top fibroblast","P019","Fibroblast"
"SAM24412535_636158",0.800164865286298,-0.0217389961998422,"Inflamed UC","Resting crypt-top fibroblast","P019","Fibroblast"
"SAM24412535_867692",4.00731698605532,4.04687393695903,"Inflamed UC","Resting crypt-top fibroblast","P019","Fibroblast"
"SAM24412535_407614",-2.80616958257442,-0.422343601874586,"Inflamed UC","LP fibroblast","P019","Fibroblast"
"SAM24412535_788695",2.32044963720555,5.12955034763408,"Inflamed UC","Activated crypt-top fibroblast","P019","Fibroblast"
"SAM24412535_229561",-4.58779723760372,-5.48806010692524,"Inflamed UC","Crypt-bottom fibroblast","P019","Fibroblast"
"SAM24412535_293298",-4.80990321752315,-4.23581229656148,"Inflamed UC","Crypt-bottom fibroblast","P019","Fibroblast"
"SAM24412535_104418",2.69483177545781,6.10000408680034,"Inflamed UC","Activated crypt-top fibroblast","P019","Fibroblast"
"SAM24412535_579660",-4.18477542516475,-5.54053460567402,"Inflamed UC","Crypt-bottom fibroblast","P019","Fibroblast"
"SAM24412535_30102",2.66033999803776,2.5738301375587,"Inflamed UC","Resting crypt-top fibroblast","P019","Fibroblast"
"SAM24412535_579637",3.58454601648564,3.68453634769512,"Inflamed UC","Resting crypt-top fibroblast","P019","Fibroblast"
"SAM24412535_52985",1.96849124315495,5.52460325748516,"Inflamed UC","Activated crypt-top fibroblast","P019","Fibroblast"
"SAM24412535_465513",-4.64053351995235,-0.401633491210218,"Inflamed UC","LP fibroblast","P019","Fibroblast"
"SAM24412535_210742",1.87631981256718,0.824967215367083,"Inflamed UC","LP fibroblast","P019","Fibroblast"
"SAM24412535_670477",-4.82668883916622,-1.06328379123616,"Inflamed UC","LP fibroblast","P019","Fibroblast"
"SAM24412535_522040",-2.74527223226314,-5.8783103129189,"Inflamed UC","Crypt-bottom fibroblast","P019","Fibroblast"
"SAM24412535_69721",2.99493079069371,4.02903235942913,"Inflamed UC","Resting crypt-top fibroblast","P019","Fibroblast"
"SAM24412535_635804",-1.59438903447872,1.32876623661113,"Inflamed UC","LP fibroblast","P019","Fibroblast"
"SAM24412535_146020",-4.87002475377803,-4.28456841915059,"Inflamed UC","Crypt-bottom fibroblast","P019","Fibroblast"
"SAM24412535_409672",-3.72369058248287,-0.61207698791432,"Inflamed UC","LP fibroblast","P019","Fibroblast"
"SAM24412535_326132",3.05560843828435,1.90284777671886,"Inflamed UC","Resting crypt-top fibroblast","P019","Fibroblast"
"SAM24412535_855401",2.62219445589299,4.12678707630229,"Inflamed UC","Resting crypt-top fibroblast","P019","Fibroblast"
"SAM24412535_767067",3.00438241842503,5.7927044728477,"Inflamed UC","Activated crypt-top fibroblast","P019","Fibroblast"
"SAM24412535_671347",1.38463847521061,4.46909488231731,"Inflamed UC","Activated crypt-top fibroblast","P019","Fibroblast"
"SAM24412535_752110",2.73954217317814,3.73981035739971,"Inflamed UC","Activated crypt-top fibroblast","P019","Fibroblast"
"SAM24412535_340472",4.21106213513131,2.30701554805828,"Inflamed UC","Resting crypt-top fibroblast","P019","Fibroblast"
"SAM24412535_783424",0.888922141821332,-2.57409607379841,"Inflamed UC","LP fibroblast","P019","Fibroblast"
"SAM24412535_12938",2.01652114275212,5.00843084842754,"Inflamed UC","Activated crypt-top fibroblast","P019","Fibroblast"
"SAM24412535_706848",0.905185149939008,-0.0570964118759592,"Inflamed UC","LP fibroblast","P019","Fibroblast"
"SAM24412535_745824",1.89029853227849,1.06960091979099,"Inflamed UC","Resting crypt-top fibroblast","P019","Fibroblast"
"SAM24412535_299163",-4.97802837011104,-5.30846034496235,"Inflamed UC","Crypt-bottom fibroblast","P019","Fibroblast"
"SAM24412535_802624",3.63969995263333,-3.09346114604878,"Inflamed UC","Inflammatory fibroblast","P019","Fibroblast"
"SAM24412535_302928",-3.44416911718135,-0.599615564040418,"Inflamed UC","LP fibroblast","P019","Fibroblast"
"SAM24412535_226554",-4.60725028630977,-5.41771470516133,"Inflamed UC","Crypt-bottom fibroblast","P019","Fibroblast"
"SAM24412535_151",-4.1105767023254,-0.530348052672621,"Inflamed UC","LP fibroblast","P019","Fibroblast"
"SAM24412535_172990",3.58054106119389,3.3024758198936,"Inflamed UC","Resting crypt-top fibroblast","P019","Fibroblast"
"SAM24412535_77617",2.69434730890507,1.35846425087047,"Inflamed UC","Resting crypt-top fibroblast","P019","Fibroblast"
"SAM24412535_860411",-3.85895116445308,-5.32514869182515,"Inflamed UC","Crypt-bottom fibroblast","P019","Fibroblast"
"SAM24412535_197057",-4.68777854558711,-0.738538851432081,"Inflamed UC","LP fibroblast","P019","Fibroblast"
"SAM24412535_348369",3.05998985651249,3.26508177311016,"Inflamed UC","Resting crypt-top fibroblast","P019","Fibroblast"
"SAM24412535_561775",-4.68509585973506,-1.19597314804005,"Inflamed UC","LP fibroblast","P019","Fibroblast"
"SAM24412535_290483",3.65948145273442,3.59009731800151,"Inflamed UC","Resting crypt-top fibroblast","P019","Fibroblast"
"SAM24412535_419181",1.98632256868596,0.989339212485079,"Inflamed UC","Resting crypt-top fibroblast","P019","Fibroblast"
"SAM24412535_434248",3.03079955461735,1.67273987323833,"Inflamed UC","Resting crypt-top fibroblast","P019","Fibroblast"
"SAM24412535_33274",3.56687240484471,2.95496214420391,"Inflamed UC","Resting crypt-top fibroblast","P019","Fibroblast"
"SAM24412535_304863",1.94782702806706,4.28778494388652,"Inflamed UC","Activated crypt-top fibroblast","P019","Fibroblast"
"SAM24412540_495516",0.674378560812421,3.93014706165386,"Uninflamed UC","Activated crypt-top fibroblast","P021","Fibroblast"
"SAM24412540_728075",7.54755108240361,-1.84591995685505,"Uninflamed UC","Inflammatory fibroblast","P021","Fibroblast"
"SAM24412540_281846",-4.08715446111446,-1.36712562053608,"Uninflamed UC","LP fibroblast","P021","Fibroblast"
"SAM24412540_597055",5.65893905046696,4.40158523113323,"Uninflamed UC","Resting crypt-top fibroblast","P021","Fibroblast"
"SAM24412540_828771",-1.52158649083858,-1.71784721820759,"Uninflamed UC","LP fibroblast","P021","Fibroblast"
"SAM24412540_413703",3.49881439092869,3.46870006115032,"Uninflamed UC","Resting crypt-top fibroblast","P021","Fibroblast"
"SAM24412540_256932",-2.18852002736812,-0.314926078013654,"Uninflamed UC","LP fibroblast","P021","Fibroblast"
"SAM24412540_129175",0.60302893999333,3.89779318363262,"Uninflamed UC","Activated crypt-top fibroblast","P021","Fibroblast"
"SAM24412540_42713",-0.585035873620562,-0.267032732657667,"Uninflamed UC","LP fibroblast","P021","Fibroblast"
"SAM24412540_496993",-3.00743873235469,-4.02384721248555,"Uninflamed UC","Resting crypt-top fibroblast","P021","Fibroblast"
"SAM24412540_603388",-4.39943797704463,-1.75635229556965,"Uninflamed UC","LP fibroblast","P021","Fibroblast"
"SAM24412540_252436",-1.36393697377925,-0.982663502387281,"Uninflamed UC","LP fibroblast","P021","Fibroblast"
"SAM24412540_597701",5.13061766508336,4.5997010567863,"Uninflamed UC","Resting crypt-top fibroblast","P021","Fibroblast"
"SAM24412540_685479",2.59131662729497,3.62299812824321,"Uninflamed UC","Resting crypt-top fibroblast","P021","Fibroblast"
"SAM24412540_682342",0.715924905569501,4.48453296215129,"Uninflamed UC","Activated crypt-top fibroblast","P021","Fibroblast"
"SAM24412540_450083",3.90939474287743,4.28840602428508,"Uninflamed UC","Resting crypt-top fibroblast","P021","Fibroblast"
"SAM24412540_471378",4.40327133420224,4.53595961124492,"Uninflamed UC","Resting crypt-top fibroblast","P021","Fibroblast"
"SAM24412540_41634",-5.37549407598262,-5.97059642284321,"Uninflamed UC","Crypt-bottom fibroblast","P021","Fibroblast"
"SAM24412540_354260",7.40424315813298,-1.96695887058186,"Uninflamed UC","Inflammatory fibroblast","P021","Fibroblast"
"SAM24412540_730986",1.82446114900822,4.3058253625114,"Uninflamed UC","Activated crypt-top fibroblast","P021","Fibroblast"
"SAM24412540_819962",-1.78581340429073,-1.06406640022206,"Uninflamed UC","LP fibroblast","P021","Fibroblast"
"SAM24412540_368964",-4.28598697301631,0.393873105355028,"Uninflamed UC","LP fibroblast","P021","Fibroblast"
"SAM24412540_803416",-2.83830125447994,-4.04895984142231,"Uninflamed UC","Resting crypt-top fibroblast","P021","Fibroblast"
"SAM24412540_420391",2.6442947852921,3.64280403644634,"Uninflamed UC","Activated crypt-top fibroblast","P021","Fibroblast"
"SAM24412540_353428",-4.43278892156368,-5.23555957286763,"Uninflamed UC","Crypt-bottom fibroblast","P021","Fibroblast"
"SAM24412540_34271",-1.07092864629512,-0.829897989920851,"Uninflamed UC","LP fibroblast","P021","Fibroblast"
"SAM24412540_75175",-3.03391416188961,-0.443693270377393,"Uninflamed UC","LP fibroblast","P021","Fibroblast"
"SAM24412540_755422",-3.12509687062984,-2.2053629061501,"Uninflamed UC","LP fibroblast","P021","Fibroblast"
"SAM24412540_854073",2.32273607137913,3.81542767078472,"Uninflamed UC","Activated crypt-top fibroblast","P021","Fibroblast"
"SAM24412540_203229",-4.99699599859004,-5.13673840969014,"Uninflamed UC","Crypt-bottom fibroblast","P021","Fibroblast"
"SAM24412540_631001",-2.3231592905212,-2.13225709407734,"Uninflamed UC","LP fibroblast","P021","Fibroblast"
"SAM24412540_132379",-5.94800956365352,-1.77758990734028,"Uninflamed UC","LP fibroblast","P021","Fibroblast"
"SAM24412540_808862",-2.68706233617549,-5.50968610256123,"Uninflamed UC","Crypt-bottom fibroblast","P021","Fibroblast"
"SAM24412540_823399",-3.48527295705562,-1.93012987583088,"Uninflamed UC","LP fibroblast","P021","Fibroblast"
"SAM24412540_128101",-4.67511375066524,-4.76234590022969,"Uninflamed UC","Crypt-bottom fibroblast","P021","Fibroblast"
"SAM24412540_130616",-3.79122502919918,-0.26438354461598,"Uninflamed UC","LP fibroblast","P021","Fibroblast"
"SAM24412540_778031",-4.62407596227413,-4.34869634120869,"Uninflamed UC","Crypt-bottom fibroblast","P021","Fibroblast"
"SAM24412540_753909",-3.36395509359127,-1.03203724830556,"Uninflamed UC","LP fibroblast","P021","Fibroblast"
"SAM24412540_840360",-3.33590037938838,0.812587479658846,"Uninflamed UC","LP fibroblast","P021","Fibroblast"
"SAM24412540_832573",-2.13441808339839,-1.19469009845662,"Uninflamed UC","LP fibroblast","P021","Fibroblast"
"SAM24412540_304045",-2.43168170568233,-1.97117792575764,"Uninflamed UC","LP fibroblast","P021","Fibroblast"
"SAM24412540_882602",-3.47985370275264,-2.06257759540486,"Uninflamed UC","LP fibroblast","P021","Fibroblast"
"SAM24412540_546259",-3.16327483770137,-0.734667648963209,"Uninflamed UC","LP fibroblast","P021","Fibroblast"
"SAM24412540_355632",1.6779040563416,3.8722270825584,"Uninflamed UC","Activated crypt-top fibroblast","P021","Fibroblast"
"SAM24412540_792546",-3.00619943258052,-2.2618871828835,"Uninflamed UC","LP fibroblast","P021","Fibroblast"
"SAM24412540_354398",-5.01430232640987,-5.25211869686055,"Uninflamed UC","Crypt-bottom fibroblast","P021","Fibroblast"
"SAM24412540_300427",2.49863951090092,1.65103198082042,"Uninflamed UC","Resting crypt-top fibroblast","P021","Fibroblast"
"SAM24412540_328660",-2.1167441141296,-2.20417963474202,"Uninflamed UC","LP fibroblast","P021","Fibroblast"
"SAM24412540_45944",6.13161699655766,4.48981107265544,"Uninflamed UC","Resting crypt-top fibroblast","P021","Fibroblast"
"SAM24412540_714868",-1.40185887929683,-1.47313343494343,"Uninflamed UC","LP fibroblast","P021","Fibroblast"
"SAM24412540_682059",-3.00592286702877,-1.56802283733296,"Uninflamed UC","LP fibroblast","P021","Fibroblast"
"SAM24412540_254863",-3.43661840078121,0.709237741835837,"Uninflamed UC","LP fibroblast","P021","Fibroblast"
"SAM24412540_702221",-1.40833194371944,2.15544117481304,"Uninflamed UC","Inflammatory fibroblast","P021","Fibroblast"
"SAM24412540_755030",-5.52464110967403,-6.2514530321877,"Uninflamed UC","Crypt-bottom fibroblast","P021","Fibroblast"
"SAM24412540_500992",-3.65745980855709,0.227949122496371,"Uninflamed UC","LP fibroblast","P021","Fibroblast"
"SAM24412540_681410",-2.39466436025386,-1.70435224979329,"Uninflamed UC","LP fibroblast","P021","Fibroblast"
"SAM24412540_454346",-1.61939056035762,-0.943370690039869,"Uninflamed UC","LP fibroblast","P021","Fibroblast"
"SAM24412540_875234",-4.30974681493526,-2.79601561038899,"Uninflamed UC","Crypt-bottom fibroblast","P021","Fibroblast"
"SAM24412540_272962",-3.30712182637935,-2.34538995235371,"Uninflamed UC","LP fibroblast","P021","Fibroblast"
"SAM24412540_775970",4.68124644640202,4.78131903202129,"Uninflamed UC","Resting crypt-top fibroblast","P021","Fibroblast"
"SAM24412540_270095",2.22548584821934,1.29735935718608,"Uninflamed UC","Resting crypt-top fibroblast","P021","Fibroblast"
"SAM24412540_36584",0.802028583319135,4.37214625866008,"Uninflamed UC","Activated crypt-top fibroblast","P021","Fibroblast"
"SAM24412540_337334",-5.16879088994747,-1.39694630115437,"Uninflamed UC","LP fibroblast","P021","Fibroblast"
"SAM24412540_702942",-3.40708930608516,0.787367666669611,"Uninflamed UC","LP fibroblast","P021","Fibroblast"
"SAM24412540_829135",-1.86576373693233,-1.77484427898335,"Uninflamed UC","LP fibroblast","P021","Fibroblast"
"SAM24412540_560255",-1.81493289586788,-1.14857076614308,"Uninflamed UC","LP fibroblast","P021","Fibroblast"
"SAM24412540_173126",-5.95033271428829,-1.53704153507161,"Uninflamed UC","LP fibroblast","P021","Fibroblast"
"SAM24412540_396036",-5.64433486577754,-1.37298857181477,"Uninflamed UC","LP fibroblast","P021","Fibroblast"
"SAM24412540_40984",-3.03518540975337,0.842480609722857,"Uninflamed UC","LP fibroblast","P021","Fibroblast"
"SAM24412540_69754",1.52748792055363,3.32489312679363,"Uninflamed UC","Activated crypt-top fibroblast","P021","Fibroblast"
"SAM24412540_801611",4.95393245104069,4.43034328014446,"Uninflamed UC","Resting crypt-top fibroblast","P021","Fibroblast"
"SAM24412540_842037",-1.46923358556514,2.29372955352855,"Uninflamed UC","Inflammatory fibroblast","P021","Fibroblast"
"SAM24412540_849051",0.924353288443037,3.75203836948467,"Uninflamed UC","Activated crypt-top fibroblast","P021","Fibroblast"
"SAM24412540_747956",4.93707917812581,4.5176071027,"Uninflamed UC","Resting crypt-top fibroblast","P021","Fibroblast"
"SAM24412540_755565",4.41087620142216,-0.230583955935713,"Uninflamed UC","Inflammatory fibroblast","P021","Fibroblast"
"SAM24412540_12437",-3.23300798055416,-0.0847629806320627,"Uninflamed UC","LP fibroblast","P021","Fibroblast"
"SAM24412540_122459",-2.16665227529293,-0.923044790915724,"Uninflamed UC","LP fibroblast","P021","Fibroblast"
"SAM24412540_469649",1.96346537950749,5.64362515003276,"Uninflamed UC","Activated crypt-top fibroblast","P021","Fibroblast"
"SAM24412540_543407",-1.91624314901119,-1.28796779125142,"Uninflamed UC","LP fibroblast","P021","Fibroblast"
"SAM24412540_596891",-4.75304134008174,-3.94538651912617,"Uninflamed UC","Crypt-bottom fibroblast","P021","Fibroblast"
"SAM24412540_616398",-1.23775727864986,-1.0221935412209,"Uninflamed UC","LP fibroblast","P021","Fibroblast"
"SAM24412540_620504",0.970583127767988,4.85501802951885,"Uninflamed UC","Activated crypt-top fibroblast","P021","Fibroblast"
"SAM24412540_267519",-1.92171151754146,-0.960892309836622,"Uninflamed UC","LP fibroblast","P021","Fibroblast"
"SAM24412540_770770",2.78609220865483,4.86275900394512,"Uninflamed UC","Activated crypt-top fibroblast","P021","Fibroblast"
"SAM24412540_773770",0.999598668844648,3.97989667446208,"Uninflamed UC","Activated crypt-top fibroblast","P021","Fibroblast"
"SAM24412540_434455",-3.34543140050655,0.792738313384775,"Uninflamed UC","LP fibroblast","P021","Fibroblast"
"SAM24412540_382367",-4.51562984105831,-5.12890159099507,"Uninflamed UC","Crypt-bottom fibroblast","P021","Fibroblast"
"SAM24412540_816597",-5.45579345342403,-1.65947996585774,"Uninflamed UC","LP fibroblast","P021","Fibroblast"
"SAM24412540_228470",-4.25315864202266,-2.26932679622578,"Uninflamed UC","LP fibroblast","P021","Fibroblast"
"SAM24412540_136395",4.9778273570847,4.19113076717449,"Uninflamed UC","Resting crypt-top fibroblast","P021","Fibroblast"
"SAM24412540_450921",-2.23587854024654,-0.704579820327039,"Uninflamed UC","LP fibroblast","P021","Fibroblast"
"SAM24412540_263935",-3.79834563848262,-0.0655526420395334,"Uninflamed UC","LP fibroblast","P021","Fibroblast"
"SAM24412540_468229",-3.24590213414913,-1.68477999179768,"Uninflamed UC","LP fibroblast","P021","Fibroblast"
"SAM24412540_51624",-3.28592498418575,-0.579657544783827,"Uninflamed UC","LP fibroblast","P021","Fibroblast"
"SAM24412540_377755",-3.24058969136959,-3.48573409526753,"Uninflamed UC","LP fibroblast","P021","Fibroblast"
"SAM24412540_853251",-3.02457673665767,-3.41859017818379,"Uninflamed UC","LP fibroblast","P021","Fibroblast"
"SAM24412540_267738",-0.554117275445513,-0.970808734587904,"Uninflamed UC","LP fibroblast","P021","Fibroblast"
"SAM24412540_464373",-4.77262885686641,-1.47095762699055,"Uninflamed UC","LP fibroblast","P021","Fibroblast"
"SAM24412540_547094",4.28407883826012,4.54964817554546,"Uninflamed UC","Resting crypt-top fibroblast","P021","Fibroblast"
"SAM24412540_37303",3.57294719103093,4.47308100254131,"Uninflamed UC","Resting crypt-top fibroblast","P021","Fibroblast"
"SAM24412540_713699",-1.84263284322505,-0.791733612708326,"Uninflamed UC","LP fibroblast","P021","Fibroblast"
"SAM24412540_659671",-4.46634490606075,-0.0721661350052316,"Uninflamed UC","LP fibroblast","P021","Fibroblast"
"SAM24412540_675797",-4.30123050328975,-1.12891112773823,"Uninflamed UC","LP fibroblast","P021","Fibroblast"
"SAM24412540_610413",-3.82758433934932,1.00095168740344,"Uninflamed UC","LP fibroblast","P021","Fibroblast"
"SAM24412540_80511",-4.56480891820674,-4.30427800624775,"Uninflamed UC","Crypt-bottom fibroblast","P021","Fibroblast"
"SAM24412540_755405",-0.905158592431597,-0.322606136492964,"Uninflamed UC","LP fibroblast","P021","Fibroblast"
"SAM24412540_79586",2.32945589903111,5.40210569889141,"Uninflamed UC","Activated crypt-top fibroblast","P021","Fibroblast"
"SAM24412540_592418",-1.19687612172847,1.81591237575603,"Uninflamed UC","Inflammatory fibroblast","P021","Fibroblast"
"SAM24412540_820714",3.36415575626607,4.92316044361186,"Uninflamed UC","Resting crypt-top fibroblast","P021","Fibroblast"
"SAM24412540_15992",-3.4622612726379,0.986258427210573,"Uninflamed UC","LP fibroblast","P021","Fibroblast"
"SAM24412540_867840",-2.36872060415035,-3.92632924526143,"Uninflamed UC","Resting crypt-top fibroblast","P021","Fibroblast"
"SAM24412540_406236",-3.14543349859004,1.41856736929012,"Uninflamed UC","LP fibroblast","P021","Fibroblast"
"SAM24412540_680887",-3.02706725713497,0.522437425859694,"Uninflamed UC","LP fibroblast","P021","Fibroblast"
"SAM24412540_270187",-5.62057407018428,-1.67397247760701,"Uninflamed UC","LP fibroblast","P021","Fibroblast"
"SAM24412540_479966",5.31195895555729,5.00026978046489,"Uninflamed UC","Resting crypt-top fibroblast","P021","Fibroblast"
"SAM24412540_736239",-3.09893186208492,-2.16228305309224,"Uninflamed UC","LP fibroblast","P021","Fibroblast"
"SAM24412540_701532",-4.28067023870235,-2.41508017986226,"Uninflamed UC","LP fibroblast","P021","Fibroblast"
"SAM24412540_530770",-1.71028573629146,-1.73665224521565,"Uninflamed UC","LP fibroblast","P021","Fibroblast"
"SAM24412540_74529",-3.18542010900264,0.610767504729752,"Uninflamed UC","LP fibroblast","P021","Fibroblast"
"SAM24412540_318014",-4.96483237859493,-0.764208068541761,"Uninflamed UC","LP fibroblast","P021","Fibroblast"
"SAM24412540_726403",-4.32804305669551,-4.20309316127705,"Uninflamed UC","Crypt-bottom fibroblast","P021","Fibroblast"
"SAM24412540_437601",0.179255889685102,-0.702141632727857,"Uninflamed UC","LP fibroblast","P021","Fibroblast"
"SAM24412540_17754",-2.14447028753047,-2.17114411800313,"Uninflamed UC","LP fibroblast","P021","Fibroblast"
"SAM24412540_52489",-3.64454133626705,-1.10121535270619,"Uninflamed UC","LP fibroblast","P021","Fibroblast"
"SAM24412540_828569",-3.49969394323116,-0.0136613151352365,"Uninflamed UC","LP fibroblast","P021","Fibroblast"
"SAM24412540_817966",-3.68030459996944,-0.683909525565382,"Uninflamed UC","LP fibroblast","P021","Fibroblast"
"SAM24412540_184487",-2.24870689031368,-0.675364722899671,"Uninflamed UC","LP fibroblast","P021","Fibroblast"
"SAM24412540_82053",-4.13090522405391,-0.944811930350538,"Uninflamed UC","LP fibroblast","P021","Fibroblast"
"SAM24412540_482213",2.76968364599461,3.77603043109966,"Uninflamed UC","Resting crypt-top fibroblast","P021","Fibroblast"
"SAM24412540_858007",-2.6910563242126,0.189547787018542,"Uninflamed UC","LP fibroblast","P021","Fibroblast"
"SAM24412540_342822",3.59497784260029,2.59038747341228,"Uninflamed UC","Resting crypt-top fibroblast","P021","Fibroblast"
"SAM24412540_464330",1.82482902887578,0.922709743090395,"Uninflamed UC","Resting crypt-top fibroblast","P021","Fibroblast"
"SAM24412540_107750",-4.55714137670284,-3.86538135021138,"Uninflamed UC","Crypt-bottom fibroblast","P021","Fibroblast"
"SAM24412540_690699",-4.71309192296749,-2.62116276233601,"Uninflamed UC","Crypt-bottom fibroblast","P021","Fibroblast"
"SAM24412540_717061",-4.47524840947872,-2.68025194614338,"Uninflamed UC","Crypt-bottom fibroblast","P021","Fibroblast"
"SAM24412540_380267",-3.83461625692134,-0.990042557410475,"Uninflamed UC","LP fibroblast","P021","Fibroblast"
"SAM24412540_675296",-3.01011521932369,0.385575602360491,"Uninflamed UC","LP fibroblast","P021","Fibroblast"
"SAM24412540_874599",0.462503360540815,2.73270000011516,"Uninflamed UC","LP fibroblast","P021","Fibroblast"
"SAM24412540_451110",-3.51194961187129,-2.64356671779561,"Uninflamed UC","LP fibroblast","P021","Fibroblast"
"SAM24412540_584893",1.30372612360234,4.97087372333599,"Uninflamed UC","Activated crypt-top fibroblast","P021","Fibroblast"
"SAM24412540_709881",-4.05879695531612,-1.72628771274495,"Uninflamed UC","LP fibroblast","P021","Fibroblast"
"SAM24412540_241265",-4.40140540715938,-0.0694236060898263,"Uninflamed UC","LP fibroblast","P021","Fibroblast"
"SAM24412540_729728",-4.00638301488643,-3.46691714733052,"Uninflamed UC","Crypt-bottom fibroblast","P021","Fibroblast"
"SAM24412540_212466",-4.15931041356807,-2.34334408252644,"Uninflamed UC","LP fibroblast","P021","Fibroblast"
"SAM24412540_857489",-3.08684499379878,0.199355522700075,"Uninflamed UC","LP fibroblast","P021","Fibroblast"
"SAM24412540_524437",-2.35483653661495,1.83783758670879,"Uninflamed UC","LP fibroblast","P021","Fibroblast"
"SAM24412540_763969",-4.55740840551143,-1.82619487255025,"Uninflamed UC","LP fibroblast","P021","Fibroblast"
"SAM24412540_829122",-3.27292592641597,0.257583657809023,"Uninflamed UC","LP fibroblast","P021","Fibroblast"
"SAM24412540_80724",4.40616814974064,4.2385019162376,"Uninflamed UC","Resting crypt-top fibroblast","P021","Fibroblast"
"SAM24412540_364194",-1.35413034078365,-1.36784349887776,"Uninflamed UC","LP fibroblast","P021","Fibroblast"
"SAM24412540_420017",-5.00470359441524,-3.2835837504189,"Uninflamed UC","Inflammatory fibroblast","P021","Fibroblast"
"SAM24412540_739964",-2.62101943609004,-0.351559807948347,"Uninflamed UC","LP fibroblast","P021","Fibroblast"
"SAM24412540_126201",-5.4618025552917,-6.08051978557515,"Uninflamed UC","Crypt-bottom fibroblast","P021","Fibroblast"
"SAM24412540_206486",-4.51853377935176,0.128397772618059,"Uninflamed UC","LP fibroblast","P021","Fibroblast"
"SAM24412540_608305",-3.94495208379512,-1.10137783496785,"Uninflamed UC","LP fibroblast","P021","Fibroblast"
"SAM24412540_3956",-3.21765906926876,0.941122154303316,"Uninflamed UC","LP fibroblast","P021","Fibroblast"
"SAM24412540_17846",-2.97046716329341,0.0126505592544119,"Uninflamed UC","LP fibroblast","P021","Fibroblast"
"SAM24412540_810499",-2.99333245870357,-0.216446866683241,"Uninflamed UC","LP fibroblast","P021","Fibroblast"
"SAM24412540_65404",-1.04908902761226,-1.62311588733601,"Uninflamed UC","LP fibroblast","P021","Fibroblast"
"SAM24412540_100601",-2.37971074697261,0.743312525161032,"Uninflamed UC","LP fibroblast","P021","Fibroblast"
"SAM24412540_328498",-3.12304599401241,-3.54014121501851,"Uninflamed UC","LP fibroblast","P021","Fibroblast"
"SAM24412540_601230",2.55343751791234,2.61224282772136,"Uninflamed UC","Resting crypt-top fibroblast","P021","Fibroblast"
"SAM24412540_89644",4.73138313177342,4.20071781665874,"Uninflamed UC","Resting crypt-top fibroblast","P021","Fibroblast"
"SAM24412540_301086",-4.85724361058956,-1.31729983299183,"Uninflamed UC","LP fibroblast","P021","Fibroblast"
"SAM24412540_845723",-2.87832601186519,-1.14967106788563,"Uninflamed UC","LP fibroblast","P021","Fibroblast"
"SAM24412540_769879",-3.11070306417232,-1.68583594768452,"Uninflamed UC","LP fibroblast","P021","Fibroblast"
"SAM24412540_688712",-2.95082862493282,0.914151499577288,"Uninflamed UC","LP fibroblast","P021","Fibroblast"
"SAM24412540_301813",-3.00376184102779,-3.76008998363423,"Uninflamed UC","LP fibroblast","P021","Fibroblast"
"SAM24412540_696737",-3.68641479131465,-1.24032460658955,"Uninflamed UC","LP fibroblast","P021","Fibroblast"
"SAM24412540_103727",0.137377189428754,-0.65380631893086,"Uninflamed UC","LP fibroblast","P021","Fibroblast"
"SAM24412540_455778",-5.43139846441036,-0.601751675299879,"Uninflamed UC","LP fibroblast","P021","Fibroblast"
"SAM24412540_766853",-3.32539851781612,-1.05465959518361,"Uninflamed UC","LP fibroblast","P021","Fibroblast"
"SAM24412540_819122",4.20162055823321,4.32035697490764,"Uninflamed UC","Resting crypt-top fibroblast","P021","Fibroblast"
"SAM24412540_838420",-3.70505149480586,-1.89550863712239,"Uninflamed UC","LP fibroblast","P021","Fibroblast"
"SAM24412540_42814",-0.282649112908892,-1.13694941013264,"Uninflamed UC","LP fibroblast","P021","Fibroblast"
"SAM24412540_431663",-3.11154945012813,-1.88658582179951,"Uninflamed UC","LP fibroblast","P021","Fibroblast"
"SAM24412540_452024",-4.86966045018917,-4.09685336559224,"Uninflamed UC","Crypt-bottom fibroblast","P021","Fibroblast"
"SAM24412540_521718",-2.1693506967712,-2.0804895064156,"Uninflamed UC","LP fibroblast","P021","Fibroblast"
"SAM24412540_592877",0.441034959585615,-0.441561331443067,"Uninflamed UC","LP fibroblast","P021","Fibroblast"
"SAM24412540_400723",1.78857557657475,0.933883766241793,"Uninflamed UC","Resting crypt-top fibroblast","P021","Fibroblast"
"SAM24412540_620885",-2.6017385255981,-3.92436086147236,"Uninflamed UC","Resting crypt-top fibroblast","P021","Fibroblast"
"SAM24412540_209089",-3.25190599080806,-0.54551671951222,"Uninflamed UC","LP fibroblast","P021","Fibroblast"
"SAM24412540_699703",-2.55344016668086,-1.52430831401753,"Uninflamed UC","LP fibroblast","P021","Fibroblast"
"SAM24412540_365643",-3.50385816213375,0.355609307595019,"Uninflamed UC","LP fibroblast","P021","Fibroblast"
"SAM24412540_299264",-3.36566121694332,-1.19650780170369,"Uninflamed UC","LP fibroblast","P021","Fibroblast"
"SAM24412540_140470",-4.04059321996456,0.174875150032763,"Uninflamed UC","LP fibroblast","P021","Fibroblast"
"SAM24412540_278948",-5.30801494237667,-6.00676404445576,"Uninflamed UC","Crypt-bottom fibroblast","P021","Fibroblast"
"SAM24412540_391452",-2.3254729044128,-0.96991001575398,"Uninflamed UC","LP fibroblast","P021","Fibroblast"
"SAM24412540_743617",-4.27043540593868,-4.31125890224385,"Uninflamed UC","Crypt-bottom fibroblast","P021","Fibroblast"
"SAM24412540_179878",-3.15851934072261,-0.652319540671583,"Uninflamed UC","LP fibroblast","P021","Fibroblast"
"SAM24412540_432869",-3.85882718679195,-2.94537245243001,"Uninflamed UC","LP fibroblast","P021","Fibroblast"
"SAM24412540_598742",3.21884821537251,3.32068432361675,"Uninflamed UC","Resting crypt-top fibroblast","P021","Fibroblast"
"SAM24412540_11062",-1.63383967992549,-1.9276004931252,"Uninflamed UC","LP fibroblast","P021","Fibroblast"
"SAM24412540_302628",-3.0244622957397,-0.817076553992506,"Uninflamed UC","LP fibroblast","P021","Fibroblast"
"SAM24412540_760210",1.97189633730168,3.43523324520183,"Uninflamed UC","Activated crypt-top fibroblast","P021","Fibroblast"
"SAM24412540_532512",-5.01678760167842,-4.37553035228657,"Uninflamed UC","Crypt-bottom fibroblast","P021","Fibroblast"
"SAM24412540_330113",5.14546339395756,5.2137216428001,"Uninflamed UC","Resting crypt-top fibroblast","P021","Fibroblast"
"SAM24412540_195628",-4.60169894811397,-2.28965245693135,"Uninflamed UC","LP fibroblast","P021","Fibroblast"
"SAM24412540_369379",2.25755588892216,1.4045727947433,"Uninflamed UC","Resting crypt-top fibroblast","P021","Fibroblast"
"SAM24412540_210933",-3.90496547338252,-2.58113013713765,"Uninflamed UC","LP fibroblast","P021","Fibroblast"
"SAM24412540_522282",-3.71343095418697,-2.89485894649434,"Uninflamed UC","LP fibroblast","P021","Fibroblast"
"SAM24412540_222253",-2.37430865880733,-1.72243772952962,"Uninflamed UC","LP fibroblast","P021","Fibroblast"
"SAM24412540_391423",-4.22752387639766,-0.769433846167799,"Uninflamed UC","LP fibroblast","P021","Fibroblast"
"SAM24412540_619848",-2.31579692479854,-1.07830976455617,"Uninflamed UC","LP fibroblast","P021","Fibroblast"
"SAM24412540_814773",-4.67783649083858,-4.19885121791768,"Uninflamed UC","Crypt-bottom fibroblast","P021","Fibroblast"
"SAM24412540_881264",2.01318590524907,1.21880585939479,"Uninflamed UC","Resting crypt-top fibroblast","P021","Fibroblast"
"SAM24412540_128163",2.04472367647404,5.248648534127,"Uninflamed UC","Activated crypt-top fibroblast","P021","Fibroblast"
"SAM24412540_167017",-4.80339152929073,-5.14185153453755,"Uninflamed UC","Crypt-bottom fibroblast","P021","Fibroblast"
"SAM24412540_403926",2.38953022840733,1.74561596901012,"Uninflamed UC","Resting crypt-top fibroblast","P021","Fibroblast"
"SAM24412540_565484",2.06423275354619,3.37435663730693,"Uninflamed UC","Resting crypt-top fibroblast","P021","Fibroblast"
"SAM24412540_788003",2.99196152570958,2.79240382701946,"Uninflamed UC","Resting crypt-top fibroblast","P021","Fibroblast"
"SAM24412540_50501",-1.34423596975093,-0.568691005400892,"Uninflamed UC","LP fibroblast","P021","Fibroblast"
"SAM24412540_365439",-4.109152866571,0.00456959993434358,"Uninflamed UC","LP fibroblast","P021","Fibroblast"
"SAM24412540_461820",-1.11107261296993,-2.80172001331257,"Uninflamed UC","LP fibroblast","P021","Fibroblast"
"SAM24412540_682437",-4.58491141912227,-4.11503564327168,"Uninflamed UC","Crypt-bottom fibroblast","P021","Fibroblast"
"SAM24412540_88811",-4.20793826696163,0.134982655354265,"Uninflamed UC","LP fibroblast","P021","Fibroblast"
"SAM24412540_435829",3.56560741546864,3.52337587863994,"Uninflamed UC","Resting crypt-top fibroblast","P021","Fibroblast"
"SAM24412540_756991",2.479465650351,3.83016932994914,"Uninflamed UC","Activated crypt-top fibroblast","P021","Fibroblast"
"SAM24412540_865909",1.39281599405522,0.103463838406328,"Uninflamed UC","LP fibroblast","P021","Fibroblast"
"SAM24412540_626395",-3.00560720083003,-1.06814800708699,"Uninflamed UC","LP fibroblast","P021","Fibroblast"
"SAM24412540_457080",-4.85655315038448,-3.03480254619526,"Uninflamed UC","Crypt-bottom fibroblast","P021","Fibroblast"
"SAM24412540_90725",-1.77065379735713,-0.724074711493726,"Uninflamed UC","LP fibroblast","P021","Fibroblast"
"SAM24412540_646546",0.415135787756391,-0.732111205748792,"Uninflamed UC","LP fibroblast","P021","Fibroblast"
"SAM24412540_374290",1.61630813959355,3.27584994823528,"Uninflamed UC","Activated crypt-top fibroblast","P021","Fibroblast"
"SAM24412540_164611",-4.37618644353633,-2.91498648136067,"Uninflamed UC","Crypt-bottom fibroblast","P021","Fibroblast"
"SAM24412540_235189",-4.96674831029659,-4.28981172054219,"Uninflamed UC","Crypt-bottom fibroblast","P021","Fibroblast"
"SAM24412540_391045",-1.23653180715328,2.26522995025707,"Uninflamed UC","Inflammatory fibroblast","P021","Fibroblast"
"SAM24412540_855695",-4.82171352025752,-5.45798694103169,"Uninflamed UC","Crypt-bottom fibroblast","P021","Fibroblast"
"SAM24412540_513463",-0.675671173303179,-0.38599740474629,"Uninflamed UC","LP fibroblast","P021","Fibroblast"
"SAM24412540_254786",-3.74916370031124,-2.17003308742451,"Uninflamed UC","LP fibroblast","P021","Fibroblast"
"SAM24412540_740004",-4.01957233068233,-1.03370439021992,"Uninflamed UC","LP fibroblast","P021","Fibroblast"
"SAM24412540_792309",-3.16649825689083,0.444141591497187,"Uninflamed UC","LP fibroblast","P021","Fibroblast"
"SAM24412540_829930",-4.22280986425167,0.537562380142931,"Uninflamed UC","LP fibroblast","P021","Fibroblast"
"SAM24412540_339491",-2.74997480031734,-4.13912688701558,"Uninflamed UC","Resting crypt-top fibroblast","P021","Fibroblast"
"SAM24412540_546661",-4.35225970861202,-1.08020650356221,"Uninflamed UC","LP fibroblast","P021","Fibroblast"
"SAM24412540_438591",-3.64543683645015,-1.95684634654927,"Uninflamed UC","LP fibroblast","P021","Fibroblast"
"SAM24412540_208693",4.79854677799458,4.80307425052715,"Uninflamed UC","Resting crypt-top fibroblast","P021","Fibroblast"
"SAM24412540_259255",-2.15223987218624,-1.06199048965382,"Uninflamed UC","LP fibroblast","P021","Fibroblast"
"SAM24412540_518779",-4.22725494024044,-1.60058056323933,"Uninflamed UC","LP fibroblast","P021","Fibroblast"
"SAM24412540_195893",-2.59243638631587,-0.360966553382154,"Uninflamed UC","LP fibroblast","P021","Fibroblast"
"SAM24412540_458649",4.91057776096577,4.07162846118999,"Uninflamed UC","Resting crypt-top fibroblast","P021","Fibroblast"
"SAM24412540_346735",1.53799621942753,4.2047842839439,"Uninflamed UC","Activated crypt-top fibroblast","P021","Fibroblast"
"SAM24412540_15733",-2.17961318609004,-0.930700769118543,"Uninflamed UC","LP fibroblast","P021","Fibroblast"
"SAM24412540_842278",-4.92662532445674,-4.51593362300801,"Uninflamed UC","Crypt-bottom fibroblast","P021","Fibroblast"
"SAM24412540_459320",4.01495055291171,2.60778344661785,"Uninflamed UC","Resting crypt-top fibroblast","P021","Fibroblast"
"SAM24412540_801398",-1.67384965535884,0.571537370391611,"Uninflamed UC","Inflammatory fibroblast","P021","Fibroblast"
"SAM24412540_510161",-4.90299518224483,-3.580368628196,"Uninflamed UC","Crypt-bottom fibroblast","P021","Fibroblast"
"SAM24412540_40607",1.80751817110295,4.10663546115947,"Uninflamed UC","Activated crypt-top fibroblast","P021","Fibroblast"
"SAM24412540_508192",2.79441110971684,4.10191024334026,"Uninflamed UC","Resting crypt-top fibroblast","P021","Fibroblast"
"SAM24412540_43039",2.58129720571751,5.7648257115562,"Uninflamed UC","Activated crypt-top fibroblast","P021","Fibroblast"
"SAM24412540_151427",-1.81904800054317,-0.670616020850416,"Uninflamed UC","LP fibroblast","P021","Fibroblast"
"SAM24412540_75159",-3.88970382329708,-2.05971681087422,"Uninflamed UC","LP fibroblast","P021","Fibroblast"
"SAM24412540_213823",-5.90967376348262,-1.73503910510945,"Uninflamed UC","LP fibroblast","P021","Fibroblast"
"SAM24412540_54750",-2.65566880819087,-2.12468420474934,"Uninflamed UC","LP fibroblast","P021","Fibroblast"
"SAM24412540_359307",-3.44258649465328,1.02665714413715,"Uninflamed UC","LP fibroblast","P021","Fibroblast"
"SAM24412540_233442",3.07708816412205,5.17046345264507,"Uninflamed UC","Activated crypt-top fibroblast","P021","Fibroblast"
"SAM24412540_732101",-2.1299105417419,-0.70710348098683,"Uninflamed UC","LP fibroblast","P021","Fibroblast"
"SAM24412540_648091",-4.9758406412292,-0.488981356314893,"Uninflamed UC","LP fibroblast","P021","Fibroblast"
"SAM24412540_231688",-1.44778306600337,-0.841215123824354,"Uninflamed UC","LP fibroblast","P021","Fibroblast"
"SAM24412540_815782",-4.19896800634151,-0.860639085463758,"Uninflamed UC","LP fibroblast","P021","Fibroblast"
"SAM24412540_204420",5.19011263731236,3.79893411190105,"Uninflamed UC","LP fibroblast","P021","Fibroblast"
"SAM24412540_206654",-1.82048661824947,-1.57278524845051,"Uninflamed UC","LP fibroblast","P021","Fibroblast"
"SAM24412540_240139",-4.13930328008419,-1.86201631038594,"Uninflamed UC","LP fibroblast","P021","Fibroblast"
"SAM24412540_256016",-3.99394710180049,-2.27202378719258,"Uninflamed UC","LP fibroblast","P021","Fibroblast"
"SAM24412540_448898",-2.35577447530513,-0.192474295787092,"Uninflamed UC","LP fibroblast","P021","Fibroblast"
"SAM24412540_149277",-4.31424338933711,-0.596585144690748,"Uninflamed UC","LP fibroblast","P021","Fibroblast"
"SAM24412540_597734",-2.45587499257808,-4.0538679262917,"Uninflamed UC","Resting crypt-top fibroblast","P021","Fibroblast"
"SAM24412540_520668",-4.58420760747676,-2.26942764728474,"Uninflamed UC","Crypt-bottom fibroblast","P021","Fibroblast"
"SAM24412540_719567",-3.55386312124019,-2.78994714229512,"Uninflamed UC","LP fibroblast","P021","Fibroblast"
"SAM24412540_817171",-3.97539718267208,0.464608455606226,"Uninflamed UC","LP fibroblast","P021","Fibroblast"
"SAM24412540_461368",-4.89155490514522,-4.23689614742207,"Uninflamed UC","Crypt-bottom fibroblast","P021","Fibroblast"
"SAM24412540_646266",-3.5467692148376,-0.665155043296095,"Uninflamed UC","LP fibroblast","P021","Fibroblast"
"SAM24412540_695368",-5.71517665502315,-2.20017754047322,"Uninflamed UC","LP fibroblast","P021","Fibroblast"
"SAM24412540_712666",-5.34783942815547,-5.92169343440938,"Uninflamed UC","Crypt-bottom fibroblast","P021","Fibroblast"
"SAM24412540_19577",3.50822995784993,2.75595081836772,"Uninflamed UC","Resting crypt-top fibroblast","P021","Fibroblast"
"SAM24412540_45146",-3.78840549108272,-2.48622762172627,"Uninflamed UC","LP fibroblast","P021","Fibroblast"
"SAM24412540_282005",-2.15584905263668,-2.06525002925801,"Uninflamed UC","LP fibroblast","P021","Fibroblast"
"SAM24412540_413594",-4.60752971288448,-0.186176111392256,"Uninflamed UC","LP fibroblast","P021","Fibroblast"
"SAM24412540_501375",2.88804440382237,1.70677364856792,"Uninflamed UC","Resting crypt-top fibroblast","P021","Fibroblast"
"SAM24412540_629874",-1.79702909108882,-0.586066593817945,"Uninflamed UC","LP fibroblast","P021","Fibroblast"
"SAM24412540_739957",4.2274568844151,2.52571083099437,"Uninflamed UC","Resting crypt-top fibroblast","P021","Fibroblast"
"SAM24412540_43883",-2.92889554616695,-0.458382239035841,"Uninflamed UC","LP fibroblast","P021","Fibroblast"
"SAM24412540_747327",4.63776426199193,4.87966526538921,"Uninflamed UC","Resting crypt-top fibroblast","P021","Fibroblast"
"SAM24412540_505416",-3.16069419500118,0.365728656359438,"Uninflamed UC","LP fibroblast","P021","Fibroblast"
"SAM24412540_873565",-3.38337237951045,1.22342498094631,"Uninflamed UC","LP fibroblast","P021","Fibroblast"
"SAM24412540_317290",4.30148436311001,4.69313801319194,"Uninflamed UC","Resting crypt-top fibroblast","P021","Fibroblast"
"SAM24412540_800623",1.71132008913273,0.995376149721865,"Uninflamed UC","LP fibroblast","P021","Fibroblast"
"SAM24412540_858214",-3.46050746557002,-1.97448026149678,"Uninflamed UC","LP fibroblast","P021","Fibroblast"
"SAM24412540_90763",-1.31170423146968,2.4956013062675,"Uninflamed UC","Inflammatory fibroblast","P021","Fibroblast"
"SAM24412540_592643",-2.70315654393917,-1.89624749629902,"Uninflamed UC","LP fibroblast","P021","Fibroblast"
"SAM24412540_789590",0.779522584707685,4.79937590152812,"Uninflamed UC","Activated crypt-top fibroblast","P021","Fibroblast"
"SAM24412540_54858",2.9655279386353,3.74012268573833,"Uninflamed UC","Resting crypt-top fibroblast","P021","Fibroblast"
"SAM24412540_826832",-4.14158160802608,-1.41082369296956,"Uninflamed UC","LP fibroblast","P021","Fibroblast"
"SAM24412540_851115",-3.61507470723873,0.244116018124346,"Uninflamed UC","LP fibroblast","P021","Fibroblast"
"SAM24412540_791537",3.10990588548893,3.14349664241863,"Uninflamed UC","Resting crypt-top fibroblast","P021","Fibroblast"
"SAM24412540_850642",2.5895890462708,2.63657034427715,"Uninflamed UC","Resting crypt-top fibroblast","P021","Fibroblast"
"SAM24412540_236008",-2.50629956838375,0.889992038317446,"Uninflamed UC","LP fibroblast","P021","Fibroblast"
"SAM24412540_422475",-3.48754508611446,-0.157614161662336,"Uninflamed UC","LP fibroblast","P021","Fibroblast"
"SAM24412540_265673",5.12010394218678,4.30443156749797,"Uninflamed UC","Resting crypt-top fibroblast","P021","Fibroblast"
"SAM24412540_43329",-3.38927896138912,-1.24612354247975,"Uninflamed UC","LP fibroblast","P021","Fibroblast"
"SAM24412540_162259",-3.67912633535152,1.01810775191379,"Uninflamed UC","LP fibroblast","P021","Fibroblast"
"SAM24412540_104238",-3.6126027834106,0.743078085191969,"Uninflamed UC","LP fibroblast","P021","Fibroblast"
"SAM24412540_150041",-3.93232829686885,-1.55650412052083,"Uninflamed UC","LP fibroblast","P021","Fibroblast"
"SAM24412540_760213",-3.70404822942501,-2.15845834224629,"Uninflamed UC","LP fibroblast","P021","Fibroblast"
"SAM24412540_866973",-3.21676261541133,-3.7684880396645,"Uninflamed UC","LP fibroblast","P021","Fibroblast"
"SAM24412540_204926",-0.70488031026607,-1.95336805789876,"Uninflamed UC","LP fibroblast","P021","Fibroblast"
"SAM24412540_233151",-5.23822982427364,-1.36179350822377,"Uninflamed UC","LP fibroblast","P021","Fibroblast"
"SAM24412540_80592",-5.3788700830627,-3.24073683231282,"Uninflamed UC","Crypt-bottom fibroblast","P021","Fibroblast"
"SAM24412540_562984",-1.28801019307857,-1.32051001995015,"Uninflamed UC","LP fibroblast","P021","Fibroblast"
"SAM24412540_268565",-4.31749541875606,0.103598544903521,"Uninflamed UC","LP fibroblast","P021","Fibroblast"
"SAM24412540_262805",-3.16720063802486,-1.51801310985493,"Uninflamed UC","LP fibroblast","P021","Fibroblast"
"SAM24412540_471989",5.63505809190983,2.52748621494365,"Uninflamed UC","Activated crypt-top fibroblast","P021","Fibroblast"
"SAM24412540_174816",3.81136293891186,3.95981682331157,"Uninflamed UC","Resting crypt-top fibroblast","P021","Fibroblast"
"SAM24412540_691049",-3.22443254110103,0.908902863569979,"Uninflamed UC","LP fibroblast","P021","Fibroblast"
"SAM24412540_185465",1.26302473428959,-0.0614452263634164,"Uninflamed UC","LP fibroblast","P021","Fibroblast"
"SAM24412540_358369",2.68026833418126,2.95542229206157,"Uninflamed UC","Resting crypt-top fibroblast","P021","Fibroblast"
"SAM24412540_457649",3.02090530279393,5.04444111377788,"Uninflamed UC","Activated crypt-top fibroblast","P021","Fibroblast"
"SAM24412540_711906",3.27125285747761,3.15703238040996,"Uninflamed UC","Resting crypt-top fibroblast","P021","Fibroblast"
"SAM24412540_875996",-4.20103366491085,0.220102647848849,"Uninflamed UC","LP fibroblast","P021","Fibroblast"
"SAM24412540_234381",4.75116668823475,5.00419748813701,"Uninflamed UC","Resting crypt-top fibroblast","P021","Fibroblast"
"SAM24412540_539166",-4.48873622533565,-1.07488535850453,"Uninflamed UC","LP fibroblast","P021","Fibroblast"
"SAM24412540_544614",4.43177502039189,4.23313892871929,"Uninflamed UC","Resting crypt-top fibroblast","P021","Fibroblast"
"SAM24412540_448814",-4.61646087285762,-2.01400410144734,"Uninflamed UC","LP fibroblast","P021","Fibroblast"
"SAM24412540_571601",-4.14512736913448,-1.8375912806313,"Uninflamed UC","LP fibroblast","P021","Fibroblast"
"SAM24412540_56158",3.44443176868672,3.64238394290996,"Uninflamed UC","Resting crypt-top fibroblast","P021","Fibroblast"
"SAM24412540_107317",-2.05141217824703,0.569619538791899,"Uninflamed UC","LP fibroblast","P021","Fibroblast"
"SAM24412540_57275",2.06219904306645,4.07733644039226,"Uninflamed UC","Activated crypt-top fibroblast","P021","Fibroblast"
"SAM24412540_560765",-4.22142417546993,-1.40358816593098,"Uninflamed UC","LP fibroblast","P021","Fibroblast"
"SAM24412540_736020",4.22937750253195,4.34631408245159,"Uninflamed UC","Resting crypt-top fibroblast","P021","Fibroblast"
"SAM24412540_878665",-3.12958295461421,-3.12997113674092,"Uninflamed UC","LP fibroblast","P021","Fibroblast"
"SAM24412540_276228",2.50874321344609,4.160757909127,"Uninflamed UC","Resting crypt-top fibroblast","P021","Fibroblast"
"SAM24412540_81519",-4.23164470311885,-0.232286324195143,"Uninflamed UC","LP fibroblast","P021","Fibroblast"
"SAM24412540_634046",-4.03991229650264,-1.01116060226368,"Uninflamed UC","LP fibroblast","P021","Fibroblast"
"SAM24412540_504878",2.93568007829899,3.43401468784404,"Uninflamed UC","Resting crypt-top fibroblast","P021","Fibroblast"
"SAM24412540_721053",-3.96392257329708,-1.18120001762318,"Uninflamed UC","LP fibroblast","P021","Fibroblast"
"SAM24412540_688542",-2.19851119634395,-0.875405420951124,"Uninflamed UC","LP fibroblast","P021","Fibroblast"
"SAM24412540_22179",1.70747725847477,0.892446587391619,"Uninflamed UC","Resting crypt-top fibroblast","P021","Fibroblast"
"SAM24412540_582835",2.13002924803013,3.6038616994102,"Uninflamed UC","Resting crypt-top fibroblast","P021","Fibroblast"
"SAM24412540_774315",-4.30049140569454,-1.99499165027546,"Uninflamed UC","LP fibroblast","P021","Fibroblast"
"SAM24412540_202413",1.10912315729374,-0.0993216535370309,"Uninflamed UC","LP fibroblast","P021","Fibroblast"
"SAM24412540_487004",-2.39982612249141,-0.79302751033711,"Uninflamed UC","LP fibroblast","P021","Fibroblast"
"SAM24412540_856137",0.792394088537641,-0.244780292205091,"Uninflamed UC","LP fibroblast","P021","Fibroblast"
"SAM24412540_881734",-4.20928390142208,-0.0241452357094247,"Uninflamed UC","LP fibroblast","P021","Fibroblast"
"SAM24412540_59992",-3.43587978002315,1.16964496166301,"Uninflamed UC","LP fibroblast","P021","Fibroblast"
"SAM24412540_134033",-4.16206939336544,-1.95143281429219,"Uninflamed UC","LP fibroblast","P021","Fibroblast"
"SAM24412540_407897",-4.7078085672546,-1.88851105182576,"Uninflamed UC","LP fibroblast","P021","Fibroblast"
"SAM24412540_245980",-3.23142535802608,-0.955164899520155,"Uninflamed UC","LP fibroblast","P021","Fibroblast"
"SAM24412540_516206",3.69162987354512,2.70388926059795,"Uninflamed UC","Resting crypt-top fibroblast","P021","Fibroblast"
"SAM24412540_710402",0.621881173880048,-0.358580400637861,"Uninflamed UC","LP fibroblast","P021","Fibroblast"
"SAM24412540_781955",-1.63150270101314,-1.69708000629353,"Uninflamed UC","LP fibroblast","P021","Fibroblast"
"SAM24412540_575751",0.300664829046674,0.0283371308524649,"Uninflamed UC","LP fibroblast","P021","Fibroblast"
"SAM24412540_313890",5.16616122606511,3.89095772296977,"Uninflamed UC","Resting crypt-top fibroblast","P021","Fibroblast"
"SAM24412540_443341",-3.20388419744258,-0.836002816848036,"Uninflamed UC","LP fibroblast","P021","Fibroblast"
"SAM24412540_523371",2.49594216230626,5.21948278934551,"Uninflamed UC","Activated crypt-top fibroblast","P021","Fibroblast"
"SAM24412540_765594",-4.14659221288448,-2.16882358997273,"Uninflamed UC","LP fibroblast","P021","Fibroblast"
"SAM24412540_12339",-4.15747840520626,-1.39319359271931,"Uninflamed UC","LP fibroblast","P021","Fibroblast"
"SAM24412540_195319",-3.70539720174556,-0.179632951907392,"Uninflamed UC","LP fibroblast","P021","Fibroblast"
"SAM24412540_648635",-3.07097251531368,1.17755425960613,"Uninflamed UC","LP fibroblast","P021","Fibroblast"
"SAM24412540_207432",-3.72351510640865,-2.00299560039448,"Uninflamed UC","LP fibroblast","P021","Fibroblast"
"SAM24412540_548289",-3.95315082189327,-3.07539068668294,"Uninflamed UC","LP fibroblast","P021","Fibroblast"
"SAM24412540_4895",-3.77564103719478,0.484687531896357,"Uninflamed UC","LP fibroblast","P021","Fibroblast"
"SAM24412540_835067",-3.72695262548213,-1.7726019522469,"Uninflamed UC","LP fibroblast","P021","Fibroblast"
"SAM24412540_700045",4.02955977800602,2.2421959737022,"Uninflamed UC","Resting crypt-top fibroblast","P021","Fibroblast"
"SAM24412540_793157",-3.48176152822261,-0.640187372855421,"Uninflamed UC","LP fibroblast","P021","Fibroblast"
"SAM24412540_855325",5.01653181198353,4.08973277599407,"Uninflamed UC","Resting crypt-top fibroblast","P021","Fibroblast"
"SAM24412540_83701",-0.689976288049273,1.13704741985393,"Uninflamed UC","Resting crypt-top fibroblast","P021","Fibroblast"
"SAM24412540_131375",1.93234436395878,4.3984083035667,"Uninflamed UC","Activated crypt-top fibroblast","P021","Fibroblast"
"SAM24412540_364131",-1.48222072240596,1.19706160814357,"Uninflamed UC","LP fibroblast","P021","Fibroblast"
"SAM24412540_541500",-4.08841426488643,-2.40926181285786,"Uninflamed UC","LP fibroblast","P021","Fibroblast"
"SAM24412540_564206",2.00889603975529,4.02615369350505,"Uninflamed UC","Activated crypt-top fibroblast","P021","Fibroblast"
"SAM24412540_269876",-2.94377572652584,-0.548240055732008,"Uninflamed UC","LP fibroblast","P021","Fibroblast"
"SAM24412540_508577",-2.62106759664302,-4.03002845256733,"Uninflamed UC","Resting crypt-top fibroblast","P021","Fibroblast"
"SAM24412540_843407",4.01009029331917,3.24402321369243,"Uninflamed UC","Resting crypt-top fibroblast","P021","Fibroblast"
"SAM24412540_471702",-4.54430873510127,-2.83922254054951,"Uninflamed UC","Crypt-bottom fibroblast","P021","Fibroblast"
"SAM24412540_451928",-1.45387609121089,-1.17467295139241,"Uninflamed UC","LP fibroblast","P021","Fibroblast"
"SAM24412540_213664",-1.84951360341793,-1.14585374801564,"Uninflamed UC","LP fibroblast","P021","Fibroblast"
"SAM24412540_672547",0.298931049139448,-0.690659751586195,"Uninflamed UC","LP fibroblast","P021","Fibroblast"
"SAM24412540_559640",-4.97113521215206,-2.81525956600117,"Uninflamed UC","Crypt-bottom fibroblast","P021","Fibroblast"
"SAM24412540_429185",-2.08833558675533,-0.909414519957777,"Uninflamed UC","LP fibroblast","P021","Fibroblast"
"SAM24412540_599426",0.927049802572675,4.78599823505474,"Uninflamed UC","Activated crypt-top fibroblast","P021","Fibroblast"
"SAM24412540_30742",-2.18791587468868,-0.747623076133009,"Uninflamed UC","LP fibroblast","P021","Fibroblast"
"SAM24412540_693513",-3.60442931768184,-0.157336105994459,"Uninflamed UC","LP fibroblast","P021","Fibroblast"
"SAM24412540_198020",-3.3298731577087,1.1716735461433,"Uninflamed UC","LP fibroblast","P021","Fibroblast"
"SAM24412540_807941",-4.97388274785762,-4.09527408092427,"Uninflamed UC","Crypt-bottom fibroblast","P021","Fibroblast"
"SAM24412540_115265",2.90811293009038,4.31649483234477,"Uninflamed UC","Resting crypt-top fibroblast","P021","Fibroblast"
"SAM24412540_156467",-3.32069881078487,-0.975107063941236,"Uninflamed UC","LP fibroblast","P021","Fibroblast"
"SAM24412540_270174",-3.93751342412715,-0.810777654341932,"Uninflamed UC","LP fibroblast","P021","Fibroblast"
"SAM24412540_382038",-1.04959161397701,2.43396199733806,"Uninflamed UC","Inflammatory fibroblast","P021","Fibroblast"
"SAM24412540_713079",-4.8725863229919,-1.18439089267659,"Uninflamed UC","LP fibroblast","P021","Fibroblast"
"SAM24412540_763250",1.88211409929509,1.33184189588619,"Uninflamed UC","Resting crypt-top fibroblast","P021","Fibroblast"
"SAM24412540_49720",-3.62019260045772,-2.14585553615498,"Uninflamed UC","LP fibroblast","P021","Fibroblast"
"SAM24412540_249994",-2.95464713689571,1.64927257091594,"Uninflamed UC","LP fibroblast","P021","Fibroblast"
"SAM24412540_508087",-4.85079867955928,-5.16993867366719,"Uninflamed UC","Crypt-bottom fibroblast","P021","Fibroblast"
"SAM24412540_646833",-5.5714560281921,-6.29176293819356,"Uninflamed UC","Crypt-bottom fibroblast","P021","Fibroblast"
"SAM24412540_202999",-4.95797069188838,-2.19062243907857,"Uninflamed UC","LP fibroblast","P021","Fibroblast"
"SAM24412540_749679",2.6445469129395,5.75380838901592,"Uninflamed UC","Activated crypt-top fibroblast","P021","Fibroblast"
"SAM24412540_236568",-1.42435939428096,-1.11523937194752,"Uninflamed UC","LP fibroblast","P021","Fibroblast"
"SAM24412540_736487",-4.58788211461788,-2.01921664684224,"Uninflamed UC","LP fibroblast","P021","Fibroblast"
"SAM24412540_749920",-2.6548767816711,-0.484640111617323,"Uninflamed UC","LP fibroblast","P021","Fibroblast"
"SAM24412540_11080",-5.51304156896358,-1.81965910404133,"Uninflamed UC","LP fibroblast","P021","Fibroblast"
"SAM24412540_685356",-4.40736873265987,-1.99111854045796,"Uninflamed UC","LP fibroblast","P021","Fibroblast"
"SAM24412540_87699",-4.91354854223018,-3.8909507891457,"Uninflamed UC","Crypt-bottom fibroblast","P021","Fibroblast"
"SAM24412540_699762",-3.78070266362911,-1.03688489406514,"Uninflamed UC","LP fibroblast","P021","Fibroblast"
"SAM24412540_761103",-3.99136836644893,-2.67581140010762,"Uninflamed UC","LP fibroblast","P021","Fibroblast"
"SAM24412540_222970",-1.86386067983394,-1.74787436931538,"Uninflamed UC","LP fibroblast","P021","Fibroblast"
"SAM24412540_241447",4.29875816586728,4.37772882968975,"Uninflamed UC","Resting crypt-top fibroblast","P021","Fibroblast"
"SAM24412540_719158",4.34054637137169,4.61438430339885,"Uninflamed UC","Resting crypt-top fibroblast","P021","Fibroblast"
"SAM24412540_439138",-2.40408141729122,-1.23513161151814,"Uninflamed UC","LP fibroblast","P021","Fibroblast"
"SAM24412540_25541",-3.88613517400508,-1.09633754699635,"Uninflamed UC","LP fibroblast","P021","Fibroblast"
"SAM24412540_442069",-4.16317088720088,-0.886908521346327,"Uninflamed UC","LP fibroblast","P021","Fibroblast"
"SAM24412540_628696",-4.42567355748897,-1.84326611965108,"Uninflamed UC","LP fibroblast","P021","Fibroblast"
"SAM24412540_108150",-3.5482660066772,-1.22041319816517,"Uninflamed UC","LP fibroblast","P021","Fibroblast"
"SAM24412540_549046",-1.54831321355586,-0.984031667403455,"Uninflamed UC","LP fibroblast","P021","Fibroblast"
"SAM24412540_542763",-1.72576387044673,-0.955919494323011,"Uninflamed UC","LP fibroblast","P021","Fibroblast"
"SAM24412540_109496",3.54044841411824,2.47898090869975,"Uninflamed UC","Resting crypt-top fibroblast","P021","Fibroblast"
"SAM24412540_880814",-4.23404510137325,-0.489212741545912,"Uninflamed UC","LP fibroblast","P021","Fibroblast"
"SAM24412540_296531",2.17537789228673,3.52910269290996,"Uninflamed UC","Activated crypt-top fibroblast","P021","Fibroblast"
"SAM24412540_400854",-2.39757688161617,-0.846104135207411,"Uninflamed UC","LP fibroblast","P021","Fibroblast"
"SAM24412540_726266",-1.09209449407344,2.48884690792156,"Uninflamed UC","Inflammatory fibroblast","P021","Fibroblast"
"SAM24412540_810934",-4.6679793131042,-2.85665785282063,"Uninflamed UC","Crypt-bottom fibroblast","P021","Fibroblast"
"SAM24412540_815401",-4.75989349004512,-4.03585587947773,"Uninflamed UC","Crypt-bottom fibroblast","P021","Fibroblast"
"SAM24412540_248166",2.75196640375371,3.30598534137798,"Uninflamed UC","Activated crypt-top fibroblast","P021","Fibroblast"
"SAM24412540_819124",-4.55722816106563,-0.209886183432813,"Uninflamed UC","LP fibroblast","P021","Fibroblast"
"SAM24412540_475529",-1.74439580556636,-1.26320492237019,"Uninflamed UC","LP fibroblast","P021","Fibroblast"
"SAM24412540_607494",-2.15164001104122,-0.675131787947889,"Uninflamed UC","LP fibroblast","P021","Fibroblast"
"SAM24412540_354947",2.9497979152512,3.79548896343303,"Uninflamed UC","Resting crypt-top fibroblast","P021","Fibroblast"
"SAM24412540_702848",5.41356484773869,4.42977250606609,"Uninflamed UC","Resting crypt-top fibroblast","P021","Fibroblast"
"SAM24412540_524917",-4.19823558446651,-0.868411531142469,"Uninflamed UC","LP fibroblast","P021","Fibroblast"
"SAM24412540_153265",-5.18774230596309,-5.8532277247231,"Uninflamed UC","Crypt-bottom fibroblast","P021","Fibroblast"
"SAM24412540_733206",0.514628099234052,4.36802733928752,"Uninflamed UC","LP fibroblast","P021","Fibroblast"
"SAM24412540_529002",-2.76759631749874,-0.720139851264234,"Uninflamed UC","LP fibroblast","P021","Fibroblast"
"SAM24412540_809912",-4.63212783452754,-0.243273546389814,"Uninflamed UC","LP fibroblast","P021","Fibroblast"
"SAM24412540_541134",-3.58195312139278,-0.0870513817589242,"Uninflamed UC","LP fibroblast","P021","Fibroblast"
"SAM24412540_313622",-3.88033874150997,0.839046532817606,"Uninflamed UC","LP fibroblast","P021","Fibroblast"
"SAM24412540_426707",-3.92945010778194,-0.310190429381605,"Uninflamed UC","LP fibroblast","P021","Fibroblast"
"SAM24412540_59787",4.60566730979199,4.13741982967449,"Uninflamed UC","Resting crypt-top fibroblast","P021","Fibroblast"
"SAM24412540_439201",1.57145969751591,3.77720607311321,"Uninflamed UC","Activated crypt-top fibroblast","P021","Fibroblast"
"SAM24412540_730022",5.60932795885319,2.63823188335491,"Uninflamed UC","Activated crypt-top fibroblast","P021","Fibroblast"
"SAM24412540_568101",-3.10847051259761,-1.44221316783833,"Uninflamed UC","LP fibroblast","P021","Fibroblast"
"SAM24412540_594292",-2.00876958486324,-0.83894978969502,"Uninflamed UC","LP fibroblast","P021","Fibroblast"
"SAM24412540_505472",-4.53179938909297,-1.94370280712056,"Uninflamed UC","LP fibroblast","P021","Fibroblast"
"SAM24412540_305276",-4.69525821325069,-0.0838817259590585,"Uninflamed UC","LP fibroblast","P021","Fibroblast"
"SAM24412540_420616",1.17359058740849,1.49622494966579,"Uninflamed UC","Resting crypt-top fibroblast","P021","Fibroblast"
"SAM24412540_22924",-4.03258521672969,-0.503488053969618,"Uninflamed UC","LP fibroblast","P021","Fibroblast"
"SAM24412540_112682",-5.05740935918575,-2.37913691013264,"Uninflamed UC","Crypt-bottom fibroblast","P021","Fibroblast"
"SAM24412540_522046",-4.08140571233516,-0.472882737807508,"Uninflamed UC","LP fibroblast","P021","Fibroblast"
"SAM24412540_716866",-4.8739119302917,-4.22543202846455,"Uninflamed UC","Crypt-bottom fibroblast","P021","Fibroblast"
"SAM24412540_166896",-5.17157275792842,-5.67287122219014,"Uninflamed UC","Crypt-bottom fibroblast","P021","Fibroblast"
"SAM24412540_695981",1.16665475252385,3.75189579517436,"Uninflamed UC","Activated crypt-top fibroblast","P021","Fibroblast"
"SAM24412540_226379",-4.29786021825557,-2.50011502712178,"Uninflamed UC","LP fibroblast","P021","Fibroblast"
"SAM24412540_739399",1.16344969156498,5.0623635152061,"Uninflamed UC","Activated crypt-top fibroblast","P021","Fibroblast"
"SAM24412540_536966",-4.83171947118526,-3.84605561702656,"Uninflamed UC","Crypt-bottom fibroblast","P021","Fibroblast"
"SAM24412540_677797",-3.45916755315547,-2.83931337802815,"Uninflamed UC","LP fibroblast","P021","Fibroblast"
"SAM24412540_727874",2.76989452722783,4.60860909015727,"Uninflamed UC","Activated crypt-top fibroblast","P021","Fibroblast"
"SAM24412540_155984",2.36549119833226,1.95221866161418,"Uninflamed UC","Resting crypt-top fibroblast","P021","Fibroblast"
"SAM24412540_570490",2.73003749731297,5.41946972400737,"Uninflamed UC","Activated crypt-top fibroblast","P021","Fibroblast"
"SAM24412540_728675",4.29690832081551,4.57923329860759,"Uninflamed UC","Resting crypt-top fibroblast","P021","Fibroblast"
"SAM24412540_756564",-4.55440337774044,-2.41704594104695,"Uninflamed UC","LP fibroblast","P021","Fibroblast"
"SAM24412540_768638",3.77211369755978,2.83615530521465,"Uninflamed UC","Resting crypt-top fibroblast","P021","Fibroblast"
"SAM24412540_359482",-4.32486922857051,0.0493769148070853,"Uninflamed UC","LP fibroblast","P021","Fibroblast"
"SAM24412540_37470",-4.08537109014278,-0.972287645034071,"Uninflamed UC","LP fibroblast","P021","Fibroblast"
"SAM24412540_424252",4.63868420007939,3.99794734508586,"Uninflamed UC","Resting crypt-top fibroblast","P021","Fibroblast"
"SAM24412540_636994",-3.73075635549312,0.161397854395632,"Uninflamed UC","LP fibroblast","P021","Fibroblast"
"SAM24412540_655551",2.98076205137486,4.05771101505352,"Uninflamed UC","Resting crypt-top fibroblast","P021","Fibroblast"
"SAM24412540_714257",-2.99026973363643,1.35463149339748,"Uninflamed UC","LP fibroblast","P021","Fibroblast"
"SAM24412540_731900",-5.01660640355831,-1.38475429027485,"Uninflamed UC","Crypt-bottom fibroblast","P021","Fibroblast"
"SAM24412540_238791",1.54762213114018,5.04559649021221,"Uninflamed UC","Activated crypt-top fibroblast","P021","Fibroblast"
"SAM24412540_427158",-1.53820283529048,-1.04643629997181,"Uninflamed UC","LP fibroblast","P021","Fibroblast"
"SAM24412540_432855",3.04818313005681,5.3289650777061,"Uninflamed UC","Activated crypt-top fibroblast","P021","Fibroblast"
"SAM24412540_73979",-3.30481822606807,-0.687469234160658,"Uninflamed UC","LP fibroblast","P021","Fibroblast"
"SAM24412540_213521",-5.38228423711544,-6.03389417140889,"Uninflamed UC","Crypt-bottom fibroblast","P021","Fibroblast"
"SAM24412540_537325",2.96900312784428,4.61081851512981,"Uninflamed UC","Activated crypt-top fibroblast","P021","Fibroblast"
"SAM24412540_780587",4.02789370152468,2.69760454685283,"Uninflamed UC","Resting crypt-top fibroblast","P021","Fibroblast"
"SAM24412540_162258",-3.70103461858516,-2.22091018169331,"Uninflamed UC","LP fibroblast","P021","Fibroblast"
"SAM24412540_788910",-4.52870566961055,0.235135088272814,"Uninflamed UC","LP fibroblast","P021","Fibroblast"
"SAM24412540_809521",-4.65816600438838,-4.17145120113301,"Uninflamed UC","Crypt-bottom fibroblast","P021","Fibroblast"
"SAM24412540_321725",-5.00576980230098,-0.236428847007032,"Uninflamed UC","LP fibroblast","P021","Fibroblast"
"SAM24412540_533518",-4.8923092615295,0.0382776954848807,"Uninflamed UC","LP fibroblast","P021","Fibroblast"
"SAM24412540_606623",-4.29785831090694,-1.16722165553975,"Uninflamed UC","LP fibroblast","P021","Fibroblast"
"SAM24412540_517133",0.557546542913862,0.429637337632899,"Uninflamed UC","LP fibroblast","P021","Fibroblast"
"SAM24412540_695390",-3.24992950078731,-0.547776808432813,"Uninflamed UC","LP fibroblast","P021","Fibroblast"
"SAM24412540_77029",-4.36437804815059,-1.73155032604146,"Uninflamed UC","LP fibroblast","P021","Fibroblast"
"SAM24412540_392082",-4.36407764074092,0.254099200077776,"Uninflamed UC","LP fibroblast","P021","Fibroblast"
"SAM24412540_595579",-0.883701873986773,-2.87483774631428,"Uninflamed UC","LP fibroblast","P021","Fibroblast"
"SAM24412540_610543",-4.98834998723751,-4.27586995571064,"Uninflamed UC","Crypt-bottom fibroblast","P021","Fibroblast"
"SAM24412540_840139",1.83972780588383,2.91113937885356,"Uninflamed UC","Resting crypt-top fibroblast","P021","Fibroblast"
"SAM24412540_650692",-2.66791637059932,-0.545469989470716,"Uninflamed UC","LP fibroblast","P021","Fibroblast"
"SAM24412540_861227",-1.14500720617061,2.42537308723522,"Uninflamed UC","Inflammatory fibroblast","P021","Fibroblast"
"SAM24412540_264685",-3.41554029104,0.507059420057062,"Uninflamed UC","LP fibroblast","P021","Fibroblast"
"SAM24412540_448363",-0.458604885308795,-0.47570585220265,"Uninflamed UC","LP fibroblast","P021","Fibroblast"
"SAM24412540_482685",-2.17945916768794,0.804983029671435,"Uninflamed UC","LP fibroblast","P021","Fibroblast"
"SAM24412540_711622",-4.09388740178829,-1.08312188594746,"Uninflamed UC","LP fibroblast","P021","Fibroblast"
"SAM24412540_276182",-4.45467097875362,-0.525010695151563,"Uninflamed UC","LP fibroblast","P021","Fibroblast"
"SAM24412540_424906",2.25653653028721,1.18229259044719,"Uninflamed UC","Resting crypt-top fibroblast","P021","Fibroblast"
"SAM24412540_693753",-1.29055030462032,2.43232573062969,"Uninflamed UC","Inflammatory fibroblast","P021","Fibroblast"
"SAM24412540_52263",2.95862178686375,3.01584328205181,"Uninflamed UC","Resting crypt-top fibroblast","P021","Fibroblast"
"SAM24412540_389561",3.18331901911015,4.6334735253532,"Uninflamed UC","Activated crypt-top fibroblast","P021","Fibroblast"
"SAM24412540_558878",-4.41442306157833,-0.854107012442823,"Uninflamed UC","LP fibroblast","P021","Fibroblast"
"SAM24412540_791682",3.71938885930295,3.59646595508647,"Uninflamed UC","Resting crypt-top fibroblast","P021","Fibroblast"
"SAM24412540_545911",-2.55711944219356,-0.332449426345106,"Uninflamed UC","LP fibroblast","P021","Fibroblast"
"SAM24412540_444780",2.30164699438328,1.49405009538722,"Uninflamed UC","Resting crypt-top fibroblast","P021","Fibroblast"
"SAM24412540_484094",-4.79884059545284,-2.88830505817341,"Uninflamed UC","Crypt-bottom fibroblast","P021","Fibroblast"
"SAM24412540_57263",-4.25946719762569,-0.452859511069532,"Uninflamed UC","LP fibroblast","P021","Fibroblast"
"SAM24412540_371271",-4.40717990514522,-1.21897672622609,"Uninflamed UC","LP fibroblast","P021","Fibroblast"
"SAM24412540_863821",-2.89877421972042,-3.09270726650166,"Uninflamed UC","LP fibroblast","P021","Fibroblast"
"SAM24412540_310577",-5.09145076390987,-3.82454596965718,"Uninflamed UC","Crypt-bottom fibroblast","P021","Fibroblast"
"SAM24412540_566331",2.22630183580632,3.69742501766277,"Uninflamed UC","Activated crypt-top fibroblast","P021","Fibroblast"
"SAM24412540_582329",-4.99858386632686,-4.57177173107075,"Uninflamed UC","Crypt-bottom fibroblast","P021","Fibroblast"
"SAM24412540_24925",-5.11996562597042,-4.21938764064717,"Uninflamed UC","Crypt-bottom fibroblast","P021","Fibroblast"
"SAM24412540_744760",3.46611117008442,3.73534906894756,"Uninflamed UC","Resting crypt-top fibroblast","P021","Fibroblast"
"SAM24412540_826821",-4.0107870828796,0.503372991986994,"Uninflamed UC","LP fibroblast","P021","Fibroblast"
"SAM24412540_121711",-5.19037635442501,-3.52183925121235,"Uninflamed UC","Crypt-bottom fibroblast","P021","Fibroblast"
"SAM24412540_336883",-4.65169341680294,-0.970427264861341,"Uninflamed UC","LP fibroblast","P021","Fibroblast"
"SAM24412540_108223",-4.35263927098995,-1.14054297416615,"Uninflamed UC","LP fibroblast","P021","Fibroblast"
"SAM24412540_791753",4.91043423298115,3.78061736614299,"Uninflamed UC","Resting crypt-top fibroblast","P021","Fibroblast"
"SAM24412540_725348",2.75065986994023,3.15102828533245,"Uninflamed UC","Resting crypt-top fibroblast","P021","Fibroblast"
"SAM24412540_39847",-5.41274650213008,-6.05276214092183,"Uninflamed UC","Crypt-bottom fibroblast","P021","Fibroblast"
"SAM24412540_301437",-4.1405478250671,-1.56704317539143,"Uninflamed UC","LP fibroblast","P021","Fibroblast"
"SAM24412540_783164",2.62549118879551,2.9129449227531,"Uninflamed UC","Resting crypt-top fibroblast","P021","Fibroblast"
"SAM24412540_444299",2.40791098955388,6.15329350025249,"Uninflamed UC","Activated crypt-top fibroblast","P021","Fibroblast"
"SAM24412540_567290",-4.09809501287227,-0.94963573425221,"Uninflamed UC","LP fibroblast","P021","Fibroblast"
"SAM24412540_285621",-3.82543094274288,-0.0422351261894662,"Uninflamed UC","LP fibroblast","P021","Fibroblast"
"SAM24412540_112502",-4.32671268102413,-1.56633745639729,"Uninflamed UC","LP fibroblast","P021","Fibroblast"
"SAM24412540_455758",1.90875689867253,1.03507323057247,"Uninflamed UC","Resting crypt-top fibroblast","P021","Fibroblast"
"SAM24412540_400652",-2.44746263143306,-0.442693581275221,"Uninflamed UC","LP fibroblast","P021","Fibroblast"
"SAM24412540_606051",1.24748318079228,3.56812060863567,"Uninflamed UC","Activated crypt-top fibroblast","P021","Fibroblast"
"SAM24412540_615835",-4.61690433141475,-0.39680849521565,"Uninflamed UC","LP fibroblast","P021","Fibroblast"
"SAM24412540_785414",1.86466877344365,3.26963270694805,"Uninflamed UC","Activated crypt-top fibroblast","P021","Fibroblast"
"SAM24412540_709209",-1.87443740484004,-0.65643357246327,"Uninflamed UC","LP fibroblast","P021","Fibroblast"
"SAM24412540_372394",-4.75554854985958,-0.43104671447682,"Uninflamed UC","LP fibroblast","P021","Fibroblast"
"SAM24412540_508213",-3.42452056524044,-1.58621608226704,"Uninflamed UC","LP fibroblast","P021","Fibroblast"
"SAM24412540_763446",-3.866561485498,-1.90486537425923,"Uninflamed UC","LP fibroblast","P021","Fibroblast"
"SAM24412540_247813",3.07154326322789,4.31160272152019,"Uninflamed UC","Activated crypt-top fibroblast","P021","Fibroblast"
"SAM24412540_378850",-2.21922690984493,-1.83761130779194,"Uninflamed UC","LP fibroblast","P021","Fibroblast"
"SAM24412540_765510",-4.90321261998897,-0.985350479773756,"Uninflamed UC","LP fibroblast","P021","Fibroblast"
"SAM24412540_282226",-5.7056990396667,-1.59793197124409,"Uninflamed UC","LP fibroblast","P021","Fibroblast"
"SAM24412540_286990",-4.80751617070919,-3.23417078464436,"Uninflamed UC","Crypt-bottom fibroblast","P021","Fibroblast"
"SAM24412540_137310",-3.99859817144161,-1.02694474666524,"Uninflamed UC","LP fibroblast","P021","Fibroblast"
"SAM24412540_266706",-3.77787025090938,0.446989412017588,"Uninflamed UC","LP fibroblast","P021","Fibroblast"
"SAM24412540_174654",-5.20708949682002,-5.28232633083272,"Uninflamed UC","Crypt-bottom fibroblast","P021","Fibroblast"
"SAM24412540_234697",-4.05006702062374,-1.42451964824605,"Uninflamed UC","LP fibroblast","P021","Fibroblast"
"SAM24412540_395362",-2.23543937322383,0.847811246820215,"Uninflamed UC","LP fibroblast","P021","Fibroblast"
"SAM24412540_858113",4.95615963819737,4.08192456752849,"Uninflamed UC","Resting crypt-top fibroblast","P021","Fibroblast"
"SAM24412540_571516",4.04117910745854,3.9566243985374,"Uninflamed UC","Resting crypt-top fibroblast","P021","Fibroblast"
"SAM24412540_563414",2.64154176595921,3.62189901859355,"Uninflamed UC","Resting crypt-top fibroblast","P021","Fibroblast"
"SAM24412540_641769",-3.14616687413936,0.292139987059359,"Uninflamed UC","LP fibroblast","P021","Fibroblast"
"SAM24412540_456662",-4.03936393377071,0.367780665465121,"Uninflamed UC","LP fibroblast","P021","Fibroblast"
"SAM24412540_485191",-3.89222152349239,-1.79917584865498,"Uninflamed UC","LP fibroblast","P021","Fibroblast"
"SAM24412540_647598",3.86288111093754,2.91020215541912,"Uninflamed UC","Resting crypt-top fibroblast","P021","Fibroblast"
"SAM24412540_646327",1.36633174303288,0.329058120556597,"Uninflamed UC","LP fibroblast","P021","Fibroblast"
"SAM24412540_837688",-3.96576316472774,-0.496092190436598,"Uninflamed UC","LP fibroblast","P021","Fibroblast"
"SAM24412540_542883",2.89493350866551,3.8929561474998,"Uninflamed UC","Resting crypt-top fibroblast","P021","Fibroblast"
"SAM24412540_733434",-4.87751872655635,-4.12509786098408,"Uninflamed UC","Crypt-bottom fibroblast","P021","Fibroblast"
"SAM24412540_170091",-4.79989345189815,-2.39558969943928,"Uninflamed UC","LP fibroblast","P021","Fibroblast"
"SAM24412540_865379",2.31071166876072,5.15999640018535,"Uninflamed UC","Activated crypt-top fibroblast","P021","Fibroblast"
"SAM24412540_53777",-5.1388741266418,-0.293798913649793,"Uninflamed UC","LP fibroblast","P021","Fibroblast"
"SAM24412540_214889",-5.83567245122676,-1.64108239620137,"Uninflamed UC","LP fibroblast","P021","Fibroblast"
"SAM24412540_526450",-3.66292007085567,0.458845282502894,"Uninflamed UC","LP fibroblast","P021","Fibroblast"
"SAM24412540_650797",3.33666633251423,3.73420918972087,"Uninflamed UC","Resting crypt-top fibroblast","P021","Fibroblast"
"SAM24412540_442057",0.482590841085859,-0.520138611487623,"Uninflamed UC","LP fibroblast","P021","Fibroblast"
"SAM24412540_445974",-4.05342967626338,-0.723599662474867,"Uninflamed UC","LP fibroblast","P021","Fibroblast"
"SAM24412540_479177",3.19892858150715,4.84927166492534,"Uninflamed UC","Activated crypt-top fibroblast","P021","Fibroblast"
"SAM24412540_502993",-2.55352409002071,-2.90455686061787,"Uninflamed UC","LP fibroblast","P021","Fibroblast"
"SAM24412540_401227",-4.49798877355342,-1.49441467731404,"Uninflamed UC","LP fibroblast","P021","Fibroblast"
"SAM24412540_568506",3.74034302118535,3.43365324527812,"Uninflamed UC","Resting crypt-top fibroblast","P021","Fibroblast"
"SAM24412540_661421",3.20420037391896,3.29860390216899,"Uninflamed UC","Resting crypt-top fibroblast","P021","Fibroblast"
"SAM24412540_711367",-4.34465987798458,-2.54747020214009,"Uninflamed UC","LP fibroblast","P021","Fibroblast"
"SAM24412540_178072",2.8386432397675,3.55109108478618,"Uninflamed UC","Resting crypt-top fibroblast","P021","Fibroblast"
"SAM24412540_658219",-3.83754499074703,-1.93463670223164,"Uninflamed UC","LP fibroblast","P021","Fibroblast"
"SAM24412540_571924",-1.81763370153194,-0.930588712386366,"Uninflamed UC","LP fibroblast","P021","Fibroblast"
"SAM24412540_627784",-4.62397678014522,-3.32807885616231,"Uninflamed UC","Crypt-bottom fibroblast","P021","Fibroblast"
"SAM24412540_727556",-4.48641593572383,-1.93527304141926,"Uninflamed UC","LP fibroblast","P021","Fibroblast"
"SAM24412540_827365",3.68475459697957,3.90785754711223,"Uninflamed UC","Resting crypt-top fibroblast","P021","Fibroblast"
"SAM24412540_708012",-3.30874498006587,-0.294190993003126,"Uninflamed UC","LP fibroblast","P021","Fibroblast"
"SAM24412540_728088",-4.39826114293819,-0.545995225600477,"Uninflamed UC","LP fibroblast","P021","Fibroblast"
"SAM24412540_175413",-4.62958247777706,-2.50695907085347,"Uninflamed UC","Crypt-bottom fibroblast","P021","Fibroblast"
"SAM24412540_780953",4.26226212266202,4.13559449703289,"Uninflamed UC","Resting crypt-top fibroblast","P021","Fibroblast"
"SAM24412540_852753",-3.55402095433956,0.289045969553713,"Uninflamed UC","LP fibroblast","P021","Fibroblast"
"SAM24412540_820016",-3.80769927617794,0.246880153723482,"Uninflamed UC","LP fibroblast","P021","Fibroblast"
"SAM24412540_662432",-3.78291041967159,-2.48287903278279,"Uninflamed UC","LP fibroblast","P021","Fibroblast"
"SAM24412540_624465",-2.01103551503902,0.71988012135816,"Uninflamed UC","LP fibroblast","P021","Fibroblast"
"SAM24412540_69636",-4.18758971807247,-0.225985099963423,"Uninflamed UC","LP fibroblast","P021","Fibroblast"
"SAM24412540_299205",0.252140687735029,-0.559182276419874,"Uninflamed UC","LP fibroblast","P021","Fibroblast"
"SAM24412540_340687",2.87154703024144,5.29068268329692,"Uninflamed UC","Activated crypt-top fibroblast","P021","Fibroblast"
"SAM24412540_552756",2.00311915758366,1.04539192707134,"Uninflamed UC","Resting crypt-top fibroblast","P021","Fibroblast"
"SAM24412540_779640",3.71585942986722,4.00469459087444,"Uninflamed UC","Resting crypt-top fibroblast","P021","Fibroblast"
"SAM24412540_880094",-4.11664588567501,-1.32749163120198,"Uninflamed UC","LP fibroblast","P021","Fibroblast"
"SAM24412540_135156",-4.0564299356628,-5.02909480541157,"Uninflamed UC","Resting crypt-top fibroblast","P021","Fibroblast"
"SAM24412540_735998",2.92721574190373,3.64902461559368,"Uninflamed UC","Resting crypt-top fibroblast","P021","Fibroblast"
"SAM24412540_822590",4.10395258660729,-4.05550300090718,"Uninflamed UC","Inflammatory fibroblast","P021","Fibroblast"
"SAM24412540_862415",3.0992428529572,5.10857761890483,"Uninflamed UC","Activated crypt-top fibroblast","P021","Fibroblast"
"SAM24412540_766249",-2.95909984227901,-5.7566701075356,"Uninflamed UC","Crypt-bottom fibroblast","P021","Fibroblast"
"SAM24412540_857499",-4.50691325780635,-2.97292195766377,"Uninflamed UC","LP fibroblast","P021","Fibroblast"
"SAM24412540_110370",-4.75714404699092,-2.10743533580708,"Uninflamed UC","LP fibroblast","P021","Fibroblast"
"SAM24412540_212233",-4.23460967656856,-1.86175404994893,"Uninflamed UC","LP fibroblast","P021","Fibroblast"
"SAM24412540_879719",3.36957036140675,2.06032229454112,"Uninflamed UC","Resting crypt-top fibroblast","P021","Fibroblast"
"SAM24412540_423343",-3.06647021886592,0.417116890259508,"Uninflamed UC","LP fibroblast","P021","Fibroblast"
"SAM24412540_98635",-4.23059375402217,-4.07526742427754,"Uninflamed UC","Crypt-bottom fibroblast","P021","Fibroblast"
"SAM24412540_136915",-2.92806871053462,-2.60615288227009,"Uninflamed UC","LP fibroblast","P021","Fibroblast"
"SAM24412540_849029",2.86948697450871,2.34209645778728,"Uninflamed UC","Resting crypt-top fibroblast","P021","Fibroblast"
"SAM24412540_824478",-3.98093516942745,-0.153850664786573,"Uninflamed UC","LP fibroblast","P021","Fibroblast"
"SAM24412540_802797",-4.4146366846252,-0.549194445304151,"Uninflamed UC","LP fibroblast","P021","Fibroblast"
"SAM24412540_643062",1.24305336359257,3.87661613018108,"Uninflamed UC","Activated crypt-top fibroblast","P021","Fibroblast"
"SAM24412540_720464",-5.13836295720821,-2.94826733081746,"Uninflamed UC","Crypt-bottom fibroblast","P021","Fibroblast"
"SAM24412540_104303",-5.26177222844844,-3.41488563030171,"Uninflamed UC","Inflammatory fibroblast","P021","Fibroblast"
"SAM24412540_422351",-2.36535365697627,1.20151467115474,"Uninflamed UC","LP fibroblast","P021","Fibroblast"
"SAM24412540_503214",-4.01203162786251,-0.603796233824964,"Uninflamed UC","LP fibroblast","P021","Fibroblast"
"SAM24412540_554461",-4.66302402135616,-0.37664567439961,"Uninflamed UC","LP fibroblast","P021","Fibroblast"
"SAM24412540_351579",-4.4278841745544,-2.8026939532082,"Uninflamed UC","LP fibroblast","P021","Fibroblast"
"SAM24412540_478954",2.54994182470555,1.58858741314006,"Uninflamed UC","Resting crypt-top fibroblast","P021","Fibroblast"
"SAM24412540_697871",-4.9747010004211,-3.48885833232808,"Uninflamed UC","Crypt-bottom fibroblast","P021","Fibroblast"
"SAM24412540_821952",-1.6221152078796,-1.69382463901448,"Uninflamed UC","LP fibroblast","P021","Fibroblast"
"SAM24412540_546184",3.39763991716618,2.78993309528423,"Uninflamed UC","Resting crypt-top fibroblast","P021","Fibroblast"
"SAM24412540_758070",-4.40911586400752,-1.25620256870198,"Uninflamed UC","LP fibroblast","P021","Fibroblast"
"SAM24412540_850792",2.05158870104069,1.0182137289722,"Uninflamed UC","Resting crypt-top fibroblast","P021","Fibroblast"
"SAM24412540_153037",3.57828192594761,4.31839073688579,"Uninflamed UC","Resting crypt-top fibroblast","P021","Fibroblast"
"SAM24412540_544817",-4.63241775151973,-0.204910030059095,"Uninflamed UC","LP fibroblast","P021","Fibroblast"
"SAM24412540_594383",-1.24045140859371,1.42455513269496,"Uninflamed UC","LP fibroblast","P021","Fibroblast"
"SAM24412540_371937",-5.57580478307491,-6.33837138622212,"Uninflamed UC","Crypt-bottom fibroblast","P021","Fibroblast"
"SAM24412540_617500",2.48256664160008,5.7008494237144,"Uninflamed UC","Activated crypt-top fibroblast","P021","Fibroblast"
"SAM24412540_117159",-5.06892020818477,-3.94424163310933,"Uninflamed UC","Crypt-bottom fibroblast","P021","Fibroblast"
"SAM24412540_301192",4.25807582023854,3.93706930667949,"Uninflamed UC","LP fibroblast","P021","Fibroblast"
"SAM24412540_307754",-4.98775012609249,-4.14858447521138,"Uninflamed UC","Crypt-bottom fibroblast","P021","Fibroblast"
"SAM24412540_367098",2.22213976267094,4.85311115772319,"Uninflamed UC","Activated crypt-top fibroblast","P021","Fibroblast"
"SAM24412540_534047",-4.68698032018428,-3.76431094615864,"Uninflamed UC","Crypt-bottom fibroblast","P021","Fibroblast"
"SAM24412540_118463",2.80979530695195,5.74128950626445,"Uninflamed UC","Activated crypt-top fibroblast","P021","Fibroblast"
"SAM24412540_352005",-3.50159318563228,-0.436884631804701,"Uninflamed UC","LP fibroblast","P021","Fibroblast"
"SAM24412540_753189",-4.4655924570251,-0.260620405368086,"Uninflamed UC","LP fibroblast","P021","Fibroblast"
"SAM24412540_810890",-5.00016505834346,-3.73412763088154,"Uninflamed UC","Crypt-bottom fibroblast","P021","Fibroblast"
"SAM24412540_843289",-3.01091535207515,-1.73586784809041,"Uninflamed UC","LP fibroblast","P021","Fibroblast"
"SAM24412540_383575",2.75553231123204,1.63788796455455,"Uninflamed UC","Resting crypt-top fibroblast","P021","Fibroblast"
"SAM24412540_501547",-4.25524623510127,-4.88856088130879,"Uninflamed UC","Crypt-bottom fibroblast","P021","Fibroblast"
"SAM24412540_706115",-2.68141706105953,-5.91403018443989,"Uninflamed UC","Crypt-bottom fibroblast","P021","Fibroblast"
"SAM24412540_765459",2.64511566045994,1.51720798999858,"Uninflamed UC","Resting crypt-top fibroblast","P021","Fibroblast"
"SAM24412540_742392",-3.80907828923946,-0.175780107669111,"Uninflamed UC","LP fibroblast","P021","Fibroblast"
"SAM24412540_793860",2.62463467005009,3.75481356174541,"Uninflamed UC","Resting crypt-top fibroblast","P021","Fibroblast"
"SAM24412540_142211",2.39092283132786,4.43250263721538,"Uninflamed UC","Activated crypt-top fibroblast","P021","Fibroblast"
"SAM24412540_389344",-4.15931995031124,-0.939944734267469,"Uninflamed UC","LP fibroblast","P021","Fibroblast"
"SAM24412540_818446",-4.84776027318721,-5.08711396663594,"Uninflamed UC","Crypt-bottom fibroblast","P021","Fibroblast"
"SAM24412540_879499",2.33098225477452,4.60914529354167,"Uninflamed UC","Activated crypt-top fibroblast","P021","Fibroblast"
"SAM24412540_148231",1.47768323305363,-0.252848257712599,"Uninflamed UC","LP fibroblast","P021","Fibroblast"
"SAM24412540_227126",-3.8975992929626,0.0381718376357596,"Uninflamed UC","LP fibroblast","P021","Fibroblast"
"SAM24412540_871671",-5.12296207067256,-3.51329051464009,"Uninflamed UC","Crypt-bottom fibroblast","P021","Fibroblast"
"SAM24412540_471326",-4.13032062169795,0.23192189127994,"Uninflamed UC","LP fibroblast","P021","Fibroblast"
"SAM24412540_661216",-5.41166885015254,-2.07238804309773,"Uninflamed UC","LP fibroblast","P021","Fibroblast"
"SAM24412540_816272",1.89332597139592,3.59495867282939,"Uninflamed UC","Activated crypt-top fibroblast","P021","Fibroblast"
"SAM24412540_567061",3.18724976661915,3.78466452152324,"Uninflamed UC","Resting crypt-top fibroblast","P021","Fibroblast"
"SAM24412540_200097",-4.72725398656612,-1.53118764369893,"Uninflamed UC","LP fibroblast","P021","Fibroblast"
"SAM24412540_647315",-5.0648356210876,-2.32895575969624,"Uninflamed UC","LP fibroblast","P021","Fibroblast"
"SAM24412540_212948",-4.9162178766418,-2.94722329585957,"Uninflamed UC","Crypt-bottom fibroblast","P021","Fibroblast"
"SAM24412540_101392",-3.10333783742671,-0.438320746115919,"Uninflamed UC","LP fibroblast","P021","Fibroblast"
"SAM24412540_575372",2.63550643804783,4.13414467365337,"Uninflamed UC","Activated crypt-top fibroblast","P021","Fibroblast"
"SAM24412540_221266",-4.74668796178585,-1.11832927673268,"Uninflamed UC","LP fibroblast","P021","Fibroblast"
"SAM24412540_62447",-3.39583642598873,-0.936710705451246,"Uninflamed UC","LP fibroblast","P021","Fibroblast"
"SAM24412540_296801",-2.01473291036373,-0.436068763427015,"Uninflamed UC","LP fibroblast","P021","Fibroblast"
"SAM24412540_499050",-1.7325454485107,-1.67005645244526,"Uninflamed UC","LP fibroblast","P021","Fibroblast"
"SAM24412540_551678",-4.91849238988643,-3.55257283657002,"Uninflamed UC","Crypt-bottom fibroblast","P021","Fibroblast"
"SAM24412540_96567",-2.65134151098018,-0.625046600989576,"Uninflamed UC","LP fibroblast","P021","Fibroblast"
"SAM24412540_405174",2.13663022402043,4.65990389377666,"Uninflamed UC","Activated crypt-top fibroblast","P021","Fibroblast"
"SAM24412540_770709",3.34393470171208,2.79675854236675,"Uninflamed UC","Resting crypt-top fibroblast","P021","Fibroblast"
"SAM24412540_220313",-4.78979117986446,-2.36103068797993,"Uninflamed UC","Crypt-bottom fibroblast","P021","Fibroblast"
"SAM24412540_353062",-5.18279464360958,-2.16716300456929,"Uninflamed UC","Crypt-bottom fibroblast","P021","Fibroblast"
"SAM24412540_365798",-1.09133250829463,2.33208907634807,"Uninflamed UC","Inflammatory fibroblast","P021","Fibroblast"
"SAM24412540_567673",-2.57344348546749,-0.818362941436048,"Uninflamed UC","LP fibroblast","P021","Fibroblast"
"SAM24412540_232370",-1.95164687749629,1.11767686397624,"Uninflamed UC","LP fibroblast","P021","Fibroblast"
"SAM24412540_392194",-3.70831353780513,-1.111911763839,"Uninflamed UC","LP fibroblast","P021","Fibroblast"
"SAM24412540_99933",-2.09391648885494,0.803701589413409,"Uninflamed UC","LP fibroblast","P021","Fibroblast"
"SAM24412541_509245",1.75678675058598,5.23964966327739,"Inflamed UC","Activated crypt-top fibroblast","P021","Fibroblast"
"SAM24412541_152688",0.142131732733198,1.98171413929058,"Inflamed UC","Inflammatory fibroblast","P021","Fibroblast"
"SAM24412541_686865",5.32283370378727,5.2905243733604,"Inflamed UC","Resting crypt-top fibroblast","P021","Fibroblast"
"SAM24412541_187980",2.54973571184392,1.49021346361232,"Inflamed UC","Resting crypt-top fibroblast","P021","Fibroblast"
"SAM24412541_379190",2.62274865988011,2.041284213372,"Inflamed UC","Resting crypt-top fibroblast","P021","Fibroblast"
"SAM24412541_217699",-2.84180171605831,-5.9347158571999,"Inflamed UC","Crypt-bottom fibroblast","P021","Fibroblast"
"SAM24412541_134049",2.58109359625096,1.46255422622753,"Inflamed UC","Resting crypt-top fibroblast","P021","Fibroblast"
"SAM24416182_152172",1.74320189836735,5.58183325321269,"Inflamed UC","Activated crypt-top fibroblast","P025","Fibroblast"
"SAM24416182_761218",0.796416209967084,-2.38898931949544,"Inflamed UC","LP fibroblast","P025","Fibroblast"
"SAM24416182_262033",-3.36368186589961,0.339682946511034,"Inflamed UC","LP fibroblast","P025","Fibroblast"
"SAM24416182_79582",-2.45323999044185,-4.06499253719258,"Inflamed UC","Resting crypt-top fibroblast","P025","Fibroblast"
"SAM24416182_78025",4.12698829402516,2.34673214943004,"Inflamed UC","Resting crypt-top fibroblast","P025","Fibroblast"
"SAM24416182_516158",5.10940520647282,3.97424448520732,"Inflamed UC","Resting crypt-top fibroblast","P025","Fibroblast"
"SAM24416182_607454",1.731179164679,2.3952162364204,"Inflamed UC","Resting crypt-top fibroblast","P025","Fibroblast"
"SAM24416182_383840",-4.8947335016418,-0.915547122649427,"Inflamed UC","LP fibroblast","P025","Fibroblast"
"SAM24416182_668090",0.740700649053998,4.23093117267681,"Inflamed UC","Activated crypt-top fibroblast","P025","Fibroblast"
"SAM24416182_850831",-4.09900291082149,-1.76657663791585,"Inflamed UC","LP fibroblast","P025","Fibroblast"
"SAM24416182_360029",-4.15936095830684,-2.52469026058125,"Inflamed UC","LP fibroblast","P025","Fibroblast"
"SAM24416182_753172",-3.35974509832149,-2.30180655925679,"Inflamed UC","LP fibroblast","P025","Fibroblast"
"SAM24416182_300188",0.843853400976606,-2.3957070013802,"Inflamed UC","LP fibroblast","P025","Fibroblast"
"SAM24416182_744770",3.95361975017304,2.85430110485149,"Inflamed UC","Resting crypt-top fibroblast","P025","Fibroblast"
"SAM24416182_811178",1.42609064462895,-1.19575523345875,"Inflamed UC","LP fibroblast","P025","Fibroblast"
"SAM24416182_164954",-1.0849715006042,0.866395885654215,"Inflamed UC","LP fibroblast","P025","Fibroblast"
"SAM24416182_424236",-3.32048614141231,-2.34534679859089,"Inflamed UC","LP fibroblast","P025","Fibroblast"
"SAM24416182_816606",-0.146282745568804,-2.42366754024434,"Inflamed UC","LP fibroblast","P025","Fibroblast"
"SAM24416182_519517",-3.66595943090206,-1.49086224048543,"Inflamed UC","LP fibroblast","P025","Fibroblast"
"SAM24416182_668643",-2.5878020059753,0.709700743265871,"Inflamed UC","LP fibroblast","P025","Fibroblast"
"SAM24416182_187022",-2.81786592122798,-4.01763688533711,"Inflamed UC","Resting crypt-top fibroblast","P025","Fibroblast"
"SAM24416182_342972",-5.15221889135127,-0.362203766993757,"Inflamed UC","LP fibroblast","P025","Fibroblast"
"SAM24416182_214473",-2.90404660817867,-0.494965066603895,"Inflamed UC","LP fibroblast","P025","Fibroblast"
"SAM24416182_834815",-1.56757123586421,1.27915395290447,"Inflamed UC","LP fibroblast","P025","Fibroblast"
"SAM24416182_552561",-5.93314750310665,-1.68568359821248,"Inflamed UC","LP fibroblast","P025","Fibroblast"
"SAM24416182_528746",-3.27023799535518,-2.44249712436604,"Inflamed UC","LP fibroblast","P025","Fibroblast"
"SAM24416182_94433",-1.47859866735225,1.35414935142589,"Inflamed UC","LP fibroblast","P025","Fibroblast"
"SAM24416182_72358",-0.225171638696246,-0.937352289847608,"Inflamed UC","LP fibroblast","P025","Fibroblast"
"SAM24416182_399163",-4.60383803960567,-4.41994439571309,"Inflamed UC","Crypt-bottom fibroblast","P025","Fibroblast"
"SAM24416182_230032",2.049787210257,4.32428205997539,"Inflamed UC","Activated crypt-top fibroblast","P025","Fibroblast"
"SAM24416182_261323",-4.18317515966182,0.20249233634067,"Inflamed UC","LP fibroblast","P025","Fibroblast"
"SAM24416182_118957",-2.02910907384639,-0.605738987616773,"Inflamed UC","LP fibroblast","P025","Fibroblast"
"SAM24416182_377704",-3.50177915212398,-2.7850543162148,"Inflamed UC","LP fibroblast","P025","Fibroblast"
"SAM24416182_700416",-5.33445651647335,-5.88870965450215,"Inflamed UC","Crypt-bottom fibroblast","P025","Fibroblast"
"SAM24416182_618880",2.98800282362217,3.67234505207134,"Inflamed UC","Resting crypt-top fibroblast","P025","Fibroblast"
"SAM24416182_469443",1.37885491731877,3.73673213512493,"Inflamed UC","Activated crypt-top fibroblast","P025","Fibroblast"
"SAM24416182_396",-2.37661035176998,0.745089980371718,"Inflamed UC","LP fibroblast","P025","Fibroblast"
"SAM24416182_585043",-2.84344823476558,-1.42084132640767,"Inflamed UC","LP fibroblast","P025","Fibroblast"
"SAM24416182_550729",-4.56259639379268,-4.24619447200703,"Inflamed UC","Crypt-bottom fibroblast","P025","Fibroblast"
"SAM24416182_867579",2.5587599742722,5.1044195988853,"Inflamed UC","Activated crypt-top fibroblast","P025","Fibroblast"
"SAM24416182_220404",-3.35025413152461,-3.78206550090718,"Inflamed UC","LP fibroblast","P025","Fibroblast"
"SAM24416182_840434",-0.258503509728961,-2.5188714167397,"Inflamed UC","LP fibroblast","P025","Fibroblast"
"SAM24416182_731970",-4.59562785741573,-4.87427960842061,"Inflamed UC","Crypt-bottom fibroblast","P025","Fibroblast"
"SAM24416182_751227",6.21363346460576,0.0560365417678397,"Inflamed UC","Resting crypt-top fibroblast","P025","Fibroblast"
"SAM24416182_132781",4.95652292850728,4.50307143718791,"Inflamed UC","Resting crypt-top fibroblast","P025","Fibroblast"
"SAM24416182_181482",-3.71779973623043,1.06268794328762,"Inflamed UC","LP fibroblast","P025","Fibroblast"
"SAM24416182_873517",-3.75333268758541,-2.20048366992879,"Inflamed UC","LP fibroblast","P025","Fibroblast"
"SAM24416182_543928",-3.07304723378902,-3.09800015895772,"Inflamed UC","LP fibroblast","P025","Fibroblast"
"SAM24416182_714161",-4.83642394658809,-4.84409820049214,"Inflamed UC","Crypt-bottom fibroblast","P025","Fibroblast"
"SAM24416182_109111",3.21421455028767,3.75355566532207,"Inflamed UC","Resting crypt-top fibroblast","P025","Fibroblast"
"SAM24416182_132066",-4.35519893285518,-5.44165717571187,"Inflamed UC","Crypt-bottom fibroblast","P025","Fibroblast"
"SAM24416182_725506",2.68316428545231,6.06978548557353,"Inflamed UC","Activated crypt-top fibroblast","P025","Fibroblast"
"SAM24416182_293357",6.10366408708806,0.194138000317339,"Inflamed UC","Resting crypt-top fibroblast","P025","Fibroblast"
"SAM24416182_812287",5.03184555652852,4.90093744785381,"Inflamed UC","Resting crypt-top fibroblast","P025","Fibroblast"
"SAM24416182_747027",1.41901461961979,5.2848395207603,"Inflamed UC","Activated crypt-top fibroblast","P025","Fibroblast"
"SAM24416182_192405",4.47355668428654,4.62727201969219,"Inflamed UC","Resting crypt-top fibroblast","P025","Fibroblast"
"SAM24416182_326964",-4.11274917241817,-2.66563903301167,"Inflamed UC","Crypt-bottom fibroblast","P025","Fibroblast"
"SAM24416182_326154",-2.2369867098022,-0.771260013274427,"Inflamed UC","LP fibroblast","P025","Fibroblast"
"SAM24416182_227061",-3.75015742894893,-0.485132803611036,"Inflamed UC","LP fibroblast","P025","Fibroblast"
"SAM24416182_761316",-3.11469228383785,-2.29896747081685,"Inflamed UC","LP fibroblast","P025","Fibroblast"
"SAM24416182_300974",5.18188743475194,5.30097235233379,"Inflamed UC","Resting crypt-top fibroblast","P025","Fibroblast"
"SAM24416182_771344",3.47856144788975,2.32495714218212,"Inflamed UC","Resting crypt-top fibroblast","P025","Fibroblast"
"SAM24416182_266482",2.849094556601,4.15157831699443,"Inflamed UC","Activated crypt-top fibroblast","P025","Fibroblast"
"SAM24416182_806001",-5.09218795415645,-3.4216657778542,"Inflamed UC","Crypt-bottom fibroblast","P025","Fibroblast"
"SAM24416182_303828",-4.56080920812374,-0.485114564589735,"Inflamed UC","LP fibroblast","P025","Fibroblast"
"SAM24416182_822088",2.45369033697362,5.20858276874614,"Inflamed UC","Activated crypt-top fibroblast","P025","Fibroblast"
"SAM24416182_858019",-4.7545910608459,-5.06081878154683,"Inflamed UC","Crypt-bottom fibroblast","P025","Fibroblast"
"SAM24416182_182787",2.45069067362065,5.48399771244121,"Inflamed UC","Activated crypt-top fibroblast","P025","Fibroblast"
"SAM24416182_312655",-4.33814151403194,-2.82857929675984,"Inflamed UC","LP fibroblast","P025","Fibroblast"
"SAM24416182_242393",-4.40110690709835,-0.143180598906751,"Inflamed UC","LP fibroblast","P025","Fibroblast"
"SAM24416182_817049",-5.32961375829463,-5.99436627834248,"Inflamed UC","Crypt-bottom fibroblast","P025","Fibroblast"
"SAM24416182_852988",-3.81181676503902,-1.11107109992909,"Inflamed UC","LP fibroblast","P025","Fibroblast"
"SAM24416182_763283",-2.5567756426025,-5.68083392589497,"Inflamed UC","Crypt-bottom fibroblast","P025","Fibroblast"
"SAM24416182_132205",2.87521808031315,1.7618241408546,"Inflamed UC","Resting crypt-top fibroblast","P025","Fibroblast"
"SAM24416182_658121",-2.83657701131587,-5.88244210689473,"Inflamed UC","Crypt-bottom fibroblast","P025","Fibroblast"
"SAM24416182_793436",-4.69706733342891,-2.06998764484334,"Inflamed UC","LP fibroblast","P025","Fibroblast"
"SAM24416182_743723",2.66332142236943,4.76761425525737,"Inflamed UC","Activated crypt-top fibroblast","P025","Fibroblast"
"SAM24416182_199077",3.10081510427708,3.81500400096965,"Inflamed UC","Resting crypt-top fibroblast","P025","Fibroblast"
"SAM24416182_43157",4.47534252885098,-0.343999674014326,"Inflamed UC","Inflammatory fibroblast","P025","Fibroblast"
"SAM24416192_37019",-5.42183215734249,-5.93315230815815,"Uninflamed UC","Crypt-bottom fibroblast","P028","Fibroblast"
"SAM24416192_529582",-2.94021995183711,-2.61150847881245,"Uninflamed UC","LP fibroblast","P028","Fibroblast"
"SAM24416192_469590",-5.84061629888301,-1.64698468654561,"Uninflamed UC","LP fibroblast","P028","Fibroblast"
"SAM24416192_522836",-2.45820911046749,-1.11387382953572,"Uninflamed UC","LP fibroblast","P028","Fibroblast"
"SAM24416192_881451",-4.92575461980586,-3.57196246593403,"Uninflamed UC","Crypt-bottom fibroblast","P028","Fibroblast"
"SAM24416192_691341",-4.29810149785762,-0.150968601397749,"Uninflamed UC","LP fibroblast","P028","Fibroblast"
"SAM24416192_22182",1.70057551744694,3.78256071598125,"Uninflamed UC","Activated crypt-top fibroblast","P028","Fibroblast"
"SAM24416193_826657",6.2002143132996,-0.367598523787733,"Inflamed UC","Resting crypt-top fibroblast","P028","Fibroblast"
"SAM24416193_150961",4.51194663527722,-2.36253987758565,"Inflamed UC","Inflammatory fibroblast","P028","Fibroblast"
"SAM24416193_440235",5.93731241110081,-2.9149953028481,"Inflamed UC","Inflammatory fibroblast","P028","Fibroblast"
"SAM24416193_596495",1.59023277643437,-0.235665788344618,"Inflamed UC","LP fibroblast","P028","Fibroblast"
"SAM24416193_127675",-1.10882909414058,2.39684952289653,"Inflamed UC","Inflammatory fibroblast","P028","Fibroblast"
"SAM24416193_564694",6.10060684564824,4.58013022930217,"Inflamed UC","Resting crypt-top fibroblast","P028","Fibroblast"
"SAM24416193_293613",6.20232527139897,0.088568458863024,"Inflamed UC","Resting crypt-top fibroblast","P028","Fibroblast"
"SAM24416193_563076",5.99770419481511,-1.53242050617146,"Inflamed UC","Resting crypt-top fibroblast","P028","Fibroblast"
"SAM24416193_641524",4.49055738929028,-2.4568527838509,"Inflamed UC","Inflammatory fibroblast","P028","Fibroblast"
"SAM24416193_618510",-4.85967166539913,-4.90068875759053,"Inflamed UC","Crypt-bottom fibroblast","P028","Fibroblast"
"SAM24416193_458015",4.19217791590209,-1.97081076114583,"Inflamed UC","Inflammatory fibroblast","P028","Fibroblast"
"SAM24416193_505817",4.39415385010953,-1.67302237956929,"Inflamed UC","Inflammatory fibroblast","P028","Fibroblast"
"SAM24416193_724944",5.94885353925938,-2.68782984226155,"Inflamed UC","Inflammatory fibroblast","P028","Fibroblast"
"SAM24416193_629849",-2.70016105291133,-5.83026992290425,"Inflamed UC","Crypt-bottom fibroblast","P028","Fibroblast"
"SAM24416193_365835",5.06907104137654,4.01238072902751,"Inflamed UC","Resting crypt-top fibroblast","P028","Fibroblast"
"SAM24416193_773414",3.57496230486149,2.15037191898418,"Inflamed UC","Resting crypt-top fibroblast","P028","Fibroblast"
"SAM24416193_472036",1.27513186815495,1.55759043485713,"Inflamed UC","Resting crypt-top fibroblast","P028","Fibroblast"
"SAM24416193_163893",3.51017497661824,-0.7332131764214,"Inflamed UC","Inflammatory fibroblast","P028","Fibroblast"
"SAM24416193_379981",3.31345175388569,2.96870006115032,"Inflamed UC","Resting crypt-top fibroblast","P028","Fibroblast"
"SAM24416193_391731",4.76085280063862,-1.36426364391255,"Inflamed UC","Inflammatory fibroblast","P028","Fibroblast"
"SAM24416193_403595",4.55398301962132,-0.402294029883619,"Inflamed UC","Inflammatory fibroblast","P028","Fibroblast"
"SAM24416193_5067",5.1786295640778,-1.35813199489522,"Inflamed UC","Inflammatory fibroblast","P028","Fibroblast"
"SAM24416195_751988",-4.72210509893184,-0.378549208335157,"Uninflamed UC","LP fibroblast","P029","Fibroblast"
"SAM24417580_533226",1.78346817377324,2.6764205792625,"Uninflamed UC","Resting crypt-top fibroblast","P032","Fibroblast"
"SAM24417581_512347",5.06287948969121,-2.39337336032796,"Inflamed UC","Inflammatory fibroblast","P032","Fibroblast"
"SAM24417581_361841",6.2384874093842,-0.126681139163252,"Inflamed UC","Resting crypt-top fibroblast","P032","Fibroblast"
"SAM24417581_446474",7.45392601373906,-1.92194854228901,"Inflamed UC","Inflammatory fibroblast","P032","Fibroblast"
"SAM24417581_819212",5.0998844969582,-2.25909577815938,"Inflamed UC","Inflammatory fibroblast","P032","Fibroblast"
"SAM24417581_48936",6.08326201322789,-0.20359914510655,"Inflamed UC","Resting crypt-top fibroblast","P032","Fibroblast"
"SAM24417581_352887",5.10942988279576,-2.69587837665486,"Inflamed UC","Inflammatory fibroblast","P032","Fibroblast"
"SAM24417581_177727",5.45678155306096,-2.50292598216939,"Inflamed UC","Inflammatory fibroblast","P032","Fibroblast"
"SAM24417581_64191",4.42301534298176,-2.32272325961995,"Inflamed UC","Inflammatory fibroblast","P032","Fibroblast"
"SAM24417581_704852",4.51427875641102,-2.0474358698647,"Inflamed UC","Inflammatory fibroblast","P032","Fibroblast"
"SAM24417581_847367",5.62092273119206,-3.11646901576924,"Inflamed UC","Inflammatory fibroblast","P032","Fibroblast"
"SAM24417581_59803",1.47323577287907,-1.19076334445881,"Inflamed UC","LP fibroblast","P032","Fibroblast"
"SAM24417581_629754",4.84065209511036,-2.81580482929158,"Inflamed UC","Inflammatory fibroblast","P032","Fibroblast"
"SAM24417581_855215",3.62597330096478,-3.12995707004475,"Inflamed UC","Inflammatory fibroblast","P032","Fibroblast"
"SAM24417581_169562",6.20443980577702,0.106177339859728,"Inflamed UC","Resting crypt-top fibroblast","P032","Fibroblast"
"SAM24417581_589602",4.56293611410374,-1.93555819003987,"Inflamed UC","Inflammatory fibroblast","P032","Fibroblast"
"SAM24417581_865875",6.18056504610295,4.44170964748455,"Inflamed UC","Resting crypt-top fibroblast","P032","Fibroblast"
"SAM24417581_657323",5.36715953233952,-2.53631102054524,"Inflamed UC","Inflammatory fibroblast","P032","Fibroblast"
"SAM24417581_330807",5.35388057115788,-2.55688821285176,"Inflamed UC","Inflammatory fibroblast","P032","Fibroblast"
"SAM24417581_175451",4.84768401268239,-2.21449886768269,"Inflamed UC","Inflammatory fibroblast","P032","Fibroblast"
"SAM24417581_148716",4.00781841758008,-1.79080926387715,"Inflamed UC","Inflammatory fibroblast","P032","Fibroblast"
"SAM24417581_735615",5.16839842680211,-1.28679179161,"Inflamed UC","Inflammatory fibroblast","P032","Fibroblast"
"SAM24417581_370332",4.75621096971745,-2.5583377978127,"Inflamed UC","Inflammatory fibroblast","P032","Fibroblast"
"SAM24417581_746493",4.81381951454396,-2.53194056957173,"Inflamed UC","Inflammatory fibroblast","P032","Fibroblast"
"SAM24417581_154931",4.0095905977797,-1.54500042407918,"Inflamed UC","Inflammatory fibroblast","P032","Fibroblast"
"SAM24417581_98643",4.82232718351597,-2.90955506771016,"Inflamed UC","Inflammatory fibroblast","P032","Fibroblast"
"SAM24417581_637268",6.05309967878575,4.54199899227214,"Inflamed UC","Resting crypt-top fibroblast","P032","Fibroblast"
"SAM24417581_52654",5.04245035532231,-2.25971399753499,"Inflamed UC","Inflammatory fibroblast","P032","Fibroblast"
"SAM24417581_561357",5.30494313123936,-1.54598843067097,"Inflamed UC","Inflammatory fibroblast","P032","Fibroblast"
"SAM24417581_820055",5.39247088316197,-2.21267496555256,"Inflamed UC","Inflammatory fibroblast","P032","Fibroblast"
"SAM24417581_633589",5.18344800356144,-2.19520412891316,"Inflamed UC","Inflammatory fibroblast","P032","Fibroblast"
"SAM24417581_307699",6.13983027818913,4.51619614154888,"Inflamed UC","Resting crypt-top fibroblast","P032","Fibroblast"
"SAM24417581_413244",4.98065303447957,-2.25917111843037,"Inflamed UC","Inflammatory fibroblast","P032","Fibroblast"
"SAM24417581_262288",4.62518041017766,-2.37426864116597,"Inflamed UC","Inflammatory fibroblast","P032","Fibroblast"
"SAM24417581_337694",4.82956354501957,-2.79702555149006,"Inflamed UC","Inflammatory fibroblast","P032","Fibroblast"
"SAM24417581_625788",5.06058047893757,-2.89799009769368,"Inflamed UC","Inflammatory fibroblast","P032","Fibroblast"
"SAM24417581_329666",1.4543487298798,-1.07121609657216,"Inflamed UC","LP fibroblast","P032","Fibroblast"
"SAM24417581_269286",4.52541865590329,-2.08760582416462,"Inflamed UC","Inflammatory fibroblast","P032","Fibroblast"
"SAM24417581_115846",5.35412292364354,-1.95911179988789,"Inflamed UC","Inflammatory fibroblast","P032","Fibroblast"
"SAM24417581_48814",4.51762665990109,-2.27513133495259,"Inflamed UC","Inflammatory fibroblast","P032","Fibroblast"
"SAM24417581_820324",4.65361230257268,-2.29945217578816,"Inflamed UC","Inflammatory fibroblast","P032","Fibroblast"
"SAM24417581_454795",5.47028951528782,-2.47649513690877,"Inflamed UC","Inflammatory fibroblast","P032","Fibroblast"
"SAM24417581_77332",5.40730659845585,-1.95863496272969,"Inflamed UC","Inflammatory fibroblast","P032","Fibroblast"
"SAM24417581_23717",5.4760293233704,-2.71934114902424,"Inflamed UC","Inflammatory fibroblast","P032","Fibroblast"
"SAM24417581_76848",4.36025040033574,-1.64062367885518,"Inflamed UC","Inflammatory fibroblast","P032","Fibroblast"
"SAM24417581_723131",4.16260186764712,-3.98193751781392,"Inflamed UC","Inflammatory fibroblast","P032","Fibroblast"
"SAM24417581_89726",1.61762373331303,-0.259373535804029,"Inflamed UC","LP fibroblast","P032","Fibroblast"
"SAM24417581_446043",5.54568772199864,-2.84053408115315,"Inflamed UC","Inflammatory fibroblast","P032","Fibroblast"
"SAM24417581_195295",3.56247614506001,-3.15765987842488,"Inflamed UC","Inflammatory fibroblast","P032","Fibroblast"
"SAM24417581_275039",4.59929718259091,-1.80461012332844,"Inflamed UC","Inflammatory fibroblast","P032","Fibroblast"
"SAM24417581_465717",5.84003190878148,-2.47021471469807,"Inflamed UC","Inflammatory fibroblast","P032","Fibroblast"
"SAM24417581_103813",3.76322911861653,-2.59682904689717,"Inflamed UC","Inflammatory fibroblast","P032","Fibroblast"
"SAM24417581_869505",4.84735726001973,-2.0965195795815,"Inflamed UC","Inflammatory fibroblast","P032","Fibroblast"
"SAM24417581_116584",5.46623711469883,-2.49875985591816,"Inflamed UC","Inflammatory fibroblast","P032","Fibroblast"
"SAM24417581_541691",5.62339298609013,-2.90044390170979,"Inflamed UC","Inflammatory fibroblast","P032","Fibroblast"
"SAM24417581_78094",5.77621869924779,-2.51314197986531,"Inflamed UC","Inflammatory fibroblast","P032","Fibroblast"
"SAM24417581_565848",5.36746804598088,-2.53485452144551,"Inflamed UC","Inflammatory fibroblast","P032","Fibroblast"
"SAM24417581_639415",6.04463915708775,-2.23522864787983,"Inflamed UC","Inflammatory fibroblast","P032","Fibroblast"
"SAM24417581_42446",5.29565827730412,-2.16011463611531,"Inflamed UC","Inflammatory fibroblast","P032","Fibroblast"
"SAM24417581_389610",5.39607767942662,-2.65465079753804,"Inflamed UC","Inflammatory fibroblast","P032","Fibroblast"
"SAM24417581_607938",4.41227422836537,-1.76201998203206,"Inflamed UC","Inflammatory fibroblast","P032","Fibroblast"
"SAM24417581_787977",5.31915502432103,-2.64967094867634,"Inflamed UC","Inflammatory fibroblast","P032","Fibroblast"
"SAM24417581_561158",3.21092449310536,-0.676658501319166,"Inflamed UC","Inflammatory fibroblast","P032","Fibroblast"
"SAM24417581_366402",5.54695694330449,-2.30577455966878,"Inflamed UC","Inflammatory fibroblast","P032","Fibroblast"
"SAM24417581_575709",4.49699922087903,-1.90315352886128,"Inflamed UC","Inflammatory fibroblast","P032","Fibroblast"
"SAM24417581_305995",4.87797944429631,-1.99621831386494,"Inflamed UC","Inflammatory fibroblast","P032","Fibroblast"
"SAM24417581_701659",5.99116175058598,4.61688483745647,"Inflamed UC","Resting crypt-top fibroblast","P032","Fibroblast"
"SAM24417581_819099",4.6004067230534,-2.54943882434773,"Inflamed UC","Inflammatory fibroblast","P032","Fibroblast"
"SAM24417581_514727",4.24362572464461,-1.48177873104024,"Inflamed UC","Inflammatory fibroblast","P032","Fibroblast"
"SAM24417581_679283",4.58663375857586,-1.85330592601704,"Inflamed UC","Inflammatory fibroblast","P032","Fibroblast"
"SAM24417581_149192",3.17687927368397,2.00429810077739,"Inflamed UC","Resting crypt-top fibroblast","P032","Fibroblast"
"SAM24417581_805545",5.78085963609929,-2.41304074733662,"Inflamed UC","Inflammatory fibroblast","P032","Fibroblast"
"SAM24417581_548796",3.65475250962491,-1.46796332805562,"Inflamed UC","Inflammatory fibroblast","P032","Fibroblast"
"SAM24417581_865768",5.54343860033268,-2.44255267589497,"Inflamed UC","Inflammatory fibroblast","P032","Fibroblast"
"SAM24417581_48816",4.14207850578541,2.21529687435222,"Inflamed UC","Resting crypt-top fibroblast","P032","Fibroblast"
"SAM24417581_654918",5.09862987879033,-2.64081608264851,"Inflamed UC","Inflammatory fibroblast","P032","Fibroblast"
"SAM24417581_804032",4.08155104327316,-1.79003893344807,"Inflamed UC","Inflammatory fibroblast","P032","Fibroblast"
"SAM24417581_392466",4.55078430655713,-2.12876688449788,"Inflamed UC","Inflammatory fibroblast","P032","Fibroblast"
"SAM24417581_248477",4.6511250007462,-2.14041053264546,"Inflamed UC","Inflammatory fibroblast","P032","Fibroblast"
"SAM24417581_614370",5.29125850084538,-2.64339505641865,"Inflamed UC","Inflammatory fibroblast","P032","Fibroblast"
"SAM24417581_437675",5.69019560697789,-1.90211378543782,"Inflamed UC","Inflammatory fibroblast","P032","Fibroblast"
"SAM24417581_875606",4.44753922703976,-1.76092397182393,"Inflamed UC","Inflammatory fibroblast","P032","Fibroblast"
"SAM24417581_323579",4.93517850521321,4.93724525959087,"Inflamed UC","Resting crypt-top fibroblast","P032","Fibroblast"
"SAM24417581_468624",1.51877515199894,-0.275145461253401,"Inflamed UC","LP fibroblast","P032","Fibroblast"
"SAM24417581_677868",5.06279491070027,-1.6792329451363,"Inflamed UC","Inflammatory fibroblast","P032","Fibroblast"
"SAM24417581_26648",5.19295601728673,-2.25530325382161,"Inflamed UC","Inflammatory fibroblast","P032","Fibroblast"
"SAM24417581_634741",5.44707684400792,-1.94559895008015,"Inflamed UC","Inflammatory fibroblast","P032","Fibroblast"
"SAM24417581_741636",4.6830692160439,-1.35825442283558,"Inflamed UC","Inflammatory fibroblast","P032","Fibroblast"
"SAM24417581_423101",5.80230872514958,-2.25827442615437,"Inflamed UC","Inflammatory fibroblast","P032","Fibroblast"
"SAM24417581_428604",3.83774237516636,1.72798408062053,"Inflamed UC","Resting crypt-top fibroblast","P032","Fibroblast"
"SAM24417581_242130",5.45307664755101,-1.81284271686482,"Inflamed UC","Inflammatory fibroblast","P032","Fibroblast"
"SAM24417581_293243",4.79520856025929,-1.43248616664815,"Inflamed UC","Inflammatory fibroblast","P032","Fibroblast"
"SAM24417581_99729",5.3282695281815,-1.78051339595723,"Inflamed UC","Inflammatory fibroblast","P032","Fibroblast"
"SAM24417581_434510",4.69137309673543,-2.2274850508492,"Inflamed UC","Inflammatory fibroblast","P032","Fibroblast"
"SAM24417581_815703",4.53269280675168,-2.02430163829732,"Inflamed UC","Inflammatory fibroblast","P032","Fibroblast"
"SAM24417581_630618",3.8941035586905,-0.154888858489271,"Inflamed UC","Resting crypt-top fibroblast","P032","Fibroblast"
"SAM24417581_160335",4.62229798916096,-1.68671285121846,"Inflamed UC","Inflammatory fibroblast","P032","Fibroblast"
"SAM24417581_871954",4.74971060636754,-1.89764367549824,"Inflamed UC","Inflammatory fibroblast","P032","Fibroblast"
"SAM24417581_738080",5.2728713023972,-1.60466920345234,"Inflamed UC","Inflammatory fibroblast","P032","Fibroblast"
"SAM24417581_277623",1.26951019647831,1.59364170820308,"Inflamed UC","Resting crypt-top fibroblast","P032","Fibroblast"
"SAM24417581_581040",4.31491883280987,-1.58745657413411,"Inflamed UC","Inflammatory fibroblast","P032","Fibroblast"
"SAM24417581_211724",0.907937454016157,-2.48060642688679,"Inflamed UC","LP fibroblast","P032","Fibroblast"
"SAM24417581_805257",4.74427353027577,-2.05574499576497,"Inflamed UC","Inflammatory fibroblast","P032","Fibroblast"
"SAM24417581_468790",-2.45506913778072,-5.62628327815938,"Inflamed UC","Crypt-bottom fibroblast","P032","Fibroblast"
"SAM24417581_233188",1.70480148676152,-1.07423709838795,"Inflamed UC","LP fibroblast","P032","Fibroblast"
"SAM24417581_315673",5.78230004194493,-2.4557930132668,"Inflamed UC","Inflammatory fibroblast","P032","Fibroblast"
"SAM24417581_775553",3.58011906030888,-3.10569154231953,"Inflamed UC","Inflammatory fibroblast","P032","Fibroblast"
"SAM24417581_752818",1.80657164934392,2.12684501201702,"Inflamed UC","Resting crypt-top fibroblast","P032","Fibroblast"
"SAM24417581_864059",3.81103460672612,-0.545855631522413,"Inflamed UC","Inflammatory fibroblast","P032","Fibroblast"
"SAM24417581_800677",6.25261800173039,-2.6604455611031,"Inflamed UC","Inflammatory fibroblast","P032","Fibroblast"
"SAM24417581_452265",1.13378970506901,-0.123988678149458,"Inflamed UC","LP fibroblast","P032","Fibroblast"
"SAM24417581_330563",4.98875574949498,-1.75776778667378,"Inflamed UC","Inflammatory fibroblast","P032","Fibroblast"
"SAM24417581_47616",4.74650745275731,-1.16903375595021,"Inflamed UC","Inflammatory fibroblast","P032","Fibroblast"
"SAM24417581_82564",5.52935783746953,-2.21965633838582,"Inflamed UC","Inflammatory fibroblast","P032","Fibroblast"
"SAM24417581_664411",5.17330472353215,-1.96285520999837,"Inflamed UC","Inflammatory fibroblast","P032","Fibroblast"
"SAM24417581_269562",5.72313706758732,-2.41268454997944,"Inflamed UC","Inflammatory fibroblast","P032","Fibroblast"
"SAM24417581_465223",5.78424804094548,-2.29447208850789,"Inflamed UC","Inflammatory fibroblast","P032","Fibroblast"
"SAM24417581_636391",3.4043313134026,2.06895257026744,"Inflamed UC","Resting crypt-top fibroblast","P032","Fibroblast"
"SAM24417581_494231",5.28461484792943,-1.60086833446431,"Inflamed UC","Inflammatory fibroblast","P032","Fibroblast"
"SAM24417581_688189",5.19035880449528,-1.21369897334981,"Inflamed UC","Inflammatory fibroblast","P032","Fibroblast"
"SAM24417581_533515",6.23073809030766,-2.54669510333943,"Inflamed UC","Inflammatory fibroblast","P032","Fibroblast"
"SAM24417581_538014",5.39003007295842,-2.56747614353108,"Inflamed UC","Inflammatory fibroblast","P032","Fibroblast"
"SAM24417581_22285",5.66345803621525,-2.84344183414387,"Inflamed UC","Inflammatory fibroblast","P032","Fibroblast"
"SAM24417581_428282",3.78511466267819,-1.18901096790242,"Inflamed UC","Inflammatory fibroblast","P032","Fibroblast"
"SAM24417581_96862",6.09907178762669,-2.26516305416035,"Inflamed UC","Inflammatory fibroblast","P032","Fibroblast"
"SAM24417581_577811",5.3312254417252,-1.67712365596699,"Inflamed UC","Inflammatory fibroblast","P032","Fibroblast"
"SAM24417581_295414",5.07148967865223,-1.3311318060677,"Inflamed UC","Inflammatory fibroblast","P032","Fibroblast"
"SAM24417581_189503",-4.3694010507751,-5.41405641048359,"Inflamed UC","Crypt-bottom fibroblast","P032","Fibroblast"
"SAM24417581_241744",4.77425562027211,-2.02367125957417,"Inflamed UC","Inflammatory fibroblast","P032","Fibroblast"
"SAM24417581_743919",5.06832580450291,-2.20641123264241,"Inflamed UC","Inflammatory fibroblast","P032","Fibroblast"
"SAM24417581_485833",4.73574571493382,-0.688192119292494,"Inflamed UC","Inflammatory fibroblast","P032","Fibroblast"
"SAM24417581_392826",4.59217994096989,-1.17677747219014,"Inflamed UC","Inflammatory fibroblast","P032","Fibroblast"
"SAM24417581_491282",3.12384896162266,2.42901338131023,"Inflamed UC","Resting crypt-top fibroblast","P032","Fibroblast"
"SAM24417581_611054",3.72033049348111,-0.84409009426045,"Inflamed UC","Inflammatory fibroblast","P032","Fibroblast"
"SAM24417581_420397",3.87449054601903,-1.00006650894093,"Inflamed UC","Inflammatory fibroblast","P032","Fibroblast"
"SAM24417581_538928",3.61718867901082,-3.02514659374165,"Inflamed UC","Inflammatory fibroblast","P032","Fibroblast"
"SAM24417581_472095",4.52802361729855,-0.336541464022871,"Inflamed UC","Inflammatory fibroblast","P032","Fibroblast"
"SAM24417581_731620",6.13501732233281,0.0166137912948172,"Inflamed UC","Resting crypt-top fibroblast","P032","Fibroblast"
"SAM24417581_253863",3.79547940376515,-1.00906502216267,"Inflamed UC","Inflammatory fibroblast","P032","Fibroblast"
"SAM24417581_724627",4.50137020829434,-1.96502863376546,"Inflamed UC","Inflammatory fibroblast","P032","Fibroblast"
"SAM24417581_376039",6.11693148496861,0.114048490830187,"Inflamed UC","Resting crypt-top fibroblast","P032","Fibroblast"
"SAM24417581_41537",4.74024497154469,-1.22977458446431,"Inflamed UC","Inflammatory fibroblast","P032","Fibroblast"
"SAM24417581_801360",5.26708798292393,-1.35692762344288,"Inflamed UC","Inflammatory fibroblast","P032","Fibroblast"
"SAM24417581_197117",3.7296062279057,-2.54159342258381,"Inflamed UC","Inflammatory fibroblast","P032","Fibroblast"
"SAM24417581_616288",2.95236317995305,1.76418019325328,"Inflamed UC","Resting crypt-top fibroblast","P032","Fibroblast"
"SAM24417581_136009",6.10834841612095,0.153045693941836,"Inflamed UC","Resting crypt-top fibroblast","P032","Fibroblast"
"SAM24417581_838422",4.46120260837788,-1.35182188957142,"Inflamed UC","Inflammatory fibroblast","P032","Fibroblast"
"SAM24417581_689117",3.79627613905186,-0.771191229514356,"Inflamed UC","Inflammatory fibroblast","P032","Fibroblast"
"SAM24417581_338558",5.94143395307774,-2.53186212985921,"Inflamed UC","Inflammatory fibroblast","P032","Fibroblast"
"SAM24417581_5893",4.61332754972691,-1.49963652103352,"Inflamed UC","Inflammatory fibroblast","P032","Fibroblast"
"SAM24417581_634645",4.46484600189442,-0.49080537765431,"Inflamed UC","Inflammatory fibroblast","P032","Fibroblast"
"SAM24417581_483111",3.30453722360844,2.11678470165325,"Inflamed UC","Resting crypt-top fibroblast","P032","Fibroblast"
"SAM24417581_634837",5.09872304085011,-1.21929513423848,"Inflamed UC","Inflammatory fibroblast","P032","Fibroblast"
"SAM24417581_330659",4.68924890640492,-0.404290308646436,"Inflamed UC","Inflammatory fibroblast","P032","Fibroblast"
"SAM24417581_737180",4.76456956747288,-0.635025014571424,"Inflamed UC","Inflammatory fibroblast","P032","Fibroblast"
"SAM24419273_3123876",3.88221951010937,2.89782894641948,"Inflamed UC","Resting crypt-top fibroblast","P037","Fibroblast"
"SAM24419273_7979950",-0.844190193383746,-2.83705269306111,"Inflamed UC","LP fibroblast","P037","Fibroblast"
"SAM24419279_905486",5.8620088565659,-2.78899632900166,"Inflamed UC","Inflammatory fibroblast","P039","Fibroblast"
"SAM24419279_8703745",6.17962400797123,-0.229303469352003,"Inflamed UC","Resting crypt-top fibroblast","P039","Fibroblast"
"SAM24419279_6811480",4.83859853628392,-1.94186054675984,"Inflamed UC","Inflammatory fibroblast","P039","Fibroblast"
"SAM24419279_168259",6.14257709863896,4.59665144474102,"Inflamed UC","Resting crypt-top fibroblast","P039","Fibroblast"
"SAM24419279_9157721",4.13745864662642,-2.08678876369404,"Inflamed UC","Inflammatory fibroblast","P039","Fibroblast"
"SAM24419279_8576296",4.50956319454426,-2.47430311649251,"Inflamed UC","Inflammatory fibroblast","P039","Fibroblast"
"SAM24419279_9438807",2.9161693322968,3.75383056194377,"Inflamed UC","Resting crypt-top fibroblast","P039","Fibroblast"
"SAM24419279_7398566",1.81103603723759,-1.21531545131611,"Inflamed UC","LP fibroblast","P039","Fibroblast"
"SAM24419279_11667507",4.860529230864,-2.51388536899495,"Inflamed UC","Inflammatory fibroblast","P039","Fibroblast"
"SAM24419279_1771831",4.82415406587834,-2.3887706896584,"Inflamed UC","Inflammatory fibroblast","P039","Fibroblast"
"SAM24419279_11677447",4.73862116220707,-2.70529090373921,"Inflamed UC","Inflammatory fibroblast","P039","Fibroblast"
"SAM24419279_9165349",3.96188853862996,-1.99841748683858,"Inflamed UC","Inflammatory fibroblast","P039","Fibroblast"
"SAM24419279_2221094",3.64841284039731,-0.99245344608235,"Inflamed UC","Inflammatory fibroblast","P039","Fibroblast"
"SAM24419279_2065969",3.37047343137974,-1.28473042457509,"Inflamed UC","Inflammatory fibroblast","P039","Fibroblast"
"SAM24419279_180943",4.9880345332932,-1.94996749370503,"Inflamed UC","Inflammatory fibroblast","P039","Fibroblast"
"SAM24419279_596445",4.98757337215657,-1.51463972537922,"Inflamed UC","Inflammatory fibroblast","P039","Fibroblast"
"SAM24419279_4870677",4.28753170552964,-2.17268525569844,"Inflamed UC","Inflammatory fibroblast","P039","Fibroblast"
"SAM24419279_5045818",-1.36562211629634,-1.83403812854695,"Inflamed UC","LP fibroblast","P039","Fibroblast"
"SAM24419279_7821387",5.58641319158787,-2.07136188953328,"Inflamed UC","Inflammatory fibroblast","P039","Fibroblast"
"SAM24419279_6942380",4.2456361073565,-3.87448226421284,"Inflamed UC","Inflammatory fibroblast","P039","Fibroblast"
"SAM24419279_2093988",-2.48989207860713,-2.67535578220296,"Inflamed UC","LP fibroblast","P039","Fibroblast"
"SAM24419279_4300848",7.41339104059453,-2.00173651187825,"Inflamed UC","Inflammatory fibroblast","P039","Fibroblast"
"SAM24419279_12980749",7.47072832468266,-1.84230457752156,"Inflamed UC","Inflammatory fibroblast","P039","Fibroblast"
"SAM24419279_13574789",-2.45261724111324,-4.03020965068745,"Inflamed UC","Resting crypt-top fibroblast","P039","Fibroblast"
"SAM24419279_4130308",6.27485530260319,-2.75912414997029,"Inflamed UC","Inflammatory fibroblast","P039","Fibroblast"
"SAM24419279_765393",1.63413588884587,-0.58082436530995,"Inflamed UC","LP fibroblast","P039","Fibroblast"
"SAM24419279_9309401",0.254243539602705,-0.652922143630262,"Inflamed UC","LP fibroblast","P039","Fibroblast"
"SAM24419279_8411934",4.37516279700512,-1.27816640346455,"Inflamed UC","Inflammatory fibroblast","P039","Fibroblast"
"SAM24419279_8857031",-2.86431462880855,0.954888919897799,"Inflamed UC","LP fibroblast","P039","Fibroblast"
"SAM24419279_5760007",-2.7362976801086,-0.843677034072157,"Inflamed UC","LP fibroblast","P039","Fibroblast"
"SAM24419279_9165394",4.56346725109334,-2.53112827747273,"Inflamed UC","Inflammatory fibroblast","P039","Fibroblast"
"SAM24419279_7085279",3.52512763622517,-3.12574469058919,"Inflamed UC","Inflammatory fibroblast","P039","Fibroblast"
"SAM24419279_2837390",-0.232247425286822,1.90839458496166,"Inflamed UC","Inflammatory fibroblast","P039","Fibroblast"
"SAM24419279_7100639",-2.99539430257564,-2.40031849353718,"Inflamed UC","LP fibroblast","P039","Fibroblast"
"SAM24419279_7829771",3.47664414528126,-0.696777453116651,"Inflamed UC","Inflammatory fibroblast","P039","Fibroblast"
"SAM24419279_10494411",1.54480259302373,3.87316192180705,"Inflamed UC","Activated crypt-top fibroblast","P039","Fibroblast"
"SAM24419279_5467038",-3.97799308416133,-2.85911070316243,"Inflamed UC","LP fibroblast","P039","Fibroblast"
"SAM24419279_9163089",-0.419632030694537,-2.20263015239644,"Inflamed UC","LP fibroblast","P039","Fibroblast"
"SAM24419279_4882652",-3.13631112691646,-2.9603985449593,"Inflamed UC","LP fibroblast","P039","Fibroblast"
"SAM24419279_12405586",0.811373161108442,3.2779089310844,"Inflamed UC","Activated crypt-top fibroblast","P039","Fibroblast"
"SAM24419279_13862808",0.959570812017866,-2.56341730564046,"Inflamed UC","LP fibroblast","P039","Fibroblast"
"SAM24419279_6375952",5.23455040338749,-2.07500277965474,"Inflamed UC","Inflammatory fibroblast","P039","Fibroblast"
"SAM24419279_12244635",-5.90253265020137,-1.66720425098347,"Inflamed UC","LP fibroblast","P039","Fibroblast"
"SAM24419279_7251883",-3.8713541757751,-2.98510753124165,"Inflamed UC","LP fibroblast","P039","Fibroblast"
"SAM24419279_6059949",1.36248772028203,2.99989689380718,"Inflamed UC","Resting crypt-top fibroblast","P039","Fibroblast"
"SAM24419279_8710302",-1.58621604558711,-1.91362368076253,"Inflamed UC","LP fibroblast","P039","Fibroblast"
"SAM24419279_168213",1.73612325075383,2.28759540111614,"Inflamed UC","Resting crypt-top fibroblast","P039","Fibroblast"
"SAM24419279_10209819",-0.779059959619097,-0.39423452823567,"Inflamed UC","LP fibroblast","P039","Fibroblast"
"SAM24419279_5313027",1.65010826471562,4.19444621593547,"Inflamed UC","Activated crypt-top fibroblast","P039","Fibroblast"
"SAM24419279_6640531",-4.06610210057979,-1.95500885456013,"Inflamed UC","LP fibroblast","P039","Fibroblast"
"SAM24419279_8857417",-3.19899709340816,-1.87586819141316,"Inflamed UC","LP fibroblast","P039","Fibroblast"
"SAM24419279_11817242",4.56227623108143,4.62225020916057,"Inflamed UC","Resting crypt-top fibroblast","P039","Fibroblast"
"SAM24419279_10934795",-2.58150155660396,-6.03636371105122,"Inflamed UC","Crypt-bottom fibroblast","P039","Fibroblast"
"SAM24419279_11372968",-2.12803847905879,-1.29154621570515,"Inflamed UC","LP fibroblast","P039","Fibroblast"
"SAM24419279_11521995",-1.45629603978877,-1.56849323718953,"Inflamed UC","LP fibroblast","P039","Fibroblast"
"SAM24419279_12685868",-0.0493241083312554,-2.19490467517781,"Inflamed UC","LP fibroblast","P039","Fibroblast"
"SAM24419279_9889970",-0.687069488732867,-0.394658436469312,"Inflamed UC","LP fibroblast","P039","Fibroblast"
"SAM24419279_4432558",-2.29404695150142,-1.29147492855,"Inflamed UC","LP fibroblast","P039","Fibroblast"
"SAM24419279_12859027",-3.95163638707881,-2.40912662952351,"Inflamed UC","LP fibroblast","P039","Fibroblast"
"SAM24419279_13448160",-3.45141322728877,-3.64962493389058,"Inflamed UC","LP fibroblast","P039","Fibroblast"
"SAM24419279_5780045",1.93426625612492,4.08973825962139,"Inflamed UC","Activated crypt-top fibroblast","P039","Fibroblast"
"SAM24419279_8877762",5.31988470438237,5.28074968845439,"Inflamed UC","Resting crypt-top fibroblast","P039","Fibroblast"
"SAM24419279_5028192",4.80499427202458,-0.769963016204115,"Inflamed UC","Inflammatory fibroblast","P039","Fibroblast"
"SAM24419279_4139912",1.7217842805695,2.35385919601512,"Inflamed UC","Resting crypt-top fibroblast","P039","Fibroblast"
"SAM24419279_5185981",5.6242980230164,2.58677733928752,"Inflamed UC","Activated crypt-top fibroblast","P039","Fibroblast"
"SAM24419279_8428114",-0.237378193109087,2.3106887438972,"Inflamed UC","Inflammatory fibroblast","P039","Fibroblast"
"SAM24419279_9162650",0.796881364614912,4.41756118328166,"Inflamed UC","Activated crypt-top fibroblast","P039","Fibroblast"
"SAM24419279_10192166",5.20820753458256,3.96991289646221,"Inflamed UC","Resting crypt-top fibroblast","P039","Fibroblast"
"SAM24419279_6346053",-2.49473102208858,-1.43684374301838,"Inflamed UC","LP fibroblast","P039","Fibroblast"
"SAM24419279_6204355",-3.52490146276241,1.15984482557369,"Inflamed UC","LP fibroblast","P039","Fibroblast"
"SAM24419279_12119519",-3.50364596959835,-1.7751666209023,"Inflamed UC","LP fibroblast","P039","Fibroblast"
"SAM24419279_2236845",-1.13561399099117,2.3072137931068,"Inflamed UC","Inflammatory fibroblast","P039","Fibroblast"
"SAM24419279_2520272",1.46019165399785,3.48207081348491,"Inflamed UC","Resting crypt-top fibroblast","P039","Fibroblast"
"SAM24419279_2070590",1.39285414102788,2.86240709812236,"Inflamed UC","Resting crypt-top fibroblast","P039","Fibroblast"
"SAM24419279_156300",4.92568658474202,4.71897495777202,"Inflamed UC","Resting crypt-top fibroblast","P039","Fibroblast"
"SAM24419279_9894196",-0.997109008996539,-1.35036145656514,"Inflamed UC","LP fibroblast","P039","Fibroblast"
"SAM24419279_770343",4.68514906051869,4.56488240749431,"Inflamed UC","Resting crypt-top fibroblast","P039","Fibroblast"
"SAM24419279_12998862",-3.48370750066524,-1.63656174152302,"Inflamed UC","LP fibroblast","P039","Fibroblast"
"SAM24419279_6815698",5.07447640779728,5.22324121982646,"Inflamed UC","Resting crypt-top fibroblast","P039","Fibroblast"
"SAM24419279_10061631",-5.60348231908565,-1.29948317020344,"Inflamed UC","LP fibroblast","P039","Fibroblast"
"SAM24419279_7228476",-3.72207172033077,-2.43928538768696,"Inflamed UC","LP fibroblast","P039","Fibroblast"
"SAM24419279_599492",1.95014278772587,5.50574101001811,"Inflamed UC","Activated crypt-top fibroblast","P039","Fibroblast"
"SAM24419279_3862324",-3.47673328038936,-1.49223147838521,"Inflamed UC","LP fibroblast","P039","Fibroblast"
"SAM24419279_9143092",-3.38959128972774,-2.29023181407857,"Inflamed UC","LP fibroblast","P039","Fibroblast"
"SAM24419279_4434442",3.8109649586987,4.12096227199626,"Inflamed UC","Activated crypt-top fibroblast","P039","Fibroblast"
"SAM24419279_331448",0.409568237097211,0.861835817404513,"Inflamed UC","LP fibroblast","P039","Fibroblast"
"SAM24419279_12991497",-3.3247347604919,-3.69089662044453,"Inflamed UC","LP fibroblast","P039","Fibroblast"
"SAM24419279_1636693",4.49467380526776,3.89311350376201,"Inflamed UC","Resting crypt-top fibroblast","P039","Fibroblast"
"SAM24419279_4276689",-2.75830896016841,-1.27744840591359,"Inflamed UC","LP fibroblast","P039","Fibroblast"
"SAM24419279_2514519",-5.10003478643184,-3.42689000575947,"Inflamed UC","Crypt-bottom fibroblast","P039","Fibroblast"
"SAM24419279_8877381",-1.76419646856075,-0.421983589820143,"Inflamed UC","LP fibroblast","P039","Fibroblast"
"SAM24419279_5467066",-3.15505941030269,-3.82705794780659,"Inflamed UC","Resting crypt-top fibroblast","P039","Fibroblast"
"SAM24419279_3691841",-3.03355558034664,-2.76709019153523,"Inflamed UC","LP fibroblast","P039","Fibroblast"
"SAM24419279_1180839",0.944805310995527,4.68948114902568,"Inflamed UC","Activated crypt-top fibroblast","P039","Fibroblast"
"SAM24419279_6359107",1.61262004259343,3.70125425846172,"Inflamed UC","Activated crypt-top fibroblast","P039","Fibroblast"
"SAM24419279_5755484",-3.25949199315792,-1.23705159633565,"Inflamed UC","LP fibroblast","P039","Fibroblast"
"SAM24419279_10348101",0.827934907705732,0.371946612902407,"Inflamed UC","LP fibroblast","P039","Fibroblast"
"SAM24419279_9162292",-5.96033198949581,-1.67027794330525,"Inflamed UC","LP fibroblast","P039","Fibroblast"
"SAM24419279_3410764",-4.01020724889522,-2.95843802898335,"Inflamed UC","LP fibroblast","P039","Fibroblast"
"SAM24419279_5914827",2.31315259817357,3.68950046093059,"Inflamed UC","Activated crypt-top fibroblast","P039","Fibroblast"
"SAM24419279_3702931",3.64453782323117,1.94354570896221,"Inflamed UC","Resting crypt-top fibroblast","P039","Fibroblast"
"SAM24419279_1198164",0.654920028479047,3.79589594394756,"Inflamed UC","Activated crypt-top fibroblast","P039","Fibroblast"
"SAM24419279_174027",-3.41416461583858,0.130393157311205,"Inflamed UC","LP fibroblast","P039","Fibroblast"
"SAM24419279_9292037",-4.8111267816711,-3.05657946079182,"Inflamed UC","Crypt-bottom fibroblast","P039","Fibroblast"
"SAM24419279_11236620",-1.03761489507442,-2.89705645053792,"Inflamed UC","LP fibroblast","P039","Fibroblast"
"SAM24419279_3542861",2.19486753824467,4.468614707299,"Inflamed UC","Activated crypt-top fibroblast","P039","Fibroblast"
"SAM24419279_13286825",-3.41935308095699,-1.8734434744637,"Inflamed UC","LP fibroblast","P039","Fibroblast"
"SAM24419279_5022007",-3.66958720800167,-0.305577745131727,"Inflamed UC","LP fibroblast","P039","Fibroblast"
"SAM24419279_1799483",-1.17565257665401,0.84350102634025,"Inflamed UC","LP fibroblast","P039","Fibroblast"
"SAM24419279_7988801",-0.0640640985656304,-0.15019463508534,"Inflamed UC","LP fibroblast","P039","Fibroblast"
"SAM24419279_9019468",0.725640701086469,-0.28340791671681,"Inflamed UC","LP fibroblast","P039","Fibroblast"
"SAM24419279_9620016",-3.98398311254268,-1.79642688243794,"Inflamed UC","LP fibroblast","P039","Fibroblast"
"SAM24419279_5466287",0.119213985235639,2.15572286636424,"Inflamed UC","Inflammatory fibroblast","P039","Fibroblast"
"SAM24419279_1507668",1.43873112085576,5.27804077655864,"Inflamed UC","Activated crypt-top fibroblast","P039","Fibroblast"
"SAM24419279_6947774",4.65296982410664,-1.63416515796589,"Inflamed UC","Inflammatory fibroblast","P039","Fibroblast"
"SAM24419279_1056041",-4.09997470494991,-0.917199244193311,"Inflamed UC","LP fibroblast","P039","Fibroblast"
"SAM24419279_7096395",-4.91653068181758,-4.67686091869282,"Inflamed UC","Crypt-bottom fibroblast","P039","Fibroblast"
"SAM24419279_3412294",-1.83853728887325,-1.19964145629811,"Inflamed UC","LP fibroblast","P039","Fibroblast"
"SAM24419279_170168",1.41314928415532,4.49437130481792,"Inflamed UC","Activated crypt-top fibroblast","P039","Fibroblast"
"SAM24419279_7699988",-3.24627597448116,1.54928273946834,"Inflamed UC","LP fibroblast","P039","Fibroblast"
"SAM24419279_3712558",-3.85794265386348,-2.91251455753254,"Inflamed UC","LP fibroblast","P039","Fibroblast"
"SAM24419279_2969492",3.77261547926182,-0.808142175368543,"Inflamed UC","Inflammatory fibroblast","P039","Fibroblast"
"SAM24419279_6078758",-3.79297263738399,-2.79618226497578,"Inflamed UC","LP fibroblast","P039","Fibroblast"
"SAM24419279_4163762",1.96824829462285,4.4408682683189,"Inflamed UC","Activated crypt-top fibroblast","P039","Fibroblast"
"SAM24419279_6787630",1.96228544595952,5.68395508319927,"Inflamed UC","Activated crypt-top fibroblast","P039","Fibroblast"
"SAM24419279_4873411",-4.53283984777217,-2.39137255161213,"Inflamed UC","LP fibroblast","P039","Fibroblast"
"SAM24419279_7406679",6.08632283094639,0.10368640214992,"Inflamed UC","Resting crypt-top fibroblast","P039","Fibroblast"
"SAM24419279_10033587",1.65707938554997,4.59735501796794,"Inflamed UC","Activated crypt-top fibroblast","P039","Fibroblast"
"SAM24419279_5321120",-5.36990363713985,-5.90146123378682,"Inflamed UC","Crypt-bottom fibroblast","P039","Fibroblast"
"SAM24419279_1805959",4.16392014357562,2.23429454357219,"Inflamed UC","Resting crypt-top fibroblast","P039","Fibroblast"
"SAM24419279_9755999",2.73215846899266,5.39470327884746,"Inflamed UC","Activated crypt-top fibroblast","P039","Fibroblast"
"SAM24419279_13445070",-2.82147176381832,-1.08952557056355,"Inflamed UC","LP fibroblast","P039","Fibroblast"
"SAM24419279_4161432",2.69470505598301,5.11337555439067,"Inflamed UC","Activated crypt-top fibroblast","P039","Fibroblast"
"SAM24419279_12275368",-3.68260867711788,-2.31960784404683,"Inflamed UC","LP fibroblast","P039","Fibroblast"
"SAM24419279_10481719",3.44266079548115,5.49351156742168,"Inflamed UC","Activated crypt-top fibroblast","P039","Fibroblast"
"SAM24419279_1358650",-2.82373626348262,-2.83044396846699,"Inflamed UC","LP fibroblast","P039","Fibroblast"
"SAM24419279_10497797",-2.73397595998531,-1.07219540088582,"Inflamed UC","LP fibroblast","P039","Fibroblast"
"SAM24419279_12831367",0.232860969335981,-0.664063682250257,"Inflamed UC","LP fibroblast","P039","Fibroblast"
"SAM24419279_13599376",1.43736569765324,4.7494710782249,"Inflamed UC","Activated crypt-top fibroblast","P039","Fibroblast"
"SAM24419279_3101954",-3.19952304479366,0.420871491142039,"Inflamed UC","LP fibroblast","P039","Fibroblast"
"SAM24419279_10945215",-3.45986468908077,-0.945354451827284,"Inflamed UC","LP fibroblast","P039","Fibroblast"
"SAM24419279_1356688",4.79059170368428,-1.63303195445942,"Inflamed UC","Inflammatory fibroblast","P039","Fibroblast"
"SAM24419279_6942770",-1.24675567266231,-1.59603749721455,"Inflamed UC","LP fibroblast","P039","Fibroblast"
"SAM24419279_8433103",-1.65335281011348,-0.801313986472364,"Inflamed UC","LP fibroblast","P039","Fibroblast"
"SAM24419279_3835399",-4.85416896459346,-5.42288886516499,"Inflamed UC","Crypt-bottom fibroblast","P039","Fibroblast"
"SAM24419279_1034535",1.15450565698857,3.48003591091228,"Inflamed UC","Activated crypt-top fibroblast","P039","Fibroblast"
"SAM24419279_4868824",5.31966893556828,-1.21234785526204,"Inflamed UC","Inflammatory fibroblast","P039","Fibroblast"
"SAM24419279_6202772",2.88775639417882,2.61988247425151,"Inflamed UC","Resting crypt-top fibroblast","P039","Fibroblast"
"SAM24419279_4889118",-4.10759456273799,-1.49854337184834,"Inflamed UC","LP fibroblast","P039","Fibroblast"
"SAM24419279_11227019",-3.87940747854,-0.61144803970265,"Inflamed UC","LP fibroblast","P039","Fibroblast"
"SAM24419279_12535744",4.97390048387761,3.96537292987895,"Inflamed UC","Resting crypt-top fibroblast","P039","Fibroblast"
"SAM24419279_5631031",0.703998731405683,4.46128881961894,"Inflamed UC","Activated crypt-top fibroblast","P039","Fibroblast"
"SAM24419279_12714668",-1.72862489339595,-1.46131860225606,"Inflamed UC","LP fibroblast","P039","Fibroblast"
"SAM24419279_165920",4.67079989794011,-0.30458300321507,"Inflamed UC","Inflammatory fibroblast","P039","Fibroblast"
"SAM24419279_4897239",2.78913574102635,4.75312651187969,"Inflamed UC","Activated crypt-top fibroblast","P039","Fibroblast"
"SAM24419279_11371433",3.78217365029568,3.04500521213603,"Inflamed UC","Resting crypt-top fibroblast","P039","Fibroblast"
"SAM24419279_3844648",-2.71150167104488,-6.08616887538838,"Inflamed UC","Crypt-bottom fibroblast","P039","Fibroblast"
"SAM24419279_5187929",-3.31868512746578,0.367676863976244,"Inflamed UC","LP fibroblast","P039","Fibroblast"
"SAM24419279_457362",1.31688969019169,1.64867652446819,"Inflamed UC","Resting crypt-top fibroblast","P039","Fibroblast"
"SAM24419279_4294743",-4.68640716192012,-3.31330763309407,"Inflamed UC","Crypt-bottom fibroblast","P039","Fibroblast"
"SAM24419279_5175954",-1.44185931798702,1.25857169420314,"Inflamed UC","LP fibroblast","P039","Fibroblast"
"SAM24419279_11827590",4.58281274321789,5.02813995868755,"Inflamed UC","Resting crypt-top fibroblast","P039","Fibroblast"
"SAM24419279_7079493",2.90973775270695,1.59985286981655,"Inflamed UC","Resting crypt-top fibroblast","P039","Fibroblast"
"SAM24419279_10920237",4.73369173887486,-1.401178469352,"Inflamed UC","Inflammatory fibroblast","P039","Fibroblast"
"SAM24419279_4136863",3.80650811079258,3.12309874088359,"Inflamed UC","Resting crypt-top fibroblast","P039","Fibroblast"
"SAM24419279_11374856",2.74401788595433,5.39709223301006,"Inflamed UC","Activated crypt-top fibroblast","P039","Fibroblast"
"SAM24419279_3417227",3.57728861454243,3.61275852710796,"Inflamed UC","Activated crypt-top fibroblast","P039","Fibroblast"
"SAM24419279_7252676",3.80821164134259,2.69835818798137,"Inflamed UC","Resting crypt-top fibroblast","P039","Fibroblast"
"SAM24419279_4748620",3.94467999222989,3.19332827121807,"Inflamed UC","Resting crypt-top fibroblast","P039","Fibroblast"
"SAM24419279_4736725",-2.18586356755977,0.601477625377898,"Inflamed UC","LP fibroblast","P039","Fibroblast"
"SAM24419279_10036242",-2.70205934163814,-5.75599061458516,"Inflamed UC","Crypt-bottom fibroblast","P039","Fibroblast"
"SAM24419279_8277935",2.32019405248875,6.20300520450664,"Inflamed UC","Activated crypt-top fibroblast","P039","Fibroblast"
"SAM24419279_2964943",-0.659358097283892,0.421267444797282,"Inflamed UC","LP fibroblast","P039","Fibroblast"
"SAM24419279_761102",-4.53246505376583,-0.798980941466566,"Inflamed UC","LP fibroblast","P039","Fibroblast"
"SAM24419279_1050673",-4.93860252019649,-4.51855861156392,"Inflamed UC","Crypt-bottom fibroblast","P039","Fibroblast"
"SAM24419279_4139226",1.82129661920781,3.97727335483623,"Inflamed UC","Activated crypt-top fibroblast","P039","Fibroblast"
"SAM24419279_12389422",-5.0682183038879,-2.14258729427266,"Inflamed UC","Crypt-bottom fibroblast","P039","Fibroblast"
"SAM24419279_592175",2.59960703733677,1.09429908783031,"Inflamed UC","Resting crypt-top fibroblast","P039","Fibroblast"
"SAM24419279_10187991",2.28876929167027,1.25420917064739,"Inflamed UC","Resting crypt-top fibroblast","P039","Fibroblast"
"SAM24419279_10930565",1.72655789736027,5.40338886768413,"Inflamed UC","Activated crypt-top fibroblast","P039","Fibroblast"
"SAM24419279_10345422",2.811381624968,4.93052614719463,"Inflamed UC","Activated crypt-top fibroblast","P039","Fibroblast"
"SAM24419279_11213608",-2.5373378526855,-5.75500737636494,"Inflamed UC","Crypt-bottom fibroblast","P039","Fibroblast"
"SAM24419279_12980788",3.1783609259438,3.29322303325725,"Inflamed UC","Resting crypt-top fibroblast","P039","Fibroblast"
"SAM24419279_7527969",1.17588059786076,4.55082930118633,"Inflamed UC","Activated crypt-top fibroblast","P039","Fibroblast"
"SAM24419279_917387",2.0465072858643,6.05371178180767,"Inflamed UC","Activated crypt-top fibroblast","P039","Fibroblast"
"SAM24419279_9171099",1.36089031580205,0.20355577261043,"Inflamed UC","LP fibroblast","P039","Fibroblast"
"SAM24419279_4730562",3.63478525164837,2.81652010471416,"Inflamed UC","Resting crypt-top fibroblast","P039","Fibroblast"
"SAM24419279_12273864",2.79524950865025,3.29316605121684,"Inflamed UC","Resting crypt-top fibroblast","P039","Fibroblast"
"SAM24419279_13602131",-3.31695087072139,0.201565007277254,"Inflamed UC","LP fibroblast","P039","Fibroblast"
"SAM24419279_2826667",-4.32284743901973,-5.35198508708882,"Inflamed UC","Crypt-bottom fibroblast","P039","Fibroblast"
"SAM24419279_10492042",3.21068285587544,4.89654387027812,"Inflamed UC","Activated crypt-top fibroblast","P039","Fibroblast"
"SAM24419279_6066854",3.5412462818932,2.76765550167156,"Inflamed UC","Resting crypt-top fibroblast","P039","Fibroblast"
"SAM24419279_9443728",3.25993387583012,3.87278903514934,"Inflamed UC","Resting crypt-top fibroblast","P039","Fibroblast"
"SAM24419279_6672069",4.02529634717221,2.86023295909954,"Inflamed UC","Resting crypt-top fibroblast","P039","Fibroblast"
"SAM24419279_163645",2.17548708799595,2.88080252201152,"Inflamed UC","Resting crypt-top fibroblast","P039","Fibroblast"
"SAM24419279_11231256",2.78716914537663,4.09521473438335,"Inflamed UC","Activated crypt-top fibroblast","P039","Fibroblast"
"SAM24419289_9745230",-3.19494445440059,-1.42371736972737,"Uninflamed UC","LP fibroblast","P042","Fibroblast"
"SAM24419289_4431054",-5.00035674688106,-0.49055325000691,"Uninflamed UC","LP fibroblast","P042","Fibroblast"
"SAM24419289_14017572",3.93339638593907,2.80750621349407,"Uninflamed UC","Resting crypt-top fibroblast","P042","Fibroblast"
"SAM24419290_853762",1.58009950998539,-0.2353003522675,"Inflamed UC","LP fibroblast","P042","Fibroblast"
"SAM24419290_262348",4.31331980410332,-2.25981508701253,"Inflamed UC","Inflammatory fibroblast","P042","Fibroblast"
"SAM24419290_421120",5.29794661882634,-2.0493079325478,"Inflamed UC","Inflammatory fibroblast","P042","Fibroblast"
"SAM24419290_540288",0.511658834249921,0.618177995615129,"Inflamed UC","LP fibroblast","P042","Fibroblast"
"SAM24419290_787245",5.24620334985966,5.30292786151958,"Inflamed UC","Resting crypt-top fibroblast","P042","Fibroblast"
"SAM24419290_629043",3.50145344618077,-0.874053945235487,"Inflamed UC","Inflammatory fibroblast","P042","Fibroblast"
"SAM24422648_12414736",-5.56304462072139,-6.28142892330098,"Uninflamed UC","Crypt-bottom fibroblast","P044","Fibroblast"
"SAM24422648_2809765",-2.59980065938716,-0.169548740081068,"Uninflamed UC","LP fibroblast","P044","Fibroblast"
"SAM24422649_2976785",7.24556772592778,-2.09288894145894,"Inflamed UC","Inflammatory fibroblast","P044","Fibroblast"
"SAM24422649_2511776",5.45482175234074,-2.75411735980916,"Inflamed UC","Inflammatory fibroblast","P044","Fibroblast"
"SAM24422649_2808230",5.61737255933995,-2.29878627269673,"Inflamed UC","Inflammatory fibroblast","P044","Fibroblast"
"SAM24422649_7821375",6.28760378244633,4.21723092586589,"Inflamed UC","Resting crypt-top fibroblast","P044","Fibroblast"
"SAM24422649_10939869",4.25271783951039,-3.30579554050374,"Inflamed UC","Inflammatory fibroblast","P044","Fibroblast"
"SAM24422649_2828177",5.89504794958348,-2.85423289745259,"Inflamed UC","Inflammatory fibroblast","P044","Fibroblast"
"SAM24422649_8850817",4.22834543320651,-1.68334733455586,"Inflamed UC","Inflammatory fibroblast","P044","Fibroblast"
"SAM24422649_3257121",7.50960128191227,-1.79161988704609,"Inflamed UC","Inflammatory fibroblast","P044","Fibroblast"
"SAM24422649_13598655",3.65662048938984,-3.08925281970906,"Inflamed UC","Inflammatory fibroblast","P044","Fibroblast"
"SAM24422649_5464402",1.57844416979069,-1.10605620353627,"Inflamed UC","LP fibroblast","P044","Fibroblast"
"SAM24422649_5919454",6.13554828050847,4.56865633518291,"Inflamed UC","Resting crypt-top fibroblast","P044","Fibroblast"
"SAM24422649_4440649",5.95956115606541,-2.03575955837178,"Inflamed UC","Inflammatory fibroblast","P044","Fibroblast"
"SAM24422649_6491582",2.10661547067875,-1.25938176124501,"Inflamed UC","LP fibroblast","P044","Fibroblast"
"SAM24422649_7242329",7.45673649194951,-1.93750893085408,"Inflamed UC","Inflammatory fibroblast","P044","Fibroblast"
"SAM24422649_11362621",5.82777767065281,-2.51702152698445,"Inflamed UC","Inflammatory fibroblast","P044","Fibroblast"
"SAM24422649_6493510",0.848781036169477,-1.22715138404774,"Inflamed UC","LP fibroblast","P044","Fibroblast"
"SAM24422649_6491143",3.6596379745316,-3.12156187503743,"Inflamed UC","Inflammatory fibroblast","P044","Fibroblast"
"SAM24422649_9887702",4.20842068079228,-3.93286000698018,"Inflamed UC","Inflammatory fibroblast","P044","Fibroblast"
"SAM24422649_2525593",5.88345746877904,-2.97148906200337,"Inflamed UC","Inflammatory fibroblast","P044","Fibroblast"
"SAM24422649_3841993",4.70083336714024,-2.43673478572774,"Inflamed UC","Inflammatory fibroblast","P044","Fibroblast"
"SAM24422649_1922724",4.65722589376683,-2.55521165340352,"Inflamed UC","Inflammatory fibroblast","P044","Fibroblast"
"SAM24422649_3414151",6.12337319734807,-0.592949499778028,"Inflamed UC","Resting crypt-top fibroblast","P044","Fibroblast"
"SAM24422649_6942340",4.4269634354424,-2.54385768382954,"Inflamed UC","Inflammatory fibroblast","P044","Fibroblast"
"SAM24422649_4304326",5.60020177248234,-2.9436122080605,"Inflamed UC","Inflammatory fibroblast","P044","Fibroblast"
"SAM24422649_4589644",1.04584853533024,4.48746241123271,"Inflamed UC","Activated crypt-top fibroblast","P044","Fibroblast"
"SAM24422649_8430800",1.16067306879277,0.917623738356356,"Inflamed UC","Resting crypt-top fibroblast","P044","Fibroblast"
"SAM24422649_11512706",5.85386650446171,-2.94287668674397,"Inflamed UC","Inflammatory fibroblast","P044","Fibroblast"
"SAM24422649_1362525",4.22276976141448,-2.84221207111287,"Inflamed UC","Inflammatory fibroblast","P044","Fibroblast"
"SAM24422649_4159876",5.22167305830235,-2.27391754596638,"Inflamed UC","Inflammatory fibroblast","P044","Fibroblast"
"SAM24422649_12112545",4.70894108894581,-2.35955058544087,"Inflamed UC","Inflammatory fibroblast","P044","Fibroblast"
"SAM24422649_6052693",3.68452762249226,-2.90080629795003,"Inflamed UC","Inflammatory fibroblast","P044","Fibroblast"
"SAM24422649_14022923",4.08386437776799,-3.87549268215108,"Inflamed UC","Inflammatory fibroblast","P044","Fibroblast"
"SAM24422649_2527497",5.71497588041539,-3.12116157024312,"Inflamed UC","Inflammatory fibroblast","P044","Fibroblast"
"SAM24422649_3414563",5.34104423406834,-2.72965442150044,"Inflamed UC","Inflammatory fibroblast","P044","Fibroblast"
"SAM24422649_2067136",1.69215671900029,-0.42318378894734,"Inflamed UC","LP fibroblast","P044","Fibroblast"
"SAM24422649_2086301",6.01018242719883,4.46657455951763,"Inflamed UC","Resting crypt-top fibroblast","P044","Fibroblast"
"SAM24422649_14041378",4.37571154716725,-2.02634607761311,"Inflamed UC","Inflammatory fibroblast","P044","Fibroblast"
"SAM24422649_6940034",1.80574028375859,-1.16838561504292,"Inflamed UC","LP fibroblast","P044","Fibroblast"
"SAM24422649_7551445",5.72025089147801,-2.3511239191811,"Inflamed UC","Inflammatory fibroblast","P044","Fibroblast"
"SAM24422649_12991497",4.51773722651715,-2.52890311687398,"Inflamed UC","Inflammatory fibroblast","P044","Fibroblast"
"SAM24422649_7396693",5.15979843023533,5.03699482471538,"Inflamed UC","Resting crypt-top fibroblast","P044","Fibroblast"
"SAM24422649_5768521",5.4805995691132,-1.16133414714741,"Inflamed UC","Resting crypt-top fibroblast","P044","Fibroblast"
"SAM24422649_11659425",-0.147914482324175,-1.18042444198536,"Inflamed UC","LP fibroblast","P044","Fibroblast"
"SAM24422649_3546286",5.13113324526066,5.40797556430889,"Inflamed UC","Resting crypt-top fibroblast","P044","Fibroblast"
"SAM24422649_475431",5.39126019361729,-2.15443312137532,"Inflamed UC","Inflammatory fibroblast","P044","Fibroblast"
"SAM24422649_1648570",3.57049302938695,-0.694990982703443,"Inflamed UC","Inflammatory fibroblast","P044","Fibroblast"
"SAM24422649_6804192",5.18508093240971,-1.46904574840474,"Inflamed UC","Inflammatory fibroblast","P044","Fibroblast"
"SAM24422649_9754839",6.04014854315037,-2.62874113529133,"Inflamed UC","Inflammatory fibroblast","P044","Fibroblast"
"SAM24422649_13158963",4.82947437647099,-2.25205360858845,"Inflamed UC","Inflammatory fibroblast","P044","Fibroblast"
"SAM24422649_10175630",5.88700406435246,-2.93658553569722,"Inflamed UC","Inflammatory fibroblast","P044","Fibroblast"
"SAM24422649_13439314",4.97102330806965,-2.51374684780049,"Inflamed UC","Inflammatory fibroblast","P044","Fibroblast"
"SAM24422649_12127109",2.24947802904362,3.15632308513713,"Inflamed UC","Resting crypt-top fibroblast","P044","Fibroblast"
"SAM24422649_7232720",5.01702343109364,-2.13220893352437,"Inflamed UC","Inflammatory fibroblast","P044","Fibroblast"
"SAM24422649_1792589",4.20602365020031,-2.22823654621052,"Inflamed UC","Inflammatory fibroblast","P044","Fibroblast"
"SAM24422649_9021722",4.22188935610766,-4.02320920436787,"Inflamed UC","Inflammatory fibroblast","P044","Fibroblast"
"SAM24422649_12415150",5.31095485571141,-2.03165804355549,"Inflamed UC","Inflammatory fibroblast","P044","Fibroblast"
"SAM24422649_2677339",5.2841165530991,4.9057210782249,"Inflamed UC","Resting crypt-top fibroblast","P044","Fibroblast"
"SAM24422649_12860174",5.34556798818821,-2.17557131259846,"Inflamed UC","Inflammatory fibroblast","P044","Fibroblast"
"SAM24422649_305757",5.27322165849919,-1.71679436176228,"Inflamed UC","Inflammatory fibroblast","P044","Fibroblast"
"SAM24422649_11649465",4.29926383677239,4.76721085102153,"Inflamed UC","Resting crypt-top fibroblast","P044","Fibroblast"
"SAM24422649_11960525",-2.82321794149166,-5.7397605082314,"Inflamed UC","Crypt-bottom fibroblast","P044","Fibroblast"
"SAM24422649_5189044",5.62312142732853,2.37678195030284,"Inflamed UC","Inflammatory fibroblast","P044","Fibroblast"
"SAM24422649_8282208",5.49584655645604,-1.82589208095479,"Inflamed UC","Inflammatory fibroblast","P044","Fibroblast"
"SAM24422649_1357471",6.18560449960942,-0.153184344462629,"Inflamed UC","Resting crypt-top fibroblast","P044","Fibroblast"
"SAM24422649_12989274",4.5471727419209,4.2056695321281,"Inflamed UC","Resting crypt-top fibroblast","P044","Fibroblast"
"SAM24422649_2836614",5.23384551885838,-1.37515341251301,"Inflamed UC","LP fibroblast","P044","Fibroblast"
"SAM24422649_13897440",4.01384467813487,-2.36139975994038,"Inflamed UC","LP fibroblast","P044","Fibroblast"
"SAM24422649_9754452",1.50420300844426,4.18772352726055,"Inflamed UC","Activated crypt-top fibroblast","P044","Fibroblast"
"SAM24422649_2365888",5.26015691641087,-2.3365086218636,"Inflamed UC","Inflammatory fibroblast","P044","Fibroblast"
"SAM24422649_11085706",5.38618664625401,-1.96608959644246,"Inflamed UC","Inflammatory fibroblast","P044","Fibroblast"
"SAM24422649_3411861",1.87087457063908,4.98751820118022,"Inflamed UC","Activated crypt-top fibroblast","P044","Fibroblast"
"SAM24422649_7997267",4.90760629060978,-1.86683999507832,"Inflamed UC","Inflammatory fibroblast","P044","Fibroblast"
"SAM24422649_9176866",-4.44476039525752,-5.38501321285176,"Inflamed UC","Crypt-bottom fibroblast","P044","Fibroblast"
"SAM24422649_5315771",5.28807036760563,4.05497301609111,"Inflamed UC","Resting crypt-top fibroblast","P044","Fibroblast"
"SAM24422649_4723655",1.68558518770451,-0.168923844985243,"Inflamed UC","LP fibroblast","P044","Fibroblast"
"SAM24422649_11211669",-4.5190878641296,-5.67141972988057,"Inflamed UC","Crypt-bottom fibroblast","P044","Fibroblast"
"SAM24422649_13420419",1.99895756128544,5.48002613575054,"Inflamed UC","Activated crypt-top fibroblast","P044","Fibroblast"
"SAM24422649_4576606",5.62416295889134,-1.87034117191243,"Inflamed UC","Inflammatory fibroblast","P044","Fibroblast"
"SAM24422649_12534156",4.7484919894051,-1.95489155261921,"Inflamed UC","Inflammatory fibroblast","P044","Fibroblast"
"SAM24422649_9746004",-2.67414481755977,-5.68157206981587,"Inflamed UC","Crypt-bottom fibroblast","P044","Fibroblast"
"SAM24422649_9890689",5.50095622423405,-1.69373904674458,"Inflamed UC","Inflammatory fibroblast","P044","Fibroblast"
"SAM24422649_2383527",0.999267267019697,-2.22458063571858,"Inflamed UC","LP fibroblast","P044","Fibroblast"
"SAM24422649_3572063",1.43980710390324,-0.176057865313764,"Inflamed UC","LP fibroblast","P044","Fibroblast"
"SAM24422649_6523033",5.6742202508759,-1.9206367632668,"Inflamed UC","Inflammatory fibroblast","P044","Fibroblast"
"SAM24422649_7235402",4.3440123367619,-1.1290552517693,"Inflamed UC","Inflammatory fibroblast","P044","Fibroblast"
"SAM24422649_6659746",5.41962544801945,-2.76567732303547,"Inflamed UC","Inflammatory fibroblast","P044","Fibroblast"
"SAM24422649_10764376",6.19184367540593,0.041772017784838,"Inflamed UC","Resting crypt-top fibroblast","P044","Fibroblast"
"SAM24422649_9604993",5.13917403105015,-2.59126006572651,"Inflamed UC","Inflammatory fibroblast","P044","Fibroblast"
"SAM24422649_10653335",5.59147219541783,2.62787235767436,"Inflamed UC","Activated crypt-top fibroblast","P044","Fibroblast"
"SAM24422649_6361412",4.55286102178807,-2.39964353053975,"Inflamed UC","Inflammatory fibroblast","P044","Fibroblast"
"SAM24422649_11667894",1.76447098139042,-1.41505562274861,"Inflamed UC","LP fibroblast","P044","Fibroblast"
"SAM24422649_6963152",5.67510454538579,-2.16269504039692,"Inflamed UC","Inflammatory fibroblast","P044","Fibroblast"
"SAM24422649_11798468",4.28580691102261,2.44693316013408,"Inflamed UC","Resting crypt-top fibroblast","P044","Fibroblast"
"SAM24422649_5606107",-1.14113481160884,2.33129859954906,"Inflamed UC","Inflammatory fibroblast","P044","Fibroblast"
"SAM24422649_6372950",5.23767797830815,-2.14835916965413,"Inflamed UC","Inflammatory fibroblast","P044","Fibroblast"
"SAM24422649_8570912",2.95141296270604,4.31061185390544,"Inflamed UC","Resting crypt-top fibroblast","P044","Fibroblast"
"SAM24422649_610592",4.81129823806996,-1.59927975147175,"Inflamed UC","Inflammatory fibroblast","P044","Fibroblast"
"SAM24422649_10642236",5.35205738428349,-1.63640200107503,"Inflamed UC","Inflammatory fibroblast","P044","Fibroblast"
"SAM24422649_7673950",-0.269779754846148,-2.37813483684468,"Inflamed UC","LP fibroblast","P044","Fibroblast"
"SAM24422649_7088730",1.86841194513554,3.29389465839458,"Inflamed UC","Activated crypt-top fibroblast","P044","Fibroblast"
"SAM24422649_3713715",4.76889603021855,-2.33411466091084,"Inflamed UC","Inflammatory fibroblast","P044","Fibroblast"
"SAM24422649_476973",1.38639681223149,-1.05675982444691,"Inflamed UC","LP fibroblast","P044","Fibroblast"
"SAM24422649_11978914",2.32976441267247,4.78244436771465,"Inflamed UC","Activated crypt-top fibroblast","P044","Fibroblast"
"SAM24422649_4156470",3.9280291962933,-1.75691448657918,"Inflamed UC","Inflammatory fibroblast","P044","Fibroblast"
"SAM24422649_7400138",5.30881206873173,-2.37831245868611,"Inflamed UC","Inflammatory fibroblast","P044","Fibroblast"
"SAM24422649_12990394",5.31967084291691,-1.54950438945698,"Inflamed UC","Inflammatory fibroblast","P044","Fibroblast"
"SAM24422649_12831813",2.39160280111546,4.74038399250102,"Inflamed UC","Activated crypt-top fibroblast","P044","Fibroblast"
"SAM24422649_11086905",3.46734856250996,-3.04658566921162,"Inflamed UC","Inflammatory fibroblast","P044","Fibroblast"
"SAM24422649_173975",-3.10561902639156,0.847813705511812,"Inflamed UC","LP fibroblast","P044","Fibroblast"
"SAM24422649_5316507",0.768479751379438,3.90249718219829,"Inflamed UC","Activated crypt-top fibroblast","P044","Fibroblast"
"SAM24422649_10350011",-1.38588197347408,0.644931125984017,"Inflamed UC","LP fibroblast","P044","Fibroblast"
"SAM24422649_5927497",2.02350728395695,5.99738253147197,"Inflamed UC","Activated crypt-top fibroblast","P044","Fibroblast"
"SAM24422649_6366027",5.52710716608281,-1.82320939510274,"Inflamed UC","Inflammatory fibroblast","P044","Fibroblast"
"SAM24422649_902879",4.4683788287949,-2.45686255901265,"Inflamed UC","Inflammatory fibroblast","P044","Fibroblast"
"SAM24422649_11075011",5.81670110109562,-2.12288843601155,"Inflamed UC","Inflammatory fibroblast","P044","Fibroblast"
"SAM24422649_12390976",-2.62720973607784,0.516465696104292,"Inflamed UC","LP fibroblast","P044","Fibroblast"
"SAM24422649_1939632",4.9260108340096,-1.40686928241658,"Inflamed UC","Inflammatory fibroblast","P044","Fibroblast"
"SAM24422649_1211555",5.05893658283467,-1.5977538725655,"Inflamed UC","Inflammatory fibroblast","P044","Fibroblast"
"SAM24422649_6059955",1.99492471101994,4.06935847789836,"Inflamed UC","Activated crypt-top fibroblast","P044","Fibroblast"
"SAM24422649_6350990",1.85165207269902,2.39142132789684,"Inflamed UC","Resting crypt-top fibroblast","P044","Fibroblast"
"SAM24422649_12985780",1.08248512628789,-0.176904668502088,"Inflamed UC","LP fibroblast","P044","Fibroblast"
"SAM24422649_6942424",1.7709900605988,3.25230325252605,"Inflamed UC","Activated crypt-top fibroblast","P044","Fibroblast"
"SAM24422649_767269",-2.64665515538936,0.938882360764269,"Inflamed UC","LP fibroblast","P044","Fibroblast"
"SAM24422649_14029083",-0.529754234521441,-0.37009107082295,"Inflamed UC","LP fibroblast","P044","Fibroblast"
"SAM24422649_10331977",3.8063305485558,2.84818733722759,"Inflamed UC","Resting crypt-top fibroblast","P044","Fibroblast"
"SAM24422649_8271755",-2.90363271352535,0.577671545155768,"Inflamed UC","LP fibroblast","P044","Fibroblast"
"SAM24422649_10052799",3.88490919950718,-0.571341743163343,"Inflamed UC","LP fibroblast","P044","Fibroblast"
"SAM24422649_12110255",-0.201773239343218,-2.07091986148762,"Inflamed UC","LP fibroblast","P044","Fibroblast"
"SAM24422649_8557842",0.681751416952558,-0.412718405417677,"Inflamed UC","LP fibroblast","P044","Fibroblast"
"SAM24422649_12980757",4.5399446356606,-0.844416966132398,"Inflamed UC","Inflammatory fibroblast","P044","Fibroblast"
"SAM24422649_4721318",0.681665586264081,-0.322697808436628,"Inflamed UC","LP fibroblast","P044","Fibroblast"
"SAM24422649_10620696",3.87339295628781,2.82450355083538,"Inflamed UC","Resting crypt-top fibroblast","P044","Fibroblast"
"SAM24422649_12687452",6.04654567125554,0.275532791920428,"Inflamed UC","Resting crypt-top fibroblast","P044","Fibroblast"
"SAM24422649_3699894",4.69837539079899,4.22759092838359,"Inflamed UC","Resting crypt-top fibroblast","P044","Fibroblast"
"SAM24422649_5630638",5.30360083463902,-1.43666588275837,"Inflamed UC","Inflammatory fibroblast","P044","Fibroblast"
"SAM24422649_8129325",3.88268307033295,-2.40443169086384,"Inflamed UC","Inflammatory fibroblast","P044","Fibroblast"
"SAM24422649_8113216",4.23533753487582,-1.96328317134785,"Inflamed UC","Inflammatory fibroblast","P044","Fibroblast"
"SAM24422649_13595999",0.535917924673505,0.679651568241839,"Inflamed UC","LP fibroblast","P044","Fibroblast"
"SAM24422649_7843257",5.10498307827229,-1.39506899326253,"Inflamed UC","Inflammatory fibroblast","P044","Fibroblast"
"SAM24422649_7534529",1.67545788172001,2.69116056949687,"Inflamed UC","Resting crypt-top fibroblast","P044","Fibroblast"
"SAM24422649_7111331",3.56610749843831,-0.948199977568861,"Inflamed UC","Inflammatory fibroblast","P044","Fibroblast"
"SAM24422649_4602308",6.11972706201787,-2.61706148593831,"Inflamed UC","Inflammatory fibroblast","P044","Fibroblast"
"SAM24422649_7244977",1.81386630419011,-0.130703856639143,"Inflamed UC","Resting crypt-top fibroblast","P044","Fibroblast"
"SAM24422649_14040198",1.70562450769658,0.368041912623171,"Inflamed UC","LP fibroblast","P044","Fibroblast"
"SAM24422649_6644379",5.87885205629582,-0.35534315317082,"Inflamed UC","Resting crypt-top fibroblast","P044","Fibroblast"
"SAM24422649_3121959",4.9315872061562,-1.067602505378,"Inflamed UC","Inflammatory fibroblast","P044","Fibroblast"
"SAM24422649_9002158",-0.485163761346392,-2.31112061946797,"Inflamed UC","LP fibroblast","P044","Fibroblast"
"SAM24422649_14013398",2.0571490991425,4.10456408054424,"Inflamed UC","Resting crypt-top fibroblast","P044","Fibroblast"
"SAM24422649_5037314",3.85152633670086,2.16177130729747,"Inflamed UC","Resting crypt-top fibroblast","P044","Fibroblast"
"SAM24422649_12997703",6.13454501512761,0.225291738816027,"Inflamed UC","Resting crypt-top fibroblast","P044","Fibroblast"
"SAM24422649_14026834",6.25003139856572,0.0391185382087271,"Inflamed UC","Resting crypt-top fibroblast","P044","Fibroblast"
"SAM24422649_1342132",2.32656185510869,5.55480183155132,"Inflamed UC","Activated crypt-top fibroblast","P044","Fibroblast"
"SAM24422649_6956172",1.66944877985234,-0.812542547873731,"Inflamed UC","LP fibroblast","P044","Fibroblast"
"SAM24422649_11219739",0.752989219458051,4.55743087322307,"Inflamed UC","Activated crypt-top fibroblast","P044","Fibroblast"
"SAM24422649_3993293",3.13457171800847,5.42165554554058,"Inflamed UC","Activated crypt-top fibroblast","P044","Fibroblast"
"SAM24422649_1931562",3.25710676792378,1.87243891746593,"Inflamed UC","Resting crypt-top fibroblast","P044","Fibroblast"
"SAM24422649_6652433",3.26075391653294,4.71908749134136,"Inflamed UC","Resting crypt-top fibroblast","P044","Fibroblast"
"SAM24422649_7243862",4.83698265436406,-1.08281623332905,"Inflamed UC","Inflammatory fibroblast","P044","Fibroblast"
"SAM24422649_2950725",4.92574630859608,-1.1971602341454,"Inflamed UC","Inflammatory fibroblast","P044","Fibroblast"
"SAM24422649_13144358",3.59346835497136,2.86303676158977,"Inflamed UC","Resting crypt-top fibroblast","P044","Fibroblast"
"SAM24422649_11062738",4.25313393953557,-0.322812189749952,"Inflamed UC","Inflammatory fibroblast","P044","Fibroblast"
"SAM24422649_7539150",6.01399330976719,-2.35387217014241,"Inflamed UC","Inflammatory fibroblast","P044","Fibroblast"
"SAM24422649_4150678",5.80878488901372,-0.086273898772474,"Inflamed UC","Inflammatory fibroblast","P044","Fibroblast"
"SAM24422649_6372910",3.80299459579701,2.85875834018779,"Inflamed UC","Resting crypt-top fibroblast","P044","Fibroblast"
"SAM24422649_7090571",2.98054652097935,5.69252623111797,"Inflamed UC","Activated crypt-top fibroblast","P044","Fibroblast"
"SAM24422649_4290443",4.77289901855702,-0.874661197356458,"Inflamed UC","Inflammatory fibroblast","P044","Fibroblast"
"SAM24422649_6215881",5.59781949403996,-1.72682415454793,"Inflamed UC","Inflammatory fibroblast","P044","Fibroblast"
"SAM24422649_7535699",4.46943856957669,-0.485467781714674,"Inflamed UC","Inflammatory fibroblast","P044","Fibroblast"
"SAM24422649_10921370",4.60625739577527,4.57678450138164,"Inflamed UC","Resting crypt-top fibroblast","P044","Fibroblast"
"SAM24422649_10783962",3.72955687525982,3.17231620342327,"Inflamed UC","Resting crypt-top fibroblast","P044","Fibroblast"
"SAM24422649_595284",3.57484804275746,3.08730567485881,"Inflamed UC","Resting crypt-top fibroblast","P044","Fibroblast"
"SAM24422649_2674197",-1.2474494707275,1.52739645034862,"Inflamed UC","Resting crypt-top fibroblast","P044","Fibroblast"
"SAM24422649_2242201",3.50325028780217,-1.72926079242634,"Inflamed UC","LP fibroblast","P044","Fibroblast"
"SAM24422649_7245770",4.73619012716527,-1.26511405914235,"Inflamed UC","Inflammatory fibroblast","P044","Fibroblast"
"SAM24422649_10472876",2.63445787313695,4.13133824855876,"Inflamed UC","Resting crypt-top fibroblast","P044","Fibroblast"
"SAM24422649_7231909",4.45112087014432,-1.59028755634236,"Inflamed UC","Inflammatory fibroblast","P044","Fibroblast"
"SAM24422649_10919461",2.06565921190495,2.17985631019664,"Inflamed UC","Resting crypt-top fibroblast","P044","Fibroblast"
"SAM24422649_177452",3.74785436871762,-1.13013767211842,"Inflamed UC","Inflammatory fibroblast","P044","Fibroblast"
"SAM24422649_7984564",-3.88201816198116,-4.31562673061299,"Inflamed UC","Inflammatory fibroblast","P044","Fibroblast"
"SAM24422649_13004581",-3.29506929036861,1.15320915968013,"Inflamed UC","LP fibroblast","P044","Fibroblast"
"SAM24422649_3694537",4.69956825855488,-1.5380159518044,"Inflamed UC","Inflammatory fibroblast","P044","Fibroblast"
"SAM24422649_13588319",4.63504849556202,-0.662093510321851,"Inflamed UC","Inflammatory fibroblast","P044","Fibroblast"
"SAM24422649_4282812",-0.787010742394976,-2.78084479778218,"Inflamed UC","LP fibroblast","P044","Fibroblast"
"SAM24422649_12699355",2.93455438497777,2.71921385318828,"Inflamed UC","Resting crypt-top fibroblast","P044","Fibroblast"
"SAM24422649_11235074",4.07362731728072,-1.57430516689229,"Inflamed UC","Inflammatory fibroblast","P044","Fibroblast"
"SAM24422649_1067560",2.18306271913762,5.59752453357769,"Inflamed UC","Activated crypt-top fibroblast","P044","Fibroblast"
"SAM24422649_8264464",4.34492397490258,-0.953946342162367,"Inflamed UC","Inflammatory fibroblast","P044","Fibroblast"
"SAM24422649_11679401",4.54093288067097,-0.35868023841786,"Inflamed UC","Inflammatory fibroblast","P044","Fibroblast"
"SAM24422649_8573575",-2.27087934133296,0.767393390246157,"Inflamed UC","LP fibroblast","P044","Fibroblast"
"SAM24422656_11969746",-5.45766265508419,-6.08803807704854,"Uninflamed UC","Crypt-bottom fibroblast","P046","Fibroblast"
"SAM24422657_6502724",5.33591132047886,-2.77267419307637,"Inflamed UC","Inflammatory fibroblast","P046","Fibroblast"
"SAM24422657_3572355",4.57518877270932,-0.459148158721205,"Inflamed UC","Inflammatory fibroblast","P046","Fibroblast"
"SAM24422657_1783362",4.17077437225098,-1.85662805049824,"Inflamed UC","Inflammatory fibroblast","P046","Fibroblast"
"SAM24422657_2227982",4.16831450346226,-3.96706925838399,"Inflamed UC","Inflammatory fibroblast","P046","Fibroblast"
"SAM24422657_6491607",6.07877294901127,-2.73954020946431,"Inflamed UC","Inflammatory fibroblast","P046","Fibroblast"
"SAM24422657_8717962",4.22116675409789,-3.86622582881856,"Inflamed UC","Inflammatory fibroblast","P046","Fibroblast"
"SAM24422657_7817889",3.33353738668675,-0.970764269522901,"Inflamed UC","Inflammatory fibroblast","P046","Fibroblast"
"SAM24422657_7675813",4.62877236488576,-2.12768231838154,"Inflamed UC","Inflammatory fibroblast","P046","Fibroblast"
"SAM24422657_11959749",5.43786983373875,-1.29078947513508,"Inflamed UC","Inflammatory fibroblast","P046","Fibroblast"
"SAM24422657_5036969",6.12961404207463,-0.219705929450269,"Inflamed UC","Resting crypt-top fibroblast","P046","Fibroblast"
"SAM24422657_13713863",5.07534907940144,-1.42009149997639,"Inflamed UC","Inflammatory fibroblast","P046","Fibroblast"
"SAM24422657_2664995",5.4906971919846,-1.54476081340718,"Inflamed UC","Inflammatory fibroblast","P046","Fibroblast"
"SAM24417578_642213",-5.91406638738399,-1.69881187885212,"Healthy","LP fibroblast","P031","Fibroblast"
"SAM24417584_831820",-5.9309530985046,-1.74183236568379,"Healthy","LP fibroblast","P033","Fibroblast"
"SAM24417584_522346",-2.60594375249629,-4.0529872080605,"Healthy","Resting crypt-top fibroblast","P033","Fibroblast"
"SAM24417584_572070",-2.39919288274532,-1.3480459353249,"Healthy","LP fibroblast","P033","Fibroblast"
"SAM24417587_283781",-2.59513480779415,-4.03480349986958,"Healthy","Resting crypt-top fibroblast","P034","Fibroblast"
"SAM24417587_106684",-5.87019069310909,-1.71639429538655,"Healthy","LP fibroblast","P034","Fibroblast"
"SAM24417590_545106",-5.40184791204219,-6.02210866420674,"Healthy","Crypt-bottom fibroblast","P035","Fibroblast"
"SAM24417590_57427",-4.89980037328487,-4.70692550151753,"Healthy","Crypt-bottom fibroblast","P035","Fibroblast"
"SAM24417590_675893",4.34718087497468,4.46487701923442,"Healthy","Resting crypt-top fibroblast","P035","Fibroblast"
"SAM24417593_41388",4.15054789739961,-3.96122323482441,"Healthy","Inflammatory fibroblast","P036","Fibroblast"
"SAM24417593_538479",4.83794336202855,4.44030512363506,"Healthy","Resting crypt-top fibroblast","P036","Fibroblast"
"SAM24417593_284828",-5.01085288640743,-0.396018018416639,"Healthy","LP fibroblast","P036","Fibroblast"
"SAM24417593_496968",-2.74722726461177,-6.03278838603901,"Healthy","Crypt-bottom fibroblast","P036","Fibroblast"
"SAM24417593_135613",-4.88184268590694,-4.08475600688862,"Healthy","Crypt-bottom fibroblast","P036","Fibroblast"
"SAM24419276_456818",6.09060447099919,0.344875762768511,"Healthy","Resting crypt-top fibroblast","P038","Fibroblast"
"SAM24419276_285742",5.22274474981541,3.94197500736309,"Healthy","Resting crypt-top fibroblast","P038","Fibroblast"
"SAM24419276_353415",6.10552422884221,4.54743660480571,"Healthy","Resting crypt-top fibroblast","P038","Fibroblast"
"SAM24419276_468735",-2.84638555166011,-3.65785037486958,"Healthy","Resting crypt-top fibroblast","P038","Fibroblast"
"SAM24419276_167419",3.5782592761826,-3.03982554881978,"Healthy","Inflammatory fibroblast","P038","Fibroblast"
"SAM24419276_368939",-2.07999093648677,-0.798341026000257,"Healthy","LP fibroblast","P038","Fibroblast"
"SAM24419276_361940",-1.94947202321773,-1.84421621768879,"Healthy","Resting crypt-top fibroblast","P038","Fibroblast"
"SAM24419276_545242",-2.58525283452754,-4.06264125316548,"Healthy","Resting crypt-top fibroblast","P038","Fibroblast"
"SAM24419276_97670",-4.44344337102657,-4.80593978374409,"Healthy","Crypt-bottom fibroblast","P038","Fibroblast"
"SAM24419276_96925",-3.07930810567623,-2.03747617214131,"Healthy","LP fibroblast","P038","Fibroblast"
"SAM24419276_706607",5.05322788837666,4.5726014474113,"Healthy","Resting crypt-top fibroblast","P038","Fibroblast"
"SAM24419276_528096",-4.87035758611446,-3.0619290968697,"Healthy","Crypt-bottom fibroblast","P038","Fibroblast"
"SAM24419276_191219",1.77511041048283,0.968741873808626,"Healthy","Resting crypt-top fibroblast","P038","Fibroblast"
"SAM24419276_621595",-2.50615270253902,-1.63261496036458,"Healthy","LP fibroblast","P038","Fibroblast"
"SAM24419276_863669",4.18004239532466,-3.98999558895039,"Healthy","Inflammatory fibroblast","P038","Fibroblast"
"SAM24419276_593660",-2.62019355413204,-2.19102488964009,"Healthy","LP fibroblast","P038","Fibroblast"
"SAM24419276_45282",-1.09973676320796,-1.41746818035054,"Healthy","LP fibroblast","P038","Fibroblast"
"SAM24419276_78339",4.87558226469273,4.64124763996196,"Healthy","Resting crypt-top fibroblast","P038","Fibroblast"
"SAM24419276_529282",-3.78039176580196,-3.00967513530659,"Healthy","LP fibroblast","P038","Fibroblast"
"SAM24419276_577875",4.11572972634176,3.76401747257305,"Healthy","Resting crypt-top fibroblast","P038","Fibroblast"
"SAM24419276_706999",-2.67474753972774,-3.93025361507344,"Healthy","Resting crypt-top fibroblast","P038","Fibroblast"
"SAM24419276_439557",-0.573353363244586,-0.442387928656812,"Healthy","LP fibroblast","P038","Fibroblast"
"SAM24419276_251720",3.35404561641926,4.74958170444561,"Healthy","Activated crypt-top fibroblast","P038","Fibroblast"
"SAM24419276_561043",-0.151175094811968,-0.939165939978834,"Healthy","LP fibroblast","P038","Fibroblast"
"SAM24419276_178118",-4.63308627721553,-0.923151364020582,"Healthy","LP fibroblast","P038","Fibroblast"
"SAM24419276_216430",6.09310858133549,-0.106952418975111,"Healthy","Resting crypt-top fibroblast","P038","Fibroblast"
"SAM24419276_298909",-4.3057442438293,-4.31265031307148,"Healthy","Crypt-bottom fibroblast","P038","Fibroblast"
"SAM24419276_687892",-1.43800838109737,-1.55458985774922,"Healthy","LP fibroblast","P038","Fibroblast"
"SAM24419276_637231",-3.9645806085754,-0.824909438781019,"Healthy","LP fibroblast","P038","Fibroblast"
"SAM24419276_509036",-5.06823737737422,-0.734783401183363,"Healthy","LP fibroblast","P038","Fibroblast"
"SAM24419276_231530",-2.92680509206539,-6.08154117076802,"Healthy","Crypt-bottom fibroblast","P038","Fibroblast"
"SAM24419276_730565",4.56750615123028,4.28138602764202,"Healthy","Resting crypt-top fibroblast","P038","Fibroblast"
"SAM24419276_273901",-3.63262088414913,0.0570387342650931,"Healthy","LP fibroblast","P038","Fibroblast"
"SAM24419276_680949",4.70254121902699,4.37215984851909,"Healthy","Resting crypt-top fibroblast","P038","Fibroblast"
"SAM24419276_460379",-5.84141261693721,-1.6576276919167,"Healthy","LP fibroblast","P038","Fibroblast"
"SAM24419276_385854",-2.88946588155513,-3.89438735454487,"Healthy","Resting crypt-top fibroblast","P038","Fibroblast"
"SAM24419276_370074",-4.23766238805538,-2.81884943454671,"Healthy","LP fibroblast","P038","Fibroblast"
"SAM24419276_350930",-4.10436160680538,-0.608221282653089,"Healthy","LP fibroblast","P038","Fibroblast"
"SAM24419276_17371",-1.15456731435543,2.44493378192974,"Healthy","Inflammatory fibroblast","P038","Fibroblast"
"SAM24419276_410571",-3.90762241002803,-1.26643835513997,"Healthy","LP fibroblast","P038","Fibroblast"
"SAM24419276_55391",-3.96349914190059,-0.263699342898603,"Healthy","LP fibroblast","P038","Fibroblast"
"SAM24419276_870301",-2.63927943822627,-5.60703002422261,"Healthy","Crypt-bottom fibroblast","P038","Fibroblast"
"SAM24419276_319123",-5.38412196752315,-1.24274574726033,"Healthy","LP fibroblast","P038","Fibroblast"
"SAM24419276_516099",-4.78041656133419,-4.65106927364277,"Healthy","Crypt-bottom fibroblast","P038","Fibroblast"
"SAM24419276_557900",-2.27942140218502,0.812377313681368,"Healthy","LP fibroblast","P038","Fibroblast"
"SAM24419276_345316",-5.85047347661739,-1.72297846286702,"Healthy","LP fibroblast","P038","Fibroblast"
"SAM24419276_373976",5.23975448492283,4.95136440784526,"Healthy","Resting crypt-top fibroblast","P038","Fibroblast"
"SAM24419276_599176",-5.98720080968624,-1.66602741687703,"Healthy","LP fibroblast","P038","Fibroblast"
"SAM24419276_84156",-4.67385299321895,-1.64540230243611,"Healthy","LP fibroblast","P038","Fibroblast"
"SAM24419276_305673",-3.48663623449092,-3.76004325359273,"Healthy","LP fibroblast","P038","Fibroblast"
"SAM24419276_392686",-5.37859542485958,-1.01590739696431,"Healthy","LP fibroblast","P038","Fibroblast"
"SAM24419276_328867",-4.85355765935665,-3.76065646617817,"Healthy","Crypt-bottom fibroblast","P038","Fibroblast"
"SAM24419276_518805",-2.62277419683223,-5.9906617304604,"Healthy","Crypt-bottom fibroblast","P038","Fibroblast"
"SAM24419276_313009",-1.58283765432125,1.25553138048244,"Healthy","LP fibroblast","P038","Fibroblast"
"SAM24419276_873422",-1.4230218660522,0.759333441563372,"Healthy","Resting crypt-top fibroblast","P038","Fibroblast"
"SAM24419276_808686",2.37043111208195,4.39515746624065,"Healthy","Activated crypt-top fibroblast","P038","Fibroblast"
"SAM24419276_9027",-4.71250064489131,-0.140075912169691,"Healthy","LP fibroblast","P038","Fibroblast"
"SAM24419276_673033",2.88328127744908,1.65374280006481,"Healthy","Resting crypt-top fibroblast","P038","Fibroblast"
"SAM24419276_532385",2.61059276941533,5.95645273716045,"Healthy","Activated crypt-top fibroblast","P038","Fibroblast"
"SAM24419276_838112",-3.12101180669551,-1.12181555240559,"Healthy","LP fibroblast","P038","Fibroblast"
"SAM24419276_365730",-5.31915004369502,-5.88749515026021,"Healthy","Crypt-bottom fibroblast","P038","Fibroblast"
"SAM24419276_153317",3.97358061555142,2.56705082447124,"Healthy","Resting crypt-top fibroblast","P038","Fibroblast"
"SAM24419276_628511",-3.93488128301387,-0.306946506194349,"Healthy","LP fibroblast","P038","Fibroblast"
"SAM24419276_836120",1.3803695905518,0.124972353287462,"Healthy","LP fibroblast","P038","Fibroblast"
"SAM24419276_619599",-3.90364368077999,-0.920475353888746,"Healthy","LP fibroblast","P038","Fibroblast"
"SAM24419276_493406",-2.0543695223022,-0.502345194510694,"Healthy","LP fibroblast","P038","Fibroblast"
"SAM24419276_303254",-3.83505017873531,0.768273780651812,"Healthy","LP fibroblast","P038","Fibroblast"
"SAM24419276_541107",-1.08278615590816,2.22175992519451,"Healthy","Inflammatory fibroblast","P038","Fibroblast"
"SAM24417578_851948",-3.65754611608272,-1.653286804847,"Healthy","LP fibroblast","P031","Fibroblast"
"SAM24417578_648609",-2.57341678258663,-4.07164060085225,"Healthy","Resting crypt-top fibroblast","P031","Fibroblast"
"SAM24417593_537591",-2.59342486974483,-4.0510226389687,"Healthy","Resting crypt-top fibroblast","P036","Fibroblast"
"SAM24419276_475203",-2.46955068227535,-4.08120738475728,"Healthy","Resting crypt-top fibroblast","P038","Fibroblast"
"SAM24419276_626261",3.60615246179814,-3.19353305309224,"Healthy","Inflammatory fibroblast","P038","Fibroblast"
"SAM24419276_684943",5.27013819101567,5.27699459583354,"Healthy","Resting crypt-top fibroblast","P038","Fibroblast"
"SAM24419276_63857",-2.56631667730098,-1.87066303699421,"Healthy","LP fibroblast","P038","Fibroblast"
"SAM24419276_636019",5.61167089823002,2.58034087211681,"Healthy","Activated crypt-top fibroblast","P038","Fibroblast"
"SAM24419276_836500",1.34483997705693,5.49572504551006,"Healthy","Activated crypt-top fibroblast","P038","Fibroblast"
"SAM24419276_649848",1.70803730371708,4.80225647480083,"Healthy","Resting crypt-top fibroblast","P038","Fibroblast"
"SAM24419276_357595",4.12424177020157,4.29196203739238,"Healthy","Resting crypt-top fibroblast","P038","Fibroblast"
"SAM24419276_813746",2.42050533178563,4.25511301548076,"Healthy","Activated crypt-top fibroblast","P038","Fibroblast"
"SAM24419276_808729",2.03136699083561,1.12420133740497,"Healthy","Resting crypt-top fibroblast","P038","Fibroblast"
"SAM24419276_261684",2.90976838949437,3.7491151192863,"Healthy","Resting crypt-top fibroblast","P038","Fibroblast"
"SAM24419276_369409",3.3674506414246,3.52015079052043,"Healthy","Resting crypt-top fibroblast","P038","Fibroblast"
