analysis	n_pairs	gene	logFC	logCPM	F	PValue	FDR
"All fibroblasts"	5	"IL7R"	4.05800249520104	7.38197635660398	74.8063804222078	2.8163804196618e-07	0.00164110487053693
"All fibroblasts"	5	"CHI3L1"	4.33867665980843	9.27457485218609	69.2890599466687	8.90200979835822e-07	0.00259360055475167
"All fibroblasts"	5	"MMP1"	3.30775143722394	8.49316390214563	61.4413132042113	2.27870701227712e-06	0.00335459607203927
"All fibroblasts"	5	"CLU"	2.53359371062451	7.48367266940204	52.0601476298828	2.30279462642133e-06	0.00335459607203927
"All fibroblasts"	5	"MMP3"	4.33152776106586	8.73394522719959	46.3068273235136	1.01606288169198e-05	0.0118411968232384
"All fibroblasts"	5	"INHBA"	4.86571471668172	7.5700508343877	38.6957258689778	1.3970574536474e-05	0.0135677563040056
"All fibroblasts"	5	"PTGES"	2.13391118783169	7.30528438612103	32.8472906716353	2.97653849957243e-05	0.0247775569100122
"All fibroblasts"	5	"AREG"	2.4915039401358	7.02435482748836	32.3818401064569	3.6368711103551e-05	0.026490059950049
"All fibroblasts"	5	"FBH1"	1.82111142731416	6.92918520773643	30.7830591491838	5.39162522311766e-05	0.0349077779723407
"All fibroblasts"	5	"COL15A1"	-2.06222255647706	8.96128721017034	31.1941780986022	6.74160796812378e-05	0.0392833496302572
"All fibroblasts"	5	"TIMP1"	1.96303171448824	9.68937705602948	30.078159159177	8.23532082491207e-05	0.041779139737516
"All fibroblasts"	5	"CXCL6"	2.86062355171052	7.73649282296822	27.144266027938	8.76280243749971e-05	0.041779139737516
"All fibroblasts"	5	"FURIN"	2.21442905201472	6.42530160133083	25.7811068158354	0.000100336043423541	0.041779139737516
"All fibroblasts"	5	"VSTM2A"	-2.38812552185286	7.48219127696097	27.194685363932	0.000108298730988357	0.041779139737516
"All fibroblasts"	5	"WISP1"	2.26186665041706	6.95795539710356	26.0147206080628	0.000121907310231053	0.041779139737516
"All fibroblasts"	5	"CXCL8"	4.17971567891067	7.50298928038452	24.4885359345328	0.000127169965282651	0.041779139737516
"All fibroblasts"	5	"SURF4"	1.3643163293317	8.04390994920976	27.3816641203078	0.00012899645307705	0.041779139737516
"All fibroblasts"	5	"CTSH"	1.82889316304768	6.43195059149157	25.7112435349944	0.00012905860910851	0.041779139737516
"All fibroblasts"	5	"NECTIN2"	1.77637286221099	6.70247219660911	26.0790094679007	0.000141075040381632	0.0432654873844088
"All fibroblasts"	5	"ZC3H12A"	1.73155791586474	7.16429907209434	25.8188883564451	0.000156454221078586	0.045582937311246
"All fibroblasts"	5	"MT2A"	1.87511283676983	9.20998003142235	25.4617834951265	0.000182779448738	0.0507169451331584
"All fibroblasts"	5	"F2RL2"	2.16712838318533	7.02805540645332	24.0269724135066	0.000210049186798924	0.0541140490539158
"All fibroblasts"	5	"MATN2"	-1.8470264185349	8.84661008676827	24.5127254038438	0.000213595868927418	0.0541140490539158
"All fibroblasts"	5	"BGN"	2.48368315794025	7.94083671929013	23.8473304617239	0.000240600084394801	0.0584156954903543
"All fibroblasts"	5	"TMEM158"	2.02716499344857	8.53013872405467	23.4778873608086	0.000257635030259408	0.0600495728528627
"All fibroblasts"	5	"TXNIP"	-1.91587427732847	10.6504685688013	23.2544920160095	0.000275792796719577	0.0618094087109605
"All fibroblasts"	5	"GSN"	-1.75906064253896	9.89231222256223	22.9595348265972	0.000292242864156556	0.0629612360485568
"All fibroblasts"	5	"SAT1"	1.16676582869934	9.06210465188383	22.7870150333653	0.00030254240764709	0.0629612360485568
"All fibroblasts"	5	"GULP1"	-1.60600010017291	7.50173721501635	21.5831886820595	0.000346318663690541	0.069586167356027
"All fibroblasts"	5	"IGHA1"	1.6358417532142	8.38435394535448	21.8928372474488	0.000362214125932455	0.0703540570602804
"All fibroblasts"	5	"SOD2"	1.43155580267495	9.61725213092338	21.4917726208252	0.000391058567850332	0.0735063959633512
"All fibroblasts"	5	"KIAA0930"	1.46927366358065	6.81985590087204	20.0595078189296	0.000452203095832363	0.0798095728906077
"All fibroblasts"	5	"RANGAP1"	2.10526259552065	5.99011834979682	18.8382525685786	0.000472192430573182	0.0798095728906077
"All fibroblasts"	5	"HM13"	1.50307597275259	7.59734577256346	20.4612378853954	0.000478236756634142	0.0798095728906077
"All fibroblasts"	5	"ABCA8"	-1.43169798310198	9.15778393663055	20.4514812985075	0.000479377904783125	0.0798095728906077
"All fibroblasts"	5	"SLC39A14"	2.10074722935078	7.15912374177174	18.9215732006832	0.000504896190843201	0.0804048589440754
"All fibroblasts"	5	"SHC1"	1.59102460939941	7.4285862271809	20.0020170777552	0.000510550846221176	0.0804048589440754
"All fibroblasts"	5	"RARRES2"	1.30124801962505	9.27160192624697	19.8133785996805	0.000555771543914804	0.084249795044938
"All fibroblasts"	5	"KCTD12"	-1.43133635281752	7.56599978183055	19.7249894519731	0.000563882273340069	0.084249795044938
"All fibroblasts"	5	"PLPP3"	-1.26326268453257	9.46769137621273	19.5358055532077	0.00059084071764289	0.0844213782285878
"All fibroblasts"	5	"PFKFB3"	1.87127095917181	7.22384261212438	18.8901498009775	0.000603271932896984	0.0844213782285878
"All fibroblasts"	5	"RCC2"	1.48743849359886	6.93401623722343	18.8688398720873	0.000619688533223503	0.0844213782285878
"All fibroblasts"	5	"CYB561"	1.63163930926144	6.22561910716134	18.5148910165245	0.000622982540557624	0.0844213782285878
"All fibroblasts"	5	"TSPAN2"	1.56354598439706	6.55672804330367	17.9694692669961	0.000640401176212358	0.0848094921315775
"All fibroblasts"	5	"CD276"	1.53839385137309	7.15302604092808	18.4070317173988	0.000669527235860108	0.0855179565852756
"All fibroblasts"	5	"VWA5A"	1.45318802274462	7.38623296485749	18.7553888036749	0.000675103141054175	0.0855179565852756
"All fibroblasts"	5	"RAB34"	1.48328358680648	6.64359452663691	18.0953483117888	0.000711562114099313	0.0857709251425074
"All fibroblasts"	5	"IL32"	1.25890645413461	8.44200751649409	18.671889449186	0.000714508526320613	0.0857709251425074
"All fibroblasts"	5	"ORAI2"	1.61701334771256	6.349659234253	17.4876813541042	0.000721258852236633	0.0857709251425074
"All fibroblasts"	5	"SELENOP"	-1.26311316434779	10.092240102027	18.4838821407916	0.000743831124435782	0.086686079241746
"All fibroblasts"	5	"FDCSP"	2.4402546653544	6.82933978550933	17.2453183779948	0.00077552084304222	0.0881157170315293
"All fibroblasts"	5	"AGT"	1.71702706873332	8.26800865689899	17.7806120924072	0.000787879701013361	0.0881157170315293
"All fibroblasts"	5	"PROM1"	-1.70998727561967	7.28874921763	17.9614099885335	0.000809757367302038	0.0881157170315293
"All fibroblasts"	5	"NDUFA11"	1.72732613794957	6.28339085700932	16.8379341627394	0.000826660236166542	0.0881157170315293
"All fibroblasts"	5	"CPXM1"	2.47121154113657	6.69652985631278	16.8285259921948	0.000853704551422666	0.0881157170315293
"All fibroblasts"	5	"ARHGAP20"	-1.69812482270104	6.5257173358323	16.9356068164403	0.00085984690291091	0.0881157170315293
"All fibroblasts"	5	"ADAMDEC1"	-1.04608436371332	11.7592644479689	17.7928166366223	0.000869272101558734	0.0881157170315293
"All fibroblasts"	5	"NNMT"	1.65460848033448	8.58756267829806	17.7650420766468	0.000877074238515307	0.0881157170315293
"All fibroblasts"	5	"SFRP1"	-1.43392370303006	8.26732429014908	17.6099620813367	0.000909436984374116	0.0883725608346853
"All fibroblasts"	5	"CXCL12"	-1.33108757774963	9.65176717147565	17.4682185357164	0.000938623839973694	0.0883725608346853
"All fibroblasts"	5	"HGF"	1.59343167638535	7.68666533221823	16.9829732638461	0.00095019765245807	0.0883725608346853
"All fibroblasts"	5	"BMP7"	2.2777050893002	6.87595059215712	16.503580107789	0.000954857378867492	0.0883725608346853
"All fibroblasts"	5	"NME1"	2.00791292698891	6.46346896128474	16.5475667861503	0.000963744939169043	0.0883725608346853
"All fibroblasts"	5	"IL4R"	1.86034178197284	6.82972571746729	16.8606456876876	0.000979565450871626	0.0883725608346853
"All fibroblasts"	5	"MMP11"	-1.78989999322565	6.24383021798227	16.2806435776593	0.00101345865548554	0.0883725608346853
"All fibroblasts"	5	"KIDINS220"	-1.12791156195279	7.40570578342504	17.0893247329987	0.00101386078827594	0.0883725608346853
"All fibroblasts"	5	"ADAMTS7"	1.85105948729205	6.13135977074451	16.2631299701181	0.00101612520609643	0.0883725608346853
"All fibroblasts"	5	"PTGS1"	2.36776623897985	6.87008798477194	15.7139956645296	0.00103538010832729	0.0887229395768107
"All fibroblasts"	5	"PRRX1"	2.1546101838476	7.00664821393654	16.3030066641003	0.00106818652919964	0.0894033004112362
"All fibroblasts"	5	"ZNF704"	-1.97152919480216	6.30687236410615	15.7975224556981	0.00107400566823177	0.0894033004112362
"All fibroblasts"	5	"ALKAL2"	-1.31366194688225	7.85541508034028	16.6320376391514	0.0011335754804856	0.0916577744070827
"All fibroblasts"	5	"CD82"	2.06378303438868	8.02331096166686	16.6005270049507	0.00113849936104567	0.0916577744070827
"All fibroblasts"	5	"FABP1"	-2.04581382617785	8.10974661469441	16.5548356917493	0.00114827827899726	0.0916577744070827
"All fibroblasts"	5	"PDLIM4"	2.08855624900286	6.35140071965611	15.3733651410434	0.00117908667371485	0.0928451087531952
"All fibroblasts"	5	"CPED1"	-1.18640559844966	7.63694336015815	16.3316749803987	0.00122466385769526	0.0937590936207422
"All fibroblasts"	5	"C1QTNF6"	1.87669222541669	6.60987022536195	15.4057841273436	0.00123539851603746	0.0937590936207422
"All fibroblasts"	5	"SEC13"	1.30930967499238	6.87417089121966	16.1213674064579	0.00123896519800878	0.0937590936207422
"All fibroblasts"	5	"IGHA2"	1.43673366712509	7.48744621420043	16.1557833468195	0.00126468898068246	0.0944787524414962
"All fibroblasts"	5	"SRA1"	1.90289244651288	6.04961310221089	14.7896520603548	0.00139074826514649	0.10184390984454
"All fibroblasts"	5	"MAPKAPK2"	1.50297641410383	7.36768336562749	15.6613706438297	0.0014101373568896	0.10184390984454
"All fibroblasts"	5	"SEMA3E"	-1.78134800355949	5.82728182303305	14.555696780092	0.00141571249311958	0.10184390984454
"All fibroblasts"	5	"PHGR1"	-2.03503996919326	8.05103929457898	14.9585995084525	0.00144378534591981	0.102265331069572
"All fibroblasts"	5	"PHLDA2"	1.92731726150097	6.21584897676614	14.9004234846662	0.00145667109640887	0.102265331069572
"All fibroblasts"	5	"CILP"	-1.73825150969975	7.09307664397663	14.8065687406495	0.00152384240487279	0.104220335552339
"All fibroblasts"	5	"RCSD1"	-1.26612341296454	7.50072548084728	15.0964827029882	0.00153407861957895	0.104220335552339
"All fibroblasts"	5	"EFCC1"	1.54434915877129	6.51222579884102	14.9998518405306	0.00153817553758386	0.104220335552339
"All fibroblasts"	5	"SLC12A2"	-1.25360580606066	7.03341803595618	15.0816977139742	0.00158358374280242	0.106063706543789
"All fibroblasts"	5	"IGLC3"	1.62589246093654	6.63452872469582	14.4357474771386	0.00161244309353362	0.106277285100976
"All fibroblasts"	5	"CXCL3"	2.23695708100767	6.8374019768912	14.7344583886283	0.00164140825574677	0.106277285100976
"All fibroblasts"	5	"TGFBR3"	-1.58908417687649	7.55467276327938	14.8611358035114	0.00164937837213134	0.106277285100976
"All fibroblasts"	5	"SLC26A3"	-2.18965312094608	6.56634860817885	14.4128428626442	0.00165972763758175	0.106277285100976
"All fibroblasts"	5	"MAP3K5"	1.23885714636924	6.94929826651308	14.7427559902255	0.00173584110488259	0.107698449004435
"All fibroblasts"	5	"HAPLN3"	2.43050510797399	6.18428557248874	14.1690703055955	0.00175101372090615	0.107698449004435
"All fibroblasts"	5	"SOX6"	-1.12304196448312	7.69594729641102	14.8837714866808	0.00175158565300722	0.107698449004435
"All fibroblasts"	5	"CXCL1"	1.66942916923603	9.38379652975447	14.8917779209854	0.00175585252366936	0.107698449004435
"All fibroblasts"	5	"MTA1"	1.61644430058387	6.28883102809012	14.0776784158521	0.00184356236990838	0.111423499975768
"All fibroblasts"	5	"FZD1"	-1.13221431037039	7.63782847259449	14.5881539148978	0.00185974785134063	0.111423499975768
"All fibroblasts"	5	"RCAN2"	-1.94270014176563	8.07456592145729	14.5642879740817	0.00188616882881177	0.111423499975768
"All fibroblasts"	5	"P3H4"	1.6733578093412	6.07490125526219	14.0693651505528	0.00189307130557766	0.111423499975768
"All fibroblasts"	5	"SLC31A1"	1.21930545529392	6.83747409915852	14.3123568556111	0.00193402729335474	0.11269577038378
"All fibroblasts"	5	"SNRPD1"	1.23826870550672	6.91306547952369	14.283344651736	0.00199006075965588	0.11481271333183
"All fibroblasts"	5	"EMID1"	1.59937949681027	7.22306067896228	14.2081363538657	0.0020398712996842	0.116231393365104
"All fibroblasts"	5	"PDK4"	-1.54025872692348	7.87260586073343	14.0075835000218	0.00208174575062723	0.116231393365104
"All fibroblasts"	5	"SPARCL1"	-1.47238279934962	10.1752186962679	14.2142197519411	0.0020917197929552	0.116231393365104
"All fibroblasts"	5	"FKBP2"	1.5155015330909	6.56904861450102	13.6696059844954	0.00209443904296137	0.116231393365104
"All fibroblasts"	5	"PLAU"	1.89002465371099	9.49847312241364	14.0841189991001	0.00216531760533264	0.119031185719559
"All fibroblasts"	5	"CLCA4"	-2.39941246496593	5.60959615648158	12.6262534975909	0.00229772912139461	0.122564043976475
"All fibroblasts"	5	"ADGRE5"	1.60988302703245	6.13858084526648	13.4525950139178	0.00230629879096473	0.122564043976475
"All fibroblasts"	5	"ABI3BP"	-1.00232101645177	9.00438184389943	13.8427180792067	0.00230969223635694	0.122564043976475
"All fibroblasts"	5	"NRG1"	1.12732360615388	8.21609064569778	13.8166402645137	0.00231371972497208	0.122564043976475
"All fibroblasts"	5	"NTN4"	-1.6097435525277	5.81972535297525	13.0627518328753	0.00235158932115532	0.123447846615964
"All fibroblasts"	5	"RAI14"	1.30192234198094	7.49805916973781	13.6242902463077	0.00242998146922682	0.125565221543024
"All fibroblasts"	5	"EDIL3"	-0.875742399728157	9.75755965483817	13.636612943823	0.002435021457759	0.125565221543024
"All fibroblasts"	5	"SBNO2"	1.53426422059117	6.63844807761858	13.1359318688125	0.0026347629139195	0.133706210347477
"All fibroblasts"	5	"MAMDC2"	-1.71816750029467	7.21772001105915	12.8113597173139	0.00268928694304575	0.133706210347477
"All fibroblasts"	5	"NFIB"	-1.1830592432573	7.52409077436028	13.1419894279433	0.00269254455943218	0.133706210347477
"All fibroblasts"	5	"SIPA1L1"	1.68562196631159	5.96191508508763	12.4101143725916	0.00270578502748878	0.133706210347477
"All fibroblasts"	5	"HAPLN1"	-1.11433166436747	8.69087966074613	13.1614984163704	0.00271738190729631	0.133706210347477
"All fibroblasts"	5	"COLEC12"	-1.25279218060836	8.39036495866895	13.1900250312631	0.00273057131136944	0.133706210347477
"All fibroblasts"	5	"SELENOM"	1.1482457723973	8.01636029250912	13.1324796682316	0.00279770837065853	0.134901027683659
"All fibroblasts"	5	"PRELID1"	1.45244402190385	6.87064692820452	12.9928079270595	0.00280127412900683	0.134901027683659
"All fibroblasts"	5	"PAPLN"	1.76746973804137	7.15806134742729	12.8190076274274	0.00285478293054831	0.136350984723812
"All fibroblasts"	5	"GBP1"	0.912395044140002	8.82680109014008	12.8132993112916	0.00305088786713685	0.144532712209808
"All fibroblasts"	5	"IGFBP4"	1.08903257378596	9.8823618726748	12.6942044745916	0.00314535302459871	0.147806226405941
"All fibroblasts"	5	"KLHL5"	1.72752451101084	6.86837702438544	12.1807094915347	0.00318413596654465	0.148431682216445
"All fibroblasts"	5	"COTL1"	1.40832895563566	6.6699592638903	12.1653070055585	0.0033166319017123	0.152944377636157
"All fibroblasts"	5	"FAM20C"	1.54648407156087	7.95307836045953	12.4953193404283	0.00333343675301045	0.152944377636157
"All fibroblasts"	5	"SRM"	1.36406942634701	6.54940576771991	12.0950284082119	0.00340548519213963	0.155029392301544
"All fibroblasts"	5	"NDRG2"	-1.46117377113142	7.18812754371184	12.2896710830872	0.00347466610627282	0.156411206530298
"All fibroblasts"	5	"MBP"	-1.49434542889639	6.26754571773858	12.0133381707462	0.00350322231871149	0.156411206530298
"All fibroblasts"	5	"ADH1B"	-1.25973849413223	10.0539779928954	12.274624713894	0.0035408054303186	0.156411206530298
"All fibroblasts"	5	"DDOST"	1.54954724898875	6.27150275371596	11.8968280551945	0.0035558818605437	0.156411206530298
"All fibroblasts"	5	"PIM1"	1.50699612930845	7.66483216240802	12.0461213300475	0.00358408418346646	0.156411206530298
"All fibroblasts"	5	"TMED9"	1.00401392818882	7.91424882791136	12.2300786926207	0.0035968940578445	0.156411206530298
"All fibroblasts"	5	"TGFBI"	1.25239324759391	9.2628403572018	12.1817915487883	0.00364413091305785	0.157291487632505
"All fibroblasts"	5	"NR1D2"	-1.08853691683091	7.07746009507976	12.131353192966	0.00368108826556392	0.157718392084125
"All fibroblasts"	5	"LSP1"	-0.890592892159396	8.52392535490397	12.0980535335031	0.0037255499042903	0.158108099742842
"All fibroblasts"	5	"ELN"	-0.994866916039873	7.79835173296407	12.0340788340444	0.00377396089914752	0.158108099742842
"All fibroblasts"	5	"PTGDS"	1.08420843845887	8.15947539459515	12.0319396070491	0.0038021319155612	0.158108099742842
"All fibroblasts"	5	"LDHA"	0.807103063972094	9.31013648750446	11.991389838809	0.00383880163816954	0.158108099742842
"All fibroblasts"	5	"PPP1CC"	-0.914249580210915	8.37071967250836	11.9791340908548	0.00384434797321269	0.158108099742842
"All fibroblasts"	5	"HIF1A"	1.28823098498627	8.87462742643703	11.9627054198261	0.00387359847847879	0.158108099742842
"All fibroblasts"	5	"B4GALT1"	0.954316464455631	8.18305548647604	11.9189754671387	0.00392594997135527	0.158108099742842
"All fibroblasts"	5	"BIRC3"	1.21077633840227	7.07355444653136	11.5186118452308	0.00394692307921405	0.158108099742842
"All fibroblasts"	5	"TNC"	1.33237091231538	8.21772036127956	11.8287647306601	0.00396065582908549	0.158108099742842
"All fibroblasts"	5	"NEGR1"	-0.878557841387532	8.71079931671987	11.8843422247661	0.00396152094773553	0.158108099742842
"All fibroblasts"	5	"TYMP"	1.79366200130256	6.75070438940086	11.5368290998742	0.00402011424169675	0.158231348288031
"All fibroblasts"	5	"FAM214A"	-1.06211770528075	7.13039176403384	11.6382345762567	0.00403358544457569	0.158231348288031
"All fibroblasts"	5	"SNRPB"	1.10373181532215	7.25308138856408	11.7927070633484	0.00406359005610685	0.158231348288031
"All fibroblasts"	5	"SCARA5"	-0.845787856280985	9.68185278262794	11.7866257856284	0.00407322846116435	0.158231348288031
"All fibroblasts"	5	"FAM118A"	1.41330735427232	6.57937587515545	11.494146932654	0.00419014899741453	0.161423487671003
"All fibroblasts"	5	"BMP1"	1.85942767879367	6.91793592276285	11.4151757194582	0.00421204214175701	0.161423487671003
"All fibroblasts"	5	"SSR4"	1.23123784234221	8.03672162702376	11.6388170889635	0.00423850928671075	0.161423487671003
"All fibroblasts"	5	"PLIN3"	1.09427993136019	7.49094514919907	11.6064690098789	0.00427940210488715	0.161922571851801
"All fibroblasts"	5	"ADAMTSL4"	-1.06813402274459	7.14929054497407	11.2963769362214	0.00434897085769195	0.162268910680762
"All fibroblasts"	5	"NID2"	1.77288538556941	6.45109036559631	11.1299792619308	0.00436160435710467	0.162268910680762
"All fibroblasts"	5	"FBXL7"	-1.44578807079774	6.36345928372685	11.1344642353818	0.00439961998396433	0.162268910680762
"All fibroblasts"	5	"NPNT"	-2.22931895866895	7.3787604010274	11.1074863913341	0.00439994643685608	0.162268910680762
"All fibroblasts"	5	"COL23A1"	1.9681532358179	5.90594965811295	10.7141100694618	0.00451819127752417	0.164803728650781
"All fibroblasts"	5	"TMEM47"	-1.28254282055515	7.53044818675864	11.3014230044505	0.004525243965012	0.164803728650781
"All fibroblasts"	5	"VPS13C"	-0.888815169071839	7.63027844995837	11.3342611345795	0.00462355512251579	0.167338234154655
"All fibroblasts"	5	"ANK3"	-1.46187354809644	6.16296021146079	10.8971918974109	0.00466794732503757	0.167902031253049
"All fibroblasts"	5	"ADH1C"	-2.26840590344599	6.44912851499421	10.6734182782521	0.00479531549765253	0.171425174262707
"All fibroblasts"	5	"ICAM1"	1.37135569104116	7.92535951692446	11.203138846516	0.00483524832343224	0.171798731589266
"All fibroblasts"	5	"SLC16A3"	2.39430631750972	6.49702025612535	10.7639298771919	0.0049173486931014	0.173656914149708
"All fibroblasts"	5	"BCL3"	1.05590572347796	7.64696853106896	11.1211872871251	0.00496715495097397	0.174359107827261
"All fibroblasts"	5	"BMP5"	-0.889066767180422	8.51854481434054	11.0837662706183	0.00500628657890905	0.174680430510797
"All fibroblasts"	5	"PTN"	-0.921012569018131	8.46942662229277	11.0392777896326	0.0050487732199474	0.175114294956152
"All fibroblasts"	5	"MEGF9"	-1.36234377699359	5.86563062201379	10.6138703807697	0.00507991350096056	0.175151810473948
"All fibroblasts"	5	"CTSL"	1.13050610248386	7.93665514649818	10.9693677310984	0.00514779096677044	0.17536197345148
"All fibroblasts"	5	"DSG2"	-1.50745554104292	6.07865417578909	10.5841372786048	0.00517426348700312	0.17536197345148
"All fibroblasts"	5	"THSD4"	-0.999222205042921	7.61668315029934	10.8954876827575	0.00517629302104934	0.17536197345148
"All fibroblasts"	5	"UGT2B17"	-1.93694182883678	6.16711050774716	10.5310369200896	0.00521023178562487	0.175491448640671
"All fibroblasts"	5	"TNFAIP6"	1.92624358479493	6.17124862309728	10.1794961792473	0.00540148180161122	0.180887554356256
"All fibroblasts"	5	"PCNX1"	1.15358422310442	7.07623556223386	10.6541087596284	0.00551727050102057	0.183709344053982
"All fibroblasts"	5	"METTL7A"	-0.940712232446063	8.32764216742504	10.6759555452131	0.0055933821690901	0.185185442609591
"All fibroblasts"	5	"CD9"	-1.04856354071516	7.77391399467766	10.6767607739254	0.00566216559188979	0.18640360962679
"All fibroblasts"	5	"CLIP2"	1.81773358045401	5.98399273844255	10.1194185938909	0.00574514207434024	0.18807271273697
"All fibroblasts"	5	"FIBIN"	1.31083689632193	6.6443648197434	10.1504977076227	0.00579470792934117	0.188635548068553
"All fibroblasts"	5	"RIPOR3"	1.09421456649758	6.93550917126063	10.3444623194715	0.00599444130767113	0.193767955911695
"All fibroblasts"	5	"FXYD1"	-1.78846146382543	7.28038636467185	10.3152753320125	0.0060188776420142	0.193767955911695
"All fibroblasts"	5	"MFAP4"	-0.821808617116763	10.8919131348735	10.439212950449	0.00607311289304386	0.194439718833882
"All fibroblasts"	5	"NR2F2"	-1.0809796911827	8.33410979867738	10.3450211048192	0.00623208041031131	0.198438975687891
"All fibroblasts"	5	"FN1"	-0.790192681240664	9.79740700647436	10.3091815071078	0.0063268698055216	0.199124756082569
"All fibroblasts"	5	"PIM3"	1.14664493820946	6.53221848293232	9.97663886942922	0.00634032750342022	0.199124756082569
"All fibroblasts"	5	"PXDN"	0.876637174432174	9.42147779335074	10.2962659553332	0.00635613602734818	0.199124756082569
"All fibroblasts"	5	"JAG1"	-1.06325958688427	6.75608632086956	9.9020887542644	0.00658335126329512	0.205140041771234
"All fibroblasts"	5	"RARRES1"	1.77839424131759	6.58247579516602	9.73814579494641	0.00663120783623193	0.205445633561424
"All fibroblasts"	5	"WARS"	0.896890748296984	8.97306615586995	10.1416290665227	0.00666367337276628	0.205445633561424
"All fibroblasts"	5	"RECK"	-1.21181186724984	6.68450977887565	9.98634511803636	0.00675429227261918	0.207143479329221
"All fibroblasts"	5	"SLCO2B1"	-1.33975344796772	7.00791213131579	9.86643534319034	0.00688861701938957	0.210156918177922
"All fibroblasts"	5	"CEACAM5"	-1.28993392395996	6.94257014206648	9.95078117962007	0.00696156965095033	0.211276387271289
"All fibroblasts"	5	"ADIRF"	-2.06918260947652	6.86689076038362	9.65066601663011	0.00736488807594807	0.219105600410135
"All fibroblasts"	5	"EML3"	1.57480352374949	6.172587352768	9.37885502237884	0.00738284339570733	0.219105600410135
"All fibroblasts"	5	"SCAP"	1.45323126183794	6.30523295087288	9.45892927015863	0.00748527130965359	0.219105600410135
"All fibroblasts"	5	"PPP1R1B"	-1.80148005137468	5.87421354924823	9.82560862795804	0.0074971049819911	0.219105600410135
"All fibroblasts"	5	"TSPAN9"	1.43328439347001	6.40283716522306	9.58449910075406	0.00750223901510785	0.219105600410135
"All fibroblasts"	5	"FKBP1A"	0.940079222279513	8.72540534257442	9.75141572836718	0.0075284911986762	0.219105600410135
"All fibroblasts"	5	"PHC2"	1.34254233893392	7.22829424485076	9.70541460805265	0.00758682395120541	0.219105600410135
"All fibroblasts"	5	"RSPO3"	-1.3456552162009	6.55220012131451	9.49448480783154	0.00760756449809824	0.219105600410135
"All fibroblasts"	5	"TARID"	-1.76490778893697	5.75852440120842	9.29169185793718	0.00762330341564431	0.219105600410135
"All fibroblasts"	5	"IGKC"	1.18728079573793	10.5849691591176	9.70859893480833	0.0076313306749954	0.219105600410135
"All fibroblasts"	5	"MICAL2"	0.967299131835703	7.52417606481427	9.66043315227129	0.00763316232765702	0.219105600410135
"All fibroblasts"	5	"CDC25B"	1.6735647296863	5.83855216076077	9.16095912397174	0.00771128009401197	0.220260038284226
"All fibroblasts"	5	"ANGPTL2"	0.941264031446878	8.38730024401808	9.64032919955484	0.00781372239429472	0.220260038284226
"All fibroblasts"	5	"NR1D1"	-1.31987709042248	7.22240558675715	9.49774812956316	0.00783145103079061	0.220260038284226
"All fibroblasts"	5	"COL7A1"	2.07828494213074	7.94608485132874	9.60448458703433	0.00786936502878246	0.220260038284226
"All fibroblasts"	5	"SLIT3"	-1.42071905758158	7.11643713754828	9.55698688813859	0.007905847848651	0.220260038284226
"All fibroblasts"	5	"TMEM100"	-1.38095547241401	6.86226747038598	9.35458652275402	0.00793508816245568	0.220260038284226
"All fibroblasts"	5	"ZNF721"	-1.33152780874656	5.9223886091405	9.21967121495594	0.00793797975625321	0.220260038284226
"All fibroblasts"	5	"PCED1A"	1.5360740148657	6.71878262032099	9.29859759647275	0.00800556651087997	0.221082635350226
"All fibroblasts"	5	"IRF2BP2"	-0.828280750752128	8.55870913718484	9.49943643579019	0.00816212458971596	0.222200226272122
"All fibroblasts"	5	"WNT5A"	1.03286611727424	8.38648046481812	9.49688021065982	0.00818661817595954	0.222200226272122
"All fibroblasts"	5	"DACT1"	-1.36258873866895	6.67616394685827	9.27174168936623	0.00819271437051527	0.222200226272122
"All fibroblasts"	5	"ADAMTS4"	2.31144313611026	6.94935579303287	9.02621878624837	0.00819856678368048	0.222200226272122
"All fibroblasts"	5	"PGD"	1.35504006778697	6.36112882571116	9.10499153029598	0.00829010808467845	0.22306771917468
"All fibroblasts"	5	"SULF2"	1.21810148319467	6.58039582021439	9.13237533571801	0.00834870288837113	0.22306771917468
"All fibroblasts"	5	"TFPI2"	1.18809025356796	6.93950531481656	9.37119651997856	0.00834929975455453	0.22306771917468
"All fibroblasts"	5	"ACADVL"	0.78339233974885	8.31935327315158	9.42281757157454	0.00838370181899001	0.22306771917468
"All fibroblasts"	5	"ATP1B1"	-1.30506388255049	7.44106636831917	9.34284674652516	0.00857033794063663	0.226997087182226
"All fibroblasts"	5	"FMNL3"	1.43617545367997	5.91638099990858	8.91916077441755	0.00876490719848297	0.229877043135844
"All fibroblasts"	5	"SNED1"	1.10047515688181	7.35242392951249	9.26934329941989	0.00879896310321278	0.229877043135844
"All fibroblasts"	5	"RAB5C"	0.983797970164632	7.49886040166226	9.26609653909471	0.00880673642230572	0.229877043135844
"All fibroblasts"	5	"SUPT5H"	0.892811997787598	7.24140889509653	9.18219322523662	0.00887091264718526	0.229877043135844
"All fibroblasts"	5	"ATXN7L3"	1.69242932036766	5.93665133100678	8.87869556701384	0.00894178965978193	0.229877043135844
"All fibroblasts"	5	"PCDH19"	-1.17298048558699	7.73712624024113	9.01342270914568	0.00894211273519762	0.229877043135844
"All fibroblasts"	5	"MAP7D1"	1.31850175746063	7.03688569418947	9.16248376571081	0.00896257852404725	0.229877043135844
"All fibroblasts"	5	"ASPN"	-1.69542451173344	6.21556376980088	8.86971774867423	0.00902661089819778	0.229877043135844
"All fibroblasts"	5	"YIPF3"	0.847106761093604	7.53291572516518	9.17190697940807	0.00903412439988128	0.229877043135844
"All fibroblasts"	5	"ADM"	0.844144884858081	8.51491322322939	9.17074475275042	0.00910195368861712	0.23059601801553
"All fibroblasts"	5	"LGALS4"	-1.81035841634768	8.05549456798696	9.03604514810923	0.00931960684232525	0.233959272215164
"All fibroblasts"	5	"TKT"	1.25059151985355	6.79922119787301	8.95290096162161	0.00932074933547455	0.233959272215164
"All fibroblasts"	5	"CCDC68"	-1.17619370565701	7.64372827174448	9.07301152762771	0.00938043293134184	0.233959272215164
"All fibroblasts"	5	"SDF2L1"	1.45114664967805	6.01542073648958	8.69583567913876	0.00939530971311966	0.233959272215164
"All fibroblasts"	5	"CERS6"	-0.952850099213424	7.00929720886038	9.03312488730187	0.00946772452481296	0.234717274302045
"All fibroblasts"	5	"PDXK"	1.30095383369675	5.96112520349542	8.88695625725771	0.00953608146249777	0.234717274302045
"All fibroblasts"	5	"PRXL2A"	1.10775485760821	6.5155879882526	8.88975580947066	0.00954659241626646	0.234717274302045
"All fibroblasts"	5	"PCSK6"	-1.06649484948908	7.93311678765256	8.93466141500745	0.00978491182296833	0.239565887363178
"All fibroblasts"	5	"TACC1"	-0.777920941710107	8.3148074854162	8.81239383688643	0.0102189174186859	0.246374374170114
"All fibroblasts"	5	"CD109"	-1.04473024220015	6.37767260021655	8.65058739872216	0.0102836370932591	0.246374374170114
"All fibroblasts"	5	"MYO9A"	-0.967965552477377	6.87627951500934	8.77885233730934	0.0102991220480894	0.246374374170114
"All fibroblasts"	5	"THY1"	1.22724857042916	9.48836114272394	8.7861850306791	0.0103075968921779	0.246374374170114
"All fibroblasts"	5	"DIO2"	1.27224356873697	7.53505602917499	8.62836542532549	0.0103139877620356	0.246374374170114
"All fibroblasts"	5	"ALG3"	1.49588498376113	6.07694229414096	8.41549414695783	0.0103166890848649	0.246374374170114
"All fibroblasts"	5	"CYC1"	1.17022921510831	6.25753969801247	8.46396723934267	0.0104516040852644	0.248577538795248
"All fibroblasts"	5	"CHST15"	1.12527752837522	6.70185015802117	8.64713223920044	0.0105515177950783	0.249800180033918
"All fibroblasts"	5	"PREX2"	-1.30537792669752	6.41377732596794	8.63394696351346	0.0105887496942471	0.249800180033918
"All fibroblasts"	5	"KLF5"	-1.3252029063923	6.09747074302317	8.44944271146002	0.0106642607523924	0.250567126629801
"All fibroblasts"	5	"GNL1"	1.05795584440152	6.30511618754854	8.37291850072275	0.010709404347413	0.250617265591869
"All fibroblasts"	5	"STMN3"	1.08726469250426	6.50031033744005	8.52035815597016	0.0108765259702386	0.253510067314321
"All fibroblasts"	5	"KDM6B"	1.01804549889264	7.27893287174078	8.51552082213475	0.0109945426391359	0.253711301092093
"All fibroblasts"	5	"PPP4C"	1.02750585846845	6.92704328793641	8.54829981640273	0.0110149826019837	0.253711301092093
"All fibroblasts"	5	"CFH"	-0.646130041772372	10.1709862107095	8.57968767247787	0.0110439968313413	0.253711301092093
"All fibroblasts"	5	"POMP"	0.912566176041044	7.8879126864185	8.58353370304031	0.0110593222030876	0.253711301092093
"All fibroblasts"	5	"EXT1"	0.828453779735449	7.72530736231109	8.55548190882203	0.0111677373954136	0.255193748247353
"All fibroblasts"	5	"TSHZ1"	-1.32109187607806	6.4338436572081	8.39108755703001	0.0112721953207382	0.25657453958571
"All fibroblasts"	5	"ABCA6"	-1.02443945832011	7.36323318585805	8.28012838026013	0.0113555473826553	0.257466049022305
"All fibroblasts"	5	"PSMD2"	1.04778165986449	7.07697705063393	8.43636161133192	0.0114787291115427	0.25925021136806
"All fibroblasts"	5	"SFTA1P"	-1.54503273867292	6.47512044507895	8.27127438459903	0.011607832766199	0.26100535865941
"All fibroblasts"	5	"PRAF2"	1.49906274698376	5.90239385725029	8.07924742449655	0.0117127617168846	0.26100535865941
"All fibroblasts"	5	"HSPB6"	-1.04879289462138	8.07477077321205	8.38252757535605	0.0117704306167296	0.26100535865941
"All fibroblasts"	5	"AEBP1"	1.13049555015765	8.29967490933523	8.36548063426581	0.0118920000071107	0.26100535865941
"All fibroblasts"	5	"DAZAP1"	1.03056995960495	6.49924036238101	8.29491056149884	0.0119058546404912	0.26100535865941
"All fibroblasts"	5	"UBE2Z"	0.918791610762785	7.29998545503849	8.30634459439692	0.0119353845799869	0.26100535865941
"All fibroblasts"	5	"ASPA"	-1.72282273944427	5.97007008818374	8.11607436358194	0.0119493070453736	0.26100535865941
"All fibroblasts"	5	"PLEKHO1"	1.40078274528587	6.14641390067616	8.12290801532318	0.0119558775108058	0.26100535865941
"All fibroblasts"	5	"NINJ1"	1.40301855541244	6.14487752599186	8.07627925990241	0.0120263153409098	0.26100535865941
"All fibroblasts"	5	"FKBP10"	1.14729534075436	7.68968130036431	8.32556118618335	0.0120307204814481	0.26100535865941
"All fibroblasts"	5	"ZMIZ2"	1.27069874495557	6.26329523106928	8.24067801621733	0.0120491576247436	0.26100535865941
"All fibroblasts"	5	"RNF24"	1.10709076251262	7.19771610664873	8.0559062007168	0.0121518905728965	0.261336928463569
"All fibroblasts"	5	"AP2S1"	1.42180240621906	6.78976316428856	8.1599365300867	0.0121568721968343	0.261336928463569
"All fibroblasts"	5	"CALR"	0.933089465033329	9.73154470398158	8.28675184285195	0.0121990122776885	0.261336928463569
"All fibroblasts"	5	"NFKB2"	1.24107087939416	6.63961584743108	8.23868713513989	0.0123377229771153	0.263340336218501
"All fibroblasts"	5	"STEAP1"	1.41457819826698	6.51882286324888	8.04083306435093	0.0124405747759687	0.263630312751745
"All fibroblasts"	5	"PDE5A"	-0.982549736551777	7.52517142196992	8.21317590202992	0.0124417944065093	0.263630312751745
"All fibroblasts"	5	"CCL13"	-1.5077650778075	8.87924372395528	8.17666239883752	0.0126562889888649	0.266756898100608
"All fibroblasts"	5	"PER3"	-1.38847900087691	6.21516010023868	7.9880451549934	0.0126924420483733	0.266756898100608
"All fibroblasts"	5	"FPGS"	1.59567594087926	5.94144592880311	7.84102984539131	0.0127270387309708	0.266756898100608
"All fibroblasts"	5	"BDKRB2"	0.939624144735976	7.75578618379828	8.10620978381506	0.012772468606499	0.266756898100608
"All fibroblasts"	5	"PCOLCE"	1.03871339975638	8.98217181191764	8.13467835143091	0.0128576600797311	0.267163214165675
"All fibroblasts"	5	"ADAMTS2"	0.848112558199906	7.84089512560064	8.12430949295808	0.0128836216201398	0.267163214165675
"All fibroblasts"	5	"SKAP2"	-1.00954459077779	7.01956520596996	8.05945170736189	0.0129652709123704	0.267902956051
"All fibroblasts"	5	"COX20"	-0.85404587686068	7.27471056672447	8.03335889461055	0.0131228327341773	0.268380509077705
"All fibroblasts"	5	"KMT2E"	-0.739999984234059	8.69470074290623	8.06984733144848	0.0131571443764152	0.268380509077705
"All fibroblasts"	5	"SRPX"	-0.928879980314262	6.76150329398091	7.93457992990647	0.013157933025995	0.268380509077705
"All fibroblasts"	5	"P4HB"	1.04795310902204	8.33778525098759	8.06541722892017	0.0131859197133151	0.268380509077705
"All fibroblasts"	5	"PKM"	0.86365449161817	9.42774681828924	8.05448561383068	0.0132186727484643	0.268380509077705
"All fibroblasts"	5	"AHNAK"	-0.740440698100797	9.99802952046973	8.03555355507121	0.0133022802082126	0.26914023185158
"All fibroblasts"	5	"S100A11"	0.645682918064985	9.64656816408128	8.0014571502671	0.0134606842598396	0.271028191444632
"All fibroblasts"	5	"COL6A3"	0.754928299721251	10.4449028669867	7.99499767224143	0.0134893350979922	0.271028191444632
"All fibroblasts"	5	"NUDT4"	-0.897201416519901	8.17863936182288	7.98398134764203	0.0135351302060045	0.271028191444632
"All fibroblasts"	5	"ZYX"	1.00174286565065	8.08512651374067	7.97777441511995	0.0135912830857077	0.2712205703439
"All fibroblasts"	5	"PDPN"	1.40985245050835	9.15469587770072	7.93551883930065	0.0137969350330802	0.273753462853518
"All fibroblasts"	5	"SNX17"	1.04659789763075	6.51722143741798	7.84705284316605	0.0138121705987531	0.273753462853518
"All fibroblasts"	5	"C2"	0.912607153023611	8.11921908233281	7.89832108369323	0.0139724066710285	0.274903342072224
"All fibroblasts"	5	"TMED3"	0.9297320580789	6.61843219584674	7.81925973253167	0.0139811940287931	0.274903342072224
"All fibroblasts"	5	"NCOA7"	1.22736266708615	8.79893437281303	7.89068641069323	0.0140117200266776	0.274903342072224
"All fibroblasts"	5	"HOXA5"	-1.25796633178854	6.54758048060436	7.73124998471301	0.0142413698981026	0.278471350322965
"All fibroblasts"	5	"PRELP"	-1.69733358257099	6.4827346738796	7.62695298534084	0.0143052802370159	0.278785511508668
"All fibroblasts"	5	"ARHGDIA"	1.25065033282183	8.02318558271184	7.79358506425257	0.0145061830128525	0.279174300162572
"All fibroblasts"	5	"NFKBIB"	1.13832696923129	6.13842221809896	7.57459670018173	0.0145107167104453	0.279174300162572
"All fibroblasts"	5	"TPD52L2"	1.43820041774028	6.71819910187607	7.71252703099125	0.0145427532011753	0.279174300162572
"All fibroblasts"	5	"CDC42EP1"	0.912317905182415	7.82730651871488	7.78491026336582	0.0145471279891591	0.279174300162572
"All fibroblasts"	5	"FABP5"	-1.28992950437229	8.9927053599712	7.77530742212047	0.0145785644314977	0.279174300162572
"All fibroblasts"	5	"FBLIM1"	0.735290484793799	8.39670762107135	7.77090384244241	0.0146126929036527	0.279174300162572
"All fibroblasts"	5	"AKAP12"	-0.935732624431425	8.23833492697282	7.7102109345955	0.0149322934452067	0.284347953938626
"All fibroblasts"	5	"CLSTN2"	-1.60214215622664	6.02833080825639	7.44368060764494	0.0151585628477274	0.2875497364363
"All fibroblasts"	5	"TIMM13"	1.27301210008898	6.49838934374488	7.56753903121914	0.0151991279942304	0.2875497364363
"All fibroblasts"	5	"CLIC1"	1.28509341195379	7.16192825400961	7.65437909115204	0.015248774165985	0.287555362670533
"All fibroblasts"	5	"TRIM2"	-1.17188504529368	6.06697774032662	7.43429413695474	0.0153782130647796	0.289060798478937
"All fibroblasts"	5	"MOB3B"	-1.07453833945645	6.36976262076596	7.40463975646248	0.0155760104643617	0.289557216469841
"All fibroblasts"	5	"C3"	0.768725900813776	9.16774251308505	7.58453358952961	0.0155880150828345	0.289557216469841
"All fibroblasts"	5	"NXN"	1.0121400062804	6.54238160695892	7.54706264266914	0.0156078945631925	0.289557216469841
"All fibroblasts"	5	"TSC22D1"	-0.723912934863049	8.90925158770237	7.5730962178865	0.0156417222894836	0.289557216469841
"All fibroblasts"	5	"SESN3"	-0.972535622957943	6.36258354352905	7.40437317831183	0.0156530844667925	0.289557216469841
"All fibroblasts"	5	"SYF2"	-0.746077746441369	7.65482334728282	7.55752299376449	0.0157682430713268	0.29076440625513
"All fibroblasts"	5	"USP47"	-0.804109321733445	7.10443056086887	7.43083855426824	0.0160191357916843	0.29374764013582
"All fibroblasts"	5	"CENPC"	-1.10228620230025	6.64583194698417	7.34155871162143	0.016055707506354	0.29374764013582
"All fibroblasts"	5	"SUSD6"	1.06210588475043	6.73013576853241	7.32164763805768	0.0161715736981677	0.29374764013582
"All fibroblasts"	5	"C7"	-2.34390164535629	7.73484134010221	7.29655075712498	0.0161833762154945	0.29374764013582
"All fibroblasts"	5	"C1QTNF1"	1.28285549165955	6.38279658144166	7.36608976497725	0.0162261562111758	0.29374764013582
"All fibroblasts"	5	"RAB13"	0.838992201102167	7.26387622784317	7.42084519408752	0.016232493585676	0.29374764013582
"All fibroblasts"	5	"TMEM147"	1.12159828558969	6.61026479644514	7.39736170423201	0.0163281093049987	0.294563135975937
"All fibroblasts"	5	"C16orf45"	0.935946099593914	6.62189000325552	7.2548737034959	0.0164538802098093	0.295487413993778
"All fibroblasts"	5	"KRT20"	-1.52513263525493	5.63340567739611	7.20995688731023	0.0165696179282977	0.295487413993778
"All fibroblasts"	5	"COL13A1"	-1.14235641504366	7.10498175436799	7.32791138970767	0.0165743489465011	0.295487413993778
"All fibroblasts"	5	"LMNA"	0.782618112133381	8.98842281985287	7.40715231643599	0.0166293851282918	0.295487413993778
"All fibroblasts"	5	"LMO4"	0.783334428833868	8.76121352687963	7.39913084285342	0.0166771486397156	0.295487413993778
"All fibroblasts"	5	"AOC3"	-1.17372621944463	6.73358863122927	7.31822738896084	0.0167009510915588	0.295487413993778
"All fibroblasts"	5	"EMILIN1"	0.717560989462234	8.54849989751254	7.3848100912535	0.0167465859260339	0.295487413993778
"All fibroblasts"	5	"ITGA5"	1.34042529899047	8.30660654071379	7.37151436500335	0.016854850259524	0.295487413993778
"All fibroblasts"	5	"COLGALT1"	1.21418827488861	7.09449967394605	7.32108102986842	0.0168806594246483	0.295487413993778
"All fibroblasts"	5	"CCDC71L"	1.47517409722162	8.00839096115113	7.36696485123702	0.016886443943698	0.295487413993778
"All fibroblasts"	5	"CPNE1"	0.863450169609713	7.60790976119949	7.31932797300485	0.017048077492422	0.297422597450129
"All fibroblasts"	5	"JDP2"	1.15497670485157	6.895941225566	7.16282942014923	0.0171223824495394	0.297827231443182
"All fibroblasts"	5	"C12orf75"	1.80577667835651	5.97699439100407	6.96581241814003	0.0173147405019466	0.299712091369273
"All fibroblasts"	5	"MSC"	1.07512523228515	6.67528531118822	7.181954888016	0.0173336150319967	0.299712091369273
"All fibroblasts"	5	"FXYD5"	1.21511901761093	7.07438513039325	7.26488065034508	0.0174253624804385	0.300407062643536
"All fibroblasts"	5	"POU2F1"	-0.947087306614287	6.25834413393521	7.10706973698553	0.0175945925028996	0.302429765529191
"All fibroblasts"	5	"SDK1"	1.02808784733725	6.31434843431247	7.18129745816749	0.0177697429846067	0.304003569256897
"All fibroblasts"	5	"PRPF3"	1.1437518924002	6.37566921936602	7.08689417309515	0.0177904954722158	0.304003569256897
"All fibroblasts"	5	"SMAD5"	-0.663170683009798	7.9673766467511	7.20896828587698	0.0178657218489839	0.304396377818799
"All fibroblasts"	5	"DNAJB12"	1.68927255289409	5.71918328973916	6.89862631050574	0.0179925057046084	0.304793629105818
"All fibroblasts"	5	"SENP7"	-0.945248529399041	6.22402997365639	7.05103609695346	0.0180035035732006	0.304793629105818
"All fibroblasts"	5	"HMGCS2"	-2.22098512234825	6.47201520510601	7.12792234289409	0.0180459588195482	0.304793629105818
"All fibroblasts"	5	"CMBL"	-1.34803155237214	6.88439960484436	7.1308498834266	0.018189188521431	0.306324859868145
"All fibroblasts"	5	"P2RY1"	-0.996491593334512	6.71335291782597	7.08187370288214	0.0182528643358475	0.306511355864505
"All fibroblasts"	5	"SPON2"	1.12135636241173	9.21763958969134	7.11254645158843	0.0184895139158985	0.308777250565369
"All fibroblasts"	5	"ADD3"	-0.684971221648822	8.78753307165714	7.111087151071	0.0185082002032977	0.308777250565369
"All fibroblasts"	5	"GFRA1"	-1.37641849386912	6.27760157336361	7.01227015230669	0.0185467715287247	0.308777250565369
"All fibroblasts"	5	"SLC3A2"	0.91110892826478	6.63432679745483	7.01685356646435	0.0186591467487888	0.309613498671289
"All fibroblasts"	5	"LTBP4"	-0.690186989223686	9.86347586733426	7.07996701877073	0.0187032695267365	0.309613498671289
"All fibroblasts"	5	"PCDH7"	-0.980247041332274	8.43103713798299	7.05762777931439	0.0188209837840017	0.309940421145614
"All fibroblasts"	5	"DACH1"	-0.961991081919352	6.9243227998427	6.91181313658102	0.0188293991909297	0.309940421145614
"All fibroblasts"	5	"NFATC4"	1.15843771919444	6.32881886674034	6.83637434460183	0.0188900486890902	0.310062855524869
"All fibroblasts"	5	"CDCP1"	1.43577799545713	6.36132154824713	6.73289939250464	0.0191216620413285	0.311719588309049
"All fibroblasts"	5	"KCNS3"	-1.53179084548484	5.981654958443	6.85936335430724	0.0191471373272004	0.311719588309049
"All fibroblasts"	5	"EIF6"	1.01556187489096	6.74905016110827	6.94180922279884	0.0191785946570002	0.311719588309049
"All fibroblasts"	5	"CREB3"	1.2002472871766	6.02804271062393	6.91798267617823	0.0192049651970051	0.311719588309049
"All fibroblasts"	5	"TAF7"	-0.857932107428426	7.31860682975723	6.93066906575686	0.019461602932524	0.314965769754404
"All fibroblasts"	5	"TDO2"	1.10494442938309	7.13728153781067	6.971687850004	0.0195130672526755	0.314965769754404
"All fibroblasts"	5	"TTL"	1.18746102630877	6.55709211375808	6.90522871139366	0.019675727589359	0.316713990782307
"All fibroblasts"	5	"INPP5E"	1.5651890435659	5.72378379693451	6.64331707167709	0.0199099361296097	0.31887792963653
"All fibroblasts"	5	"HACD4"	-0.744164253440588	7.15141386329278	6.90995884943681	0.0199196098142607	0.31887792963653
"All fibroblasts"	5	"PXDC1"	1.23560615616734	6.16309398636508	6.80393258439384	0.0201978921059283	0.321685125548745
"All fibroblasts"	5	"GLIPR1"	1.1603805108971	7.76449225407055	6.8624149246695	0.0202053811482479	0.321685125548745
"All fibroblasts"	5	"DPP9"	1.09933724852056	6.54227035422438	6.66101005219168	0.0203523584175124	0.32314221389331
"All fibroblasts"	5	"ENTPD5"	-1.13156911717663	5.88533656646913	6.75175673145533	0.0204629268015215	0.323562290009369
"All fibroblasts"	5	"TRAF7"	1.06134638878924	6.31127459059048	6.74705185240974	0.0204898721492118	0.323562290009369
"All fibroblasts"	5	"PSME2"	0.835175820310523	7.24855020898199	6.82844768980114	0.0205721035059605	0.323982830079005
"All fibroblasts"	5	"CD46"	-0.722122362713262	7.73476400253602	6.77114779674036	0.0209928649541096	0.329280887197361
"All fibroblasts"	5	"EFCAB14"	-0.659293124551133	8.03853551702248	6.7651017938505	0.0210215359597423	0.329280887197361
"All fibroblasts"	5	"NIPSNAP2"	-0.839441968285181	6.72302141647583	6.7184137705943	0.0213824195819308	0.3330344725216
"All fibroblasts"	5	"FNIP2"	-0.986005330380264	6.08121923414329	6.58872211895503	0.0217072784350963	0.3330344725216
"All fibroblasts"	5	"C16orf58"	-0.807620636965584	7.22311246604582	6.67119060820943	0.0217097603471527	0.3330344725216
"All fibroblasts"	5	"TNS3"	0.795753654521131	7.4559042689658	6.67001963259577	0.0218272553074928	0.3330344725216
"All fibroblasts"	5	"CP"	-1.04013170758965	8.23948518974783	6.6412120180278	0.0219505475022936	0.3330344725216
"All fibroblasts"	5	"C15orf48"	-1.11592486020032	7.10831244525311	6.62903543919119	0.0220309479655784	0.3330344725216
"All fibroblasts"	5	"PYCARD"	1.16957018261592	5.89933397184184	6.53085991723974	0.0220966271779574	0.3330344725216
"All fibroblasts"	5	"CSNK1E"	0.859606556463033	7.72753268160339	6.61975011619965	0.0221780745438706	0.3330344725216
"All fibroblasts"	5	"MFHAS1"	1.11670880845496	6.2883705710342	6.47125672882991	0.0221943768763479	0.3330344725216
"All fibroblasts"	5	"E2F4"	0.977726455113168	6.41252492077221	6.56724725831921	0.0222445867818244	0.3330344725216
"All fibroblasts"	5	"ISG15"	1.30773860776654	6.26164009544409	6.50082486548547	0.0222735368107244	0.3330344725216
"All fibroblasts"	5	"UBALD2"	1.22099859827358	6.06471968343517	6.48649199918564	0.0223114434444624	0.3330344725216
"All fibroblasts"	5	"TSPAN11"	1.07305541379772	7.64925066957699	6.60564336582017	0.0223554291709007	0.3330344725216
"All fibroblasts"	5	"GPI"	0.933460184847532	7.77226403180424	6.57940901331177	0.0223719361291781	0.3330344725216
"All fibroblasts"	5	"SLC38A7"	1.27222860880977	5.93181606057192	6.4074439083411	0.0223748186379536	0.3330344725216
"All fibroblasts"	5	"BAG6"	0.829632232738543	7.28731361002486	6.58573933017568	0.0224735277022316	0.3330344725216
"All fibroblasts"	5	"RAB31"	0.822750157656285	8.2642838570789	6.58933152458407	0.0224788021033777	0.3330344725216
"All fibroblasts"	5	"ATOX1"	1.16331348399586	6.38953584137033	6.49514819367876	0.0225057254016821	0.3330344725216
"All fibroblasts"	5	"BAZ1A"	0.83912294879911	7.12197435658375	6.54781411902613	0.0225702627148303	0.3330344725216
"All fibroblasts"	5	"LDLR"	1.11160502099184	7.04758409034477	6.44081510341971	0.0226316699419965	0.3330344725216
"All fibroblasts"	5	"SYNPO2"	-0.899022256845706	7.49233743280904	6.54851787011657	0.0226798443450481	0.3330344725216
"All fibroblasts"	5	"CDK2AP2"	0.969204448951908	6.61267399233912	6.40731485928043	0.0226963109557368	0.3330344725216
"All fibroblasts"	5	"NAMPT"	1.0960486942086	9.03007697875943	6.55601676468838	0.0227462579575591	0.3330344725216
"All fibroblasts"	5	"TIMM10"	1.54652569590983	5.7485363426288	6.33098606756971	0.0227924999143595	0.3330344725216
"All fibroblasts"	5	"FAXDC2"	-1.38135454195697	6.29423321249148	6.39315058567001	0.0228667624073081	0.3330344725216
"All fibroblasts"	5	"UBE2S"	1.4437799002076	6.38975979276446	6.48728631730427	0.0229944392553605	0.3330344725216
"All fibroblasts"	5	"CLSTN3"	1.15259497619564	6.96989393432109	6.53587948108512	0.0229945485034375	0.3330344725216
"All fibroblasts"	5	"SPSB1"	0.97122331667927	7.17959757149465	6.482641201312	0.0230335052456387	0.3330344725216
"All fibroblasts"	5	"ALDH6A1"	-1.24288212510719	6.23114466716456	6.46970047833359	0.0230978957040967	0.3330344725216
"All fibroblasts"	5	"RCN3"	1.56917553326293	7.27015632864268	6.49986823246494	0.0231410408425394	0.3330344725216
"All fibroblasts"	5	"KLF11"	-1.24527816632598	5.91506216883664	6.35425130677043	0.0232388736832968	0.3330344725216
"All fibroblasts"	5	"MAN1C1"	-0.840154259059301	7.20059506778481	6.46667666359796	0.0233690371317399	0.3330344725216
"All fibroblasts"	5	"LRRC59"	0.906298687517617	6.93705754050541	6.4831479695671	0.0233944976187394	0.3330344725216
"All fibroblasts"	5	"SAMD4B"	0.739679104243182	7.37539767093526	6.48195881104202	0.0234219705057596	0.3330344725216
"All fibroblasts"	5	"NUMBL"	1.07110275148478	6.06647567202028	6.4336223299194	0.0234587446461241	0.3330344725216
"All fibroblasts"	5	"CYBRD1"	-0.756161460294771	8.58804607312488	6.45444365016395	0.0235932359090614	0.3330344725216
"All fibroblasts"	5	"NR3C1"	-0.669305630280007	8.34718847884276	6.44207848668883	0.0237618825686178	0.3330344725216
"All fibroblasts"	5	"HK1"	0.872072621763985	6.43248706991034	6.41751127405771	0.023772480715481	0.3330344725216
"All fibroblasts"	5	"TCF25"	0.895923194221767	8.04409719835315	6.43727183382152	0.0238133900889235	0.3330344725216
"All fibroblasts"	5	"TET2"	-1.02389832146612	6.51516242615204	6.37541406539402	0.0238290349794404	0.3330344725216
"All fibroblasts"	5	"AL357054.4"	-1.11291917153748	6.13241516799827	6.29657959252502	0.0238426112591817	0.3330344725216
"All fibroblasts"	5	"SYNJ2BP"	-0.995308718272105	6.56262046350497	6.42390252384506	0.0238639985064476	0.3330344725216
"All fibroblasts"	5	"PPP1R14B"	1.34578606549341	5.98941048325778	6.25578526088963	0.0238741682865414	0.3330344725216
"All fibroblasts"	5	"FABP4"	-1.73337614840086	6.03661273252587	6.2874504048717	0.0238818899729911	0.3330344725216
"All fibroblasts"	5	"BASP1"	0.635469970086593	8.84056585534143	6.42566028491526	0.0239096817223126	0.3330344725216
"All fibroblasts"	5	"TMTC2"	-1.05373740950513	6.83225616969319	6.34322228765911	0.0239470786006087	0.3330344725216
"All fibroblasts"	5	"TMEM214"	0.761963726284672	7.40945113344531	6.40621023799203	0.0240576065415484	0.3330344725216
"All fibroblasts"	5	"ZMYND11"	-0.72401492638444	7.69397251113405	6.395868082097	0.0241703614614944	0.3330344725216
"All fibroblasts"	5	"SCO2"	1.14901041494809	6.3651672448452	6.38201598678379	0.0241959068743279	0.3330344725216
"All fibroblasts"	5	"MAD2L2"	1.08277613466692	6.05270777700232	6.27412689642272	0.0242620804315707	0.3330344725216
"All fibroblasts"	5	"FADS1"	0.951064073492882	6.36961044671664	6.20939297023483	0.024315867208641	0.3330344725216
"All fibroblasts"	5	"SELENOS"	0.707511782347462	7.67251791220208	6.38100981079115	0.024336464967741	0.3330344725216
"All fibroblasts"	5	"COL14A1"	-0.681635954007297	9.67936229599593	6.37656561471374	0.024337655238273	0.3330344725216
"All fibroblasts"	5	"GPR137B"	-0.903572772571102	6.07760674165647	6.2337148416491	0.0243474661565474	0.3330344725216
"All fibroblasts"	5	"EDNRB"	-0.674501372398855	8.7264097137387	6.36328314386079	0.0244812809433797	0.333772444663769
"All fibroblasts"	5	"POLR2A"	-0.700926560064261	7.27763584257118	6.33602288582816	0.0245159784307694	0.333772444663769
"All fibroblasts"	5	"CLIC6"	0.970735293477234	6.40171628016065	6.26858479420349	0.0247109181079307	0.335642237330798
"All fibroblasts"	5	"TFRC"	1.05676341332365	7.14746341493272	6.32740219788736	0.024782529676947	0.335832094017604
"All fibroblasts"	5	"CDKN1B"	-0.942548403541094	6.45050593273567	6.28847371550299	0.0250636893851559	0.33885410219792
"All fibroblasts"	5	"GREM1"	1.10155843834175	7.17396565894826	6.1147768223126	0.0252577112656644	0.340686767465339
"All fibroblasts"	5	"TCF7L2"	-0.70669537498522	7.53174719903503	6.26273875917608	0.0253797099705098	0.341541732097368
"All fibroblasts"	5	"TPM4"	0.590720494886637	10.3437794891059	6.26084277553894	0.0254392682336909	0.341554414741283
"All fibroblasts"	5	"MBOAT7"	1.04684937425004	6.29879426613983	6.09414244168972	0.0258406686623145	0.344774638467463
"All fibroblasts"	5	"LAP3"	0.779032395233349	7.72119624245199	6.22229072452493	0.025864805657895	0.344774638467463
"All fibroblasts"	5	"EIF4A2"	-0.63148155344091	9.23979519451727	6.21760210860556	0.0258807878423488	0.344774638467463
"All fibroblasts"	5	"CTSB"	0.555452231724907	10.372151972704	6.21107073124925	0.02593230098211	0.344774638467463
"All fibroblasts"	5	"BIN1"	1.14334817589901	6.053575377419	6.05382233918286	0.0259749556010325	0.344774638467463
"All fibroblasts"	5	"RNF216"	0.886422142086762	6.67729039974538	6.17346324662724	0.026154426228059	0.34519613042485
"All fibroblasts"	5	"KLF10"	-0.862595799472568	8.25880304960664	6.18210586324353	0.0261697287390795	0.34519613042485
"All fibroblasts"	5	"GRINA"	0.959973316493975	7.46262042690051	6.17742182234119	0.0261844327523226	0.34519613042485
"All fibroblasts"	5	"EEA1"	-0.715826774979856	7.53953208920337	6.15073515797295	0.0265234749694265	0.347679703177821
"All fibroblasts"	5	"BTBD6"	1.27650550584642	5.93218587133782	6.04192363383982	0.0265503190987241	0.347679703177821
"All fibroblasts"	5	"REV3L"	-0.666008993906004	8.14742725662833	6.13776795840962	0.0266510753138219	0.347679703177821
"All fibroblasts"	5	"ACSL4"	0.865951469081401	8.31166529304312	6.13871980371858	0.0267214377528047	0.347679703177821
"All fibroblasts"	5	"TRERF1"	-0.772654665971979	6.98614494673947	6.05521678695241	0.0267688517142231	0.347679703177821
"All fibroblasts"	5	"TNFAIP3"	0.896605917101449	8.48344263946075	6.09373806015319	0.0267794591257218	0.347679703177821
"All fibroblasts"	5	"AP3D1"	0.840191509764282	7.0326713857927	6.12153122223185	0.0267904902568803	0.347679703177821
"All fibroblasts"	5	"PDGFRB"	0.866602572580745	7.59945511215174	6.12057004359638	0.0269079817319173	0.348300137619245
"All fibroblasts"	5	"COL12A1"	0.831881076457491	8.77204215704635	6.10625942176051	0.0270347295092894	0.348300137619245
"All fibroblasts"	5	"P2RY14"	-0.816286830147444	8.2113163150843	6.06765034923623	0.0271291465235505	0.348300137619245
"All fibroblasts"	5	"PLAUR"	1.06523962570839	6.6681482936532	6.06835167491207	0.0271424255703133	0.348300137619245
"All fibroblasts"	5	"SHISA5"	0.815494287023638	8.25090818897221	6.09417269415705	0.0271751457093046	0.348300137619245
"All fibroblasts"	5	"STAT1"	0.655210139984965	8.90236927618977	6.09037579609465	0.0271969388393267	0.348300137619245
"All fibroblasts"	5	"PTCH1"	-0.823521625007365	9.1463148304382	6.07441620465048	0.0273673475132249	0.349136380829647
"All fibroblasts"	5	"PIGR"	-1.35260408572846	8.87967423458209	6.06963871888154	0.0274222431219612	0.349136380829647
"All fibroblasts"	5	"MTCH1"	0.580833951811307	8.67435932133774	6.06328648493	0.0274866428588638	0.349136380829647
"All fibroblasts"	5	"POLE3"	0.810933813038687	6.9670072761285	6.05470767458894	0.0275019047195483	0.349136380829647
"All fibroblasts"	5	"LRRC8A"	0.769458071439024	6.9498714696691	6.02531128081267	0.0276635523414713	0.350425042377724
"All fibroblasts"	5	"TMEM106B"	-0.709093263888596	7.32644455333834	6.01880064245347	0.0278447010443398	0.351122473086579
"All fibroblasts"	5	"IER3"	1.53381802815805	8.81567193544223	6.02024607820743	0.0279415041829555	0.351122473086579
"All fibroblasts"	5	"LIMCH1"	-1.11777963154026	6.14467923555319	5.9372294741033	0.0279498288693874	0.351122473086579
"All fibroblasts"	5	"PMP22"	-0.551274192221184	9.63542442230357	6.01856768613175	0.0279596408979188	0.351122473086579
"All fibroblasts"	5	"MAML2"	-0.985834752505221	6.83058791303623	5.89822767869477	0.0282540786943451	0.351542905000455
"All fibroblasts"	5	"FGFR2"	-0.922006974651906	6.66221541222103	5.94120223756887	0.028258956343727	0.351542905000455
"All fibroblasts"	5	"HLA-E"	0.574876431381615	10.2588690031486	5.98709476663673	0.0282966315320275	0.351542905000455
"All fibroblasts"	5	"PLAC9"	-0.801270636586284	6.82818188564446	5.93877957738572	0.0283628974815902	0.351542905000455
"All fibroblasts"	5	"PLEKHM2"	1.07190412938123	6.12233345141985	5.90239277596442	0.0284366579608636	0.351542905000455
"All fibroblasts"	5	"KPNA6"	0.738736628662352	7.22326557894916	5.96676145460051	0.0285569729955659	0.351542905000455
"All fibroblasts"	5	"ARHGAP18"	-0.815576528296849	6.43207470603597	5.89735372409338	0.0286197201683174	0.351542905000455
"All fibroblasts"	5	"SPRY1"	-1.02344364101838	7.8865100941629	5.92553383926462	0.0286328231839108	0.351542905000455
"All fibroblasts"	5	"ELOB"	0.865085784252266	7.75850278664415	5.95250163071232	0.0286381947138951	0.351542905000455
"All fibroblasts"	5	"CFD"	-0.812847728436463	9.02030863954989	5.95715364849356	0.028651694054108	0.351542905000455
"All fibroblasts"	5	"FAM129B"	1.02414301438849	7.64854247471313	5.9600347316894	0.0286567495924517	0.351542905000455
"All fibroblasts"	5	"CKB"	-1.77217168936411	6.80031256282556	5.85309708042234	0.0287392247100478	0.351813996608085
"All fibroblasts"	5	"ENO1"	0.658614657215405	8.67484564984312	5.93407336719154	0.0289210244877278	0.353297294947568
"All fibroblasts"	5	"RALY"	1.0488037778594	6.6089779934687	5.88163042458373	0.029307491297035	0.356404951449461
"All fibroblasts"	5	"ST5"	0.786006414904693	7.64453539720896	5.89486147994907	0.029393380645681	0.356404951449461
"All fibroblasts"	5	"CTSK"	0.563163977917383	10.1772339164594	5.88980521039716	0.0294009962405597	0.356404951449461
"All fibroblasts"	5	"GPX3"	-0.999305070734022	9.59160927359885	5.88947020348324	0.0294200757932368	0.356404951449461
"All fibroblasts"	5	"SYNGR2"	0.996098303851325	6.40564378999083	5.84900723869231	0.0294890370880501	0.356499209776074
"All fibroblasts"	5	"GPC6"	-0.664951832100673	8.43007498296396	5.8752479621024	0.0295991877880353	0.35708999428754
"All fibroblasts"	5	"MTRF1L"	0.988391239352073	6.24177459265108	5.78204231010925	0.0298154495842798	0.358328438298686
"All fibroblasts"	5	"ANKRD28"	1.12463028801128	6.36662371135952	5.73175517068536	0.0298915597009418	0.358328438298686
"All fibroblasts"	5	"COPG1"	0.660190557566024	7.80364127550116	5.85183324751611	0.0299002239938507	0.358328438298686
"All fibroblasts"	5	"ECM1"	0.586728640849736	8.55956997229947	5.84513867252755	0.0299478203966809	0.358328438298686
"All fibroblasts"	5	"SNAI2"	-0.679134259498339	7.80513229652753	5.83079818842095	0.0301336454116902	0.358840115559268
"All fibroblasts"	5	"PDGFD"	-0.760146148787509	8.23749311746358	5.82884277052566	0.0301489552460699	0.358840115559268
"All fibroblasts"	5	"TMEM173"	0.733540970515192	7.5029541918974	5.82716914007476	0.0301753314954593	0.358840115559268
"All fibroblasts"	5	"C19orf53"	0.956999946726061	7.15204260300774	5.79015644774225	0.0303885560629017	0.360639747817777
"All fibroblasts"	5	"A4GALT"	1.00544383587779	6.69940710985127	5.76095708959245	0.0305410626140108	0.361712950918376
"All fibroblasts"	5	"IFITM3"	0.516367049166291	10.8029934914249	5.7855959713804	0.0306395483013581	0.362143302133902
"All fibroblasts"	5	"GK5"	-1.19421290269792	5.64762186977569	5.60883987267977	0.0307846171431589	0.362567730639844
"All fibroblasts"	5	"TMEM259"	0.895475044547383	7.19956095995442	5.7777635558663	0.0307999016074692	0.362567730639844
"All fibroblasts"	5	"KITLG"	-0.781052891281182	7.51846955486928	5.762514592831	0.030948305154901	0.363580189793565
"All fibroblasts"	5	"UGCG"	0.782357507508072	7.90683825483327	5.74633776836709	0.0311684656337905	0.364794270281169
"All fibroblasts"	5	"GNL3"	0.943380488011865	7.13413800835681	5.73627427736457	0.0312465205709261	0.364794270281169
"All fibroblasts"	5	"CLDN4"	-1.44550337720658	6.35694872766944	5.60497122802723	0.0312792867074102	0.364794270281169
"All fibroblasts"	5	"SLC24A3"	-1.01453696710231	6.12036164379583	5.64927236751433	0.0313020654094018	0.364794270281169
"All fibroblasts"	5	"PCGF2"	0.985888312101062	7.06327502637555	5.70781784657994	0.0315891006311856	0.367404569616604
"All fibroblasts"	5	"MARCKSL1"	0.775721475519584	7.25457751182025	5.67933570403978	0.0319917559969218	0.371346538235186
"All fibroblasts"	5	"SH3RF3"	0.755727723525644	6.7975373238956	5.61968154107793	0.0326145481933487	0.377823006605652
"All fibroblasts"	5	"BAHCC1"	0.9031718887528	6.41115476375334	5.56526560583902	0.0328004035489776	0.379222125952167
"All fibroblasts"	5	"GPR68"	0.866610295203942	6.31831790170369	5.54565876197412	0.0329582530826499	0.379584177571786
"All fibroblasts"	5	"OTUD6B-AS1"	-0.88348494192886	6.65167609894126	5.55391984232994	0.033115045980446	0.379584177571786
"All fibroblasts"	5	"PDE4B"	0.835467326139228	6.90622950117374	5.54357954415722	0.0331470539685256	0.379584177571786
"All fibroblasts"	5	"F2R"	0.946920463245132	8.84411107798043	5.59094908484124	0.0331571955660091	0.379584177571786
"All fibroblasts"	5	"PCF11"	-0.743511209111375	7.43989570543595	5.56123792797318	0.0331574303044515	0.379584177571786
"All fibroblasts"	5	"ZNF397"	-0.857381462916001	6.55894548538463	5.55944278591138	0.0334544489184052	0.381649332465845
"All fibroblasts"	5	"CEP85L"	-0.742435002936785	6.66706631522575	5.44979780808552	0.0335169187138909	0.381649332465845
"All fibroblasts"	5	"TOB1"	-0.896136819298306	7.37859928410022	5.54095094553706	0.0335548919796621	0.381649332465845
"All fibroblasts"	5	"PDCD4"	-0.776007767797768	7.06387176504687	5.55668392091531	0.0335998125201611	0.381649332465845
"All fibroblasts"	5	"NUP188"	1.35519417402841	5.7334878984149	5.3625190724083	0.0337285658306752	0.382013337893937
"All fibroblasts"	5	"TAP1"	0.686877413909278	7.83009640972632	5.53831135704164	0.0338079574497344	0.382013337893937
"All fibroblasts"	5	"NFKBIZ"	0.964047226252573	8.28423117324412	5.53647216142241	0.0338474807910914	0.382013337893937
"All fibroblasts"	5	"C1orf21"	-0.724874500161823	8.22991592236031	5.5320201817306	0.0339463500231154	0.382013337893937
"All fibroblasts"	5	"GARS"	0.896397100379203	6.44823294635678	5.50945991057636	0.0340192902729099	0.382013337893937
"All fibroblasts"	5	"RORA"	-0.844489276920325	6.70038510865349	5.44750331497377	0.0340615993761211	0.382013337893937
"All fibroblasts"	5	"LIPA"	-0.933148723845965	6.28631256697566	5.41003022607653	0.0341275568279477	0.382013337893937
"All fibroblasts"	5	"MAP4K4"	0.64736786454313	7.62918012337815	5.51935457519039	0.0341563324253889	0.382013337893937
"All fibroblasts"	5	"FUT11"	0.957362459825274	6.68940741269907	5.45309637438152	0.0342434708375592	0.382254223315053
"All fibroblasts"	5	"FRZB"	-1.00691150805973	7.98255342494085	5.48914924822631	0.0344936388781168	0.38356432852131
"All fibroblasts"	5	"ARFIP2"	1.13648186720753	6.68727681265762	5.47414870531567	0.0345337229734862	0.38356432852131
"All fibroblasts"	5	"SRPX2"	1.28044992218317	5.90978635802974	5.31086746399151	0.0345583100177944	0.38356432852131
"All fibroblasts"	5	"NOL8"	-0.771357431815359	6.85050046770629	5.44070491745417	0.0349609941979473	0.38516767002783
"All fibroblasts"	5	"MTRNR2L8"	-0.448626067546692	12.5778624262	5.45695200968224	0.0349678847240332	0.38516767002783
"All fibroblasts"	5	"PPIF"	0.838707789775918	6.59735376169192	5.44606968468382	0.0350009205428517	0.38516767002783
"All fibroblasts"	5	"CNN2"	0.933041724342648	8.65631633845679	5.45454650707176	0.0350324008881166	0.38516767002783
"All fibroblasts"	5	"GPBP1"	-0.602680525931737	7.77272291390793	5.4522443177219	0.0350792702807496	0.38516767002783
"All fibroblasts"	5	"IPO8"	-0.869709962743858	6.97615163410474	5.4014401617333	0.0351066530966066	0.38516767002783
"All fibroblasts"	5	"CCNI"	-0.493522088488521	10.2047984493106	5.4433004610036	0.0351654711609414	0.38516767002783
"All fibroblasts"	5	"CENPB"	0.901110012819021	6.67565923913337	5.41413634085401	0.035280601537992	0.385540630493258
"All fibroblasts"	5	"ORAI1"	1.12454155649731	6.00890520453505	5.30003096641051	0.0353318511555517	0.385540630493258
"All fibroblasts"	5	"LEF1"	1.02263707031263	6.3817182723491	5.30184509666404	0.0355052798356008	0.386557352682215
"All fibroblasts"	5	"SERPINB9"	0.957300984423575	6.0730039021651	5.38528239649214	0.0355577039707683	0.386557352682215
"All fibroblasts"	5	"APLP2"	-0.542445018964196	9.6179598284018	5.40940185172729	0.0356576422708169	0.386921939501024
"All fibroblasts"	5	"PLTP"	-0.635202963602148	9.02459719449915	5.40152733291144	0.0357791688336066	0.387518990322353
"All fibroblasts"	5	"IGFBP3"	-1.46800201155934	8.78066618723259	5.39284956196975	0.0358852758032378	0.387947128210513
"All fibroblasts"	5	"AGPAT1"	1.12507246667499	5.9728418641812	5.2766496223399	0.0360344175140405	0.388664717514315
"All fibroblasts"	5	"PBX2"	0.849012014310971	7.14571316395743	5.37896415814449	0.0361390951824828	0.388664717514315
"All fibroblasts"	5	"ANXA4"	-0.780997335453738	6.75460772523272	5.32720076458545	0.0361528980241439	0.388664717514315
"All fibroblasts"	5	"NDUFV2"	1.01716021815503	6.37515371950329	5.34220384502916	0.0362216889782153	0.388664717514315
"All fibroblasts"	5	"NDRG1"	0.838787638693108	7.871905708873	5.36972770068884	0.0362851563974236	0.388664717514315
"All fibroblasts"	5	"SPATA6"	-1.14870831263273	5.99636573019561	5.44606596741827	0.0363870225234106	0.388780339018146
"All fibroblasts"	5	"A2M"	-0.472499525970887	11.4999222033783	5.35666345400234	0.0364293916430252	0.388780339018146
"All fibroblasts"	5	"SLC6A6"	0.810122507173307	6.50027221466537	5.30135239449475	0.0365083636079013	0.388910849622013
"All fibroblasts"	5	"PJA2"	-0.645614368065637	7.55642885965122	5.33327850336889	0.0367031045015324	0.389717180833886
"All fibroblasts"	5	"COMMD5"	0.88067448107027	6.24353742906717	5.2895359450626	0.0367178191655747	0.389717180833886
"All fibroblasts"	5	"CD164"	-0.558536692812071	8.42289752557131	5.33443109911833	0.0367893108975399	0.389766026545391
"All fibroblasts"	5	"CCNG1"	-0.745248226257787	6.85691786908583	5.2989279873057	0.036892682095743	0.39015183043901
"All fibroblasts"	5	"BCAP31"	0.927404901361641	7.29310048091912	5.29550707817817	0.0372860942893656	0.392916971054797
"All fibroblasts"	5	"AGAP3"	1.10678151681443	6.60162037299115	5.29309973516357	0.0372890140712722	0.392916971054797
"All fibroblasts"	5	"SCPEP1"	-0.778868788373588	7.2072839959604	5.27534388958858	0.0375089779146432	0.394063425009929
"All fibroblasts"	5	"BTBD3"	-1.02779939053367	5.93304269317526	5.14533347999397	0.0375330703416013	0.394063425009929
"All fibroblasts"	5	"MYO10"	1.49518870259669	6.10057718681312	5.16436062455816	0.0378971663390266	0.397170482477532
"All fibroblasts"	5	"CAT"	-0.74372039408807	6.94390393085054	5.25183465177363	0.0379967025315306	0.397498717506695
"All fibroblasts"	5	"CXCL2"	1.39224451196661	6.98132529585576	5.20320270934705	0.0381830763570772	0.397649851648003
"All fibroblasts"	5	"RDH10"	0.736723790618767	7.40097999971839	5.23426383937495	0.0382122016174984	0.397649851648003
"All fibroblasts"	5	"HDLBP"	0.61948465945876	8.71571514048403	5.23912327119784	0.0382559094082677	0.397649851648003
"All fibroblasts"	5	"METTL17"	1.058240135275	6.127131760047	5.13957541605386	0.0382842685598968	0.397649851648003
"All fibroblasts"	5	"RNPC3"	-0.800240703491564	6.84443708884159	5.1400072870588	0.0383523625581221	0.397649851648003
"All fibroblasts"	5	"VCP"	0.669715067649762	7.85241400938448	5.23053256645969	0.0384220628909005	0.397664938659463
"All fibroblasts"	5	"CCL8"	-1.6286075402534	9.45405912541835	5.22266442318916	0.0385211221953101	0.397666993355965
"All fibroblasts"	5	"HDAC7"	0.958610701949847	7.38983085377926	5.21781390925496	0.0385868619482857	0.397666993355965
"All fibroblasts"	5	"C1orf198"	1.32837905061984	6.29230651760531	5.17174966284049	0.0386269981533338	0.397666993355965
"All fibroblasts"	5	"PMEPA1"	0.749380630758713	7.54329279903255	5.2031347729548	0.0388535440530858	0.398059118114376
"All fibroblasts"	5	"C14orf119"	0.831049831691688	6.5660100387528	5.17507677966518	0.0389015978734413	0.398059118114376
"All fibroblasts"	5	"NOC2L"	0.995969497128744	6.23979270299297	5.17278646122826	0.0389273111696845	0.398059118114376
"All fibroblasts"	5	"ANGPTL1"	-0.93810504601947	6.98975715483223	5.04827815046185	0.0389383383087685	0.398059118114376
"All fibroblasts"	5	"CNP"	0.754437869367292	6.86731466955966	5.16430209623641	0.0391709402643642	0.398454079012437
"All fibroblasts"	5	"TAP2"	0.807465560534483	6.72095458460692	5.1764800722839	0.0392130527073646	0.398454079012437
"All fibroblasts"	5	"RUNX1T1"	-0.624360952455846	7.66931836641372	5.17235394898179	0.0392288554472364	0.398454079012437
"All fibroblasts"	5	"HPS1"	0.852069622731371	6.49833847761338	5.25920149898613	0.0392504961992687	0.398454079012437
"All fibroblasts"	5	"GANAB"	0.75319156020867	7.70223839533134	5.16312606276782	0.0394842811845729	0.398973313848465
"All fibroblasts"	5	"SNX13"	-0.825564994635275	6.63050483267401	5.1400204770238	0.039487943733228	0.398973313848465
"All fibroblasts"	5	"SCARA3"	0.685512449686469	7.58329508687291	5.16413147522476	0.0395073829599161	0.398973313848465
"All fibroblasts"	5	"PNKD"	0.956267668982492	6.94474656065883	5.04627865742748	0.0396413739696215	0.398973313848465
"All fibroblasts"	5	"LOXL2"	0.722318288828387	8.82927530960331	5.15374883275717	0.0396439932586685	0.398973313848465
"All fibroblasts"	5	"EPB41L2"	-0.602405066444142	8.83889304399779	5.14196139796489	0.0398215866067624	0.399424192091913
"All fibroblasts"	5	"ALDH9A1"	-0.599467792235242	7.59196318048116	5.12685180034684	0.0398319929968713	0.399424192091913
"All fibroblasts"	5	"TPM2"	0.638496336049471	8.9293754294438	5.13630847109637	0.0399101493603495	0.399424192091913
"All fibroblasts"	5	"SPINT1"	-1.08720638808045	5.93500859977188	5.02137461636127	0.0399629833515677	0.399424192091913
"All fibroblasts"	5	"NFIA"	-0.694681274911733	8.96253633013747	5.11991641917085	0.0402003756239003	0.400438651086757
"All fibroblasts"	5	"ATP6V0B"	0.90582290758307	7.10468210588546	5.11407007647744	0.0402226679816072	0.400438651086757
"All fibroblasts"	5	"CD74"	0.543367850396677	9.62674057097855	5.11416120095618	0.0402787056584805	0.400438651086757
"All fibroblasts"	5	"COL6A5"	-1.02532845147687	6.31066107980122	5.01493150304352	0.0403393664300542	0.400438651086757
"All fibroblasts"	5	"ELF3"	-1.27671680396716	6.81436342920881	5.04608582552352	0.0406896676258417	0.402803343201983
"All fibroblasts"	5	"SAMD1"	1.06268551733619	6.34892303410283	4.98308090145575	0.0407158347599052	0.402803343201983
"All fibroblasts"	5	"MTURN"	-0.883084106351005	6.31260444595558	5.00420171370016	0.0408338903477561	0.403119922739873
"All fibroblasts"	5	"SDF4"	0.674203543992155	7.57124625406771	5.08249210391171	0.0408861977585833	0.403119922739873
"All fibroblasts"	5	"TSPAN8"	-1.1249186318484	7.16196990748638	5.05401083527714	0.0409798333402673	0.403252257906207
"All fibroblasts"	5	"PLXNA1"	1.20261249371842	6.24276941296889	5.01362133662056	0.0410624430522813	0.403252257906207
"All fibroblasts"	5	"ZADH2"	-0.896716062029507	6.11756561048382	5.04050169829568	0.0411072320570253	0.403252257906207
"All fibroblasts"	5	"PHF3"	-0.705539138698733	7.67597724413505	5.05266529326716	0.041300205712745	0.404464367543134
"All fibroblasts"	5	"FRA10AC1"	-0.949619868095647	6.61430915708238	5.03459637076712	0.041418599720283	0.404852769559415
"All fibroblasts"	5	"REG1A"	1.41943214064221	6.35920480627584	5.07594317219991	0.0414788233099315	0.404852769559415
"All fibroblasts"	5	"ABL2"	0.889560968621825	6.06831796552371	4.93213623725957	0.0416029271494754	0.40538504431437
"All fibroblasts"	5	"PDE4DIP"	-0.613716741076414	7.99150350491739	5.02995949626258	0.0417482423585462	0.406121883511267
"All fibroblasts"	5	"SH3BGRL3"	0.76566143229649	8.74285655426438	5.02390117551445	0.041842987151766	0.406365143555568
"All fibroblasts"	5	"DDX60"	-1.11497447823813	5.90178220778095	4.9114044246316	0.0421090068231046	0.408268190945475
"All fibroblasts"	5	"CRIP2"	0.875454784204818	7.20062625508826	4.98366981429756	0.0422539043209523	0.408992525711278
"All fibroblasts"	5	"CANT1"	0.983592104142648	6.38139958955125	4.93646614652327	0.0424302928451141	0.410018766846567
"All fibroblasts"	5	"PSMC4"	0.715618675136337	6.88298920297399	4.9587312305288	0.0425450944282657	0.410447458995868
"All fibroblasts"	5	"C2CD5"	-0.911623559998168	6.11028263900936	4.87558746984505	0.0428277184975149	0.411603816587726
"All fibroblasts"	5	"SSR3"	0.599148472389123	7.78409359147765	4.96814058383693	0.042848566062569	0.411603816587726
"All fibroblasts"	5	"KIF20B"	-1.37432993922427	5.3636057322976	4.82526371836452	0.0428768691726017	0.411603816587726
"All fibroblasts"	5	"KDM3A"	-1.10198685788049	5.90922976863323	4.85839661427908	0.0430031506574094	0.411858210970777
"All fibroblasts"	5	"SCUBE1"	-0.655362958125518	7.41829161008698	4.95569298846064	0.043051927700679	0.411858210970777
"All fibroblasts"	5	"DDHD1"	-0.688553354347257	7.51917134955256	4.94679248402749	0.0431815226494187	0.411858210970777
"All fibroblasts"	5	"EPCAM"	-1.37998574382914	7.62759152047535	4.94098020648423	0.0431860935134967	0.411858210970777
"All fibroblasts"	5	"LINC00667"	-0.75612450282158	6.33998902928329	4.83474159927935	0.04383919012379	0.417403530802818
"All fibroblasts"	5	"CCT3"	0.802846062542169	7.22320621564487	4.88824304531041	0.0439538613756025	0.417572054197745
"All fibroblasts"	5	"FBLN1"	-0.460158793449905	10.6166543636008	4.90044520596946	0.0440529886090584	0.417572054197745
"All fibroblasts"	5	"GAPDH"	0.846695054737839	9.70747617105826	4.89977067306451	0.0440718746064206	0.417572054197745
"All fibroblasts"	5	"SNU13"	0.652492705066853	7.64559543275587	4.89865908186843	0.0441488690016782	0.417622499468797
"All fibroblasts"	5	"IFI35"	0.896369268797345	6.02927326012686	4.84733694433579	0.0444435585022964	0.418655861030734
"All fibroblasts"	5	"IFITM1"	0.922627585137193	7.40646708334338	4.8169347624199	0.0444559631205084	0.418655861030734
"All fibroblasts"	5	"MORF4L2"	0.628080847605202	8.01266046948887	4.87673181811364	0.0445352895476933	0.418655861030734
"All fibroblasts"	5	"PTGES2"	1.051111070636	5.80371983375133	4.79470948523295	0.0445643778644694	0.418655861030734
"All fibroblasts"	5	"MAT2A"	0.590461601953854	8.41112424789768	4.87242115949084	0.0446173484983844	0.418655861030734
"All fibroblasts"	5	"P3H1"	1.16536658067035	6.03642993857697	4.76766119819724	0.0448038670696009	0.419381997775766
"All fibroblasts"	5	"EIF2S2"	0.667444704052268	7.9941915137515	4.86159690036537	0.0448386793571825	0.419381997775766
"All fibroblasts"	5	"ITM2B"	-0.470112738726267	9.8414579977167	4.8390952765068	0.0452197724864674	0.419786482130292
"All fibroblasts"	5	"EEF1D"	0.575382613097639	9.39527853214932	4.83753511302215	0.0452516386687744	0.419786482130292
"All fibroblasts"	5	"HOXD8"	-1.08413468415847	6.21658469480873	4.77539604396166	0.0452555088199264	0.419786482130292
"All fibroblasts"	5	"SLC29A1"	-0.897750327236429	6.07167592098076	4.75466905516204	0.0452657250193357	0.419786482130292
"All fibroblasts"	5	"HERC1"	-0.838245329934291	6.6080582680628	4.78743057032884	0.045301246480162	0.419786482130292
"All fibroblasts"	5	"SIRPA"	1.08819314701675	6.140924042155	4.68778636251274	0.0453459192685312	0.419786482130292
"All fibroblasts"	5	"HMGN2"	-0.637651975237775	9.64157798858873	4.82601188985188	0.0454748165364122	0.419786482130292
"All fibroblasts"	5	"ANK2"	-1.09714548979008	6.50688166713379	4.74774023870378	0.0454923998744718	0.419786482130292
"All fibroblasts"	5	"SSPN"	-0.709828800228405	7.46714594531681	4.81921588942508	0.045530299760828	0.419786482130292
"All fibroblasts"	5	"ARPC2"	0.522538777229809	9.28624995234612	4.8121958669075	0.045742638058829	0.420722908768386
"All fibroblasts"	5	"OXR1"	-0.919619074818938	6.48611563639924	4.75202368657144	0.0457762698059305	0.420722908768386
"All fibroblasts"	5	"RAP1A"	-0.689511996864867	7.04399734150452	4.79709160897894	0.0459012102684758	0.421206853912455
"All fibroblasts"	5	"ITGA2"	1.17559603848486	6.7616254496849	4.7309521252122	0.0460403382726434	0.421819262758952
"All fibroblasts"	5	"ABCF1"	0.697053569948516	6.89878028630468	4.79523641048067	0.0461599341282281	0.422251077182394
"All fibroblasts"	5	"WIPI1"	0.907255264317461	6.10428543171138	4.69662435795126	0.0466024754322671	0.425631072639217
"All fibroblasts"	5	"EIF5A"	0.848035879355157	7.75308692656369	4.76646997769392	0.0467116983749339	0.425960980329796
"All fibroblasts"	5	"ABI2"	-0.591036035170951	7.24920250779428	4.72078118727368	0.0469032419184904	0.426708410483511
"All fibroblasts"	5	"PTGES3"	-0.685712618015987	8.4874047825993	4.7527987099362	0.0469401220387731	0.426708410483511
"All fibroblasts"	5	"GPAA1"	0.930367755515761	7.45339587088045	4.74404092590912	0.0471499481475835	0.427948205383129
"All fibroblasts"	5	"GPATCH8"	-0.867486538328989	6.68975789046824	4.71015852418312	0.0475699100261893	0.4310884381378
"All fibroblasts"	5	"EPHA7"	-0.861098084641728	6.92293929845819	4.6332262411133	0.0476565945408341	0.431203379486709
"All fibroblasts"	5	"NABP2"	0.891082110770358	6.07596426451037	4.66147211047615	0.0478276100529406	0.431539735165521
"All fibroblasts"	5	"PSMD8"	0.957350998987519	6.90965671746673	4.70525853156969	0.0478418858618374	0.431539735165521
"All fibroblasts"	5	"RCAN3"	-1.18980657147473	5.80293877134758	4.62780584042302	0.0480835389392009	0.43285291626249
"All fibroblasts"	5	"RNF150"	-0.878505006659127	6.23806410950226	4.62819017489908	0.0481360373671003	0.43285291626249
"All fibroblasts"	5	"PYGO2"	0.920949282162503	6.11854604556784	4.60066633843239	0.0483836040215006	0.433751043749132
"All fibroblasts"	5	"ATP6V0D1"	0.914453514971412	7.38556704186611	4.68215623728578	0.0484293957208835	0.433751043749132
"All fibroblasts"	5	"CNTN4"	-0.905624867719108	6.11258395733055	4.57613587030114	0.0487153204449956	0.433751043749132
"All fibroblasts"	5	"SCD5"	-0.676915328064091	7.12330598073168	4.64788635727385	0.0487517319132725	0.433751043749132
"All fibroblasts"	5	"MCTS1"	0.788645898860467	6.51132490853531	4.6157165894889	0.0487522457497763	0.433751043749132
"All fibroblasts"	5	"MCRIP1"	0.986401116516508	6.8563133530461	4.64100640804565	0.0488286894535613	0.433751043749132
"All fibroblasts"	5	"ATF4"	0.604802628113808	8.94867938260558	4.65644822582929	0.0489151585275276	0.433751043749132
"All fibroblasts"	5	"LYRM7"	-0.902757459752512	5.95409920977655	4.61467407160051	0.0489975236538212	0.433751043749132
"All fibroblasts"	5	"ZCCHC17"	0.754651155408151	6.4619711469702	4.61973755351751	0.049023685264742	0.433751043749132
"All fibroblasts"	5	"DPP4"	-0.934424578041865	6.24189994733882	4.57291479906053	0.0491442438685652	0.433751043749132
"All fibroblasts"	5	"SNF8"	1.10583559169088	5.83160947079247	4.58783075966934	0.0491526998231208	0.433751043749132
"All fibroblasts"	5	"GGT7"	1.06139458996512	6.07439133910563	4.57556539085908	0.0493032641567798	0.433751043749132
"All fibroblasts"	5	"R3HDM1"	1.26168668940698	5.84193540601572	4.53679873136266	0.0493076605076495	0.433751043749132
"All fibroblasts"	5	"ADAM33"	-0.957376599122352	6.88213058328943	4.60376268164932	0.0493583827861748	0.433751043749132
"All fibroblasts"	5	"UBE2R2"	0.562704518006738	8.06481080352266	4.63458861554407	0.0494116189645764	0.433751043749132
"All fibroblasts"	5	"ARRDC4"	-0.827027196194063	6.84932294241941	4.60470715535643	0.0494736230629362	0.433751043749132
"All fibroblasts"	5	"HPSE2"	-0.854694854033768	5.92100864894216	4.52990122754089	0.049501363324725	0.433751043749132
"All fibroblasts"	5	"PDE1A"	-1.233386655802	6.03729682273719	4.55232239662061	0.0496909000575171	0.434758070022751
"All fibroblasts"	5	"LIFR"	-0.687765345484611	7.20224113027917	4.58104421694101	0.049867130393074	0.435075468207396
"All fibroblasts"	5	"SUCLG2"	-0.636592035688281	8.06480161980902	4.60662586523756	0.0498933979814839	0.435075468207396
"All fibroblasts"	5	"PRSS23"	0.926413858329586	7.86832656357174	4.60728227536185	0.0499771098625526	0.435075468207396
"All fibroblasts"	5	"ALDH1A1"	-1.17713060899737	6.46558835790788	4.57165079142238	0.050062550647301	0.435075468207396
"All fibroblasts"	5	"IFITM2"	0.496696412370559	10.076687460614	4.59469000434455	0.0502205579998964	0.435075468207396
"All fibroblasts"	5	"ARL2"	1.01237014945813	6.34368175368424	4.536950481988	0.0503675951700045	0.435075468207396
"All fibroblasts"	5	"KAT6B"	-0.682058918332895	7.07901119723786	4.55282537055428	0.0504130986181086	0.435075468207396
"All fibroblasts"	5	"LY6E"	0.824457136760012	7.66492161608947	4.58260038038072	0.0504936602988087	0.435075468207396
"All fibroblasts"	5	"SEC16A"	0.961600137200584	6.40314498531741	4.56009422522118	0.0505110314852697	0.435075468207396
"All fibroblasts"	5	"PEG10"	-1.30399161828126	5.76758798439443	4.61915241420551	0.0505420156461183	0.435075468207396
"All fibroblasts"	5	"NUBP2"	1.11777299362927	6.2325788702008	4.49065559495918	0.0505770213047218	0.435075468207396
"All fibroblasts"	5	"SEPT8"	0.693925221909428	7.05821563416887	4.57606154786587	0.0506231624239942	0.435075468207396
"All fibroblasts"	5	"RGS5"	1.08470707304707	6.82934614523161	4.47022678992617	0.0508811653972537	0.436648822930482
"All fibroblasts"	5	"CREG1"	-0.574500069939201	8.26594488804006	4.55363228422838	0.0511558124817315	0.437862500922939
"All fibroblasts"	5	"RHOU"	-1.10987228513839	6.32273983533924	4.51839904398876	0.0511728785187097	0.437862500922939
"All fibroblasts"	5	"LYPLA2"	1.1976453668731	5.73367301204804	4.42099353366675	0.0514334431036355	0.439446734552616
"All fibroblasts"	5	"SERINC1"	-0.523420363565801	8.4320509671188	4.52782054243085	0.0517301726904545	0.440785051252914
"All fibroblasts"	5	"NEURL1B"	-0.851057672921598	6.056565156476	4.46145560824454	0.0517413720708757	0.440785051252914
"All fibroblasts"	5	"OSBPL1A"	-0.629169047661471	7.29348558704222	4.43717682679807	0.0519790848685092	0.441084313544057
"All fibroblasts"	5	"TPI1"	0.714267983156849	9.20695825546663	4.51362709654338	0.0520325577212034	0.441084313544057
"All fibroblasts"	5	"DCLK1"	-1.05257767236637	5.64615158026015	4.42993111069519	0.0520338762044962	0.441084313544057
"All fibroblasts"	5	"PELP1"	0.82292620345833	6.25335718660427	4.48731513602441	0.0521370965528015	0.441084313544057
"All fibroblasts"	5	"PDE8A"	-0.801915146272022	6.36166601981855	4.43963221519253	0.0521549840452815	0.441084313544057
"All fibroblasts"	5	"PIAS1"	-0.703163548034071	7.38090066873149	4.48501843304585	0.0523674141415851	0.441726033629705
"All fibroblasts"	5	"IRF1"	0.922603430128249	8.68691596192197	4.49772001337788	0.0524240351756061	0.441726033629705
"All fibroblasts"	5	"UBALD1"	0.984411921418616	6.19767055484427	4.45049252493992	0.0524702123912263	0.441726033629705
"All fibroblasts"	5	"PTAR1"	-0.637776256966865	6.76733660071812	4.43182479607957	0.0525340898069994	0.441726033629705
"All fibroblasts"	5	"HOXA10"	-0.738676856429153	7.27604682908359	4.47797599316492	0.0526531602444062	0.442089286374863
"All fibroblasts"	5	"GPS1"	1.25145906784161	5.72063282186872	4.36182220393021	0.0529148921803456	0.44313982880435
"All fibroblasts"	5	"EDF1"	0.802822759437845	7.92528663916622	4.47659051054524	0.0529303794144204	0.44313982880435
"All fibroblasts"	5	"SGCE"	-0.565716060350957	8.50653882312765	4.46692207085877	0.0531202322353432	0.443655658356578
"All fibroblasts"	5	"GSTM4"	-1.02355391109552	6.09226920468044	4.38726631676106	0.053144267982305	0.443655658356578
"All fibroblasts"	5	"EIF3E"	-0.6174597902493	8.79016011239155	4.4624359714578	0.0532317893719932	0.44375055317683
"All fibroblasts"	5	"INPPL1"	1.14644225197574	6.07014716908463	4.42643147759652	0.0533703235520612	0.444269821911229
"All fibroblasts"	5	"BTAF1"	-0.869241763650077	6.16556865649656	4.4305969724538	0.0534534729742645	0.444284592824954
"All fibroblasts"	5	"AKT1"	0.781809154275041	7.13188848640979	4.43005815351234	0.053542433715498	0.444284592824954
"All fibroblasts"	5	"TNFSF13B"	-0.826736329729532	6.19257273344744	4.32050644570152	0.0536484113115464	0.444284592824954
"All fibroblasts"	5	"LARP1"	0.610162874567692	7.60391984376192	4.44016831610887	0.0536770814053145	0.444284592824954
"All fibroblasts"	5	"TFF3"	-1.30773073639882	6.86695894740322	4.36572026476735	0.053911289098422	0.445590186633341
"All fibroblasts"	5	"NDFIP1"	-0.612631020366041	7.911908073887	4.4179935072829	0.0542496435445718	0.447371464153108
"All fibroblasts"	5	"PLEKHH2"	-0.660860580146867	7.90301178719426	4.40769575954541	0.054280354411575	0.447371464153108
"All fibroblasts"	5	"DNMT3A"	1.00050566549306	5.96801702156028	4.36364928017919	0.0546011556061202	0.449307222174817
"All fibroblasts"	5	"MYLIP"	-0.944334985149897	6.55559052800807	4.35623291631077	0.0546694389088631	0.449307222174817
"All fibroblasts"	5	"KMT2C"	-0.716898151430707	7.25556558328698	4.33016758125615	0.0549835747241597	0.450353488745312
"All fibroblasts"	5	"ZNF395"	-0.844629107926491	6.54098281371836	4.3525782188449	0.0549914048379235	0.450353488745312
"All fibroblasts"	5	"SERTAD2"	-0.695220765030483	6.44904498298173	4.32615388858222	0.0550286054550648	0.450353488745312
"All fibroblasts"	5	"MRPS21"	0.686125345812934	7.00397536655933	4.34983575920092	0.0552560910666286	0.451078263480073
"All fibroblasts"	5	"GNAI1"	0.783497590488272	6.78533995026682	4.34898214358972	0.055339886721974	0.451078263480073
"All fibroblasts"	5	"ZBED5"	-0.666609580768723	7.11824304341011	4.3683389817492	0.055353335591943	0.451078263480073
"All fibroblasts"	5	"HECTD4"	-0.750900966289029	6.09992374132849	4.31929038640467	0.0554268125367654	0.451078263480073
"All fibroblasts"	5	"ZCCHC24"	0.554200866851319	8.21862087640731	4.36017144681279	0.0556926709730573	0.45231782503543
"All fibroblasts"	5	"PROS1"	-0.554907521098974	7.9725321272371	4.35671551266487	0.0557343741849046	0.45231782503543
"All fibroblasts"	5	"MAP9"	0.850275824388257	6.25265846574207	4.3334682990016	0.0558557489798796	0.452672391245839
"All fibroblasts"	5	"LAMTOR1"	0.780894760690078	6.74363690376628	4.33881379786085	0.0560730629359472	0.453802413510784
"All fibroblasts"	5	"EPAS1"	0.609823742529702	8.40659949229967	4.33219800715071	0.0563834716507901	0.454678185875267
"All fibroblasts"	5	"MAFB"	-1.22247796895485	6.43278860798594	4.29810137422233	0.0564225990315321	0.454678185875267
"All fibroblasts"	5	"CDC42EP5"	1.05560274132032	5.72112525728957	4.25930236694844	0.0564300430469949	0.454678185875267
"All fibroblasts"	5	"GLUL"	-0.541746959040904	8.773037704397	4.32683685523008	0.0565088452407674	0.454678185875267
"All fibroblasts"	5	"BCL2L1"	0.956424779066217	6.4662441045596	4.26062164848128	0.0567087007219171	0.454678185875267
"All fibroblasts"	5	"TCEAL4"	-0.569066794900278	8.17247042926247	4.31638108453108	0.0567731483016307	0.454678185875267
"All fibroblasts"	5	"ALDH3A2"	-0.783050550211874	6.58491402735051	4.27124295157584	0.0567984271595517	0.454678185875267
"All fibroblasts"	5	"EIF4A1"	0.72903976160664	7.04890444267083	4.30657221004347	0.0568055121532855	0.454678185875267
"All fibroblasts"	5	"ITIH5"	-0.791657898112595	8.57043352136293	4.29446295178698	0.0573022991130993	0.457682456619193
"All fibroblasts"	5	"G6PC3"	0.76335606077798	6.93689706649676	4.29025269753853	0.0573379429092176	0.457682456619193
"All fibroblasts"	5	"CTTN"	0.824812888336947	7.53475222318378	4.28772724929342	0.0575366724560743	0.458640479345479
"All fibroblasts"	5	"NAALADL2"	-1.02145478901012	5.9991254625773	4.22126992755481	0.0578286052262232	0.460000994755798
"All fibroblasts"	5	"RHOJ"	-0.667917424342604	7.1870526375891	4.21575476131426	0.057884155386688	0.460000994755798
"All fibroblasts"	5	"TMEM14A"	-0.92432879747607	6.09545760459344	4.19887372497092	0.0579702448992814	0.460000994755798
"All fibroblasts"	5	"SSU72"	0.585665408397949	7.78955032213807	4.26864825098067	0.0580231218715483	0.460000994755798
"All fibroblasts"	5	"CCAR1"	0.526398333154405	7.868461780266	4.26458442353884	0.0581135896732863	0.46009223780739
"All fibroblasts"	5	"ATP13A3"	0.965395264079282	6.40715420311131	4.24097277847555	0.0582228839399999	0.460332082385861
"All fibroblasts"	5	"POLR1D"	-0.543106320954251	7.66569913701352	4.24076428499773	0.0584097900628035	0.461184074113762
"All fibroblasts"	5	"GNPTAB"	-0.766258363515628	6.39371525901121	4.21033101237199	0.0585574445940527	0.461624779208279
"All fibroblasts"	5	"GNAI2"	0.761547843769308	8.79881466272563	4.24384010951109	0.0586240495304833	0.461624779208279
"All fibroblasts"	5	"EIF4E2"	0.704065620940364	7.02611791535123	4.22851440525918	0.0588969491769615	0.46205964242053
"All fibroblasts"	5	"FRYL"	-0.716646454300258	6.48052149528957	4.20989423828729	0.0589441938296978	0.46205964242053
"All fibroblasts"	5	"CD151"	0.599934985299366	8.01017773404715	4.23124143174566	0.058996419532902	0.46205964242053
"All fibroblasts"	5	"TNKS1BP1"	-0.53469229065229	7.60774230749135	4.22308740973267	0.0590587972687483	0.46205964242053
"All fibroblasts"	5	"ITPRID2"	-0.538038782288542	7.76949537834987	4.22583930873436	0.05911294248106	0.46205964242053
"All fibroblasts"	5	"DCBLD1"	0.75746221539669	7.27920958583527	4.22386213230301	0.0591550528995565	0.46205964242053
"All fibroblasts"	5	"IRF2"	-0.714801934003812	6.57276362500408	4.21430086130645	0.0593514104410132	0.462193804294441
"All fibroblasts"	5	"PSMA7"	0.573848376336072	7.70709925822405	4.21468669067728	0.0594294260396118	0.462193804294441
"All fibroblasts"	5	"GPBP1L1"	-0.963996942705082	6.15841281341509	4.1825449530814	0.0595504006151919	0.462193804294441
"All fibroblasts"	5	"KCTD20"	0.666211039734073	7.0473043277088	4.20919746465611	0.0595735779421657	0.462193804294441
"All fibroblasts"	5	"PABPN1"	-0.63081323565967	7.63399885460483	4.20704252983714	0.059609196425102	0.462193804294441
"All fibroblasts"	5	"TUFM"	0.820498680841028	7.56120621945932	4.20717799454813	0.0596481449853131	0.462193804294441
"All fibroblasts"	5	"MAP3K3"	0.725459184976906	6.29245663938748	4.17417466639808	0.0598437493457844	0.462933744262937
"All fibroblasts"	5	"EFEMP2"	0.836833366739516	7.43943643174617	4.18726184646472	0.0600191599581041	0.462933744262937
"All fibroblasts"	5	"MSANTD3"	0.909151303847791	5.93757204875104	4.13706279103435	0.0600583762995514	0.462933744262937
"All fibroblasts"	5	"SERPINH1"	0.731046767922012	8.97765694364486	4.18187480739068	0.060269065136621	0.462933744262937
"All fibroblasts"	5	"SEC22C"	-0.827593799181854	6.5228927196214	4.13855526964056	0.0603156027552698	0.462933744262937
"All fibroblasts"	5	"PTPRE"	1.01620759264381	7.15035319977677	4.10232285047548	0.0603482847489403	0.462933744262937
"All fibroblasts"	5	"ITPRIP"	0.945445633547117	6.54057518487428	4.12582465096387	0.060486232621194	0.462933744262937
"All fibroblasts"	5	"PLOD1"	0.926434252176551	7.37397377889497	4.16439637125217	0.0604898477295895	0.462933744262937
"All fibroblasts"	5	"RAI2"	-0.797153933829257	6.40423808179672	4.14329758739799	0.060567314345224	0.462933744262937
"All fibroblasts"	5	"ZNF511"	1.11716364257491	5.62978542152161	4.08296399857362	0.060655037784262	0.462933744262937
"All fibroblasts"	5	"MUC2"	-1.19683570278124	6.66119747855444	4.11031970709039	0.0607112546083526	0.462933744262937
"All fibroblasts"	5	"ZNFX1"	0.745011181573529	6.35407350946172	4.14418900374421	0.0607241429875395	0.462933744262937
"All fibroblasts"	5	"ATP6V1E1"	0.594413760699541	7.40265450276731	4.14124045377429	0.0607764397393422	0.462933744262937
"All fibroblasts"	5	"PSMC2"	0.663124080575893	6.95672657180305	4.13183734167616	0.0609538155977857	0.463678699070884
"All fibroblasts"	5	"DBN1"	0.8594644858279	6.38492756225382	4.12108403843271	0.0611433663859002	0.464265193545903
"All fibroblasts"	5	"GRAMD1A"	0.777429653516493	6.61140819161689	4.13743830382306	0.061293412406262	0.464265193545903
"All fibroblasts"	5	"NCAM1"	-0.646942714513545	7.09127646693786	4.13505555094732	0.0613060220707727	0.464265193545903
"All fibroblasts"	5	"BMP4"	-0.474784216519273	9.42207522046058	4.13527725849419	0.0615240740903788	0.464265193545903
"All fibroblasts"	5	"CRYBG3"	-0.619376077831777	8.49327072506989	4.13606793954857	0.0615263047630712	0.464265193545903
"All fibroblasts"	5	"GSK3A"	0.76187535741234	6.79491286779266	4.11125662584411	0.0616473956821986	0.464265193545903
"All fibroblasts"	5	"STEAP2"	0.979517229420151	6.49690064960846	4.09291423777886	0.0616660454764519	0.464265193545903
"All fibroblasts"	5	"FHL1"	-0.494218025307676	9.20347981701768	4.12330286047576	0.0618680736333563	0.464265193545903
"All fibroblasts"	5	"CCL19"	0.789590873084979	6.49304113553896	4.10345795641322	0.0619099178000529	0.464265193545903
"All fibroblasts"	5	"MRPS27"	-0.838973419453649	6.09634703273347	4.0788611705083	0.0619150291453223	0.464265193545903
"All fibroblasts"	5	"BBX"	-0.540348903118172	7.79803519788406	4.11813405417682	0.0619564789820387	0.464265193545903
"All fibroblasts"	5	"MFGE8"	0.77416109743672	9.02828059980738	4.11917963726555	0.0619870122839733	0.464265193545903
"All fibroblasts"	5	"MED13L"	-0.800187896494865	7.10446072859374	4.10993774125384	0.0620932848563887	0.464464147443102
"All fibroblasts"	5	"GIGYF1"	0.636560150491999	7.36015429438896	4.10696756345625	0.0623628260251373	0.46567441381054
"All fibroblasts"	5	"PPIB"	0.660284970827129	8.66480895664822	4.10403358277646	0.0624149162838565	0.46567441381054
"All fibroblasts"	5	"IL15RA"	0.806211364233559	6.77041263469125	4.02550468483984	0.0627242556986016	0.467340075103991
"All fibroblasts"	5	"HSPA1B"	-0.938243545404559	9.90628108092486	4.08999958239718	0.0627985719592285	0.467340075103991
"All fibroblasts"	5	"CXCR4"	-0.682279021084407	7.87531498243603	4.08769850811518	0.0628916158305361	0.46743551714864
"All fibroblasts"	5	"CSNK1G2"	0.979619277362343	6.19107553243834	4.03183930419775	0.0631285463466444	0.467482277818565
"All fibroblasts"	5	"TMEM64"	-0.654836468691981	6.6483811308034	4.04863026412387	0.0632963351047178	0.467482277818565
"All fibroblasts"	5	"PDIA4"	0.582611148667243	7.73467278614205	4.07022705390728	0.0633558899422597	0.467482277818565
"All fibroblasts"	5	"KRT8"	-0.706581869186288	6.78770128270986	4.04917728365336	0.0634428019700239	0.467482277818565
"All fibroblasts"	5	"SRSF1"	0.840043144825472	5.82602265080644	4.0312929109798	0.0634432280065446	0.467482277818565
"All fibroblasts"	5	"SMIM14"	-0.662007544120877	8.19885086711447	4.06807695234372	0.0634458365410875	0.467482277818565
"All fibroblasts"	5	"MTRNR2L12"	-0.414854351638649	12.2409388450217	4.05986945994867	0.0636411989478202	0.467482277818565
"All fibroblasts"	5	"SLC25A37"	0.53865770969279	7.85065865065314	4.05909622016905	0.0636423793173608	0.467482277818565
"All fibroblasts"	5	"LOX"	0.638657430453912	7.76460953547457	4.06124127411124	0.0636519311489067	0.467482277818565
"All fibroblasts"	5	"ANAPC16"	-0.57562444301666	7.48503814666159	4.05521499403637	0.0637631541127858	0.467482277818565
"All fibroblasts"	5	"ZC2HC1A"	-0.793381385184631	6.73532633879894	4.00751578091829	0.0638647727721887	0.467482277818565
"All fibroblasts"	5	"DCTD"	0.614618929302877	7.3447720800375	4.05071316174535	0.0638712235984077	0.467482277818565
"All fibroblasts"	5	"ZNF436"	-0.970553906782335	5.93944672696775	3.98972405448451	0.0639408572887242	0.467482277818565
"All fibroblasts"	5	"TCF21"	-0.652530303446292	9.52151194978681	4.03947351054995	0.0642453985289265	0.469120222090294
"All fibroblasts"	5	"LEMD3"	-0.846188981085391	6.26037194025942	3.98671009451463	0.0648201981703973	0.471678000421827
"All fibroblasts"	5	"TXNDC15"	-0.536128467672637	7.50908460135176	4.00839952959171	0.0649248677548905	0.471678000421827
"All fibroblasts"	5	"FSTL1"	0.50433715825738	10.0845262492623	4.01212174619147	0.0650381044899353	0.471678000421827
"All fibroblasts"	5	"UTRN"	-0.72137209289246	7.42324151644704	4.00268845517039	0.0650785253412689	0.471678000421827
"All fibroblasts"	5	"PHF12"	-0.65579289113259	6.9335339564554	3.99537830015235	0.065229108798049	0.471678000421827
"All fibroblasts"	5	"GSTO1"	0.627427893888599	7.38101155376631	4.00550390974077	0.0652502159875412	0.471678000421827
"All fibroblasts"	5	"RACK1"	0.500334021497157	9.64172750142854	4.00454329657096	0.0652666271043288	0.471678000421827
"All fibroblasts"	5	"PSMC5"	0.715491180294738	7.16222598072754	4.00224519024573	0.0653963346829775	0.471678000421827
"All fibroblasts"	5	"FAAP20"	1.07652213378762	5.89766905484883	3.95141588209289	0.0653976298847535	0.471678000421827
"All fibroblasts"	5	"PELI2"	-1.05858389829057	6.00594690376284	3.94070569317695	0.0655091766729821	0.471678000421827
"All fibroblasts"	5	"CRELD2"	0.956355617063273	6.50251656440899	3.9337172344514	0.0655097699549147	0.471678000421827
"All fibroblasts"	5	"CALU"	0.500684037627448	9.15975126711455	3.99478623068562	0.0655670465662742	0.471678000421827
"All fibroblasts"	5	"LAMB2"	0.610460869090723	7.42782862779251	3.98595260927651	0.0658714658857736	0.47328363960099
"All fibroblasts"	5	"YKT6"	0.92919541547559	6.42957011182107	3.95176792833423	0.0661471736674161	0.474296994301473
"All fibroblasts"	5	"ACTN1"	0.519346991726845	9.46113188443752	3.96778555006298	0.0663726172419808	0.474296994301473
"All fibroblasts"	5	"GLUD1"	-0.515354323681087	7.91952322963331	3.96542488613771	0.0664752711914291	0.474296994301473
"All fibroblasts"	5	"SOSTDC1"	-1.25591298541921	6.72855124872272	3.89514438165969	0.0664877427848659	0.474296994301473
"All fibroblasts"	5	"FLYWCH2"	-0.725436110580595	6.0761568240592	3.91645594089291	0.0664977472313307	0.474296994301473
"All fibroblasts"	5	"RRAS"	0.828428942681398	7.62970378261462	3.96379144357771	0.0665578582844339	0.474296994301473
"All fibroblasts"	5	"LMAN2"	0.821283607114753	7.12768192345374	3.96105283030055	0.0666162289925475	0.474296994301473
"All fibroblasts"	5	"SOX4"	0.48382700782782	8.18583798403157	3.95907842945485	0.0666636757049779	0.474296994301473
"All fibroblasts"	5	"DNM2"	0.936562266014271	6.62515666417543	3.94975828994704	0.0667946285455907	0.474649146994094
"All fibroblasts"	5	"OSBPL9"	-0.700013627116073	6.49603498687712	3.93962869437856	0.0670692258917759	0.474957147107288
"All fibroblasts"	5	"TMEM222"	1.162897904579	5.94312447245737	3.87889985879469	0.0670749886551971	0.474957147107288
"All fibroblasts"	5	"SLC39A13"	0.910938402236361	6.34164319568801	3.90218375774234	0.0670825007841596	0.474957147107288
"All fibroblasts"	5	"CIAPIN1"	1.37388638561089	5.52151505261928	3.82280020202331	0.0672397560578606	0.47535126419267
"All fibroblasts"	5	"USP5"	0.900966177705192	5.92415897333267	3.89177808339797	0.0673182809152262	0.47535126419267
"All fibroblasts"	5	"ITPR1"	-0.711440223616242	6.58454336955777	3.91704022460486	0.067382897584202	0.47535126419267
"All fibroblasts"	5	"WWC3"	-0.656155465688151	6.59434937438939	3.89995066777914	0.0675718017207469	0.476107483224658
"All fibroblasts"	5	"NSMCE1"	0.777913490394699	6.16008626134037	3.90464298070427	0.0677688588043861	0.476919251513475
"All fibroblasts"	5	"DCTN1"	0.824033746394144	6.6595617062209	3.89858284072255	0.0683123603847356	0.47859312508167
"All fibroblasts"	5	"PLD3"	0.760503292944638	7.71117630471299	3.90663709323465	0.0683376372705848	0.47859312508167
"All fibroblasts"	5	"CCND1"	-0.903896425802455	6.69293382715575	3.87260800260881	0.0684653276567944	0.47859312508167
"All fibroblasts"	5	"NAV1"	-0.671946359437615	7.57073453012958	3.89706249198886	0.0685750509083581	0.47859312508167
"All fibroblasts"	5	"ZNF512"	-0.917656161515794	6.03304600230671	3.8928483328097	0.0685752181337003	0.47859312508167
"All fibroblasts"	5	"NDUFA3"	0.87192534050676	6.27243542941892	3.85071363412839	0.0685916609314468	0.47859312508167
"All fibroblasts"	5	"PPP1CA"	0.750529821083096	6.34565205495709	3.86714867866544	0.0686020684412265	0.47859312508167
"All fibroblasts"	5	"KCTD10"	0.795305577256756	6.98383328795552	3.86459346150732	0.0687874562238001	0.47859312508167
"All fibroblasts"	5	"LMCD1"	0.945674316556739	6.14804727262386	3.80668858410282	0.068806810794691	0.47859312508167
"All fibroblasts"	5	"TUBA1C"	0.875048512225668	7.19102355093563	3.88918202918163	0.0688280485358571	0.47859312508167
"All fibroblasts"	5	"PLEKHA6"	-0.86261516322809	6.42232875175622	3.8394983046662	0.068939725214209	0.478798306106312
"All fibroblasts"	5	"SH3D19"	-0.598706356016484	7.15450005825804	3.84603713508124	0.0691932616255512	0.479987066062008
"All fibroblasts"	5	"PXK"	-0.551618843202033	7.48541958675235	3.87089969545062	0.0693895324029246	0.48077622510326
"All fibroblasts"	5	"CXCL14"	-0.35734414278551	12.1604617403032	3.86431583102948	0.0695862800253565	0.48156680962916
"All fibroblasts"	5	"MIEN1"	0.715507915782429	6.13933212438736	3.82485667059259	0.0697431118062607	0.48207961150069
"All fibroblasts"	5	"CPM"	-0.774052427248297	7.95691957295539	3.85284483796444	0.0700029193170152	0.482303525485842
"All fibroblasts"	5	"HHIP"	-1.0184190191573	8.00514978876703	3.81154433973601	0.070055440473713	0.482303525485842
"All fibroblasts"	5	"SLC35B2"	0.971739204827573	6.15297161479673	3.80102856876646	0.0701131422575603	0.482303525485842
"All fibroblasts"	5	"ABL1"	0.685761673692145	7.32703376297227	3.84168268835583	0.0701488017473834	0.482303525485842
"All fibroblasts"	5	"GSTM5"	-0.982606403895589	6.08420586385866	3.78733123619951	0.0701893580937007	0.482303525485842
"All fibroblasts"	5	"NECAP2"	0.797964801893262	6.10320329604982	3.8210729153133	0.0704675772973241	0.48323400496076
"All fibroblasts"	5	"BOLA2B"	0.990877149184273	6.27445029667954	3.82110063023671	0.0704906305503083	0.48323400496076
"All fibroblasts"	5	"MIDN"	0.827914372796863	7.74513063835137	3.83228834233896	0.0706121993795733	0.483498573190098
"All fibroblasts"	5	"R3HDM4"	0.845524628957979	6.65844747940832	3.79225886148416	0.0709362634274477	0.484841095442062
"All fibroblasts"	5	"MATR3"	-0.469026470090747	8.83793403436744	3.82268400758781	0.0709746789792481	0.484841095442062
"All fibroblasts"	5	"DMPK"	0.8922481977392	5.90575061452793	3.7375668043074	0.0712784285019907	0.485898537468098
"All fibroblasts"	5	"DDX21"	0.688506792731269	7.69022854635639	3.81143250430173	0.0713722247236786	0.485898537468098
"All fibroblasts"	5	"USPL1"	-0.686878920749083	6.10107156322118	3.75845298770123	0.0714443548430637	0.485898537468098
"All fibroblasts"	5	"CAMK2D"	-0.712234225394074	6.68838404066022	3.80036355729234	0.0715345920920341	0.485898537468098
"All fibroblasts"	5	"CHMP1A"	0.928424962691649	6.03120144484392	3.83719930047492	0.0715464124159306	0.485898537468098
"All fibroblasts"	5	"LAMA5"	0.630486336092224	7.70809610177819	3.79706818659958	0.0718108125678652	0.487126431703086
"All fibroblasts"	5	"BAX"	0.838721981752432	6.86923609525026	3.76550183764132	0.0720608850415987	0.487568744624167
"All fibroblasts"	5	"GNA12"	0.632707095399372	6.93043894972867	3.76819915611792	0.0720791962862156	0.487568744624167
"All fibroblasts"	5	"ELOF1"	0.970490653560897	6.04517561785239	3.74610462924011	0.0721270392768203	0.487568744624167
"All fibroblasts"	5	"ATP1B3"	0.564514471667488	7.73754813830956	3.75217657016154	0.0722648537393546	0.487934302131192
"All fibroblasts"	5	"CD4"	-0.773746658910659	7.90803953090923	3.77454699787572	0.0725702491636183	0.489429215134727
"All fibroblasts"	5	"ACAT1"	-0.728531419834268	6.05506465054354	3.75534203323191	0.0727410662491433	0.490014095992784
"All fibroblasts"	5	"GLTP"	0.715564438123711	6.49973270951319	3.71183961003638	0.0730224098547994	0.490497914085569
"All fibroblasts"	5	"ASCC3"	0.801447209355712	6.2905846458937	3.70450912653955	0.0731627820344989	0.490497914085569
"All fibroblasts"	5	"PARD3"	-0.711859118827405	6.43566908270202	3.73281104837624	0.0732048625073839	0.490497914085569
"All fibroblasts"	5	"CTBP1"	0.688459341124986	7.10336484632715	3.75311855760181	0.0732260589179075	0.490497914085569
"All fibroblasts"	5	"PRMT1"	0.930183228833157	7.21451158996314	3.75374602263395	0.0732337712810099	0.490497914085569
"All fibroblasts"	5	"EIF2S3"	-0.522495713217645	7.87442991868348	3.75152693834707	0.0733664881635515	0.490822648138937
"All fibroblasts"	5	"TAGLN2"	0.672844715237377	9.51015504097948	3.74657331241246	0.0734935406245582	0.490983113010738
"All fibroblasts"	5	"PLA2R1"	-0.717122960766485	6.32110350014862	3.73178563744572	0.0736425019660829	0.490983113010738
"All fibroblasts"	5	"RUVBL2"	1.06202199356646	5.70212803232377	3.6399794062608	0.0736432539508127	0.490983113010738
"All fibroblasts"	5	"PACS1"	0.851836842302765	6.91664019393399	3.73535837836402	0.0737571631639369	0.491037294558629
"All fibroblasts"	5	"ARF3"	0.499056108620451	7.91757829639329	3.7341686233194	0.0738199193467237	0.491037294558629
"All fibroblasts"	5	"MARK3"	0.581775584684601	7.12748738911132	3.73365934575712	0.0739790813693839	0.491534899816876
"All fibroblasts"	5	"MAPK3"	0.940095326813561	6.96926394506774	3.72864818025832	0.0741601453729579	0.491629309803323
"All fibroblasts"	5	"CD302"	-0.549962320723364	8.45928829301666	3.72810012471809	0.074162032489638	0.491629309803323
"All fibroblasts"	5	"ANAPC5"	0.646663969058485	7.48314631296667	3.72205888727105	0.0744132675637623	0.492358090538666
"All fibroblasts"	5	"LATS1"	-0.773080211508281	6.08013403515464	3.66221603482408	0.0744409606597846	0.492358090538666
"All fibroblasts"	5	"RGMA"	-0.909273003297328	6.3771188799023	3.68756745463124	0.0745880947826035	0.492771914170329
"All fibroblasts"	5	"MRPL18"	0.775567632290202	6.61321748524698	3.68962522880521	0.0754159079225857	0.496340487914335
"All fibroblasts"	5	"MITF"	-0.875106780013154	6.48000980978353	3.67128027171604	0.0754371360366269	0.496340487914335
"All fibroblasts"	5	"GLP2R"	-0.881594890026646	6.17860196166804	3.68606866009223	0.0754849179794107	0.496340487914335
"All fibroblasts"	5	"PAM"	-0.605517214744688	8.63382575181269	3.68260753225071	0.0757082452184433	0.496340487914335
"All fibroblasts"	5	"BPTF"	-0.492151625199606	8.36186585219538	3.6834185445104	0.0757196918947997	0.496340487914335
"All fibroblasts"	5	"IMPDH1"	1.04385011748034	5.91727210643018	3.7112361047712	0.075729766914904	0.496340487914335
"All fibroblasts"	5	"TADA3"	0.728380957395111	6.96693943732293	3.66919573456175	0.0757727546156827	0.496340487914335
"All fibroblasts"	5	"PRKACA"	0.712267852195399	6.91998040337649	3.66290869824217	0.0758096849568832	0.496340487914335
"All fibroblasts"	5	"SCARB2"	-0.509557592578059	9.21039436722638	3.6740388918938	0.0760302075741078	0.496913306940643
"All fibroblasts"	5	"DMD"	-0.760835405728425	7.09372047870128	3.6732541421014	0.0760677312152143	0.496913306940643
"All fibroblasts"	5	"COMMD2"	1.01159565125839	5.92849512075155	3.6075380900322	0.0763830537321165	0.497865746985435
"All fibroblasts"	5	"MFSD10"	0.841462694829962	6.44326998686968	3.63131988840863	0.0763844135584312	0.497865746985435
"All fibroblasts"	5	"MYDGF"	0.796714958759159	7.21228621063607	3.66044888076179	0.076480069573903	0.497932251851545
"All fibroblasts"	5	"REXO2"	0.739169871620327	6.93395748804846	3.60772216019019	0.0766774206996568	0.498225133635692
"All fibroblasts"	5	"REPIN1"	0.741633804111478	6.41252679723486	3.64261870512141	0.076696060557957	0.498225133635692
"All fibroblasts"	5	"FAM107B"	0.883679432366034	6.37252257905891	3.64357461651228	0.0768249897169033	0.498379462732893
"All fibroblasts"	5	"MRPL52"	0.633013581367701	6.82239753368743	3.59494877398914	0.0768908764367377	0.498379462732893
"All fibroblasts"	5	"ZNHIT1"	0.73086029362096	7.67494947028388	3.64672352386557	0.0770827666816405	0.499068090504354
"All fibroblasts"	5	"CKAP4"	0.470031595579615	8.31160685851751	3.64286223416377	0.0771748655401329	0.499109812988185
"All fibroblasts"	5	"NPR2"	-0.66944799849341	6.42517773373867	3.58861600787646	0.0773099870666455	0.49916838321625
"All fibroblasts"	5	"CARS"	0.770906191397443	6.11182019299945	3.59075825621831	0.0774186642299695	0.49916838321625
"All fibroblasts"	5	"SLC39A7"	0.614432137224073	7.69557286406766	3.63622755207573	0.0774409161536794	0.49916838321625
"All fibroblasts"	5	"FKBP7"	-0.737497020014627	6.90036162854568	3.59507021760635	0.0775393928268822	0.4992508751406
"All fibroblasts"	5	"PIGC"	-0.634409578759295	6.59953398536147	3.61594296974294	0.0776332677302144	0.499303588370816
"All fibroblasts"	5	"KLHL24"	-0.616166798977451	6.86751339652576	3.60697164099103	0.0781207818496854	0.501885111177637
"All fibroblasts"	5	"LTBP2"	-0.667183198712518	8.28696778378531	3.60761232132153	0.0784712460420474	0.503581443487897
"All fibroblasts"	5	"MDN1"	-0.761329998039572	6.10388411212007	3.64814931353961	0.078649644763888	0.503794367007225
"All fibroblasts"	5	"WSB2"	0.868518105450811	6.16114186328708	3.54109786261089	0.0786773423676978	0.503794367007225
"All fibroblasts"	5	"COX7C"	-0.457267405598963	9.09996682362718	3.59725788293762	0.0788233754888424	0.504175421485713
"All fibroblasts"	5	"PFN1"	0.523316744985253	10.2983239733897	3.57784682174488	0.0795390201994284	0.505976962376943
"All fibroblasts"	5	"HNMT"	-0.624180535803606	7.07493684863352	3.57824299924837	0.0795559258152701	0.505976962376943
"All fibroblasts"	5	"MAFK"	0.811735651005994	6.49907602610444	3.52390707023814	0.0795745103721691	0.505976962376943
"All fibroblasts"	5	"RABEPK"	0.918869807561219	5.92847702922482	3.51071963802744	0.0796282593531434	0.505976962376943
"All fibroblasts"	5	"ANXA6"	0.664226143937627	8.0818492383386	3.57592956802564	0.0796552212287911	0.505976962376943
"All fibroblasts"	5	"DYNC2H1"	-0.680048324117004	6.75613990734958	3.52056714006822	0.0797310075175186	0.505976962376943
"All fibroblasts"	5	"AKIP1"	0.790807967022424	5.94855813116791	3.49617579183605	0.0797700948443103	0.505976962376943
"All fibroblasts"	5	"FIS1"	0.649365131291224	7.05622142505225	3.57261260748056	0.0798006519096402	0.505976962376943
"All fibroblasts"	5	"ME2"	-0.732892105619782	6.03662942657583	3.54877898850353	0.0798865291551034	0.505976962376943
"All fibroblasts"	5	"KRT19"	-1.07749242268312	5.64317109724187	3.52400908505501	0.0801801502387213	0.506882623321823
"All fibroblasts"	5	"PML"	0.611188645004614	7.06450465809566	3.56096662700698	0.0802244629699881	0.506882623321823
"All fibroblasts"	5	"OLFM1"	1.0713851033685	6.7168377829303	3.51055309375414	0.0802904858977248	0.506882623321823
"All fibroblasts"	5	"MAP2K7"	0.885514491313392	5.89724441691299	3.49044448176985	0.0806937081359891	0.508138581894343
"All fibroblasts"	5	"FLII"	1.00843215053661	6.35347513901809	3.5038394535282	0.0808536528736281	0.508138581894343
"All fibroblasts"	5	"CCSER2"	-0.608512609191204	6.79654897120198	3.53206418009343	0.080864142767066	0.508138581894343
"All fibroblasts"	5	"URM1"	0.903089810755154	6.748019609775	3.52329060504195	0.0809826767445412	0.508138581894343
"All fibroblasts"	5	"HES1"	-0.76407039091248	8.64461841396163	3.53920400898867	0.0810168540177869	0.508138581894343
"All fibroblasts"	5	"ST6GALNAC4"	1.17165885444597	5.65592443451574	3.48381984441638	0.0810969743416163	0.508138581894343
"All fibroblasts"	5	"ADAMTS9"	0.96136961571445	6.66416981791835	3.49486687728592	0.0810998594751569	0.508138581894343
"All fibroblasts"	5	"MRTO4"	0.728406706972443	6.10180438584367	3.49159861475734	0.0814303530343248	0.50845972731987
"All fibroblasts"	5	"ADAM28"	-0.741943533392534	9.25805014588223	3.52405685543858	0.0816138064086804	0.50845972731987
"All fibroblasts"	5	"TRIL"	-0.872719666602162	7.10065458778812	3.49507063257098	0.0816394001632057	0.50845972731987
"All fibroblasts"	5	"GGA1"	1.05132053257363	5.83170156160153	3.45593746595496	0.0817178241251211	0.50845972731987
"All fibroblasts"	5	"CCDC102B"	-0.558811633263073	7.21632862432179	3.51075887472292	0.0817610243088869	0.50845972731987
"All fibroblasts"	5	"ARL13B"	-0.633352854773779	6.53154118652021	3.45924427005964	0.0820841267404655	0.50845972731987
"All fibroblasts"	5	"CWC27"	-0.779570979218115	6.53048720613621	3.47739158172214	0.0820948008767927	0.50845972731987
"All fibroblasts"	5	"MAB21L2"	-0.606960695194654	7.39799678607107	3.50652373007623	0.0821079486471388	0.50845972731987
"All fibroblasts"	5	"PI4KB"	1.04271765462345	5.79629088411736	3.44816501097653	0.0821079892620696	0.50845972731987
"All fibroblasts"	5	"APOL6"	0.655682776902579	7.95434141408562	3.51193029146115	0.0821235310582141	0.50845972731987
"All fibroblasts"	5	"NAAA"	-0.965043278594815	6.1768602156451	3.48413542771213	0.0822893583777729	0.50845972731987
"All fibroblasts"	5	"LTN1"	-0.644955010944865	6.40905252391891	3.46823808402271	0.082329978458084	0.50845972731987
"All fibroblasts"	5	"DIAPH2"	-0.505686406094958	7.87546997653379	3.50622968331754	0.0823332218376249	0.50845972731987
"All fibroblasts"	5	"SDC3"	-0.643667874364624	7.83008201781944	3.49712772600106	0.082372744566665	0.50845972731987
"All fibroblasts"	5	"PLBD1"	-0.725370006998756	6.87243431045948	3.50018386800017	0.0825870684741823	0.508725612205918
"All fibroblasts"	5	"CAVIN1"	0.759754450632623	8.90742399453146	3.49707000093044	0.0826685931607878	0.508725612205918
"All fibroblasts"	5	"RBM8A"	0.475229640710696	7.83746198953767	3.49286570669123	0.0826777337839376	0.508725612205918
"All fibroblasts"	5	"BAG5"	-0.612568165589327	6.88973024869017	3.48395871403266	0.0828404099124355	0.509118798942895
"All fibroblasts"	5	"BCLAF1"	-0.520907979127565	8.6477006093421	3.48926355698048	0.0829929604989358	0.509118798942895
"All fibroblasts"	5	"UBA1"	0.493313821505346	8.32340258083072	3.48696026361478	0.0830841761004802	0.509118798942895
"All fibroblasts"	5	"SERPINE1"	1.62384882676832	7.45197012175685	3.44553347753668	0.0830911236991064	0.509118798942895
"All fibroblasts"	5	"GADD45B"	-0.920536090149922	8.00659055239191	3.48085676003157	0.083205329086125	0.509283038429465
"All fibroblasts"	5	"ATG13"	0.718238996883248	6.17722506987929	3.43027401945811	0.0836137965544241	0.510324507885881
"All fibroblasts"	5	"PLAGL1"	-0.716626568646309	7.37105687135356	3.46846727937789	0.0836316701449717	0.510324507885881
"All fibroblasts"	5	"RABAC1"	0.839380341216437	6.39483115786042	3.46518373040829	0.083638219500775	0.510324507885881
"All fibroblasts"	5	"FKBP11"	0.828700236081303	5.7544654320242	3.42630513262743	0.083735368161406	0.510382835017273
"All fibroblasts"	5	"ZBTB20"	-0.5191538599596	8.87265453870665	3.46362918198368	0.0840089449833936	0.510416021400498
"All fibroblasts"	5	"AMOTL2"	0.668191707734577	6.93962036239696	3.45663012038199	0.0840521269412653	0.510416021400498
"All fibroblasts"	5	"MORC3"	-0.773505256053608	6.09531577559765	3.40262366770559	0.0842481539394081	0.510416021400498
"All fibroblasts"	5	"TCEAL9"	0.521495029523175	8.06163405482763	3.45581520125561	0.0843497704653668	0.510416021400498
"All fibroblasts"	5	"GRK5"	0.515022974960027	7.93685776070169	3.45526338471028	0.0843799961663055	0.510416021400498
"All fibroblasts"	5	"DRAP1"	0.777930451094363	6.74109919868061	3.45492626831444	0.0843824614387163	0.510416021400498
"All fibroblasts"	5	"MMGT1"	-0.721049140811113	6.82158216571787	3.42850564354967	0.0845956193491498	0.510416021400498
"All fibroblasts"	5	"OGA"	-0.501559681767997	7.4855171054595	3.44633955845911	0.0846116146421651	0.510416021400498
"All fibroblasts"	5	"CHCHD1"	0.9743266856855	5.83521303392748	3.3855673523032	0.0846313371427732	0.510416021400498
"All fibroblasts"	5	"PLOD3"	0.779817889451509	6.45963141314346	3.43103949948308	0.0846683179482898	0.510416021400498
"All fibroblasts"	5	"APH1A"	0.57510178146875	6.94250448491621	3.44613440659419	0.0847043577645927	0.510416021400498
"All fibroblasts"	5	"ACSL5"	-0.824774768102993	6.09056342008101	3.41712649971395	0.0853605506323917	0.513838769147672
"All fibroblasts"	5	"TUBE1"	-0.749987536317598	5.94868472279812	3.41059757094961	0.0854938393298127	0.514110012151516
"All fibroblasts"	5	"SNTB2"	0.629147398171343	6.49192375663594	3.40230071466916	0.0856460854059797	0.514260802430332
"All fibroblasts"	5	"IGF2BP2"	0.616023448256213	6.84717681805851	3.42349413737235	0.0856954246026862	0.514260802430332
"All fibroblasts"	5	"VMP1"	0.662183108596443	9.52138268140227	3.41667094561463	0.0858929797621986	0.514916042257542
"All fibroblasts"	5	"PLEKHO2"	0.941497754339696	5.74356137967727	3.38071246417804	0.0860011340434979	0.51503454066954
"All fibroblasts"	5	"PDAP1"	0.569270423670682	7.21091026523975	3.40737450710486	0.0863373202301929	0.515744535642242
"All fibroblasts"	5	"MLF2"	0.523344699757541	8.18489555837941	3.39999893708558	0.0866274372118459	0.515744535642242
"All fibroblasts"	5	"SPTAN1"	0.479933753858328	7.98053223057895	3.3995284969821	0.0866450465703458	0.515744535642242
"All fibroblasts"	5	"ACO1"	0.686991580108119	6.96670056206042	3.39198802363438	0.0867691990995537	0.515744535642242
"All fibroblasts"	5	"NCKAP5L"	0.970896658398732	6.36090014678576	3.37995069298109	0.0867849874655518	0.515744535642242
"All fibroblasts"	5	"CASP1"	0.658983650689519	6.81160524894139	3.39128137091321	0.0867990721622428	0.515744535642242
"All fibroblasts"	5	"VSTM4"	-0.466656707636819	8.09021386643418	3.39530144353211	0.0868233103266825	0.515744535642242
"All fibroblasts"	5	"ZFP90"	-1.00553039231861	5.97031697809516	3.36822941008475	0.0868277654822446	0.515744535642242
"All fibroblasts"	5	"POLR2M"	-0.770966273838193	6.15629893793567	3.42634228798003	0.086966883863942	0.516044839384104
"All fibroblasts"	5	"EIF4G3"	0.618404351708925	7.27334475878708	3.38677640487318	0.0870675061134015	0.516116335831933
"All fibroblasts"	5	"CUL2"	-0.703487928995916	6.1002008656441	3.34466191624339	0.0873375618984753	0.517191029656926
"All fibroblasts"	5	"ZEB2"	-0.622617288727341	8.79581136798942	3.37925004597028	0.0874846549385913	0.517536126220479
"All fibroblasts"	5	"MRPL37"	0.94021526730547	6.11582428833932	3.31995317498534	0.0876960114557811	0.517620138012272
"All fibroblasts"	5	"SEMA6D"	-0.995751778280832	6.31430155099427	3.33593962238365	0.0877203561405175	0.517620138012272
"All fibroblasts"	5	"FAM198B"	-0.47605932519574	8.03826802194879	3.37141401869346	0.0878351158364051	0.517620138012272
"All fibroblasts"	5	"DNAJB1"	-0.793291267913978	9.20579594726014	3.36684398935394	0.0880101042974222	0.517620138012272
"All fibroblasts"	5	"WDR6"	0.65431831407393	7.17489959525987	3.36734989838239	0.0880377386159284	0.517620138012272
"All fibroblasts"	5	"LDHB"	0.528020837818454	7.0617381247129	3.36316106032382	0.0881152156496109	0.517620138012272
"All fibroblasts"	5	"CEP95"	-0.766868046716296	6.2682169342299	3.31686516608003	0.0881563878781368	0.517620138012272
"All fibroblasts"	5	"OGFOD1"	0.853599740199799	5.97851499292971	3.33462009964993	0.0883468477916568	0.517620138012272
"All fibroblasts"	5	"TXN"	-0.455339415927647	8.29164942353188	3.35787810865621	0.08838129211281	0.517620138012272
"All fibroblasts"	5	"GALNS"	0.76936540485493	6.51050954081905	3.32980711097628	0.0883871696108136	0.517620138012272
"All fibroblasts"	5	"TSPAN6"	-0.646052508715161	6.33662067717819	3.33939577511004	0.0886511639896522	0.5185440689339
"All fibroblasts"	5	"DST"	-0.456741523108658	8.79050387668663	3.34993260372831	0.0887229168915562	0.5185440689339
"All fibroblasts"	5	"PFDN6"	0.927519782709466	5.91100565635255	3.27206042184352	0.0888771634973512	0.518842157720007
"All fibroblasts"	5	"MMP14"	0.680903287319972	8.81978716917014	3.34425865306979	0.0889520019842608	0.518842157720007
"All fibroblasts"	5	"CA2"	-1.21316343265587	6.22602689837412	3.28852962539274	0.0892722620659457	0.520027673097485
"All fibroblasts"	5	"RBM17"	0.453160633028873	7.97158259665446	3.33297259621206	0.0894773199639066	0.520027673097485
"All fibroblasts"	5	"CTSO"	-0.509049794278913	7.75022894559141	3.32930331853753	0.0895037028826367	0.520027673097485
"All fibroblasts"	5	"SIPA1"	1.03522243994955	5.75174907551761	3.28470162209511	0.0895504379051166	0.520027673097485
"All fibroblasts"	5	"HTRA3"	0.665196942617771	7.5660656406022	3.3296541668213	0.0896014731062081	0.520027673097485
"All fibroblasts"	5	"CDK4"	0.52156390909716	7.27000161470587	3.32167513440054	0.0898127174506683	0.520582096013659
"All fibroblasts"	5	"TRIM28"	0.702768049799529	7.62049195447928	3.32320999864795	0.0899209606375371	0.520582096013659
"All fibroblasts"	5	"STS"	-0.708552005349613	6.40633888587848	3.31057046171657	0.0899650198533987	0.520582096013659
"All fibroblasts"	5	"SPATA20"	0.834925808552183	6.2574496810325	3.35673059703681	0.0900578048978333	0.520602013035391
"All fibroblasts"	5	"FCGBP"	-1.44643272745231	5.89289924252503	3.2443755233564	0.0902734552672626	0.521331440874469
"All fibroblasts"	5	"HELZ2"	1.07294994441174	5.94592358221844	3.34018840714595	0.0905159916962675	0.52200048013747
"All fibroblasts"	5	"TFDP2"	-0.615841745152012	6.56169342494061	3.30364929154332	0.0906409542429517	0.52200048013747
"All fibroblasts"	5	"SLC40A1"	-0.775250183525358	7.55709950368114	3.30542453873808	0.0906580548994542	0.52200048013747
"All fibroblasts"	5	"PSMB1"	0.485912696006544	8.30247596512346	3.30004424918334	0.0909126706992712	0.522949784960171
"All fibroblasts"	5	"MGA"	-0.616168796911088	6.37387049719473	3.26097353157931	0.0912144134417391	0.524168034640053
"All fibroblasts"	5	"FBRS"	0.834486270681001	6.38777540649465	3.26147762218605	0.091580825257197	0.524989811389056
"All fibroblasts"	5	"EGFR"	-0.61149599603694	7.61830574252236	3.26381572912451	0.0917180894267282	0.524989811389056
"All fibroblasts"	5	"TMEM167B"	-0.615085761288486	6.49433652674669	3.26229310239244	0.0917414220212079	0.524989811389056
"All fibroblasts"	5	"STAT3"	0.52651319985367	8.40731401915143	3.28019005847162	0.0917837796711344	0.524989811389056
"All fibroblasts"	5	"ELL2"	0.722487953091374	6.40547737891081	3.2449107330674	0.0918078973409041	0.524989811389056
"All fibroblasts"	5	"CEMIP2"	0.785187739010527	5.94352604214874	3.2513591652435	0.0921182905879591	0.525780073668083
"All fibroblasts"	5	"CFL1"	0.355000334224051	10.5083461088285	3.2710876615744	0.0921481351653689	0.525780073668083
"All fibroblasts"	5	"CKAP5"	-0.601971421556738	6.66325744378776	3.26762435364496	0.0922167899929263	0.525780073668083
"All fibroblasts"	5	"ATP5F1C"	-0.499643467227738	7.70414367374132	3.2675642310934	0.0923655031113288	0.526113183411254
"All fibroblasts"	5	"ITGB3BP"	-0.826851928956534	5.80647011742066	3.22418535379579	0.0927049436396897	0.527530963465305
"All fibroblasts"	5	"TEF"	-1.03672477081127	6.78085774940193	3.24067427063964	0.0929523282098559	0.528422650223249
"All fibroblasts"	5	"NLGN2"	0.640917594472621	7.14789239062241	3.24346164331178	0.0931763179261267	0.529179731535614
"All fibroblasts"	5	"RER1"	0.686309691998936	7.12360286203235	3.24096480346496	0.0935186672092711	0.530443314641703
"All fibroblasts"	5	"PSENEN"	0.592243189720463	6.95987929271687	3.23712505149713	0.0935808696501924	0.530443314641703
"All fibroblasts"	5	"CAPZB"	0.433150518472191	9.86142032734131	3.23712905777869	0.0936900732534313	0.530546216567293
"All fibroblasts"	5	"ARRDC2"	1.19624865154438	5.98730344570045	3.16754919648045	0.0941361265226254	0.532554572084794
"All fibroblasts"	5	"HSPH1"	0.710401155239306	8.11155420012455	3.22091868998777	0.0944790935958673	0.532708478123954
"All fibroblasts"	5	"STARD13"	0.829641826407167	6.22635759505765	3.17959082756962	0.0945034268788167	0.532708478123954
"All fibroblasts"	5	"ZBTB4"	-0.494347104939918	7.65366271890778	3.220498416524	0.094511666726532	0.532708478123954
"All fibroblasts"	5	"OSMR"	0.625689614351138	7.97942841415738	3.21801752459625	0.0946375553105094	0.532708478123954
"All fibroblasts"	5	"PIK3R1"	-0.507042110912445	7.62956007298361	3.21415013478324	0.0946990631363557	0.532708478123954
"All fibroblasts"	5	"KDELC2"	-0.594437210623238	7.26056787481124	3.18154158028219	0.0947704203689239	0.532708478123954
"All fibroblasts"	5	"ZBTB44"	-0.575603928896465	6.89436784590445	3.19401906976395	0.0948032764397701	0.532708478123954
"All fibroblasts"	5	"SEPT10"	-0.695535770610436	6.9601552335817	3.20623307240966	0.0951324840887546	0.533890915271286
"All fibroblasts"	5	"COPE"	0.611140204891506	7.26892440886788	3.20555927258793	0.0952108700810647	0.533890915271286
"All fibroblasts"	5	"MARF1"	-0.632955458658446	7.03071526680819	3.19866339741749	0.0953364272140094	0.533890915271286
"All fibroblasts"	5	"EHD3"	0.89169114554395	6.19348099017181	3.14057862512676	0.0953802029856545	0.533890915271286
"All fibroblasts"	5	"ANGPT1"	-0.733347809628349	6.20574229153086	3.17671240867071	0.0954988227981119	0.534041881424758
"All fibroblasts"	5	"GNAO1"	-1.05505982091148	5.83047070797388	3.14141461573163	0.0958048406883258	0.534803832570992
"All fibroblasts"	5	"S100PBP"	-0.820937892729332	5.75833917341774	3.15078410955541	0.0958398050556958	0.534803832570992
"All fibroblasts"	5	"STX7"	-0.749866758239652	6.19560454182257	3.1790044772441	0.095922410952852	0.534803832570992
"All fibroblasts"	5	"FOXF1"	-0.438041070824952	9.42959563854912	3.18748065837506	0.0960021981927677	0.534803832570992
"All fibroblasts"	5	"CITED2"	-0.649673691827588	7.04770247894425	3.14127454250888	0.0962294191087859	0.535218813078063
"All fibroblasts"	5	"MCAM"	0.752263048994618	6.76235236592241	3.16618116241096	0.0963209366947781	0.535218813078063
"All fibroblasts"	5	"DERA"	-0.71361388106413	5.81140500313417	3.13934836804608	0.0964281838071273	0.535218813078063
"All fibroblasts"	5	"RBM26"	-0.513269987539393	7.28198108820817	3.17958406556616	0.0964440970880327	0.535218813078063
"All fibroblasts"	5	"KAT2B"	-0.867534662230189	6.13383867991868	3.15681368100682	0.0965467982806146	0.535278966299849
"All fibroblasts"	5	"FAM50A"	0.997459040538646	5.90267466010461	3.13111865560632	0.0969035414263951	0.536562537945936
"All fibroblasts"	5	"KIF3B"	0.800852264124257	6.44437583466678	3.1470881621875	0.0970140183269392	0.536562537945936
"All fibroblasts"	5	"DNAJA2"	-0.595256508883461	6.81707273523857	3.15907528377555	0.0970992813951401	0.536562537945936
"All fibroblasts"	5	"USP14"	0.549599023641022	6.89334266339423	3.16046514517448	0.0971846510800491	0.536562537945936
"All fibroblasts"	5	"FAM32A"	0.607471897547116	6.88518843420772	3.15776318773017	0.0972387231973415	0.536562537945936
"All fibroblasts"	5	"NTAN1"	-0.604023678562731	6.85537617609792	3.14925681438877	0.0975261635335344	0.537553159717598
"All fibroblasts"	5	"GM2A"	-0.745319733275329	6.16103601261763	3.13624957970608	0.09764871725139	0.537553159717598
"All fibroblasts"	5	"SH3BP4"	0.884706037345202	6.63850061419225	3.14279624728001	0.0977360155650233	0.537553159717598
"All fibroblasts"	5	"PHLDA1"	0.723991319907055	9.23449454168098	3.1507485237796	0.0977872574739409	0.537553159717598
"All fibroblasts"	5	"RERE"	-0.514265484823444	7.72705511823109	3.14791049333498	0.097895291879368	0.537639835797434
"All fibroblasts"	5	"FIBP"	0.877204976236907	6.3484144244796	3.12276369037995	0.0980463539465795	0.537962433565649
"All fibroblasts"	5	"THUMPD1"	-0.714529910703505	6.68792698455043	3.13154219054138	0.0981670234825391	0.538117822984718
"All fibroblasts"	5	"CLDN7"	-1.13734071970429	6.71259604596196	3.11246137273956	0.0985675805329861	0.539805725343712
"All fibroblasts"	5	"LSM12"	0.675649625362647	6.41697591361357	3.11306808911999	0.0988520251533063	0.54046389430914
"All fibroblasts"	5	"EPB41L1"	-0.669956709549607	6.67980131144418	3.09121057072326	0.0988930002282601	0.54046389430914
"All fibroblasts"	5	"PER2"	-0.673291480019818	6.50891641590356	3.11687927406302	0.0989660159992883	0.54046389430914
"All fibroblasts"	5	"DDX52"	0.732194919480604	6.57651160805958	3.11107420214656	0.0991477617165905	0.540949445245855
"All fibroblasts"	5	"CBX7"	-0.768722805510907	6.59139612561662	3.09988670409269	0.0993715625744429	0.541663325651337
"All fibroblasts"	5	"ARRDC3"	-0.695339259178846	7.60879196853379	3.10769228709672	0.099681711953879	0.542664618418193
"All fibroblasts"	5	"MAP4K3"	0.835060624005867	5.73776594168113	3.07754276301043	0.0999019779873801	0.542664618418193
"All fibroblasts"	5	"CREBRF"	-0.503883790171715	7.39736305809267	3.1040875749245	0.0999620896820003	0.542664618418193
"All fibroblasts"	5	"WTAP"	0.572721025825554	7.73311146616485	3.10665752150359	0.099975357659502	0.542664618418193
"All fibroblasts"	5	"COPS7B"	-0.691791357568593	6.14031622519766	3.06753634993992	0.100124397294538	0.542664618418193
"All fibroblasts"	5	"KNOP1"	1.04488698550997	5.79746507705912	3.06800094147275	0.100143362791084	0.542664618418193
"All fibroblasts"	5	"DPYD"	-0.817129175763593	6.85839599039968	3.07519455967604	0.100207161389733	0.542664618418193
"All fibroblasts"	5	"NDUFB2"	0.525622562121884	7.87925212033567	3.09881090408247	0.100353727525208	0.542953732859229
"All fibroblasts"	5	"MTA2"	0.539841143084994	7.04645082407341	3.09072467852693	0.100503570254354	0.543260022144823
"All fibroblasts"	5	"ABHD5"	0.753395054880167	6.19133093100293	3.1238200794829	0.10064746457195	0.54353362007484
"All fibroblasts"	5	"SMARCC2"	-0.538255992334829	7.51782674901365	3.08804904478854	0.10084539414051	0.544069273917023
"All fibroblasts"	5	"SERPINF1"	0.43739210186365	9.73715708241695	3.08364160983449	0.101045276282677	0.544069273917023
"All fibroblasts"	5	"RGL1"	-0.870662996951306	6.6920753257658	3.07355678420246	0.101108012912916	0.544069273917023
"All fibroblasts"	5	"WLS"	0.56620878857009	8.0706763416694	3.08310846860775	0.10112013448638	0.544069273917023
"All fibroblasts"	5	"EFHD2"	0.502943115413289	7.46129226733843	3.07824979982356	0.101387890432811	0.544102994277074
"All fibroblasts"	5	"SCNM1"	0.798042689300528	6.22117781651168	3.03617963669892	0.101391474454945	0.544102994277074
"All fibroblasts"	5	"SLITRK6"	-0.584338689598688	7.26111615786029	3.07226112686358	0.101406530253115	0.544102994277074
"All fibroblasts"	5	"LAMC3"	0.814434787749483	6.13984542697052	3.03272706465078	0.101508808791589	0.544150716493644
"All fibroblasts"	5	"PSMB8"	0.67112247044051	6.82978632614837	3.07259826431636	0.101619498364831	0.544243397952089
"All fibroblasts"	5	"PRDM1"	0.732036174084523	8.40791765794786	3.06984235450379	0.101785593319462	0.544381610010826
"All fibroblasts"	5	"SMC5"	-0.557420913534208	7.37358495051841	3.06600396508242	0.101881178878847	0.544381610010826
"All fibroblasts"	5	"PLSCR4"	-0.750997975537681	6.70487610986308	3.0615767002563	0.101934197834325	0.544381610010826
"All fibroblasts"	5	"MEN1"	0.923954773659217	5.85734719155865	3.02880847023234	0.102030947396504	0.544381610010826
"All fibroblasts"	5	"MYL6"	0.460986613372833	10.2808631438416	3.06084957382982	0.10219465959166	0.544381610010826
"All fibroblasts"	5	"SLC2A10"	0.650395107344668	6.41205985403691	3.05005691783571	0.102205848867658	0.544381610010826
"All fibroblasts"	5	"MICALL2"	0.748524722440162	6.03657375153689	3.02779000399608	0.102570738937152	0.545410767429331
"All fibroblasts"	5	"CSNK2B"	0.471648723699658	7.87624514072471	3.05466063837622	0.10258627099752	0.545410767429331
"All fibroblasts"	5	"TRMT112"	0.475695451961052	8.27464053351774	3.05107411871446	0.102753438333368	0.545801536160927
"All fibroblasts"	5	"PHF20"	-0.65920588314386	6.35553717930691	3.01983872698443	0.102854353074317	0.54583999577782
"All fibroblasts"	5	"ANP32E"	-0.624992924116525	6.59170537231292	3.02716542449941	0.102950294415216	0.545852015975855
"All fibroblasts"	5	"NFIX"	-0.482858598006643	8.76554941328174	3.04206505687211	0.103177109407482	0.546097392287252
"All fibroblasts"	5	"CARHSP1"	0.668133525202899	7.04611946187498	3.04277827566041	0.103184010452765	0.546097392287252
"All fibroblasts"	5	"WDR41"	-0.647310248155528	6.19722600938402	3.0331534211625	0.103280323722926	0.546111112825309
"All fibroblasts"	5	"COA4"	0.810689814075215	6.25295992008368	2.99194659477204	0.103582407108208	0.547211864206282
"All fibroblasts"	5	"MFAP2"	0.765096115839913	6.40669209077592	3.02811926636842	0.103723779349525	0.547462375244275
"All fibroblasts"	5	"IRAK1"	0.840333085044579	5.84557113751649	2.96823846160664	0.104205225368328	0.549323812083146
"All fibroblasts"	5	"MAP1B"	-0.794337558551331	7.1519904510666	3.01107462874886	0.104346380794098	0.549323812083146
"All fibroblasts"	5	"AKR1A1"	0.59741140688293	6.83463921763554	3.01988649912202	0.104359268916431	0.549323812083146
"All fibroblasts"	5	"ZNF536"	-0.641250485783024	6.318274618774	2.99788218349451	0.104488320974495	0.549506720503955
"All fibroblasts"	5	"UGP2"	-0.538405351164627	7.09684032596353	3.00809464410112	0.104663902298687	0.549691329333131
"All fibroblasts"	5	"ADAM19"	0.687461219694359	6.77116741189918	2.98348643925419	0.104712094655874	0.549691329333131
"All fibroblasts"	5	"HAAO"	-0.646246729189091	7.07144478993928	2.99131053703904	0.105409901944984	0.552856434413519
"All fibroblasts"	5	"ANKRD50"	-0.556661039839068	6.75133972322225	2.97776707115319	0.105772655289855	0.554260128034157
"All fibroblasts"	5	"ADAMTS1"	-0.573366880687096	9.42115203358017	2.98986763218318	0.105896454817765	0.554410280523912
"All fibroblasts"	5	"RAB1B"	0.610282159532736	7.69884843085465	2.98620255089449	0.106163303927754	0.554633642848335
"All fibroblasts"	5	"PEA15"	0.429532129513542	8.65041724760057	2.9850490945932	0.10617988127851	0.554633642848335
"All fibroblasts"	5	"CEP78"	-0.649887026859981	5.96286146621517	2.95607124983209	0.106251807970929	0.554633642848335
"All fibroblasts"	5	"EMC10"	0.543537803241492	7.09938579881449	2.98077650074102	0.106412721525448	0.554633642848335
"All fibroblasts"	5	"RRBP1"	0.55503379116574	9.4950200859802	2.97936672734236	0.10644706967115	0.554633642848335
"All fibroblasts"	5	"TAF10"	0.676899726799723	6.96186040729768	2.98013009374998	0.106510219040207	0.554633642848335
"All fibroblasts"	5	"ATXN1L"	-0.686146419833125	6.16901851501644	3.00947782691483	0.106631034567658	0.554766998594412
"All fibroblasts"	5	"EIF2AK4"	0.713192059103518	6.13997454215247	2.93175920432086	0.106982882607026	0.556101032070599
"All fibroblasts"	5	"MGRN1"	0.901847913382711	5.60250311361877	2.92516622175363	0.107175594011889	0.556136212561489
"All fibroblasts"	5	"PHF10"	0.5474322444797	6.96189306654444	2.94264702506015	0.107180533157122	0.556136212561489
"All fibroblasts"	5	"ILF3-DT"	-0.642792756104277	6.4350206422496	2.95194178803241	0.10743969903018	0.556683178320279
"All fibroblasts"	5	"SAMD11"	0.829987017989599	6.7694189834604	2.9461454255075	0.107538713419784	0.556683178320279
"All fibroblasts"	5	"SAT2"	0.770323247132602	6.54311199775846	2.94647493629083	0.107572551705618	0.556683178320279
"All fibroblasts"	5	"KIAA1755"	0.955102421779319	5.75179205327099	2.9297913381544	0.107722520937276	0.556964622450317
"All fibroblasts"	5	"TIMP2"	-0.387325319052434	10.3775064628836	2.94967335075015	0.108041818419396	0.558120280079629
"All fibroblasts"	5	"EIF4EBP2"	-0.505846415743345	8.1013955816403	2.94185504262446	0.108513375500743	0.559603937748682
"All fibroblasts"	5	"NPHP3"	-0.726186148146284	6.35101599434989	2.92028486800726	0.108576813720594	0.559603937748682
"All fibroblasts"	5	"KIAA0040"	-0.721032501910318	6.57276635869397	2.93076277137596	0.108766757935986	0.559603937748682
"All fibroblasts"	5	"TMSB10"	0.621560094502071	9.72476899910834	2.93527634261782	0.108830011441177	0.559603937748682
"All fibroblasts"	5	"FAM13A"	-0.587604313695442	6.56924963615802	2.89736467528355	0.108963827529699	0.559603937748682
"All fibroblasts"	5	"USP11"	0.47536560371805	7.62729909923477	2.93295859684979	0.108966472678623	0.559603937748682
"All fibroblasts"	5	"DEK"	-0.4582536034349	8.31228534022442	2.93205383467	0.109043575794005	0.559603937748682
"All fibroblasts"	5	"PTPRD"	-0.667409189558542	6.4816027657216	2.92152602011918	0.109157985835659	0.559603937748682
"All fibroblasts"	5	"SNX2"	-0.693478806922658	6.31362505581507	2.91071919569902	0.109210663566956	0.559603937748682
"All fibroblasts"	5	"CEBPZ"	-0.591951519002318	7.1839342444362	2.92627953443281	0.109289390965849	0.559603937748682
"All fibroblasts"	5	"RGS2"	-0.446683126100595	8.38146195743984	2.9212610250096	0.109435943082806	0.559636675838922
"All fibroblasts"	5	"KLF4"	-1.15393608148809	8.43574500807112	2.91421041146608	0.10948786862131	0.559636675838922
"All fibroblasts"	5	"TXNDC17"	0.550860386393422	6.75878993234138	2.89826848130169	0.109645437441063	0.559684817330911
"All fibroblasts"	5	"UNC45A"	0.753287224524957	5.80246752630736	2.90521890549571	0.109689387573691	0.559684817330911
"All fibroblasts"	5	"PEAK1"	-0.45469254553054	7.78014577359447	2.91274769765173	0.110126910729787	0.561425642014409
"All fibroblasts"	5	"FZD7"	-0.534680854281881	7.03352927166878	2.90774762540858	0.11027709043411	0.561699830384229
"All fibroblasts"	5	"SRGN"	0.911187779138197	6.6546068958073	2.87285822428604	0.110572295689769	0.561888895151282
"All fibroblasts"	5	"CMTM6"	0.498615380907548	8.21629968224786	2.90470246696235	0.110581067008068	0.561888895151282
"All fibroblasts"	5	"SWAP70"	0.63404487182059	6.45181405506818	2.88594144363234	0.110686324275095	0.561888895151282
"All fibroblasts"	5	"PRRC2B"	-0.444421149307473	8.12556721116545	2.89913963216686	0.110865896308554	0.561888895151282
"All fibroblasts"	5	"LSM2"	-0.761318976906421	6.08707237948165	2.92771368148994	0.110868619813033	0.561888895151282
"All fibroblasts"	5	"NCOA2"	-0.658712565340443	6.02583541613117	2.87961162643754	0.110916673127877	0.561888895151282
"All fibroblasts"	5	"SLC4A2"	0.606710716438495	6.82061511774852	2.88896702491261	0.111034847650987	0.561888895151282
"All fibroblasts"	5	"RABGAP1L"	-0.763104806491401	6.14752364663484	2.85879675057635	0.111109914461889	0.561888895151282
"All fibroblasts"	5	"MRPL27"	0.818803872586368	6.2757140337662	2.88683869204798	0.11118206557567	0.561888895151282
"All fibroblasts"	5	"NDNF"	-0.821402697623046	6.10083661452341	2.85220317043564	0.111400503822939	0.562504970343386
"All fibroblasts"	5	"CLEC2B"	-0.480849587078625	7.71623704791212	2.88374655861572	0.111745458279543	0.562881369045439
"All fibroblasts"	5	"FLRT2"	-0.62731754399291	6.28049041947192	2.86970951469137	0.111788943270564	0.562881369045439
"All fibroblasts"	5	"COL27A1"	0.515129405260714	7.72279167791825	2.8820598025735	0.111797043255061	0.562881369045439
"All fibroblasts"	5	"SSH1"	0.706997495249759	6.76604550210106	2.87731693745649	0.111933159022554	0.562881369045439
"All fibroblasts"	5	"MARS"	0.866290426657418	6.17280947759518	2.86020357754822	0.111958041311767	0.562881369045439
"All fibroblasts"	5	"LRRC58"	-0.473958704302286	7.3427038021338	2.87057961796324	0.112330458371856	0.564266880114485
"All fibroblasts"	5	"RBM3"	0.405631043222759	8.63452267824684	2.86870123236286	0.112583058133448	0.565041633837371
"All fibroblasts"	5	"MYH11"	-0.839752973796857	8.00381321279639	2.86322399361027	0.112678630258971	0.565041633837371
"All fibroblasts"	5	"ANKLE2"	0.757751962297585	6.59098117666382	2.82146625740718	0.112892863230251	0.565145198437932
"All fibroblasts"	5	"PPP6C"	-0.552142451942788	6.81184744348772	2.84459892948329	0.11313743768287	0.565145198437932
"All fibroblasts"	5	"NPC2"	-0.456979343997247	8.55169520772086	2.85853798570347	0.113181935196874	0.565145198437932
"All fibroblasts"	5	"SOX9"	-0.634981473011967	6.63030343351363	2.85205169535445	0.113204673643337	0.565145198437932
"All fibroblasts"	5	"RNF103"	-0.605203831923526	6.32434357726362	2.84037122562991	0.11340043602742	0.565145198437932
"All fibroblasts"	5	"SH3YL1"	-0.603472007609496	6.3409209793607	2.85225744187866	0.113478300420574	0.565145198437932
"All fibroblasts"	5	"FAM98A"	0.78116471455991	6.29970763713621	2.80049327896271	0.113505723224296	0.565145198437932
"All fibroblasts"	5	"PKIG"	0.469647602780764	8.39996169024886	2.85034052847029	0.113666568759189	0.565145198437932
"All fibroblasts"	5	"ZFYVE21"	-0.637054455125036	6.66874838128514	2.84676655660838	0.1137089419945	0.565145198437932
"All fibroblasts"	5	"NR2C2"	-0.72234008929974	6.15360874439905	2.84486373649369	0.113726232929986	0.565145198437932
"All fibroblasts"	5	"SUPT7L"	0.816146534155973	6.24630711848911	2.82968279350599	0.113766143430186	0.565145198437932
"All fibroblasts"	5	"GOLT1B"	0.98032330503326	5.74726889963678	2.79466200403811	0.113929335645184	0.56547379795953
"All fibroblasts"	5	"BAZ1B"	-0.49253080508013	8.14214836936658	2.84108130537505	0.114188907555086	0.566210818844147
"All fibroblasts"	5	"LPCAT4"	0.790208277593141	6.04826754354748	2.82232522060498	0.114315257382326	0.566210818844147
"All fibroblasts"	5	"HSD11B2"	-1.18917092580158	5.41215014868644	2.8020528655164	0.114450768359157	0.566210818844147
"All fibroblasts"	5	"DNAJC19"	-0.590003598677893	6.60884156417538	2.83038084859679	0.114656267785973	0.566210818844147
"All fibroblasts"	5	"FAM135A"	-0.819917832536507	5.87892487366992	2.81388184244356	0.114682296195842	0.566210818844147
"All fibroblasts"	5	"ZC3H7B"	0.690236484517037	6.6062074079424	2.82543759529383	0.114704025335288	0.566210818844147
"All fibroblasts"	5	"TUBA1B"	0.45104177349974	8.83234301762121	2.82931610935694	0.114848844121379	0.566210818844147
"All fibroblasts"	5	"DGUOK"	0.610691245714984	6.53104035111755	2.82547522814032	0.11485518926957	0.566210818844147
"All fibroblasts"	5	"TXLNA"	0.708223613494724	6.44607119116493	2.78466078478366	0.115073376378127	0.566426695910842
"All fibroblasts"	5	"ZNF83"	-0.572297953825658	6.47211122276899	2.81927478752504	0.115130781876143	0.566426695910842
"All fibroblasts"	5	"RAB3GAP1"	-0.537681065187562	6.91215587665231	2.80762823679295	0.115190601450892	0.566426695910842
"All fibroblasts"	5	"IFIT1"	-0.67607753584423	6.02208685854492	2.80455516508586	0.115495249962906	0.567445886622137
"All fibroblasts"	5	"GHR"	-0.998654799512173	6.22136135896756	2.80614527328778	0.115604535867677	0.567504322241746
"All fibroblasts"	5	"ADGRL3"	-0.456106235969163	8.25342298593718	2.80996084155061	0.115962570400581	0.568782742192077
"All fibroblasts"	5	"RPA2"	-0.695730517111145	6.8921885455164	2.79973062233748	0.116064794221501	0.568805345608653
"All fibroblasts"	5	"HSPA9"	0.546201330632299	7.24474115705725	2.80465923882855	0.116230743760791	0.569095680887092
"All fibroblasts"	5	"EPS8"	-0.478435132863838	7.46740090296429	2.80474836910883	0.11631936775983	0.569095680887092
"All fibroblasts"	5	"AKIRIN1"	0.6310098487815	6.26471308843543	2.79053176655839	0.116500103593204	0.569501764796642
"All fibroblasts"	5	"ELF2"	-0.480498637987082	7.11283806487677	2.7956144602692	0.116841955500998	0.570694111235804
"All fibroblasts"	5	"TAPBP"	0.520924266611623	8.37318369688207	2.79244662174638	0.117058058373217	0.571270775662258
"All fibroblasts"	5	"CCDC14"	-0.567616129145951	6.7466290885441	2.75604857217578	0.117336800475456	0.571962621266616
"All fibroblasts"	5	"PDS5B"	-0.562503530476801	6.80099716076464	2.78659093993545	0.117396137812746	0.571962621266616
"All fibroblasts"	5	"NSRP1"	0.59722091375519	7.225275421017	2.7844213587124	0.117557777160093	0.57200505509567
"All fibroblasts"	5	"BROX"	-0.588619929299105	6.39676111687015	2.77477716157042	0.117672540748136	0.57200505509567
"All fibroblasts"	5	"FOXF2"	-0.459761739645962	8.1434642706834	2.77646185264321	0.117872163073476	0.57200505509567
"All fibroblasts"	5	"DDX50"	0.599707322055811	6.32359216453072	2.74487520480735	0.117929665710411	0.57200505509567
"All fibroblasts"	5	"PSMB5"	0.566163504858572	6.7965446067977	2.76793353429635	0.117934886491943	0.57200505509567
"All fibroblasts"	5	"WNT4"	0.648857916043027	7.53847798292988	2.77574280528985	0.117993834945082	0.57200505509567
"All fibroblasts"	5	"SLC35B4"	0.899371150988873	5.7719487650285	2.7301916348344	0.118346044836163	0.57322776603199
"All fibroblasts"	5	"RUFY3"	-0.495539790092743	7.16096372925232	2.76500562550099	0.118733895161904	0.57322776603199
"All fibroblasts"	5	"ZNF518A"	-0.776368447867788	5.8643488679985	2.72817913938002	0.118832363091369	0.57322776603199
"All fibroblasts"	5	"CHID1"	0.769439434250231	6.12164493106077	2.75936808687815	0.118874379112171	0.57322776603199
"All fibroblasts"	5	"KDELR2"	0.533708065982279	8.11877346632357	2.76091826370612	0.118993325962882	0.57322776603199
"All fibroblasts"	5	"BNIP3"	0.577404249084238	6.86794253354629	2.7393573775508	0.119298497244971	0.57322776603199
"All fibroblasts"	5	"PLK2"	-0.638874848234512	7.84239589400693	2.75580928664068	0.119300875541646	0.57322776603199
"All fibroblasts"	5	"LYST"	-0.671757069997444	6.88764075677306	2.7257493267758	0.119319673153151	0.57322776603199
"All fibroblasts"	5	"IFNGR2"	0.498335433890644	7.32416180393986	2.75463823090353	0.119414228111302	0.57322776603199
"All fibroblasts"	5	"PJA1"	-0.869556363495309	6.12545657713257	2.7240929744721	0.119482518772142	0.57322776603199
"All fibroblasts"	5	"IGLC2"	1.02111898476278	7.63926610025075	2.74932272464305	0.119544782951501	0.57322776603199
"All fibroblasts"	5	"WASHC5"	0.632567066950164	6.53761293220326	2.74277697231675	0.119578084042045	0.57322776603199
"All fibroblasts"	5	"SCAMP2"	0.649818833843448	6.80746243362245	2.73082511203546	0.119599223097873	0.57322776603199
"All fibroblasts"	5	"HSD17B11"	-0.586397608985615	7.17353181737887	2.74994623874508	0.119694798070125	0.57322776603199
"All fibroblasts"	5	"ADCY7"	-0.770622855290545	5.91448067767111	2.71609678165096	0.119721673461632	0.57322776603199
"All fibroblasts"	5	"RHBDD2"	0.7292489398135	7.24861651072856	2.7428065945614	0.119914031656763	0.573677391185518
"All fibroblasts"	5	"C9orf3"	0.501156084877813	7.01737547924001	2.7346120197387	0.120443416563394	0.57388075337997
"All fibroblasts"	5	"NDUFB5"	-0.622657578359658	7.02329533164584	2.73107851540485	0.120463256599653	0.57388075337997
"All fibroblasts"	5	"ABCC4"	0.682822873779814	7.73789275502259	2.73444730321848	0.120519161472748	0.57388075337997
"All fibroblasts"	5	"KDM5C"	0.509981869240496	7.30987053664946	2.73257432181317	0.120570165907428	0.57388075337997
"All fibroblasts"	5	"HNRNPLL"	0.756032736303997	5.90889681760767	2.68998525108408	0.120599483190394	0.57388075337997
"All fibroblasts"	5	"NDUFS8"	0.751450725492337	6.19071986067305	2.71293891552843	0.120647713629213	0.57388075337997
"All fibroblasts"	5	"SLC44A1"	-0.417011119608427	7.80750634352367	2.73271004124037	0.120721146625857	0.57388075337997
"All fibroblasts"	5	"PHLDB2"	-0.559614720985654	6.55345712621245	2.72704229546658	0.120744431721957	0.57388075337997
"All fibroblasts"	5	"PDE1C"	0.702830643466425	6.52018485164868	2.71532278936459	0.120997288941872	0.574338088952958
"All fibroblasts"	5	"MINK1"	0.663863040277574	6.51688785031059	2.72545933997167	0.121066033450984	0.574338088952958
"All fibroblasts"	5	"DNM1"	0.780022471027637	6.44004154826573	2.69990451507176	0.121136349978237	0.574338088952958
"All fibroblasts"	5	"DNAJC4"	-0.856803902941314	5.8179820069417	2.67741995503488	0.121258947350835	0.574403830039925
"All fibroblasts"	5	"PON2"	0.57022864751358	6.97501719353992	2.72177609422991	0.121347368247666	0.574403830039925
"All fibroblasts"	5	"APC"	-0.586122330389288	6.78518651024914	2.71956496666432	0.121461783791446	0.574478745253862
"All fibroblasts"	5	"RHOBTB1"	0.830480438753146	5.89455130417243	2.68510619184126	0.12176229431796	0.575432999992498
"All fibroblasts"	5	"SP1"	-0.513737999750406	7.70304489170311	2.71286543817912	0.121938088596469	0.575796792748482
"All fibroblasts"	5	"KCTD9"	-0.623317863281256	7.22419851273636	2.69819904650347	0.122352943366365	0.577286378650903
"All fibroblasts"	5	"VOPP1"	0.555119239031067	6.80115864577985	2.70478133978169	0.122451684230739	0.577286378650903
"All fibroblasts"	5	"UNC5C"	0.515941970189453	7.26951012442943	2.69869827379161	0.122912814023507	0.578056951458371
"All fibroblasts"	5	"VEZF1"	-0.477875074250711	7.95887592138174	2.69669741293635	0.122989409783992	0.578056951458371
"All fibroblasts"	5	"DENND6A"	-0.759603627436214	6.13208406638916	2.68464514062572	0.123009191073213	0.578056951458371
"All fibroblasts"	5	"COL4A3BP"	-0.551810238722093	6.9572216624398	2.68337582678143	0.123162054376447	0.578056951458371
"All fibroblasts"	5	"CLK1"	-0.519092703067501	7.81495543202308	2.69018355801595	0.123275555842947	0.578056951458371
"All fibroblasts"	5	"CLCN3"	-0.523914711111233	6.99365112827038	2.68408100299418	0.123448331520494	0.578056951458371
"All fibroblasts"	5	"STIP1"	0.546593720224739	6.6801427823746	2.68639247982726	0.123537276401743	0.578056951458371
"All fibroblasts"	5	"ARHGAP12"	-0.779674630660371	5.99564652958866	2.68117080605126	0.123602582889267	0.578056951458371
"All fibroblasts"	5	"LRRK1"	0.555947923079911	6.8294584002121	2.685265527797	0.123670882208125	0.578056951458371
"All fibroblasts"	5	"SPTBN1"	-0.419469008288212	9.23473912368966	2.68284555805136	0.123839165363046	0.578056951458371
"All fibroblasts"	5	"UQCR11"	0.600595420305082	6.27196554502799	2.66422331682804	0.124054223073244	0.578056951458371
"All fibroblasts"	5	"IL18BP"	-0.635143827906775	6.08763885616514	2.65965669583424	0.124108256839171	0.578056951458371
"All fibroblasts"	5	"GRN"	0.443975207568899	8.724374218733	2.67722872842014	0.12420403194318	0.578056951458371
"All fibroblasts"	5	"IRF2BPL"	-0.444442741167112	8.04063499725164	2.67133120249634	0.124243032065642	0.578056951458371
"All fibroblasts"	5	"PTGS2"	0.68488212711349	8.14188236453358	2.67468593734158	0.124348709513522	0.578056951458371
"All fibroblasts"	5	"TOP2B"	-0.427869989142161	7.70463665705154	2.67356750704287	0.124376472755507	0.578056951458371
"All fibroblasts"	5	"DTX3"	0.613004868836074	7.24285356374562	2.67248770315664	0.124531087939987	0.578056951458371
"All fibroblasts"	5	"APPBP2"	-0.624363655904942	6.61556100426151	2.66590999628492	0.12458237665022	0.578056951458371
"All fibroblasts"	5	"STAMBP"	-0.665084511702277	6.15453385959604	2.63822801982204	0.124633381421588	0.578056951458371
"All fibroblasts"	5	"EIF4A3"	0.64209721029076	7.05541119403415	2.64767109940159	0.124799649832838	0.578056951458371
"All fibroblasts"	5	"TRIAP1"	0.901966581873715	5.68865665058068	2.60721109216549	0.124875166723576	0.578056951458371
"All fibroblasts"	5	"VAMP2"	-0.434528216597271	8.61147100073977	2.66552902182163	0.124985148913621	0.578056951458371
"All fibroblasts"	5	"ABCE1"	0.613969536276461	7.08989715980436	2.66377144002646	0.125003833671852	0.578056951458371
"All fibroblasts"	5	"WRB"	-0.780466063856857	5.81961647311601	2.6514910944611	0.125091719736577	0.578056951458371
"All fibroblasts"	5	"FAM162A"	-0.581381555217507	6.63696085051721	2.65774472921135	0.12532029877184	0.578056951458371
"All fibroblasts"	5	"F3"	0.468600459857166	10.004527002933	2.65925620822806	0.125352642905749	0.578056951458371
"All fibroblasts"	5	"MT1X"	0.659493464987338	6.77145529646106	2.64683438571959	0.125375221884547	0.578056951458371
"All fibroblasts"	5	"POLR2L"	0.709603773803434	7.55660277469769	2.66001090762006	0.125392824205145	0.578056951458371
"All fibroblasts"	5	"DNM3OS"	-0.529186438995289	6.79328171727005	2.63298896492818	0.125931238670547	0.579450938950291
"All fibroblasts"	5	"XPC"	-0.640352859770497	6.53451148689033	2.6459043349429	0.126085164538008	0.579450938950291
"All fibroblasts"	5	"CCDC117"	-0.726988438618253	5.94950256686603	2.62619164506116	0.126233858578433	0.579450938950291
"All fibroblasts"	5	"MRI1"	-0.751480264192239	6.07590545542433	2.62359490332609	0.126297761691003	0.579450938950291
"All fibroblasts"	5	"VMA21"	0.634620010928576	6.54383656241313	2.63395529626599	0.126308280039165	0.579450938950291
"All fibroblasts"	5	"URI1"	-0.463756943607838	7.21242735011082	2.63416649180691	0.126397284990041	0.579450938950291
"All fibroblasts"	5	"CREB3L2"	-0.461316368843452	7.69826007061456	2.64009569679439	0.126459976212192	0.579450938950291
"All fibroblasts"	5	"DYNLRB1"	0.494009731224135	8.09778449925595	2.64281461275068	0.126490748986575	0.579450938950291
"All fibroblasts"	5	"PCSK7"	0.837314603914623	6.46799994652219	2.60556692169583	0.126730599956632	0.580093641749642
"All fibroblasts"	5	"HNRNPA1"	-0.441725416948825	9.51219367796323	2.6335868659485	0.127054679009377	0.581120576599405
"All fibroblasts"	5	"NCOR2"	0.646529030660617	7.71354162988425	2.62972029479634	0.127322304417017	0.581166641974025
"All fibroblasts"	5	"ARMCX1"	-0.657980839684323	6.75451115955447	2.62252554508873	0.127345482347077	0.581166641974025
"All fibroblasts"	5	"TPGS2"	0.606988082147148	6.37085104339274	2.59822716670516	0.127363961180853	0.581166641974025
"All fibroblasts"	5	"GSTA4"	-0.661031487037549	6.75169673777016	2.60593588766365	0.12751455827309	0.581398537603516
"All fibroblasts"	5	"COG3"	-0.695361456515294	5.71912455974196	2.60399391088489	0.128171375297461	0.583936359545194
"All fibroblasts"	5	"ROCK2"	-0.443312308928649	8.32222741817722	2.61325518743091	0.128441070221011	0.584262091729902
"All fibroblasts"	5	"AC020916.1"	1.09326277004038	7.13611268854143	2.58854310945317	0.128443408187061	0.584262091729902
"All fibroblasts"	5	"KHDRBS3"	-0.623853953879534	6.70470568159448	2.6013735412347	0.128701290738189	0.584978487622017
"All fibroblasts"	5	"CTSA"	0.570349290070845	6.99061695141285	2.60419432908626	0.128826386656309	0.585090689825652
"All fibroblasts"	5	"AGR2"	-0.777402071104453	7.85240881266479	2.60537899489092	0.128933260520051	0.585120022624873
"All fibroblasts"	5	"TOR1AIP1"	-0.538422130087573	7.31060631778311	2.59625508132351	0.12907734935881	0.585318065925125
"All fibroblasts"	5	"TMEM18"	-0.54904503443576	6.79069961548237	2.58442739815175	0.130009122786293	0.589084882173974
"All fibroblasts"	5	"SLC35A4"	0.672920105920734	6.20282969777979	2.55111391359428	0.13032056697485	0.589488585069671
"All fibroblasts"	5	"TNIP1"	0.676301507971733	6.52432298223021	2.58247846967829	0.130363991959716	0.589488585069671
"All fibroblasts"	5	"ADAMTS14"	0.826712491095431	6.12694144762933	2.55122705780492	0.13040171377292	0.589488585069671
"All fibroblasts"	5	"ATP2B1"	-0.432055394140003	7.39081758905703	2.56967896747373	0.13070995172518	0.589844006002297
"All fibroblasts"	5	"C1R"	0.329334465587176	10.8097201968504	2.57826589419586	0.130771310297957	0.589844006002297
"All fibroblasts"	5	"FKBP9"	-0.40058833406302	8.24454589796135	2.57744392286733	0.13087224627449	0.589844006002297
"All fibroblasts"	5	"ZNF106"	-0.480589268307677	8.06244909238066	2.57718805657676	0.130885241077908	0.589844006002297
"All fibroblasts"	5	"ALG13"	0.67715988767686	6.28054019331981	2.56873823734179	0.131288998080663	0.590921578734821
"All fibroblasts"	5	"ZNF532"	-0.442020999373336	7.44130917560541	2.56924610623059	0.131327174268336	0.590921578734821
"All fibroblasts"	5	"MOB3A"	0.643279423644444	6.0033962252103	2.55451358224176	0.131443970860556	0.590990754787393
"All fibroblasts"	5	"EPN1"	0.514297813183994	7.31966316637301	2.56575747056984	0.131679335081	0.591108206047835
"All fibroblasts"	5	"SSBP4"	0.758674030671977	6.81050997834949	2.56308114651554	0.131842036721966	0.591108206047835
"All fibroblasts"	5	"DNAJC7"	0.60053539280681	6.75700312124343	2.56002720835579	0.131862949197678	0.591108206047835
"All fibroblasts"	5	"HS3ST3B1"	-0.569240326188531	6.90918477247221	2.54540869172293	0.13187586543027	0.591108206047835
"All fibroblasts"	5	"ANKRD13A"	-0.567706669696597	6.29915546946949	2.55595173012808	0.132069072371281	0.591519204233247
"All fibroblasts"	5	"DOCK5"	-0.59681826460865	6.22890691303878	2.53925255238703	0.132351693313535	0.592125366176711
"All fibroblasts"	5	"ATP2B4"	-0.397498186930937	7.92209160773366	2.55535844801142	0.132407645808865	0.592125366176711
"All fibroblasts"	5	"DR1"	-0.448093209173775	7.15478524776803	2.54722315101273	0.132668671409965	0.592816151956436
"All fibroblasts"	5	"ACAA2"	-0.549802698882364	6.60917516363116	2.55088847000979	0.132765587489814	0.592816151956436
"All fibroblasts"	5	"ZC3H4"	-0.772421329813137	6.01919232211886	2.52381249467336	0.132917580769533	0.593040385255796
"All fibroblasts"	5	"CC2D2A"	-0.759182743919743	5.78638556904221	2.50483191187146	0.13404670712853	0.597620629256268
"All fibroblasts"	5	"FAR1"	-0.506248200271195	6.63572262355454	2.51881134131485	0.134563792643641	0.597784765307875
"All fibroblasts"	5	"SYNGAP1"	0.526223893333543	6.71337919146726	2.5142111401327	0.134567515479316	0.597784765307875
"All fibroblasts"	5	"CTDSPL"	-0.435987791074666	7.71842296969639	2.5218024362209	0.134718604726043	0.597784765307875
"All fibroblasts"	5	"OGN"	-0.975040168775425	7.06690558773866	2.52162486916313	0.134776538602812	0.597784765307875
"All fibroblasts"	5	"PSMB9"	0.640269691514514	6.64225999028957	2.48789439668773	0.134899192009748	0.597784765307875
"All fibroblasts"	5	"CSK"	0.841512882959843	6.2040020335761	2.53488426420872	0.13493119188555	0.597784765307875
"All fibroblasts"	5	"COL18A1"	0.641807912854175	8.46249393596916	2.51826278559453	0.135016545429774	0.597784765307875
"All fibroblasts"	5	"TEAD1"	-0.421005463086947	7.84519211938928	2.51811564363653	0.135025379332772	0.597784765307875
"All fibroblasts"	5	"RNF185"	0.651711344185361	6.36658297093756	2.51042061590444	0.135179437457799	0.597784765307875
"All fibroblasts"	5	"ZDHHC17"	-0.799728137786732	6.22540413799909	2.48674923048726	0.135353175699519	0.597784765307875
"All fibroblasts"	5	"MPV17"	0.49605539652724	6.8915893254626	2.50594738576514	0.135427564731521	0.597784765307875
"All fibroblasts"	5	"SDC2"	-0.394298943502224	8.90913268828922	2.51128131182145	0.135496349984936	0.597784765307875
"All fibroblasts"	5	"LINC01436"	-0.873672565791895	5.79205923871788	2.4665069580494	0.135516259523507	0.597784765307875
"All fibroblasts"	5	"MTMR3"	-0.591507357765947	6.17551395798744	2.49140440430555	0.13551976574081	0.597784765307875
"All fibroblasts"	5	"SPG7"	0.933820756390101	5.98235432849251	2.48842842605846	0.135625762108001	0.597799785025208
"All fibroblasts"	5	"TIMP3"	-0.425604913176252	10.0212397823052	2.50704060205063	0.135785962476067	0.598026810783809
"All fibroblasts"	5	"C19orf24"	0.894434789060126	6.12513464628965	2.47311961537547	0.135929011722397	0.598026810783809
"All fibroblasts"	5	"THUMPD3"	0.59224971539405	6.22894860229067	2.49740366828817	0.135988294083521	0.598026810783809
"All fibroblasts"	5	"DOT1L"	0.959816563746221	5.58756960340114	2.44676010636235	0.136173236341625	0.598026810783809
"All fibroblasts"	5	"ST3GAL1"	0.46822969996542	7.50429485546454	2.50028685294341	0.13630180147687	0.598026810783809
"All fibroblasts"	5	"DAXX"	0.728033234820002	6.35910143671118	2.49798718681791	0.136413058166835	0.598026810783809
"All fibroblasts"	5	"COL5A2"	0.410966233000919	10.0751090294386	2.49665760833463	0.136533264245925	0.598026810783809
"All fibroblasts"	5	"ANKRD36C"	-0.73624194056376	6.19072310493853	2.4938965388963	0.136657498803356	0.598026810783809
"All fibroblasts"	5	"ACER3"	0.684920283391089	6.18979031053544	2.48991557419028	0.136669041913736	0.598026810783809
"All fibroblasts"	5	"APEX1"	0.471504593836034	7.71165277002066	2.49453821888521	0.136732173154262	0.598026810783809
"All fibroblasts"	5	"DNAJB4"	-0.724400878355272	7.03155502768419	2.47869636114066	0.136806201952088	0.598026810783809
"All fibroblasts"	5	"MANF"	0.55371542404764	7.41306363111038	2.4907225563466	0.13698750309798	0.598289676282947
"All fibroblasts"	5	"PEPD"	0.590231411825573	6.23613651728911	2.46772375541037	0.137090939682212	0.598289676282947
"All fibroblasts"	5	"RAD21"	-0.443421000784333	8.44041272701015	2.48838768513701	0.137174362024029	0.598289676282947
"All fibroblasts"	5	"HIVEP1"	-0.592747751219638	6.00234957573848	2.47283242888903	0.137586201223583	0.599637093889168
"All fibroblasts"	5	"MYO1E"	0.736442927599412	6.09082208043136	2.4415229500595	0.1379860079621	0.599960218924742
"All fibroblasts"	5	"ACTR1A"	0.548733717691038	6.85289092883443	2.4701904411201	0.138219535784134	0.599960218924742
"All fibroblasts"	5	"ABI1"	-0.558484623092414	6.90596872594718	2.4701870170164	0.138241803342423	0.599960218924742
"All fibroblasts"	5	"DUSP5"	0.77618922585237	6.96108614391164	2.46837647663034	0.138377144327665	0.599960218924742
"All fibroblasts"	5	"PQLC3"	-0.634542882948137	6.70564018723211	2.46092977610313	0.138392977678862	0.599960218924742
"All fibroblasts"	5	"GPR176"	0.860351200225824	6.13789374230302	2.46580401460728	0.138435372220735	0.599960218924742
"All fibroblasts"	5	"CHPT1"	-0.526032404083492	6.63567444494118	2.46425107077402	0.138457048212827	0.599960218924742
"All fibroblasts"	5	"STT3A"	0.732960394465503	6.42381388079513	2.45061674229589	0.138484038862842	0.599960218924742
"All fibroblasts"	5	"ATP6AP1"	0.722656543434573	7.29269674537974	2.46411866820006	0.138765970858843	0.600735001630371
"All fibroblasts"	5	"ARF4"	0.445278558069443	8.71869282365345	2.46148915301835	0.139143319349817	0.601528611507833
"All fibroblasts"	5	"SPATS2"	0.644419133797146	6.68183953047681	2.45288347731037	0.13915575224173	0.601528611507833
"All fibroblasts"	5	"DYNLL2"	-0.471371477316911	7.74566527296779	2.45833108195717	0.139314775369572	0.601579058692742
"All fibroblasts"	5	"ITPKC"	0.729483561328834	5.89235742260436	2.42134689348667	0.139521408580774	0.601579058692742
"All fibroblasts"	5	"MAGEF1"	0.794526881170417	5.90412935292277	2.44135636928645	0.139529317359434	0.601579058692742
"All fibroblasts"	5	"LRRCC1"	-0.729166618848205	6.21058719702193	2.43898805409099	0.13969981696771	0.601579058692742
"All fibroblasts"	5	"MAF"	-0.4066618230988	8.96527263794524	2.4528527848266	0.139769126227275	0.601579058692742
"All fibroblasts"	5	"UBE2L3"	0.417197888219736	8.09892466795338	2.45316234637263	0.139786862102278	0.601579058692742
"All fibroblasts"	5	"WWP1"	-0.476763463251591	7.22803615896635	2.4513743553746	0.139938934507187	0.601789056364118
"All fibroblasts"	5	"ACLY"	0.635084701753765	6.7015100778282	2.44044623060784	0.140137972711805	0.602128061331371
"All fibroblasts"	5	"TSC22D4"	0.839423058735298	6.11854818521032	2.43071590450552	0.140351629405396	0.602128061331371
"All fibroblasts"	5	"ITGA1"	-0.408314418146457	8.41139494805101	2.44405454879032	0.140450188906629	0.602128061331371
"All fibroblasts"	5	"MAVS"	0.499600940356109	7.23751251557109	2.44318121724858	0.140508179211019	0.602128061331371
"All fibroblasts"	5	"DCXR"	0.685799485429124	5.86484444141719	2.41810841187397	0.140609289977581	0.602128061331371
"All fibroblasts"	5	"ARFGAP2"	0.726532360870495	6.07830769150405	2.42551978650557	0.140701693969226	0.602128061331371
"All fibroblasts"	5	"TMTC1"	0.521118748348907	6.84210977640647	2.43726286415457	0.140825884100466	0.602128061331371
"All fibroblasts"	5	"AMPD3"	0.666711115441772	6.3309886987897	2.40577903951324	0.140861698882862	0.602128061331371
"All fibroblasts"	5	"YBX3"	0.40205566297823	9.33818349474206	2.43694453330166	0.1409477734093	0.602128061331371
"All fibroblasts"	5	"PUS7L"	-0.692512659747676	5.96339169805631	2.45577148327449	0.141073711097116	0.602224552793331
"All fibroblasts"	5	"ITGAV"	0.456656854567777	8.03850881994272	2.43356466954156	0.141236024325161	0.602476071553961
"All fibroblasts"	5	"SF3B2"	0.427202177930392	7.57177281836277	2.43135200660308	0.141449852039949	0.602852328010766
"All fibroblasts"	5	"SLIT2"	-0.705501106952099	7.36684027331769	2.42481423497898	0.141596460927114	0.602852328010766
"All fibroblasts"	5	"TAF1D"	0.497325560140355	7.47418607175411	2.4286696471851	0.141634603920841	0.602852328010766
"All fibroblasts"	5	"UIMC1"	-0.691768950501304	6.07462413945108	2.39960021984875	0.142163196930088	0.604660546358848
"All fibroblasts"	5	"MEIS3"	0.979523008099814	5.66048637263794	2.39079644875169	0.142332818410906	0.604940432443727
"All fibroblasts"	5	"RAB4A"	-0.510707057269459	6.60323184150607	2.40109876393387	0.142502475268705	0.604945376219493
"All fibroblasts"	5	"KIAA0319L"	0.663566154935392	6.39513554176041	2.38837824942496	0.142764119298392	0.604945376219493
"All fibroblasts"	5	"NDUFA8"	0.735194441951874	5.9859355092112	2.37401285773225	0.143070847720255	0.604945376219493
"All fibroblasts"	5	"IGHM"	0.936446560706553	6.7367909663849	2.36723918239231	0.143173845908926	0.604945376219493
"All fibroblasts"	5	"LGALS3BP"	0.479295732282161	9.49803149533502	2.40727367366111	0.143203470510672	0.604945376219493
"All fibroblasts"	5	"ZBTB10"	-0.650565203532736	6.4592278294893	2.39260509652731	0.143231713153105	0.604945376219493
"All fibroblasts"	5	"GNAQ"	-0.404064400936044	7.81114421510939	2.40586611357723	0.143273776039561	0.604945376219493
"All fibroblasts"	5	"FKBP4"	0.525779602185909	6.60029039704503	2.40538351041331	0.143353505168971	0.604945376219493
"All fibroblasts"	5	"METAP2"	0.436653811210633	7.80939123178447	2.40591864355425	0.14338051268758	0.604945376219493
"All fibroblasts"	5	"MINDY2"	-0.567008263569285	6.55247811943476	2.37656622798763	0.143389240346719	0.604945376219493
"All fibroblasts"	5	"RNF19A"	-0.504719960872668	6.81523557302483	2.39436547385387	0.143475975619588	0.604945376219493
"All fibroblasts"	5	"ZBTB7A"	0.414763705023862	8.23951233833666	2.39868279177577	0.14390908663301	0.605886777844746
"All fibroblasts"	5	"ATIC"	0.633170058795886	6.0234282133921	2.37676121194277	0.144098263958291	0.605886777844746
"All fibroblasts"	5	"PPP1R18"	0.591054743355893	7.6579542496309	2.3947537204216	0.144187361775295	0.605886777844746
"All fibroblasts"	5	"POLR2E"	0.617142805641213	7.04950721250094	2.39461135977753	0.144212644250936	0.605886777844746
"All fibroblasts"	5	"ECI2"	-0.573906234667201	6.12738019480796	2.38132629357477	0.144258761198109	0.605886777844746
"All fibroblasts"	5	"LRRN4CL"	-0.679293835959344	6.64105780885431	2.38305543137416	0.144323124703708	0.605886777844746
"All fibroblasts"	5	"ANKH"	0.717621804281146	6.31697227265337	2.37787614939977	0.144705240747112	0.607053590952788
"All fibroblasts"	5	"NT5C3B"	0.915992341354828	5.6105740427691	2.34808368462163	0.144996624026316	0.607645411075211
"All fibroblasts"	5	"ZNF621"	-0.54043181037077	6.43939791503827	2.38185818279668	0.145142116079431	0.607645411075211
"All fibroblasts"	5	"THAP12"	-0.636791741903374	6.02107424973369	2.3652909672347	0.145308831408831	0.607645411075211
"All fibroblasts"	5	"AK2"	0.614154954092313	7.22972642272564	2.37861302086431	0.145400545645287	0.607645411075211
"All fibroblasts"	5	"TMEM165"	0.620402242859675	7.01504933091661	2.37229422458555	0.145476359272292	0.607645411075211
"All fibroblasts"	5	"SPPL2A"	-0.489555803798781	7.50880224916162	2.37683514707975	0.145632353549843	0.607645411075211
"All fibroblasts"	5	"TPM3"	0.402405001569784	8.49789528222223	2.37604105114695	0.14565859138789	0.607645411075211
"All fibroblasts"	5	"GLG1"	-0.393657584260095	8.38784564602507	2.37387942384977	0.145680562771936	0.607645411075211
"All fibroblasts"	5	"NTPCR"	0.617707683947126	6.45559834288601	2.36846501332834	0.146003024578275	0.608025854035272
"All fibroblasts"	5	"RSL24D1"	-0.494460736051163	7.41692707979026	2.37012424808751	0.146070400793282	0.608025854035272
"All fibroblasts"	5	"ICE2"	-0.588568848128302	6.2959098588802	2.36520090060464	0.146133087475222	0.608025854035272
"All fibroblasts"	5	"PPCS"	-0.583373398971734	6.26495873829397	2.39215464888501	0.146189157628869	0.608025854035272
"All fibroblasts"	5	"PDCD5"	0.589606172567859	7.04577280346202	2.3411834450581	0.146415945911064	0.608073995470969
"All fibroblasts"	5	"CCDC124"	0.73412640147425	5.77227268817495	2.34000694626763	0.146479082659448	0.608073995470969
"All fibroblasts"	5	"NDEL1"	0.5883442310831	6.14230794442847	2.33902003632807	0.146513796059935	0.608073995470969
"All fibroblasts"	5	"EIF4E3"	-0.694895281152266	6.37654501118359	2.36123735747813	0.146660231894609	0.608226069979513
"All fibroblasts"	5	"MRPL33"	-0.421734136778711	7.34484451601696	2.36044525026558	0.14684941931558	0.608226069979513
"All fibroblasts"	5	"EPB41L4A-AS1"	-0.525589728398167	6.47822835182295	2.35826320402805	0.146934590176154	0.608226069979513
"All fibroblasts"	5	"CBLB"	0.64529037850168	6.57763368588462	2.34650456730497	0.146967960619728	0.608226069979513
"All fibroblasts"	5	"PGRMC1"	-0.470717370634288	8.09491880926858	2.35749367527143	0.147085067002214	0.608278697957345
"All fibroblasts"	5	"GLRX"	0.618320754289936	6.48773173768677	2.3460290541086	0.147332272566699	0.608490736345894
"All fibroblasts"	5	"SNAP29"	-0.522803263494772	6.51366152004095	2.34873429534803	0.147345191176258	0.608490736345894
"All fibroblasts"	5	"NUMB"	-0.466087433284477	7.07849911017231	2.34685418287849	0.147763372770935	0.609348246106007
"All fibroblasts"	5	"STX17"	-0.586652282688091	6.38565695793431	2.34589357874901	0.147781585787117	0.609348246106007
"All fibroblasts"	5	"RSRC2"	-0.389517483957658	7.90344099716205	2.34731538786766	0.147926139251365	0.609348246106007
"All fibroblasts"	5	"POLR2G"	0.631421875171784	6.85056501028025	2.34330099753686	0.147971128923975	0.609348246106007
"All fibroblasts"	5	"HERPUD1"	-0.473224141790461	8.06283727393636	2.34490492200355	0.148111302020589	0.609494743555066
"All fibroblasts"	5	"TP53INP2"	-0.579661323241281	6.73958859350598	2.31515738825984	0.148381576808453	0.610176039564471
"All fibroblasts"	5	"SLC26A2"	-0.526522285326199	7.69241946036346	2.33948560180801	0.148587875177354	0.610593475781693
"All fibroblasts"	5	"C6orf48"	-0.360370800877718	8.75013735686641	2.33754684156615	0.148721110509054	0.610710296642889
"All fibroblasts"	5	"RBP1"	-0.532795276135991	7.81820267616787	2.33331593162861	0.149082738636655	0.611631785834605
"All fibroblasts"	5	"TYW3"	-0.553500827560678	6.21451883362783	2.32112807779961	0.149155443224811	0.611631785834605
"All fibroblasts"	5	"MBNL1"	-0.4315100040403	7.99194920540005	2.3296416754171	0.149368778760423	0.612075860644854
"All fibroblasts"	5	"ERF"	0.791605037125995	5.94221657939749	2.29747511551439	0.149628898679323	0.612340715085916
"All fibroblasts"	5	"LGALS9"	0.821568641400654	6.32434875400127	2.3216854075115	0.149780059932564	0.612340715085916
"All fibroblasts"	5	"MSL3"	0.573303176874712	6.18338002220583	2.31158845734063	0.149878788645838	0.612340715085916
"All fibroblasts"	5	"PHIP"	-0.463959503458303	7.51697564761411	2.30345129741235	0.149935844253183	0.612340715085916
"All fibroblasts"	5	"APPL2"	-0.550998251479819	6.68174335339862	2.31883552880922	0.150155876323547	0.612340715085916
"All fibroblasts"	5	"VPS25"	0.733555114828074	6.5267590718932	2.31235553495119	0.150192310514646	0.612340715085916
"All fibroblasts"	5	"ENSA"	-0.391351854878586	7.90711333592557	2.31918220425093	0.150220514785429	0.612340715085916
"All fibroblasts"	5	"CLTA"	0.49481055623291	8.15033634109888	2.31852221222144	0.150274107186006	0.612340715085916
"All fibroblasts"	5	"PCNX4"	0.625355461504128	6.53095655723408	2.30231706572337	0.150496319302846	0.612787756463807
"All fibroblasts"	5	"BEX4"	-0.544340988687146	6.4959222373786	2.33530506069855	0.15065074124997	0.612787756463807
"All fibroblasts"	5	"CERCAM"	0.557970511967674	7.31567593591003	2.31385437381209	0.150699305819913	0.612787756463807
"All fibroblasts"	5	"BX890604.2"	0.63505042967026	5.91318867219965	2.29803823548331	0.150805999948692	0.612793976081611
"All fibroblasts"	5	"PRPF38A"	-0.576380171311416	6.8270463428109	2.29602501688034	0.151035264196884	0.613171117066804
"All fibroblasts"	5	"SEC61B"	0.482354647677823	7.69516871981649	2.30699833125571	0.151109271341673	0.613171117066804
"All fibroblasts"	5	"UBR2"	-0.564632649994308	6.57530807682625	2.3039156145231	0.151346925686929	0.613701210512675
"All fibroblasts"	5	"THRA"	-0.596823491894644	7.01720322659867	2.29988884506821	0.151674118825496	0.613701210512675
"All fibroblasts"	5	"ARHGAP1"	0.524290943443173	7.46062857846538	2.30117190644005	0.151683118250805	0.613701210512675
"All fibroblasts"	5	"TDP2"	-0.637346138800317	6.1337902190887	2.29262324372669	0.151720825676156	0.613701210512675
"All fibroblasts"	5	"SBF2"	-0.633976015463721	6.71022496953978	2.29488465140973	0.151766508383176	0.613701210512675
"All fibroblasts"	5	"AP3B1"	-0.46832797434001	6.83024014586682	2.29162668374881	0.152011798188227	0.614050573538495
"All fibroblasts"	5	"SMAD6"	0.781239054564026	6.09422634083866	2.2831208559198	0.152063665285061	0.614050573538495
"All fibroblasts"	5	"SPRED1"	-0.407025950313254	7.73560378335254	2.29262189090303	0.152388603807785	0.614075626121444
"All fibroblasts"	5	"ANP32A"	-0.54304496579494	7.31714198335505	2.28766873185098	0.152421739312961	0.614075626121444
"All fibroblasts"	5	"ERGIC1"	0.529383149596281	7.46287908715414	2.29250180361858	0.15244738200942	0.614075626121444
"All fibroblasts"	5	"FAM104A"	-0.614833892592086	5.92862535513077	2.28045515403604	0.152508174943049	0.614075626121444
"All fibroblasts"	5	"BDH2"	-0.481429545815353	6.82375625770892	2.28469986755317	0.152596791938193	0.614075626121444
"All fibroblasts"	5	"COL1A1"	0.289547854380839	11.9878149443726	2.2830346468542	0.153150607113961	0.615878942479677
"All fibroblasts"	5	"PHC3"	-0.524262801359056	6.87253845176387	2.2767082682101	0.153619904435444	0.617169485616025
"All fibroblasts"	5	"PRKACB"	-0.493085196499086	7.06125594613007	2.2770927264606	0.153683357410134	0.617169485616025
"All fibroblasts"	5	"CNOT1"	-0.44034019282682	7.23346883136186	2.27105276550362	0.15417356770452	0.618669841001512
"All fibroblasts"	5	"ROMO1"	0.451672243095076	7.69801608940107	2.26763420470207	0.154494939867831	0.618669841001512
"All fibroblasts"	5	"PREPL"	-0.522228227222955	6.68037789833178	2.2510411292114	0.154615286668182	0.618669841001512
"All fibroblasts"	5	"TALDO1"	0.56681155078162	6.43892411914238	2.25977290976156	0.154734412716324	0.618669841001512
"All fibroblasts"	5	"CDS2"	0.58579209009196	6.08748002812949	2.2483143710143	0.154881087226163	0.618669841001512
"All fibroblasts"	5	"RNH1"	0.637918663321246	7.39688142660606	2.26191650001443	0.154937698895797	0.618669841001512
"All fibroblasts"	5	"SNRPA1"	0.739095610355628	5.90112935266151	2.23102592293959	0.155151574777685	0.618669841001512
"All fibroblasts"	5	"RAB22A"	-0.516013028754066	6.73105209822858	2.25800734349911	0.155176248962261	0.618669841001512
"All fibroblasts"	5	"RLF"	-0.57376186716049	6.24169501694396	2.23412947938292	0.155271753302617	0.618669841001512
"All fibroblasts"	5	"PSMD14"	0.567331102452737	6.43438100391854	2.24886169965218	0.155355091125346	0.618669841001512
"All fibroblasts"	5	"FLOT1"	0.408611386369028	7.46033047510894	2.25748254488396	0.155388983267402	0.618669841001512
"All fibroblasts"	5	"COL6A2"	0.363687576346956	10.8910376978036	2.25627399463605	0.155406929687961	0.618669841001512
"All fibroblasts"	5	"LBR"	-0.610417322440345	6.14638110962951	2.25123631774698	0.155437214214212	0.618669841001512
"All fibroblasts"	5	"TMEM179B"	0.492213201114952	6.93754194587431	2.25079771170502	0.155991531933377	0.62021452233783
"All fibroblasts"	5	"LGALS3"	-0.356156591170919	9.41828184563113	2.24893495762294	0.156038182554875	0.62021452233783
"All fibroblasts"	5	"SMAP1"	-0.605679723446503	6.46001001286158	2.23471342698504	0.156316776778696	0.620473949821046
"All fibroblasts"	5	"PFDN4"	0.703183488002222	6.18280224547827	2.23697215909504	0.156340285838613	0.620473949821046
"All fibroblasts"	5	"COL4A1"	0.414708375042165	9.21212357446846	2.24312365756505	0.156549068831776	0.620473949821046
"All fibroblasts"	5	"CBX3"	0.407816209287599	8.52783023011444	2.24318613838431	0.156561102381029	0.620473949821046
"All fibroblasts"	5	"SPART"	-0.481452751288515	6.87104103821044	2.24141893219572	0.156660856682848	0.620473949821046
"All fibroblasts"	5	"ABCA1"	-0.475432732402846	7.9554634176619	2.2396583717552	0.156852371687173	0.620473949821046
"All fibroblasts"	5	"SELENBP1"	-0.497944679675392	7.29153970451209	2.23946493072176	0.156926551003444	0.620473949821046
"All fibroblasts"	5	"IFT52"	-0.576295767129512	6.15020833469572	2.23038955983425	0.156955311830483	0.620473949821046
"All fibroblasts"	5	"DYM"	-0.556239304178327	6.44441531547023	2.25418727542076	0.15725363737611	0.620949296080853
"All fibroblasts"	5	"MLXIP"	-0.381745512801163	8.2139374439468	2.23485577065954	0.157288683887994	0.620949296080853
"All fibroblasts"	5	"COX6B1"	0.502220779331572	8.02957198104719	2.233358429767	0.157435435900559	0.621107843596858
"All fibroblasts"	5	"MOB1B"	-0.555413081026981	6.0971386905998	2.21260470317988	0.157677221719461	0.621393737393062
"All fibroblasts"	5	"GALC"	-0.737222182654876	5.89039304489126	2.22120558812945	0.157721183731652	0.621393737393062
"All fibroblasts"	5	"NPEPPS"	-0.424604183255607	7.61161376766347	2.22732567650537	0.157949896773684	0.621874357094767
"All fibroblasts"	5	"UQCRQ"	0.378531551423733	8.34550795675569	2.22007944709464	0.158551827538124	0.623151251644572
"All fibroblasts"	5	"PTPN1"	0.568529006037379	6.86189582883417	2.20852187165925	0.158571521189396	0.623151251644572
"All fibroblasts"	5	"KIF13A"	-0.604704899075945	6.54282346217295	2.21515124254997	0.158600987287114	0.623151251644572
"All fibroblasts"	5	"JMJD8"	0.653275241370777	6.82737863483952	2.21822675584605	0.158701983428959	0.623151251644572
"All fibroblasts"	5	"NUS1"	0.653924233356557	6.62205839868937	2.20337719047731	0.159533858852607	0.625509410162928
"All fibroblasts"	5	"CDC123"	0.538527375269835	6.4388095995373	2.20489931410382	0.159581089258232	0.625509410162928
"All fibroblasts"	5	"RAB7A"	-0.339507794154804	9.13344847474192	2.20646791419506	0.159727808746113	0.625509410162928
"All fibroblasts"	5	"MARCKS"	-0.663484087262035	8.12325320961	2.20701355119355	0.159731937930742	0.625509410162928
"All fibroblasts"	5	"PTGER4"	-0.475195704616919	7.2200207936263	2.19992878655679	0.159876839042488	0.625656374144109
"All fibroblasts"	5	"EXOSC6"	0.681520557617857	6.39300060687551	2.20060641905944	0.160061126949234	0.62595717230415
"All fibroblasts"	5	"CAMTA2"	0.896908008749859	5.78477120237604	2.17490828046925	0.160314800064681	0.626377173652098
"All fibroblasts"	5	"SPINDOC"	0.961539611655855	5.57487904533417	2.15518458738051	0.160424871237611	0.626377173652098
"All fibroblasts"	5	"NDUFS5"	0.361939046896008	8.37954393755062	2.1968994100714	0.160598916455685	0.626377173652098
"All fibroblasts"	5	"TRPM7"	-0.601610825698683	6.44607734061608	2.17255337087642	0.160651049165029	0.626377173652098
"All fibroblasts"	5	"TRAF3"	0.558021434149268	6.2358773408685	2.18794737850962	0.160706002164044	0.626377173652098
"All fibroblasts"	5	"CDK19"	-0.734947263946568	6.29797216573052	2.18296193230284	0.161036681241693	0.627246485023627
"All fibroblasts"	5	"H1FX"	0.543150188373883	6.93575437885477	2.18305469940059	0.161608340844923	0.628380592341947
"All fibroblasts"	5	"CEBPB"	0.69734804686482	9.22170082163748	2.18451292089194	0.161710562168629	0.628380592341947
"All fibroblasts"	5	"ARL4C"	0.824249685345477	5.99858675932507	2.16248958350038	0.161788380095091	0.628380592341947
"All fibroblasts"	5	"PARM1"	-0.538278075416456	7.29287608294897	2.18341096203622	0.161839949457305	0.628380592341947
"All fibroblasts"	5	"CETN2"	-0.524811528863278	6.38582979005654	2.17203011156565	0.161867044637938	0.628380592341947
"All fibroblasts"	5	"RETREG3"	0.598696405307156	6.55476131581322	2.17635644122775	0.162087587470822	0.628582567063829
"All fibroblasts"	5	"SLC1A5"	0.50740286823359	7.52339695447882	2.15462966601851	0.162134820370162	0.628582567063829
"All fibroblasts"	5	"ATF7"	-0.440969610267053	6.82739166768146	2.16583452104098	0.162295725489398	0.628609945461577
"All fibroblasts"	5	"LMOD1"	-0.637140736587301	6.98948154113154	2.16180543303826	0.162357639938162	0.628609945461577
"All fibroblasts"	5	"ATP2A2"	0.419566067858374	8.61301967183969	2.17362583918249	0.162691812595118	0.62874413194263
"All fibroblasts"	5	"PNPLA8"	0.628241385445864	6.71395634313753	2.19267861310239	0.162709351846208	0.62874413194263
"All fibroblasts"	5	"FBXO11"	-0.517021173387278	6.53151728743191	2.15923998585954	0.162716003255446	0.62874413194263
"All fibroblasts"	5	"PSMB6"	0.585500478123057	6.8156797027711	2.16831679247871	0.162951067940762	0.628839123805711
"All fibroblasts"	5	"BLCAP"	0.804880105543233	5.79661279638855	2.14797111701419	0.162956423021559	0.628839123805711
"All fibroblasts"	5	"ARHGAP5"	-0.370563073743821	7.92352998958734	2.16238935730534	0.163713314585519	0.631341816075327
"All fibroblasts"	5	"RASSF8"	0.703444615500537	6.26336492020378	2.13529791738254	0.164325925429231	0.633285163674687
"All fibroblasts"	5	"CDC73"	-0.483847907995544	6.65194927711166	2.1476692934999	0.164486305268442	0.633484270191151
"All fibroblasts"	5	"FMNL2"	-0.559237764699179	6.5428070702192	2.14097600977724	0.164903433316037	0.634195399575216
"All fibroblasts"	5	"VPS26C"	-0.674153314541382	5.98830933813567	2.13229824958132	0.164936746605919	0.634195399575216
"All fibroblasts"	5	"F11R"	-0.718720059553623	6.26062055341485	2.14862817947597	0.165002218026468	0.634195399575216
"All fibroblasts"	5	"PDE3B"	-0.520883169994977	6.44179541232278	2.13987747013921	0.165107146102172	0.634195399575216
"All fibroblasts"	5	"NDUFAF3"	0.534279530357201	6.63035112525114	2.1424352069024	0.165215139274958	0.634195399575216
"All fibroblasts"	5	"PSMG1"	0.857542541593285	6.16656591913883	2.12255325360074	0.165491661973872	0.634262715821305
"All fibroblasts"	5	"EIF1B"	-0.535287358482571	7.31590855171707	2.14189752189243	0.165539398008505	0.634262715821305
"All fibroblasts"	5	"EIF2S1"	0.788821961240559	6.37324665368654	2.12696024949232	0.165559222715669	0.634262715821305
"All fibroblasts"	5	"HYOU1"	0.643825992362507	6.88166699822624	2.13292746311917	0.165701452237488	0.634390513921053
"All fibroblasts"	5	"FLOT2"	0.749448054627422	6.18103903806022	2.11715153364342	0.166079280231686	0.634607560883207
"All fibroblasts"	5	"AASDHPPT"	-0.655256107847904	6.16943359410684	2.11250880871722	0.166198399709014	0.634607560883207
"All fibroblasts"	5	"PAPSS2"	0.435677837355744	7.45294382133649	2.13501275603677	0.166240226238871	0.634607560883207
"All fibroblasts"	5	"CETN3"	-0.622653087127206	6.1949539699096	2.12156186472329	0.166425670521248	0.634607560883207
"All fibroblasts"	5	"C9orf16"	0.706018076140853	5.99159118367214	2.11674480125425	0.166574250999963	0.634607560883207
"All fibroblasts"	5	"SRSF8"	-0.562976595407984	6.29591927628867	2.14986912905885	0.166585577623805	0.634607560883207
"All fibroblasts"	5	"ZG16"	-1.13088925472457	6.96798797671238	2.1213209606202	0.166683236479607	0.634607560883207
"All fibroblasts"	5	"DNM1L"	0.577343965781816	6.44246318125777	2.11850028301554	0.166840275175083	0.634607560883207
"All fibroblasts"	5	"CTBP2"	-0.432216563772218	7.05296985837074	2.12473723486825	0.16693458132991	0.634607560883207
"All fibroblasts"	5	"INSR"	-0.661818426432786	6.46318235035358	2.12212702282155	0.166984772516211	0.634607560883207
"All fibroblasts"	5	"PRRC2A"	0.706650289950712	6.51751808737419	2.1163932695142	0.167140367357709	0.634607560883207
"All fibroblasts"	5	"ARPIN"	-0.527194340329598	6.73362160021729	2.12420396969206	0.167163674402343	0.634607560883207
"All fibroblasts"	5	"EEF1A1"	-0.250261727534015	12.2080256720278	2.12323986256771	0.16725695774341	0.634607560883207
"All fibroblasts"	5	"GGCT"	0.54555402397244	6.14457851551927	2.09912776413058	0.167300730901797	0.634607560883207
"All fibroblasts"	5	"TP53"	0.545018247853419	6.39240792642389	2.11912487993973	0.167485675208236	0.634607560883207
"All fibroblasts"	5	"ZNF703"	0.688421889756123	6.68076511477305	2.11897637278453	0.167677705670719	0.634607560883207
"All fibroblasts"	5	"AFF1"	-0.480737724071499	6.82861706570342	2.11737990370139	0.167762950554208	0.634607560883207
"All fibroblasts"	5	"NUP160"	0.601892259728733	5.92121307513187	2.10421186539425	0.167991695424615	0.634607560883207
"All fibroblasts"	5	"BCL10"	-0.591451462993099	6.46494291646072	2.11098858026474	0.168057342720663	0.634607560883207
"All fibroblasts"	5	"DNAJC13"	-0.509306893989255	6.80569770069909	2.10953445168607	0.168230695171621	0.634607560883207
"All fibroblasts"	5	"MVP"	0.572665997134363	7.00684001068292	2.10432817022551	0.168401616846863	0.634607560883207
"All fibroblasts"	5	"CEP120"	-0.661581492907528	5.91105229431864	2.12680931911531	0.168429336156396	0.634607560883207
"All fibroblasts"	5	"LSG1"	-0.507374375339982	6.62843799212538	2.10741768565435	0.168514172942427	0.634607560883207
"All fibroblasts"	5	"ACP5"	-0.719865345489953	6.99963020671926	2.10734950943328	0.168707845102073	0.634607560883207
"All fibroblasts"	5	"ACADM"	-0.722841946464019	6.05353610516879	2.09652191721982	0.169031980944148	0.634607560883207
"All fibroblasts"	5	"MON2"	-0.516839682668007	6.11640190982855	2.08523866905062	0.169112418751032	0.634607560883207
"All fibroblasts"	5	"ZNF652"	0.502513051717746	6.5194786280888	2.09938114215371	0.169267656731762	0.634607560883207
"All fibroblasts"	5	"SMARCA4"	0.604805076877979	6.55453902202979	2.09292385586515	0.16928983237623	0.634607560883207
"All fibroblasts"	5	"PPP3CB"	-0.463290088451019	6.86542894288084	2.10153138357245	0.16934210643046	0.634607560883207
"All fibroblasts"	5	"VPS37C"	0.78538142797156	5.94386826958085	2.08132571191203	0.169454918257197	0.634607560883207
"All fibroblasts"	5	"RYBP"	-0.397010010274501	7.96446307027344	2.09632399212743	0.169686366717668	0.634607560883207
"All fibroblasts"	5	"NFKBIA"	0.526981059798964	9.59221375844733	2.09650899546457	0.169791957952121	0.634607560883207
"All fibroblasts"	5	"GMPS"	0.547793851229762	6.46451341316744	2.08926553305132	0.169795497430148	0.634607560883207
"All fibroblasts"	5	"SLC22A17"	0.613623901902923	5.94274650773208	2.08300502590428	0.169853599579848	0.634607560883207
"All fibroblasts"	5	"GOSR2"	0.660223283876722	6.04378893816054	2.06493213624626	0.170200835403679	0.634607560883207
"All fibroblasts"	5	"TRIM25"	0.5825378629059	5.99290613514203	2.08119032484758	0.170290341943762	0.634607560883207
"All fibroblasts"	5	"SERPINB1"	-0.439663667911146	7.48612971732669	2.09083132171676	0.17035681389916	0.634607560883207
"All fibroblasts"	5	"SMC3"	-0.438561864694578	7.07826689501606	2.0841405220213	0.170364875475861	0.634607560883207
"All fibroblasts"	5	"NUCB1"	0.44998209725358	8.14414726125182	2.09017580061814	0.170438823461228	0.634607560883207
"All fibroblasts"	5	"AARS"	0.584611335000785	6.83248082512745	2.0819088276755	0.170490052179217	0.634607560883207
"All fibroblasts"	5	"CNOT11"	0.683442605669732	5.83573304728533	2.07529187635263	0.170522326554181	0.634607560883207
"All fibroblasts"	5	"PSMD4"	0.523880837112827	7.13310466919134	2.08862327330174	0.170620204891907	0.634607560883207
"All fibroblasts"	5	"FAT4"	-0.462963443358172	7.18405163833456	2.08710901696193	0.170752013173333	0.634607560883207
"All fibroblasts"	5	"HCFC2"	-0.560813151644554	5.90730243533557	2.06373609220448	0.170836644571816	0.634607560883207
"All fibroblasts"	5	"DCAF6"	-0.536331835276328	6.60396047461658	2.0803886943008	0.171066650198306	0.634607560883207
"All fibroblasts"	5	"MAN2B2"	-0.471975991054844	6.63156885730628	2.07998343409508	0.171067334571469	0.634607560883207
"All fibroblasts"	5	"SEC14L1"	0.486212330709669	6.92247399074586	2.07328630001936	0.1711939370169	0.634607560883207
"All fibroblasts"	5	"TOLLIP"	0.690903899548998	6.08692642882462	2.06180164742815	0.171351468851144	0.634607560883207
"All fibroblasts"	5	"IL13RA1"	0.441215729854267	7.40425341096804	2.08056206397502	0.171385847913379	0.634607560883207
"All fibroblasts"	5	"WAC"	-0.37162046940722	8.59629831856331	2.07971168607291	0.171415081230263	0.634607560883207
"All fibroblasts"	5	"CACNA1H"	0.741203909276686	6.34573515201273	2.05765355481364	0.171429559329686	0.634607560883207
"All fibroblasts"	5	"PLS3"	-0.457216216390229	7.54941797265165	2.07695039791549	0.17149005448379	0.634607560883207
"All fibroblasts"	5	"DNAJB9"	0.588178736372318	6.58328057727334	2.07140124404388	0.171633453879697	0.634607560883207
"All fibroblasts"	5	"TSKU"	0.713863597907795	6.94619102114693	2.07295216837407	0.171742512968929	0.634607560883207
"All fibroblasts"	5	"HNRNPA3"	-0.390919489891139	9.10579997786311	2.07607827917481	0.171748090529057	0.634607560883207
"All fibroblasts"	5	"PPP1R14A"	-0.512456789064187	7.65094328209842	2.07371254397576	0.171962319787988	0.634636048976067
"All fibroblasts"	5	"ZFAND5"	0.368782602416178	8.49999282107793	2.07260625758137	0.172104058418654	0.634636048976067
"All fibroblasts"	5	"BAZ2B"	-0.483071013513921	7.69204675620359	2.06907018596939	0.172108499318718	0.634636048976067
"All fibroblasts"	5	"HOXB3"	-0.44189750080234	6.84164279121419	2.06583256567783	0.172602362609027	0.634636048976067
"All fibroblasts"	5	"CACHD1"	-0.561699340271905	6.17568378371319	2.0850200580485	0.172626909459378	0.634636048976067
"All fibroblasts"	5	"COL1A2"	0.25879071554957	11.947800305991	2.06642219056608	0.172663074122476	0.634636048976067
"All fibroblasts"	5	"OAZ1"	0.357576742197386	9.20045094840643	2.06635697665946	0.172689684485689	0.634636048976067
"All fibroblasts"	5	"REEP3"	-0.446155614522936	6.97956261802629	2.06268241979789	0.172704371948246	0.634636048976067
"All fibroblasts"	5	"PEBP1"	-0.371162063999353	9.18642561693664	2.06577163377586	0.172736017449123	0.634636048976067
"All fibroblasts"	5	"EPS15"	-0.456829159960554	6.82064371344867	2.05055456217707	0.172853437499369	0.634667284378591
"All fibroblasts"	5	"LETMD1"	-0.547028900496836	6.21077802065103	2.05295246780877	0.173157558349767	0.635190514472943
"All fibroblasts"	5	"ZBTB38"	-0.403876656241529	7.29038373725713	2.05542211371416	0.17321395701004	0.635190514472943
"All fibroblasts"	5	"WDR1"	0.617966527924405	7.44977049104376	2.05949938027869	0.173417945889106	0.635204424974199
"All fibroblasts"	5	"TOX"	-0.537331176075338	6.51695247789592	2.03507783540677	0.173785397457468	0.635204424974199
"All fibroblasts"	5	"MON1B"	-0.469914463744032	6.58519661876698	2.05488640082139	0.173830165771179	0.635204424974199
"All fibroblasts"	5	"PTS"	0.445598620454082	6.90643288448882	2.05126168401957	0.17399322782944	0.635204424974199
"All fibroblasts"	5	"CHD4"	0.523843151377427	6.7387639829529	2.04797834829683	0.174057347491682	0.635204424974199
"All fibroblasts"	5	"SPCS3"	0.484761090603801	7.63330870289551	2.05257578549611	0.174097590617636	0.635204424974199
"All fibroblasts"	5	"PERP"	0.544247591800596	6.22281598875685	2.04115272016249	0.174164010065282	0.635204424974199
"All fibroblasts"	5	"DHTKD1"	0.720493346453799	5.90554822633214	2.0237303899883	0.174260583302307	0.635204424974199
"All fibroblasts"	5	"MPHOSPH6"	0.582198382726056	6.92735767235984	2.01937668253204	0.174305795700656	0.635204424974199
"All fibroblasts"	5	"MYL9"	0.722945051129304	9.02171497719828	2.04974212875865	0.174307855763471	0.635204424974199
"All fibroblasts"	5	"IDH1"	0.649727534546225	6.1849571773623	2.03183362750928	0.174430482723254	0.635227320669062
"All fibroblasts"	5	"SRRT"	0.518952335235945	7.09183724120432	2.0462409539253	0.174532167563269	0.635227320669062
"All fibroblasts"	5	"RB1CC1"	-0.360386586222325	7.83206558880578	2.04056897626448	0.175054312864879	0.636305794199619
"All fibroblasts"	5	"TNFSF10"	-0.573839084525947	8.23498810512061	2.041405710569	0.175156180494066	0.636305794199619
"All fibroblasts"	5	"ATP5MG"	0.370586379508301	7.97341575758	2.03950703803676	0.175353458540413	0.636305794199619
"All fibroblasts"	5	"GUK1"	0.632499514735051	6.62725791210835	2.03230901307272	0.175364822375945	0.636305794199619
"All fibroblasts"	5	"ZC3H6"	-0.654929851586442	6.6810497731425	2.02224417917041	0.175527643922552	0.636305794199619
"All fibroblasts"	5	"PPP1R35"	0.934455398440683	5.89426409059128	2.0274183609868	0.175530924102669	0.636305794199619
"All fibroblasts"	5	"USP25"	-0.621941366379385	5.90311544494883	2.01506578330893	0.175592880911788	0.636305794199619
"All fibroblasts"	5	"NEK1"	-0.693583978139913	5.81848006772552	2.02819311016662	0.175785140966846	0.63644462263451
"All fibroblasts"	5	"TRAPPC2L"	0.780533580351111	6.4132854852312	2.01152719256176	0.175849638311577	0.63644462263451
"All fibroblasts"	5	"RSRP1"	-0.34859901610835	8.36653368131484	2.02993289771339	0.176079552939131	0.636881163858669
"All fibroblasts"	5	"RARRES3"	0.49185872989269	7.73753186012352	2.02855294883556	0.176450658432299	0.637827535164396
"All fibroblasts"	5	"LMBRD1"	-0.629267426662139	6.90530046984793	2.02546293336641	0.176679120479563	0.638068181181175
"All fibroblasts"	5	"MAFG"	0.820263608514045	5.73319987716565	2.00801794772577	0.176736235528817	0.638068181181175
"All fibroblasts"	5	"RNF213"	0.395662196769687	7.52547393425008	2.02388082947659	0.17693978273333	0.638350783063998
"All fibroblasts"	5	"SENP5"	0.555957417168692	6.04766926993264	2.00528245859672	0.177124959372449	0.638350783063998
"All fibroblasts"	5	"TFPI"	-0.334234645933864	9.04691730255588	2.02141328258958	0.177143163929034	0.638350783063998
"All fibroblasts"	5	"DNMBP"	-0.822369623890593	5.65640025878447	2.00004292737312	0.177253429404912	0.638353357937221
"All fibroblasts"	5	"NOP10"	0.433193481482676	7.32402258176636	2.0135027140787	0.17776088011415	0.639134599849585
"All fibroblasts"	5	"ST3GAL2"	0.496247833031973	6.65304861273533	2.01372393958012	0.177798372329734	0.639134599849585
"All fibroblasts"	5	"AGAP1"	-0.603380179626067	6.61902473280799	1.99547931863432	0.17779941416787	0.639134599849585
"All fibroblasts"	5	"RSBN1"	-0.511947988037487	6.30485899913499	1.99507119483779	0.177921800432007	0.639180228802285
"All fibroblasts"	5	"TNRC6C"	-0.466825809052632	6.57932546665699	2.00091042304149	0.178265562125776	0.639927336355807
"All fibroblasts"	5	"APOC1"	-0.993398801754681	6.70374726513527	1.99206884932969	0.17834940694042	0.639927336355807
"All fibroblasts"	5	"SNX19"	0.513358078229355	6.33896953959939	1.993623269556	0.178532189968217	0.640188966735261
"All fibroblasts"	5	"TUBB2A"	0.612789452144938	6.38922337976313	2.00360734763568	0.17876536960832	0.640303833936666
"All fibroblasts"	5	"ZFP36L2"	-0.355581202934344	9.60525519944401	2.00430398819916	0.178834530993634	0.640303833936666
"All fibroblasts"	5	"RIC8A"	0.524226124465645	6.67342985030613	2.00156791659189	0.178897681081014	0.640303833936666
"All fibroblasts"	5	"NAPA"	0.474772489706739	7.60697771367409	2.00345504664443	0.179003766171757	0.640303833936666
"All fibroblasts"	5	"MICU2"	-0.550277402460262	6.22916487218226	1.99643960223163	0.17955451814392	0.641039871088205
"All fibroblasts"	5	"GTF2H5"	-0.655411071085256	6.12370318871051	1.97623960447868	0.179647241922841	0.641039871088205
"All fibroblasts"	5	"CCDC80"	-0.365760690714604	8.96756292760514	1.99612821997506	0.179672128241656	0.641039871088205
"All fibroblasts"	5	"DMXL1"	-0.816673660452934	5.77806550039044	1.9730129647034	0.179717674487155	0.641039871088205
"All fibroblasts"	5	"LEMD2"	0.657943842942459	5.92985320122448	1.98911046526	0.179759593162541	0.641039871088205
"All fibroblasts"	5	"SH3BGRL"	-0.402176912273214	8.10189309835747	1.99356722759154	0.179964045179059	0.64137644725283
"All fibroblasts"	5	"WDR48"	-0.477281204978024	6.46666872038479	1.97489244981828	0.180260039694017	0.641921301820559
"All fibroblasts"	5	"BRD4"	0.35754411793614	8.24775909873339	1.98948818202868	0.18039918953211	0.641921301820559
"All fibroblasts"	5	"RAP1B"	0.455552624027838	7.75235559950757	1.98804635740306	0.180447415888463	0.641921301820559
"All fibroblasts"	5	"NBR1"	-0.426060623151081	7.46626302405971	1.98422901832091	0.180915660151951	0.643034305821383
"All fibroblasts"	5	"STX2"	0.63732041481829	6.09434337806492	1.95991340208456	0.180980995631898	0.643034305821383
"All fibroblasts"	5	"OLFML1"	-0.452032185470554	7.37257579711829	1.98210989371825	0.181166752280751	0.643302050907943
"All fibroblasts"	5	"NENF"	0.533831444601913	6.42492250033767	1.96866569529266	0.181681424013241	0.643534666390327
"All fibroblasts"	5	"CDK2"	0.472367867358865	6.80044372538813	1.96905573256385	0.18180661928556	0.643534666390327
"All fibroblasts"	5	"UQCRB"	-0.333634362412874	8.85758577887872	1.97488487722006	0.181868561201384	0.643534666390327
"All fibroblasts"	5	"TBCC"	-0.641000490310711	6.08444947465814	1.95440260902746	0.181894970535553	0.643534666390327
"All fibroblasts"	5	"NCBP3"	-0.408146905520176	7.21700028725454	1.96603463920845	0.18194175394152	0.643534666390327
"All fibroblasts"	5	"TRIP11"	-0.414942700323233	7.31237972436986	1.96969379052246	0.18217656877041	0.643534666390327
"All fibroblasts"	5	"ENAH"	0.358949419753125	7.9962244032275	1.97211744968471	0.182193423871842	0.643534666390327
"All fibroblasts"	5	"AP2A1"	0.585877781800712	6.31262506163748	1.96450920101371	0.182358164325424	0.643534666390327
"All fibroblasts"	5	"RBMS2"	-0.408936286351023	7.04043760283831	1.96592943293555	0.182400911072864	0.643534666390327
"All fibroblasts"	5	"TSPAN31"	-0.551356516896277	6.99091377819019	1.96602121560453	0.182418250534023	0.643534666390327
"All fibroblasts"	5	"KRR1"	0.648495861282061	6.49737641314804	1.95223045383778	0.182486139071138	0.643534666390327
"All fibroblasts"	5	"TIMM44"	0.795275274010493	5.66891018322427	1.94152372040188	0.182557543082754	0.643534666390327
"All fibroblasts"	5	"ACTA2"	-0.483844348053078	9.44075279246812	1.96692985659321	0.182697631462593	0.643639116404189
"All fibroblasts"	5	"AP2M1"	0.540438479263775	8.05900956109279	1.96121328004513	0.183328242884989	0.644766565264422
"All fibroblasts"	5	"TENT4B"	-0.498370732326058	6.40859111938404	1.96036538231683	0.183394818310711	0.644766565264422
"All fibroblasts"	5	"DNAJC3"	0.487768371532139	7.51906608824468	1.95892814283716	0.183471406135887	0.644766565264422
"All fibroblasts"	5	"SMIM19"	-0.680983653785454	5.89501915431025	1.95100738542968	0.183554768299132	0.644766565264422
"All fibroblasts"	5	"TRAPPC4"	0.523313146227169	6.50360316349358	1.95610178809498	0.183570916727935	0.644766565264422
"All fibroblasts"	5	"AHCTF1"	-0.443815306901633	6.72418053984049	1.9464269331552	0.183743779154451	0.644932297351615
"All fibroblasts"	5	"PXN"	0.512346145180891	6.43122877268781	1.95236079917559	0.183839462141931	0.644932297351615
"All fibroblasts"	5	"HPCAL1"	0.654381928060375	6.60860539037409	1.94939691402927	0.184018933896882	0.645173482441114
"All fibroblasts"	5	"TES"	-0.386820803927277	7.5449217858953	1.94566522730777	0.184530658456591	0.646484086130652
"All fibroblasts"	5	"MLH3"	-0.464643278780839	6.36907215200842	1.92737710988228	0.184871609463184	0.646484086130652
"All fibroblasts"	5	"VCAM1"	0.338494013882808	8.54406896299418	1.94578173945423	0.184922117767693	0.646484086130652
"All fibroblasts"	5	"TROVE2"	-0.454597979055113	7.32201710078288	1.93802205322244	0.185367861672478	0.646484086130652
"All fibroblasts"	5	"MGAT1"	0.527071108783495	7.37740463628718	1.93727979338698	0.185864123045194	0.646484086130652
"All fibroblasts"	5	"BMPR1A"	-0.546446503590152	6.19289717710457	1.93376612519013	0.185880255274466	0.646484086130652
"All fibroblasts"	5	"RIOK3"	-0.473349269014696	6.80054745563587	1.93533387393606	0.186066703096746	0.646484086130652
"All fibroblasts"	5	"ZDHHC9"	0.524776383395872	6.88513121528283	1.92860476419479	0.186277778691343	0.646484086130652
"All fibroblasts"	5	"CHTOP"	0.498282902923756	7.00096933229115	1.91107280755056	0.186301953101749	0.646484086130652
"All fibroblasts"	5	"ALKBH7"	0.78580815464733	6.22266126793975	1.91389092639561	0.186315975396335	0.646484086130652
"All fibroblasts"	5	"BRI3"	0.483085441645757	7.72798624248744	1.93252561844461	0.186371339113638	0.646484086130652
"All fibroblasts"	5	"NDUFAF4"	-0.515816443969639	6.82164651792797	1.9185831962702	0.186379729431219	0.646484086130652
"All fibroblasts"	5	"NEMF"	0.427863782514478	7.15583988637864	1.93187504555727	0.186428059409309	0.646484086130652
"All fibroblasts"	5	"SLC16A2"	-0.587685015243987	6.51869127806532	1.91929191454566	0.186495157635815	0.646484086130652
"All fibroblasts"	5	"GOLIM4"	-0.396690520880296	7.64750729362708	1.92636431827168	0.186760111516197	0.646484086130652
"All fibroblasts"	5	"ABRAXAS2"	-0.598077644768238	5.78470062961443	1.91269270361372	0.186932150899509	0.646484086130652
"All fibroblasts"	5	"CKS1B"	-0.558778273907911	5.9442135051521	1.90836173216135	0.187138077107945	0.646484086130652
"All fibroblasts"	5	"MANBA"	-0.803577444779026	5.86770117198383	1.90596875042232	0.187191739696974	0.646484086130652
"All fibroblasts"	5	"HECTD2"	0.624661889722686	5.75738952606885	1.905366633066	0.18726003549318	0.646484086130652
"All fibroblasts"	5	"SRPRB"	0.591910872374628	6.68716445810884	1.91903078344366	0.187308572475746	0.646484086130652
"All fibroblasts"	5	"LANCL1"	-0.6702588981369	6.02554415429017	1.91134945040226	0.18733881118366	0.646484086130652
"All fibroblasts"	5	"CAPN1"	0.596819874305341	6.82444994644478	1.92227252686949	0.187451577321197	0.646484086130652
"All fibroblasts"	5	"CISD1"	0.59387480259752	6.28008542039788	1.91002540973817	0.187542346546629	0.646484086130652
"All fibroblasts"	5	"BTBD2"	0.506942098969435	6.93087886793906	1.91498778303003	0.187640941261096	0.646484086130652
"All fibroblasts"	5	"NDUFA13"	0.742939370779667	6.07071575616398	1.89899808261786	0.187642629097289	0.646484086130652
"All fibroblasts"	5	"DNAJC1"	0.559717578943842	6.84037941438635	1.90793110109002	0.18772366006589	0.646484086130652
"All fibroblasts"	5	"XAF1"	0.347176908330573	8.57716236572758	1.91946044805815	0.187743442840646	0.646484086130652
"All fibroblasts"	5	"FBXO7"	-0.406316954674888	7.43815176791847	1.91831442870986	0.187748414612126	0.646484086130652
"All fibroblasts"	5	"SUPT16H"	-0.445655379803848	7.31536790961658	1.91762746563555	0.187759122871874	0.646484086130652
"All fibroblasts"	5	"KDM4B"	0.688252162475731	5.97406636440369	1.90258676999138	0.187820672851657	0.646484086130652
"All fibroblasts"	5	"ZNF428"	0.594239447973065	6.17482641978521	1.90027441235854	0.187947005567282	0.646484086130652
"All fibroblasts"	5	"SENP6"	-0.399012381728224	7.60244138869034	1.91723417085194	0.187970483037657	0.646484086130652
"All fibroblasts"	5	"CBFA2T2"	-0.586670862389022	6.11752338961228	1.91137334412404	0.188053977345367	0.646484086130652
"All fibroblasts"	5	"PNPLA2"	0.487339879702831	7.2430808603054	1.91294144094766	0.188180241958673	0.646536715738908
"All fibroblasts"	5	"TGFB1I1"	0.56722048844929	7.74551504768789	1.91110315899052	0.188676898856756	0.647861101731479
"All fibroblasts"	5	"CTSC"	0.3521536869249	10.1903620064449	1.90751849391991	0.189003547189124	0.648493861918714
"All fibroblasts"	5	"PGF"	-0.725676807240575	5.93566487263669	1.87371000015651	0.189309729730711	0.648493861918714
"All fibroblasts"	5	"IMPAD1"	0.369076762837856	7.56251335834207	1.90423381079073	0.189422055041368	0.648493861918714
"All fibroblasts"	5	"SNRPC"	0.458737048283903	6.61645406338266	1.89931475313885	0.189613289694566	0.648493861918714
"All fibroblasts"	5	"EMP3"	0.548035702117194	8.33541886207826	1.9021477983258	0.189615128466519	0.648493861918714
"All fibroblasts"	5	"AKAP1"	-0.62907138638723	5.96461945488786	1.89330140019382	0.190121438540303	0.648493861918714
"All fibroblasts"	5	"SLC25A6"	0.331150323258893	8.95482647124669	1.89734617222361	0.190126071237124	0.648493861918714
"All fibroblasts"	5	"HCFC1"	0.486728078097656	6.77907368175745	1.89393339948976	0.190285340345398	0.648493861918714
"All fibroblasts"	5	"PTCD3"	0.588723725633219	6.58416872557143	1.89358728572779	0.19033304667811	0.648493861918714
"All fibroblasts"	5	"PRKRA"	0.572148412877801	6.14714716494456	1.88684753469558	0.190423597242413	0.648493861918714
"All fibroblasts"	5	"HLA-A"	0.253743303363387	11.5227039554647	1.89367194804505	0.190515137258248	0.648493861918714
"All fibroblasts"	5	"PDLIM1"	0.354075870099148	9.26927525638573	1.89259081580441	0.19064432893092	0.648493861918714
"All fibroblasts"	5	"ARPC4"	0.565415177800245	7.67372284436602	1.89046361444533	0.190648680774793	0.648493861918714
"All fibroblasts"	5	"STX3"	-0.702099061918825	5.59617956275484	1.88338376421028	0.190718483054511	0.648493861918714
"All fibroblasts"	5	"MGP"	-0.556546944417172	7.69881992072742	1.89095911786339	0.190860089602375	0.648493861918714
"All fibroblasts"	5	"YY1"	-0.33947644671643	7.95801926776092	1.89043903055767	0.190927225193353	0.648493861918714
"All fibroblasts"	5	"PPIA"	0.272328286095404	10.5150484152789	1.88986753853532	0.190935243980091	0.648493861918714
"All fibroblasts"	5	"ARPC5"	0.381380444402029	8.17385955867225	1.88981456924354	0.191002761539471	0.648493861918714
"All fibroblasts"	5	"SLC35F6"	0.697725666049024	6.09917765956209	1.87218197604031	0.191188199979718	0.648493861918714
"All fibroblasts"	5	"C20orf194"	-0.543972529118464	6.06612347976455	1.87546628307106	0.191263346347044	0.648493861918714
"All fibroblasts"	5	"IQGAP2"	0.644679876245797	6.26635582176893	1.87803257051413	0.191401396688023	0.648493861918714
"All fibroblasts"	5	"CREB1"	-0.576159028950662	6.49676700082012	1.87877517074718	0.191406624421657	0.648493861918714
"All fibroblasts"	5	"CPSF7"	-0.609412059815076	6.44795483182823	1.87556019059929	0.19142087566504	0.648493861918714
"All fibroblasts"	5	"SLC39A9"	-0.505533242381227	6.2721526952268	1.86160783431082	0.192092005886347	0.650023237592406
"All fibroblasts"	5	"THOC1"	-0.57685565983443	5.97984256613715	1.86134816463857	0.192095420479513	0.650023237592406
"All fibroblasts"	5	"VHL"	0.62780926367115	6.26757757039481	1.86706668513593	0.19233788947171	0.650194345860763
"All fibroblasts"	5	"PUM3"	0.528246503383123	6.46043074289501	1.87143147598707	0.192474515775199	0.650194345860763
"All fibroblasts"	5	"SEPT9"	0.431149138793208	7.24646811264382	1.87056955002558	0.192771540654565	0.650194345860763
"All fibroblasts"	5	"RMND5A"	-0.497070879645816	6.34851362206612	1.86829938852543	0.192782955049811	0.650194345860763
"All fibroblasts"	5	"MAPK14"	-0.430309989742535	7.07200576475289	1.87346446662226	0.192785573828989	0.650194345860763
"All fibroblasts"	5	"TGFB1"	0.665676042762673	6.18816775891093	1.85472749581235	0.19281548475157	0.650194345860763
"All fibroblasts"	5	"SNRPG"	0.478615762065819	7.82461468282047	1.87186379065728	0.192991124143635	0.650410225786558
"All fibroblasts"	5	"SPIN1"	-0.363819867562277	7.55197875277482	1.86805440746859	0.19335709057378	0.651266917210066
"All fibroblasts"	5	"TRAPPC3"	0.554666777179681	6.13156236658397	1.85259895990238	0.193640722014472	0.651845457642017
"All fibroblasts"	5	"KCNE4"	-0.675179214319078	6.0286932080729	1.84623941803293	0.193911874043446	0.652381345295127
"All fibroblasts"	5	"CCL11"	-0.35722989287107	10.5053686181369	1.85884426967611	0.194397519581713	0.653323357117339
"All fibroblasts"	5	"PFKL"	0.61962125007513	6.15080354011758	1.85664831187293	0.194421942905205	0.653323357117339
"All fibroblasts"	5	"VPS37A"	0.60780461347778	6.04759176207284	1.83737994865731	0.194582972409825	0.653323357117339
"All fibroblasts"	5	"TFE3"	0.545892489477327	6.59309510755878	1.84229643514696	0.194640354892003	0.653323357117339
"All fibroblasts"	5	"FAM177A1"	0.503121932324085	6.59200452948921	1.85304242598466	0.194859341290884	0.653681854750709
"All fibroblasts"	5	"RALGAPA1"	-0.481549136639945	6.28216923041742	1.84838094009033	0.195058196736632	0.653754013375145
"All fibroblasts"	5	"ARL14EP"	-0.59834694251045	6.04744872062421	1.83468809549321	0.195105239275678	0.653754013375145
"All fibroblasts"	5	"HSPB11"	-0.567961879276892	6.10196496426127	1.8459455318455	0.195388664043733	0.654327439875191
"All fibroblasts"	5	"HOXA3"	-0.71518891686742	6.04720646205251	1.83736185376258	0.195888473236154	0.65530949770208
"All fibroblasts"	5	"GABARAPL2"	-0.448816909392492	7.4893789472502	1.8434268249057	0.196044775537543	0.65530949770208
"All fibroblasts"	5	"BZW1"	0.465970288287176	8.07561651548938	1.842542461929	0.196303900827191	0.65530949770208
"All fibroblasts"	5	"MED14"	-0.640181405860452	5.93402515118034	1.8233856515733	0.196335958212581	0.65530949770208
"All fibroblasts"	5	"CYR61"	0.576364394229102	9.66597923195578	1.84044331670815	0.196492726011106	0.65530949770208
"All fibroblasts"	5	"G0S2"	0.684837129317778	6.54798922608136	1.83625984618145	0.196575095576841	0.65530949770208
"All fibroblasts"	5	"LRRC41"	0.519638388752728	6.34646614054763	1.8530627642028	0.196691660964332	0.65530949770208
"All fibroblasts"	5	"CDH13"	0.608399080670133	6.65324313105259	1.83703954538688	0.196767023762542	0.65530949770208
"All fibroblasts"	5	"EIF3F"	-0.333575173416453	8.05878656094528	1.83781452148628	0.196834699114655	0.65530949770208
"All fibroblasts"	5	"PSMD11"	0.4495126679595	7.01460108403303	1.83600633042854	0.196939601207637	0.65530949770208
"All fibroblasts"	5	"WSB1"	-0.329707972578003	9.01256251432739	1.83662478545943	0.196950460052297	0.65530949770208
"All fibroblasts"	5	"IARS2"	-0.477751122661936	6.45028130969161	1.82503943841961	0.197139502121216	0.65530949770208
"All fibroblasts"	5	"EPHA3"	-0.515327913714784	6.57448665753711	1.82612968524035	0.197256301662411	0.65530949770208
"All fibroblasts"	5	"MSL1"	-0.359192994495136	8.02375345872046	1.83347881185108	0.197333163137835	0.65530949770208
"All fibroblasts"	5	"ZBTB1"	0.648973153402231	6.01328853886699	1.82195496428402	0.197368829323348	0.65530949770208
"All fibroblasts"	5	"FCGRT"	-0.368707264595146	7.79386617024307	1.83184194225804	0.197498247189768	0.655365766728234
"All fibroblasts"	5	"STAT5A"	0.607205953640706	5.8341354325258	1.80872137381989	0.19776570029969	0.655590494816313
"All fibroblasts"	5	"ARSK"	-0.60885292930019	6.23722954530495	1.84437996513451	0.197790988482423	0.655590494816313
"All fibroblasts"	5	"ICK"	-0.760774537173033	5.94424293392688	1.82386034285283	0.197962931814612	0.655660089289196
"All fibroblasts"	5	"ZNF655"	-0.50301934246377	6.84146771682628	1.80997634575511	0.198037027140722	0.655660089289196
"All fibroblasts"	5	"SLC15A3"	0.839080007288304	5.97932600172672	1.80879377511459	0.198828701788987	0.657261915213518
"All fibroblasts"	5	"REX1BD"	-0.532312258804028	6.24435511073532	1.81785626071927	0.198917319146091	0.657261915213518
"All fibroblasts"	5	"MEGF8"	0.684893588796121	6.25047132039642	1.81313866467423	0.198936281803181	0.657261915213518
"All fibroblasts"	5	"IMPA2"	-0.631597906404526	5.8977431046233	1.80719369168557	0.199061633969402	0.657261915213518
"All fibroblasts"	5	"DNAJC21"	0.621568625729407	7.0047572265334	1.81365191741722	0.199183471876453	0.657261915213518
"All fibroblasts"	5	"TBRG1"	0.529246472466341	6.56433062124523	1.81028739651464	0.199304567658816	0.657261915213518
"All fibroblasts"	5	"CPSF2"	0.472552835754705	6.4028685549411	1.80710487401166	0.199468943095447	0.657261915213518
"All fibroblasts"	5	"GSTM3"	-0.374226502393032	7.36203672898565	1.8143439767397	0.199500196241218	0.657261915213518
"All fibroblasts"	5	"ANKRD17"	-0.420364088978614	7.02622295067944	1.81423064936133	0.199536009612616	0.657261915213518
"All fibroblasts"	5	"EML4"	-0.566397583382641	6.26974308283126	1.79727476988295	0.199962521159964	0.657617176319399
"All fibroblasts"	5	"TBC1D10B"	0.569619603292618	6.66754614099045	1.80779936291116	0.200048355970803	0.657617176319399
"All fibroblasts"	5	"HNRNPAB"	0.439585383976896	7.74761532834799	1.81006337216033	0.200067577477179	0.657617176319399
"All fibroblasts"	5	"GPX4"	0.562106862083204	7.87890540431771	1.80968768357593	0.200118727295719	0.657617176319399
"All fibroblasts"	5	"NUCKS1"	-0.313859862407945	9.74329309905045	1.80837931861234	0.200208146694803	0.657617176319399
"All fibroblasts"	5	"HDAC1"	0.391943885507591	7.14699483723112	1.80671388956042	0.20038485606738	0.657826792284295
"All fibroblasts"	5	"SPRY2"	-0.550355759317819	6.43791794573614	1.80021634648379	0.200600747729493	0.657895691748859
"All fibroblasts"	5	"RNF168"	-0.562496346889287	5.77709094717558	1.78720053609491	0.200631653378706	0.657895691748859
"All fibroblasts"	5	"PHF21A"	0.442816149572961	6.90782701078455	1.80433194319679	0.200774598106533	0.65799414126365
"All fibroblasts"	5	"SCAF4"	-0.570164282395924	5.83532185179217	1.78790301864726	0.201076202774687	0.658612160521697
"All fibroblasts"	5	"PIM2"	0.595463125442284	6.08859705829713	1.80804046935367	0.201551279748462	0.659400140559197
"All fibroblasts"	5	"NRSN2"	0.63555015137724	6.32232608757238	1.78624306727122	0.20159194882445	0.659400140559197
"All fibroblasts"	5	"TM4SF1"	-0.393967476910898	8.63093853669159	1.79525395411406	0.201656264025483	0.659400140559197
"All fibroblasts"	5	"TMEM204"	0.579116832324392	6.35209001362559	1.77594781130584	0.201852093630549	0.659670302627711
"All fibroblasts"	5	"TNFAIP8"	0.584234897666538	6.12282955380645	1.77453927783457	0.202495519834425	0.660217794640178
"All fibroblasts"	5	"SMC4"	-0.451192304113712	6.99364159682986	1.80219283098169	0.202608152855359	0.660217794640178
"All fibroblasts"	5	"CHCHD2"	0.339698795722685	8.74647422038972	1.78761728321196	0.202693723273099	0.660217794640178
"All fibroblasts"	5	"VSIR"	-0.617905813599843	6.24715644238301	1.77939769109913	0.202757762820121	0.660217794640178
"All fibroblasts"	5	"CYTH2"	0.563571495162447	6.17204002761754	1.78007451664495	0.202766822477403	0.660217794640178
"All fibroblasts"	5	"AAMP"	0.416429585937289	7.53259609103019	1.78648759302978	0.202831306963534	0.660217794640178
"All fibroblasts"	5	"ATG12"	0.513717099427315	6.71328053085126	1.78555464941723	0.202898291496469	0.660217794640178
"All fibroblasts"	5	"FLNA"	0.460703228395753	8.83034247469222	1.78562885872237	0.202926046027211	0.660217794640178
"All fibroblasts"	5	"SYDE1"	0.575224202649287	6.91866828327047	1.78190711143956	0.203390168732071	0.661072995803837
"All fibroblasts"	5	"GPR63"	-0.495121911662333	6.27826322002316	1.7722816080895	0.203415802552991	0.661072995803837
"All fibroblasts"	5	"GPC1"	0.470420103748237	7.08302537238977	1.77959973820489	0.203665708278807	0.661516210780719
"All fibroblasts"	5	"CAMK2N1"	-0.425500305871976	8.23220915904228	1.77577668950919	0.204088778175105	0.662311153763814
"All fibroblasts"	5	"SNRPE"	-0.44916124829051	7.40192174057505	1.77084753109528	0.20413777795775	0.662311153763814
"All fibroblasts"	5	"CSNK1D"	0.437103301220032	7.04744832379829	1.76982406072891	0.204307599786341	0.662416874683227
"All fibroblasts"	5	"KIAA1551"	-0.472784845519593	6.54693091860665	1.76568134533553	0.204397724503251	0.662416874683227
"All fibroblasts"	5	"FAM20B"	-0.518925182391425	6.43467486964054	1.76785459780675	0.204569356932225	0.662433067540305
"All fibroblasts"	5	"PPP1R11"	0.478987906356667	6.98455111486583	1.76724877527646	0.20463008779347	0.662433067540305
"All fibroblasts"	5	"FOXRED2"	-0.616839601752007	5.85594414817924	1.76329479677003	0.204773731615406	0.662530002289267
"All fibroblasts"	5	"STK40"	0.548984886477123	5.8779672238516	1.75854311673256	0.204999485250707	0.662649407662307
"All fibroblasts"	5	"RABEP1"	-0.590301998416485	6.44045569188738	1.75110615988456	0.205067621383529	0.662649407662307
"All fibroblasts"	5	"MCU"	-0.510679377248264	5.98665947974911	1.76083128780836	0.205302702195507	0.662649407662307
"All fibroblasts"	5	"TJP1"	-0.477817441934325	6.92630530628843	1.74903048879304	0.205335136395066	0.662649407662307
"All fibroblasts"	5	"CYGB"	0.294965160667336	10.5089546413572	1.76487351992483	0.205379239786876	0.662649407662307
"All fibroblasts"	5	"ZYG11B"	-0.46641517851474	6.7480990975322	1.75935187719571	0.20554725539005	0.662824492062988
"All fibroblasts"	5	"FRMD6"	-0.416284435121057	7.04938193614133	1.76282941583319	0.20571119829068	0.662986256880415
"All fibroblasts"	5	"HSPA1A"	-0.457260132874475	10.5093891317085	1.76006714038998	0.205962634010546	0.663429667429217
"All fibroblasts"	5	"UBE2G2"	0.40399960903386	7.20919292031354	1.75623979442475	0.20632309004343	0.664223561150866
"All fibroblasts"	5	"CSRP1"	0.534989517211834	8.66530487815857	1.75269943423955	0.206879327048041	0.66518753692007
"All fibroblasts"	5	"QSOX1"	0.350809822933663	8.98193892123891	1.75251292976084	0.206905823251452	0.66518753692007
"All fibroblasts"	5	"SF3B1"	-0.376370496873782	8.44628444923153	1.75205465532211	0.206964991322479	0.66518753692007
"All fibroblasts"	5	"ZRANB1"	-0.429035886031064	6.82021214189747	1.74502476897115	0.207254517070023	0.665726717979073
"All fibroblasts"	5	"SETD2"	-0.448017339317055	7.18721544162785	1.7477198220956	0.207361248177796	0.665726717979073
"All fibroblasts"	5	"TCF12"	-0.361443023141992	7.38261155175858	1.74726865716167	0.207579813633833	0.666061439451732
"All fibroblasts"	5	"SUGP2"	0.402088574352199	7.13825517160022	1.74579121215524	0.207802977668997	0.666410539833377
"All fibroblasts"	5	"SYAP1"	0.467506590380264	7.13733632656125	1.72711287316585	0.208140114386851	0.667124558048504
"All fibroblasts"	5	"CYTH3"	-0.469224876280476	6.39211733270788	1.73740371065262	0.208334935160348	0.667381895095849
"All fibroblasts"	5	"CDC42SE1"	0.448358112309169	7.8349297061551	1.73867519259185	0.208609381277895	0.667893881706755
"All fibroblasts"	5	"CASP8AP2"	-0.472466529574516	6.53934856216126	1.73044565677009	0.209176534834312	0.669105991582516
"All fibroblasts"	5	"PTK2B"	-0.773903996132293	5.44834903123336	1.71319134142872	0.209403637427749	0.669105991582516
"All fibroblasts"	5	"KRCC1"	-0.415686628343532	6.8392774985951	1.73174508937809	0.209494932046936	0.669105991582516
"All fibroblasts"	5	"CD248"	0.763747268843307	6.89393554962278	1.71902900788986	0.209518208967416	0.669105991582516
"All fibroblasts"	5	"XRN2"	0.501883029814882	7.5402539680166	1.72817910241215	0.209562113375337	0.669105991582516
"All fibroblasts"	5	"HUWE1"	-0.390840088849744	7.40211084591674	1.72806709134487	0.20988199619362	0.669581694870599
"All fibroblasts"	5	"SDHD"	-0.395544977360949	7.11994705213467	1.72838525554856	0.209940922692395	0.669581694870599
"All fibroblasts"	5	"RXRA"	-0.352247931228664	8.23322618642083	1.72365280424278	0.210491344580903	0.670756861183648
"All fibroblasts"	5	"AAR2"	0.555444718145739	5.83053013367249	1.70714472560517	0.210539608564423	0.670756861183648
"All fibroblasts"	5	"AAAS"	-0.531677541902948	6.20825671528933	1.71158058645303	0.210826554673419	0.671304007695088
"All fibroblasts"	5	"ISCU"	-0.327038121696412	8.16466845288876	1.71773208836145	0.211234445583253	0.672017284320481
"All fibroblasts"	5	"TNFRSF1A"	-0.368933262068473	7.80312467940199	1.71634532419852	0.211281219302406	0.672017284320481
"All fibroblasts"	5	"EAPP"	-0.389446268426438	7.03868306446359	1.71247348469475	0.211451237982087	0.672191142237656
"All fibroblasts"	5	"VAMP3"	-0.373311196515445	7.43648098001605	1.71329581647164	0.211742216259958	0.672738453735643
"All fibroblasts"	5	"YES1"	0.706397253863881	6.11941630571657	1.69572970528484	0.211854309697083	0.672738453735643
"All fibroblasts"	5	"CCT2"	0.421402242243631	7.75582249076787	1.71055671239388	0.212113612250046	0.672807191175974
"All fibroblasts"	5	"LAMP2"	-0.3648140008596	8.03767276864434	1.7086840473516	0.212214944721514	0.672807191175974
"All fibroblasts"	5	"EXOC2"	-0.604882464719368	5.97485637974893	1.69394732330848	0.212222347242396	0.672807191175974
"All fibroblasts"	5	"SLC41A3"	-0.585617848705095	5.98083750712684	1.69355968459773	0.212416888352078	0.673036285374793
"All fibroblasts"	5	"IKBIP"	0.599627210103845	6.76807432172824	1.69943739207556	0.212525616112857	0.673036285374793
"All fibroblasts"	5	"SELENOK"	0.544530081505886	7.10645270977636	1.70235127180129	0.212997908775043	0.674165570033774
"All fibroblasts"	5	"RAP2A"	-0.37496880559018	7.15269748343303	1.69652131527673	0.213637522625144	0.67547578731532
"All fibroblasts"	5	"PSMD1"	0.392904280756734	7.46413879098445	1.697805046531	0.213643706199096	0.67547578731532
"All fibroblasts"	5	"LEPROTL1"	0.431049453389682	6.49044286899973	1.68716552050695	0.213882186250014	0.675683762687893
"All fibroblasts"	5	"SEPT7"	-0.313978123405898	8.84607170645579	1.69597299886649	0.213965868040442	0.675683762687893
"All fibroblasts"	5	"AHCYL2"	-0.505297839231694	6.00486222472034	1.69117448417344	0.214057358146877	0.675683762687893
"All fibroblasts"	5	"FNDC3B"	-0.340629570162558	8.37514672535503	1.69121065329318	0.214593968058662	0.676503917618653
"All fibroblasts"	5	"STMN2"	-0.326989675175351	9.06890354153103	1.69030515720566	0.214685707518715	0.676503917618653
"All fibroblasts"	5	"PPP1R12B"	-0.501918989133726	6.74884811216063	1.67768166944352	0.214716157278947	0.676503917618653
"All fibroblasts"	5	"SOD3"	-0.320808001022358	9.8672460522914	1.68715497082194	0.215076557023395	0.676503917618653
"All fibroblasts"	5	"AGRN"	0.452329156136161	7.04346768649222	1.68755090095309	0.215094359880267	0.676503917618653
"All fibroblasts"	5	"LSAMP"	0.444519512474699	6.81567771914433	1.68577681362373	0.215275198885714	0.676503917618653
"All fibroblasts"	5	"CAPNS1"	0.433152596242583	8.6097084931402	1.68527590256827	0.215344311609988	0.676503917618653
"All fibroblasts"	5	"AATF"	0.686629362999787	6.09716986986892	1.67110573867836	0.215404938720761	0.676503917618653
"All fibroblasts"	5	"CCNG2"	-0.539115317996417	7.06805173808886	1.68034637676731	0.215532062548674	0.676503917618653
"All fibroblasts"	5	"GATAD2B"	-0.446835928246691	6.88279413533959	1.67797790345055	0.215762436242744	0.676503917618653
"All fibroblasts"	5	"CRISPLD2"	-0.291178776458335	9.89871579771263	1.68128982194499	0.21583579473226	0.676503917618653
"All fibroblasts"	5	"ATP5IF1"	-0.453277142315155	8.03718602329557	1.68141283655067	0.215854111197696	0.676503917618653
"All fibroblasts"	5	"SLK"	-0.428411507964513	7.49918849694093	1.67882210315883	0.215930122421101	0.676503917618653
"All fibroblasts"	5	"ZNF791"	-0.478085859311423	6.71034393159915	1.67469549477005	0.215998142575545	0.676503917618653
"All fibroblasts"	5	"STK39"	-0.558856012658197	6.56663781015307	1.66566468564343	0.216299477872396	0.676503917618653
"All fibroblasts"	5	"HMGA1"	0.66804961811047	6.17931705709822	1.6508710521926	0.216349871859658	0.676503917618653
"All fibroblasts"	5	"RBM12"	0.570989712023231	6.35110415339893	1.66797709456229	0.216461379279848	0.676503917618653
"All fibroblasts"	5	"TAX1BP3"	0.520489735064757	6.88334124185207	1.66672773595659	0.216477912665087	0.676503917618653
"All fibroblasts"	5	"FXYD6"	-0.462119330572746	7.3836217595649	1.67470691654567	0.2166621278788	0.676503917618653
"All fibroblasts"	5	"AP1M1"	0.621511681371291	5.9805574760131	1.66813804413564	0.216688290752455	0.676503917618653
"All fibroblasts"	5	"SUN1"	-0.399073629167778	7.13354362443428	1.67265939266938	0.216992012266138	0.676503917618653
"All fibroblasts"	5	"CARM1"	0.505171309797743	6.73871444584172	1.67005446016374	0.217053436638972	0.676503917618653
"All fibroblasts"	5	"IQGAP1"	-0.328511385640747	8.53203986449208	1.67132328638095	0.217157531837984	0.676503917618653
"All fibroblasts"	5	"TMED5"	0.518070049565982	6.63616630394746	1.67014021681982	0.217159091083244	0.676503917618653
"All fibroblasts"	5	"SNRNP70"	0.430562362195815	7.41488925086376	1.67044342333375	0.217219637869315	0.676503917618653
"All fibroblasts"	5	"MAPK1"	-0.388949709277931	6.9578591273314	1.66616096839621	0.217558666057044	0.677197834997007
"All fibroblasts"	5	"DPT"	-0.458655977652856	6.65650596461467	1.66456473570618	0.218043668256082	0.678345144115424
"All fibroblasts"	5	"SCAMP1"	-0.548495247585785	6.54221880291349	1.65024105734225	0.218170973918194	0.678365985522259
"All fibroblasts"	5	"SUZ12"	-0.434091919971348	6.57176535410042	1.65607619651945	0.218283202823792	0.678365985522259
"All fibroblasts"	5	"CUL4B"	-0.428482561290004	6.62547507005804	1.65086243659309	0.218983029134322	0.680178097423078
"All fibroblasts"	5	"HEXIM1"	-0.576733830377583	7.33777825803019	1.64760204111584	0.219159021434633	0.680362076664682
"All fibroblasts"	5	"PTEN"	-0.345171420867407	8.52396737676533	1.65514248095864	0.21928026115818	0.680375975382701
"All fibroblasts"	5	"PRDX2"	0.358604880691031	7.45939740774129	1.65431631092243	0.219440122597444	0.680509629789944
"All fibroblasts"	5	"FBXL3"	-0.474658908277298	6.85448264913172	1.64111722397952	0.2197578591666	0.681132470938179
"All fibroblasts"	5	"ZMIZ1"	-0.351882755872437	7.48674733899438	1.64326095744814	0.219965866443741	0.681414728212483
"All fibroblasts"	5	"POGZ"	-0.419777820808772	6.83241137525162	1.64808287206418	0.220262859906196	0.681972202270672
"All fibroblasts"	5	"TMEM181"	0.598979878589646	6.49826254159485	1.64147762436988	0.220697084465714	0.682953749963737
"All fibroblasts"	5	"NCOR1"	-0.328211776541028	7.75441721528618	1.64167428500476	0.221076526274212	0.683764818789721
"All fibroblasts"	5	"RCAN1"	0.536075896047358	6.48360986292287	1.6330583785938	0.221399418075871	0.684400217044084
"All fibroblasts"	5	"PSMB3"	0.374520783880203	7.12032109622319	1.6382491025485	0.221559234421282	0.684531102318562
"All fibroblasts"	5	"NUCB2"	0.401256510168609	7.79783211596416	1.63508467493265	0.221973581850312	0.685447833302472
"All fibroblasts"	5	"PBX3"	-0.435065617496233	6.70978286911028	1.62809897810528	0.222156793275353	0.685650230092947
"All fibroblasts"	5	"MRC2"	0.457264096421948	7.42070053324382	1.63181719535193	0.222419448488754	0.685787387281488
"All fibroblasts"	5	"DSEL"	-0.539767995567315	6.72688267726563	1.62810741947934	0.222436616090958	0.685787387281488
"All fibroblasts"	5	"EML1"	0.588105058359847	6.18992575632747	1.61409532636709	0.222778142366772	0.685887727861907
"All fibroblasts"	5	"CCT7"	0.594519439727276	6.29180763395412	1.62655621937751	0.2228183050318	0.685887727861907
"All fibroblasts"	5	"FBXO44"	0.496427783524408	6.05503128439753	1.61744197836387	0.223020477663293	0.685887727861907
"All fibroblasts"	5	"XPOT"	0.580662193007307	6.39866601691081	1.62375159319353	0.22304955750824	0.685887727861907
"All fibroblasts"	5	"ZFAND3"	0.455411567952146	6.76829546887309	1.62606496999533	0.223057704530344	0.685887727861907
"All fibroblasts"	5	"UQCRFS1"	-0.41390229353079	6.60650325227886	1.62443459985011	0.223371499111407	0.686336818965788
"All fibroblasts"	5	"RBM12B"	-0.529981823990303	6.03289847296255	1.635450044256	0.223517267970306	0.686336818965788
"All fibroblasts"	5	"PRR13"	-0.341686908531634	7.6844963825981	1.62280566689933	0.223606270925022	0.686336818965788
"All fibroblasts"	5	"RAD23A"	0.393923084726758	7.8595673051751	1.6216543023107	0.22377057458474	0.686336818965788
"All fibroblasts"	5	"LRP1"	-0.402463834217311	8.9838880612571	1.61982367559964	0.223982406422654	0.686336818965788
"All fibroblasts"	5	"SF3B4"	0.375189301003277	7.24697613254946	1.61925265841979	0.224001957752574	0.686336818965788
"All fibroblasts"	5	"MID1IP1"	-0.474558899144711	6.61518146259524	1.61841477383239	0.224028252904227	0.686336818965788
"All fibroblasts"	5	"STK25"	0.504379563154526	6.56085471621806	1.61568355759771	0.22419137072029	0.686368628670366
"All fibroblasts"	5	"NSG1"	-0.404364436697064	8.13901057165296	1.61769775921536	0.224274218120538	0.686368628670366
"All fibroblasts"	5	"ACAP2"	-0.421656457036474	7.16494007193538	1.61506583851768	0.224527828670273	0.686784072263349
"All fibroblasts"	5	"TMEM45A"	0.406765361534604	6.72733081490773	1.60701015439197	0.224725736430741	0.686790168714572
"All fibroblasts"	5	"DNAJC10"	0.492236849065063	7.39850968359156	1.6123316674004	0.224916224398414	0.686790168714572
"All fibroblasts"	5	"CNBP"	-0.350403984630266	8.8630401188505	1.61232192249291	0.224990082587797	0.686790168714572
"All fibroblasts"	5	"VIM"	-0.244743601890614	11.5402852496597	1.61212277100045	0.225001275454971	0.686790168714572
"All fibroblasts"	5	"SLC25A39"	0.431670568766655	7.19630503688819	1.60735343787874	0.225733148458946	0.688613917553845
"All fibroblasts"	5	"NBDY"	0.551360924120493	6.35736542049617	1.59998102400416	0.225945232341214	0.688613917553845
"All fibroblasts"	5	"SLC25A28"	0.571180590096731	6.05969418334446	1.61552431629478	0.225976866709312	0.688613917553845
"All fibroblasts"	5	"SF3B3"	0.467704514148734	6.91915990310067	1.60437572862457	0.226071464609663	0.688613917553845
"All fibroblasts"	5	"XBP1"	0.318031777459094	8.17031154933855	1.6031442850611	0.226273656239229	0.688869694308248
"All fibroblasts"	5	"MAN2A1"	0.482878952429787	7.66719758374102	1.60159580164936	0.22652168644455	0.689086744738564
"All fibroblasts"	5	"MEF2A"	-0.535615614007739	6.64235004029223	1.59648255919244	0.226581466092172	0.689086744738564
"All fibroblasts"	5	"DGCR6L"	0.806809458203007	5.53341611966098	1.56725578418286	0.227532651748699	0.689611849157635
"All fibroblasts"	5	"RNF40"	0.601058530636933	6.34759206718307	1.58001443436009	0.22772254701393	0.689611849157635
"All fibroblasts"	5	"HLA-F"	0.371618945166533	8.14212251041804	1.59192343070827	0.22782562530119	0.689611849157635
"All fibroblasts"	5	"SYNE2"	-0.588492468050352	6.69247763216526	1.58926214572921	0.227839529807062	0.689611849157635
"All fibroblasts"	5	"TGM2"	0.376924774540534	8.05894970372862	1.59150095383528	0.22788728105724	0.689611849157635
"All fibroblasts"	5	"SDCBP"	0.324731401192626	8.17243399014297	1.59054186844692	0.227892760759499	0.689611849157635
"All fibroblasts"	5	"GSTP1"	0.537368735487451	8.59261984139329	1.5894246322966	0.228147188837905	0.689611849157635
"All fibroblasts"	5	"MYLK"	-0.333233566468972	9.22064530323498	1.58879027029439	0.22822448150765	0.689611849157635
"All fibroblasts"	5	"AKAP17A"	-0.522482598752214	6.18208830165718	1.60008622214917	0.228249698878738	0.689611849157635
"All fibroblasts"	5	"GALNT2"	0.398204843167664	7.38147716775614	1.58727012340084	0.22825626621994	0.689611849157635
"All fibroblasts"	5	"IGFBP5"	0.322951687684217	10.6043617609528	1.58847496883933	0.22825706898236	0.689611849157635
"All fibroblasts"	5	"SEPT4"	-0.664464692785507	6.10107560725717	1.58496879813235	0.228266640760849	0.689611849157635
"All fibroblasts"	5	"KIRREL1"	0.352761995685138	7.8395162398475	1.58800994542884	0.228292647507307	0.689611849157635
"All fibroblasts"	5	"CD24"	-0.450751167842242	8.28767745521434	1.58670769268167	0.228535128067352	0.689954762959575
"All fibroblasts"	5	"PAN2"	-0.58234350046122	5.6692243133878	1.57782521712444	0.228642980483086	0.689954762959575
"All fibroblasts"	5	"GLRX5"	-0.47082510121101	6.60096247651235	1.58344111610589	0.228956794644359	0.690305713489597
"All fibroblasts"	5	"SERF2"	0.436138368545848	9.89136195466726	1.58275129016694	0.229052967112457	0.690305713489597
"All fibroblasts"	5	"TMX3"	0.426213618470661	7.31136928604711	1.58173791029609	0.229114681635298	0.690305713489597
"All fibroblasts"	5	"CDKN1C"	-0.510350816687275	7.5857697763434	1.57987674876603	0.229487442995245	0.691071488544336
"All fibroblasts"	5	"OST4"	0.318888511606363	9.05907924887934	1.57764117781053	0.229783480867998	0.691554098201974
"All fibroblasts"	5	"CEP350"	-0.397476949648627	7.50780312909402	1.57491663300669	0.230146526166772	0.691554098201974
"All fibroblasts"	5	"PSMA3"	0.423054379345244	7.48951090001814	1.57346451184817	0.230226895556886	0.691554098201974
"All fibroblasts"	5	"MTREX"	-0.471169915069475	6.31136216639272	1.57045783119757	0.230271125339199	0.691554098201974
"All fibroblasts"	5	"CDC37"	0.487576159980549	7.51527779889447	1.57273401871725	0.230329460020154	0.691554098201974
"All fibroblasts"	5	"LHFPL2"	0.583850718725942	6.22829176992037	1.56523917674589	0.230391422867983	0.691554098201974
"All fibroblasts"	5	"TRPC4AP"	0.624384901519865	6.15740081013673	1.56755441937181	0.230478472405738	0.691554098201974
"All fibroblasts"	5	"SPAG9"	-0.35973454325509	7.54607760862923	1.57061442063517	0.230747450093536	0.692004833605266
"All fibroblasts"	5	"CSTF3"	-0.523634405992651	5.88760009776289	1.55818107704777	0.230968265875833	0.69231074344572
"All fibroblasts"	5	"NKTR"	-0.365025123450041	8.00953082854772	1.56699524722702	0.231226013880422	0.692726983486486
"All fibroblasts"	5	"ZCCHC9"	-0.483149054086097	6.20419604875313	1.56044992221038	0.231697971866204	0.693567703746315
"All fibroblasts"	5	"SEC61G"	0.374179590799602	8.01172968605909	1.56329286634002	0.231850288757064	0.693567703746315
"All fibroblasts"	5	"CHORDC1"	0.43310015788955	6.49353284323958	1.56198539868618	0.23186371836242	0.693567703746315
"All fibroblasts"	5	"SEC23IP"	-0.416752882480381	6.4236532444999	1.54969479083898	0.232090103964509	0.693888679220727
"All fibroblasts"	5	"USP36"	0.531019654191413	6.08024346800407	1.5562082408246	0.232600289948954	0.694441597925583
"All fibroblasts"	5	"ERICH1"	0.489371361599146	6.1791141555527	1.55679491879109	0.232640275303362	0.694441597925583
"All fibroblasts"	5	"SLC25A11"	0.678582155999777	6.06979996819854	1.54860528713402	0.232657166689569	0.694441597925583
"All fibroblasts"	5	"ZFC3H1"	-0.546737320512269	6.49020929024412	1.55377674305428	0.232751748884274	0.694441597925583
"All fibroblasts"	5	"CPT1A"	-0.388005442832746	7.36564529943945	1.55571736235967	0.232928925905536	0.694614560517687
"All fibroblasts"	5	"ANKRD10"	0.373291565613801	7.32654340551943	1.55352880442819	0.233155424242286	0.694934351437239
"All fibroblasts"	5	"UBE2K"	-0.362615322036255	7.30230360099043	1.55235970936504	0.233313733758227	0.695050678225558
"All fibroblasts"	5	"TNIK"	-0.579546848980293	6.3772487028893	1.54647938316248	0.233627118774341	0.695300276144892
"All fibroblasts"	5	"RAI1"	0.391390568848767	6.96361896202378	1.54762420073325	0.233636166241925	0.695300276144892
"All fibroblasts"	5	"AKIRIN2"	0.581844431791617	6.08666980972879	1.54022482901813	0.233953905665274	0.695828008797693
"All fibroblasts"	5	"SCAMP4"	0.625183486504928	6.10437658918493	1.54303503351853	0.234052324908783	0.695828008797693
"All fibroblasts"	5	"APBB3"	-0.494689411013657	6.03459122142055	1.53855412358768	0.234662794825178	0.697053888366843
"All fibroblasts"	5	"RNF11"	-0.378561704291774	7.16697118498259	1.54259550845186	0.234703917792302	0.697053888366843
"All fibroblasts"	5	"SLC15A4"	0.608661651188674	5.85037625816111	1.5274421137224	0.234829665366664	0.697072063215259
"All fibroblasts"	5	"MBD6"	0.397537742095667	6.71289537646782	1.53921156200111	0.235078280286293	0.69719536280831
"All fibroblasts"	5	"MBNL3"	-0.518762335444741	5.93055536483402	1.53222671875558	0.235217336434089	0.69719536280831
"All fibroblasts"	5	"KDM1A"	0.504721962613105	6.3423123984592	1.53830371408521	0.235230149868052	0.69719536280831
"All fibroblasts"	5	"PCGF5"	0.54621925593406	6.05201510147196	1.53024359512836	0.235769943937114	0.697541241839787
"All fibroblasts"	5	"CASP4"	0.392561790135229	7.5997669003026	1.53560060519548	0.235807825099546	0.697541241839787
"All fibroblasts"	5	"SAMD8"	-0.516308485137017	6.14013233574422	1.52182584863643	0.235868093022293	0.697541241839787
"All fibroblasts"	5	"ANXA11"	0.336400767020307	8.22939893173987	1.53441899509071	0.235974091588465	0.697541241839787
"All fibroblasts"	5	"MDK"	0.366714251022325	7.49775643953431	1.5344097862835	0.235999055765784	0.697541241839787
"All fibroblasts"	5	"UROD"	0.580371228033689	6.10354238890287	1.52781598355039	0.236065098491172	0.697541241839787
"All fibroblasts"	5	"TXN2"	0.46244635092775	6.8550185188225	1.52871645427391	0.236363451439805	0.697964497356743
"All fibroblasts"	5	"R3HCC1"	0.661993798196272	5.94618148460977	1.52299637236614	0.236515161368035	0.697964497356743
"All fibroblasts"	5	"PLEKHG2"	0.53156602498834	6.31130613170527	1.51867347459613	0.236682510515502	0.697964497356743
"All fibroblasts"	5	"ROR2"	0.619792886179547	5.99499335884627	1.50895397496398	0.236776137132257	0.697964497356743
"All fibroblasts"	5	"FTSJ3"	0.457184259031233	6.20657229477514	1.51947978343868	0.236825837072427	0.697964497356743
"All fibroblasts"	5	"MX2"	0.631830632218857	6.46630808808144	1.52203025988076	0.236965874866946	0.697964497356743
"All fibroblasts"	5	"TSR2"	0.451038943504623	6.28866027388036	1.52177736036417	0.237046806292946	0.697964497356743
"All fibroblasts"	5	"ARID3A"	0.614506190142003	5.84724522610388	1.5213333006555	0.237570990629825	0.698261704936488
"All fibroblasts"	5	"HIVEP3"	0.642219007979259	6.18016009255879	1.51026125298418	0.237755083783521	0.698261704936488
"All fibroblasts"	5	"AKAP13"	-0.309535471665743	8.24222323272062	1.5208799259192	0.237930987776531	0.698261704936488
"All fibroblasts"	5	"EMP2"	-0.330806949015909	8.10473850263141	1.51969826008015	0.238043137170818	0.698261704936488
"All fibroblasts"	5	"ALDH1A3"	0.461804337006346	7.47437887481629	1.52040879048808	0.238050982297103	0.698261704936488
"All fibroblasts"	5	"MMP23B"	0.602783985081969	6.22858151186903	1.51284855353958	0.238067294923552	0.698261704936488
"All fibroblasts"	5	"RUNX1"	0.389245605548735	7.66779255062525	1.51863936142476	0.238298697243038	0.698261704936488
"All fibroblasts"	5	"ODF2L"	0.41742752565796	7.26166979236451	1.5184026046163	0.238327745027443	0.698261704936488
"All fibroblasts"	5	"NSMAF"	0.648526211426584	5.99736062526283	1.5030683540683	0.238743064483579	0.698261704936488
"All fibroblasts"	5	"FAM210B"	-0.340548613665666	7.59347512045437	1.51344479448964	0.238754713217875	0.698261704936488
"All fibroblasts"	5	"KLHDC10"	-0.457938334359453	6.50251670898895	1.50684946997894	0.238809795877944	0.698261704936488
"All fibroblasts"	5	"MFSD14C"	-0.656843302346312	6.02308895769311	1.50519133266324	0.238966890555405	0.698261704936488
"All fibroblasts"	5	"FMOD"	0.429882916408172	7.16460881562126	1.51380759167829	0.238979363777277	0.698261704936488
"All fibroblasts"	5	"LSM1"	0.511744641379364	6.15909159675814	1.49481972061068	0.239120756729382	0.698261704936488
"All fibroblasts"	5	"HSPA5"	0.312356068858237	9.71846426924662	1.51171744054946	0.239252953011879	0.698261704936488
"All fibroblasts"	5	"CHL1"	-0.347163539836257	7.7476663786804	1.51133173180149	0.239265742979501	0.698261704936488
"All fibroblasts"	5	"NR1H2"	0.718763983104791	5.7371315374607	1.50761432288065	0.239638927082433	0.698261704936488
"All fibroblasts"	5	"VKORC1"	0.402529063332042	7.99164685994144	1.50897065916339	0.239719960915669	0.698261704936488
"All fibroblasts"	5	"ZNF264"	-0.528675777731812	6.20919544441115	1.49599348750761	0.239873932505501	0.698261704936488
"All fibroblasts"	5	"ZNF667-AS1"	-0.449206919868973	6.45239903729184	1.4954174543074	0.239901985707863	0.698261704936488
"All fibroblasts"	5	"FAM8A1"	-0.444119819249503	6.52317971768807	1.50144200554577	0.240072085483304	0.698261704936488
"All fibroblasts"	5	"TRIM27"	-0.480823330906433	6.39429972551133	1.51688445659064	0.240105123289216	0.698261704936488
"All fibroblasts"	5	"APOL4"	-0.588515668973983	6.64773152789691	1.4920973085788	0.240157004827206	0.698261704936488
"All fibroblasts"	5	"DBNL"	0.436130546156104	6.51766339890221	1.50451816586509	0.240254566837812	0.698261704936488
"All fibroblasts"	5	"CAMLG"	-0.34319549183262	7.29102778333174	1.50296013575492	0.240259561406178	0.698261704936488
"All fibroblasts"	5	"LDLRAD3"	0.700567175427738	6.52623734294455	1.49277003575197	0.240274624990588	0.698261704936488
"All fibroblasts"	5	"NIPBL"	-0.323137241715032	7.84067602473259	1.50222832650707	0.240697691372371	0.698261704936488
"All fibroblasts"	5	"CHFR"	0.640367445484654	5.96172618799603	1.49474519506994	0.240755295582031	0.698261704936488
"All fibroblasts"	5	"EPHX1"	-0.517633394055934	7.82934565967805	1.5008827803938	0.240905631359085	0.698261704936488
"All fibroblasts"	5	"FIGN"	-0.562146360570195	6.14639274571335	1.49340276742084	0.240995104943097	0.698261704936488
"All fibroblasts"	5	"GTF2A2"	-0.450205623514545	7.07596687710802	1.49853710311922	0.241176570720944	0.698261704936488
"All fibroblasts"	5	"CHSY1"	0.423237530305064	7.23089406659673	1.49349719365838	0.241234380449287	0.698261704936488
"All fibroblasts"	5	"MYH10"	0.427965182260345	6.66076757837445	1.49065797644917	0.241241573500601	0.698261704936488
"All fibroblasts"	5	"WASF2"	-0.346874567864486	8.60002547349344	1.49799720220508	0.241313533071337	0.698261704936488
"All fibroblasts"	5	"SPTY2D1"	-0.51027563259678	6.35656107030932	1.49170848554785	0.241638587040385	0.698261704936488
"All fibroblasts"	5	"PER1"	0.581638270230065	6.87501994844767	1.48435112627669	0.24164024499905	0.698261704936488
"All fibroblasts"	5	"PEX19"	-0.554597892788405	6.39770889474791	1.49355341682613	0.241714889810104	0.698261704936488
"All fibroblasts"	5	"RBMX"	-0.381459410823105	8.37845700670267	1.4941717114523	0.241898343702563	0.698261704936488
"All fibroblasts"	5	"CFDP1"	-0.418700781742527	7.10526959578219	1.49004781554849	0.241923121867156	0.698261704936488
"All fibroblasts"	5	"RAF1"	-0.463006631923861	6.50026241685616	1.50455011554143	0.241941030078388	0.698261704936488
"All fibroblasts"	5	"SUMF1"	-0.437183092908849	6.27109577586995	1.49045346860183	0.242392491539609	0.698957349698041
"All fibroblasts"	5	"POLR2C"	0.596981621381553	5.99660281714214	1.48075207053896	0.242421967348505	0.698957349698041
"All fibroblasts"	5	"GOLGA7"	-0.446609673780933	7.61342371900951	1.48770699887751	0.242829918625863	0.699410020468994
"All fibroblasts"	5	"GPR108"	0.470280675803719	6.42402022649095	1.47859064407202	0.242946649141179	0.699410020468994
"All fibroblasts"	5	"SLC23A2"	0.629116023852985	6.65087149924166	1.48125782596239	0.242961443267013	0.699410020468994
"All fibroblasts"	5	"ARHGAP6"	-0.405616233313568	7.1079167413134	1.47754107087359	0.243114718601847	0.699410020468994
"All fibroblasts"	5	"CSRNP1"	0.566855363257671	7.37331872306759	1.47086391258729	0.243251972894147	0.699410020468994
"All fibroblasts"	5	"OTUB1"	0.622338144093909	6.67989374819065	1.48150893282796	0.243299143897486	0.699410020468994
"All fibroblasts"	5	"PLAA"	0.554149191571712	5.84385112233527	1.46660427786819	0.243702938463666	0.700225356226716
"All fibroblasts"	5	"RFX1"	0.603301874508961	6.20714125790833	1.49093374039734	0.243861115246048	0.700334508890451
"All fibroblasts"	5	"HIGD1A"	-0.419072380049372	6.92475391710287	1.47814802164317	0.244231099740006	0.701051536051731
"All fibroblasts"	5	"SHKBP1"	0.756093630033045	5.82206056730417	1.46250135070361	0.244713737342809	0.702091062282889
"All fibroblasts"	5	"LTBP1"	0.375975680815683	7.66152284621845	1.47323318887909	0.245059219060067	0.702458671133067
"All fibroblasts"	5	"NHSL2"	-0.561512741667584	6.12945908336156	1.46026157665407	0.245169357223952	0.702458671133067
"All fibroblasts"	5	"PROCR"	-0.315355263138325	8.81748747741275	1.47147448515116	0.245328710044479	0.702458671133067
"All fibroblasts"	5	"REST"	-0.427258206139345	7.09805679142521	1.46186015569007	0.2455127524444	0.702458671133067
"All fibroblasts"	5	"C6orf120"	-0.796846457429384	5.69030419346297	1.45911541853471	0.245571695077482	0.702458671133067
"All fibroblasts"	5	"QPRT"	-0.513523223967402	6.66041093112744	1.46619845855124	0.245733022122096	0.702458671133067
"All fibroblasts"	5	"RASL11A"	-0.558373249622888	6.2881437248166	1.45936449824945	0.24575903206902	0.702458671133067
"All fibroblasts"	5	"TOR1A"	0.405448359157833	6.46353138711159	1.46422616613578	0.245901551461563	0.702458671133067
"All fibroblasts"	5	"USP9X"	-0.340073500085842	7.25751789363562	1.4667929062927	0.245926838701125	0.702458671133067
"All fibroblasts"	5	"HECA"	0.502975048614921	6.08206174185618	1.45964027554591	0.246344087311924	0.702833039019936
"All fibroblasts"	5	"JUP"	0.530228120101406	7.26700859544169	1.46427912237285	0.246390847966119	0.702833039019936
"All fibroblasts"	5	"MAFF"	0.519146665833793	7.50562499582013	1.45849731931005	0.246419752654493	0.702833039019936
"All fibroblasts"	5	"LRP10"	0.3058853977884	8.22429710042218	1.46337104972577	0.246571296837604	0.702921206787044
"All fibroblasts"	5	"FRY"	-0.545480387110914	5.78506173417806	1.44949751500802	0.247010132610053	0.703770844220397
"All fibroblasts"	5	"DPY19L4"	-0.47478807345422	6.68747004864342	1.45964172445312	0.2471108884975	0.703770844220397
"All fibroblasts"	5	"PIP5K1C"	0.469119832967726	6.54630441945881	1.45699220389908	0.247403398604989	0.703860864842896
"All fibroblasts"	5	"PDLIM3"	-0.337409992372688	7.80285584074848	1.45449181816269	0.247589940809958	0.703860864842896
"All fibroblasts"	5	"RTCB"	0.618441768622482	6.22388081094739	1.4419098555301	0.247646415087206	0.703860864842896
"All fibroblasts"	5	"LINC00623"	-0.469658279722459	5.92870481568806	1.44873075361998	0.247661229512841	0.703860864842896
"All fibroblasts"	5	"DDAH1"	0.45661319621334	6.54506751073514	1.45058883913577	0.247841482875468	0.703860864842896
"All fibroblasts"	5	"AGFG1"	0.395520595996305	6.71521926186288	1.45461076728561	0.247867254960979	0.703860864842896
"All fibroblasts"	5	"RPE"	-0.540532897744944	6.05811075470519	1.44649544216886	0.248499662393719	0.705312972609938
"All fibroblasts"	5	"BET1L"	-0.370214979506379	6.98983415995879	1.44740829618168	0.249011111165618	0.706345934882043
"All fibroblasts"	5	"DPYSL2"	-0.302768781393363	8.86129009087914	1.44695806950186	0.249106040189222	0.706345934882043
"All fibroblasts"	5	"MAT2B"	-0.422565038300861	6.8416381315461	1.44255723294491	0.249564981898492	0.707091962607014
"All fibroblasts"	5	"CCDC115"	-0.582323910392996	5.99715519832304	1.45271572080661	0.249611835778724	0.707091962607014
"All fibroblasts"	5	"RCOR3"	-0.537746813716715	6.22749815227204	1.43614646619207	0.249759610462469	0.707108928369112
"All fibroblasts"	5	"BIRC2"	0.39021229813975	7.17742302848827	1.44087497026096	0.249860525744294	0.707108928369112
"All fibroblasts"	5	"TINF2"	0.439869079573467	6.49505958903836	1.43695114350291	0.25017532211177	0.707124372390549
"All fibroblasts"	5	"EBAG9"	-0.479098771441072	6.40722687880586	1.43666490741904	0.250192564172051	0.707124372390549
"All fibroblasts"	5	"ARPC5L"	0.710846503149038	5.73725045489615	1.42444619556094	0.250530655696937	0.707124372390549
"All fibroblasts"	5	"OLFML2A"	-0.405701397173066	6.96796120696148	1.43467804413904	0.250838822997651	0.707124372390549
"All fibroblasts"	5	"AMD1"	0.386704817630655	7.00502140276136	1.43510431691421	0.250928972348412	0.707124372390549
"All fibroblasts"	5	"POLR3GL"	-0.562919853955153	6.13373653302772	1.43151108640932	0.250959624397991	0.707124372390549
"All fibroblasts"	5	"ISCA1"	-0.430517603091357	6.22442945512878	1.42624673037291	0.25115781594664	0.707124372390549
"All fibroblasts"	5	"RBM5"	-0.337888629159913	7.71207786157574	1.43335287227571	0.251244147015052	0.707124372390549
"All fibroblasts"	5	"STAT5B"	-0.335053663764127	7.24630182160545	1.43245709713612	0.251248814954482	0.707124372390549
"All fibroblasts"	5	"TCF4"	-0.284671757889557	9.49420239989438	1.43285540987173	0.251287857229966	0.707124372390549
"All fibroblasts"	5	"YWHAQ"	-0.285637505765253	8.68273864374185	1.43270937033377	0.251322761125249	0.707124372390549
"All fibroblasts"	5	"BCL2L11"	-0.615948138673887	6.13539406484683	1.42744361165011	0.251474619525219	0.707124372390549
"All fibroblasts"	5	"HADH"	-0.591282793017401	5.76069495237956	1.42645102538114	0.251728668318451	0.707124372390549
"All fibroblasts"	5	"BRWD3"	-0.515571934692726	5.98758141284735	1.4180778576149	0.251738663858207	0.707124372390549
"All fibroblasts"	5	"MRPL51"	0.368884032514435	7.37606301816353	1.43001337167407	0.251748139234845	0.707124372390549
"All fibroblasts"	5	"SULF1"	0.319733561044746	8.04449043770521	1.42975366231687	0.251807632179576	0.707124372390549
"All fibroblasts"	5	"MED28"	0.46520650595502	6.81928609197462	1.42774456515212	0.251981279691149	0.707271154508827
"All fibroblasts"	5	"TRAF5"	-0.574832843052391	5.81587527203981	1.41548772768406	0.252277501752576	0.707393099310484
"All fibroblasts"	5	"POGLUT1"	-0.442243700438203	6.16830471538977	1.41635158458332	0.252368087148892	0.707393099310484
"All fibroblasts"	5	"UBE2J2"	0.621552683801313	6.03058906808549	1.41911549692183	0.252518424769209	0.707393099310484
"All fibroblasts"	5	"LRCH3"	-0.510894364542257	6.41292294667777	1.4210449213206	0.25255702823109	0.707393099310484
"All fibroblasts"	5	"DNPH1"	0.518746225777283	6.42068678845376	1.41799913054776	0.252638084282139	0.707393099310484
"All fibroblasts"	5	"H3F3B"	-0.273047012050049	10.3060494347488	1.4232446622926	0.252804823318854	0.707393099310484
"All fibroblasts"	5	"SMG6"	0.62946518184745	5.68676786894148	1.40635250511909	0.25292553316534	0.707393099310484
"All fibroblasts"	5	"XPO7"	0.494091598021407	6.68982634572948	1.4155921641077	0.252995918819813	0.707393099310484
"All fibroblasts"	5	"ATG4B"	0.709625896520769	6.03405226314326	1.41728973344015	0.253133426007719	0.70743811671318
"All fibroblasts"	5	"ATF3"	0.800437139515181	8.458009036462	1.41738568838086	0.253494199915738	0.707675387610433
"All fibroblasts"	5	"PDCD6IP"	-0.412002037655698	7.10675387701794	1.41646671121611	0.253529752923171	0.707675387610433
"All fibroblasts"	5	"CIR1"	-0.402451851193383	7.37557556748559	1.41813036691356	0.253657095337048	0.707675387610433
"All fibroblasts"	5	"PGAM1"	0.365518291113474	7.94572110058002	1.41583251951153	0.253785289920088	0.707675387610433
"All fibroblasts"	5	"PCNP"	-0.339710393063574	7.61369383404335	1.41639166987022	0.253825563773092	0.707675387610433
"All fibroblasts"	5	"PTGFRN"	-0.369706206214034	8.06827488864295	1.41603551892873	0.253989124956867	0.707792745635421
"All fibroblasts"	5	"NUTF2"	0.326242924453541	7.62153961700363	1.41504016173603	0.254118879288519	0.707815826775429
"All fibroblasts"	5	"TMEM184B"	0.436207871347203	6.58185214885546	1.40432005152343	0.254541767904969	0.708165400416541
"All fibroblasts"	5	"MAP3K7"	0.50562584119971	6.30344744986205	1.39945371725373	0.254595393592212	0.708165400416541
"All fibroblasts"	5	"ATP1A1"	0.472661843218739	7.284379756122	1.41042336970689	0.254946997129113	0.708165400416541
"All fibroblasts"	5	"CBX1"	-0.388893944950977	6.75877721001881	1.40671244875569	0.254991131096669	0.708165400416541
"All fibroblasts"	5	"KCMF1"	-0.362738351982136	6.8535164670938	1.40159046433011	0.255160950097504	0.708165400416541
"All fibroblasts"	5	"KIF1C"	0.517318372159661	6.64878429393926	1.40043494749543	0.255189504271075	0.708165400416541
"All fibroblasts"	5	"CCDC130"	0.683827318067463	5.80246014948961	1.39352791567585	0.255350082784418	0.708165400416541
"All fibroblasts"	5	"METTL14"	-0.684946957469593	6.04774902120624	1.3989128700411	0.255465826249106	0.708165400416541
"All fibroblasts"	5	"PDXDC1"	0.437429958877344	6.46883643953748	1.40506649928269	0.25555595752481	0.708165400416541
"All fibroblasts"	5	"DLD"	0.516748958115163	5.93471211678549	1.40021632752045	0.25563146504707	0.708165400416541
"All fibroblasts"	5	"ATP5MF"	0.445301064087795	8.30053995196969	1.40545446621346	0.255681740516048	0.708165400416541
"All fibroblasts"	5	"KIAA1109"	-0.412290901629389	6.67339550973035	1.40528116195189	0.25573683018696	0.708165400416541
"All fibroblasts"	5	"PPP2R5A"	-0.400124161200701	6.88867292336149	1.40326089872102	0.255931108370715	0.708165400416541
"All fibroblasts"	5	"UBE4B"	-0.460311621804546	6.43207285743531	1.39963244390812	0.255945826888147	0.708165400416541
"All fibroblasts"	5	"NCBP2"	0.493322788860322	6.58772000644645	1.39786990490765	0.256106840245975	0.708274588568246
"All fibroblasts"	5	"ATG3"	-0.403469169659521	6.40715411432979	1.39554520909468	0.256432787382977	0.708839588273533
"All fibroblasts"	5	"XRN1"	-0.389104772625492	6.99230390887733	1.39736499006615	0.256737334287492	0.709019211593995
"All fibroblasts"	5	"TMEM50B"	-0.383196043421141	7.31566624458657	1.39654511845515	0.256741125186773	0.709019211593995
"All fibroblasts"	5	"DRAM1"	0.341159843182315	7.66842852446922	1.3969609644972	0.256955194259175	0.709193699924909
"All fibroblasts"	5	"THOC7"	-0.375711469947818	7.20744260646895	1.39731275778258	0.257047725114365	0.709193699924909
"All fibroblasts"	5	"IGSF8"	-0.429556475738739	6.73473580587949	1.39382538139859	0.257359032249596	0.70971655509626
"All fibroblasts"	5	"PLA2G2A"	0.594965256359073	7.26569737669943	1.39191162229326	0.257863573547199	0.710771543547554
"All fibroblasts"	5	"ANKS1A"	-0.468050607453557	5.87373049803728	1.38034025204195	0.25813093071114	0.711172072460431
"All fibroblasts"	5	"PTPA"	0.416204671431742	7.21917124698433	1.3871404785862	0.258555399895735	0.711632064846158
"All fibroblasts"	5	"LYAR"	0.63967296286819	6.01433747479565	1.37687732804484	0.258649024649079	0.711632064846158
"All fibroblasts"	5	"WDFY1"	-0.392752482949591	6.55564818809714	1.38668924525589	0.258674306704444	0.711632064846158
"All fibroblasts"	5	"SLF2"	-0.382961222045301	6.72663485357822	1.38649724614158	0.258786398731596	0.711632064846158
"All fibroblasts"	5	"NDUFB11"	0.409322500716282	7.37392099229141	1.38554253942026	0.258963209240135	0.711782368038806
"All fibroblasts"	5	"ARID1B"	-0.342795589075937	7.03397717553542	1.38278206196851	0.259270629369099	0.712291351878236
"All fibroblasts"	5	"GTDC1"	0.642411423469741	5.87156947613756	1.37804547118811	0.259413438028468	0.712347833832179
"All fibroblasts"	5	"EIF5"	-0.3180933591962	8.43799526465939	1.38130084426639	0.259621165542138	0.712398791959695
"All fibroblasts"	5	"SRP14"	-0.379270138819563	8.76010584888115	1.38086931042697	0.259676511776625	0.712398791959695
"All fibroblasts"	5	"GNB1"	0.308787611618757	8.88018044812813	1.37950157724003	0.259909444379895	0.712702274071364
"All fibroblasts"	5	"SF1"	0.298548912232217	8.76088817450163	1.37536866662983	0.260591020575606	0.714072017956443
"All fibroblasts"	5	"FENDRR"	0.345839161253809	8.93378991664167	1.37489258704559	0.260654055636409	0.714072017956443
"All fibroblasts"	5	"COA3"	0.481887733289288	6.77826512794146	1.37340869082661	0.260784047929059	0.714092409437325
"All fibroblasts"	5	"CAPN5"	-0.498913635154897	5.9246310432743	1.35948060506683	0.26120565279115	0.714910915365915
"All fibroblasts"	5	"MALAT1"	-0.244979203338092	12.0585288739399	1.36935986032389	0.261558773839605	0.715541302893604
"All fibroblasts"	5	"SART1"	-0.454422004786318	5.97904122058923	1.36642979326828	0.261728064143107	0.715668432548983
"All fibroblasts"	5	"JAZF1"	-0.588238931516449	6.53022972265208	1.35739261961408	0.262300259076159	0.716119010202705
"All fibroblasts"	5	"GYPC"	0.615750380635397	5.92587682280691	1.35007512347333	0.262496317310173	0.716119010202705
"All fibroblasts"	5	"CCNL2"	0.303437130535161	8.38263069378448	1.36374975292731	0.262536957868244	0.716119010202705
"All fibroblasts"	5	"ADIPOR1"	-0.383403932215354	6.85059292625695	1.36286024712359	0.262551633835784	0.716119010202705
"All fibroblasts"	5	"CREBBP"	-0.325664640277402	7.46391432487547	1.36320567091643	0.262611884080892	0.716119010202705
"All fibroblasts"	5	"MED6"	-0.47621293213589	5.80797981804286	1.35873987288534	0.262730056311693	0.716119010202705
"All fibroblasts"	5	"ALAD"	-0.480392152037301	6.54165328583349	1.35754473300101	0.262762525558979	0.716119010202705
"All fibroblasts"	5	"ICE1"	-0.508832004785566	6.27862527319543	1.36005123085696	0.262876019018978	0.716119010202705
"All fibroblasts"	5	"EFNB1"	-0.452676565566798	6.28115191389004	1.35483885722442	0.263143643455723	0.716513088979671
"All fibroblasts"	5	"CPPED1"	-0.520656585597708	6.12303015857413	1.34943901841016	0.263303670911329	0.716613960952973
"All fibroblasts"	5	"CCDC90B"	-0.409284179153753	6.26884541269933	1.35330241341141	0.263612465916251	0.716769897101583
"All fibroblasts"	5	"SCAMP3"	0.56622553251538	6.43985989895158	1.34708439887003	0.263736370993404	0.716769897101583
"All fibroblasts"	5	"PRDX5"	0.375063548395476	8.29200079029896	1.35604674053447	0.263826494818349	0.716769897101583
"All fibroblasts"	5	"TRPC6"	-0.469499673792331	5.92143315530626	1.34154933132724	0.263852999705319	0.716769897101583
"All fibroblasts"	5	"SLCO3A1"	0.516974118552019	6.53562295761007	1.34711750270957	0.264215608400527	0.717190955690169
"All fibroblasts"	5	"AFTPH"	-0.559343260796734	6.01134287391716	1.34209110767198	0.264254158549304	0.717190955690169
"All fibroblasts"	5	"PTPN23"	0.434066099631472	6.29344437602454	1.34669791053299	0.264729850671808	0.718147504592469
"All fibroblasts"	5	"COX5A"	-0.321517665096811	7.36686839216995	1.34701546695611	0.265253517821699	0.719209598851776
"All fibroblasts"	5	"MCRS1"	0.558367446091713	6.04660415125447	1.33395765028603	0.265406270125125	0.719209598851776
"All fibroblasts"	5	"RHEB"	-0.374746207496919	6.90392652762278	1.34089626225972	0.265509279744066	0.719209598851776
"All fibroblasts"	5	"DSE"	-0.364515934180348	7.43379060873583	1.34071323042294	0.265615077523429	0.719209598851776
"All fibroblasts"	5	"SF3B6"	-0.339482591477876	7.16028894382231	1.34333841151241	0.265895316812673	0.719458464386209
"All fibroblasts"	5	"CELF1"	0.305988045228135	7.54290398202163	1.34286630694543	0.265953926941461	0.719458464386209
"All fibroblasts"	5	"EZH1"	-0.505162726120025	6.13145762115803	1.33872506128576	0.266507935769843	0.720622617972564
"All fibroblasts"	5	"ASH1L"	-0.326076321511197	7.66297168183328	1.3384423027693	0.266712345317897	0.720840833101755
"All fibroblasts"	5	"SCAPER"	-0.527842352577124	6.30576227296331	1.32591438916024	0.267283172571072	0.721704079295788
"All fibroblasts"	5	"VEZT"	0.427562228664384	6.29593539402308	1.33386116516803	0.267313176275404	0.721704079295788
"All fibroblasts"	5	"ASAP1"	0.378539403283218	7.25352188337132	1.33458301254767	0.267403313403056	0.721704079295788
"All fibroblasts"	5	"ZFYVE16"	-0.394498926654361	6.54093932421987	1.32762878987844	0.267721500698746	0.722057985349667
"All fibroblasts"	5	"DDX27"	0.36554138049972	6.79023917662631	1.32652038859297	0.267947476873893	0.722057985349667
"All fibroblasts"	5	"HLA-B"	0.212497099964524	11.6269181612066	1.33139962148286	0.267975146739972	0.722057985349667
"All fibroblasts"	5	"OPTN"	0.332972075339396	7.74529166154646	1.3310573959951	0.268085793186443	0.722057985349667
"All fibroblasts"	5	"STIM2"	-0.525692112503136	6.41285818495515	1.32934432057596	0.268154020987932	0.722057985349667
"All fibroblasts"	5	"SGCB"	-0.338862256379303	7.65790531804613	1.32803424121903	0.268512330513705	0.722590946514606
"All fibroblasts"	5	"FUT8"	-0.365473668398826	6.89563734965411	1.32835658397943	0.268599963986723	0.722590946514606
"All fibroblasts"	5	"SUB1"	0.365542430619264	8.09927952094951	1.32626151079192	0.268912482763661	0.722947804487309
"All fibroblasts"	5	"TCIM"	0.524795298334057	9.15720649581628	1.32469054434726	0.269160535113469	0.722947804487309
"All fibroblasts"	5	"HAT1"	-0.477359081591391	6.19594237801572	1.31576910244376	0.26918322229878	0.722947804487309
"All fibroblasts"	5	"CDC37L1"	-0.461404198235229	6.07799042735172	1.31886716768028	0.269407494920297	0.722947804487309
"All fibroblasts"	5	"SMARCA1"	0.307092634589698	7.42148791990121	1.32318882631487	0.269413979880824	0.722947804487309
"All fibroblasts"	5	"SMAD9"	0.651111626859582	5.82501657339851	1.3279137453118	0.269647170267507	0.722947804487309
"All fibroblasts"	5	"UACA"	-0.547385304302633	6.47546184885733	1.3203442718095	0.269661080594728	0.722947804487309
"All fibroblasts"	5	"TUBB"	0.291731180907402	9.25302350155183	1.32131052199006	0.269725163369729	0.722947804487309
"All fibroblasts"	5	"GTF3C6"	0.430600591774394	6.33325998770073	1.31772965492496	0.270144085894711	0.723411519061332
"All fibroblasts"	5	"ARFGEF2"	-0.411830771146361	6.52949852589442	1.31890209581105	0.270169605977748	0.723411519061332
"All fibroblasts"	5	"LAMA4"	-0.243176489788824	9.81371420041474	1.3181335498154	0.270270615582035	0.723411519061332
"All fibroblasts"	5	"APOL1"	0.321198879805581	8.32020424581273	1.3171226395603	0.270464847764225	0.723413271830409
"All fibroblasts"	5	"TRIM26"	-0.494773436882882	6.17318694894299	1.30924727205894	0.270519567413499	0.723413271830409
"All fibroblasts"	5	"SS18L2"	-0.497576050832009	6.16774430516779	1.30506492175984	0.270739555742098	0.723421431316151
"All fibroblasts"	5	"DENR"	0.314343688466255	7.33946949215257	1.3157125299089	0.27077091843153	0.723421431316151
"All fibroblasts"	5	"SHROOM1"	0.708443119817374	6.02179219746803	1.30122645222985	0.271028374904813	0.723494125154639
"All fibroblasts"	5	"MYO1D"	-0.491463198487173	6.04496761466233	1.31233423443783	0.271146633309657	0.723494125154639
"All fibroblasts"	5	"RPRD1A"	0.549042324297823	5.79600325259839	1.31868310046482	0.271293748782064	0.723494125154639
"All fibroblasts"	5	"ARIH1"	-0.373272550231611	7.28264377836253	1.31232686860382	0.271294776636843	0.723494125154639
"All fibroblasts"	5	"TRIM23"	-0.558334298764589	5.86144282218468	1.30453649384277	0.271938466872912	0.72358804039534
"All fibroblasts"	5	"HNRNPH3"	-0.297115089509846	7.52184843666472	1.30693074057392	0.272022518472121	0.72358804039534
"All fibroblasts"	5	"UBL5"	0.281695470247604	8.13190202801378	1.30721486997964	0.272212954589756	0.72358804039534
"All fibroblasts"	5	"UBXN4"	0.281393400283866	8.78244038084218	1.30698404164373	0.272229580438987	0.72358804039534
"All fibroblasts"	5	"RABL6"	0.566682950443349	6.8450888236942	1.30667226341893	0.272330072838769	0.72358804039534
"All fibroblasts"	5	"MTFR1L"	0.573724091357273	6.24032992017481	1.29599686661891	0.272360719204934	0.72358804039534
"All fibroblasts"	5	"KIAA2026"	-0.382217097301468	7.32833223299483	1.30436938584715	0.272742306453085	0.72358804039534
"All fibroblasts"	5	"SPG21"	0.3278748073713	7.18118539424801	1.30429808746212	0.27276965049322	0.72358804039534
"All fibroblasts"	5	"AMZ2"	-0.502413143232342	6.15420322197596	1.30077630075925	0.273089411563231	0.72358804039534
"All fibroblasts"	5	"STRN4"	0.478781221912459	7.06240774872212	1.29986141902068	0.273146190201869	0.72358804039534
"All fibroblasts"	5	"ASCC2"	0.550429853196341	5.75630657960863	1.30843089588634	0.273158630978007	0.72358804039534
"All fibroblasts"	5	"AP3M2"	-0.598943812556021	5.71177514637844	1.2930208552518	0.273286920307827	0.72358804039534
"All fibroblasts"	5	"RGS10"	-0.36391055545529	7.95894263225945	1.30042225975423	0.273417827317672	0.72358804039534
"All fibroblasts"	5	"TBC1D9B"	0.406392367340867	6.55020310951711	1.29632089072619	0.27354580510332	0.72358804039534
"All fibroblasts"	5	"RBM43"	-0.495304504144899	6.0460820009824	1.29501695098806	0.273563203002025	0.72358804039534
"All fibroblasts"	5	"CLIP1"	0.501764569855019	7.09987221079569	1.2981164299706	0.273679829632939	0.72358804039534
"All fibroblasts"	5	"FAM3A"	0.595602629390634	5.89920326170598	1.29455765825942	0.273691982166907	0.72358804039534
"All fibroblasts"	5	"MAP2K1"	0.499693002015285	6.13144155903501	1.28724047941991	0.273757720473154	0.72358804039534
"All fibroblasts"	5	"SOS1"	-0.363368461073972	7.23001324734539	1.29772061989347	0.273873301903256	0.72358804039534
"All fibroblasts"	5	"RGMB"	-0.58249823316619	5.8579145246903	1.29002707581476	0.274003619133783	0.72358804039534
"All fibroblasts"	5	"ZNF24"	0.41363289894211	7.27850335338373	1.29420534476455	0.27411564863191	0.72358804039534
"All fibroblasts"	5	"UQCRC1"	0.568268370020949	6.38837698092096	1.29427515209734	0.274347794729649	0.72358804039534
"All fibroblasts"	5	"SIX5"	0.440911144860406	6.18214262592819	1.29160517326225	0.274425951257411	0.72358804039534
"All fibroblasts"	5	"HDGFL3"	0.355564183232079	6.99001654869402	1.29149807805525	0.274448456092266	0.72358804039534
"All fibroblasts"	5	"CHMP1B"	0.420290031776951	6.9512541124695	1.29145418489927	0.27452780475747	0.72358804039534
"All fibroblasts"	5	"RAB23"	-0.41791746285673	6.83133541433699	1.28752354632599	0.274558633484486	0.72358804039534
"All fibroblasts"	5	"IKBKG"	0.581198544407533	6.18988540720341	1.28129404977549	0.274894323040669	0.723860801476705
"All fibroblasts"	5	"RFXANK"	0.734385056577956	5.77087544900784	1.27814857117512	0.274959551909746	0.723860801476705
"All fibroblasts"	5	"TRIP10"	0.366654800895493	7.66587783546731	1.27999221439972	0.275034805984113	0.723860801476705
"All fibroblasts"	5	"SEMA4B"	0.459831719519563	6.5445298744991	1.27973564644156	0.27518628983545	0.723932510551317
"All fibroblasts"	5	"RPRD2"	-0.356723334993282	6.91826129683187	1.2839333840444	0.27578309948293	0.72502019478368
"All fibroblasts"	5	"MRPL3"	0.412071483743141	6.7093101616821	1.28506577482164	0.275915432703691	0.72502019478368
"All fibroblasts"	5	"LRCH1"	-0.458872937265852	6.02526766345273	1.29395742934066	0.276048057263639	0.72502019478368
"All fibroblasts"	5	"ROR1"	-0.441128854466311	6.10167188858298	1.28230939196502	0.276097445036037	0.72502019478368
"All fibroblasts"	5	"S100A13"	0.423788627222304	7.78596247482482	1.28384951088399	0.276381188109741	0.72543837077273
"All fibroblasts"	5	"CALCOCO1"	-0.3403161355222	7.45940338034109	1.27976935770842	0.276913981943637	0.726089197122727
"All fibroblasts"	5	"FAM193B"	-0.489382854660807	6.04936749459834	1.2752009412092	0.276932658956331	0.726089197122727
"All fibroblasts"	5	"BACE1"	0.311270417092931	7.55002074378308	1.28043705458327	0.277002966398459	0.726089197122727
"All fibroblasts"	5	"ZNF275"	0.581789284241748	5.97464122703657	1.26559071052572	0.277230290115941	0.726358318572657
"All fibroblasts"	5	"TRAM1"	0.327693230747071	8.50081029645965	1.27806545338541	0.277393556283619	0.726459439309954
"All fibroblasts"	5	"FBRSL1"	-0.473864290562484	6.32435932943411	1.26885543307851	0.27757746906821	0.726467160000469
"All fibroblasts"	5	"SUGT1"	-0.329150196342784	6.97372763858428	1.27123952217401	0.2777417575546	0.726467160000469
"All fibroblasts"	5	"SH3GL1"	0.557617981705526	6.63369500159305	1.28355374070322	0.277770522135068	0.726467160000469
"All fibroblasts"	5	"EMP1"	0.444079153011291	8.81368651104455	1.27405468029158	0.278112236897483	0.727034546613564
"All fibroblasts"	5	"ZNF207"	0.314658888553982	8.0500401708483	1.27185109458691	0.27852893845769	0.727797365198637
"All fibroblasts"	5	"LPAR1"	-0.372484939358037	7.36899514519057	1.27021457353273	0.278723750262144	0.727979960904309
"All fibroblasts"	5	"ZNF608"	-0.409333220332133	6.91144952115485	1.26810288648829	0.278872992940531	0.728043427358634
"All fibroblasts"	5	"BTG2"	-0.445721392868893	8.89918774566028	1.26497566761851	0.278998294925463	0.728044363874015
"All fibroblasts"	5	"SNRPN"	0.406283623639762	6.64572215759871	1.26756811849704	0.279329066969236	0.728581232421548
"All fibroblasts"	5	"TMEM150C"	-0.365360554782974	7.11241144010336	1.26473134760243	0.279770006588582	0.728930924458321
"All fibroblasts"	5	"ERCC6L2"	-0.420684715980067	6.3210062248504	1.26366840930656	0.279888032513047	0.728930924458321
"All fibroblasts"	5	"MYOF"	-0.347234290207689	7.29730734330895	1.26346718403555	0.280053063228809	0.728930924458321
"All fibroblasts"	5	"WDR45"	0.46920051058271	6.72217658361498	1.25947535153688	0.280121084671931	0.728930924458321
"All fibroblasts"	5	"TP53I11"	0.421501948777963	7.52778874956383	1.26254779738746	0.280240591184647	0.728930924458321
"All fibroblasts"	5	"GADD45A"	-0.543898816920952	6.82269074531828	1.26125258555982	0.280287132005163	0.728930924458321
"All fibroblasts"	5	"CXCL16"	0.413756668624148	6.60232527408332	1.26156534323931	0.280338802421675	0.728930924458321
"All fibroblasts"	5	"STX12"	-0.363253042196765	6.77493410351011	1.25864688615785	0.280953071820045	0.729948935751767
"All fibroblasts"	5	"CFAP36"	-0.374903187812121	6.98614163688387	1.25596060747601	0.281137462748732	0.729948935751767
"All fibroblasts"	5	"DUS1L"	0.688010379048787	5.86961660128408	1.25241662811259	0.281141852680295	0.729948935751767
"All fibroblasts"	5	"ZC3HAV1"	0.473244540237893	7.86948649192993	1.25570404379089	0.281231398792297	0.729948935751767
"All fibroblasts"	5	"GAS6"	-0.661452558269351	6.51064465077388	1.24563460927619	0.281598781424918	0.730344237353894
"All fibroblasts"	5	"TARS"	0.400124195862535	6.3313717734439	1.25431301117071	0.281634374692672	0.730344237353894
"All fibroblasts"	5	"TRAPPC1"	0.394277636389773	7.03149425408233	1.25113930432903	0.281771533321984	0.730374877520996
"All fibroblasts"	5	"SERPING1"	0.298808345205074	10.2078096762501	1.2529569110866	0.281925935780336	0.730450167982222
"All fibroblasts"	5	"TMEM205"	0.408742512697645	7.40887269589953	1.25094572494551	0.282372568552557	0.731056668660194
"All fibroblasts"	5	"AIMP1"	-0.376395318026046	6.63136263431125	1.24502194171055	0.28260644683978	0.731056668660194
"All fibroblasts"	5	"ROCK1"	-0.287274777880609	7.9927416998413	1.24909725713411	0.282681123017235	0.731056668660194
"All fibroblasts"	5	"RNF7"	-0.339397131080053	6.99609535232123	1.24850196291753	0.282747771132209	0.731056668660194
"All fibroblasts"	5	"RBX1"	0.323907016384729	7.69312060194296	1.24748679748467	0.282908429273852	0.731056668660194
"All fibroblasts"	5	"RANBP1"	0.468738254441575	7.02548394920435	1.24494768313996	0.282912783220995	0.731056668660194
"All fibroblasts"	5	"SLC46A3"	0.605817223235698	5.91488015729925	1.22808250969585	0.283429546952107	0.731181313020436
"All fibroblasts"	5	"GRK2"	0.489638391601094	6.25312428859868	1.24050022920578	0.283529007151482	0.731181313020436
"All fibroblasts"	5	"SF3A1"	-0.381636003073108	6.92083288454184	1.24433739946008	0.2835877244365	0.731181313020436
"All fibroblasts"	5	"ETV3"	-0.447469436870056	6.18609218761418	1.23671982882467	0.283685662646386	0.731181313020436
"All fibroblasts"	5	"COMMD6"	-0.301267140838169	8.21588487341104	1.2426341419661	0.283693247681579	0.731181313020436
"All fibroblasts"	5	"HEATR1"	-0.513664415753073	6.05427947010227	1.23990484212942	0.283728713056678	0.731181313020436
"All fibroblasts"	5	"GJA1"	0.466711476546033	8.489522294736	1.24286348798501	0.283839390776082	0.731181313020436
"All fibroblasts"	5	"LMF2"	0.555671770966378	6.35877209470472	1.23535310706224	0.284004772465758	0.731284051771087
"All fibroblasts"	5	"RALA"	0.403197846933348	7.00179977508516	1.23941416024137	0.284167161293728	0.73137899684565
"All fibroblasts"	5	"SMIM12"	0.569671184241884	6.07488484647071	1.23327667912585	0.284491713438999	0.731891043800903
"All fibroblasts"	5	"RAB11FIP1"	-0.741701318407512	5.6751438304819	1.22839711560995	0.284812544222209	0.732191207358066
"All fibroblasts"	5	"RNF13"	-0.367470400170511	6.93200285905285	1.23697703055056	0.284859699172943	0.732191207358066
"All fibroblasts"	5	"KANK2"	-0.310961622471555	8.69734028934994	1.23404545020161	0.285469227847329	0.733153825177679
"All fibroblasts"	5	"ANP32B"	-0.254691678854333	9.10787759186312	1.23389275380631	0.285485846804214	0.733153825177679
"All fibroblasts"	5	"NDUFS1"	-0.374435859026994	7.13767157161143	1.22993211434165	0.285879540490607	0.733409700364666
"All fibroblasts"	5	"CD59"	0.299973014956419	8.44897486152488	1.23175533177071	0.285894273658251	0.733409700364666
"All fibroblasts"	5	"RTN3"	-0.310279280516367	8.26633704898851	1.23054490610572	0.286115204241341	0.733409700364666
"All fibroblasts"	5	"CASK"	-0.394351979668073	6.89980711734363	1.22954176693446	0.286249253863136	0.733409700364666
"All fibroblasts"	5	"YTHDF3"	-0.479072769487902	6.63166851261459	1.22802438107145	0.286284744733579	0.733409700364666
"All fibroblasts"	5	"TSR3"	0.647711653924117	6.06828661886508	1.22431658413722	0.286340667295283	0.733409700364666
"All fibroblasts"	5	"CD2AP"	-0.360574837755881	6.84065844538677	1.22878351516453	0.286506296714057	0.73351150744851
"All fibroblasts"	5	"UBXN6"	0.485270819323315	6.28666531483297	1.22320010452398	0.287205399008203	0.734978418981467
"All fibroblasts"	5	"CLN8"	0.502205879334456	5.96955447434527	1.22028619670286	0.287642828182334	0.734987623146646
"All fibroblasts"	5	"TPP2"	-0.352927711165739	7.19178828039493	1.22224561211901	0.287656133770693	0.734987623146646
"All fibroblasts"	5	"RNF217"	-0.439310972163259	6.25922043957253	1.2181568283385	0.287729521154628	0.734987623146646
"All fibroblasts"	5	"SLC38A2"	0.353640504991446	8.96733916015075	1.22168008661307	0.287796059014782	0.734987623146646
"All fibroblasts"	5	"NDUFB4"	0.37261277633774	7.73018019269903	1.22040466395216	0.288024656950959	0.734987623146646
"All fibroblasts"	5	"MYO1B"	0.455791932893921	6.86857675113304	1.21992593177084	0.288074561087085	0.734987623146646
"All fibroblasts"	5	"MTMR9"	0.491259275378673	5.87634126430109	1.21724260077113	0.288165749148843	0.734987623146646
"All fibroblasts"	5	"RAB8B"	-0.344373880715308	6.84541988306692	1.21195007404079	0.288218074290387	0.734987623146646
"All fibroblasts"	5	"HEXA"	0.438467640535917	6.56508960619719	1.20728791555675	0.288410043220788	0.735155433879061
"All fibroblasts"	5	"LAMTOR2"	0.615779456935932	6.08069807906664	1.20941745103381	0.288561271228567	0.735219294905491
"All fibroblasts"	5	"FAM98B"	-0.462777998966136	6.36994524620902	1.21355662957742	0.28910566815049	0.736284409227668
"All fibroblasts"	5	"TBX2"	0.376245236471388	7.42291840578943	1.21320248755959	0.289331053084312	0.736536499048617
"All fibroblasts"	5	"TMCO1"	-0.331129473701751	7.62327444959138	1.20997435039213	0.289867867784912	0.73729054806253
"All fibroblasts"	5	"H2AFV"	-0.276981613697308	7.97500464729957	1.20983002006264	0.290049457432044	0.73729054806253
"All fibroblasts"	5	"FGF9"	-0.483339229981872	6.3138582600954	1.20713699934749	0.290159380490936	0.73729054806253
"All fibroblasts"	5	"TBC1D5"	-0.393184550722904	6.94475065904915	1.20568131690603	0.290325368487538	0.73729054806253
"All fibroblasts"	5	"SETD1B"	-0.408667607007103	6.80645486926014	1.20648054737542	0.290430294430117	0.73729054806253
"All fibroblasts"	5	"DCN"	-0.222160294175365	11.4155395376871	1.20765999464107	0.290432193429049	0.73729054806253
"All fibroblasts"	5	"ADA2"	-0.600888568781596	6.0202085606129	1.20967892902207	0.290512973803255	0.73729054806253
"All fibroblasts"	5	"IFT22"	0.653027368350218	5.69921384196966	1.19016555741159	0.290884952195985	0.737913198278627
"All fibroblasts"	5	"OSBPL8"	-0.335093041566313	7.437544581746	1.20157584190926	0.291149371793007	0.738151156796438
"All fibroblasts"	5	"FDPS"	0.54500973498079	6.14534081930169	1.20262477600246	0.291232110773127	0.738151156796438
"All fibroblasts"	5	"SUCLG1"	-0.328443362516078	7.12572957082029	1.20221206419966	0.291550175753499	0.73829309637459
"All fibroblasts"	5	"PAQR7"	0.704569010102355	5.71390067901494	1.19267199327416	0.291558373493576	0.73829309637459
"All fibroblasts"	5	"PIGK"	-0.389888556704156	6.48998410785653	1.19410914557409	0.291668218269145	0.73829309637459
"All fibroblasts"	5	"MFAP5"	-0.475393171195514	6.36577635410757	1.19947413677222	0.292012743487125	0.738734008261613
"All fibroblasts"	5	"AMMECR1L"	-0.449380079081485	6.11036038217915	1.19445820461444	0.292095959333234	0.738734008261613
"All fibroblasts"	5	"LAMB1"	-0.218309051710488	10.4787282274819	1.19772314454789	0.292347229375829	0.739048722591305
"All fibroblasts"	5	"ZBED1"	0.40605085301548	6.56745303940842	1.19029510206041	0.29255608888396	0.739195322427617
"All fibroblasts"	5	"GOLGA3"	0.4147399311879	6.64072485769429	1.1879650181529	0.292658934072509	0.739195322427617
"All fibroblasts"	5	"DEGS1"	0.34709173537096	7.15116106637389	1.19438282551531	0.293046805818657	0.739419356948017
"All fibroblasts"	5	"XPR1"	0.516158369827902	5.89775269783222	1.18301689737382	0.293057580169349	0.739419356948017
"All fibroblasts"	5	"GNG2"	0.378777327420731	7.19558414716153	1.18963267469052	0.29322016782512	0.739419356948017
"All fibroblasts"	5	"RCOR1"	-0.442987601750319	6.44351217114742	1.19000437850837	0.293531495655114	0.739419356948017
"All fibroblasts"	5	"BRAF"	-0.374691437036787	6.57185324625443	1.19026738175479	0.293764625502163	0.739419356948017
"All fibroblasts"	5	"DIAPH1"	0.424066405064675	6.16769682071803	1.18941955345654	0.293812389917979	0.739419356948017
"All fibroblasts"	5	"FGFR1OP2"	-0.339622610128874	7.05205729936963	1.1889921443019	0.293972428479309	0.739419356948017
"All fibroblasts"	5	"API5"	0.416050668497187	7.20795916835237	1.18782735851529	0.29401490653418	0.739419356948017
"All fibroblasts"	5	"TGFBR1"	0.454089341075545	6.09184578644171	1.18182986669247	0.294403829249168	0.739419356948017
"All fibroblasts"	5	"TCTN1"	-0.45975770444637	6.43307023406223	1.17891978045923	0.294410916778614	0.739419356948017
"All fibroblasts"	5	"COPS6"	0.342931401531849	7.61828379535533	1.1866879969463	0.294557332531891	0.739419356948017
"All fibroblasts"	5	"NORAD"	-0.252438700093322	8.84409968217463	1.18635030660885	0.294569268699066	0.739419356948017
"All fibroblasts"	5	"DCHS1"	0.38301303317531	6.55690427129596	1.18539273778519	0.294569669567272	0.739419356948017
"All fibroblasts"	5	"CAP1"	0.275336816471722	8.59457879252919	1.18613608781972	0.294620657375379	0.739419356948017
"All fibroblasts"	5	"TRIP12"	-0.362000871273164	7.42641877638317	1.18528001612011	0.294651063468903	0.739419356948017
"All fibroblasts"	5	"IL17RA"	0.395102669992385	6.38989004699258	1.18237830452037	0.29488073263101	0.739627893218847
"All fibroblasts"	5	"HSP90B1"	0.24331766903524	10.3404044439646	1.18355708641833	0.295105116273843	0.739627893218847
"All fibroblasts"	5	"N4BP2L2"	-0.283112186537749	8.19339212485101	1.1837083623087	0.295114956535751	0.739627893218847
"All fibroblasts"	5	"NCAPD2"	-0.450032032566489	5.9529922137916	1.1748451134663	0.29611878293188	0.741014675245095
"All fibroblasts"	5	"COPS9"	0.435228019490499	7.01521921441469	1.17235139904028	0.296134103576891	0.741014675245095
"All fibroblasts"	5	"LRRC32"	0.422237081201719	6.77866732175942	1.17667853038733	0.296170968296526	0.741014675245095
"All fibroblasts"	5	"TRIP6"	0.415854437229612	7.052478778915	1.17443805378688	0.296344103365066	0.741014675245095
"All fibroblasts"	5	"ARHGAP17"	0.355601065469727	6.59294653920008	1.17605337570582	0.296359460514033	0.741014675245095
"All fibroblasts"	5	"BICC1"	0.374878609494493	7.42765930925932	1.17679902012529	0.296499105759363	0.741014675245095
"All fibroblasts"	5	"KPNA3"	0.398492145753542	6.53184996572104	1.17374668008968	0.296598509356587	0.741014675245095
"All fibroblasts"	5	"TLN2"	0.438089489023939	6.25325282144404	1.17431537592642	0.296847396778766	0.741014675245095
"All fibroblasts"	5	"CLK4"	-0.372384609064997	6.41495528115105	1.17098234160762	0.296893350153948	0.741014675245095
"All fibroblasts"	5	"IRS2"	0.41404814296165	6.33837848832265	1.16617664317239	0.296939980555569	0.741014675245095
"All fibroblasts"	5	"MFN2"	-0.401177558866344	6.42030145803417	1.16844104957781	0.297410580583285	0.741411479276303
"All fibroblasts"	5	"NDUFA5"	-0.334900971661811	7.24428786031774	1.17098931947953	0.29745639274596	0.741411479276303
"All fibroblasts"	5	"COX7B"	0.351691679353685	7.10038852800982	1.17195012097576	0.297480699939591	0.741411479276303
"All fibroblasts"	5	"RALB"	0.407203703532544	6.55409646763901	1.17756568635422	0.297754220932574	0.741775906530188
"All fibroblasts"	5	"TXNL4A"	0.461970768917695	6.31505841824985	1.16871594554967	0.297939425559112	0.741920099458525
"All fibroblasts"	5	"PCDH18"	0.263511104268305	9.21471120919759	1.16543221941815	0.298695465669382	0.742302236757637
"All fibroblasts"	5	"INIP"	-0.469557890408497	5.93475956436166	1.16228733913336	0.298716544219611	0.742302236757637
"All fibroblasts"	5	"ELOC"	0.396361640536058	7.01594592334927	1.16198956323868	0.298736163370437	0.742302236757637
"All fibroblasts"	5	"DYNLL1"	0.292416378995079	8.93885307405911	1.16503868094023	0.298782391929949	0.742302236757637
"All fibroblasts"	5	"OLFML3"	0.34909862885949	8.5578195530953	1.16487314468752	0.298825011894886	0.742302236757637
"All fibroblasts"	5	"LARP1B"	0.435333341679634	6.29639629704149	1.16237148214776	0.29899933442429	0.742302236757637
"All fibroblasts"	5	"TIMM50"	0.530787931690842	5.86985806850368	1.15794697883658	0.29901016888369	0.742302236757637
"All fibroblasts"	5	"NKAPD1"	-0.473533660393079	6.71518706184913	1.16213489612364	0.299112004789245	0.742302236757637
"All fibroblasts"	5	"COPS7A"	0.345462778592869	7.02889821614579	1.16163775667669	0.299299079838086	0.74245029298277
"All fibroblasts"	5	"CDKN2C"	-0.551895058198078	5.9484936087528	1.15258301348561	0.299563909291694	0.742791021039446
"All fibroblasts"	5	"SERPINE2"	0.422249403204403	7.93403025593168	1.15975597286371	0.299831153958744	0.742943710984854
"All fibroblasts"	5	"MAP2K4"	0.490498473859999	6.03535016344353	1.14975379206837	0.29988048879979	0.742943710984854
"All fibroblasts"	5	"CLIC4"	-0.314194189093559	7.84321366719638	1.15700528608733	0.30042128795538	0.743433195951256
"All fibroblasts"	5	"GLIPR2"	-0.395378691885968	6.71091824071895	1.15666557470375	0.300464315130886	0.743433195951256
"All fibroblasts"	5	"XPO1"	-0.280447191397997	7.59165297083067	1.15357572146615	0.300747352963587	0.743433195951256
"All fibroblasts"	5	"ACTR2"	-0.268315080193269	8.85655124761651	1.15489664515146	0.300811912928486	0.743433195951256
"All fibroblasts"	5	"TBC1D16"	0.386257192119549	6.22369684361461	1.14790282283391	0.300836458914664	0.743433195951256
"All fibroblasts"	5	"HSPG2"	0.513865465687184	6.84631123278862	1.1523988384983	0.300930239493756	0.743433195951256
"All fibroblasts"	5	"PLBD2"	-0.447912285922052	6.6977913121746	1.15192571820137	0.300971153123222	0.743433195951256
"All fibroblasts"	5	"FAM168A"	-0.378307242567718	6.50150212444712	1.1524487305419	0.301225386761498	0.7436058511661
"All fibroblasts"	5	"AP2B1"	-0.34160354415548	7.53057468903808	1.15181452412525	0.301448799084463	0.7436058511661
"All fibroblasts"	5	"TATDN1"	-0.535676830595988	5.94903153978071	1.14122107731302	0.301878675176608	0.7436058511661
"All fibroblasts"	5	"NDUFC2"	0.422457111372518	6.04087577311189	1.14145927972002	0.301893885462843	0.7436058511661
"All fibroblasts"	5	"SUMO2"	-0.241864887418952	9.17423410983062	1.14933335182991	0.301930079466136	0.7436058511661
"All fibroblasts"	5	"COMMD4"	0.520832917763731	6.00855521066597	1.14509751586221	0.301938299123222	0.7436058511661
"All fibroblasts"	5	"PRKG1"	-0.372832450661872	7.41166765629128	1.14854818148168	0.302004815474233	0.7436058511661
"All fibroblasts"	5	"FBXO25"	-0.453467935668558	6.06982169962965	1.14438399730593	0.302129642115202	0.7436058511661
"All fibroblasts"	5	"PHF14"	-0.328890264671959	7.42680616931881	1.14816560631934	0.302189575349464	0.7436058511661
"All fibroblasts"	5	"ZNF281"	0.361180752285494	6.93353494441722	1.14178584731579	0.303178823982954	0.744622078299314
"All fibroblasts"	5	"RFNG"	0.665870429068029	6.06583134278109	1.14112728575523	0.303217177792562	0.744622078299314
"All fibroblasts"	5	"NDST1"	0.532408051350904	6.28091932544535	1.14136456590866	0.303258618321931	0.744622078299314
"All fibroblasts"	5	"FAM114A1"	0.327566371562497	7.52067342396608	1.14249918144389	0.303362180404109	0.744622078299314
"All fibroblasts"	5	"FAM219B"	-0.425566330259756	6.3516537927245	1.13819912204315	0.303494088972622	0.744622078299314
"All fibroblasts"	5	"TMEM54"	-0.460658357215069	6.21139186210206	1.13739013085082	0.304199414519886	0.744622078299314
"All fibroblasts"	5	"GTPBP4"	0.467738650727569	6.30290098707934	1.13102639480339	0.30422340303189	0.744622078299314
"All fibroblasts"	5	"RIOX2"	-0.387898746644408	6.77308199771812	1.13152987860739	0.304252712397327	0.744622078299314
"All fibroblasts"	5	"IFIT3"	0.601332098325051	6.15555779951961	1.13064971118191	0.304332172930152	0.744622078299314
"All fibroblasts"	5	"PEX26"	0.425017066472312	5.99746878070805	1.13106443295936	0.304352501910777	0.744622078299314
"All fibroblasts"	5	"AEBP2"	-0.468123726776731	5.96875626055887	1.13046453070345	0.304406393898499	0.744622078299314
"All fibroblasts"	5	"PSMC3"	0.402002612557849	7.04470194736248	1.13700058144754	0.304422555845944	0.744622078299314
"All fibroblasts"	5	"PITPNM2"	-0.524083537828683	6.00632198410423	1.12826860009514	0.304679708613977	0.744622078299314
"All fibroblasts"	5	"ADPGK"	0.41860109247538	6.33902188868582	1.13048631620701	0.304723830816668	0.744622078299314
"All fibroblasts"	5	"ATR"	0.508087796386714	5.83450905456407	1.13313287407693	0.304860913822533	0.744622078299314
"All fibroblasts"	5	"NASP"	0.273509043959286	7.72739869747544	1.13480917289971	0.304931281759113	0.744622078299314
"All fibroblasts"	5	"NUP214"	-0.427305353239681	6.0985029134305	1.13089880273158	0.30507947230634	0.744622078299314
"All fibroblasts"	5	"DDX5"	0.234958441154552	9.98363317975584	1.13379727593902	0.305086292610665	0.744622078299314
"All fibroblasts"	5	"KCNQ1OT1"	0.458725879327692	5.97230072679946	1.12437434359489	0.305304305888474	0.744622078299314
"All fibroblasts"	5	"SP3"	-0.455695593234691	6.59223343236194	1.12760171742159	0.305331157000093	0.744622078299314
"All fibroblasts"	5	"ZNF385A"	-0.479730855780636	6.99440114899418	1.13000469946207	0.305798840688631	0.744622078299314
"All fibroblasts"	5	"RHOC"	0.377459760511241	7.04259466481143	1.12991191963742	0.305873995136683	0.744622078299314
"All fibroblasts"	5	"ANKRD12"	-0.271469244801832	8.43188469970727	1.12995129103674	0.305908341895351	0.744622078299314
"All fibroblasts"	5	"GDE1"	0.306022733063554	7.5065596781183	1.12942809858191	0.306051923879553	0.744622078299314
"All fibroblasts"	5	"GID8"	-0.464102083006615	6.26335518923916	1.12471285072891	0.306089403257585	0.744622078299314
"All fibroblasts"	5	"SNHG8"	0.293546568941994	7.78781101655288	1.12803493410074	0.306102132419456	0.744622078299314
"All fibroblasts"	5	"TMED2"	-0.345440244704756	8.09727234573225	1.12901596430513	0.306106875287284	0.744622078299314
"All fibroblasts"	5	"DDX42"	-0.302317590424225	7.26957058242138	1.12717026590263	0.306355977424545	0.744622078299314
"All fibroblasts"	5	"NHP2"	0.402827750960817	6.72206627433873	1.12685079552043	0.306449580850752	0.744622078299314
"All fibroblasts"	5	"GTF2A1"	-0.39602657008578	6.65606180086432	1.12576275534384	0.306697873561201	0.744622078299314
"All fibroblasts"	5	"NAA60"	0.525398694397623	5.77324361570877	1.11620374103421	0.306703362876163	0.744622078299314
"All fibroblasts"	5	"VBP1"	-0.457246282724384	6.15990338581549	1.12179826833125	0.306908992861104	0.744622078299314
"All fibroblasts"	5	"SOBP"	-0.428130532006897	6.74037760378756	1.11633511847166	0.306921014568156	0.744622078299314
"All fibroblasts"	5	"PBX1"	-0.300101149961901	8.71857397209544	1.12481523581835	0.306947354054394	0.744622078299314
"All fibroblasts"	5	"CH25H"	-0.358647844683511	7.47740005301765	1.12244662641201	0.30748851639421	0.745338249385248
"All fibroblasts"	5	"RSF1"	-0.292196402877822	7.95611437768257	1.12203465566079	0.307498395661942	0.745338249385248
"All fibroblasts"	5	"SFXN3"	0.37505657735456	6.81972177213039	1.11625897179615	0.308012401777665	0.746273706926591
"All fibroblasts"	5	"PTPN2"	0.347238496394606	6.73805300251638	1.113774655879	0.308702732982445	0.747188631679895
"All fibroblasts"	5	"CDK16"	0.463324519381825	5.97382580159395	1.11234495951583	0.308705378107488	0.747188631679895
"All fibroblasts"	5	"ANKMY2"	-0.535456561797077	6.10986348411957	1.11070246514629	0.308774708269296	0.747188631679895
"All fibroblasts"	5	"TCF7L1"	-0.317833424532289	7.54979941371939	1.1141346563483	0.309088998877781	0.747228279592729
"All fibroblasts"	5	"CES2"	-0.378134259725472	7.43602610673501	1.11463340230071	0.309110380537812	0.747228279592729
"All fibroblasts"	5	"SEC62"	-0.246482225588649	8.61016095197896	1.11418240326407	0.309175799227402	0.747228279592729
"All fibroblasts"	5	"JPX"	-0.369742861018767	6.80265948298472	1.11154958699611	0.309399432620577	0.74745874538976
"All fibroblasts"	5	"NDUFB6"	-0.349706359197772	6.65172197207669	1.10729595010451	0.309834465822809	0.747930386806809
"All fibroblasts"	5	"HMG20B"	0.536767325449819	6.37635582815467	1.10333770006964	0.309856998186825	0.747930386806809
"All fibroblasts"	5	"AP3S1"	-0.290689496415349	7.58844416411823	1.10944471622718	0.310193101859926	0.747930386806809
"All fibroblasts"	5	"KLHL21"	-0.484344900993348	6.20490309610907	1.10169728776755	0.310254111825486	0.747930386806809
"All fibroblasts"	5	"CNPY2"	0.444244252804457	6.16579226074209	1.09781412975499	0.310344308804226	0.747930386806809
"All fibroblasts"	5	"PRPF40A"	-0.257295985467229	7.93590797751048	1.10827835364461	0.310426302464872	0.747930386806809
"All fibroblasts"	5	"UBR7"	-0.501218810676862	5.9364243194902	1.0990737439796	0.310597027670778	0.747930386806809
"All fibroblasts"	5	"CSNK1G3"	-0.460137402142208	6.11953376678678	1.10341992753954	0.3106374358527	0.747930386806809
"All fibroblasts"	5	"HSD17B12"	-0.331836376201061	6.99098884114417	1.10242832516623	0.310749865532741	0.747930386806809
"All fibroblasts"	5	"MYD88"	0.513858014351945	5.84980141326954	1.09675399972075	0.311200734161827	0.748686869444498
"All fibroblasts"	5	"SSBP2"	-0.379908594308563	7.11303724266302	1.09885129345942	0.311321140323326	0.748686869444498
"All fibroblasts"	5	"EVI5"	-0.368974278343017	6.45220069699044	1.09889056147918	0.311734505474756	0.749140813954187
"All fibroblasts"	5	"WDR60"	0.417775571771682	6.38291802037523	1.10064793699598	0.311880155687421	0.749140813954187
"All fibroblasts"	5	"TMEM127"	0.333832368787534	6.80639535343057	1.09371923616	0.311895592011817	0.749140813954187
"All fibroblasts"	5	"TBX3"	-0.288734938755304	7.31467911283516	1.09865821754412	0.312223745946311	0.749371203426176
"All fibroblasts"	5	"PPP2CA"	0.308009755817522	7.50267786212881	1.09948160254216	0.312248718366013	0.749371203426176
"All fibroblasts"	5	"COPZ2"	0.53313002839966	5.84098361396083	1.08774338804073	0.312688250192761	0.750085876610582
"All fibroblasts"	5	"FAM234A"	0.559546385596587	6.1707101950361	1.09401837530172	0.312803960899899	0.750085876610582
"All fibroblasts"	5	"ARHGAP28"	0.41692942642716	6.78829341173254	1.09087366491979	0.313136424384982	0.750574226610979
"All fibroblasts"	5	"SRSF5"	-0.261018989334941	9.10156237969859	1.09393401850992	0.313432540639217	0.750975088118717
"All fibroblasts"	5	"ASPH"	-0.275928105309932	7.60456151275385	1.09293816242055	0.313679114931488	0.751256967819885
"All fibroblasts"	5	"GNG11"	-0.323522257843014	7.20753061518554	1.08969983215861	0.314095347626251	0.751603589397717
"All fibroblasts"	5	"SETBP1"	-0.537101241649728	6.48923225838382	1.08878395549254	0.314211605171656	0.751603589397717
"All fibroblasts"	5	"SAMD9"	0.415514294892985	6.13365017982281	1.08845449495689	0.314348862455063	0.751603589397717
"All fibroblasts"	5	"PRMT2"	-0.348905035784482	6.79010542890586	1.08905056297691	0.314453094188439	0.751603589397717
"All fibroblasts"	5	"EIF3B"	0.489410890459366	6.73407321076716	1.08722009250704	0.314627090077194	0.751603589397717
"All fibroblasts"	5	"PLEC"	0.395628965230863	6.82152468718334	1.08716961360971	0.314668341212874	0.751603589397717
"All fibroblasts"	5	"PPP6R3"	-0.345886596834546	6.50833320856758	1.08183954258697	0.315506708219039	0.751603589397717
"All fibroblasts"	5	"YPEL2"	-0.428922166027088	6.37972011095783	1.08338057589455	0.315555243999202	0.751603589397717
"All fibroblasts"	5	"STRN"	-0.524286401495593	5.83045489217843	1.0751762692224	0.315564535116865	0.751603589397717
"All fibroblasts"	5	"LPCAT3"	0.551976172323412	6.66285276920385	1.08341265823413	0.31558734046794	0.751603589397717
"All fibroblasts"	5	"RAN"	0.272781275402224	8.56192843094367	1.08251409611693	0.315894232888321	0.751603589397717
"All fibroblasts"	5	"PRKAG1"	0.585177914105575	5.85006374583445	1.0769691354585	0.315946157378157	0.751603589397717
"All fibroblasts"	5	"RBPJ"	-0.272507729441583	8.12037864719959	1.08184748517669	0.315987515314505	0.751603589397717
"All fibroblasts"	5	"BANF1"	0.264849096061801	8.57518724850122	1.08203830908399	0.315989548143006	0.751603589397717
"All fibroblasts"	5	"TSC22D3"	-0.280495826370705	8.50273761716768	1.08143584863602	0.316021980273775	0.751603589397717
"All fibroblasts"	5	"PALLD"	-0.249127683832409	9.34313754134222	1.08118252186005	0.316156909235231	0.751603589397717
"All fibroblasts"	5	"TCOF1"	0.420773896794358	6.56328278651388	1.07950078715786	0.316165469064903	0.751603589397717
"All fibroblasts"	5	"TMEM223"	0.448857871583522	5.71859303262056	1.07685419277282	0.3161793822434	0.751603589397717
"All fibroblasts"	5	"MAPK6"	0.517123059931731	6.15774102748787	1.07224326358886	0.316274584040364	0.751603589397717
"All fibroblasts"	5	"PTMA"	0.190503158188293	11.4859121600913	1.07936189629277	0.316543326963736	0.751867447716868
"All fibroblasts"	5	"TRPS1"	-0.333342857154822	6.66198229988686	1.07877119352302	0.316758815450518	0.751867447716868
"All fibroblasts"	5	"UBE2I"	0.275172586311125	7.77996279639419	1.07809263288953	0.316876357629844	0.751867447716868
"All fibroblasts"	5	"H1F0"	-0.300807858176924	8.48612728257053	1.07685415055166	0.317120270605399	0.751867447716868
"All fibroblasts"	5	"FNBP1"	0.320958735651682	7.48814333598081	1.07690886514487	0.317133117689699	0.751867447716868
"All fibroblasts"	5	"EYA3"	0.423612801841588	5.88430576600173	1.06776082745004	0.317159805472466	0.751867447716868
"All fibroblasts"	5	"CREB3L1"	0.386791156538914	7.70207657682548	1.07607781031389	0.317305840857711	0.751907740820611
"All fibroblasts"	5	"PAMR1"	-0.483073276449825	5.95410056492772	1.06923243733539	0.31787553319616	0.75295151704635
"All fibroblasts"	5	"FKBP5"	0.402811060631144	7.71353150371276	1.06515768996606	0.31815231879769	0.753251175361593
"All fibroblasts"	5	"GALNT10"	-0.413683191269451	5.97784475693906	1.0642344856508	0.318380230925416	0.753251175361593
"All fibroblasts"	5	"RTRAF"	-0.322596251191904	7.24927280313326	1.06969888509115	0.318527287494675	0.753251175361593
"All fibroblasts"	5	"CASC4"	-0.283008476436857	7.71283933208987	1.07039959835726	0.318535987025417	0.753251175361593
"All fibroblasts"	5	"KDELR1"	0.359309671933129	8.78060350283258	1.06943190897304	0.318719412331365	0.753251175361593
"All fibroblasts"	5	"DAD1"	0.277004029058306	8.31031783949997	1.06787167429334	0.319070046750244	0.753251175361593
"All fibroblasts"	5	"CPQ"	-0.295802534822801	7.72532022984229	1.06737017889937	0.319085025765556	0.753251175361593
"All fibroblasts"	5	"KLF9"	-0.344506764394546	8.88646293931225	1.06715953683515	0.319164174046676	0.753251175361593
"All fibroblasts"	5	"TMEM159"	-0.399247339315571	6.25995760200239	1.06636717805568	0.319244431128443	0.753251175361593
"All fibroblasts"	5	"ZNF580"	0.303448853968188	7.1319058510189	1.06493814691102	0.319294731962096	0.753251175361593
"All fibroblasts"	5	"ITFG2"	-0.467508885418784	6.08669241927956	1.06141321649545	0.319474056523483	0.753369213825308
"All fibroblasts"	5	"FBXO22"	0.4157776805026	5.98287020986032	1.05611562466971	0.320297677188363	0.754747570186181
"All fibroblasts"	5	"EIF4B"	-0.258382135038139	9.49892199753813	1.06207857864662	0.320317614736644	0.754747570186181
"All fibroblasts"	5	"GABBR1"	0.505287650483715	6.25408752131058	1.05835767374611	0.320690959819914	0.755158015610943
"All fibroblasts"	5	"SUN2"	0.336279562335937	7.20109581759122	1.06019826572536	0.320806070103432	0.755158015610943
"All fibroblasts"	5	"IPO7"	0.316587205643592	7.64216766518294	1.05810805541287	0.321180302791877	0.755158015610943
"All fibroblasts"	5	"UNC50"	-0.390483235464505	6.42803841539447	1.0571180281495	0.321184652853388	0.755158015610943
"All fibroblasts"	5	"YIF1A"	0.507169798040163	6.26678461487089	1.0531290313262	0.321394140133529	0.755158015610943
"All fibroblasts"	5	"FAM102B"	-0.405956794049354	6.62588950206953	1.04918193147078	0.321419070674518	0.755158015610943
"All fibroblasts"	5	"SIAH1"	-0.40739776389506	5.92064001633189	1.05371745049445	0.321541166887619	0.755158015610943
"All fibroblasts"	5	"KDM4A"	0.505209394220048	5.92689940039532	1.04930071760587	0.321610432363345	0.755158015610943
"All fibroblasts"	5	"VAMP4"	0.495909218117054	5.77999475313471	1.0465891065716	0.3216581765482	0.755158015610943
"All fibroblasts"	5	"CNPY4"	-0.400248218864926	6.21374081876268	1.04761953923989	0.321836820263484	0.755247652564581
"All fibroblasts"	5	"HLA-DRA"	0.434778351423198	7.81482103061907	1.05377620802981	0.321955580739732	0.755247652564581
"All fibroblasts"	5	"TOMM22"	-0.318019250598081	6.97656605030021	1.04971689451649	0.322123612272415	0.755337741936162
"All fibroblasts"	5	"ADAM17"	-0.370694053109427	6.4471142001589	1.0507076723203	0.322298113882939	0.75541066149765
"All fibroblasts"	5	"ALAS1"	0.395059246449398	6.5788933609431	1.04924584281819	0.322413989213087	0.75541066149765
"All fibroblasts"	5	"ANAPC11"	0.475694882024277	6.60732318660932	1.04937074534501	0.322707554108096	0.755794581104452
"All fibroblasts"	5	"NPAT"	-0.43235224292917	5.87132647624924	1.04303853582261	0.322914892397158	0.755976327038265
"All fibroblasts"	5	"PID1"	-0.3972316880594	7.49126935548929	1.0461048231329	0.323641912375039	0.756776620244589
"All fibroblasts"	5	"PAFAH1B1"	-0.292158811594186	7.46401407180219	1.04670310395651	0.323651176320962	0.756776620244589
"All fibroblasts"	5	"ATP11B"	-0.440028878121643	6.43015785364212	1.04476516058136	0.323834815165783	0.756776620244589
"All fibroblasts"	5	"MESD"	0.293170877068865	7.30297336235368	1.04615966933714	0.323886360528267	0.756776620244589
"All fibroblasts"	5	"MRPL42"	-0.345592150614227	6.62437215005012	1.0458121256879	0.323906107926893	0.756776620244589
"All fibroblasts"	5	"DTX3L"	0.37604639926621	6.67775929521848	1.04198697877042	0.324736391226441	0.758378520736981
"All fibroblasts"	5	"PPFIBP1"	-0.368441533873354	7.02389584266401	1.03528373989166	0.324964659789565	0.758378520736981
"All fibroblasts"	5	"FRMD8"	0.379189494364727	6.17238730665642	1.03393698580943	0.324982180586964	0.758378520736981
"All fibroblasts"	5	"THUMPD3-AS1"	-0.511138055273962	6.12592683729424	1.03450811919818	0.32547821566834	0.758787204294331
"All fibroblasts"	5	"GTF2F2"	0.421700713150586	6.41318065704085	1.03340365938603	0.325480756678547	0.758787204294331
"All fibroblasts"	5	"DKC1"	0.450527785833242	6.34254805726917	1.03525476591071	0.325640930961918	0.758787204294331
"All fibroblasts"	5	"DPY19L3"	-0.371384596795432	6.33407983893667	1.03668820097216	0.325724161128428	0.758787204294331
"All fibroblasts"	5	"NISCH"	0.541761033455081	6.43174139197821	1.03498377404271	0.325808406580473	0.758787204294331
"All fibroblasts"	5	"OAZ2"	0.458230876909195	6.9000505993633	1.03351483426538	0.326244669655443	0.759354358880749
"All fibroblasts"	5	"CRAT"	0.585022983457458	5.7822255490734	1.02513562931242	0.326449915912701	0.759354358880749
"All fibroblasts"	5	"PRTFDC1"	-0.447925689880448	6.13583616437349	1.02706388678519	0.326528046795986	0.759354358880749
"All fibroblasts"	5	"SLC39A6"	0.315674278177557	6.90338378913536	1.03338306952752	0.326573197761311	0.759354358880749
"All fibroblasts"	5	"ORMDL3"	0.363357846030539	6.67019131779803	1.03292728264329	0.3267675253631	0.7595031393262
"All fibroblasts"	5	"EIF4E"	0.428553597910324	6.41482071554587	1.02369769359585	0.327052205126586	0.759861722198014
"All fibroblasts"	5	"TOGARAM1"	-0.378325089143094	6.04322551727145	1.025686512633	0.327270266396903	0.759994435084741
"All fibroblasts"	5	"TIMM23"	0.549200317374071	5.97785064508441	1.02545305397949	0.327521813283108	0.759994435084741
"All fibroblasts"	5	"GGCX"	0.415772022843245	6.63288390503905	1.02589374920644	0.327698625462078	0.759994435084741
"All fibroblasts"	5	"PSMG3"	0.428067033370323	5.93608920920157	1.02408932997487	0.327926355992219	0.759994435084741
"All fibroblasts"	5	"ELP2"	0.419252996195172	6.58437593808493	1.02377460253987	0.327936318108211	0.759994435084741
"All fibroblasts"	5	"PKD1"	-0.361003015753014	7.04964435149551	1.02750396974131	0.327981138078407	0.759994435084741
"All fibroblasts"	5	"TPRG1L"	0.607748633775751	5.85949803750757	1.01718370692725	0.328232413186169	0.759994435084741
"All fibroblasts"	5	"CCNY"	-0.312331780116234	7.18933562230514	1.02572781792768	0.328234947527808	0.759994435084741
"All fibroblasts"	5	"HSPA8"	0.265969222578089	9.39985685739341	1.02569004552366	0.328452073723963	0.759994435084741
"All fibroblasts"	5	"RIOK1"	0.508570749407099	6.17976893217892	1.02069846667682	0.328523899553473	0.759994435084741
"All fibroblasts"	5	"POSTN"	-0.202338146411542	10.8920018166932	1.02493618309882	0.328619128012221	0.759994435084741
"All fibroblasts"	5	"BMP2"	0.321963679674052	8.07605776733204	1.02325502373077	0.32903861311097	0.759994435084741
"All fibroblasts"	5	"NQO1"	-0.485917647574236	6.0003152294515	1.02000648396282	0.329046082739209	0.759994435084741
"All fibroblasts"	5	"WNT5B"	0.546016681169823	6.36978645129041	1.02211344167387	0.329050715484648	0.759994435084741
"All fibroblasts"	5	"VDAC3"	-0.310037402993697	7.02665951879927	1.02265859834078	0.329065721592381	0.759994435084741
"All fibroblasts"	5	"IL11RA"	-0.484700050120787	6.51835602645686	1.02078793587637	0.329321886061159	0.760284718731527
"All fibroblasts"	5	"C6orf106"	0.483522781302891	6.25999484385319	1.01392161311776	0.329918075446947	0.761359455694796
"All fibroblasts"	5	"TNS1"	-0.259705929394747	8.08893709938534	1.01696148023012	0.330410458436896	0.761631823242946
"All fibroblasts"	5	"SPOP"	-0.28495969541261	7.31976865400419	1.01645811018833	0.330423906882423	0.761631823242946
"All fibroblasts"	5	"ARID2"	-0.436214998918531	6.22620242844472	1.01288418355236	0.330570181609906	0.761631823242946
"All fibroblasts"	5	"GDF11"	-0.357136174447683	6.59148054737931	1.01310763162746	0.330592320581918	0.761631823242946
"All fibroblasts"	5	"MIER1"	-0.28853819732841	7.33983319653524	1.01546482056155	0.330816360887308	0.761631823242946
"All fibroblasts"	5	"HOTAIRM1"	-0.341910899018832	6.52292678978977	1.01468520310495	0.330862710300896	0.761631823242946
"All fibroblasts"	5	"SDCCAG8"	-0.45422543876332	6.10046854356225	1.00722101803525	0.331100658483272	0.761631823242946
"All fibroblasts"	5	"ACTR3"	0.259669891575009	8.52007873752916	1.01422143373422	0.331111115063162	0.761631823242946
"All fibroblasts"	5	"LGALS1"	0.25258689507287	10.2942902106012	1.01362030796928	0.331212466122812	0.761631823242946
"All fibroblasts"	5	"AP2A2"	0.481831213370675	6.15935093203949	1.01053261999291	0.331467213206735	0.761890900912254
"All fibroblasts"	5	"MXRA7"	-0.252062938658954	8.54489326814417	1.01151932743485	0.331723823354158	0.761890900912254
"All fibroblasts"	5	"TRANK1"	0.474417543275505	6.19378878763535	1.00710200442466	0.331854546118742	0.761890900912254
"All fibroblasts"	5	"GLB1"	-0.34616981875476	6.68286174226625	1.00982452118583	0.331987051444743	0.761890900912254
"All fibroblasts"	5	"TPR"	-0.24408799566767	8.60851814833501	1.00917851434307	0.33226140783951	0.761890900912254
"All fibroblasts"	5	"PABPC1"	-0.20000284753968	10.6199230702475	1.00902731993022	0.332272642115819	0.761890900912254
"All fibroblasts"	5	"DMKN"	0.393205799595528	7.5045693429069	1.0084307370431	0.332445218598906	0.761890900912254
"All fibroblasts"	5	"MRPS34"	0.512290784622087	6.37019547208236	1.00693111178592	0.332538913170525	0.761890900912254
"All fibroblasts"	5	"PLXNA3"	0.563457616462493	6.04827853844127	1.00475460804959	0.33256094315744	0.761890900912254
"All fibroblasts"	5	"AUP1"	0.381129648629037	6.43618612437524	1.0026448849008	0.332701233177654	0.761890900912254
"All fibroblasts"	5	"STAG1"	-0.358395217480454	6.29201447559818	1.00270691724745	0.332763401891485	0.761890900912254
"All fibroblasts"	5	"PPHLN1"	-0.402003675344312	6.72190343709635	1.0033616400065	0.333469713360074	0.763208177434859
"All fibroblasts"	5	"RBBP5"	-0.450953980681569	5.71332491479089	0.997150392804185	0.333626485929503	0.763267190228196
"All fibroblasts"	5	"BRWD1"	-0.336059876318582	6.74797512115167	1.00063177588291	0.333830308733073	0.763433755489644
"All fibroblasts"	5	"PLPBP"	-0.389653397209851	6.30285573019868	1.00013824012963	0.334046905716569	0.763435465696609
"All fibroblasts"	5	"SMIM3"	-0.280288708236071	7.75535803714511	1.00134929289672	0.334094548218628	0.763435465696609
"All fibroblasts"	5	"THYN1"	-0.498502022746671	5.83453206445595	0.993922901497481	0.334236776752607	0.763435465696609
"All fibroblasts"	5	"RARA"	0.462253074898087	5.96562417972132	0.9986009743465	0.334355124156126	0.763435465696609
"All fibroblasts"	5	"SLC25A23"	-0.532941223208374	6.1013072818021	0.991908373946984	0.334545998491498	0.763572085080282
"All fibroblasts"	5	"UBR4"	0.347439702730404	7.36452721059955	0.997645024433177	0.334787687966562	0.763824533195442
"All fibroblasts"	5	"DGKH"	0.454109110109064	6.20893047312964	0.990033914460382	0.335269763753354	0.764625015025751
"All fibroblasts"	5	"KLF3"	-0.343402826421591	6.73704628971061	0.991696762987648	0.335498767704214	0.764847934042432
"All fibroblasts"	5	"CERK"	-0.324597792637701	6.71907198635199	0.992744613290445	0.33588958981764	0.765439436788185
"All fibroblasts"	5	"MYSM1"	0.453292770473175	6.11067610683036	0.98703648687392	0.336030213701823	0.765460537623347
"All fibroblasts"	5	"ANGEL2"	-0.472204891952537	5.97019453338615	0.986758249703464	0.336224855104196	0.765536065635034
"All fibroblasts"	5	"ATM"	-0.404762757486202	6.65156706130892	0.990397077574399	0.336326124596823	0.765536065635034
"All fibroblasts"	5	"RAPGEF2"	-0.439345437644174	6.24244624806292	0.98416677030962	0.336697883868067	0.766021497191678
"All fibroblasts"	5	"TNFAIP2"	0.313296327643658	8.34313862374861	0.989759696220581	0.33680231264889	0.766021497191678
"All fibroblasts"	5	"COPS8"	0.377644032691596	6.52168028995648	0.987929491204998	0.33710258501881	0.766405291808275
"All fibroblasts"	5	"CYB5R3"	0.258423105584806	8.90462706227933	0.987006642368468	0.337443632699531	0.766635633518879
"All fibroblasts"	5	"PDLIM7"	0.358804528522346	8.16598195191927	0.987017906810051	0.337467032774313	0.766635633518879
"All fibroblasts"	5	"MPST"	0.414264244250709	6.40851054596849	0.981909023474394	0.337784994376102	0.766913014584145
"All fibroblasts"	5	"ETS2"	0.301048406646335	8.93649833456116	0.985316776511371	0.337852361152823	0.766913014584145
"All fibroblasts"	5	"COL6A1"	0.197478112372945	11.1807280745206	0.983677239323593	0.338213830293396	0.767434575202343
"All fibroblasts"	5	"UBE2D1"	0.397348746069678	6.54468600310733	0.97572280410352	0.338355332644032	0.767456801602482
"All fibroblasts"	5	"NSA2"	-0.254985824635586	8.74032564844951	0.982573531408628	0.338503301052345	0.767493671296503
"All fibroblasts"	5	"NDUFAF2"	0.435856623595799	6.39180732654912	0.97865417629497	0.338987091527652	0.76829163062296
"All fibroblasts"	5	"ZDHHC14"	-0.535331024052374	6.42491539891702	0.972220693322325	0.339527436176546	0.768917299541411
"All fibroblasts"	5	"FDX1"	-0.475896061475202	5.88588235729172	0.971169457365514	0.339867464958462	0.768917299541411
"All fibroblasts"	5	"CYP2U1"	-0.449972767383086	5.92871094698887	0.970502301625224	0.339984914199145	0.768917299541411
"All fibroblasts"	5	"OTUD5"	0.529267421421542	6.05584538140822	0.974226890146319	0.34008070727451	0.768917299541411
"All fibroblasts"	5	"CCND2"	-0.253016776399836	8.52772543296741	0.975789049599456	0.340120078234259	0.768917299541411
"All fibroblasts"	5	"KIAA1217"	0.415766482220098	6.15052456370268	0.974928679230101	0.340157363914945	0.768917299541411
"All fibroblasts"	5	"CD47"	-0.30248982460489	7.67999915947055	0.97524262278564	0.340222704559295	0.768917299541411
"All fibroblasts"	5	"PKD2"	-0.286617856878632	8.02385499489211	0.975016358823875	0.34031881165562	0.768917299541411
"All fibroblasts"	5	"MAST4"	-0.49701930727888	6.21914533706535	0.97948510521818	0.340589090617948	0.768989940235556
"All fibroblasts"	5	"SCAF11"	-0.252915869090637	8.29820405427434	0.973369089146626	0.340702619486797	0.768989940235556
"All fibroblasts"	5	"ENTPD1"	0.36801423623688	6.70107847545766	0.972785550895844	0.340746872436624	0.768989940235556
"All fibroblasts"	5	"ENY2"	0.326463177045483	7.34599538342178	0.971642488503863	0.341158134963523	0.769532750191472
"All fibroblasts"	5	"DOCK1"	-0.305653185220147	6.88540064733518	0.97058188770369	0.341251523338727	0.769532750191472
"All fibroblasts"	5	"CCND3"	0.560127769119052	5.639133890102	0.965473420696394	0.341392237209943	0.769552249989299
"All fibroblasts"	5	"VTI1B"	0.334696014593737	6.63768597095533	0.966734467426562	0.341621875756211	0.769772107514092
"All fibroblasts"	5	"SERBP1"	0.238327291662084	8.40385358323458	0.968020964334373	0.34199755137735	0.77032073130105
"All fibroblasts"	5	"MRPL34"	-0.345264547447654	6.96696107908224	0.971809528639185	0.342371110709176	0.770535665813181
"All fibroblasts"	5	"UBE4A"	-0.341262382213668	6.56601536138126	0.965069384909365	0.34246175637365	0.770535665813181
"All fibroblasts"	5	"PLSCR1"	0.27552273532421	8.06189954666396	0.965923218389275	0.342507725065265	0.770535665813181
"All fibroblasts"	5	"RBM27"	-0.446342109060591	5.83272771298544	0.970284738292998	0.342722008625529	0.770535665813181
"All fibroblasts"	5	"KCTD3"	-0.293684707701556	6.99375018880858	0.963440591078852	0.34303969400033	0.770535665813181
"All fibroblasts"	5	"IP6K1"	0.455733718161025	6.08757141510493	0.961578405247722	0.343058084242783	0.770535665813181
"All fibroblasts"	5	"DRG1"	0.501548091462329	6.03101185263002	0.953794681137065	0.343372736666523	0.770535665813181
"All fibroblasts"	5	"DZIP1"	0.287860501855519	7.05344487426072	0.961417964148436	0.34364090377203	0.770535665813181
"All fibroblasts"	5	"APOL3"	-0.386086125794233	6.38904459629689	0.957400639039481	0.343695753672781	0.770535665813181
"All fibroblasts"	5	"ATP6V1F"	0.34017424062677	7.26921388183601	0.95528637395352	0.343724059732943	0.770535665813181
"All fibroblasts"	5	"CDV3"	0.323763956248493	7.45519844090041	0.959920883169617	0.343882320124925	0.770535665813181
"All fibroblasts"	5	"INO80D"	-0.461606963477125	6.03770487969018	0.953402598751719	0.343913307313707	0.770535665813181
"All fibroblasts"	5	"CWF19L2"	-0.355315228071572	6.50340897401197	0.95795452112467	0.34395641013858	0.770535665813181
"All fibroblasts"	5	"SEC63"	-0.24780173591065	8.20389737691888	0.959185506872058	0.344113967330917	0.770535665813181
"All fibroblasts"	5	"TRIM5"	0.442629694439473	5.80246280289513	0.954398497144106	0.344170006225507	0.770535665813181
"All fibroblasts"	5	"ETF1"	0.348409816623645	7.34428655254714	0.951677165713528	0.344336067180501	0.770535665813181
"All fibroblasts"	5	"INSIG1"	0.456880862016312	6.15218149311193	0.950494653094587	0.344428830593638	0.770535665813181
"All fibroblasts"	5	"ZFYVE9"	-0.432753059597584	6.11611500229052	0.951721895159675	0.344816913024209	0.770535665813181
"All fibroblasts"	5	"JAK2"	0.528825677139335	6.05700823735026	0.952095126322933	0.344956293369718	0.770535665813181
"All fibroblasts"	5	"GLI1"	0.548506695955069	5.84269268334336	0.94822891602982	0.345063755155595	0.770535665813181
"All fibroblasts"	5	"SEMA4C"	0.462298692507179	6.33895624564411	0.95420621356044	0.34508953264596	0.770535665813181
"All fibroblasts"	5	"KAT7"	-0.363724846830881	6.27949049867229	0.954012716313401	0.34528250521636	0.770535665813181
"All fibroblasts"	5	"TTF1"	-0.42033110299374	5.74842713737141	0.948084257832878	0.345315142063437	0.770535665813181
"All fibroblasts"	5	"CAV1"	0.252060108514328	8.75658280612613	0.95321848359227	0.34558641335882	0.770535665813181
"All fibroblasts"	5	"EIF3I"	0.24879282855024	8.31036834242462	0.953209837220625	0.345603750317635	0.770535665813181
"All fibroblasts"	5	"TRIM24"	-0.438762610783226	6.01757947904326	0.949692591051172	0.345607929482642	0.770535665813181
"All fibroblasts"	5	"RAPH1"	0.526667834040797	6.05868474651562	0.951509403684368	0.3456633311199	0.770535665813181
"All fibroblasts"	5	"BCL9"	-0.421978260070344	5.78261565528053	0.94830156707489	0.346199604128823	0.771122258016226
"All fibroblasts"	5	"KIFAP3"	-0.490676613946779	5.91276306722698	0.944470907612217	0.34626891330726	0.771122258016226
"All fibroblasts"	5	"UBN2"	-0.507805115608287	6.3100734096071	0.946032436878077	0.346405529056127	0.771122258016226
"All fibroblasts"	5	"SHOC2"	-0.317488785929551	6.87207320442694	0.946543845721312	0.34645582143238	0.771122258016226
"All fibroblasts"	5	"RNF26"	0.583751172458648	5.61820338513293	0.942293629266443	0.346720627431704	0.7713946973333
"All fibroblasts"	5	"DDX6"	-0.278046963846025	7.80072624051952	0.948067503036537	0.346842990735069	0.7713946973333
"All fibroblasts"	5	"TM9SF2"	-0.248097423214722	8.21127167216405	0.943476592654605	0.347992296325917	0.773655517241937
"All fibroblasts"	5	"RPN2"	0.26691921708506	8.57893924802185	0.942268476487525	0.348294503412305	0.773777448964214
"All fibroblasts"	5	"UBE2Q1"	0.295019160974494	7.37359377523845	0.939760580502784	0.348815008234314	0.773777448964214
"All fibroblasts"	5	"GOT1"	-0.394316083322701	5.97018434137458	0.937130129437135	0.348993799577999	0.773777448964214
"All fibroblasts"	5	"PPP2R5C"	-0.274431008170528	7.54507493722442	0.93852543132669	0.349150840615212	0.773777448964214
"All fibroblasts"	5	"MPZL1"	0.315659174100102	7.49181705574989	0.937030975337848	0.349212354014075	0.773777448964214
"All fibroblasts"	5	"PAQR5"	0.392861376959466	6.99278933881818	0.932464064707368	0.349353592966276	0.773777448964214
"All fibroblasts"	5	"CAMSAP2"	-0.273358088871863	7.15076852013191	0.937354583373757	0.34950014473644	0.773777448964214
"All fibroblasts"	5	"PIP4K2A"	0.373034194924166	6.53125916981568	0.936975418033242	0.349525643024088	0.773777448964214
"All fibroblasts"	5	"SELENOW"	-0.268632519405462	8.33667596479504	0.936732394463359	0.349653987499425	0.773777448964214
"All fibroblasts"	5	"PFDN2"	0.384415135314347	6.46152263005011	0.936575580328872	0.349675757710027	0.773777448964214
"All fibroblasts"	5	"HSPBP1"	0.512340661911687	5.95532741601489	0.930677960020993	0.350041344215806	0.773777448964214
"All fibroblasts"	5	"PRR14L"	0.412942326502936	5.75625159468753	0.930833856038701	0.350095829509143	0.773777448964214
"All fibroblasts"	5	"SMCHD1"	-0.352970834793973	6.84423339579465	0.931718617785466	0.35027798952441	0.773777448964214
"All fibroblasts"	5	"HEG1"	-0.290113908312314	7.26092574055206	0.933300116438927	0.350388743691793	0.773777448964214
"All fibroblasts"	5	"SUCO"	-0.343243856740413	6.29596848843709	0.928102425597084	0.350497194349953	0.773777448964214
"All fibroblasts"	5	"TNPO2"	0.374416339285278	7.11998614708263	0.932720668265514	0.350692092956231	0.773777448964214
"All fibroblasts"	5	"SEMA4D"	0.377309219305926	6.7887862611694	0.926087745710562	0.350898671566284	0.773777448964214
"All fibroblasts"	5	"WBP2"	0.312403278522426	7.10841559793062	0.929841056798075	0.351019444797493	0.773777448964214
"All fibroblasts"	5	"SOCS3"	0.414465873896534	9.96526281183597	0.930228990442692	0.351269839435888	0.773777448964214
"All fibroblasts"	5	"TRAPPC12"	0.452455800047123	5.83624611387784	0.922889639925651	0.351372140807834	0.773777448964214
"All fibroblasts"	5	"CHPF"	0.477749555309634	5.85103591595844	0.924800100724756	0.351509943848187	0.773777448964214
"All fibroblasts"	5	"TTC9C"	0.482255277925736	5.86374451013248	0.925457651135894	0.351614540734798	0.773777448964214
"All fibroblasts"	5	"GAK"	0.486142929921936	6.16359768874896	0.921398861699288	0.351678810555518	0.773777448964214
"All fibroblasts"	5	"CAPZA1"	0.243950152032366	8.44764208736144	0.928566795392275	0.351713239220134	0.773777448964214
"All fibroblasts"	5	"NDUFB9"	0.300080627907537	7.22472516791276	0.928675577588205	0.351726126370685	0.773777448964214
"All fibroblasts"	5	"MYO9B"	0.41919806114601	6.16821360243703	0.927272014888693	0.351815508525174	0.773777448964214
"All fibroblasts"	5	"SLC30A1"	0.438719505361908	6.43199590254197	0.932492859531467	0.351880242486767	0.773777448964214
"All fibroblasts"	5	"PDE7B"	-0.357053368360929	6.8604251421281	0.924259346812597	0.351943351521756	0.773777448964214
"All fibroblasts"	5	"NUDT9"	-0.451640181885582	6.1235762645911	0.921076283925782	0.352106545858044	0.773777448964214
"All fibroblasts"	5	"GNA11"	-0.309413035392414	7.17075321149494	0.927070771555584	0.352122514384993	0.773777448964214
"All fibroblasts"	5	"CHD3"	0.374321993152672	7.37697659657627	0.926076004557603	0.352236998886831	0.773777448964214
"All fibroblasts"	5	"YPEL5"	0.268289599478572	7.81119711269273	0.925660942175536	0.352455165389451	0.773777448964214
"All fibroblasts"	5	"PIK3C3"	0.410183205699854	6.04202606266757	0.920171060177383	0.352632655403855	0.773777448964214
"All fibroblasts"	5	"SRSF9"	0.304476202461212	7.61056507765955	0.923698777777045	0.352958408925679	0.773777448964214
"All fibroblasts"	5	"DNAJB14"	-0.287622908451567	6.87924183652271	0.922243229629001	0.352964780367237	0.773777448964214
"All fibroblasts"	5	"ATRAID"	-0.268759060088497	7.81028134001345	0.92327895611465	0.353018433483047	0.773777448964214
"All fibroblasts"	5	"MEX3D"	-0.507414692651383	5.94623300150838	0.918208408909822	0.353161032232889	0.773777448964214
"All fibroblasts"	5	"HINT1"	0.268078209953783	8.45170864448468	0.922135699926173	0.353316529792168	0.773777448964214
"All fibroblasts"	5	"MRE11"	-0.434064954935602	5.97701999445365	0.916806190914068	0.353381891796912	0.773777448964214
"All fibroblasts"	5	"DDX56"	0.513149426666011	5.7494914581841	0.918058823699045	0.353516609650864	0.773777448964214
"All fibroblasts"	5	"COMT"	0.295919580102515	8.10833286872707	0.921064961181703	0.353607198224908	0.773777448964214
"All fibroblasts"	5	"CNOT2"	-0.290577566109154	7.30486583336614	0.921055408365616	0.353624394472576	0.773777448964214
"All fibroblasts"	5	"NELFE"	0.403793964339158	5.96500648562096	0.91295504709354	0.354347014701979	0.775067588088751
"All fibroblasts"	5	"ZFP36L1"	-0.255646161898167	10.8197313336754	0.916422432279244	0.354743633756222	0.775434464963437
"All fibroblasts"	5	"SNHG7"	0.39649656401834	6.66394940378739	0.916079072319805	0.354884327697303	0.775434464963437
"All fibroblasts"	5	"KARS"	0.288005013787742	7.08778360748899	0.915251990883349	0.355008898903478	0.775434464963437
"All fibroblasts"	5	"CLN5"	-0.383770624157963	6.61496428375936	0.914178924805874	0.355047048656676	0.775434464963437
"All fibroblasts"	5	"DNTTIP2"	-0.32066237381299	6.77369889633597	0.913923803184009	0.355239655387453	0.775564433099547
"All fibroblasts"	5	"MALSU1"	0.489150736619828	5.75521949386304	0.910058950395298	0.355584549605757	0.776026655637732
"All fibroblasts"	5	"PARK7"	0.279731968378134	8.12494557681324	0.911882386513293	0.355948062202269	0.776191163058558
"All fibroblasts"	5	"PHACTR2"	-0.24119885803951	8.29127343023777	0.91159163541005	0.356001698727527	0.776191163058558
"All fibroblasts"	5	"SELENOT"	0.296348374988862	7.25866661834577	0.911278464922628	0.356059546740265	0.776191163058558
"All fibroblasts"	5	"PLXDC2"	-0.290817056808944	8.10239710879451	0.909370808275868	0.356534433731271	0.776658896752162
"All fibroblasts"	5	"WWC2"	0.338019741533198	6.48467382989043	0.908860625052758	0.356626021255521	0.776658896752162
"All fibroblasts"	5	"ATXN10"	0.306964912811191	6.92020504332507	0.907308501626618	0.356673967343193	0.776658896752162
"All fibroblasts"	5	"CARD19"	0.569905497717128	5.70735124984088	0.900154328939172	0.357008643421562	0.776903665892698
"All fibroblasts"	5	"PHF2"	-0.343907696984881	6.83903413978795	0.904439706663073	0.357053031965101	0.776903665892698
"All fibroblasts"	5	"JADE1"	-0.395758343782373	6.25929970885692	0.908329365535985	0.35810760800164	0.778907440024471
"All fibroblasts"	5	"UBE2L6"	0.367109620465901	7.07519612815147	0.897423551028087	0.359353484885032	0.780638877742147
"All fibroblasts"	5	"TRPT1"	-0.35838766939322	6.04816951914159	0.89363755706212	0.359683509863193	0.780638877742147
"All fibroblasts"	5	"SIKE1"	-0.331097171096163	6.33879936395342	0.895948627076183	0.359816991261654	0.780638877742147
"All fibroblasts"	5	"PKN2"	-0.317051446710814	6.75562124854739	0.896116365217929	0.360034672762158	0.780638877742147
"All fibroblasts"	5	"PCGF1"	-0.389104353610877	5.93008699896464	0.892190527368635	0.360461257416712	0.780638877742147
"All fibroblasts"	5	"OSTC"	0.306292455417171	7.63743567734604	0.894077995703886	0.36054059635996	0.780638877742147
"All fibroblasts"	5	"PRPF4B"	0.29441561621581	7.83819751947415	0.893652416621143	0.360645153037213	0.780638877742147
"All fibroblasts"	5	"NFATC3"	-0.336011047263551	6.67159469034042	0.890151408787857	0.360745658382646	0.780638877742147
"All fibroblasts"	5	"UBXN1"	-0.397279373124465	6.82087224127078	0.892282227328723	0.360823991998136	0.780638877742147
"All fibroblasts"	5	"NREP"	-0.279359692838504	7.77216914060708	0.891587416375956	0.361180119079851	0.780638877742147
"All fibroblasts"	5	"MORF4L1"	0.219767320472262	9.42778732321522	0.891115592542107	0.361269785375277	0.780638877742147
"All fibroblasts"	5	"VPS41"	-0.322648015085355	6.48808792376842	0.891156562339198	0.361275535515966	0.780638877742147
"All fibroblasts"	5	"KMT5B"	-0.370971617574897	6.61964418465567	0.886258910400968	0.361322507634211	0.780638877742147
"All fibroblasts"	5	"DTX4"	-0.370838743609483	7.3136672478088	0.890718906633765	0.361425060731833	0.780638877742147
"All fibroblasts"	5	"JADE2"	0.550642565706707	6.08989108070666	0.889651153379338	0.361434451062673	0.780638877742147
"All fibroblasts"	5	"FBXO3"	-0.412297170690728	6.09118241466127	0.884361147029447	0.361635956568581	0.780638877742147
"All fibroblasts"	5	"PAXX"	0.600605430312347	5.62358368121238	0.882032697312961	0.361715435605027	0.780638877742147
"All fibroblasts"	5	"PPP4R3B"	-0.292035259747859	7.43838217894389	0.888759102997523	0.361774333576848	0.780638877742147
"All fibroblasts"	5	"AFF4"	-0.254880204427999	7.41306189428794	0.888333647462568	0.361820747181868	0.780638877742147
"All fibroblasts"	5	"FAM76B"	-0.393055504279817	6.1062727536971	0.88790426140769	0.362024263459189	0.780638877742147
"All fibroblasts"	5	"MSL2"	-0.404906935442425	5.77806241733985	0.886682002565334	0.362099107150683	0.780638877742147
"All fibroblasts"	5	"ANTXR2"	-0.270022166458234	8.06142558145528	0.887668442817598	0.362150273323374	0.780638877742147
"All fibroblasts"	5	"THBD"	-0.608208134545886	7.81113754995507	0.885009905403376	0.362247459453172	0.780638877742147
"All fibroblasts"	5	"GLIS3"	0.422915204737228	6.40432061200369	0.882131910111483	0.36237870322628	0.780638877742147
"All fibroblasts"	5	"C6orf89"	-0.277571119173584	7.30022652597967	0.886325455597161	0.362576978301454	0.780638877742147
"All fibroblasts"	5	"SNRNP200"	0.326131707296991	6.89990857898246	0.884547632059079	0.36286240679861	0.780638877742147
"All fibroblasts"	5	"C7orf50"	0.485032545904285	5.80070716352704	0.880726248243726	0.362879900590823	0.780638877742147
"All fibroblasts"	5	"UBL3"	-0.418973783618588	6.62023034616303	0.883992708855786	0.362890582310613	0.780638877742147
"All fibroblasts"	5	"CDK12"	0.363081164868732	6.7022264603957	0.878087047267076	0.363033979510973	0.780638877742147
"All fibroblasts"	5	"POLD3"	-0.38548427618587	6.03414950296707	0.883111658985351	0.363049649746803	0.780638877742147
"All fibroblasts"	5	"MRPL57"	0.32452777022033	6.94313908393307	0.883140634047835	0.363131380989144	0.780638877742147
"All fibroblasts"	5	"DDX23"	0.360101327501398	6.41132886233118	0.882452551431198	0.36319066373073	0.780638877742147
"All fibroblasts"	5	"AHSA1"	0.38895929040407	6.35537750271165	0.881868391729297	0.363662098985309	0.781363956780013
"All fibroblasts"	5	"EGR1"	-0.373714834582482	10.675461232842	0.88093660975985	0.363947865118675	0.781689719884451
"All fibroblasts"	5	"ARCN1"	0.299935665122107	6.84259300882924	0.879222388388526	0.364285727191229	0.781891738106665
"All fibroblasts"	5	"GNAI3"	0.351259957528185	7.0978732220143	0.877628326778666	0.364424210945129	0.781891738106665
"All fibroblasts"	5	"ECM2"	-0.449673792700861	5.69059010476188	0.875225273399261	0.364576523706687	0.781891738106665
"All fibroblasts"	5	"LGALS8"	0.27454507749087	7.0407357976203	0.877035491805411	0.364578660105682	0.781891738106665
"All fibroblasts"	5	"DSTYK"	-0.387500885168984	6.80519451374498	0.874752072739877	0.364928941220417	0.782335466937844
"All fibroblasts"	5	"CTDNEP1"	0.261165538350731	7.85559594250175	0.876403282438797	0.365161870933238	0.782335466937844
"All fibroblasts"	5	"DTWD1"	-0.321035497460039	6.76073929321041	0.875915897359174	0.365188342212277	0.782335466937844
"All fibroblasts"	5	"PHYH"	-0.441644773330954	5.93588392512349	0.870928488014413	0.365751791837961	0.782755330046348
"All fibroblasts"	5	"RAB3IL1"	-0.475534413005675	5.99878783447919	0.867349905396014	0.365952669106083	0.782755330046348
"All fibroblasts"	5	"ANO6"	-0.307352101710973	6.51635832335819	0.869028722107857	0.365960692577993	0.782755330046348
"All fibroblasts"	5	"FNBP1L"	-0.377989426916299	5.86495473031329	0.868912062374706	0.366083322637051	0.782755330046348
"All fibroblasts"	5	"TMOD3"	-0.287777605978166	8.1695242810423	0.872341888828302	0.366252409653132	0.782755330046348
"All fibroblasts"	5	"ZNF618"	-0.273019137222115	7.09988670500354	0.8722984836606	0.36625833153448	0.782755330046348
"All fibroblasts"	5	"STUB1"	0.449322220634588	6.3363678186225	0.870515614061523	0.366324658492602	0.782755330046348
"All fibroblasts"	5	"DENND2A"	0.633665059109716	5.93000191735934	0.864932137629737	0.366761190069725	0.783400826442921
"All fibroblasts"	5	"CTDSP1"	0.353263005832191	8.08058117610621	0.868073913865702	0.36738181949716	0.784438938149487
"All fibroblasts"	5	"ARPC1A"	0.405014764315868	6.34788640616081	0.86269262603832	0.367791219810623	0.785025435104946
"All fibroblasts"	5	"RAB27A"	0.337058636177726	6.56070815544006	0.861964034328812	0.368677835951877	0.786629714423869
"All fibroblasts"	5	"XPNPEP3"	-0.391016137566527	5.82617129533746	0.856001359818594	0.369404237564091	0.787891102593689
"All fibroblasts"	5	"ENTR1"	0.509404555284184	5.82701631936211	0.851879038017633	0.369763216542257	0.788114563700507
"All fibroblasts"	5	"EIF3J"	0.275923747342589	7.247167213021	0.859320027203075	0.369779512125826	0.788114563700507
"All fibroblasts"	5	"CCDC88A"	-0.260275458380162	7.81630040390451	0.857908056165954	0.370053983326784	0.788170797018854
"All fibroblasts"	5	"ICMT"	0.368668800199651	6.22398513847508	0.851972576020308	0.370149563654972	0.788170797018854
"All fibroblasts"	5	"FGD5-AS1"	-0.287358526239905	7.53825077548357	0.85738906950927	0.37025669751129	0.788170797018854
"All fibroblasts"	5	"IARS"	0.403028544075099	6.56894620595682	0.855269152645267	0.370557398092066	0.788170797018854
"All fibroblasts"	5	"RBMS3"	-0.286146086104953	7.69436331553213	0.856162284650877	0.370607780035846	0.788170797018854
"All fibroblasts"	5	"INSC"	0.397053755588032	6.43176983143457	0.851819091941306	0.370617467621702	0.788170797018854
"All fibroblasts"	5	"APRT"	0.326802001029052	6.37863241552487	0.851689603958657	0.371175389500742	0.789069315804752
"All fibroblasts"	5	"NRBP1"	0.357102332774291	7.07510074576091	0.853661667816007	0.371328283527267	0.789106458101162
"All fibroblasts"	5	"MAN2C1"	0.332224960747066	6.54752927526054	0.852849299962969	0.371520231670844	0.789226536619033
"All fibroblasts"	5	"NUFIP2"	0.249741809850049	7.88583562145308	0.850911347023672	0.372039049390912	0.789515588748763
"All fibroblasts"	5	"NKIRAS2"	0.519639258898066	5.88805791588779	0.843605032729352	0.372041272613346	0.789515588748763
"All fibroblasts"	5	"ZNF503"	-0.349572519752066	7.19395220889253	0.850442944052687	0.372062777879544	0.789515588748763
"All fibroblasts"	5	"DNAJC2"	0.351515323835127	6.67588588792478	0.842990501528398	0.372561358816802	0.789758209274738
"All fibroblasts"	5	"PITRM1"	-0.41929992905214	6.06357462486081	0.845726310779102	0.372595924513644	0.789758209274738
"All fibroblasts"	5	"GBP2"	-0.28714796075582	8.385385198917	0.848409375434652	0.372713298164296	0.789758209274738
"All fibroblasts"	5	"PRPF38B"	-0.235956044026991	8.03247686899785	0.847974404108559	0.372840620693408	0.789758209274738
"All fibroblasts"	5	"FAM126B"	-0.496947846403661	5.68832403983473	0.841354750133895	0.373035709632121	0.789758209274738
"All fibroblasts"	5	"PITPNA"	0.320265206766638	6.69184768862154	0.845690582845467	0.373078088025575	0.789758209274738
"All fibroblasts"	5	"RRM2B"	-0.400829845846985	5.92103641852645	0.841070441144364	0.373125853806994	0.789758209274738
"All fibroblasts"	5	"TMEM109"	-0.282371389068843	6.81171509462345	0.842931017443843	0.373522968859598	0.789852543425204
"All fibroblasts"	5	"KANSL2"	-0.415116738017752	5.88871673411919	0.848481125048525	0.373814233663287	0.789852543425204
"All fibroblasts"	5	"SERTAD1"	0.49892601026979	6.65411135422359	0.84037553436819	0.374053967840083	0.789852543425204
"All fibroblasts"	5	"ARIH2"	0.329831660956429	6.77131840868537	0.841116564504389	0.374111044482811	0.789852543425204
"All fibroblasts"	5	"AGO1"	-0.317399493733774	6.28911594204693	0.843138017286428	0.374112062944753	0.789852543425204
"All fibroblasts"	5	"ARID5B"	0.259285940383726	8.52141933713152	0.842231493055509	0.374392823920915	0.789852543425204
"All fibroblasts"	5	"RIPOR1"	0.422281982006873	6.37181131064967	0.841096072796395	0.374591069210749	0.789852543425204
"All fibroblasts"	5	"ZMYM4"	-0.293986453505299	6.8460691228257	0.8381125795297	0.374747073477114	0.789852543425204
"All fibroblasts"	5	"FAM222B"	-0.351271183115252	6.21007598237123	0.845499658152377	0.374748280844272	0.789852543425204
"All fibroblasts"	5	"ENDOD1"	-0.500264424281736	5.85155183625797	0.836029387760794	0.375434418552098	0.789852543425204
"All fibroblasts"	5	"CTSZ"	0.296466650218937	6.83937882232429	0.835791543844193	0.375488903546855	0.789852543425204
"All fibroblasts"	5	"FOXP4"	0.414291953794359	5.8993219047827	0.831346575410916	0.375505111895295	0.789852543425204
"All fibroblasts"	5	"MRPL41"	0.439420208218912	6.95155545137914	0.838018187903753	0.375510683399289	0.789852543425204
"All fibroblasts"	5	"SAR1A"	0.237897576549143	7.70615104150202	0.838200796215148	0.375545200681494	0.789852543425204
"All fibroblasts"	5	"SBNO1"	-0.288210366385681	6.75643559846157	0.834644739584036	0.375766498805659	0.789852543425204
"All fibroblasts"	5	"DIXDC1"	-0.403473469417666	6.62541480268612	0.833440701016145	0.375856461607361	0.789852543425204
"All fibroblasts"	5	"FYN"	0.294877408712789	7.1753334636597	0.836914507998485	0.375876191082302	0.789852543425204
"All fibroblasts"	5	"VAMP7"	-0.329918427585933	6.32213095340906	0.835745006967956	0.375944660051064	0.789852543425204
"All fibroblasts"	5	"CHMP2B"	-0.321596715714454	6.69226680430306	0.835383134494534	0.37605786982952	0.789852543425204
"All fibroblasts"	5	"TOMM70"	-0.33393979979408	6.54934630891184	0.832121465806748	0.376335019603494	0.789852543425204
"All fibroblasts"	5	"CWC22"	-0.323555215072293	6.65771703255295	0.833849443470228	0.376342754407993	0.789852543425204
"All fibroblasts"	5	"HIST1H4C"	-0.437878814009524	6.82615020641764	0.832750096764942	0.376365961235967	0.789852543425204
"All fibroblasts"	5	"TSPYL1"	-0.366710886851989	6.97916522861609	0.83209530126063	0.376556136800339	0.789852543425204
"All fibroblasts"	5	"DHRS7"	0.251836450790798	7.6676606205988	0.833966448697029	0.376673842270859	0.789852543425204
"All fibroblasts"	5	"AFDN"	-0.308175366525098	6.48795103450977	0.828786406807441	0.37680957054038	0.789852543425204
"All fibroblasts"	5	"CEP104"	-0.435790571195558	5.96409922029014	0.827161007334108	0.37694542114349	0.789852543425204
"All fibroblasts"	5	"POLR2J"	0.445946357143534	6.78670821603984	0.831811075595232	0.376987402402614	0.789852543425204
"All fibroblasts"	5	"PTDSS1"	0.442142190090243	6.75795011000421	0.829930420752596	0.377029379220347	0.789852543425204
"All fibroblasts"	5	"KIAA2013"	0.371442212278223	6.29757697334335	0.831900543501052	0.377216017029755	0.789852543425204
"All fibroblasts"	5	"MBNL2"	-0.286699030319957	6.85581442918477	0.830108843022963	0.377311055905676	0.789852543425204
"All fibroblasts"	5	"ARHGEF6"	-0.366176182756475	6.41793257386058	0.835958478820658	0.377372486853573	0.789852543425204
"All fibroblasts"	5	"ATXN7"	0.4590297503377	6.12105130097598	0.823588360364159	0.377972131055413	0.790502548124535
"All fibroblasts"	5	"PIGM"	-0.336143940805884	6.302156364642	0.828136745144913	0.378089180356105	0.790502548124535
"All fibroblasts"	5	"CUX1"	0.245636937455878	7.51645059433726	0.828554711727055	0.378108570183515	0.790502548124535
"All fibroblasts"	5	"CIAO2A"	-0.389166971561807	6.0184684336103	0.824716143979189	0.378225691465798	0.790502548124535
"All fibroblasts"	5	"ZNF480"	-0.375329301921902	6.40186005429207	0.822314035643741	0.378771385943437	0.791359220470566
"All fibroblasts"	5	"RAB6A"	-0.281122876028304	6.87420092738714	0.823647775031172	0.379411321687665	0.791754052575158
"All fibroblasts"	5	"ULK2"	0.479382321533905	5.67809071233759	0.820114323631274	0.379473098919512	0.791754052575158
"All fibroblasts"	5	"MLEC"	0.259342173443218	7.71784030829551	0.823704076281835	0.379589718809229	0.791754052575158
"All fibroblasts"	5	"RFTN1"	-0.364601878878176	7.57480783608418	0.819917272554342	0.379595874836244	0.791754052575158
"All fibroblasts"	5	"GRIPAP1"	-0.389260734963217	6.05702374010102	0.821446122007265	0.379770639314894	0.791754052575158
"All fibroblasts"	5	"ADD1"	-0.271058530613828	8.61136540237434	0.822926688765759	0.379775626728602	0.791754052575158
"All fibroblasts"	5	"GALNT11"	-0.447418495560197	6.16633987467256	0.820608550154618	0.379955156491681	0.791845027495359
"All fibroblasts"	5	"MEG3"	-0.242432508477829	8.33781935626014	0.821703746749641	0.380130300499862	0.791926800505076
"All fibroblasts"	5	"PPTC7"	-0.344672874381775	6.40638377816143	0.820147232916735	0.380291692768718	0.791979876255655
"All fibroblasts"	5	"PPIC"	-0.258319263107859	7.50773439959039	0.820150590569757	0.380583316537099	0.792168403739212
"All fibroblasts"	5	"EP300"	-0.295596873937715	7.81195994279875	0.819141557664034	0.380654115405834	0.792168403739212
"All fibroblasts"	5	"MTA3"	-0.447868373554475	6.02419147195886	0.816899937731113	0.381154951338462	0.792927490699471
"All fibroblasts"	5	"CDK5RAP3"	0.426769343946385	6.17767118392926	0.811636297942079	0.381516664610884	0.793396718303933
"All fibroblasts"	5	"RARS2"	0.361785837229938	6.36703063507148	0.813240127573212	0.381963600521469	0.793827154881338
"All fibroblasts"	5	"CHCHD10"	-0.481511809153382	6.78254273376375	0.814644895884779	0.382104392464581	0.793827154881338
"All fibroblasts"	5	"MAN1A1"	-0.303473689986196	6.9942730551484	0.812127088989468	0.382132344163747	0.793827154881338
"All fibroblasts"	5	"VEGFB"	-0.294027605155737	7.40076925362448	0.811818851110257	0.382868861991086	0.794682692141459
"All fibroblasts"	5	"IFI6"	0.244184377754746	8.54451339177116	0.811717749062	0.382957276476268	0.794682692141459
"All fibroblasts"	5	"IWS1"	0.288295484588224	6.94191879156134	0.810908487840612	0.383123762750159	0.794682692141459
"All fibroblasts"	5	"TRIM4"	-0.331688710803579	6.34200394737079	0.815037923998782	0.383231835007069	0.794682692141459
"All fibroblasts"	5	"SAFB"	-0.365083795471048	6.3581077180135	0.805562725698907	0.383265291531595	0.794682692141459
"All fibroblasts"	5	"ZBTB40"	-0.340515120405161	6.09863305762173	0.806759812753273	0.383433380846922	0.794682692141459
"All fibroblasts"	5	"MAP2K2"	0.469866261729505	6.0853002111749	0.808900843076997	0.383498838218943	0.794682692141459
"All fibroblasts"	5	"NFKB1"	0.315746896696048	6.83674519891099	0.809136297650657	0.383739942505171	0.794787534155121
"All fibroblasts"	5	"DDX39B"	-0.306500927992796	6.80792531270363	0.805840950695138	0.38417787782825	0.794787534155121
"All fibroblasts"	5	"MZT2B"	0.335450464099831	6.47395533595467	0.806913048536767	0.384318158411024	0.794787534155121
"All fibroblasts"	5	"CCPG1"	-0.257832714647337	7.69783723780819	0.804710128929499	0.384361951807255	0.794787534155121
"All fibroblasts"	5	"ELL"	0.3878047170525	5.88476761535045	0.805758027859048	0.384435069987556	0.794787534155121
"All fibroblasts"	5	"KDM3B"	-0.389052597596482	6.04757280527654	0.810403997932349	0.384508418084422	0.794787534155121
"All fibroblasts"	5	"LAMTOR5"	0.288886913577388	7.19953663459464	0.806391818216605	0.38452024621984	0.794787534155121
"All fibroblasts"	5	"TMEM87B"	0.408004294475924	6.04807395847275	0.804219006206947	0.384789418109946	0.794787534155121
"All fibroblasts"	5	"SZRD1"	0.350058385779491	6.91020109227693	0.804148232950321	0.384850921924787	0.794787534155121
"All fibroblasts"	5	"ARMCX6"	0.450956094812733	6.28213273364284	0.805288836326614	0.384913406793504	0.794787534155121
"All fibroblasts"	5	"RBM22"	-0.256298369678978	7.42930138507352	0.803327435732349	0.385265552446099	0.795086101783524
"All fibroblasts"	5	"VPS39"	0.370752404663405	6.28956995223671	0.80228526497449	0.38533089950861	0.795086101783524
"All fibroblasts"	5	"FZD8"	0.414962116920774	6.0137918556079	0.801450246825541	0.38578989870265	0.795751412297466
"All fibroblasts"	5	"MAOA"	-0.456187466773242	5.94032878446408	0.798388508647765	0.386163333644743	0.796022586463117
"All fibroblasts"	5	"NAXD"	0.307565327473931	6.63997341229091	0.79875534580735	0.386306796361604	0.796022586463117
"All fibroblasts"	5	"DDX18"	0.25174467417566	7.38927923752532	0.799779046687319	0.386331195214981	0.796022586463117
"All fibroblasts"	5	"BRIX1"	-0.425716972061401	5.7169618212342	0.796087432039653	0.386717496863245	0.796536887317826
"All fibroblasts"	5	"HMGB2"	-0.369579495341075	7.03913582371562	0.795244586986659	0.387418470283962	0.797613748421478
"All fibroblasts"	5	"PARVA"	-0.215003727090171	8.58367717090428	0.795475445152106	0.38763054496479	0.797613748421478
"All fibroblasts"	5	"CCDC107"	0.502310024872923	6.15258533257356	0.789670934489903	0.387650958560087	0.797613748421478
"All fibroblasts"	5	"TAX1BP1"	0.23652520085131	8.37838331302111	0.793121735616387	0.38830349059423	0.79844832821849
"All fibroblasts"	5	"ELOVL5"	0.359124195917814	7.03007020123764	0.792495908530781	0.388330626766981	0.79844832821849
"All fibroblasts"	5	"AAGAB"	0.535667898820448	6.00430261369402	0.785227036600585	0.388685254324278	0.798783700379327
"All fibroblasts"	5	"TMEM176B"	0.195462244924567	10.5361142712267	0.791236547103203	0.388835080790384	0.798783700379327
"All fibroblasts"	5	"SPRED2"	-0.465393821211206	6.17810017642558	0.785141838458847	0.38943863130352	0.798783700379327
"All fibroblasts"	5	"UBFD1"	0.337489801303448	6.36594694641953	0.787504099325484	0.389447682902648	0.798783700379327
"All fibroblasts"	5	"TAGLN"	0.283346648075445	9.000079990957	0.789172580623779	0.389448774245983	0.798783700379327
"All fibroblasts"	5	"NIFK"	0.345791927775979	6.36196434946143	0.786760607827996	0.389485066112682	0.798783700379327
"All fibroblasts"	5	"HLA-C"	0.171504713137024	10.7485366577632	0.788883770773858	0.389521854026426	0.798783700379327
"All fibroblasts"	5	"LAMA2"	-0.269507978572393	8.16739140852782	0.788101170051916	0.389771118871672	0.798783700379327
"All fibroblasts"	5	"NACC2"	0.444962273420133	5.86656224077968	0.782381310235124	0.390065954628028	0.798783700379327
"All fibroblasts"	5	"POLR2B"	-0.315898450283052	6.85414525447584	0.786636579945347	0.390171421894239	0.798783700379327
"All fibroblasts"	5	"VPS26A"	-0.306965839362454	6.50950726723047	0.784182200625444	0.390264872269036	0.798783700379327
"All fibroblasts"	5	"USP3"	0.428088874989153	5.92020099315534	0.782300019688404	0.390302836992521	0.798783700379327
"All fibroblasts"	5	"GTPBP2"	0.426456823409836	6.12019815378801	0.782282815547198	0.390402136276556	0.798783700379327
"All fibroblasts"	5	"BMI1"	-0.338264345207103	6.39144031709763	0.781761088362954	0.390412901781418	0.798783700379327
"All fibroblasts"	5	"TMEM258"	0.227757045955406	8.608500909069	0.785143919846849	0.390644569503267	0.798977152157086
"All fibroblasts"	5	"ILK"	0.395040331550533	7.49638405063959	0.784048274942188	0.390964616833841	0.799155563012398
"All fibroblasts"	5	"CCDC66"	-0.419813442776226	6.31853892859882	0.783700778712211	0.391006094070422	0.799155563012398
"All fibroblasts"	5	"DBT"	-0.403557791881598	6.33769146803475	0.778179875770285	0.39150556679436	0.799781563889852
"All fibroblasts"	5	"DCP1A"	0.333955096182674	6.37265014986825	0.779065542753405	0.391871538352718	0.799781563889852
"All fibroblasts"	5	"ZCCHC7"	-0.369317487768776	6.41855569196206	0.778556766467827	0.391902589378323	0.799781563889852
"All fibroblasts"	5	"CYSTM1"	-0.429098947870479	6.71215927060877	0.780829200737131	0.391962133457316	0.799781563889852
"All fibroblasts"	5	"MTRNR2L3"	0.44107667350544	5.85016143233094	0.771881456239567	0.392192486971071	0.799781563889852
"All fibroblasts"	5	"LSM3"	-0.278505542815727	7.17924125323996	0.77828780026306	0.392636158978728	0.799781563889852
"All fibroblasts"	5	"STK38"	0.314930246105312	6.59780660216186	0.781856011443538	0.392774222620961	0.799781563889852
"All fibroblasts"	5	"CBFB"	0.416825924170904	6.16551906858339	0.772655027978665	0.393009556941855	0.799781563889852
"All fibroblasts"	5	"SRP19"	0.355154661623872	6.61690295557772	0.774042816172568	0.393137049190439	0.799781563889852
"All fibroblasts"	5	"RAB5B"	-0.238655722914448	8.28117855087224	0.776663858140641	0.393153201064284	0.799781563889852
"All fibroblasts"	5	"AGO2"	-0.323828992356651	7.05293588506825	0.776579381174345	0.393189069698963	0.799781563889852
"All fibroblasts"	5	"CBX5"	-0.244634191784727	7.48383892392877	0.77614405530522	0.393305797454479	0.799781563889852
"All fibroblasts"	5	"MCM3AP"	0.341958071501163	6.17719915960997	0.775243186381838	0.39339826830538	0.799781563889852
"All fibroblasts"	5	"ADAMTSL1"	-0.489515728544825	6.1022937193445	0.770198741477173	0.393487287968975	0.799781563889852
"All fibroblasts"	5	"FAM126A"	0.313633493753727	6.79725497696674	0.773520173466615	0.39354512489094	0.799781563889852
"All fibroblasts"	5	"TTC37"	-0.251156574474578	7.15005116179585	0.775260207895739	0.393591355870341	0.799781563889852
"All fibroblasts"	5	"DNMT1"	0.265516886615994	6.98234417457998	0.77483242841437	0.393645705377741	0.799781563889852
"All fibroblasts"	5	"VASN"	0.393674947559641	7.12662864695403	0.774124703685328	0.393837316354784	0.799891963192516
"All fibroblasts"	5	"CCT6A"	0.293378968784573	7.35169127411839	0.773097397857084	0.394189852919548	0.800135250794135
"All fibroblasts"	5	"DDR2"	-0.207584576576159	9.37533567529657	0.772607435057859	0.394339862302962	0.800135250794135
"All fibroblasts"	5	"LRP6"	-0.433176287969097	6.5714432827224	0.770830410979673	0.39439153948877	0.800135250794135
"All fibroblasts"	5	"ZNF639"	0.411089793893146	5.873622042763	0.77012376507227	0.394640468029149	0.800135250794135
"All fibroblasts"	5	"GALNT1"	-0.284554342117491	7.06563064285098	0.771245827694878	0.394653863496123	0.800135250794135
"All fibroblasts"	5	"PSMD13"	0.418525251681301	6.77941852044511	0.770645577611593	0.394780992969476	0.800135250794135
"All fibroblasts"	5	"CDK5RAP2"	0.328552003244832	6.10715462435245	0.765300748196498	0.395639651740812	0.801596749198091
"All fibroblasts"	5	"IPO5"	-0.293212099146908	7.09591168354065	0.764962990914749	0.395828944691059	0.801701515715954
"All fibroblasts"	5	"KIAA1143"	-0.275080542064527	6.84938045060216	0.766673099386532	0.395995785034635	0.801760750311611
"All fibroblasts"	5	"GCC2"	-0.232516841800503	7.86263953556168	0.765960339191886	0.396319789093611	0.801807377439085
"All fibroblasts"	5	"PTOV1"	0.357715922930861	6.93480713956142	0.765086336420103	0.396597160589297	0.801807377439085
"All fibroblasts"	5	"PRPF8"	0.28697707587698	7.20995301728322	0.764898443900389	0.396672468288095	0.801807377439085
"All fibroblasts"	5	"DIDO1"	-0.31736156686897	6.56838469116062	0.764410116710389	0.396724190783666	0.801807377439085
"All fibroblasts"	5	"TEAD2"	0.259184711306129	7.03498938188309	0.763023408118096	0.396917758707255	0.801807377439085
"All fibroblasts"	5	"JPT2"	0.340865179906925	6.1490280256078	0.760477422301663	0.397130099916362	0.801807377439085
"All fibroblasts"	5	"NNT-AS1"	-0.475584492648947	5.71230094398771	0.761165428007751	0.397162678452569	0.801807377439085
"All fibroblasts"	5	"AIP"	0.424575824273452	6.53278965953915	0.760057674007675	0.397435033053644	0.801807377439085
"All fibroblasts"	5	"RPP14"	-0.341264934093173	6.04241293268788	0.761479507894568	0.397474286996619	0.801807377439085
"All fibroblasts"	5	"CRTAP"	-0.205985662224755	9.52667484493753	0.76009806980578	0.398087902192092	0.801807377439085
"All fibroblasts"	5	"ACVRL1"	0.293697190673471	7.02537555702094	0.760240524856976	0.398096679733346	0.801807377439085
"All fibroblasts"	5	"NUDT3"	-0.227849961736658	8.19366789999082	0.759061388698071	0.398403787760019	0.801807377439085
"All fibroblasts"	5	"RND3"	0.264758136192786	8.35537457837452	0.757896471409114	0.398726709230714	0.801807377439085
"All fibroblasts"	5	"SVEP1"	-0.306094369482505	7.60851678612414	0.757539152238279	0.398786561736092	0.801807377439085
"All fibroblasts"	5	"USF2"	0.357778804379453	6.67509479732174	0.754154663535949	0.398936116022287	0.801807377439085
"All fibroblasts"	5	"SIN3B"	0.399454382824877	6.40488727496902	0.754655339898801	0.399204432872558	0.801807377439085
"All fibroblasts"	5	"NFATC2IP"	0.261328225046868	7.07658190891422	0.756259691854631	0.399306207475583	0.801807377439085
"All fibroblasts"	5	"DHRS4-AS1"	-0.443418334459327	5.83145130345383	0.753481046328325	0.399325636609945	0.801807377439085
"All fibroblasts"	5	"SGPL1"	0.348336689828943	6.49223062536288	0.754717385682283	0.399481455773822	0.801807377439085
"All fibroblasts"	5	"GAPVD1"	0.296805775250594	6.42995911243007	0.750691175200064	0.399646472800321	0.801807377439085
"All fibroblasts"	5	"TMEM219"	0.308784360551966	7.7642418569009	0.754642746389385	0.399778562355355	0.801807377439085
"All fibroblasts"	5	"UBTF"	-0.273825745448169	7.03863105384848	0.754199561718037	0.399881869251776	0.801807377439085
"All fibroblasts"	5	"LURAP1L"	-0.43483702145156	5.86385031041939	0.751315459144108	0.399887192529043	0.801807377439085
"All fibroblasts"	5	"TIMM9"	-0.338648119192626	5.94603330208407	0.749170509183643	0.399890450984467	0.801807377439085
"All fibroblasts"	5	"DERL1"	0.264364526195537	7.04639403472135	0.752695613698465	0.399974632906919	0.801807377439085
"All fibroblasts"	5	"FUNDC2"	0.257252959253621	7.463768713044	0.751915418686535	0.400352859585756	0.801807377439085
"All fibroblasts"	5	"ADH5"	-0.222351368049508	8.54249306531752	0.752472060956464	0.400421355697495	0.801807377439085
"All fibroblasts"	5	"ZNF664"	0.319227221063997	6.42253001630162	0.752011501295803	0.400457062947022	0.801807377439085
"All fibroblasts"	5	"ARGLU1"	-0.239603373009243	8.55881005792104	0.752208640581304	0.400505124698084	0.801807377439085
"All fibroblasts"	5	"RASL12"	0.441880032667464	5.96665440513226	0.746706568461024	0.400512520162255	0.801807377439085
"All fibroblasts"	5	"SNX27"	-0.309459462263678	6.38338537845485	0.751013331818766	0.40059019193945	0.801807377439085
"All fibroblasts"	5	"SDHA"	0.398951125247454	6.33680817496748	0.750313580200865	0.400665763613982	0.801807377439085
"All fibroblasts"	5	"SAP30L"	-0.299876706735201	6.74744803822518	0.751076817364153	0.400742767728168	0.801807377439085
"All fibroblasts"	5	"APCDD1"	-0.28695528658599	8.10870113732285	0.751156464536205	0.400786532831096	0.801807377439085
"All fibroblasts"	5	"GCN1"	0.375248007368665	6.49296007868594	0.746726071759801	0.401042104887357	0.801807377439085
"All fibroblasts"	5	"CASP8"	0.336296131816861	6.15133327971838	0.748736332329464	0.401047249252908	0.801807377439085
"All fibroblasts"	5	"CLCA1"	-0.639970525491932	7.03832106417564	0.749921648670972	0.40119161355721	0.801807377439085
"All fibroblasts"	5	"RAD17"	-0.377319940541684	5.91898893352948	0.747276459088183	0.401562324025257	0.801807377439085
"All fibroblasts"	5	"SNX3"	-0.227815073240224	8.73425095919455	0.748253221826918	0.401712793861342	0.801807377439085
"All fibroblasts"	5	"TUSC1"	-0.340630688582174	5.98555016860784	0.745398357509018	0.402160385919395	0.801807377439085
"All fibroblasts"	5	"VTA1"	0.478434333005015	5.87325766736722	0.741869771733893	0.402166900190639	0.801807377439085
"All fibroblasts"	5	"CEP135"	0.393430653982438	5.87936343633605	0.743535001671181	0.402213649787383	0.801807377439085
"All fibroblasts"	5	"LDOC1"	-0.344556100387271	5.96568160564614	0.740908390198412	0.402447065464811	0.801807377439085
"All fibroblasts"	5	"CAPN7"	0.378544638089555	6.11168724146378	0.745099436763726	0.402448323452556	0.801807377439085
"All fibroblasts"	5	"AUTS2"	-0.337803089409531	6.54759974005502	0.744164320184828	0.402515883228721	0.801807377439085
"All fibroblasts"	5	"SND1"	0.229200821678754	7.45256706643329	0.745399325696954	0.402587017884223	0.801807377439085
"All fibroblasts"	5	"DICER1"	-0.249271411613871	7.19395127314894	0.745317605830658	0.402591000327613	0.801807377439085
"All fibroblasts"	5	"MSRB2"	0.332352960494839	6.18870385816499	0.743801884776303	0.402706238703743	0.801807377439085
"All fibroblasts"	5	"EIF3G"	0.339780905152738	7.392870778592	0.744703389311092	0.402819005324111	0.801807377439085
"All fibroblasts"	5	"ISG20L2"	0.272651415451625	6.75782590438798	0.742507603548227	0.402898919022077	0.801807377439085
"All fibroblasts"	5	"PPP1R12C"	0.410433247150058	6.09677922821143	0.74319428491708	0.403070856529261	0.801875684874019
"All fibroblasts"	5	"RBM39"	-0.234115047623438	9.1537976428861	0.743100378380309	0.403280602988221	0.80201913775166
"All fibroblasts"	5	"CDK13"	-0.333465836757451	6.93533432831221	0.741894418621009	0.403561064869573	0.802049764391449
"All fibroblasts"	5	"KHSRP"	0.23147178626464	7.99796053537043	0.741968897647425	0.403662472527627	0.802049764391449
"All fibroblasts"	5	"FRG1"	-0.282282536056832	6.79387154356676	0.740416223376615	0.404014086513371	0.802049764391449
"All fibroblasts"	5	"CSTB"	-0.25390941911926	8.16995022857184	0.740486830811209	0.404105666624986	0.802049764391449
"All fibroblasts"	5	"ARL3"	0.283818814867976	7.02456587803992	0.739239998763696	0.404205416032182	0.802049764391449
"All fibroblasts"	5	"NDUFB1"	0.250342998625091	7.5816312646173	0.740129272335597	0.404241399914648	0.802049764391449
"All fibroblasts"	5	"POLDIP2"	0.561049738829873	5.97788162925392	0.73567900281386	0.404526784720156	0.802049764391449
"All fibroblasts"	5	"ATP8B2"	-0.452582907101382	6.09999051224498	0.738935924587504	0.404575660410567	0.802049764391449
"All fibroblasts"	5	"AKAP11"	0.317888939162679	7.29366546447507	0.738655557140293	0.404645520064981	0.802049764391449
"All fibroblasts"	5	"IER3IP1"	-0.394148896378492	6.17883344059099	0.733906573698094	0.404713763929326	0.802049764391449
"All fibroblasts"	5	"LAMTOR4"	-0.381820304743878	7.07178124440597	0.736557662212469	0.404834877213599	0.802049764391449
"All fibroblasts"	5	"CAPRIN1"	-0.312960294011436	7.26588219228257	0.734268993052999	0.40494772727641	0.802049764391449
"All fibroblasts"	5	"ZNF292"	-0.259671606682825	7.17477677359409	0.736138348404722	0.405286920422725	0.802371792273588
"All fibroblasts"	5	"IFI16"	0.229021940642791	8.87765967539219	0.736055155889142	0.405477523322623	0.802371792273588
"All fibroblasts"	5	"KMT2A"	-0.239881061142174	7.66456265194301	0.733811495084821	0.405610676998639	0.802371792273588
"All fibroblasts"	5	"RSL1D1"	-0.254920699823179	8.32899293728102	0.735093196188218	0.405776773117488	0.802371792273588
"All fibroblasts"	5	"SETDB1"	-0.347381131794252	5.81636691253266	0.729879288293729	0.406409523950529	0.802371792273588
"All fibroblasts"	5	"UPF1"	0.365353296508787	6.13596781543221	0.730929452653823	0.406447140926417	0.802371792273588
"All fibroblasts"	5	"PTK7"	0.325754339185036	6.83677418499508	0.731917582010203	0.406547224335711	0.802371792273588
"All fibroblasts"	5	"PAIP1"	-0.270904892747512	6.88389520931863	0.72872796486917	0.406602283453008	0.802371792273588
"All fibroblasts"	5	"SORD"	-0.319202075831025	6.11599777301521	0.730563643371885	0.406890123840221	0.802371792273588
"All fibroblasts"	5	"PDGFRA"	-0.189710173056126	10.0653278121099	0.731139709192094	0.406987085793589	0.802371792273588
"All fibroblasts"	5	"RBSN"	-0.475464297951778	5.82547208320415	0.725308149013729	0.407290869595816	0.802371792273588
"All fibroblasts"	5	"IREB2"	0.321115804719177	6.3212750001939	0.728598436232112	0.407438598363288	0.802371792273588
"All fibroblasts"	5	"STX5"	0.388729758233006	6.0540151078161	0.725982678453214	0.407532726732759	0.802371792273588
"All fibroblasts"	5	"PSD3"	-0.268509646115218	7.71949401983833	0.729498896032916	0.407535163755618	0.802371792273588
"All fibroblasts"	5	"KAZN"	0.317979456123418	6.41248155093816	0.726937421978166	0.407555762486987	0.802371792273588
"All fibroblasts"	5	"KLF6"	0.219634256599173	8.83083271224972	0.729356133511596	0.407565715890934	0.802371792273588
"All fibroblasts"	5	"HIST1H2AC"	0.45110209433748	6.11441001099924	0.723471623308118	0.407753387224369	0.802371792273588
"All fibroblasts"	5	"SARS"	0.272156074568341	7.08180991159055	0.728300569116673	0.407906484112691	0.802371792273588
"All fibroblasts"	5	"RMDN3"	-0.406830678737434	5.9412481564522	0.723722886006083	0.408253899599066	0.802371792273588
"All fibroblasts"	5	"POR"	0.422641145494578	6.24363849073235	0.724336142461462	0.40836682878344	0.802371792273588
"All fibroblasts"	5	"UTP6"	0.331172523435599	6.10700510113971	0.724234149093843	0.408369985697673	0.802371792273588
"All fibroblasts"	5	"ATG2B"	-0.328385879932941	5.98066734725156	0.722885206359663	0.408522169257464	0.802371792273588
"All fibroblasts"	5	"CHMP4B"	-0.233311198001051	7.85280605841954	0.726168793396881	0.4085304907588	0.802371792273588
"All fibroblasts"	5	"BTG3"	0.368487441763457	6.36212638381927	0.72984333994905	0.408543557673126	0.802371792273588
"All fibroblasts"	5	"IGF2"	0.446575854046965	8.3069527443489	0.726257394907118	0.408552790059333	0.802371792273588
"All fibroblasts"	5	"PPP1R15A"	0.484416539457412	9.08568373813358	0.724777471206869	0.40902289770063	0.802792955405149
"All fibroblasts"	5	"NDUFA4"	-0.193027857753967	9.58544960786782	0.724306564865266	0.409149912686354	0.802792955405149
"All fibroblasts"	5	"CCL7"	0.388530891535258	6.23446778993519	0.727555989710266	0.409180552180074	0.802792955405149
"All fibroblasts"	5	"FOXQ1"	0.440520589188451	6.07341104629666	0.71812512041164	0.409435799114997	0.803023359624062
"All fibroblasts"	5	"TST"	0.332181636746611	6.95896396621	0.720781738757018	0.410280984286452	0.804410260914251
"All fibroblasts"	5	"TERF2IP"	-0.227848732927246	8.7469160294358	0.719893910292452	0.410544688635615	0.804526406935448
"All fibroblasts"	5	"FAM89A"	0.342053275918156	6.36275938363313	0.717151243898255	0.4106163607733	0.804526406935448
"All fibroblasts"	5	"RTF1"	0.296719271576215	7.35952849635035	0.719100166872376	0.410802628729112	0.804620812640179
"All fibroblasts"	5	"MBD4"	0.334474765750912	6.89923265504212	0.71683472042541	0.410959883431229	0.804658347027476
"All fibroblasts"	5	"SMAP2"	0.309520048240256	6.84656517395324	0.721290012560123	0.411180800233339	0.804820464548091
"All fibroblasts"	5	"ZNF302"	-0.334127940545628	6.16154291034318	0.714383199824199	0.411480353948967	0.80503337448745
"All fibroblasts"	5	"TRIM13"	-0.315912930958449	6.6191721720312	0.715426936371207	0.411914852013656	0.80503337448745
"All fibroblasts"	5	"CXXC1"	0.394357458729993	6.40070231138473	0.710661333608772	0.411999114195955	0.80503337448745
"All fibroblasts"	5	"UFD1"	0.347182137796789	6.47017795882101	0.71491054925497	0.412060166097374	0.80503337448745
"All fibroblasts"	5	"TRIM47"	0.320860065062416	6.51818735289591	0.714292235984253	0.41211759487669	0.80503337448745
"All fibroblasts"	5	"MED1"	-0.322179905800554	6.63679356754529	0.710432694966824	0.412317340575037	0.80503337448745
"All fibroblasts"	5	"CDC42EP4"	0.314939158688666	6.67915234093928	0.712697027496399	0.412350829713825	0.80503337448745
"All fibroblasts"	5	"SLC35B1"	0.335653915672104	6.30863858310013	0.708052283249954	0.413175995084	0.80503337448745
"All fibroblasts"	5	"MPHOSPH10"	-0.284423286456065	6.9786012405476	0.711040724466249	0.41334304653996	0.80503337448745
"All fibroblasts"	5	"BHLHE40"	0.310516597629312	7.7450023233934	0.711155675118833	0.41335891478548	0.80503337448745
"All fibroblasts"	5	"HMGXB4"	-0.313094620698912	6.19536081880251	0.709803935293061	0.413415773413887	0.80503337448745
"All fibroblasts"	5	"CCNT1"	-0.394328802551405	6.5618514031726	0.70968571076	0.413426817962767	0.80503337448745
"All fibroblasts"	5	"GSR"	0.38067388047481	6.02427581850978	0.708813430676219	0.413462004216169	0.80503337448745
"All fibroblasts"	5	"LNPK"	-0.357979379921253	6.29793528185026	0.707342270922275	0.413540574792711	0.80503337448745
"All fibroblasts"	5	"CAV2"	0.361899091468882	6.82470067212884	0.707554899811265	0.41362282602799	0.80503337448745
"All fibroblasts"	5	"PPT1"	-0.221331240904507	7.47312543321959	0.710301550775849	0.413627739498231	0.80503337448745
"All fibroblasts"	5	"UBA52"	0.203290361376044	9.82710263746722	0.709932150182847	0.413705779417544	0.80503337448745
"All fibroblasts"	5	"CCS"	0.441383620693697	5.93809905446721	0.707237892158638	0.413776378340469	0.80503337448745
"All fibroblasts"	5	"DCUN1D1"	0.333138110748553	6.02078419385547	0.705508492860866	0.414232923747538	0.805416271244236
"All fibroblasts"	5	"BRPF3"	0.398804046326018	6.0075178219303	0.707167935861751	0.414249625007547	0.805416271244236
"All fibroblasts"	5	"CSGALNACT2"	0.312543561477391	6.81661202147593	0.707346603999015	0.414494789786427	0.805527014380141
"All fibroblasts"	5	"YME1L1"	-0.232922827911101	7.77275647974446	0.706367474582032	0.414885893501079	0.805527014380141
"All fibroblasts"	5	"PAFAH1B2"	-0.275818121273632	7.29642330784882	0.708729448884198	0.415191790584498	0.805527014380141
"All fibroblasts"	5	"TMEM51"	0.397668945692384	5.94499203832784	0.701380488176651	0.41521914474922	0.805527014380141
"All fibroblasts"	5	"RIF1"	-0.237770605940148	7.31819691630328	0.70358255990622	0.415580196822714	0.805527014380141
"All fibroblasts"	5	"PRNP"	-0.212797535091274	8.61750916286132	0.702512886427569	0.416125278374616	0.805527014380141
"All fibroblasts"	5	"PLD1"	-0.370163136373294	6.25395480584878	0.700792062415737	0.416179305216084	0.805527014380141
"All fibroblasts"	5	"CA12"	0.564769409419854	7.09569157166075	0.701550703827872	0.416181768547003	0.805527014380141
"All fibroblasts"	5	"FKBP14"	0.320343406173614	6.62891466510122	0.701597979052377	0.416387742894991	0.805527014380141
"All fibroblasts"	5	"LAPTM4A"	-0.179554705004407	9.74329238142171	0.701495862417459	0.416428338051314	0.805527014380141
"All fibroblasts"	5	"SRSF11"	-0.239625186047778	9.18897298728814	0.701452607499976	0.416451647521121	0.805527014380141
"All fibroblasts"	5	"WBP11"	-0.281616041051575	7.34442854430638	0.701377988519304	0.416494623479593	0.805527014380141
"All fibroblasts"	5	"RNF220"	0.306128032711498	6.35548985409652	0.700662216352287	0.416498977236496	0.805527014380141
"All fibroblasts"	5	"SNW1"	0.266432613963096	7.16223745903129	0.700636589177537	0.41661778962848	0.805527014380141
"All fibroblasts"	5	"HSPE1"	0.275623743533451	7.21378156728925	0.700485717983488	0.416660042210723	0.805527014380141
"All fibroblasts"	5	"CBX6"	0.233567128186216	7.86034778080691	0.700802336098629	0.416681605931572	0.805527014380141
"All fibroblasts"	5	"EDEM1"	0.335769170191005	6.17058443777676	0.698858823307951	0.416710840344979	0.805527014380141
"All fibroblasts"	5	"MMADHC"	0.325832072546104	7.14012201673874	0.700363566032909	0.416794911336215	0.805527014380141
"All fibroblasts"	5	"RBBP7"	-0.232801599057285	7.81742266522805	0.699057306632388	0.417241728701542	0.805741567633339
"All fibroblasts"	5	"FYTTD1"	-0.317175408441347	6.8122245343365	0.701807983367261	0.417444827295019	0.805741567633339
"All fibroblasts"	5	"TMEM69"	-0.407401965006995	5.79866592216089	0.697216568615983	0.41746165004089	0.805741567633339
"All fibroblasts"	5	"G3BP1"	-0.227885761095626	8.07789189881779	0.697968432009287	0.417603915419242	0.805741567633339
"All fibroblasts"	5	"ACIN1"	0.233248444441327	7.60358850738284	0.697895694875166	0.417642877203584	0.805741567633339
"All fibroblasts"	5	"TXNL1"	-0.255251642549213	7.45869206258864	0.697070969698809	0.417735588779873	0.805741567633339
"All fibroblasts"	5	"BCAP29"	-0.257647447084439	7.13023203217876	0.695916831407276	0.418252549731339	0.806461328423972
"All fibroblasts"	5	"UBR5"	-0.274675724568349	6.82368653341133	0.694827243084675	0.418385549309364	0.806461328423972
"All fibroblasts"	5	"MOCS2"	-0.243167736379667	7.44848151092846	0.694230002457238	0.418840312191163	0.807070932254599
"All fibroblasts"	5	"BLOC1S1"	0.321065231594088	6.42012845433177	0.691226185377702	0.419574042559901	0.808217502808775
"All fibroblasts"	5	"TRAK1"	-0.425346369758102	5.87284372290688	0.686785288068871	0.419980914562053	0.808606926428393
"All fibroblasts"	5	"RNASEH2C"	0.324998194885722	6.57335367604417	0.689039543124661	0.420055013711196	0.808606926428393
"All fibroblasts"	5	"PCBP1"	0.199581329455484	8.70347781798084	0.690017990965564	0.420192512995568	0.808606926428393
"All fibroblasts"	5	"COPRS"	0.331135123711978	6.43732506088309	0.684800021471376	0.420396612672039	0.808732605493553
"All fibroblasts"	5	"RMDN1"	-0.422392740637266	5.78522651019186	0.684653517381196	0.420728491017647	0.808811028851529
"All fibroblasts"	5	"SNX1"	-0.221321436455786	7.41306339191656	0.687784104006819	0.420914793737528	0.808811028851529
"All fibroblasts"	5	"TAF1"	-0.291609949340682	6.5100146202362	0.686849424207378	0.420915545408685	0.808811028851529
"All fibroblasts"	5	"ODF2"	-0.369883396033454	6.17459604143456	0.686655575349996	0.420992594904185	0.808811028851529
"All fibroblasts"	5	"NDUFS4"	-0.288564338349715	7.05787633064849	0.686648139511038	0.421330733256574	0.808843050601003
"All fibroblasts"	5	"CHTF8"	0.255765065686926	7.03496719889733	0.686477647101575	0.421386336816234	0.808843050601003
"All fibroblasts"	5	"IFT74"	-0.374773210269227	5.91694643740796	0.689471642771717	0.42142569102877	0.808843050601003
"All fibroblasts"	5	"FAM107A"	-0.426925131644745	7.28099170501875	0.68174597432391	0.421773930533017	0.808848680448012
"All fibroblasts"	5	"ZC3H15"	0.221879801701864	7.67589460333871	0.685013799049192	0.42186656471048	0.808848680448012
"All fibroblasts"	5	"STOM"	0.239717684695857	8.6304081175162	0.68444894920592	0.422032546149855	0.808848680448012
"All fibroblasts"	5	"MARCH7"	-0.268046029224271	6.73651804005855	0.681791600315375	0.422051193101976	0.808848680448012
"All fibroblasts"	5	"ERO1A"	0.270467728874532	6.94562798347054	0.683025814886569	0.422258195599948	0.808848680448012
"All fibroblasts"	5	"PKDCC"	-0.310719269902333	7.97630063553202	0.683058085581836	0.422502504745227	0.808848680448012
"All fibroblasts"	5	"LMAN1"	0.250404930433416	7.99912237653296	0.683041431190163	0.422512692686763	0.808848680448012
"All fibroblasts"	5	"RAB35"	0.39019644502363	5.85447867259898	0.679348142117504	0.42253910816608	0.808848680448012
"All fibroblasts"	5	"RSPRY1"	0.328343981095994	6.46913175258254	0.681339820873093	0.422803915891997	0.809089792414669
"All fibroblasts"	5	"PHPT1"	0.395820047731439	6.71462708167812	0.679846766681308	0.423160941839561	0.809246682671587
"All fibroblasts"	5	"GNL2"	-0.391154667437697	6.02680560748494	0.680363730718925	0.423163659190034	0.809246682671587
"All fibroblasts"	5	"MRPS25"	0.375872567517369	6.23863778042148	0.677128171713738	0.423632869158262	0.809654426663088
"All fibroblasts"	5	"ALYREF"	0.266517013430776	6.81299896327432	0.678875266379715	0.423905993788971	0.809654426663088
"All fibroblasts"	5	"UBXN2A"	0.266055847246234	6.64619765129469	0.678020591913155	0.423910378622764	0.809654426663088
"All fibroblasts"	5	"GRPEL1"	0.341788353850437	5.96247519201214	0.674040374023561	0.424288036446496	0.809654426663088
"All fibroblasts"	5	"PRKAA1"	-0.299062066187532	6.52576046129889	0.676586652349221	0.424318913811701	0.809654426663088
"All fibroblasts"	5	"PSMB2"	0.239281265730382	7.63093384710128	0.677260481783441	0.424413560450184	0.809654426663088
"All fibroblasts"	5	"SETX"	0.253730025522921	7.48883215911856	0.675382553777814	0.424526885262651	0.809654426663088
"All fibroblasts"	5	"MAP2K3"	0.47280369294026	5.67471411103459	0.674652064669139	0.424642983257098	0.809654426663088
"All fibroblasts"	5	"RTF2"	0.250054728767308	6.94274761222181	0.674561985532754	0.424647352655119	0.809654426663088
"All fibroblasts"	5	"ARFRP1"	0.397337214662578	6.19421242392444	0.673356130967074	0.424766360444321	0.809654426663088
"All fibroblasts"	5	"PDPK1"	-0.35574149344672	5.85520404134014	0.678419423519207	0.425074093867443	0.809976044789272
"All fibroblasts"	5	"TBC1D2B"	0.222999953459585	7.70470394064756	0.674438207157509	0.425392717700289	0.810318197463087
"All fibroblasts"	5	"UBE2G1"	0.301819622140672	6.58336637106729	0.671681383000653	0.425593326185117	0.810435395974077
"All fibroblasts"	5	"GIT2"	-0.318317814396315	6.59089181205708	0.668850705728541	0.426216004936937	0.811355981956071
"All fibroblasts"	5	"TTC14"	0.285636801907677	7.22304986048452	0.671537156341662	0.426366132784728	0.811376700109931
"All fibroblasts"	5	"GUCY1B1"	-0.342169042600911	6.2350091953872	0.669578493695779	0.42655841794001	0.811477604092862
"All fibroblasts"	5	"EMC4"	-0.222692311413316	7.7117672820102	0.669882443277697	0.426856693962734	0.811780011658241
"All fibroblasts"	5	"SEL1L"	-0.234651339999861	7.45126417780578	0.667218353058773	0.427751610739602	0.81313294839249
"All fibroblasts"	5	"PLGRKT"	-0.410814409624497	5.82118434094038	0.665554675979332	0.42784719748951	0.81313294839249
"All fibroblasts"	5	"ISY1"	0.31330165254566	6.27166225818839	0.665210284467415	0.428268429312199	0.81363444720061
"All fibroblasts"	5	"TAF2"	0.340259892189302	5.94400447422964	0.662668547566262	0.428390335337476	0.81363444720061
"All fibroblasts"	5	"CELF2"	-0.266968094261486	7.66117073769853	0.664627468438041	0.428692135876805	0.813878697514355
"All fibroblasts"	5	"SPEN"	-0.228351553273735	7.39292243096169	0.664189813503745	0.428798284085991	0.813878697514355
"All fibroblasts"	5	"MCM3"	-0.387387726136264	5.94469325603457	0.658426544124333	0.429235306933829	0.814442895963342
"All fibroblasts"	5	"OTUD4"	0.375145999964489	6.12969940168222	0.660148674448324	0.429422192887302	0.814532264959085
"All fibroblasts"	5	"PHC1"	-0.249177064204263	7.14444446307479	0.661916919363674	0.429592489328091	0.814590118878876
"All fibroblasts"	5	"FERMT2"	0.245133923794922	7.75558773816676	0.659690194113166	0.430263318121503	0.815344919627912
"All fibroblasts"	5	"LDB1"	-0.286538173796306	6.96153523964487	0.659076032806384	0.43030726550215	0.815344919627912
"All fibroblasts"	5	"IVD"	0.365403300510887	6.05224696234875	0.655027128928169	0.430606825654927	0.815344919627912
"All fibroblasts"	5	"MPHOSPH8"	-0.237315162190252	7.96779169887348	0.658504205395098	0.430768153418565	0.815344919627912
"All fibroblasts"	5	"KDELR3"	0.409382601209915	6.00425838590507	0.652411837521542	0.430958910423597	0.815344919627912
"All fibroblasts"	5	"PRRC1"	-0.270317850523618	6.53086609166504	0.657581078104689	0.431048739759522	0.815344919627912
"All fibroblasts"	5	"ARHGEF11"	0.319018400700253	6.00029839150519	0.655660822979884	0.431167413424957	0.815344919627912
"All fibroblasts"	5	"REV1"	-0.325602829116319	6.35376969945717	0.656428939115379	0.431230600620536	0.815344919627912
"All fibroblasts"	5	"OXA1L"	-0.214942390214122	7.70161044288619	0.656994760029562	0.431249878546975	0.815344919627912
"All fibroblasts"	5	"GNG12"	-0.205207610863507	8.47031453987763	0.656552456801921	0.431430932814011	0.815417843545507
"All fibroblasts"	5	"MEF2D"	0.27265949655575	6.91582733326941	0.655993315396253	0.431612492505422	0.815417843545507
"All fibroblasts"	5	"METTL26"	0.427894903177218	6.81596647976201	0.653740542530804	0.431776865458575	0.815417843545507
"All fibroblasts"	5	"PYURF"	-0.277511479516137	7.36274770005673	0.655074264073586	0.431961748338839	0.815417843545507
"All fibroblasts"	5	"CAVIN3"	0.285533102247333	7.55961525677084	0.654991885502651	0.431988138497508	0.815417843545507
"All fibroblasts"	5	"PSMD5"	0.3493855328048	6.39862951559884	0.65371276225821	0.432315428483964	0.8156869046315
"All fibroblasts"	5	"MAP3K20"	0.214317445084668	8.113687844015	0.653741434324564	0.432410648430874	0.8156869046315
"All fibroblasts"	5	"IPO9"	0.295895282904259	7.04077836380373	0.648426856347127	0.433047391695263	0.816225480028942
"All fibroblasts"	5	"TRAC"	0.380543987603278	6.50882025938034	0.651420093679415	0.433120348989648	0.816225480028942
"All fibroblasts"	5	"FAM91A1"	0.459130188827728	5.88504450152331	0.649440836237094	0.433211270229772	0.816225480028942
"All fibroblasts"	5	"TMEM33"	0.336732375816133	6.38617940338264	0.650982877997985	0.433256462970571	0.816225480028942
"All fibroblasts"	5	"CMPK1"	-0.228792140070366	7.2983989363499	0.650513496278905	0.433452072120043	0.816330066012763
"All fibroblasts"	5	"PCMTD1"	0.241490307569617	7.40142499131478	0.649848836984155	0.433670213343955	0.816477005865986
"All fibroblasts"	5	"NCOA1"	-0.321457800102455	6.72900073514926	0.645382740147467	0.434205007140826	0.816681059793181
"All fibroblasts"	5	"HCG18"	-0.268287768278132	6.61270846126846	0.646987920500019	0.434264847651812	0.816681059793181
"All fibroblasts"	5	"NUB1"	-0.246226321085358	7.56900754796205	0.648066446821251	0.434373081678369	0.816681059793181
"All fibroblasts"	5	"TXLNG"	-0.344344763471818	5.94190127088534	0.645980776877658	0.434574386035713	0.816681059793181
"All fibroblasts"	5	"RAB8A"	0.277158490435502	6.53153610807313	0.646894796905264	0.434809274930457	0.816681059793181
"All fibroblasts"	5	"CAST"	-0.228431887184519	8.74753473598706	0.646375823468393	0.43493798066828	0.816681059793181
"All fibroblasts"	5	"TRIM56"	0.252892088520981	7.94671450468872	0.64625364765105	0.434988029071714	0.816681059793181
"All fibroblasts"	5	"SMURF2"	-0.323493410488314	6.25026064763721	0.645057981005909	0.435010538401196	0.816681059793181
"All fibroblasts"	5	"ECHS1"	0.352818287152202	6.61771857128314	0.645721375889169	0.435039987917974	0.816681059793181
"All fibroblasts"	5	"TIMM17A"	0.359435124815174	6.42046945397672	0.639756274536022	0.435574093380577	0.816941654379408
"All fibroblasts"	5	"TCEAL3"	0.282989397256394	7.04898115765536	0.643819456339255	0.435643166175855	0.816941654379408
"All fibroblasts"	5	"PTPRK"	-0.259650584372527	6.98645915874834	0.643446896536402	0.435795066418941	0.816941654379408
"All fibroblasts"	5	"OGFOD3"	0.355127502064211	5.84290936136337	0.641847235049409	0.435920254551079	0.816941654379408
"All fibroblasts"	5	"LARP7"	-0.267513393418766	7.55597863393285	0.643232883034563	0.436039253527595	0.816941654379408
"All fibroblasts"	5	"C8orf59"	-0.250377000807071	7.08740759558737	0.643014368135143	0.436108381656476	0.816941654379408
"All fibroblasts"	5	"RANBP9"	0.36535519632021	6.29319748200166	0.63930705667141	0.436160200235857	0.816941654379408
"All fibroblasts"	5	"MBTPS2"	0.36431253823988	5.78694573786484	0.641108552490711	0.436377472088542	0.817085967178642
"All fibroblasts"	5	"GTF2F1"	0.245785651257638	6.88601889205768	0.638773494940909	0.436821154492904	0.817468597676018
"All fibroblasts"	5	"TIMM8B"	0.389127235017989	6.28166177692315	0.639916530535529	0.436862401435236	0.817468597676018
"All fibroblasts"	5	"ZMYM2"	-0.336232988051169	6.60411286783431	0.637851894647604	0.437404436677877	0.817977513484922
"All fibroblasts"	5	"IMMT"	-0.284449624540352	6.38912646456495	0.638636558508111	0.437415124767293	0.817977513484922
"All fibroblasts"	5	"SHMT2"	0.362712283635246	6.22338722781947	0.636571894591061	0.437644221292438	0.818140724430951
"All fibroblasts"	5	"SLC9A3R2"	0.280759463395674	7.64286655743254	0.637993498691006	0.437894414337008	0.818140724430951
"All fibroblasts"	5	"TERF1"	-0.263420111941769	6.69728144425163	0.636629504010828	0.437923617556227	0.818140724430951
"All fibroblasts"	5	"PIK3C2A"	0.279850878663333	6.58067301619734	0.636972079049532	0.438188190064203	0.818199007665897
"All fibroblasts"	5	"PCM1"	-0.24451964324503	7.94731428208515	0.636990680587481	0.438235644915954	0.818199007665897
"All fibroblasts"	5	"PSME1"	0.202312829123384	8.36082614817352	0.635992140675939	0.43856639195593	0.818279710652402
"All fibroblasts"	5	"ARID4A"	-0.339129421424601	6.89520184083037	0.634082526345927	0.438571971312821	0.818279710652402
"All fibroblasts"	5	"POFUT1"	-0.291575207042733	6.11185694807547	0.631521846856106	0.438782106188044	0.818279710652402
"All fibroblasts"	5	"GORASP2"	0.250531064091333	7.00270417207011	0.634874209515249	0.438915276617219	0.818279710652402
"All fibroblasts"	5	"ZMYND8"	-0.326697115398331	6.23694148278335	0.631096332951225	0.438981015187817	0.818279710652402
"All fibroblasts"	5	"XIAP"	-0.279018941523693	6.98479069749575	0.634435356466295	0.439133278990887	0.818301764208473
"All fibroblasts"	5	"NUP50"	0.320303103399833	6.80465174537395	0.632968781467735	0.439341344448524	0.818365365559187
"All fibroblasts"	5	"PILRB"	0.368081582463853	5.81525808136825	0.633132818044435	0.439750560125496	0.818365365559187
"All fibroblasts"	5	"YWHAH"	-0.254985649528958	7.364984195036	0.631909116072118	0.440019874101172	0.818365365559187
"All fibroblasts"	5	"DSTN"	-0.185556579840733	9.04648915250452	0.631776470267335	0.440057674221995	0.818365365559187
"All fibroblasts"	5	"LGMN"	-0.277275848333461	6.39962433003286	0.629652755151522	0.440126027593969	0.818365365559187
"All fibroblasts"	5	"CFL2"	-0.289993040123019	6.7167101572547	0.630535815944913	0.440372928544711	0.818365365559187
"All fibroblasts"	5	"SIGMAR1"	0.290202101704772	6.19706353650846	0.629309932927105	0.440449994743621	0.818365365559187
"All fibroblasts"	5	"SATB2"	-0.468062965750032	5.41154807216802	0.626533161059184	0.440479784965989	0.818365365559187
"All fibroblasts"	5	"LITAF"	0.251148109579457	8.69882072983693	0.630507851518204	0.440513069650508	0.818365365559187
"All fibroblasts"	5	"DYNLT3"	-0.357058710371559	6.50230131162962	0.629993973328085	0.440643400340962	0.818365365559187
"All fibroblasts"	5	"FAM89B"	0.442967200877606	5.71037910398768	0.624592390690755	0.4407375757338	0.818365365559187
"All fibroblasts"	5	"YY1AP1"	0.403279176352731	5.80490512743039	0.623741108560512	0.441252374592772	0.818365365559187
"All fibroblasts"	5	"FOXP1"	0.211052674308421	7.67638826926313	0.628415108305044	0.441261916613215	0.818365365559187
"All fibroblasts"	5	"NRBF2"	-0.36777057801973	5.96240332295661	0.6264866507888	0.441528647561395	0.818365365559187
"All fibroblasts"	5	"PTPN9"	-0.246464037677189	6.85289203266107	0.62535059416565	0.441578874382369	0.818365365559187
"All fibroblasts"	5	"TMEM189"	-0.410447330154684	5.78421262798637	0.623462021823991	0.441685716414271	0.818365365559187
"All fibroblasts"	5	"ECPAS"	-0.224620869854694	7.24200128515051	0.625853326166335	0.441880442576139	0.818365365559187
"All fibroblasts"	5	"CHD9"	-0.236367983308932	7.68450048706249	0.626590944028593	0.441920657187105	0.818365365559187
"All fibroblasts"	5	"CTSS"	0.223417425148126	8.22613715310099	0.625963828378669	0.442118853879925	0.818365365559187
"All fibroblasts"	5	"SCAF8"	-0.379196600041641	6.0407226982951	0.624525818490693	0.442232182891986	0.818365365559187
"All fibroblasts"	5	"PAK1IP1"	0.415640970918135	5.86140220145588	0.622085120524297	0.44233983299192	0.818365365559187
"All fibroblasts"	5	"PLEKHA5"	-0.208129707808043	7.81831516429687	0.62526439785797	0.442389877912205	0.818365365559187
"All fibroblasts"	5	"PAWR"	-0.312831409610385	6.2595069781592	0.624143543351076	0.442397614812329	0.818365365559187
"All fibroblasts"	5	"CDC5L"	-0.280145724634673	6.85065616292355	0.624358321480751	0.442724437316109	0.818710027369397
"All fibroblasts"	5	"DARS"	-0.208020125340364	7.74429695777598	0.623616682347149	0.442973147876763	0.818730219363818
"All fibroblasts"	5	"HECTD3"	-0.296258912369398	6.50297923602728	0.621850759370413	0.443016368912669	0.818730219363818
"All fibroblasts"	5	"SMDT1"	-0.269659278805104	6.93168908847522	0.622122777874077	0.44337615112612	0.818731463304436
"All fibroblasts"	5	"CNDP2"	0.287225795742824	6.42882762492599	0.622295261079746	0.443455148785827	0.818731463304436
"All fibroblasts"	5	"ERGIC3"	0.211374855329153	8.19235314182904	0.622100661867557	0.443516680416728	0.818731463304436
"All fibroblasts"	5	"SAP18"	-0.213912894688943	8.4468483367822	0.621819144937456	0.443612420628952	0.818731463304436
"All fibroblasts"	5	"RBM10"	0.464215077831712	5.90397543819591	0.617628862784748	0.443938091033761	0.818731463304436
"All fibroblasts"	5	"ALG5"	0.333161152944455	6.30626734221726	0.618042905412826	0.444008560690293	0.818731463304436
"All fibroblasts"	5	"MAPK10"	-0.263852983650146	7.19995155605622	0.620344446094223	0.444088443093687	0.818731463304436
"All fibroblasts"	5	"ACTL6A"	0.271759426500941	6.28255134369411	0.617914607418902	0.444151949271548	0.818731463304436
"All fibroblasts"	5	"ETNK1"	-0.267663580077024	6.5615309060546	0.620082940989285	0.444281600646753	0.818731463304436
"All fibroblasts"	5	"PGK1"	0.202670638126612	8.2177525728072	0.617920313898719	0.445024776424633	0.819584853919461
"All fibroblasts"	5	"SERP1"	0.21364307068663	7.58768152941944	0.617563276735474	0.445086843287902	0.819584853919461
"All fibroblasts"	5	"IAH1"	0.343700021500173	5.99495156193911	0.613578250811687	0.445166648816732	0.819584853919461
"All fibroblasts"	5	"TP53BP2"	-0.347331039796775	5.88478464621737	0.615309014257025	0.445455870207745	0.819858293019751
"All fibroblasts"	5	"LRRC47"	-0.349216632808623	6.37711457477692	0.614552757284876	0.445760186245589	0.820159332255462
"All fibroblasts"	5	"TSHZ2"	0.31521877044666	7.19458683273231	0.614393539709789	0.446222083891449	0.820750026147561
"All fibroblasts"	5	"LINC01082"	-0.263941229585626	6.99529017818823	0.610368863244564	0.446374898070967	0.820772019898871
"All fibroblasts"	5	"PSMG2"	-0.248433007485233	7.33463189029233	0.613527500521241	0.446517671074108	0.820775542381334
"All fibroblasts"	5	"CYCS"	0.228553261764846	7.4246033324308	0.613070023815608	0.446795477679383	0.821021270459457
"All fibroblasts"	5	"DGCR2"	0.284932512291089	6.28349682973718	0.610221033450135	0.447257686653799	0.821021270459457
"All fibroblasts"	5	"MLLT6"	-0.232775272440801	7.35463840842091	0.611449000464096	0.447328613793201	0.821021270459457
"All fibroblasts"	5	"TAPBPL"	0.356138727287892	6.35029532914536	0.611224741911069	0.447435769859073	0.821021270459457
"All fibroblasts"	5	"CEP63"	-0.33074128152677	6.0584204660467	0.609537031695051	0.447477396365179	0.821021270459457
"All fibroblasts"	5	"COL5A1"	0.165746211435355	10.4040412471064	0.61094792386823	0.447517667743065	0.821021270459457
"All fibroblasts"	5	"CLPTM1L"	0.30969825916167	6.82592013301305	0.609455775161609	0.447878323418942	0.821021270459457
"All fibroblasts"	5	"KATNBL1"	0.396762041624401	6.25644148619159	0.605880988608066	0.447997680394045	0.821021270459457
"All fibroblasts"	5	"COA6"	0.365682373449538	5.86904543900001	0.611722673621787	0.448060720613235	0.821021270459457
"All fibroblasts"	5	"PHKB"	-0.349747191455722	6.25620568837477	0.606865263674202	0.448131344704543	0.821021270459457
"All fibroblasts"	5	"ROBO1"	0.21790854785451	7.58128297230471	0.609190170091017	0.448201246152657	0.821021270459457
"All fibroblasts"	5	"TEX261"	-0.254142193376534	7.25722510752367	0.605050501252575	0.448757876932192	0.821782573502163
"All fibroblasts"	5	"CLINT1"	-0.24845212670758	7.05083626987218	0.606720736932585	0.449092595281232	0.821996232041157
"All fibroblasts"	5	"AC245595.1"	0.357127648821946	6.1280030921228	0.608271541942714	0.449363198634091	0.821996232041157
"All fibroblasts"	5	"ATP6V1D"	0.305577251532516	6.25929522225013	0.603457803888238	0.449389885843228	0.821996232041157
"All fibroblasts"	5	"MDM4"	-0.332325199566242	6.55580280554795	0.603501106463041	0.449438818480029	0.821996232041157
"All fibroblasts"	5	"SCRN1"	0.363166573638772	6.47970104924639	0.602840656665945	0.449884676306214	0.822307779229708
"All fibroblasts"	5	"ARID1A"	-0.199075200672454	7.79747520138557	0.604201269572601	0.450017939541034	0.822307779229708
"All fibroblasts"	5	"NCOA4"	-0.231530568782185	7.47110499163722	0.604174320299789	0.450032522389487	0.822307779229708
"All fibroblasts"	5	"TUT4"	-0.259281723862821	6.73783200261932	0.603301266416993	0.450246008974837	0.822439966864068
"All fibroblasts"	5	"LEPROT"	-0.197793346187968	8.70500774206026	0.601620061307542	0.450949605340387	0.823467048047144
"All fibroblasts"	5	"MAP4"	0.229662209440344	8.1792383568721	0.600322051388953	0.451433651810284	0.824092697086004
"All fibroblasts"	5	"CRKL"	-0.401355023168793	6.04666106767635	0.59770668128423	0.4521323479405	0.824740053064312
"All fibroblasts"	5	"PCBP2"	-0.211225610578781	9.59709358235398	0.598243290978778	0.452182425956846	0.824740053064312
"All fibroblasts"	5	"SUPT20H"	-0.300403835105391	6.38437984756086	0.595719091122577	0.452212883051395	0.824740053064312
"All fibroblasts"	5	"AKR7A2"	-0.234219391715529	7.26935645847869	0.597409894835401	0.452507520208561	0.82501918656298
"All fibroblasts"	5	"FAM92A"	0.400695690357008	6.48400369084579	0.593927288205774	0.45333666908515	0.82627237121025
"All fibroblasts"	5	"RNF38"	-0.408759621963027	6.50324038991548	0.591962066403454	0.453591671065163	0.82638739955261
"All fibroblasts"	5	"GOSR1"	-0.396691220157156	6.49509130993046	0.593343261339176	0.453683420485464	0.82638739955261
"All fibroblasts"	5	"CNN3"	0.210327993192595	9.2654436111594	0.593810304690098	0.453832565659481	0.826400737530562
"All fibroblasts"	5	"ZFAS1"	-0.257852629475449	8.36051281826475	0.592807989365855	0.454201595606868	0.826814338519594
"All fibroblasts"	5	"AQR"	-0.279339756417596	6.42625550965843	0.591265868596046	0.454655269499672	0.827381716231915
"All fibroblasts"	5	"KIAA0232"	-0.343848702220965	6.02025684935986	0.589193046850936	0.454859568247092	0.827495068428288
"All fibroblasts"	5	"PPM1A"	-0.276245718953866	6.56585422375174	0.586850250089501	0.455278681332348	0.827508405408055
"All fibroblasts"	5	"SLTM"	0.218935658177534	7.83039517472012	0.589818042673893	0.455358630911356	0.827508405408055
"All fibroblasts"	5	"NUDT21"	-0.260673182402862	6.89265262917655	0.589448906026876	0.455462011701972	0.827508405408055
"All fibroblasts"	5	"TRIM8"	0.206104084911421	8.1328662825925	0.589453059695647	0.45548658616904	0.827508405408055
"All fibroblasts"	5	"ATG5"	0.318995292679475	6.01812586240383	0.588197424903038	0.455576963197021	0.827508405408055
"All fibroblasts"	5	"ANKRD40"	-0.279773264390469	6.54860918513287	0.587561640688815	0.456064016820463	0.827686234342938
"All fibroblasts"	5	"ATP2A3"	-0.500105403155874	5.91865694723165	0.584521933368834	0.45616262748208	0.827686234342938
"All fibroblasts"	5	"FARP1"	0.19411818639303	8.35719343900598	0.587628414998626	0.456169232479689	0.827686234342938
"All fibroblasts"	5	"DMTF1"	-0.286511846902577	6.29825697486465	0.583256668614864	0.456495319507287	0.827686234342938
"All fibroblasts"	5	"DLG5"	-0.257834895662712	6.53103429875775	0.585433824603117	0.456565489585375	0.827686234342938
"All fibroblasts"	5	"IFIT5"	0.364682281814733	6.0018173850338	0.582895237774159	0.456770645199815	0.827686234342938
"All fibroblasts"	5	"MRPS10"	0.288525035528352	6.49500367996853	0.585193908302129	0.456781938574406	0.827686234342938
"All fibroblasts"	5	"PPP4R2"	-0.266400466500537	6.55304536806529	0.58505712981719	0.45686743642796	0.827686234342938
"All fibroblasts"	5	"VCAN"	0.158762854593568	9.97023382667583	0.585363376099291	0.456990435562004	0.827686234342938
"All fibroblasts"	5	"MTUS1"	-0.38192366359687	6.04782263781644	0.582660128322049	0.457095298114909	0.827686234342938
"All fibroblasts"	5	"ENTPD4"	0.262129997488713	6.64346278966911	0.582598561531183	0.45803196068682	0.828976569142636
"All fibroblasts"	5	"UTP3"	-0.319889925619907	6.21307631868118	0.584923800855257	0.458177095303135	0.828976569142636
"All fibroblasts"	5	"SESTD1"	-0.234499141396868	7.159621047339	0.582064371775894	0.458235568402398	0.828976569142636
"All fibroblasts"	5	"MRPL16"	0.311571582694798	6.03957330244145	0.578349816463527	0.458376953110962	0.828976569142636
"All fibroblasts"	5	"APOL2"	0.373990749009526	6.36397034448443	0.580391038731281	0.458772736976166	0.829186298668517
"All fibroblasts"	5	"PSMB4"	0.222180440445885	8.02923032406883	0.580699871288851	0.458777523066295	0.829186298668517
"All fibroblasts"	5	"MYH9"	-0.165154384444994	9.69284358540842	0.579740007503414	0.459116831110407	0.82954225577685
"All fibroblasts"	5	"TRAM2"	0.283067661852853	7.03357852530863	0.576467931253306	0.459363818532254	0.829542490889318
"All fibroblasts"	5	"MEIS1"	0.283759570895482	6.61788788157542	0.578330563012416	0.459498043423476	0.829542490889318
"All fibroblasts"	5	"NDFIP2"	-0.342735545620204	6.17345536768673	0.578600664023811	0.459544046780628	0.829542490889318
"All fibroblasts"	5	"RELA"	-0.22573324356826	7.30225360968115	0.576672134481351	0.459855420981593	0.829763542367767
"All fibroblasts"	5	"WDR33"	-0.309291626370069	6.40846598067983	0.575352111106263	0.460091557176717	0.829763542367767
"All fibroblasts"	5	"PSMD7"	0.221170837510157	7.226331023166	0.577236284649075	0.460114181596048	0.829763542367767
"All fibroblasts"	5	"SH3GLB2"	0.3208766008324	6.23653355981907	0.576776194859231	0.46023610244253	0.829763542367767
"All fibroblasts"	5	"NDUFS6"	0.381048783622681	6.95721707417891	0.576195275592907	0.460520463002399	0.829870152018656
"All fibroblasts"	5	"LSM5"	0.332767550393524	6.34788601913285	0.574379805371386	0.460580070641554	0.829870152018656
"All fibroblasts"	5	"ADNP"	0.258122858851715	6.70838532969152	0.575276639223697	0.460886773235529	0.829903545790388
"All fibroblasts"	5	"SRRM2"	0.217792761788242	8.67265884760641	0.574369510789301	0.461183645938423	0.829903545790388
"All fibroblasts"	5	"MCTP1"	-0.370132444430841	6.20051485641516	0.577038148510712	0.46118423437184	0.829903545790388
"All fibroblasts"	5	"RBPMS"	0.190773121809843	9.08355555534009	0.574076431849185	0.461284302904151	0.829903545790388
"All fibroblasts"	5	"ARPP19"	-0.2801128018936	6.92248789127311	0.573646940561411	0.46131072332505	0.829903545790388
"All fibroblasts"	5	"IRF8"	-0.266686018375657	7.02782654995322	0.573031113578327	0.461642238889878	0.830034805354904
"All fibroblasts"	5	"NEAT1"	-0.165203066126521	9.96459686335339	0.573048039505815	0.461668578025612	0.830034805354904
"All fibroblasts"	5	"EHMT2"	0.417517989254544	6.08757666659174	0.570224703231304	0.462328802256819	0.830965432063691
"All fibroblasts"	5	"ZFR"	-0.219650220184048	7.46154641057678	0.570447875630337	0.462705514196635	0.831288655480158
"All fibroblasts"	5	"VEGFA"	0.226867587530406	8.5980081055091	0.570185326138456	0.462793958877233	0.831288655480158
"All fibroblasts"	5	"NUP153"	-0.292361443536153	6.284078050804	0.568310443945219	0.463056054361957	0.831503121345801
"All fibroblasts"	5	"IGBP1"	-0.277817760928261	6.96795364992646	0.568890836989326	0.463262194358242	0.831617007555599
"All fibroblasts"	5	"LRCH4"	0.394334994602631	5.72251785292084	0.565203603308176	0.46403478217897	0.832354790603618
"All fibroblasts"	5	"EIF2B4"	0.301014541535316	6.34220954260761	0.56648674892076	0.464076250219095	0.832354790603618
"All fibroblasts"	5	"OTUD7B"	-0.311780225624009	6.07827946644973	0.563312691740611	0.46421429085234	0.832354790603618
"All fibroblasts"	5	"MTF2"	-0.294373599963176	6.01176585542199	0.564028701670377	0.464244563147719	0.832354790603618
"All fibroblasts"	5	"SCLT1"	-0.359924809466562	6.16492992423967	0.564051630704011	0.464457133456362	0.832479765195392
"All fibroblasts"	5	"KIAA0100"	0.396121234095332	5.83181843786258	0.562821899534231	0.464860166037742	0.832945937116213
"All fibroblasts"	5	"MIGA1"	-0.35261786332776	5.74332445516311	0.563140508227223	0.465040010629356	0.833012032566019
"All fibroblasts"	5	"DDX3Y"	-0.364814788459587	6.33878087341802	0.564150184737094	0.465369535002006	0.833091029746919
"All fibroblasts"	5	"PRDX4"	0.269849128884514	6.85752867522729	0.562563870467616	0.465370053514025	0.833091029746919
"All fibroblasts"	5	"YIPF1"	-0.277022994192102	6.1261763547888	0.561547973305598	0.465663153916042	0.833278348782186
"All fibroblasts"	5	"FAM172A"	-0.287471899880372	6.25337621586571	0.561360535624637	0.465896250981605	0.833278348782186
"All fibroblasts"	5	"ABRACL"	-0.330094612281251	5.83113661709369	0.559225722454199	0.466177253017799	0.833278348782186
"All fibroblasts"	5	"PAK1"	-0.320230554971613	5.86764655550553	0.559301669323808	0.466198162732762	0.833278348782186
"All fibroblasts"	5	"TNPO1"	-0.2152501304445	7.34816762083497	0.560645369626547	0.466311826556989	0.833278348782186
"All fibroblasts"	5	"LCP2"	-0.31225897799157	6.19872232446125	0.560040805751445	0.466479372163501	0.833278348782186
"All fibroblasts"	5	"FSCN1"	0.358475785886134	6.78357255639864	0.560201957184642	0.466570142692763	0.833278348782186
"All fibroblasts"	5	"TMPO"	-0.283184256730506	6.14497583343508	0.557372635532663	0.466618714960747	0.833278348782186
"All fibroblasts"	5	"DVL1"	0.451273729651673	5.77770132235586	0.556395017091026	0.466775039369331	0.833302130638815
"All fibroblasts"	5	"MAU2"	0.346465871338385	6.27545051590963	0.556034572902863	0.467035118170767	0.833484606432312
"All fibroblasts"	5	"SDHB"	0.340212351545191	6.35376252531833	0.556561781602157	0.467383392258534	0.833484606432312
"All fibroblasts"	5	"STK24"	0.215605036732175	7.81305915312569	0.558134358455133	0.467484350196379	0.833484606432312
"All fibroblasts"	5	"HNRNPA0"	-0.198821897909011	7.97910154690034	0.55744916335604	0.467739214732686	0.833484606432312
"All fibroblasts"	5	"PHB2"	0.215361541964479	7.81677819195962	0.556815137038424	0.467998894982621	0.833484606432312
"All fibroblasts"	5	"SMTN"	0.249057077922141	7.33942080239433	0.55590152333433	0.468217371378381	0.833484606432312
"All fibroblasts"	5	"ANKRD13C"	-0.35866820567833	5.87447227721072	0.55320428771225	0.468239851805983	0.833484606432312
"All fibroblasts"	5	"EPC2"	-0.26724070745569	6.50759346940891	0.555348393024895	0.468246385737423	0.833484606432312
"All fibroblasts"	5	"OLFM4"	-0.488548315517623	7.2829855445935	0.555819236914688	0.46829023499599	0.833484606432312
"All fibroblasts"	5	"TP53I3"	0.367389522191058	5.56280484425088	0.553416502458805	0.468307637113333	0.833484606432312
"All fibroblasts"	5	"PYCR2"	0.300928701971529	6.01303444050993	0.553009058211724	0.468773151635994	0.834058367811584
"All fibroblasts"	5	"ATXN1"	-0.297961233687678	6.55930062631199	0.553085807007827	0.469218004047377	0.83427375160278
"All fibroblasts"	5	"CEP68"	-0.349065883717291	6.04489167223252	0.550426220684599	0.469280037675307	0.83427375160278
"All fibroblasts"	5	"LINC00632"	-0.428299104979385	5.70856877374757	0.550461011258449	0.469504066424162	0.83427375160278
"All fibroblasts"	5	"GLYR1"	-0.23909496293021	6.59058192900966	0.552904457126788	0.46952450878614	0.83427375160278
"All fibroblasts"	5	"TECR"	0.278620283604999	6.82010901882292	0.552523179269902	0.469625729306428	0.83427375160278
"All fibroblasts"	5	"MRPS6"	0.271940926567112	6.50323562123425	0.550288164261923	0.469753248499866	0.83427375160278
"All fibroblasts"	5	"ABTB1"	0.378264779252922	5.77246170497999	0.552563113506018	0.470297460845866	0.834938060696583
"All fibroblasts"	5	"EIF2AK1"	0.193412332079347	7.62683394181383	0.550677532765002	0.470413875625001	0.834938060696583
"All fibroblasts"	5	"ARL8A"	0.326223252876012	6.18709831755449	0.546323891613897	0.470785277187265	0.835342816738791
"All fibroblasts"	5	"CTBS"	-0.315750526566735	6.17223967910327	0.551434352126181	0.471065425658597	0.835585459760317
"All fibroblasts"	5	"WASL"	0.223537920627574	7.17129565100582	0.547353777692296	0.471694897852183	0.83644740407324
"All fibroblasts"	5	"SAE1"	0.284015957957504	6.33074800305676	0.546743505196882	0.471856531952247	0.836479468112487
"All fibroblasts"	5	"TMEM30A"	-0.192420640834136	8.37158586434926	0.54623056648671	0.472162760369584	0.836767762978579
"All fibroblasts"	5	"PTPN18"	-0.287799936392801	6.68982851171308	0.545681089585537	0.472376908149456	0.836892746666731
"All fibroblasts"	5	"GCLC"	0.328937737449701	6.85100542730696	0.543930297079125	0.472857769215851	0.837082921246672
"All fibroblasts"	5	"BMS1"	-0.325062508332745	6.26208431258785	0.543342671524653	0.473012427275004	0.837082921246672
"All fibroblasts"	5	"SRPRA"	0.207191544431552	7.82403115336051	0.543693680640575	0.473166076673631	0.837082921246672
"All fibroblasts"	5	"ESCO1"	-0.336331998145581	6.33780994807637	0.540475903373811	0.473278989613234	0.837082921246672
"All fibroblasts"	5	"ACTB"	0.152811403352832	11.651643211194	0.542641244784094	0.473567999598472	0.837082921246672
"All fibroblasts"	5	"POLE4"	0.250783243571032	6.57120666347417	0.541683637144511	0.473650511804853	0.837082921246672
"All fibroblasts"	5	"WIZ"	0.32697668367244	5.90236470611161	0.540386439572242	0.473657718045433	0.837082921246672
"All fibroblasts"	5	"ARHGEF17"	-0.320173730388416	5.95010526157502	0.544352405121392	0.473805157054345	0.837082921246672
"All fibroblasts"	5	"CTSF"	-0.260489024202568	6.3388324973153	0.539688627105873	0.473992984948642	0.837082921246672
"All fibroblasts"	5	"TRIOBP"	0.196150755098947	8.09216148311102	0.541479389692747	0.474065118814495	0.837082921246672
"All fibroblasts"	5	"SCP2"	-0.193644773687894	7.70886840169555	0.53901735337178	0.474666397141759	0.837082921246672
"All fibroblasts"	5	"TCERG1"	0.247515878685075	7.20355078502295	0.538510220144016	0.475055777040121	0.837082921246672
"All fibroblasts"	5	"CLNS1A"	0.316364291314068	6.46363848598975	0.537398007461369	0.475079603071849	0.837082921246672
"All fibroblasts"	5	"ATP5F1D"	0.315952289462708	6.86243572207775	0.538258498539871	0.475400140817239	0.837082921246672
"All fibroblasts"	5	"SLC1A1"	0.340884407086383	5.96686638708154	0.536157523739547	0.475545999287632	0.837082921246672
"All fibroblasts"	5	"BOC"	0.248606001250647	6.48028692303325	0.534960572129087	0.475661948901148	0.837082921246672
"All fibroblasts"	5	"TMEM168"	-0.276919895783585	6.2654230320834	0.537136857830004	0.475720334050945	0.837082921246672
"All fibroblasts"	5	"UFSP2"	-0.243994569288815	6.35098217251668	0.534599440243582	0.475852612826107	0.837082921246672
"All fibroblasts"	5	"SUPT6H"	-0.31373346661069	6.14375029229579	0.534687504898683	0.475883187638015	0.837082921246672
"All fibroblasts"	5	"EHBP1"	-0.245929713359906	6.61411787530592	0.536677740142229	0.475980254900303	0.837082921246672
"All fibroblasts"	5	"PSME3"	0.211516807527403	7.51035320795443	0.536572923918855	0.476051045744757	0.837082921246672
"All fibroblasts"	5	"CUTA"	0.236868832440527	7.36965205039288	0.535113806996279	0.476140972740701	0.837082921246672
"All fibroblasts"	5	"COL4A5"	-0.236778370509826	8.07351896868613	0.535386261540921	0.476517008004487	0.837082921246672
"All fibroblasts"	5	"SNRPB2"	0.227075755778374	7.45935327882616	0.535066782689454	0.476565533773632	0.837082921246672
"All fibroblasts"	5	"FUBP3"	0.436224792742503	5.9525037352151	0.533064854364777	0.476566742001767	0.837082921246672
"All fibroblasts"	5	"CORO1B"	0.486561019488434	5.89629174499093	0.531292425715456	0.476662867351012	0.837082921246672
"All fibroblasts"	5	"RSU1"	0.269973267131473	7.38226119518034	0.533858421772109	0.476756062708012	0.837082921246672
"All fibroblasts"	5	"CCDC47"	0.24286805920112	7.06618091758856	0.534567021260145	0.476856353780056	0.837082921246672
"All fibroblasts"	5	"CCDC92"	0.308360229055952	6.24458691489851	0.531410479142455	0.477118731901091	0.837082921246672
"All fibroblasts"	5	"DMWD"	0.30393096063601	6.35779796726696	0.533269804137961	0.477229400167183	0.837082921246672
"All fibroblasts"	5	"VDAC1"	-0.218254115171344	7.28785072811926	0.533403478133213	0.477319337919733	0.837082921246672
"All fibroblasts"	5	"CHCHD5"	0.413398156448427	5.82134309860031	0.531477489033537	0.477350484950925	0.837082921246672
"All fibroblasts"	5	"FHL3"	0.314848204489518	6.03545169016174	0.531642271259318	0.47748086839247	0.837082921246672
"All fibroblasts"	5	"MTAP"	-0.26590035687526	6.24929969584253	0.531246241250642	0.477537615125741	0.837082921246672
"All fibroblasts"	5	"CLTB"	0.287525945953104	6.28814732985624	0.532013787143824	0.477640927572929	0.837082921246672
"All fibroblasts"	5	"TOM1L2"	0.482410900653918	5.857979330794	0.530167193209088	0.477804500108228	0.837082921246672
"All fibroblasts"	5	"JUN"	-0.286604288648916	9.81602525544781	0.53208668222196	0.477829403374717	0.837082921246672
"All fibroblasts"	5	"CHMP5"	-0.240884212582078	7.17948885613557	0.529444767784718	0.478011540059143	0.837082921246672
"All fibroblasts"	5	"LDLRAD4"	0.357983422114311	6.03272696241376	0.529840313462766	0.478086830600468	0.837082921246672
"All fibroblasts"	5	"ZNF90"	0.324853027584309	5.98470443641558	0.52689751648122	0.478563883624617	0.837488314658516
"All fibroblasts"	5	"RNF139"	0.332853634066099	5.94510049288232	0.527039020217534	0.47868475946627	0.837488314658516
"All fibroblasts"	5	"TMF1"	0.239039694522177	7.05082768753116	0.52917587946873	0.478888474365062	0.837488314658516
"All fibroblasts"	5	"LUM"	0.202801268873532	10.7877476429076	0.52883720903116	0.479144265838847	0.837488314658516
"All fibroblasts"	5	"TSHZ3"	0.244634110409311	6.95855362444287	0.528073026866489	0.479169438828111	0.837488314658516
"All fibroblasts"	5	"PFKM"	-0.288515073297206	5.87733236425527	0.526981614103315	0.47918071753415	0.837488314658516
"All fibroblasts"	5	"HIPK1"	-0.258096156994844	6.66591505712392	0.526870888508127	0.479345722052584	0.837525493973135
"All fibroblasts"	5	"JMY"	-0.290932058836564	6.20009100982072	0.530273310415383	0.479533786653088	0.837602930104179
"All fibroblasts"	5	"MAF1"	-0.279361115432014	6.59083041763484	0.525264575939832	0.479793179490134	0.837804871707825
"All fibroblasts"	5	"SKIL"	0.20398922114314	7.36257805956507	0.526640442759361	0.480076927870216	0.838049208717719
"All fibroblasts"	5	"MFF"	0.293387216211697	6.91136784141733	0.524983833808853	0.480486657249239	0.838513253007282
"All fibroblasts"	5	"PNRC1"	-0.192437213954762	9.23670790984157	0.524751055658272	0.480830757961857	0.83871512790425
"All fibroblasts"	5	"PCGF3"	0.241653808597866	6.54652847188372	0.524369036771043	0.480890208053561	0.83871512790425
"All fibroblasts"	5	"PTK2"	-0.259649428859297	6.94625794870882	0.523841535823548	0.48109934579172	0.838760433166398
"All fibroblasts"	5	"ATP5F1A"	-0.201564532399213	8.22072988433666	0.52351672727382	0.481336284851786	0.838760433166398
"All fibroblasts"	5	"IMP4"	0.37505993797371	6.03224372078489	0.522418514949577	0.481467365405883	0.838760433166398
"All fibroblasts"	5	"C11orf96"	0.255940659538521	10.5009152631391	0.522838419735179	0.481603491729457	0.838760433166398
"All fibroblasts"	5	"NIPA2"	0.245679906591354	6.5586760400344	0.522103731190516	0.481779505594068	0.838760433166398
"All fibroblasts"	5	"CLPTM1"	0.233199709035036	6.93172021212404	0.522440294812543	0.481779847229781	0.838760433166398
"All fibroblasts"	5	"PLAT"	0.211860089894813	10.1115599555679	0.521348685280631	0.48221874553467	0.839197250625448
"All fibroblasts"	5	"SMYD4"	0.296885838371211	6.10360236850334	0.519969753645213	0.482472997592902	0.839197250625448
"All fibroblasts"	5	"LPP"	-0.180600831826281	9.33898032835269	0.520050658745297	0.482759072643863	0.839197250625448
"All fibroblasts"	5	"HADHB"	0.227350850686059	7.26294715930408	0.519614369475491	0.482849259991177	0.839197250625448
"All fibroblasts"	5	"SMARCA2"	-0.204861400683534	8.0963453644812	0.519863572243042	0.482849760086787	0.839197250625448
"All fibroblasts"	5	"SPCS2"	0.218701525052864	8.30292452623873	0.519776726921456	0.482894865513494	0.839197250625448
"All fibroblasts"	5	"CLSTN1"	-0.196296814135303	7.42367571818218	0.518982131979101	0.483097192417568	0.839298551048648
"All fibroblasts"	5	"ANXA7"	-0.209206569553154	7.28586415872333	0.518143842099476	0.483539028407653	0.839577536027644
"All fibroblasts"	5	"GTF3C1"	0.394415856886741	5.76234314024816	0.514733624275032	0.483739822823304	0.839577536027644
"All fibroblasts"	5	"ALDH2"	-0.216918274711856	8.38705373299419	0.517672370828294	0.483763312139483	0.839577536027644
"All fibroblasts"	5	"PTGFR"	-0.225192537278195	7.19005099449174	0.517108561348205	0.483840327783699	0.839577536027644
"All fibroblasts"	5	"MUC20-OT1"	-0.278573114973703	6.29378571297001	0.516565592689641	0.484039724284566	0.839577536027644
"All fibroblasts"	5	"CST3"	0.187040310705013	9.93309282046443	0.515667316839692	0.48457115298915	0.839577536027644
"All fibroblasts"	5	"TRMT1L"	-0.319568264603766	5.76058852677335	0.514677086595431	0.48481824285095	0.839577536027644
"All fibroblasts"	5	"ZNF354A"	0.31421187370096	5.82807087669709	0.513002292360018	0.484908073341293	0.839577536027644
"All fibroblasts"	5	"TCTN3"	-0.244339798816215	6.45627981177921	0.513984079885407	0.485048765499504	0.839577536027644
"All fibroblasts"	5	"PRR16"	0.279066762585076	7.05395329044904	0.514542703326206	0.485072128269117	0.839577536027644
"All fibroblasts"	5	"POM121"	0.283812159055209	5.82590674515172	0.511556255927417	0.485184867375567	0.839577536027644
"All fibroblasts"	5	"TRAPPC8"	-0.249040271074081	6.29743752459131	0.512537555816112	0.485335026758902	0.839577536027644
"All fibroblasts"	5	"ZMAT3"	-0.189658971172244	7.59029021598135	0.513693693458742	0.48538270790272	0.839577536027644
"All fibroblasts"	5	"EDEM2"	0.343922925069236	5.79963780585489	0.515523031196579	0.485420614746814	0.839577536027644
"All fibroblasts"	5	"GABARAPL1"	0.199520135060311	7.52083320820707	0.51321626192926	0.485612463993603	0.839577536027644
"All fibroblasts"	5	"FGF2"	0.284974753327193	6.57770187703325	0.512293673731789	0.485733029238088	0.839577536027644
"All fibroblasts"	5	"KLHL42"	0.296898980520884	6.68038339256133	0.511598734031986	0.485735066304929	0.839577536027644
"All fibroblasts"	5	"MKNK1"	-0.333931634756949	5.97504727522118	0.510864289245064	0.485892390610057	0.839577536027644
"All fibroblasts"	5	"TANC1"	-0.278426616082455	6.90572740330903	0.509900837524731	0.485995371378281	0.839577536027644
"All fibroblasts"	5	"TIMM21"	-0.402525675538516	5.93048154242153	0.510277487463725	0.486154964792822	0.839604321235261
"All fibroblasts"	5	"ATN1"	0.174644787745261	8.78367082587107	0.511296449766799	0.486407665809574	0.839713616314397
"All fibroblasts"	5	"CDKN1A"	0.262197936093407	8.32247788172495	0.510937401030486	0.486545467519597	0.839713616314397
"All fibroblasts"	5	"PLEKHA2"	-0.276561994702811	6.9453020039216	0.510782487985165	0.48665057187124	0.839713616314397
"All fibroblasts"	5	"SLC20A1"	0.273870667935108	6.53091835811368	0.509291283290825	0.487233743248291	0.840271074262912
"All fibroblasts"	5	"NAB2"	0.352639028822724	6.37907031695531	0.507818020031005	0.487283710932009	0.840271074262912
"All fibroblasts"	5	"GOLGA2"	0.218079291309916	7.55902832389994	0.508711272102755	0.487522488345239	0.840271074262912
"All fibroblasts"	5	"PATL1"	0.26306972336588	6.14711692711887	0.507260423883223	0.487710776579264	0.840271074262912
"All fibroblasts"	5	"H2AFY2"	0.246668509592413	6.47534547589325	0.507357887661397	0.487740191394708	0.840271074262912
"All fibroblasts"	5	"SLC2A4RG"	-0.379631644027263	6.11745422241339	0.506348734381386	0.487838861203266	0.840271074262912
"All fibroblasts"	5	"MT1G"	-0.356074393323503	6.24969739266276	0.506425113649203	0.488140429375513	0.840429233846717
"All fibroblasts"	5	"ANXA5"	-0.186698952981071	9.64711921415145	0.506696331918384	0.488331079999682	0.840429233846717
"All fibroblasts"	5	"SYNRG"	-0.256310526120731	6.14158881022442	0.504956152751293	0.488399881674066	0.840429233846717
"All fibroblasts"	5	"BNC2"	0.337525233596482	6.74286791442545	0.503173619468196	0.488540647062098	0.840429233846717
"All fibroblasts"	5	"GOLGA1"	0.321126176065756	5.70243880895774	0.504164565648347	0.488651835296495	0.840429233846717
"All fibroblasts"	5	"SEPT11"	0.179325810545621	8.79774020085086	0.504443987529723	0.489293733487897	0.84102835200579
"All fibroblasts"	5	"RBL2"	-0.216940451732634	7.55316788512512	0.504156320813386	0.489415940717475	0.84102835200579
"All fibroblasts"	5	"GTF2H1"	0.243710827703495	6.46240898946408	0.502607686213804	0.489496709210882	0.84102835200579
"All fibroblasts"	5	"GOLGA4"	0.172459050779293	8.20149663200803	0.50350847317858	0.489699397018596	0.84102835200579
"All fibroblasts"	5	"RAB3D"	-0.307294651638806	5.75568223584299	0.501606551865197	0.489807934434197	0.84102835200579
"All fibroblasts"	5	"MRFAP1"	-0.191032029725267	8.44384519760919	0.502914502233324	0.489951069578357	0.84102835200579
"All fibroblasts"	5	"FRS2"	-0.32949892360232	5.89922271091675	0.500568051525094	0.490010512280703	0.84102835200579
"All fibroblasts"	5	"SPPL3"	-0.206307251712828	7.08628254771822	0.501952574954168	0.490172334596919	0.841058360923512
"All fibroblasts"	5	"UTP23"	-0.271350998771959	6.38080362408934	0.500285945016775	0.490482968165576	0.841343613629911
"All fibroblasts"	5	"ATP5MPL"	-0.191964571660364	7.80106531505127	0.50060382041282	0.490928313305976	0.84161458790157
"All fibroblasts"	5	"FCF1"	-0.313308435866839	6.24680796675914	0.499198190862532	0.490929806809239	0.84161458790157
"All fibroblasts"	5	"RXRB"	-0.405252134722106	5.71002468967993	0.497590745882486	0.491365227021527	0.842113287604247
"All fibroblasts"	5	"INAFM1"	0.25765807408656	6.81831110737409	0.498173793858907	0.491863330176867	0.842719089956073
"All fibroblasts"	5	"TUBB4B"	0.258582122388244	7.31301017951893	0.497368462243152	0.492320045433816	0.843253646308891
"All fibroblasts"	5	"ABHD4"	0.348857896011349	5.88417762259865	0.494105818237182	0.492516933449105	0.843342983017319
"All fibroblasts"	5	"CIZ1"	0.305158774157221	6.9869586224283	0.495260771978351	0.49279655309567	0.843526625870315
"All fibroblasts"	5	"OSTM1"	0.324840875807475	6.26005053187502	0.494956116675376	0.492913705352398	0.843526625870315
"All fibroblasts"	5	"CYBC1"	0.311959126467686	6.0448524566187	0.491101069653648	0.493326671621383	0.843574512230745
"All fibroblasts"	5	"SRP68"	0.270702000360499	6.02305129520682	0.492664878822205	0.493439400431064	0.843574512230745
"All fibroblasts"	5	"GBA"	0.37796104745352	5.91821176740946	0.495695693695963	0.493759519196147	0.843574512230745
"All fibroblasts"	5	"PEX11B"	0.383751758781808	6.30359860374663	0.49216764240599	0.494089176736132	0.843574512230745
"All fibroblasts"	5	"UNC5B"	0.212281704407243	7.55654285198747	0.49313999543559	0.494141077512361	0.843574512230745
"All fibroblasts"	5	"NSD3"	-0.185631308575362	7.8823129361394	0.492953210660568	0.494197596167369	0.843574512230745
"All fibroblasts"	5	"MTSS1L"	0.221324470036825	7.22257585774398	0.492258234042328	0.494291772132057	0.843574512230745
"All fibroblasts"	5	"HSD17B2"	0.325759683521336	7.78415846799903	0.491982795443421	0.4946016410844	0.843574512230745
"All fibroblasts"	5	"HLA-DPB1"	0.261941082645309	6.68957601376512	0.489556946661158	0.494658627881966	0.843574512230745
"All fibroblasts"	5	"TCF3"	0.268229680751575	6.23179552151717	0.490823354074787	0.49485273112084	0.843574512230745
"All fibroblasts"	5	"HSBP1"	0.192888041441594	7.88926919021081	0.491306614631412	0.494908260208114	0.843574512230745
"All fibroblasts"	5	"ETV6"	0.247547857710358	6.40470345541716	0.490367897153292	0.495015524436145	0.843574512230745
"All fibroblasts"	5	"RSRC1"	0.259161155315295	6.24494405747353	0.490064070440277	0.495079505186275	0.843574512230745
"All fibroblasts"	5	"SAMD9L"	0.295132613444017	6.24496296872803	0.489249259481505	0.495583485985525	0.843574512230745
"All fibroblasts"	5	"PHF11"	-0.203980811877657	7.51375717625662	0.489568089409111	0.495591969914921	0.843574512230745
"All fibroblasts"	5	"THRAP3"	0.187601035242775	7.70423088165319	0.489746615378774	0.495597904686862	0.843574512230745
"All fibroblasts"	5	"NHLRC2"	-0.238132799558575	6.60996147492448	0.486750492213769	0.49582421564549	0.843574512230745
"All fibroblasts"	5	"AZIN1"	0.224251293717699	7.07305510553587	0.488850216480238	0.495840249418206	0.843574512230745
"All fibroblasts"	5	"STRAP"	0.251536866193461	6.87041238890007	0.489068884513245	0.495852512161897	0.843574512230745
"All fibroblasts"	5	"NAGA"	-0.267339017298654	6.14488014071915	0.48834054188416	0.495857306645095	0.843574512230745
"All fibroblasts"	5	"YTHDF2"	0.258676771716325	6.41733876443092	0.487001142437742	0.496090094067508	0.843574512230745
"All fibroblasts"	5	"CTDSP2"	0.174352157048818	8.4422017155578	0.488503160293907	0.496126626637166	0.843574512230745
"All fibroblasts"	5	"PSIP1"	-0.187952362080914	7.80615392208017	0.487706963919407	0.496468611946875	0.843727497707395
"All fibroblasts"	5	"ZDHHC18"	0.36481107931057	5.44128750533387	0.482578823660617	0.496772457861889	0.843727497707395
"All fibroblasts"	5	"NFIL3"	0.360917295776556	6.40429719090308	0.483662097648898	0.497039410495888	0.843727497707395
"All fibroblasts"	5	"CYB5A"	0.276798615921241	7.25651373158025	0.485703112494144	0.497223444573706	0.843727497707395
"All fibroblasts"	5	"GUCY1A1"	0.243359316522003	6.93478640964985	0.485935506465558	0.497270041678082	0.843727497707395
"All fibroblasts"	5	"OBSL1"	0.315886969811198	6.50944390624659	0.485422092538745	0.497271679365589	0.843727497707395
"All fibroblasts"	5	"MLH1"	0.291083871372868	6.09353784025968	0.484376389631508	0.497470949853042	0.843727497707395
"All fibroblasts"	5	"EMC3"	0.232120738278049	6.6084716875678	0.484372424920021	0.497918663437699	0.843727497707395
"All fibroblasts"	5	"PPP2R5E"	-0.215000462226558	7.52694543993259	0.484035268266344	0.497958701345789	0.843727497707395
"All fibroblasts"	5	"CCDC82"	0.295070363803545	6.2076282044857	0.482700834538023	0.498498125737684	0.843727497707395
"All fibroblasts"	5	"TGFBR2"	-0.189996508896607	8.27837871891391	0.482676122629518	0.498666875003238	0.843727497707395
"All fibroblasts"	5	"MRPL49"	-0.37867084116148	5.88166474211476	0.480155717571878	0.498713159162417	0.843727497707395
"All fibroblasts"	5	"GPSM3"	0.358595802385616	6.3385105327933	0.481404365860697	0.498821796085867	0.843727497707395
"All fibroblasts"	5	"SP110"	-0.191863970230248	7.59056693070977	0.482298982638947	0.498829610352679	0.843727497707395
"All fibroblasts"	5	"FOXJ3"	-0.300275831489522	6.1021019079464	0.480701360125063	0.49885063679991	0.843727497707395
"All fibroblasts"	5	"TRIB2"	0.256734516405499	6.8407525352964	0.481746315618025	0.498872534323189	0.843727497707395
"All fibroblasts"	5	"DSP"	0.342355028041151	6.33881639340806	0.481764269201869	0.49904344557513	0.843727497707395
"All fibroblasts"	5	"SAMHD1"	0.185889064058505	8.67274914971721	0.48180977304103	0.499047377210503	0.843727497707395
"All fibroblasts"	5	"CDC42BPA"	-0.242673476216674	7.24781607022682	0.481738222041043	0.499071166494619	0.843727497707395
"All fibroblasts"	5	"TAF6"	0.304983931423774	6.81526026414219	0.479378336423802	0.499112525244103	0.843727497707395
"All fibroblasts"	5	"MAP4K5"	-0.283691690202205	6.36942640258604	0.478904084833917	0.499991989720987	0.844729740323727
"All fibroblasts"	5	"TBK1"	0.333690199886516	5.85706220423861	0.477235055815507	0.499995344838945	0.844729740323727
"All fibroblasts"	5	"ZDHHC20"	0.287454127107843	6.75810135933867	0.478865624654317	0.500213226132136	0.844852889470132
"All fibroblasts"	5	"RCN2"	0.326539069849748	6.35765893448265	0.480750956682889	0.500394634902061	0.844914383533559
"All fibroblasts"	5	"RPAP2"	-0.256457772753142	6.38017915942591	0.477899856957273	0.500634297208104	0.84507417434288
"All fibroblasts"	5	"CLEC11A"	0.260323983484606	8.16280720853884	0.477868278744796	0.500781617359143	0.845078043542348
"All fibroblasts"	5	"TM2D3"	-0.213820500917075	6.89688218150077	0.476559071428123	0.501118423765536	0.845401579409895
"All fibroblasts"	5	"PBDC1"	0.319854202132563	5.7960831925738	0.473596404338805	0.501328923895006	0.845457554289211
"All fibroblasts"	5	"ZMPSTE24"	-0.236586780630442	6.82797604947581	0.47555267532105	0.501441789535527	0.845457554289211
"All fibroblasts"	5	"GATAD2A"	0.306922399418286	6.26944140955024	0.4736459510663	0.501959867931024	0.845856971200301
"All fibroblasts"	5	"RDX"	-0.207922635926934	7.84393399158494	0.4746263524505	0.502147855371232	0.845856971200301
"All fibroblasts"	5	"GRHPR"	0.313346850255936	6.16346197910001	0.472452402139974	0.502235761118097	0.845856971200301
"All fibroblasts"	5	"BCL7B"	0.29009156340517	6.0466642339568	0.473651701647828	0.502259330762492	0.845856971200301
"All fibroblasts"	5	"WDR36"	0.258543703837977	6.23630819341513	0.471992519719784	0.502831584645375	0.846369554108785
"All fibroblasts"	5	"TMEM43"	-0.203689240568156	7.64269957422704	0.473166189103713	0.50285419535346	0.846369554108785
"All fibroblasts"	5	"CCNDBP1"	-0.243789269959582	6.62294509548157	0.470227629934548	0.503321898252727	0.84671978195075
"All fibroblasts"	5	"TMEM248"	-0.181382445964188	8.13285551379187	0.471875301456584	0.503429732046628	0.84671978195075
"All fibroblasts"	5	"LSM8"	0.29201156022636	6.3996311656449	0.46911213521395	0.503716315298377	0.84671978195075
"All fibroblasts"	5	"SMARCA5"	-0.19020085306333	7.7378433142212	0.471176168433918	0.503749653494473	0.84671978195075
"All fibroblasts"	5	"GABPB2"	-0.29735502281015	6.213925509467	0.469852238461708	0.503788825128411	0.84671978195075
"All fibroblasts"	5	"DELE1"	0.290894917496081	6.28540280535706	0.470583556096106	0.504026108167252	0.846837785330936
"All fibroblasts"	5	"GDNF"	0.290441315966535	6.00118398876321	0.467992501627908	0.504149695780507	0.846837785330936
"All fibroblasts"	5	"YIPF4"	-0.190115493564879	7.48509884663027	0.46993351167345	0.504310118669683	0.846863130111886
"All fibroblasts"	5	"MAPK9"	0.353369941280702	6.00848048087058	0.466405813804028	0.50457183856672	0.847058514355597
"All fibroblasts"	5	"ZC3H14"	0.218782990735728	6.89608571194442	0.468701269515453	0.504863853697905	0.847304630039658
"All fibroblasts"	5	"TMEM8A"	0.333593992852061	5.7469730357731	0.465194006919932	0.505232210539661	0.847423055377627
"All fibroblasts"	5	"SNAPC3"	-0.247199051325774	6.30829978411452	0.467222896611181	0.505327692665276	0.847423055377627
"All fibroblasts"	5	"ESF1"	-0.231300867252731	6.95776394044218	0.467317985663221	0.505370708329716	0.847423055377627
"All fibroblasts"	5	"KDM5B"	0.239975138466382	7.57465112836057	0.466894998193996	0.505670688839264	0.847682135749825
"All fibroblasts"	5	"CNOT8"	0.333108868435656	5.84062399122409	0.464777179574541	0.506452683452422	0.84823605211681
"All fibroblasts"	5	"KATNAL1"	0.313143940533238	5.73767980674441	0.463695666585519	0.506552110995496	0.84823605211681
"All fibroblasts"	5	"RNF141"	0.271474684399853	5.93975325726249	0.463980363702681	0.506620205379908	0.84823605211681
"All fibroblasts"	5	"BTN3A1"	-0.245481495864994	6.91054972140862	0.464724682926819	0.506635677185827	0.84823605211681
"All fibroblasts"	5	"ZNF226"	-0.308969164589327	5.71843404598276	0.462996674395116	0.50672896815147	0.84823605211681
"All fibroblasts"	5	"CLTC"	0.174027964260272	8.6473759182776	0.462313838447944	0.507703024129878	0.84930206407289
"All fibroblasts"	5	"DLST"	0.267865387548447	6.69439634635076	0.462320734536282	0.507732979918507	0.84930206407289
"All fibroblasts"	5	"RASA1"	-0.257214081180621	6.41396494896773	0.461622288786286	0.507941288996133	0.84930206407289
"All fibroblasts"	5	"MALL"	-0.399984858586624	5.48768351960927	0.460656073704163	0.507948806125626	0.84930206407289
"All fibroblasts"	5	"ARHGAP35"	-0.276667049516832	6.25015630801727	0.461029108805571	0.508163335088503	0.849417026265262
"All fibroblasts"	5	"CCDC6"	0.288776838108423	6.27152505795084	0.457416815627541	0.508553969764815	0.849543058168861
"All fibroblasts"	5	"IER2"	0.417396711546426	8.6926425534111	0.460256253356959	0.508657611602189	0.849543058168861
"All fibroblasts"	5	"PARP14"	0.186698126422319	7.85219959892288	0.460164376467774	0.508694102942129	0.849543058168861
"All fibroblasts"	5	"ATXN3"	-0.254738003736854	6.27623820190204	0.458745205000357	0.508938363029646	0.849543058168861
"All fibroblasts"	5	"LYSMD3"	-0.327952193637095	6.10795440849726	0.456892330317456	0.509129808194667	0.849543058168861
"All fibroblasts"	5	"KXD1"	-0.299598464350216	6.3324381743098	0.45573942694636	0.509492554255867	0.849543058168861
"All fibroblasts"	5	"CPD"	0.224206652199437	6.83897537829058	0.455971418209053	0.509495851460319	0.849543058168861
"All fibroblasts"	5	"MTPN"	0.181685642046205	8.17898945167661	0.458297379813235	0.509530017279169	0.849543058168861
"All fibroblasts"	5	"HOXA7"	-0.314712861551144	6.16378662840314	0.457299870766738	0.50955088180885	0.849543058168861
"All fibroblasts"	5	"BAG3"	-0.297063039957252	6.84848649388764	0.455026390217378	0.509905994675113	0.849891942497678
"All fibroblasts"	5	"MRPL20"	0.237528745056683	7.15666401010819	0.456858575726769	0.51009060833452	0.849956526956033
"All fibroblasts"	5	"ATP9A"	-0.302612120663153	6.3372058252605	0.454625867547096	0.510870772918497	0.85101314859808
"All fibroblasts"	5	"NEDD8"	0.200755031629981	7.27321150407598	0.45454414084756	0.511252600322132	0.851405802251232
"All fibroblasts"	5	"PDLIM5"	0.204117908783786	7.35295042115852	0.452105834391168	0.512382449627965	0.851961040723318
"All fibroblasts"	5	"POLK"	-0.293453316815075	6.48964299233066	0.450254651345286	0.512487311699629	0.851961040723318
"All fibroblasts"	5	"GNB4"	-0.191949618270115	7.34295025022494	0.451044527469034	0.51259408617158	0.851961040723318
"All fibroblasts"	5	"TP53INP1"	-0.262531228487686	6.36148422318864	0.450762463930919	0.512640738446002	0.851961040723318
"All fibroblasts"	5	"SGCD"	-0.218555671042069	7.37972466215366	0.450935471713215	0.512703031656721	0.851961040723318
"All fibroblasts"	5	"BAG1"	-0.336108597246582	6.36473039741566	0.449939746393962	0.512840984484265	0.851961040723318
"All fibroblasts"	5	"HDGF"	0.176917571806291	8.81057516515206	0.450922265329929	0.51289578764446	0.851961040723318
"All fibroblasts"	5	"TULP3"	0.216502820611761	6.71211728828048	0.45062749214647	0.512900130723885	0.851961040723318
"All fibroblasts"	5	"TRIM69"	-0.285671922081712	6.48419994231895	0.448835248544077	0.513119164925091	0.851961040723318
"All fibroblasts"	5	"RRAGC"	-0.247261768155596	6.22756338056455	0.449891948486521	0.513131052057918	0.851961040723318
"All fibroblasts"	5	"SCUBE2"	-0.261629881396008	6.6892885610001	0.449556025119035	0.513266857884505	0.851961040723318
"All fibroblasts"	5	"ANXA1"	0.262161121709	8.33193251402298	0.44996193494009	0.513352266253465	0.851961040723318
"All fibroblasts"	5	"TNKS2"	0.232587542571176	6.84098816949305	0.449375764803723	0.513486729881636	0.851961040723318
"All fibroblasts"	5	"SMIM15"	-0.261334516215354	6.10725663824492	0.447848306111007	0.513675118313499	0.852031003248721
"All fibroblasts"	5	"JKAMP"	-0.275709483540401	6.17325882148326	0.44654250546997	0.514434624014833	0.852765616117501
"All fibroblasts"	5	"ZBTB8OS"	0.317804906023778	5.76826842419252	0.446166363621629	0.514643449631463	0.852765616117501
"All fibroblasts"	5	"CALD1"	-0.143905978875593	10.7602825272527	0.446713548189268	0.514826516498251	0.852765616117501
"All fibroblasts"	5	"MIR22HG"	0.345159116208006	6.95600642808754	0.444146717125763	0.51487422317716	0.852765616117501
"All fibroblasts"	5	"NFASC"	-0.290788886263483	6.06346179994095	0.445127538139706	0.514992604247758	0.852765616117501
"All fibroblasts"	5	"CACYBP"	-0.195559530443793	7.13551217890735	0.444437183565257	0.51513806438359	0.852765616117501
"All fibroblasts"	5	"TGS1"	-0.241804849538692	6.23795383616309	0.444867058091292	0.515211145475633	0.852765616117501
"All fibroblasts"	5	"MCL1"	0.253847167444189	9.53846287801729	0.445346630223656	0.515473646869326	0.852765616117501
"All fibroblasts"	5	"TRAF3IP2"	0.251540413839268	6.20976257659776	0.444128816366529	0.515813540563555	0.852765616117501
"All fibroblasts"	5	"DLL1"	0.18762613164684	8.37547765808647	0.444634612433622	0.515816295521103	0.852765616117501
"All fibroblasts"	5	"SAFB2"	0.240496557772454	6.7999223102178	0.443701370591288	0.515959891765229	0.852765616117501
"All fibroblasts"	5	"UBN1"	0.298084907981364	6.24727047402617	0.44357867681953	0.515992465049499	0.852765616117501
"All fibroblasts"	5	"ANTXR1"	0.169649524671794	9.24757878198391	0.444060968242806	0.516060749869957	0.852765616117501
"All fibroblasts"	5	"GOLM1"	-0.215044952354438	6.97502118624884	0.443582523239795	0.51623532027252	0.852765616117501
"All fibroblasts"	5	"SRF"	0.203662186841951	7.60686691873603	0.443495062368521	0.516313213259403	0.852765616117501
"All fibroblasts"	5	"DYNC1LI2"	0.171376296127193	8.160457328966	0.443009703359213	0.516573612815897	0.852953936491423
"All fibroblasts"	5	"MYOCD"	0.266958141240474	6.84937553835101	0.443709390220504	0.516982242177277	0.853386834324926
"All fibroblasts"	5	"EMC1"	0.326191207346751	6.17537543186093	0.439974287660115	0.517449086495788	0.853915555653061
"All fibroblasts"	5	"AKT3"	-0.214534936740209	7.03351674763206	0.440172704767644	0.517895421631827	0.854398983792375
"All fibroblasts"	5	"PHF23"	0.264051263213464	6.07690318542738	0.438568094657852	0.518035285693918	0.854398983792375
"All fibroblasts"	5	"DYRK2"	-0.283882026159978	6.32495532028199	0.438150431665561	0.5183747564521	0.854506135144623
"All fibroblasts"	5	"SYPL1"	-0.200471163523269	7.78351483470721	0.439026804438575	0.51839354517526	0.854506135144623
"All fibroblasts"	5	"ARL5B"	0.21750901600906	6.81327393947617	0.437031488945994	0.518885774317687	0.854827559062089
"All fibroblasts"	5	"HMGN1"	-0.169818718893978	8.18739354823609	0.437544487990069	0.519126862594659	0.854827559062089
"All fibroblasts"	5	"LRRFIP1"	-0.211213226208662	7.42146269784682	0.43754194118297	0.519147136331159	0.854827559062089
"All fibroblasts"	5	"TPBG"	0.255386040147623	6.98230428633228	0.436692984420757	0.519221526459287	0.854827559062089
"All fibroblasts"	5	"NSMCE4A"	-0.276155145552635	5.9302059122933	0.434492103826154	0.519551559898339	0.854827559062089
"All fibroblasts"	5	"CUL5"	-0.254929444064597	6.76912354770923	0.434284046980272	0.519567159083391	0.854827559062089
"All fibroblasts"	5	"ZRANB2"	-0.174646565655849	8.38070937861306	0.436187227128481	0.519761683019101	0.854827559062089
"All fibroblasts"	5	"PRELID3B"	-0.289380673495856	6.06748318127259	0.435967772185674	0.519762148920024	0.854827559062089
"All fibroblasts"	5	"BTF3"	-0.177400309533019	9.0226850080221	0.435504847883842	0.520079562012627	0.854887600443942
"All fibroblasts"	5	"PIK3CA"	-0.264539583965232	6.37679745645437	0.434950056825876	0.520175200716649	0.854887600443942
"All fibroblasts"	5	"RRAD"	0.653059209989847	5.68980976225753	0.436219578824013	0.520282014973224	0.854887600443942
"All fibroblasts"	5	"TOB2"	-0.215876099743927	7.18011945730605	0.43471659361563	0.520435034060444	0.854887600443942
"All fibroblasts"	5	"WNK1"	0.207869782439296	7.41277100385719	0.434407908835912	0.520532213210075	0.854887600443942
"All fibroblasts"	5	"RAE1"	0.295726933364596	6.1946744171723	0.432032832287381	0.521198503996238	0.855740682667252
"All fibroblasts"	5	"CLDND1"	0.188724912192099	7.66010952578495	0.432809463252132	0.521376538479903	0.855779331811436
"All fibroblasts"	5	"RBFOX2"	-0.162512743600475	8.21542604664852	0.432318138038211	0.521592756747645	0.855779331811436
"All fibroblasts"	5	"PUF60"	0.354869611414478	6.52011921229841	0.431628861239402	0.521854295145186	0.855779331811436
"All fibroblasts"	5	"IGFBP6"	-0.208626453619103	7.3934180464707	0.43179248400612	0.521855083750406	0.855779331811436
"All fibroblasts"	5	"BRK1"	-0.174994063364316	8.38982885738038	0.431561885462247	0.521956366098824	0.855779331811436
"All fibroblasts"	5	"KRT10"	0.203551428098343	7.33235716483988	0.430425353319541	0.522514689747056	0.856275219106048
"All fibroblasts"	5	"ELMO2"	-0.29391280654659	6.07987925673607	0.429231450636557	0.522552716516408	0.856275219106048
"All fibroblasts"	5	"COG1"	0.344624619204833	5.76160371418433	0.427559869789037	0.522818329201807	0.856404966237569
"All fibroblasts"	5	"MKRN1"	-0.190379323491343	7.04739415349227	0.429115075754353	0.523058191744605	0.856404966237569
"All fibroblasts"	5	"RAB11B"	0.156069287035177	8.7519765913693	0.429130546766809	0.523100264530606	0.856404966237569
"All fibroblasts"	5	"LHFPL6"	0.208240220548971	8.05479440365525	0.428742448041379	0.523295233792847	0.856404966237569
"All fibroblasts"	5	"RING1"	0.20791374070228	6.85332070835595	0.428313695291815	0.523366755581257	0.856404966237569
"All fibroblasts"	5	"DNAJA4"	0.316999746874028	5.89729520526297	0.427601089178295	0.523606000052935	0.856555913056836
"All fibroblasts"	5	"TMEM183A"	0.182058882197798	7.37198785411599	0.427409728556527	0.523905453565671	0.856604042023735
"All fibroblasts"	5	"RRM1"	0.323422657993667	6.02727646038642	0.426780085345471	0.524134600493943	0.856604042023735
"All fibroblasts"	5	"GTF3C4"	-0.267700905735543	6.17752487305623	0.426310550971353	0.524182413895504	0.856604042023735
"All fibroblasts"	5	"SNX6"	-0.182031551959334	7.43747851253532	0.425837525761448	0.524625671688878	0.856604042023735
"All fibroblasts"	5	"MECP2"	-0.237387712776439	6.71656847329168	0.425382779504812	0.5247684501016	0.856604042023735
"All fibroblasts"	5	"IFI27L2"	0.256207077893178	6.7675517361345	0.425038276949078	0.524919876823865	0.856604042023735
"All fibroblasts"	5	"HMGN3"	-0.207689724361644	7.12919578833376	0.42479401413669	0.525026537079161	0.856604042023735
"All fibroblasts"	5	"ATP5PD"	0.173176030794159	8.26406620376813	0.42505295237148	0.525061461140316	0.856604042023735
"All fibroblasts"	5	"TNXB"	-0.397994078174437	7.00034886276636	0.424572475469796	0.525260412079975	0.856604042023735
"All fibroblasts"	5	"HMGB1"	-0.143867475130736	10.1770837033985	0.424462518487109	0.525326419194386	0.856604042023735
"All fibroblasts"	5	"COX17"	0.279357737847644	6.41599634216337	0.423655068277209	0.525738928557126	0.856604042023735
"All fibroblasts"	5	"VAPB"	-0.277247175136327	6.3137630908266	0.423482382079085	0.525740955981732	0.856604042023735
"All fibroblasts"	5	"MRPS31"	-0.278543045466048	6.27817935143934	0.422106661887715	0.526053429234699	0.856604042023735
"All fibroblasts"	5	"TPRKB"	-0.259633424269202	6.01931761876393	0.421314248191652	0.526099083065851	0.856604042023735
"All fibroblasts"	5	"STAT6"	0.208911460900081	8.2900812617245	0.422811939707919	0.526147238392625	0.856604042023735
"All fibroblasts"	5	"STYX"	-0.319440383488517	6.01204745241601	0.421053696459382	0.526148206546188	0.856604042023735
"All fibroblasts"	5	"CIRBP"	-0.159871054218038	8.85679246250854	0.422532755275885	0.526264941454126	0.856604042023735
"All fibroblasts"	5	"RNPS1"	0.183709327412566	7.36417945147614	0.422505354561305	0.526281529165088	0.856604042023735
"All fibroblasts"	5	"IDS"	-0.184542993278461	7.68287931584752	0.421226628327398	0.526875133032777	0.857330745652609
"All fibroblasts"	5	"CALM1"	-0.150795855132119	9.55913937907992	0.420768780951027	0.527108923152319	0.857471718372016
"All fibroblasts"	5	"TLE3"	0.243114765074718	6.42274175300578	0.41955984233351	0.527473002363553	0.857791704501386
"All fibroblasts"	5	"CSNK2A1"	0.18643845168586	7.54651685578351	0.419728082629731	0.527600046152903	0.857791704501386
"All fibroblasts"	5	"POLD2"	-0.355582347309434	5.85437439999711	0.417171270173844	0.527882086912161	0.857872645847241
"All fibroblasts"	5	"GLS"	0.229396291832738	7.14184583998412	0.418859495657782	0.528014637216056	0.857872645847241
"All fibroblasts"	5	"FLCN"	-0.293108599654054	6.64009371999864	0.416347539386432	0.528186344078805	0.857872645847241
"All fibroblasts"	5	"MDH1"	0.18598907019576	7.5850343667089	0.418329925493681	0.52829866218444	0.857872645847241
"All fibroblasts"	5	"BTN2A1"	0.258350960045777	6.16882740256126	0.417894734484341	0.52838594919268	0.857872645847241
"All fibroblasts"	5	"PDE4A"	0.290762566986469	6.02781265877082	0.41803553278306	0.529119910824853	0.858824991748305
"All fibroblasts"	5	"TLK2"	0.299946237670081	6.20782611547817	0.414603823554205	0.529283508158601	0.858851295472061
"All fibroblasts"	5	"DAAM2"	-0.275147533115219	7.15966146088376	0.415077821003743	0.529503465033753	0.858969011901914
"All fibroblasts"	5	"RB1"	0.261959722234986	6.1732371044204	0.414509284897726	0.529738435272819	0.859111010947598
"All fibroblasts"	5	"HSD17B4"	-0.188681333935876	7.0541057157319	0.414440619682226	0.530141258054634	0.85952507253321
"All fibroblasts"	5	"TRIM33"	-0.240151538195624	6.71026274545545	0.413605782072866	0.530403183680865	0.859641899218751
"All fibroblasts"	5	"MAGED1"	0.187438351425219	7.93144472061434	0.413839668232854	0.530508369588232	0.859641899218751
"All fibroblasts"	5	"LCAT"	0.26646488011436	6.22939040146394	0.411989722314364	0.530793327908316	0.859802006946485
"All fibroblasts"	5	"FAM129A"	-0.32363769902196	6.27523714473958	0.412304406580417	0.531011595578606	0.859802006946485
"All fibroblasts"	5	"NLGN4X"	-0.214537216154716	6.76858284637348	0.412710509673055	0.53104984091306	0.859802006946485
"All fibroblasts"	5	"RHBDF1"	0.215757461283621	7.29589979475701	0.411448331910941	0.531456547002091	0.859875830167892
"All fibroblasts"	5	"NR2F1"	0.170116380754768	8.60744571563686	0.411614255208332	0.531577655317857	0.859875830167892
"All fibroblasts"	5	"MFN1"	-0.234914478953919	6.24973680743028	0.410548276605507	0.531781977536294	0.859875830167892
"All fibroblasts"	5	"STMP1"	0.193115739204936	7.51868354280176	0.411090424000632	0.531863823924711	0.859875830167892
"All fibroblasts"	5	"ZDHHC5"	0.291747504868443	6.4220993042321	0.4097810146872	0.531903675825237	0.859875830167892
"All fibroblasts"	5	"TNFSF12"	-0.274240595388246	6.59244158124761	0.409307911579629	0.532242205569405	0.859875830167892
"All fibroblasts"	5	"KLHL9"	-0.222787543289809	6.70655293201395	0.409712789473047	0.532289326163093	0.859875830167892
"All fibroblasts"	5	"SRRM1"	-0.164200326654954	8.41504331422366	0.410104210565725	0.532332234594469	0.859875830167892
"All fibroblasts"	5	"FAM53C"	0.269591855436086	6.38939944075815	0.407633329279554	0.532423544747855	0.859875830167892
"All fibroblasts"	5	"NARS"	-0.199241312351997	7.41288660926297	0.409424567768897	0.532634343400603	0.859914888678835
"All fibroblasts"	5	"VAT1"	-0.249544479613559	7.09833421708496	0.409290308555225	0.532742877660991	0.859914888678835
"All fibroblasts"	5	"WAPL"	-0.230010883676266	6.45829271978978	0.407726707760902	0.53350888596923	0.860912843683939
"All fibroblasts"	5	"TMEM120A"	-0.345341759404459	5.86540563646954	0.40536032160076	0.534225670898417	0.861830837299301
"All fibroblasts"	5	"INO80"	0.247635375488268	5.99029393359856	0.404231938655071	0.534418491435909	0.861903279711332
"All fibroblasts"	5	"USP8"	-0.17237353488584	7.66682997348723	0.405118218393745	0.534805947690968	0.862141933169442
"All fibroblasts"	5	"LINC01184"	-0.308953744670768	5.94352026338973	0.402829314134548	0.534871765783444	0.862141933169442
"All fibroblasts"	5	"FOXN3"	-0.191793020589795	7.45895707975062	0.403771296793774	0.535399886024742	0.862141933169442
"All fibroblasts"	5	"UHRF1BP1L"	-0.286130118407682	6.12309188650723	0.403375648974651	0.535479717737593	0.862141933169442
"All fibroblasts"	5	"TMEM167A"	0.216731362520197	6.99858586010705	0.403577134706825	0.535541551325448	0.862141933169442
"All fibroblasts"	5	"GPR107"	0.219283384330456	6.80552198812667	0.403589199988921	0.535572478491003	0.862141933169442
"All fibroblasts"	5	"USP22"	0.179409967079111	8.06530864034477	0.403346382137334	0.535684038208742	0.862141933169442
"All fibroblasts"	5	"CIAO1"	0.216602477079814	6.51470556542511	0.401202196117507	0.535880609135285	0.862141933169442
"All fibroblasts"	5	"HERC4"	0.233422725981606	6.23018893739605	0.402316073397805	0.53589807481375	0.862141933169442
"All fibroblasts"	5	"UBE2N"	0.19691041406063	7.28575819123361	0.402029727938719	0.53623527035049	0.862249473682616
"All fibroblasts"	5	"UBC"	-0.148207988749771	9.14603781713277	0.40204521436432	0.53631891616258	0.862249473682616
"All fibroblasts"	5	"MRPS35"	-0.30580116918084	5.90485043557796	0.399336414281271	0.536767854752902	0.862249473682616
"All fibroblasts"	5	"DNPEP"	0.288992776442725	6.43558098118094	0.399252579201926	0.537212902762935	0.862249473682616
"All fibroblasts"	5	"CNTLN"	-0.255660786683079	6.37630332729709	0.398850721508685	0.537228725430069	0.862249473682616
"All fibroblasts"	5	"CNOT9"	0.258002207826985	6.75617927878141	0.398472439371602	0.53723695992313	0.862249473682616
"All fibroblasts"	5	"DKK3"	-0.171955998626858	8.76548111384884	0.400155219911999	0.53727082502881	0.862249473682616
"All fibroblasts"	5	"MFSD1"	0.180428725766918	7.10553732822196	0.399609588363815	0.537455328320907	0.862249473682616
"All fibroblasts"	5	"GTF3C2"	0.307462892817602	5.8434591670979	0.397824788920659	0.537460438779685	0.862249473682616
"All fibroblasts"	5	"DDIT4"	0.311415025791203	6.87187443694292	0.398932133857472	0.537699744107507	0.862249473682616
"All fibroblasts"	5	"CPNE8"	-0.252956236200571	6.52359948739385	0.398738568717151	0.537713457654637	0.862249473682616
"All fibroblasts"	5	"EIF2B5"	0.291636455376699	6.0036425103877	0.398766230598927	0.537740619077162	0.862249473682616
"All fibroblasts"	5	"POLR2J3"	-0.266606961697413	6.68021235185425	0.397655300222486	0.538176162627975	0.86235425088344
"All fibroblasts"	5	"USP48"	0.222650650029138	6.61605794781587	0.397712842093637	0.538258233346148	0.86235425088344
"All fibroblasts"	5	"CEP126"	-0.326316076257466	5.97584877853884	0.397348792698225	0.538338695244397	0.86235425088344
"All fibroblasts"	5	"TYK2"	0.256918468434508	6.89373995195907	0.396970401191371	0.538632214537306	0.86235425088344
"All fibroblasts"	5	"ZNF644"	-0.222496094827223	7.00252082489612	0.396968556218859	0.53878470469079	0.86235425088344
"All fibroblasts"	5	"ARMCX2"	0.262442246920845	6.26707091842619	0.395565295930527	0.538785594975549	0.86235425088344
"All fibroblasts"	5	"CREBL2"	-0.293501737699851	5.98107037213149	0.396059937777702	0.538841913071324	0.86235425088344
"All fibroblasts"	5	"CALM2"	-0.150823011559285	9.16756618977401	0.396590394898624	0.539055559898223	0.862459293664729
"All fibroblasts"	5	"GNPDA1"	-0.218076088422935	6.38138819908092	0.394117392687416	0.539539065562793	0.862846914174943
"All fibroblasts"	5	"TMEM263"	0.222081135743749	6.54630033657218	0.394618637448817	0.539593985799467	0.862846914174943
"All fibroblasts"	5	"FLNB"	0.266143522161952	6.35318252380611	0.395155276925585	0.539789594765447	0.862922899505696
"All fibroblasts"	5	"DNAJB11"	0.371510693712797	6.10190356131955	0.395613700378903	0.540091718820569	0.863169074483669
"All fibroblasts"	5	"ARF6"	0.163828370927475	7.59673696218053	0.393279219898774	0.540760019450475	0.863782200104122
"All fibroblasts"	5	"TIMM10B"	0.356660434186617	6.05292033566754	0.390848952427648	0.540771832157172	0.863782200104122
"All fibroblasts"	5	"FAM192A"	0.24172061372475	6.4906720633924	0.391179823950525	0.541192417723163	0.863846311169114
"All fibroblasts"	5	"PARP4"	0.220052738749453	6.34889996944375	0.392097648008889	0.541245175185999	0.863846311169114
"All fibroblasts"	5	"QARS"	0.183181609146922	6.96554031500799	0.392188052519775	0.541318020794807	0.863846311169114
"All fibroblasts"	5	"CKS2"	0.248969514554738	6.14938634665583	0.391330207076639	0.541404964542578	0.863846311169114
"All fibroblasts"	5	"NOLC1"	0.181231954675625	7.64584110897117	0.391604739193886	0.541609577818314	0.863936219531157
"All fibroblasts"	5	"DUT"	-0.171277779421414	7.91331164470074	0.390907745831009	0.541959792334316	0.864162494372775
"All fibroblasts"	5	"RBM42"	0.270053357368523	6.44075574826506	0.390013012324735	0.542048037915307	0.864162494372775
"All fibroblasts"	5	"TANK"	-0.247148447866515	6.50603495220885	0.387835880262142	0.543125753496643	0.865305177733471
"All fibroblasts"	5	"TRIM3"	0.331549417481861	5.96666950000748	0.387162443865953	0.543133888401459	0.865305177733471
"All fibroblasts"	5	"C19orf12"	0.257225115904935	6.61361470287537	0.387314525728346	0.543771951060125	0.865305177733471
"All fibroblasts"	5	"TSPO"	0.283184059237994	6.48831808058065	0.386462369988054	0.544212088396701	0.865305177733471
"All fibroblasts"	5	"METTL16"	0.275550119200124	5.98433014324717	0.384826374608152	0.544266531473451	0.865305177733471
"All fibroblasts"	5	"DVL3"	0.171294671151761	7.45029845920109	0.3857424593387	0.544606034204914	0.865305177733471
"All fibroblasts"	5	"COPA"	0.157522946600283	8.25227529393545	0.385423600312782	0.544767996712242	0.865305177733471
"All fibroblasts"	5	"FXR1"	0.207804304842161	7.35713084374547	0.384975919856466	0.544967970127631	0.865305177733471
"All fibroblasts"	5	"FNBP4"	-0.197747085745011	7.3111276629893	0.384919303291849	0.54503672932545	0.865305177733471
"All fibroblasts"	5	"WDFY3"	0.208479030516612	6.52229487576382	0.384740763326365	0.545117437073304	0.865305177733471
"All fibroblasts"	5	"PRXL2C"	0.302351050262367	6.07677497837399	0.382837094835345	0.545323709970464	0.865305177733471
"All fibroblasts"	5	"JOSD1"	-0.284281381056649	6.02980332932973	0.382404725044323	0.545343771926603	0.865305177733471
"All fibroblasts"	5	"B4GALT5"	-0.255889811163174	7.04297385005706	0.38396449315493	0.545484304005206	0.865305177733471
"All fibroblasts"	5	"ARL8B"	0.16836870979927	7.52882441684628	0.383855552925421	0.545584470133663	0.865305177733471
"All fibroblasts"	5	"COPS5"	-0.255243414210187	6.19267606481475	0.381954572557682	0.545633815196684	0.865305177733471
"All fibroblasts"	5	"ARNT"	-0.215719567617637	6.64934352625278	0.38351495499795	0.545747022105356	0.865305177733471
"All fibroblasts"	5	"RAB11A"	0.170416641599854	7.51506055722296	0.383489354735353	0.545774734462842	0.865305177733471
"All fibroblasts"	5	"GUSB"	-0.252701175422816	6.75698730086305	0.382365377788077	0.545878357535711	0.865305177733471
"All fibroblasts"	5	"PSPC1"	0.291300022700693	5.90711183081671	0.382488089402473	0.545953387180451	0.865305177733471
"All fibroblasts"	5	"KIF5B"	0.180411537336385	8.3257784071205	0.382485396236692	0.54628278948617	0.865305177733471
"All fibroblasts"	5	"TMSB4X"	-0.125210242420708	11.2985965341203	0.382408887702831	0.546298810902449	0.865305177733471
"All fibroblasts"	5	"MRPS18B"	-0.224260640608053	6.66098710715594	0.380266128403624	0.546390549815751	0.865305177733471
"All fibroblasts"	5	"PDZRN3"	-0.201343618496873	7.00538357016042	0.381597841774136	0.546654296750434	0.865305177733471
"All fibroblasts"	5	"CERS2"	-0.177014858505243	7.86051599136268	0.381730266007839	0.546674260344391	0.865305177733471
"All fibroblasts"	5	"TRAPPC6B"	-0.305598771824694	6.07705884392338	0.37982377527505	0.546706359412489	0.865305177733471
"All fibroblasts"	5	"MRPL32"	-0.295776337357163	6.35009105108363	0.380168085523507	0.546800601924165	0.865305177733471
"All fibroblasts"	5	"RPN1"	0.204759324829454	7.98488067169424	0.380999836040066	0.547049507143621	0.865305177733471
"All fibroblasts"	5	"MIA2"	0.246572092385731	6.12743251582564	0.380328229095058	0.54725313968255	0.865305177733471
"All fibroblasts"	5	"UQCR10"	0.223705890860014	7.1674437125342	0.380464485985766	0.547310069923763	0.865305177733471
"All fibroblasts"	5	"KLHDC2"	-0.263737271247449	6.51046512543174	0.378755510158	0.547404993485819	0.865305177733471
"All fibroblasts"	5	"RHOB"	-0.154148219178919	9.96702234519005	0.379936169643988	0.547585355287174	0.865305177733471
"All fibroblasts"	5	"JUND"	0.173676738213669	10.4352951723401	0.37985507474429	0.547625994776731	0.865305177733471
"All fibroblasts"	5	"RNF130"	-0.178680898938426	7.24394006719857	0.379705132755154	0.547665264369494	0.865305177733471
"All fibroblasts"	5	"SCFD1"	-0.2012016020058	6.65665350498086	0.378227851523842	0.548113219560844	0.865735028268852
"All fibroblasts"	5	"RNF5"	-0.236735241767608	6.8820941865711	0.376592980473613	0.548458582488403	0.865735028268852
"All fibroblasts"	5	"MUM1"	0.242739313047355	6.65957550080051	0.377804081598488	0.548648527027467	0.865735028268852
"All fibroblasts"	5	"ITGA8"	0.162527648936267	7.94922477324158	0.377863513925925	0.548690111611586	0.865735028268852
"All fibroblasts"	5	"ACSL3"	-0.205948611279727	6.90127864646783	0.377818743306823	0.548718274243059	0.865735028268852
"All fibroblasts"	5	"PPP1R7"	-0.241657156662099	6.29843798487123	0.378642751263326	0.549030412099318	0.865735028268852
"All fibroblasts"	5	"ATP6V1B2"	0.187640252199823	6.95850075899725	0.376824064161948	0.549161530563199	0.865735028268852
"All fibroblasts"	5	"LARP4B"	0.297049989428829	5.94748875851503	0.375262609531146	0.549328571438804	0.865735028268852
"All fibroblasts"	5	"EVA1A"	0.301463746081748	5.92723418367578	0.374771537985627	0.549389968329911	0.865735028268852
"All fibroblasts"	5	"SLC35C2"	0.334962734020058	5.95027954568271	0.374081530433495	0.549423053807828	0.865735028268852
"All fibroblasts"	5	"WBP1L"	0.264507755192509	6.46065582086867	0.374081262818987	0.549661131747735	0.865876024518533
"All fibroblasts"	5	"SYNPO"	0.243987779458244	6.61162161551285	0.375128191075242	0.549962526893448	0.866015376166013
"All fibroblasts"	5	"MAPK1IP1L"	0.175597100985206	7.2034570317234	0.374853088792215	0.550073556697282	0.866015376166013
"All fibroblasts"	5	"LAMC1"	0.137839782503964	9.7314038680053	0.374811548792278	0.550261790490404	0.866015376166013
"All fibroblasts"	5	"RIN2"	0.195591514792449	7.04940116891606	0.374429450287801	0.550494581982761	0.866015376166013
"All fibroblasts"	5	"S100A16"	0.237710560267892	6.6631966931729	0.373840877549227	0.550639856777467	0.866015376166013
"All fibroblasts"	5	"ATP6V0E1"	0.147216289154404	8.36916132292731	0.373681154338554	0.550874855179927	0.866015376166013
"All fibroblasts"	5	"FTH1"	0.119670819560124	11.5667886403788	0.372170567052035	0.551649062584968	0.866015376166013
"All fibroblasts"	5	"ERBIN"	-0.190613882738253	7.09359680762793	0.3721066078859	0.551674844684189	0.866015376166013
"All fibroblasts"	5	"RAB21"	-0.228825984025157	6.65146102194903	0.370257299512204	0.551695809469914	0.866015376166013
"All fibroblasts"	5	"TNRC6B"	-0.228986184325785	7.65740574221154	0.371055556032753	0.551705559841145	0.866015376166013
"All fibroblasts"	5	"OPA1"	0.255760349943461	6.17152886667995	0.370008238645581	0.551716801165275	0.866015376166013
"All fibroblasts"	5	"UBAP2"	0.250988429815584	6.04319548569072	0.370115823209953	0.551934250982263	0.866015376166013
"All fibroblasts"	5	"PNRC2"	-0.169366551228275	8.13475617872464	0.371212903323194	0.552176860347983	0.866015376166013
"All fibroblasts"	5	"BLVRA"	0.27188367084601	5.99423675148159	0.370949598746552	0.55219024909888	0.866015376166013
"All fibroblasts"	5	"DAZAP2"	0.15512749851355	8.84464069340396	0.370710545702419	0.552432352603901	0.866015376166013
"All fibroblasts"	5	"MOXD1"	-0.238851894301842	6.6340819533673	0.3688215163958	0.552433191085256	0.866015376166013
"All fibroblasts"	5	"ENG"	0.230193873813987	6.91427444513673	0.370201187267555	0.552568528803682	0.866015376166013
"All fibroblasts"	5	"HDAC6"	-0.39396391552473	5.71847034984746	0.369040833284535	0.552580965309375	0.866015376166013
"All fibroblasts"	5	"PBXIP1"	-0.212621912034915	6.98578811974902	0.370348370939337	0.552644961604228	0.866015376166013
"All fibroblasts"	5	"ZNF638"	-0.165619159585184	7.75993997049414	0.370159197753531	0.552722015438717	0.866015376166013
"All fibroblasts"	5	"TBCB"	0.283177679027138	6.99916803483453	0.368741221605774	0.55289185738959	0.866048616400307
"All fibroblasts"	5	"GBP3"	-0.188016696182709	7.18570674657283	0.368935088274317	0.553395139401174	0.866097363231635
"All fibroblasts"	5	"DEXI"	-0.272846363376803	6.30784500457491	0.368554426239958	0.55340509250413	0.866097363231635
"All fibroblasts"	5	"GIGYF2"	-0.22427122617298	7.01132060325303	0.368669059333041	0.553433146869495	0.866097363231635
"All fibroblasts"	5	"GPX8"	-0.202170800729716	7.26276215044646	0.368617033551642	0.553517518564374	0.866097363231635
"All fibroblasts"	5	"ATP5PF"	-0.163014603694964	8.01516385338445	0.36835800146666	0.55369185947325	0.866137574537081
"All fibroblasts"	5	"BIVM"	0.285000628611801	6.12171464030837	0.366694106695061	0.55410876787925	0.866271727552522
"All fibroblasts"	5	"CTR9"	0.221649081648312	6.57167948106119	0.36674907108993	0.554463040663306	0.866271727552522
"All fibroblasts"	5	"CASP7"	0.310647223287514	5.9535839103295	0.366443487186666	0.554490335653294	0.866271727552522
"All fibroblasts"	5	"COX7A2"	0.159098688937048	7.65558571813986	0.365914095026615	0.554996765647567	0.866271727552522
"All fibroblasts"	5	"FAF1"	-0.261131973990438	6.0480436720232	0.365027374141279	0.555118925741107	0.866271727552522
"All fibroblasts"	5	"PIK3IP1"	-0.256985140916734	6.28062834598564	0.365483843051005	0.5551442639689	0.866271727552522
"All fibroblasts"	5	"CENPT"	-0.262187074568502	6.36888920409332	0.364300802785259	0.555458036205742	0.866271727552522
"All fibroblasts"	5	"DDX1"	0.16346502581922	7.44802573266428	0.36491598108741	0.555513701218237	0.866271727552522
"All fibroblasts"	5	"TMEM39A"	0.307038478688986	6.25854177783707	0.363972616152024	0.555663200596024	0.866271727552522
"All fibroblasts"	5	"TPP1"	0.154334014423181	8.83476394903021	0.364109021079806	0.555948310119981	0.866271727552522
"All fibroblasts"	5	"MXD4"	0.222051291075039	6.84548069872294	0.363940472164503	0.556080188557133	0.866271727552522
"All fibroblasts"	5	"CHD8"	0.211506535301028	6.83402259413781	0.363777104766408	0.55612456899736	0.866271727552522
"All fibroblasts"	5	"SPIDR"	0.29100677068525	6.02504996197257	0.363198654638597	0.556135786618257	0.866271727552522
"All fibroblasts"	5	"COX15"	0.308643305517903	5.94495880017545	0.364923147074897	0.556203404443209	0.866271727552522
"All fibroblasts"	5	"UPF3A"	-0.17027599172778	7.38354429010311	0.36307408519871	0.556268308851566	0.866271727552522
"All fibroblasts"	5	"MBD1"	-0.260071510201808	6.2563536092225	0.362001247053733	0.556300343872067	0.866271727552522
"All fibroblasts"	5	"CNOT4"	-0.19591927291126	6.70807148574354	0.362746024254212	0.556304926120051	0.866271727552522
"All fibroblasts"	5	"COL16A1"	0.225738832445716	6.64448440568039	0.362232318011174	0.556812533616286	0.866830519204408
"All fibroblasts"	5	"SSR1"	0.17007382809291	8.09174408301769	0.361909584190913	0.55714106616563	0.866943050741974
"All fibroblasts"	5	"APOD"	-0.28016145372058	8.72832439977035	0.361594112435715	0.55718237944546	0.866943050741974
"All fibroblasts"	5	"GHITM"	-0.175247726382948	7.43850716346241	0.361364565678094	0.557422958551046	0.867085846096354
"All fibroblasts"	5	"CREM"	0.267338990994971	6.45797360574227	0.361574833145311	0.558079360593601	0.867875215953807
"All fibroblasts"	5	"TTC3"	-0.159075877408208	8.45344483277068	0.35935045244372	0.558515489184259	0.868056605104506
"All fibroblasts"	5	"CREBZF"	0.182408891752419	7.14059624321154	0.359114622254615	0.558616808370895	0.868056605104506
"All fibroblasts"	5	"SUMO3"	0.178749273083381	7.61263679409344	0.359010027432866	0.558715207504701	0.868056605104506
"All fibroblasts"	5	"HLA-DPA1"	0.233308108754563	7.12092029441224	0.358491538331071	0.55879188703398	0.868056605104506
"All fibroblasts"	5	"STXBP5"	0.209556308592616	6.60654132868965	0.35650209498754	0.55945261221189	0.868715067463751
"All fibroblasts"	5	"NAA15"	0.279356522431494	6.09313685676239	0.356277160363978	0.559645599185959	0.868715067463751
"All fibroblasts"	5	"TAOK1"	-0.169024791005718	7.57111443429468	0.357021979354457	0.559769370542288	0.868715067463751
"All fibroblasts"	5	"SETD3"	-0.188898809576825	6.68846660323363	0.35574076843709	0.560118733169261	0.868715067463751
"All fibroblasts"	5	"TBL1X"	-0.203167057708176	6.89928508549312	0.355938704676821	0.560137953980821	0.868715067463751
"All fibroblasts"	5	"FAM13B"	0.217751597872078	6.49293715335751	0.355740254301914	0.560149148148169	0.868715067463751
"All fibroblasts"	5	"ATF2"	-0.245635400387583	6.11113993108903	0.355948871186	0.560259348468985	0.868715067463751
"All fibroblasts"	5	"CYB5R1"	-0.253472116993124	5.91175477219332	0.35519727454587	0.560418958422638	0.868726611404797
"All fibroblasts"	5	"NKX2.3"	-0.186394637290659	8.04176140528006	0.355356380800117	0.560665042291026	0.868726611404797
"All fibroblasts"	5	"PAG1"	0.197279868217037	7.91120728169159	0.354828800129414	0.560970427943966	0.868726611404797
"All fibroblasts"	5	"LYRM2"	0.236502142421797	6.56200940974284	0.354076365140469	0.561112183424561	0.868726611404797
"All fibroblasts"	5	"CTNNA1"	0.178203418453384	7.59219490147075	0.354063593662858	0.561398629525838	0.868726611404797
"All fibroblasts"	5	"MLLT3"	-0.21580930687302	6.49826808312526	0.352892905306291	0.561572558023982	0.868726611404797
"All fibroblasts"	5	"PPFIA1"	-0.252990367764465	6.41981671972671	0.351898535444489	0.561682089138418	0.868726611404797
"All fibroblasts"	5	"RETREG2"	-0.198274861296569	7.15100501612703	0.352883127236829	0.561796618341392	0.868726611404797
"All fibroblasts"	5	"EPN2"	-0.174694743489282	7.44553452561795	0.353176079400815	0.561863930178319	0.868726611404797
"All fibroblasts"	5	"RLIM"	-0.227884267790177	6.26229964973276	0.352995837539969	0.561920485751512	0.868726611404797
"All fibroblasts"	5	"GSDMD"	0.298713427544229	6.12816502350022	0.351332764622667	0.562138328603018	0.868726611404797
"All fibroblasts"	5	"EDEM3"	0.301122891780821	6.67907653518283	0.351782370665508	0.562197311743502	0.868726611404797
"All fibroblasts"	5	"ZNF609"	-0.21850186651899	6.73356765094982	0.350825162751238	0.562204917042645	0.868726611404797
"All fibroblasts"	5	"TUSC3"	0.222406694947793	6.5966928327119	0.350950976208043	0.562695196540652	0.868958053413757
"All fibroblasts"	5	"FEZ2"	0.266836130607671	6.50029185496482	0.351337863655038	0.562705552696935	0.868958053413757
"All fibroblasts"	5	"CD63"	0.11746893494789	10.5295468938873	0.351442519248511	0.56280207543908	0.868958053413757
"All fibroblasts"	5	"KHDRBS1"	0.144691750233148	8.60699156322439	0.350993358686314	0.5630624640022	0.869129795428031
"All fibroblasts"	5	"ARFIP1"	0.204517125688576	6.30467190879827	0.35023628822562	0.563455462192249	0.869506085326863
"All fibroblasts"	5	"ZFAND1"	-0.234692613264399	6.16952525793743	0.34902400989879	0.563708264798722	0.869621639888742
"All fibroblasts"	5	"MRPS15"	0.27390997925469	6.49970167566871	0.348772374649214	0.563917883234534	0.869621639888742
"All fibroblasts"	5	"ABCC5"	0.313702471004233	6.05848946740919	0.347412007818976	0.563978063693076	0.869621639888742
"All fibroblasts"	5	"IGFBP7"	-0.106881971444777	11.6490620231745	0.348938643633464	0.564178951031925	0.86970125599551
"All fibroblasts"	5	"SNX9"	0.148507586580267	7.95127572615158	0.348582941565381	0.564404397641689	0.869703896875222
"All fibroblasts"	5	"TRABD"	0.380195995810497	5.67868932696012	0.346088120142333	0.564536022343671	0.869703896875222
"All fibroblasts"	5	"NRP1"	0.332537460365306	6.12355826269535	0.346955969392602	0.564640561456235	0.869703896875222
"All fibroblasts"	5	"KTN1"	0.154900315009761	8.70380787880005	0.347345876022471	0.565068408736886	0.869703896875222
"All fibroblasts"	5	"ING1"	0.248363053284874	6.23214689324509	0.347111827614123	0.565076975650486	0.869703896875222
"All fibroblasts"	5	"TMX4"	0.253429881254299	7.50150943362089	0.347172851377874	0.565088138674363	0.869703896875222
"All fibroblasts"	5	"FBXO38"	0.231164044131762	6.06441468870132	0.345744706916209	0.565470173357023	0.869703896875222
"All fibroblasts"	5	"SOAT1"	-0.219394776966543	6.0109538565972	0.344875921249153	0.565519905542207	0.869703896875222
"All fibroblasts"	5	"CRYAB"	-0.288656213711769	5.97715543216087	0.344359024460886	0.565791380645448	0.869703896875222
"All fibroblasts"	5	"CHST11"	-0.224804366030762	6.59119079131887	0.345928792139714	0.565822210635812	0.869703896875222
"All fibroblasts"	5	"DDA1"	0.249879546839586	6.28870036811556	0.345446451155517	0.565822459765568	0.869703896875222
"All fibroblasts"	5	"APMAP"	0.171996894790018	7.36567096526572	0.345017915716616	0.566238254559305	0.869967549088396
"All fibroblasts"	5	"PIP4P2"	0.330752157016911	6.03118238843918	0.343822298991225	0.566292588586286	0.869967549088396
"All fibroblasts"	5	"DAB2"	-0.162462946118193	7.86937906385681	0.343642140351735	0.567105250571372	0.870388616945735
"All fibroblasts"	5	"DHX9"	0.17561885780659	7.34897829070783	0.343210548887506	0.567236314604924	0.870388616945735
"All fibroblasts"	5	"MTMR2"	0.22889346423586	6.46845178558394	0.343205533844611	0.567289534921409	0.870388616945735
"All fibroblasts"	5	"TMEM200B"	-0.346429015063543	6.04102199942015	0.342392525459928	0.567490344035252	0.870388616945735
"All fibroblasts"	5	"ZCCHC8"	-0.246576657716419	6.34813607717698	0.341174859185835	0.567542426936132	0.870388616945735
"All fibroblasts"	5	"ZNF148"	-0.257861238541857	6.84165626019644	0.342046324234804	0.567800131476592	0.870388616945735
"All fibroblasts"	5	"PHLDA3"	-0.283087062933529	6.10299522296525	0.341863429793772	0.567941740163147	0.870388616945735
"All fibroblasts"	5	"PTTG1IP"	0.165864678236145	8.53457639787082	0.342073435785883	0.568007730243797	0.870388616945735
"All fibroblasts"	5	"SMARCD1"	0.253461828259049	6.24396319457813	0.341687745662861	0.568011751849497	0.870388616945735
"All fibroblasts"	5	"HSPA14"	-0.267048292616504	5.92580841902192	0.341041853088685	0.5682966820314	0.870388616945735
"All fibroblasts"	5	"GATD3A"	-0.256549003151058	6.06348863073532	0.339606594603965	0.568403401040047	0.870388616945735
"All fibroblasts"	5	"STRN3"	-0.230339973652974	6.7012699330528	0.342053936386474	0.568753512413462	0.870388616945735
"All fibroblasts"	5	"CCNT2"	-0.31625026958595	6.00879368747739	0.339106282344396	0.568757010039906	0.870388616945735
"All fibroblasts"	5	"ESYT2"	-0.228336067683665	6.99019933851969	0.339853282828569	0.568823706964101	0.870388616945735
"All fibroblasts"	5	"UTP11"	0.229803655272415	7.31650289501629	0.339882974120835	0.569015595332671	0.870388616945735
"All fibroblasts"	5	"VWA1"	-0.351329356531709	5.87582284461079	0.338354812849885	0.569033992290815	0.870388616945735
"All fibroblasts"	5	"CSPP1"	-0.219584181522288	6.36088572560553	0.339493914569898	0.569331410964684	0.870388616945735
"All fibroblasts"	5	"FEZ1"	0.235610739846198	6.05360196875643	0.339160404084219	0.569551028250834	0.870388616945735
"All fibroblasts"	5	"ETFB"	0.327886587885056	5.62017976271672	0.33794460875457	0.569630710186649	0.870388616945735
"All fibroblasts"	5	"TMX1"	0.20342265151803	6.90669500254412	0.338575639133332	0.569668739791098	0.870388616945735
"All fibroblasts"	5	"BACH1"	-0.194617748064708	6.53659033743829	0.338243920379266	0.569905307061464	0.870388616945735
"All fibroblasts"	5	"ULK1"	0.21438883299444	6.55252451953012	0.33811717183202	0.570036631535534	0.870388616945735
"All fibroblasts"	5	"TFDP1"	-0.186227891969114	6.74890314426629	0.33748178258097	0.570046344353648	0.870388616945735
"All fibroblasts"	5	"LIMA1"	-0.160901504543783	8.16439138128642	0.338158154402995	0.570207141855098	0.870388616945735
"All fibroblasts"	5	"RDH11"	0.16240717113668	7.62453127547412	0.337528663359431	0.570567791773726	0.870388616945735
"All fibroblasts"	5	"SENP1"	-0.243957901470069	6.18648677068185	0.337010865793634	0.570623776571354	0.870388616945735
"All fibroblasts"	5	"OSBPL10"	-0.22842842237093	6.14047119593712	0.335984683589291	0.570815655150793	0.870388616945735
"All fibroblasts"	5	"KMT5A"	0.221555082648341	6.30988700058975	0.336324376109856	0.571156717394737	0.870388616945735
"All fibroblasts"	5	"RAB11FIP2"	-0.234278047620223	6.41526356418259	0.334934934936583	0.571182205058056	0.870388616945735
"All fibroblasts"	5	"SF3B5"	0.251450284259117	6.84447377359897	0.336131437549439	0.571353772065879	0.870388616945735
"All fibroblasts"	5	"MRPS23"	0.284708600491425	5.94501074980037	0.33659713436125	0.571457741933768	0.870388616945735
"All fibroblasts"	5	"PCID2"	-0.273723287086295	6.32955182528174	0.33445297589279	0.571461027740455	0.870388616945735
"All fibroblasts"	5	"MSI2"	-0.22364012320883	6.72741647560636	0.334119644481723	0.571557588657096	0.870388616945735
"All fibroblasts"	5	"CIB2"	0.249167423618738	6.74297869814697	0.335097740204873	0.571804668250872	0.870388616945735
"All fibroblasts"	5	"ABHD12"	0.26512098950921	6.01667758470783	0.333365687667664	0.571957099875779	0.870388616945735
"All fibroblasts"	5	"EIF3A"	0.159505992210171	8.60124533746106	0.334376920571223	0.572335973549843	0.870388616945735
"All fibroblasts"	5	"TPCN1"	0.197480068895687	6.75339391913454	0.333950090558096	0.572448861884364	0.870388616945735
"All fibroblasts"	5	"ETHE1"	-0.211885495066925	6.69270407789139	0.334118810630457	0.572481805233676	0.870388616945735
"All fibroblasts"	5	"SMARCAD1"	0.344181846244348	5.67925174942649	0.332103027534831	0.57265380355877	0.870388616945735
"All fibroblasts"	5	"IL6ST"	-0.120240328923594	10.4292475390649	0.333397146820232	0.572884115810583	0.870388616945735
"All fibroblasts"	5	"HNRNPUL1"	0.14692299324833	8.87995759674556	0.332839058124647	0.57320799784915	0.870388616945735
"All fibroblasts"	5	"KAT6A"	-0.166534561985261	7.07866666266829	0.332482811840318	0.573363826955862	0.870388616945735
"All fibroblasts"	5	"UBE3C"	-0.246451187715938	6.07364253972019	0.331297550650489	0.573718656647033	0.870388616945735
"All fibroblasts"	5	"AAK1"	-0.245983566610038	6.31907800493528	0.333133796069216	0.573774611862969	0.870388616945735
"All fibroblasts"	5	"IRS1"	0.197733243838735	6.60836381058913	0.331376928684147	0.573789026972024	0.870388616945735
"All fibroblasts"	5	"ARL6IP1"	0.180516898108512	7.50961083233615	0.331800028634613	0.573827016480026	0.870388616945735
"All fibroblasts"	5	"MCC"	0.17772157136121	7.0237530793614	0.331512715264367	0.573909140632703	0.870388616945735
"All fibroblasts"	5	"TAF9B"	-0.271692188389203	6.03008794958933	0.331184496181781	0.573963103651174	0.870388616945735
"All fibroblasts"	5	"ELK3"	0.187435170166244	7.13695988717605	0.330533500889663	0.57411309136698	0.870388616945735
"All fibroblasts"	5	"PDIA5"	0.168697778369135	7.03064285068294	0.330605531101912	0.574218085107986	0.870388616945735
"All fibroblasts"	5	"TTC17"	-0.177182581930906	7.44511318753029	0.330683642371851	0.574409105961773	0.870388616945735
"All fibroblasts"	5	"MOB4"	0.266513491337859	5.82035796645977	0.328642191486704	0.574417525100734	0.870388616945735
"All fibroblasts"	5	"BCL9L"	0.193463760216766	7.79628972368505	0.330409735268567	0.574617870555185	0.870388616945735
"All fibroblasts"	5	"RHOG"	0.185545318708004	6.78506419838539	0.330374918969006	0.574632745733695	0.870388616945735
"All fibroblasts"	5	"TLN1"	0.147385163256732	8.82824940404115	0.329517245259522	0.575108265562472	0.870667289038113
"All fibroblasts"	5	"NT5DC1"	0.240242702883287	5.96041200287222	0.329303594060621	0.575115564700137	0.870667289038113
"All fibroblasts"	5	"MARK2"	-0.253856239824514	6.3234613997747	0.32805112552076	0.575676489645295	0.871138136705317
"All fibroblasts"	5	"DDX55"	0.280926732974967	5.86250194714623	0.327070010572454	0.575920241722607	0.871138136705317
"All fibroblasts"	5	"EIF4G1"	0.198217383336871	7.25855026888633	0.327995887965271	0.575947998734789	0.871138136705317
"All fibroblasts"	5	"PPP1CB"	-0.201437910830299	8.10735214526285	0.327793120479895	0.57611115681152	0.871138136705317
"All fibroblasts"	5	"PDIA6"	0.151186745382798	8.77444425763231	0.327670565317998	0.576174082523132	0.871138136705317
"All fibroblasts"	5	"MOSMO"	0.272480295473938	6.25578654666577	0.325327896986351	0.576977591411928	0.871378662983782
"All fibroblasts"	5	"TRIM14"	-0.301492547033659	5.9879794165312	0.324188845968204	0.577429853689744	0.871378662983782
"All fibroblasts"	5	"NAA16"	0.2327031571544	6.0899395460465	0.323841631723991	0.577660090675352	0.871378662983782
"All fibroblasts"	5	"SACM1L"	0.270278971189664	5.87538488251602	0.323134452736819	0.577691732172531	0.871378662983782
"All fibroblasts"	5	"RAB5A"	-0.175123032193466	6.9605349265791	0.324338288396792	0.577735354922158	0.871378662983782
"All fibroblasts"	5	"MAP3K13"	-0.20420350619392	6.38734653838899	0.324197577612874	0.577938856678635	0.871378662983782
"All fibroblasts"	5	"TAF3"	-0.188117038986796	6.70166023444754	0.323576652246449	0.578152754945721	0.871378662983782
"All fibroblasts"	5	"TSPAN3"	0.14269572476513	7.98183061951853	0.323885503148988	0.578372202657251	0.871378662983782
"All fibroblasts"	5	"YTHDC1"	-0.176978813020739	7.30577221072747	0.323809356068706	0.57838621637987	0.871378662983782
"All fibroblasts"	5	"HDAC3"	0.267791487711722	5.93971152612365	0.322486275367041	0.57885200411131	0.871378662983782
"All fibroblasts"	5	"ANKRD26"	0.287065001487796	6.08131296417962	0.321683891089355	0.578876272889219	0.871378662983782
"All fibroblasts"	5	"RNASEH2B"	-0.212756080711698	6.58181061080938	0.322574741829617	0.579080578183409	0.871378662983782
"All fibroblasts"	5	"COX14"	0.285122492457726	5.89605880360327	0.32133948614063	0.579140271234052	0.871378662983782
"All fibroblasts"	5	"UBE2E1"	-0.195337771655211	6.96851925994388	0.321565970256687	0.579295368689439	0.871378662983782
"All fibroblasts"	5	"ADGRA2"	-0.167088315080942	7.75592044522583	0.322204415362938	0.579348186547651	0.871378662983782
"All fibroblasts"	5	"TGOLN2"	0.140508684055506	8.61261188822066	0.32212267893709	0.579377981994275	0.871378662983782
"All fibroblasts"	5	"TSN"	-0.264097207132724	6.30401769744627	0.321485791100018	0.579500304746864	0.871378662983782
"All fibroblasts"	5	"NADK"	0.274992824852542	6.00385987809881	0.320182837574421	0.579593007847322	0.871378662983782
"All fibroblasts"	5	"NT5C3A"	0.24811279760391	5.93170038069427	0.320823065126704	0.579884704656481	0.871378662983782
"All fibroblasts"	5	"PITX1"	0.214003846709483	8.10128764866027	0.32123423461713	0.579903152432449	0.871378662983782
"All fibroblasts"	5	"GPX2"	-0.426139583893809	5.82539065993218	0.319817439709838	0.579938142364263	0.871378662983782
"All fibroblasts"	5	"CLEC2D"	-0.237175381326027	6.45411772778088	0.320828342066577	0.579957603136488	0.871378662983782
"All fibroblasts"	5	"PLEKHA1"	-0.205251848171248	6.31874559720924	0.319469858716911	0.580202599122891	0.871378662983782
"All fibroblasts"	5	"ARF1"	0.128130722768501	9.24888491262652	0.320649660569408	0.580233250769157	0.871378662983782
"All fibroblasts"	5	"ALG2"	0.228148994599473	6.85205757443732	0.320607927357755	0.580256941748028	0.871378662983782
"All fibroblasts"	5	"RBM18"	-0.229785807433521	6.14448164954843	0.319565904038968	0.580473544656766	0.871378662983782
"All fibroblasts"	5	"TWF1"	0.216702863686212	6.58885889341478	0.32008495418103	0.580545122987425	0.871378662983782
"All fibroblasts"	5	"NAXE"	0.193972556098956	6.37530534485355	0.320008737097518	0.580551886677742	0.871378662983782
"All fibroblasts"	5	"SART3"	-0.241182862758132	6.06631130206574	0.319640270283485	0.580669872724563	0.871378662983782
"All fibroblasts"	5	"EFR3A"	-0.18284551992943	7.02388836242785	0.318776471193449	0.581164261293327	0.871896022285329
"All fibroblasts"	5	"PIAS3"	0.175270762933094	7.18968472184565	0.31799502692789	0.581544466258376	0.872163030265803
"All fibroblasts"	5	"GLCE"	-0.298039142921664	6.14682688220062	0.316708580029183	0.581641588401048	0.872163030265803
"All fibroblasts"	5	"MDH2"	0.203572618127687	6.42887575059179	0.316779981323743	0.582161527117233	0.872265426726514
"All fibroblasts"	5	"FOS"	-0.260030596337267	10.9653029695303	0.317338641377811	0.582170300680332	0.872265426726514
"All fibroblasts"	5	"UPF2"	0.230112210651177	6.7024429655649	0.316792098952745	0.582238354923161	0.872265426726514
"All fibroblasts"	5	"ID4"	-0.251134304268626	7.0215654221729	0.316613137833436	0.582563696954674	0.872265426726514
"All fibroblasts"	5	"TBL1XR1"	-0.158433153534852	7.25206707037258	0.316240443390436	0.582830690936881	0.872265426726514
"All fibroblasts"	5	"COX4I1"	0.151611871569612	8.70350370909205	0.316123930869744	0.582888995875319	0.872265426726514
"All fibroblasts"	5	"DYNC1LI1"	0.326922424545946	6.15710279603925	0.315249592519953	0.583165102699844	0.872265426726514
"All fibroblasts"	5	"OAT"	-0.219077946922397	7.51484491171778	0.315245705453348	0.583424630538513	0.872265426726514
"All fibroblasts"	5	"ACOX1"	0.221464449105022	6.18908451067256	0.314637326450856	0.583479881808824	0.872265426726514
"All fibroblasts"	5	"NDUFS2"	0.156198292827371	7.54120722692847	0.315027240860671	0.583537764454757	0.872265426726514
"All fibroblasts"	5	"MAZ"	0.167650741449849	7.7706143990793	0.315056704167215	0.583544069810938	0.872265426726514
"All fibroblasts"	5	"SEMA3A"	0.196594544064876	6.70628272534852	0.314028190199986	0.58359196355827	0.872265426726514
"All fibroblasts"	5	"CMAS"	-0.280131532433027	6.58858774700928	0.314868276189302	0.583655894766892	0.872265426726514
"All fibroblasts"	5	"ELF1"	-0.243216202111962	6.6390074824268	0.313973146309419	0.58384336169886	0.872321863748527
"All fibroblasts"	5	"CHERP"	-0.209142440670481	6.0264255401066	0.312624497349691	0.584298899113072	0.872778693958439
"All fibroblasts"	5	"COPB1"	0.15649890818009	7.26015652774942	0.313435351917523	0.584496091154668	0.872849493377306
"All fibroblasts"	5	"HNRNPK"	-0.122741673088122	9.44675745290197	0.312435908273944	0.58506871793655	0.873480763365686
"All fibroblasts"	5	"FOXK1"	0.235873221330075	6.02689776262858	0.311838553770891	0.585245681214459	0.873500856231966
"All fibroblasts"	5	"ETS1"	0.156393989865545	7.77757973145452	0.311954809079496	0.585381987915879	0.873500856231966
"All fibroblasts"	5	"HSPD1"	-0.147137330886494	8.64411666348974	0.310954420861332	0.585955101841056	0.874132201338412
"All fibroblasts"	5	"MRPL54"	0.338604074799681	5.82283588861951	0.308330121508874	0.586288130752914	0.874239509935173
"All fibroblasts"	5	"WASHC2A"	0.261616479186701	5.80440542582053	0.311428127345859	0.586327098820432	0.874239509935173
"All fibroblasts"	5	"HEBP2"	-0.163414270944461	7.4027892224583	0.309798078447654	0.586660123509652	0.874512289509016
"All fibroblasts"	5	"GPNMB"	-0.259840875907617	6.28092929975516	0.307827615121184	0.587691811711065	0.875583449554443
"All fibroblasts"	5	"METTL3"	0.244006504510313	5.88951219766095	0.308919782484283	0.587754675538627	0.875583449554443
"All fibroblasts"	5	"BNIP3L"	-0.158722155758433	7.63872554951109	0.307802312204764	0.58785667432164	0.875583449554443
"All fibroblasts"	5	"NECTIN3"	0.199313516004767	6.34229032775739	0.307586809048454	0.587979755981901	0.875583449554443
"All fibroblasts"	5	"MRVI1"	-0.185518178305898	8.03622136395203	0.307296235685982	0.588158766060037	0.875626246763372
"All fibroblasts"	5	"SHANK2"	-0.289825797453043	5.70180365707069	0.305670130840838	0.588334167045107	0.875663650414262
"All fibroblasts"	5	"GLT8D2"	-0.140502400578126	7.737435690017	0.306203578997875	0.588813154200913	0.87614692728076
"All fibroblasts"	5	"RNF187"	-0.159352158836509	7.49805575300872	0.305967952936619	0.588959587121801	0.87614692728076
"All fibroblasts"	5	"LPIN2"	-0.260747797643262	6.06397309847103	0.304891875241878	0.589160133203162	0.876221566149776
"All fibroblasts"	5	"ARHGAP21"	-0.174188622388314	7.01297924591765	0.305124918599411	0.589406097112284	0.876363696829109
"All fibroblasts"	5	"FAM160B1"	-0.24519924170922	6.10784751828855	0.303410630726865	0.589589435506327	0.876412663442696
"All fibroblasts"	5	"UBA3"	-0.217492949138259	6.25882895631326	0.304311661615012	0.589914618420643	0.876672400289999
"All fibroblasts"	5	"PPDPF"	-0.180193754536178	9.62685014662795	0.303358091883798	0.590513255147669	0.87715807419238
"All fibroblasts"	5	"NR2F6"	0.23949127444964	5.80723196571352	0.301805262602567	0.590742999424017	0.87715807419238
"All fibroblasts"	5	"SNX5"	-0.205630154260321	6.88902317975753	0.302644480246724	0.590853813093177	0.87715807419238
"All fibroblasts"	5	"SLC25A1"	0.271119338307228	5.91997178651784	0.301426708041288	0.591010128908623	0.87715807419238
"All fibroblasts"	5	"CYFIP1"	-0.186672210220837	7.04234450942285	0.302409554052984	0.591112706997252	0.87715807419238
"All fibroblasts"	5	"LRP5"	-0.227747258618325	6.67701361112143	0.301547984341299	0.591430522785778	0.87715807419238
"All fibroblasts"	5	"EMD"	0.199298475542342	7.10635893734148	0.301027938463514	0.591570349995106	0.87715807419238
"All fibroblasts"	5	"THAP5"	-0.288285311094462	5.8751791212563	0.302334349518522	0.591670702160603	0.87715807419238
"All fibroblasts"	5	"GART"	0.327717627887954	5.88032099738148	0.300075158311064	0.591680664392191	0.87715807419238
"All fibroblasts"	5	"APEH"	0.28999514041066	5.8861769311084	0.30026908023369	0.591746763283035	0.87715807419238
"All fibroblasts"	5	"CLCC1"	-0.193090209512096	6.28423197045361	0.299377654176103	0.592163257778303	0.877182848840061
"All fibroblasts"	5	"TMEM138"	0.193956491423921	6.23845497038408	0.299540756817892	0.592422770534233	0.877182848840061
"All fibroblasts"	5	"TP53BP1"	0.183252593748959	6.63160845670208	0.299984328539949	0.592590657229477	0.877182848840061
"All fibroblasts"	5	"PLPP1"	0.121893188311067	9.81253869163077	0.299760794690617	0.592701905574795	0.877182848840061
"All fibroblasts"	5	"ATP6AP2"	-0.166419307612414	8.12975751566184	0.299679608511385	0.592728424737205	0.877182848840061
"All fibroblasts"	5	"FBXW2"	0.215704575805324	6.31489211251633	0.298967302943926	0.592765762225871	0.877182848840061
"All fibroblasts"	5	"CLK2"	-0.18044819230221	6.98622217201571	0.299458425686485	0.592817240214889	0.877182848840061
"All fibroblasts"	5	"BDP1"	-0.188521928245354	7.29009610885398	0.298388154603535	0.593502692650743	0.877974153357674
"All fibroblasts"	5	"NDUFAB1"	-0.175212220477685	7.24628076941986	0.298158921917587	0.593673274627328	0.878003596764832
"All fibroblasts"	5	"TM9SF3"	-0.130296650103438	8.41491899200335	0.297564217464088	0.594060737570367	0.878353696478693
"All fibroblasts"	5	"FEM1C"	-0.245216700196013	5.76197929756046	0.296609736934828	0.594367661152011	0.878535666895307
"All fibroblasts"	5	"DGKA"	-0.198961011929833	6.18752060568536	0.295837215357167	0.594661287418895	0.878535666895307
"All fibroblasts"	5	"CDC42BPB"	-0.23147793453477	6.65386757932311	0.294668685778402	0.594903284396329	0.878535666895307
"All fibroblasts"	5	"VPS28"	-0.209239757602968	6.71660365731253	0.295062190537834	0.594923787526698	0.878535666895307
"All fibroblasts"	5	"IFI27"	0.225982802955491	8.20281154748884	0.296018489454841	0.595017708386877	0.878535666895307
"All fibroblasts"	5	"MTDH"	-0.158939357966943	8.60174304794276	0.295590114433708	0.595273360569634	0.878535666895307
"All fibroblasts"	5	"COQ4"	0.265103229657186	5.93070666101168	0.294773796481596	0.595639242523469	0.878535666895307
"All fibroblasts"	5	"PPRC1"	0.233524510976816	6.04959285776406	0.293175154512318	0.595849816847133	0.878535666895307
"All fibroblasts"	5	"HBP1"	-0.199770902529045	7.41931152944956	0.29385057115005	0.595972278794435	0.878535666895307
"All fibroblasts"	5	"SLC9A9"	-0.258854152074163	6.09348174608776	0.295353761153296	0.596109750878343	0.878535666895307
"All fibroblasts"	5	"KLHL20"	-0.207111001944671	6.22204871249146	0.294627685674901	0.596551822732896	0.878535666895307
"All fibroblasts"	5	"BRD1"	-0.210314995671489	5.97917313481764	0.292984884481752	0.596635412053657	0.878535666895307
"All fibroblasts"	5	"KIN"	0.300370702266909	5.72683416216619	0.292548723814597	0.596748037009065	0.878535666895307
"All fibroblasts"	5	"NOP58"	-0.203818081672522	7.37075760528155	0.292843160983525	0.596790335375894	0.878535666895307
"All fibroblasts"	5	"HTATIP2"	-0.209533285957537	6.54132419950454	0.292578889782165	0.59686624074464	0.878535666895307
"All fibroblasts"	5	"EIF5B"	-0.150405122802532	8.32091228456464	0.292985980349589	0.596882906361461	0.878535666895307
"All fibroblasts"	5	"FIP1L1"	-0.184830149702804	6.70709891255731	0.292616697128199	0.596886975820383	0.878535666895307
"All fibroblasts"	5	"PQLC1"	-0.29641625103175	5.75478756766022	0.29140298509558	0.59689766693642	0.878535666895307
"All fibroblasts"	5	"ASXL1"	0.254627017421498	6.40303515409775	0.291787810927968	0.597423150607624	0.87902407006191
"All fibroblasts"	5	"PTPN14"	0.226096324410114	6.25376981299682	0.290422323006152	0.597531206712755	0.87902407006191
"All fibroblasts"	5	"MAGED2"	0.164556322909874	7.54433446665095	0.291096950302667	0.598040979426669	0.879340264033447
"All fibroblasts"	5	"NMT1"	0.197306059084805	6.73322320667944	0.290728316238138	0.598141322404587	0.879340264033447
"All fibroblasts"	5	"GPC4"	-0.157684577503371	7.24545864710765	0.290584308877497	0.598198868479249	0.879340264033447
"All fibroblasts"	5	"TMEM131"	0.192928032351691	7.03203004308388	0.290133685251735	0.598664605076945	0.879738045995338
"All fibroblasts"	5	"RASSF3"	-0.253899310562741	5.66368527440714	0.290714515714595	0.598771424475289	0.879738045995338
"All fibroblasts"	5	"VAMP5"	0.260475760797532	7.29143459231278	0.289556764794648	0.599035490665723	0.879904160350181
"All fibroblasts"	5	"MRPS7"	0.216189386514104	6.02980606070594	0.288283849060452	0.599404210152037	0.880147940272739
"All fibroblasts"	5	"PIH1D1"	0.229510402852938	6.76651304045946	0.288629743859113	0.599503548128111	0.880147940272739
"All fibroblasts"	5	"G3BP2"	-0.193256796875924	6.83105403316693	0.287928478540532	0.600012037888705	0.880672580548484
"All fibroblasts"	5	"NAA20"	-0.196874862618601	6.61514127251237	0.287183924799706	0.600411280916789	0.881036649182102
"All fibroblasts"	5	"DDB1"	-0.159297695184363	7.43919167336277	0.286410435618479	0.600944515143248	0.881597102149976
"All fibroblasts"	5	"TOPBP1"	-0.224653531947622	6.02087341236861	0.285905196508502	0.60117090522877	0.881630007709127
"All fibroblasts"	5	"CLMP"	0.141223116290676	8.81823093192649	0.285950514931142	0.601269547045834	0.881630007709127
"All fibroblasts"	5	"ZC3H7A"	-0.21752735049378	6.60443597443365	0.284461242428525	0.602045777396472	0.882176330246556
"All fibroblasts"	5	"ARPC3"	0.145336291002955	7.83467845231492	0.284289434067764	0.602333173814997	0.882176330246556
"All fibroblasts"	5	"ZNF331"	0.224173818385305	6.47653806449726	0.284161882992153	0.602342085997695	0.882176330246556
"All fibroblasts"	5	"CCNL1"	0.156190234806239	8.28488669765252	0.284083024654327	0.602458923048163	0.882176330246556
"All fibroblasts"	5	"PNPT1"	0.201463360493001	5.96359332803945	0.2831908300825	0.602499304153546	0.882176330246556
"All fibroblasts"	5	"NME4"	0.175280287162487	6.96522418365899	0.283616712047498	0.60255050529969	0.882176330246556
"All fibroblasts"	5	"EIF3D"	0.136407003612725	7.81174561192063	0.283697189842074	0.602709115911758	0.882186892343084
"All fibroblasts"	5	"ERLIN2"	-0.215235361312883	5.93268616981526	0.283091532690899	0.60292947696498	0.882287810716961
"All fibroblasts"	5	"NR2F1-AS1"	-0.226558371930288	6.36166441400068	0.283871992350707	0.603258579217826	0.882351333987346
"All fibroblasts"	5	"SPTSSA"	0.166342932765207	7.12354776297523	0.282799968681956	0.603275736160217	0.882351333987346
"All fibroblasts"	5	"PPP3R1"	0.220708794038318	6.38076353434125	0.281278714998949	0.603589258948163	0.882363896714888
"All fibroblasts"	5	"MAP1A"	0.25997517251157	6.27581418936133	0.280763753448741	0.603657900356992	0.882363896714888
"All fibroblasts"	5	"PEF1"	-0.227806647602891	6.06521979104205	0.281931454373497	0.603738605835294	0.882363896714888
"All fibroblasts"	5	"EXOSC10"	-0.194766469509007	6.6274275570845	0.281509533222948	0.603946675977378	0.882446660210678
"All fibroblasts"	5	"MGST1"	0.292548892715432	6.11048112405922	0.281057608883301	0.60427312592652	0.88270230753919
"All fibroblasts"	5	"XPNPEP1"	0.188718410023654	6.7470760214133	0.280047535190711	0.604501070598844	0.882764729895487
"All fibroblasts"	5	"GYG1"	-0.178099816205735	6.42061854387015	0.279648862686593	0.604618849667563	0.882764729895487
"All fibroblasts"	5	"MEA1"	0.182547700241533	6.5166898471923	0.279931254950091	0.604884518603051	0.882821102354024
"All fibroblasts"	5	"SSBP1"	0.1533980842418	7.63612406038877	0.280086581019226	0.604960470516495	0.882821102354024
"All fibroblasts"	5	"GBP4"	-0.157227174586768	7.72975320650505	0.279533126896916	0.605262589774853	0.882914443398879
"All fibroblasts"	5	"WDR13"	0.27828131751367	6.27863188490507	0.279333197868555	0.605327475781452	0.882914443398879
"All fibroblasts"	5	"RABGAP1"	0.149232589665934	7.62255995295896	0.27865417769449	0.605921538733798	0.883498798775891
"All fibroblasts"	5	"FAM122A"	-0.21474368743595	6.01735984260175	0.278052575860438	0.606184932202982	0.883498798775891
"All fibroblasts"	5	"SMG7"	-0.216761450479807	6.50681763368261	0.27782259866837	0.606375083909127	0.883498798775891
"All fibroblasts"	5	"PHB"	0.224575410146755	6.96256806712319	0.277264008536705	0.606578526397289	0.883498798775891
"All fibroblasts"	5	"WDR45B"	-0.175829710355736	6.94683523829418	0.277366528617642	0.606581109703699	0.883498798775891
"All fibroblasts"	5	"SH3BP5"	0.185527760924363	6.62683475446692	0.276396500931843	0.606744559586364	0.883498798775891
"All fibroblasts"	5	"RWDD1"	-0.157749538574201	7.84556174051617	0.277251075273719	0.606789461592778	0.883498798775891
"All fibroblasts"	5	"NT5C2"	0.186300184527639	6.67422830700151	0.275299663213472	0.607775148555331	0.884628217614875
"All fibroblasts"	5	"STAG2"	-0.219728350725322	7.16889518197486	0.275560759398054	0.607868780389559	0.884628217614875
"All fibroblasts"	5	"EXOC1"	0.237280072229663	6.22642077936799	0.274362986981283	0.608329281060425	0.884848373735671
"All fibroblasts"	5	"MCM7"	0.220505455889976	6.16898258779127	0.274122807476878	0.608372238345668	0.884848373735671
"All fibroblasts"	5	"PPP1R10"	-0.170935915002295	7.12798332013134	0.274083399287013	0.60860111006498	0.884848373735671
"All fibroblasts"	5	"TSEN34"	0.145756320407526	7.19002139005069	0.274247743558564	0.608627472444237	0.884848373735671
"All fibroblasts"	5	"COL4A2"	0.122716679572798	10.0900945747735	0.273493849821483	0.609219353053526	0.885167102534733
"All fibroblasts"	5	"TMEM59"	-0.125520550005719	8.77901326813189	0.273272083143233	0.609376006958599	0.885167102534733
"All fibroblasts"	5	"CDK6"	-0.162167864902018	6.98270731711918	0.271898973428817	0.609493688253219	0.885167102534733
"All fibroblasts"	5	"ZNF770"	-0.232621745055909	6.08406692542095	0.272720677068077	0.609503230882134	0.885167102534733
"All fibroblasts"	5	"CHD6"	-0.215131441709579	6.42395385235972	0.272408168661975	0.609606243774135	0.885167102534733
"All fibroblasts"	5	"IST1"	0.175011872194809	6.83489035211235	0.272262900866423	0.610038462993979	0.885574021889864
"All fibroblasts"	5	"KANSL1"	-0.166186324019433	7.01055708440043	0.271257672378821	0.610605896109333	0.886001897276098
"All fibroblasts"	5	"IDH3G"	-0.227610689609071	6.33554875428143	0.271270418675188	0.610637312418193	0.886001897276098
"All fibroblasts"	5	"LRPPRC"	-0.209235633447486	6.95271119606433	0.270560741650501	0.610805383363583	0.886025135389493
"All fibroblasts"	5	"PTBP1"	-0.139564754571275	8.42775299393596	0.270538882648042	0.61115332971862	0.886241948453037
"All fibroblasts"	5	"DXO"	0.257348560131055	5.96347165117838	0.269733609238094	0.611259033951048	0.886241948453037
"All fibroblasts"	5	"ZNF706"	-0.219132027496779	6.83656137215857	0.269726954040676	0.611586370714034	0.886470714949666
"All fibroblasts"	5	"DYNLT1"	0.14194130831454	7.52834962466111	0.269493880639699	0.611787906862161	0.886470714949666
"All fibroblasts"	5	"CALM3"	0.182912542321809	7.50268778518699	0.269420119468061	0.611873213579468	0.886470714949666
"All fibroblasts"	5	"SCOC"	-0.193315618465352	6.26278999229324	0.268427661542475	0.612518072544852	0.887184391926138
"All fibroblasts"	5	"ZDHHC6"	0.220838872192332	6.34040796980844	0.266792416018027	0.612769375609694	0.887327820993461
"All fibroblasts"	5	"TACC2"	0.289552885311982	5.6266294594234	0.266459280746032	0.613258454587984	0.887619591829068
"All fibroblasts"	5	"CWC15"	-0.140852081806073	7.40801960158831	0.267103163903555	0.6134193527129	0.887619591829068
"All fibroblasts"	5	"GATD1"	0.252996481751787	5.77665955140006	0.265662723130421	0.613427852461928	0.887619591829068
"All fibroblasts"	5	"MRPL13"	-0.222845600132972	5.93180771567907	0.266316856571377	0.613622005272902	0.887680095512711
"All fibroblasts"	5	"LENG8"	0.1293328132675	8.60983744682491	0.26623413845747	0.613982846862647	0.887981645239177
"All fibroblasts"	5	"CCP110"	-0.274357854845271	6.04219292983329	0.264703070283632	0.614276783149903	0.888061026267016
"All fibroblasts"	5	"ITCH"	-0.203938030190242	6.16052006053718	0.264688183092089	0.614439321786419	0.888061026267016
"All fibroblasts"	5	"HSPA13"	0.228707816819618	6.14779428292167	0.264069453035223	0.614829320345191	0.888061026267016
"All fibroblasts"	5	"GOPC"	0.208570301713846	6.69613833256378	0.263940635882802	0.614920008647718	0.888061026267016
"All fibroblasts"	5	"ATP5PB"	-0.138510243790561	8.0245502631025	0.264682498454773	0.615006642483116	0.888061026267016
"All fibroblasts"	5	"SNX14"	-0.215146670622103	5.8974896240464	0.263609628603059	0.615026428765813	0.888061026267016
"All fibroblasts"	5	"SERINC3"	0.137499581173732	8.19911355724273	0.264467070079899	0.615140291752897	0.888061026267016
"All fibroblasts"	5	"PDPR"	0.215713850019373	6.41851142937242	0.263744356898692	0.615354423758875	0.888061026267016
"All fibroblasts"	5	"POLR2H"	0.184944052102026	6.27633800391755	0.263711085647875	0.615496247372234	0.888061026267016
"All fibroblasts"	5	"DDAH2"	-0.247774470637074	6.55311091740465	0.263507008711242	0.615627098000437	0.888061026267016
"All fibroblasts"	5	"TRIM44"	0.15783463137374	7.4240547542522	0.262906816683814	0.615714183305088	0.888061026267016
"All fibroblasts"	5	"TLE4"	-0.19017070497577	7.0804389275987	0.26207249508955	0.616062447396009	0.888343449882837
"All fibroblasts"	5	"TEAD3"	-0.135496640677539	7.81142099096968	0.262225316652929	0.616606619543031	0.888908157366958
"All fibroblasts"	5	"FEM1B"	-0.203400892942025	6.69307469392807	0.261285020658362	0.617055073621307	0.889216092143466
"All fibroblasts"	5	"KDSR"	0.161605244477557	7.59610755791541	0.26121870513696	0.617265442013035	0.889216092143466
"All fibroblasts"	5	"HNRNPU"	0.130608604644969	9.05244671810667	0.261087409427443	0.61738603464049	0.889216092143466
"All fibroblasts"	5	"TERF2"	0.28393668002112	6.23593031509918	0.260490600666801	0.617430634771317	0.889216092143466
"All fibroblasts"	5	"LYPLA1"	-0.233874507072129	6.22165521878856	0.260328280707921	0.617623487125913	0.88927404484376
"All fibroblasts"	5	"FBXO21"	-0.160682812209743	6.98495255384647	0.259625620112827	0.617883532050306	0.88942869102202
"All fibroblasts"	5	"SON"	-0.12105587297043	9.01020056193524	0.259733147488539	0.618289954777329	0.889594544732593
"All fibroblasts"	5	"TPT1"	-0.0896390189289694	12.052765017907	0.259702929218153	0.618304085492879	0.889594544732593
"All fibroblasts"	5	"ATXN7L3B"	-0.161456992243271	7.44922480056105	0.259349605685622	0.618563211296889	0.889747675197969
"All fibroblasts"	5	"PHACTR4"	-0.180130470252304	6.88097397202835	0.25878512250548	0.618766518052489	0.88977525191021
"All fibroblasts"	5	"SNAPIN"	0.239123734795388	5.91776993884976	0.258593589808612	0.618887780331574	0.88977525191021
"All fibroblasts"	5	"NR4A2"	-0.231026113841872	7.52406213788165	0.257492648091022	0.619053324755996	0.889793715676662
"All fibroblasts"	5	"FDFT1"	0.18318323910209	6.60514491687691	0.258023032411482	0.619289673421932	0.889913915420369
"All fibroblasts"	5	"LRBA"	-0.232631411692459	5.92891284085459	0.25729048159216	0.619457451673119	0.889935545093506
"All fibroblasts"	5	"ARMC8"	-0.204796302798071	6.19362051929957	0.258016910893176	0.620070016075749	0.890007359094804
"All fibroblasts"	5	"FH"	-0.230607918738476	5.91369506310677	0.256754317963029	0.620070302434505	0.890007359094804
"All fibroblasts"	5	"DIMT1"	-0.178598199986483	6.61515123657852	0.256290054354306	0.620262604608799	0.890007359094804
"All fibroblasts"	5	"ACP1"	0.178174574811984	7.06187747641115	0.256647500364409	0.620364912365701	0.890007359094804
"All fibroblasts"	5	"TRA2B"	0.154359636214478	8.01688988651316	0.256274427298871	0.620630909815853	0.890007359094804
"All fibroblasts"	5	"DNAJC9"	0.210279750524434	5.92286403657687	0.255585681514239	0.620684086997407	0.890007359094804
"All fibroblasts"	5	"CUL4A"	0.213319910627697	6.29030483664953	0.254603943330285	0.620789563962566	0.890007359094804
"All fibroblasts"	5	"TM7SF3"	0.210810509045352	6.03100038615192	0.255767624046863	0.6209443111068	0.890007359094804
"All fibroblasts"	5	"WIPF1"	0.148607414237476	7.0633916808553	0.255660495839111	0.620997242440827	0.890007359094804
"All fibroblasts"	5	"C11orf68"	0.242966693539293	6.30822969612479	0.254348346572233	0.6210348244516	0.890007359094804
"All fibroblasts"	5	"SRSF6"	0.140180516597812	8.03696416959598	0.255324344818915	0.62127567145428	0.890112237632491
"All fibroblasts"	5	"RNF114"	0.172906795015165	6.68436766566791	0.255030547915546	0.621413520282988	0.890112237632491
"All fibroblasts"	5	"UBE3B"	-0.258329643239481	5.86499377362733	0.254652031494638	0.622272341201348	0.89099526379189
"All fibroblasts"	5	"RNF115"	-0.163634829121358	6.8025019970977	0.253492711684133	0.622418768597291	0.89099526379189
"All fibroblasts"	5	"CBL"	0.250896367140127	5.99129726812227	0.252343193320425	0.622534090446069	0.89099526379189
"All fibroblasts"	5	"THOC3"	-0.209491308991418	5.93718599663801	0.252723850640799	0.622717065114662	0.89099526379189
"All fibroblasts"	5	"FAM204A"	-0.173122074058816	6.95111344342446	0.252913578385078	0.622846719221867	0.89099526379189
"All fibroblasts"	5	"SFSWAP"	0.193550770330221	6.71024419264639	0.252750373676886	0.62294743516186	0.89099526379189
"All fibroblasts"	5	"NDUFB3"	0.177282742296889	6.84228027031157	0.252273294532124	0.623334456011262	0.891330030718435
"All fibroblasts"	5	"CNPPD1"	0.254453041523305	6.11726508935803	0.250976956252208	0.623826504272802	0.891488059666459
"All fibroblasts"	5	"PEX5"	0.2023607029698	5.87750109416267	0.251126466943672	0.623843904947306	0.891488059666459
"All fibroblasts"	5	"LTBP3"	0.222517773659081	7.55054386919933	0.251476979253195	0.623903948398802	0.891488059666459
"All fibroblasts"	5	"ZNF3"	-0.256553057574926	5.81803007060113	0.248697167096174	0.624889137757488	0.892676882989185
"All fibroblasts"	5	"LIMS1"	0.130003933149222	8.49103499465701	0.24913348572415	0.625494770165297	0.893156439166431
"All fibroblasts"	5	"CTNNB1"	0.145572270602014	8.22499727175606	0.249081635624644	0.625531393210607	0.893156439166431
"All fibroblasts"	5	"IL1R1"	0.121337867615467	9.39953687310552	0.248473668668895	0.625935045820706	0.893340879202177
"All fibroblasts"	5	"FNTA"	-0.182042728682279	6.61379081123703	0.247512618070818	0.626079876224074	0.893340879202177
"All fibroblasts"	5	"AKR1B1"	-0.145640317924187	7.95720927569385	0.247995740801883	0.626266966036958	0.893340879202177
"All fibroblasts"	5	"MCTP2"	0.201868503181027	6.56074969509625	0.246658808348328	0.626273810115136	0.893340879202177
"All fibroblasts"	5	"THOC2"	0.137771047159266	7.7295874128976	0.247754820090232	0.626455475409489	0.893381315519111
"All fibroblasts"	5	"TMEM245"	-0.148626497149468	7.05267478696653	0.24741496739297	0.62661913461057	0.893396060038118
"All fibroblasts"	5	"ZBTB21"	0.245225610236438	7.07167735048066	0.246930333657916	0.626906651222606	0.893587342630657
"All fibroblasts"	5	"PKNOX1"	-0.218728851721801	5.76734734938482	0.245791288530084	0.627164305860297	0.893657759745928
"All fibroblasts"	5	"RBM28"	0.237762952070907	5.93304646842799	0.245767110750655	0.627358701296201	0.893657759745928
"All fibroblasts"	5	"FAM133B"	0.195403644552502	6.81915995555637	0.245622519376255	0.627416148124351	0.893657759745928
"All fibroblasts"	5	"TMED10"	0.1290122451514	8.72950803865261	0.245552659884485	0.627967651755385	0.893833351965743
"All fibroblasts"	5	"NACA"	-0.115046164429407	9.50676782362908	0.245530723686556	0.627970790183922	0.893833351965743
"All fibroblasts"	5	"SFXN1"	0.187827364705895	6.11875992354774	0.245163424562991	0.628093357562048	0.893833351965743
"All fibroblasts"	5	"NDUFB8"	0.164982259247248	6.54872479565159	0.245136849922235	0.628153007774106	0.893833351965743
"All fibroblasts"	5	"SPARC"	0.0994121208980652	11.1532312429223	0.244553258289413	0.628646509743856	0.89395361407564
"All fibroblasts"	5	"PPA1"	0.128121379183936	8.23866007620115	0.244565195748134	0.628654096361819	0.89395361407564
"All fibroblasts"	5	"GYS1"	-0.292645667228975	5.95033545349529	0.243890622215416	0.628697770805212	0.89395361407564
"All fibroblasts"	5	"FAM208B"	-0.194521210529545	6.22173378819802	0.24392237754915	0.628874371450062	0.893986572929863
"All fibroblasts"	5	"PDHB"	-0.170834738105459	6.71459648802522	0.242656038753499	0.629770287648904	0.894917352787667
"All fibroblasts"	5	"CCDC59"	-0.186538148804356	7.00189632171538	0.242443013324237	0.630037546730843	0.894917352787667
"All fibroblasts"	5	"KPNA1"	0.177157198273348	6.40765302738721	0.242309325686764	0.630056128821785	0.894917352787667
"All fibroblasts"	5	"SINHCAF"	0.211698713570032	6.49590617836618	0.242013993761455	0.630143452632194	0.894917352787667
"All fibroblasts"	5	"RAC1"	0.11079008224989	9.6432216178196	0.242085404490158	0.630370272165334	0.894926895899651
"All fibroblasts"	5	"HIC1"	0.181203279707932	8.17995532815403	0.241522968921288	0.6307842900212	0.894926895899651
"All fibroblasts"	5	"UQCRH"	-0.135192804273567	8.21383314958121	0.24123540239305	0.630978365448687	0.894926895899651
"All fibroblasts"	5	"SDHC"	-0.149851268966861	7.00984727137271	0.241055073303447	0.631118251377496	0.894926895899651
"All fibroblasts"	5	"OS9"	-0.113617692329177	8.89919515380893	0.241016360362294	0.631123777667744	0.894926895899651
"All fibroblasts"	5	"KIF2A"	0.198330882917092	5.97813667105142	0.2401965426927	0.631347523013204	0.894926895899651
"All fibroblasts"	5	"FAM3C"	0.195020841518164	6.88615284000024	0.239686799398241	0.631755990355301	0.894926895899651
"All fibroblasts"	5	"PPIL4"	0.187315822254997	6.89476874543938	0.239670384768057	0.631899187922332	0.894926895899651
"All fibroblasts"	5	"ANAPC4"	-0.218873202119625	5.9246412716721	0.239801145120985	0.631905800418701	0.894926895899651
"All fibroblasts"	5	"PSMA4"	0.137991773579391	7.98760245316834	0.239700706274813	0.632064511612474	0.894926895899651
"All fibroblasts"	5	"TNPO3"	-0.177756556261927	6.47579855916514	0.239505458749381	0.632196594930218	0.894926895899651
"All fibroblasts"	5	"RNF20"	0.263293666776549	6.2570657048032	0.238937020724404	0.632270976509821	0.894926895899651
"All fibroblasts"	5	"DHX15"	-0.155539677076304	7.38380692560056	0.239259762171536	0.632361713053072	0.894926895899651
"All fibroblasts"	5	"MPDZ"	0.244080821567298	6.47262727792217	0.238724779504786	0.632446757463783	0.894926895899651
"All fibroblasts"	5	"AP1S2"	-0.240623805384887	6.12750698091444	0.238536872721116	0.632453914074955	0.894926895899651
"All fibroblasts"	5	"MYC"	-0.271674688327994	7.09372772870441	0.238014698574258	0.633073618615877	0.895586301450526
"All fibroblasts"	5	"ZFHX3"	-0.148908512183997	7.13311094146618	0.237428933403587	0.633299193621609	0.895687961464349
"All fibroblasts"	5	"CHP1"	0.204874689779864	7.07160818213837	0.237137726853736	0.633621394261647	0.895926198583504
"All fibroblasts"	5	"BSG"	-0.126593893795009	9.1118901638651	0.237157518838736	0.633848078451176	0.896029294792576
"All fibroblasts"	5	"RSBN1L"	-0.203475874520492	6.37951857492614	0.235573825306082	0.634852361472846	0.896604314016373
"All fibroblasts"	5	"POGK"	-0.180588476780541	6.40007667461291	0.235648479823053	0.634900168510676	0.896604314016373
"All fibroblasts"	5	"SLAIN2"	0.156196668695402	6.85910267750245	0.23529015677934	0.635082991651411	0.896604314016373
"All fibroblasts"	5	"C19orf66"	0.146843301816027	7.67079912686912	0.235321232874564	0.635169636800462	0.896604314016373
"All fibroblasts"	5	"CHST14"	-0.14584565105581	7.18101807001221	0.235277782805085	0.635211707876352	0.896604314016373
"All fibroblasts"	5	"NFYC"	-0.202407002810079	6.21790156022655	0.23466900502395	0.635235751138847	0.896604314016373
"All fibroblasts"	5	"BFAR"	0.188451434466326	6.5424526989337	0.233852412628179	0.635468443731869	0.896604314016373
"All fibroblasts"	5	"SLC37A3"	0.22969047941822	5.92157522889279	0.235590049661106	0.635485810346254	0.896604314016373
"All fibroblasts"	5	"SCYL2"	-0.172481295737128	6.62097698031964	0.234284158229969	0.6358792643175	0.896889527597269
"All fibroblasts"	5	"KPNA4"	-0.158253333416338	6.95714998927999	0.233932769218083	0.635995800245738	0.896889527597269
"All fibroblasts"	5	"CNRIP1"	-0.177170895414034	6.76599785546687	0.233288009689429	0.636278009970462	0.897070400217247
"All fibroblasts"	5	"NR4A1"	0.29107626366288	10.0056173453386	0.233467923740077	0.63647223323159	0.897127165708872
"All fibroblasts"	5	"MRPL43"	-0.165743766558301	6.52436250107287	0.23281325677026	0.63689826071681	0.897200252665202
"All fibroblasts"	5	"PPP2R2A"	0.167846342466438	6.66922514453208	0.232420895531823	0.637004628035993	0.897200252665202
"All fibroblasts"	5	"PTPRA"	-0.152415586856967	7.71740901329416	0.232464501770241	0.637216918478828	0.897200252665202
"All fibroblasts"	5	"FAS"	-0.208656523016461	6.44150125476217	0.230812068244229	0.637802160824777	0.897200252665202
"All fibroblasts"	5	"RREB1"	0.236017982961969	6.12175136044153	0.230355708668948	0.637932537609676	0.897200252665202
"All fibroblasts"	5	"RIPK1"	0.23321369012407	5.72652613742101	0.231942829841	0.637996934489147	0.897200252665202
"All fibroblasts"	5	"ERP29"	-0.143681223337559	7.0706035369952	0.230573143469004	0.638289361561604	0.897200252665202
"All fibroblasts"	5	"KREMEN1"	0.146681479655314	8.84000155673626	0.230944734665656	0.638301570394358	0.897200252665202
"All fibroblasts"	5	"SELENON"	0.155283544148955	7.16992910257842	0.23062934661555	0.638539042545084	0.897200252665202
"All fibroblasts"	5	"OR7E47P"	-0.208523960980711	6.82909170870297	0.230080611292199	0.638748092519622	0.897200252665202
"All fibroblasts"	5	"EGLN3"	-0.222067928887458	6.11430907049868	0.230003174756744	0.63882955225345	0.897200252665202
"All fibroblasts"	5	"XRCC6"	0.134865338364901	8.01079082049465	0.230206692044808	0.638833870804034	0.897200252665202
"All fibroblasts"	5	"C5orf24"	-0.151359789157203	7.34382472322004	0.230141847729327	0.638885704311478	0.897200252665202
"All fibroblasts"	5	"TRPA1"	0.18809682972352	8.48827106283626	0.22992000681715	0.639046562939173	0.897200252665202
"All fibroblasts"	5	"REL"	-0.2074554698779	6.61035202068439	0.229215691216818	0.639307050865163	0.897200252665202
"All fibroblasts"	5	"MTRNR2L1"	-0.171630081958124	9.54627360110897	0.229351497124598	0.639439075029225	0.897200252665202
"All fibroblasts"	5	"TMUB2"	0.292222249078275	5.95805204651701	0.228365679666614	0.639699765626371	0.897200252665202
"All fibroblasts"	5	"ELK4"	0.15723198001665	6.97728542654492	0.228973744005101	0.639707066811887	0.897200252665202
"All fibroblasts"	5	"PINK1"	-0.236887200353027	6.07833763280805	0.228473535891796	0.639749478122377	0.897200252665202
"All fibroblasts"	5	"PLXNB2"	0.164946755829791	7.35264970148867	0.228819992864555	0.639853249440941	0.897200252665202
"All fibroblasts"	5	"PPP1R8"	0.224900574588421	6.26212863873869	0.22852809557222	0.63988148882481	0.897200252665202
"All fibroblasts"	5	"PYGO1"	-0.187300111772062	6.31715265342446	0.228490872293944	0.6399666117961	0.897200252665202
"All fibroblasts"	5	"ANGPTL4"	-0.328413273569007	5.72258442870776	0.226891241562487	0.64030993646113	0.897200252665202
"All fibroblasts"	5	"TLNRD1"	-0.22088801455325	5.94721193692113	0.227393888131761	0.640442341751022	0.897200252665202
"All fibroblasts"	5	"PSEN1"	-0.143253242506122	6.8430243605136	0.227493099989659	0.640648674678361	0.897200252665202
"All fibroblasts"	5	"CBX4"	0.215217343139239	6.60622898528703	0.227659251081973	0.640657954787488	0.897200252665202
"All fibroblasts"	5	"MMP19"	0.212480456201074	7.8281846690863	0.227366748050198	0.640681354271479	0.897200252665202
"All fibroblasts"	5	"EP400"	0.222365979308688	6.21967692640415	0.226301027094168	0.641005018969082	0.897349399653756
"All fibroblasts"	5	"CHD2"	0.188336731362675	7.13420187973123	0.226882292067796	0.641121917885919	0.897349399653756
"All fibroblasts"	5	"ARHGAP42"	-0.213619164538703	6.33105589558711	0.225953641219184	0.641332535624086	0.897349399653756
"All fibroblasts"	5	"SNX18"	-0.192547092175999	6.24396172352352	0.226335476500277	0.641403852678547	0.897349399653756
"All fibroblasts"	5	"DLAT"	0.251876186272696	5.77819525717111	0.225929243761055	0.641720658034832	0.897577118187461
"All fibroblasts"	5	"SLC35E1"	0.188099456821841	6.37370928527996	0.22523098125316	0.642006244116625	0.897608327130122
"All fibroblasts"	5	"PIKFYVE"	0.230806538605198	5.98143682766799	0.224802585299674	0.642153457018822	0.897608327130122
"All fibroblasts"	5	"STAU1"	0.143293003671498	7.9313193712003	0.225565405175186	0.642205099674872	0.897608327130122
"All fibroblasts"	5	"GABPA"	-0.264775904839467	6.10245401112014	0.224406830065343	0.642383081266862	0.897641778067627
"All fibroblasts"	5	"IKBKB"	0.190636341095759	6.10975631809778	0.224328145876174	0.642707095897399	0.897851085919071
"All fibroblasts"	5	"TMCO3"	0.155926974863267	6.39134460859216	0.223754418687353	0.642841038348097	0.897851085919071
"All fibroblasts"	5	"RNF167"	-0.155273387001017	7.20059650202734	0.224002546076705	0.643358518283644	0.898358515705439
"All fibroblasts"	5	"PSMD6"	-0.218645283533452	6.30706295797906	0.22302920098171	0.643650263709792	0.898550571786526
"All fibroblasts"	5	"KCND3"	-0.216188405907282	6.34203514849051	0.222548181153387	0.644405867800596	0.898907399660867
"All fibroblasts"	5	"BEX3"	0.116149200028831	8.56313717945202	0.222551250686194	0.644426177286338	0.898907399660867
"All fibroblasts"	5	"TIPRL"	-0.167959461847441	6.75354719082441	0.222386651206831	0.64442890850839	0.898907399660867
"All fibroblasts"	5	"TRIB1"	0.181200918623977	7.21916031755292	0.22203505344467	0.644522930458744	0.898907399660867
"All fibroblasts"	5	"MAPKAP1"	-0.155684294216054	7.05303568126953	0.221861056102157	0.644694839299706	0.898932000143429
"All fibroblasts"	5	"PCSK5"	0.178886168662499	6.21014236265167	0.221336821451278	0.644867077515097	0.898957048009681
"All fibroblasts"	5	"CD99"	0.125503124692927	9.20353285404	0.221227960192196	0.645390485564162	0.899317592338027
"All fibroblasts"	5	"FAM122B"	0.22564187015483	5.84737884245448	0.220062459761018	0.64557087179451	0.899317592338027
"All fibroblasts"	5	"SECISBP2"	-0.164642077998938	6.68705165292262	0.220372599023495	0.645855412947169	0.899317592338027
"All fibroblasts"	5	"HIPK3"	0.146012101122668	7.06929309777667	0.220512923181011	0.645924423426203	0.899317592338027
"All fibroblasts"	5	"ERH"	0.125183523925951	8.06911722510619	0.22037887448456	0.646034442258455	0.899317592338027
"All fibroblasts"	5	"GSE1"	0.168060266131727	6.80325703519526	0.220317702478403	0.646051731856355	0.899317592338027
"All fibroblasts"	5	"TMEM14B"	-0.17021457749802	6.57612250348853	0.219874344116439	0.646319218692769	0.899383221153439
"All fibroblasts"	5	"WFDC1"	0.13497250481928	7.59787660561032	0.219728771569837	0.646514043634922	0.899383221153439
"All fibroblasts"	5	"COQ10B"	0.18818557922862	6.4792672558657	0.219488204431106	0.646561920956196	0.899383221153439
"All fibroblasts"	5	"JAM3"	-0.146255571691581	7.01826084497325	0.218574016548732	0.647024111282038	0.899811335665975
"All fibroblasts"	5	"FAF2"	-0.151834176087648	6.8538234552714	0.218680891198453	0.647240039794263	0.899896853228626
"All fibroblasts"	5	"SRSF4"	0.131370571284714	7.64023500142529	0.218340808572487	0.647561440467726	0.900128939314275
"All fibroblasts"	5	"FARSB"	-0.165217089210465	6.28331897243143	0.217010185829512	0.648283353130323	0.900917505053754
"All fibroblasts"	5	"LIN7C"	-0.22293708371679	6.2213901294434	0.216445094735443	0.648493880834323	0.900995193996566
"All fibroblasts"	5	"PICALM"	-0.125370462770223	7.54018777871258	0.216840563629304	0.648680500978758	0.901039637473951
"All fibroblasts"	5	"ZNF131"	0.184347815779748	6.26276347678801	0.216044646594771	0.649033672184589	0.901315349814013
"All fibroblasts"	5	"WNT2B"	-0.131511681709972	8.49112108920202	0.2160768791956	0.649194391868137	0.901323736339203
"All fibroblasts"	5	"STIM1"	-0.15232097494657	6.59793571304905	0.215366065636035	0.649724178625235	0.901722106941869
"All fibroblasts"	5	"ZBTB11"	-0.202518913279686	6.02910989781152	0.215065390135558	0.64979082324505	0.901722106941869
"All fibroblasts"	5	"TBC1D20"	0.178906344903314	6.65210580441755	0.213470763657987	0.651158903891076	0.903196630932818
"All fibroblasts"	5	"TMEM243"	-0.250049358428426	5.65681112675677	0.212815409072601	0.651163385369619	0.903196630932818
"All fibroblasts"	5	"ANXA2"	0.104150057891517	9.83105538664532	0.21303831886351	0.651524324282521	0.903446115176904
"All fibroblasts"	5	"WDR82"	0.128109450056188	7.59932127585279	0.212790705443713	0.651724419831082	0.903446115176904
"All fibroblasts"	5	"RPAP3"	-0.199203533377406	5.66323556900891	0.211834404925135	0.651808386511705	0.903446115176904
"All fibroblasts"	5	"BRD7"	-0.14019953825676	7.01107632804667	0.212193598920391	0.652165689433276	0.903726390565445
"All fibroblasts"	5	"GGT5"	0.165206202003873	8.03159034273429	0.211489259321025	0.652715973172447	0.904273175376169
"All fibroblasts"	5	"CHCHD7"	-0.231779949612192	5.79043829443689	0.210354559330167	0.652870645067366	0.904273175376169
"All fibroblasts"	5	"DUSP3"	0.17112058673666	6.3795933959371	0.209499390021749	0.653869836522676	0.905373382503321
"All fibroblasts"	5	"CD44"	0.117801298061328	8.50520441580615	0.209526313481917	0.654216009396723	0.905373382503321
"All fibroblasts"	5	"CRBN"	-0.17291775582405	6.64679497980084	0.209421517228417	0.654252029737611	0.905373382503321
"All fibroblasts"	5	"ITGA11"	0.154937360348595	6.65959278183427	0.209308387872808	0.654286479100993	0.905373382503321
"All fibroblasts"	5	"HDAC4"	-0.179909002032282	6.12569372296871	0.208823799253118	0.654563055325718	0.90540496253643
"All fibroblasts"	5	"ZNF217"	-0.16159275853346	6.38910915422517	0.208225606472777	0.65470127425959	0.90540496253643
"All fibroblasts"	5	"FBL"	-0.125492629633675	7.49399855197162	0.20863738665553	0.654873591175526	0.90540496253643
"All fibroblasts"	5	"NIT2"	0.233709612150485	6.00679850485118	0.208164904266477	0.655027077432421	0.90540496253643
"All fibroblasts"	5	"TNFRSF14"	0.242296632765504	6.03558685730324	0.208133751695176	0.655172919811647	0.90540496253643
"All fibroblasts"	5	"KLF2"	0.227563339975813	8.35855214620188	0.207760930612285	0.655241586925712	0.90540496253643
"All fibroblasts"	5	"SCO1"	-0.206217920380743	6.22569532728982	0.207496769495963	0.655618301067245	0.905706237169318
"All fibroblasts"	5	"PRDX1"	0.137062747714891	8.02998083169357	0.207322597174663	0.655912163981092	0.905706237169318
"All fibroblasts"	5	"DDX24"	-0.159286512994149	8.41616150324928	0.207089978563263	0.656086437087842	0.905706237169318
"All fibroblasts"	5	"TGIF1"	0.164833555996373	6.93447955366308	0.206917344732427	0.656211828104374	0.905706237169318
"All fibroblasts"	5	"TRIR"	0.112573717875153	8.90808709126775	0.20688720813755	0.656236782791979	0.905706237169318
"All fibroblasts"	5	"ITSN1"	-0.158850393237764	6.49105408668822	0.206650937289756	0.656407494652267	0.905727319758171
"All fibroblasts"	5	"FCHO2"	-0.1788178580856	6.11122221313994	0.205846506059238	0.656779934504776	0.906026675747947
"All fibroblasts"	5	"ACTR1B"	0.16698103794659	6.35196207035364	0.205747648536317	0.657055697664526	0.906192556281939
"All fibroblasts"	5	"AC245297.3"	-0.19421354445132	6.04389750122284	0.204587442784316	0.657261165457456	0.906261431878986
"All fibroblasts"	5	"RAB12"	-0.142635250808713	6.91192407166889	0.205293173338705	0.657482492603237	0.906352137307561
"All fibroblasts"	5	"SLC25A5"	-0.149887279198562	7.73087092388504	0.204191541999061	0.658337800057317	0.906753806960864
"All fibroblasts"	5	"CIB1"	0.180377260638741	6.77590380278292	0.203800164189753	0.658623081787142	0.906753806960864
"All fibroblasts"	5	"GCLM"	-0.258070241639675	5.94738987855007	0.203486817677069	0.658683542078473	0.906753806960864
"All fibroblasts"	5	"SLC35A3"	-0.193032466405304	6.00094390527609	0.203448673792749	0.658867381288586	0.906753806960864
"All fibroblasts"	5	"REEP5"	-0.12914116539755	7.92381974283578	0.203414594745765	0.658870106394454	0.906753806960864
"All fibroblasts"	5	"CAND1"	-0.145515128749721	6.84907336053221	0.202895018450171	0.659101632285826	0.906753806960864
"All fibroblasts"	5	"CPSF3"	0.205485934209215	5.98592853809807	0.202078923320172	0.659163160499582	0.906753806960864
"All fibroblasts"	5	"POFUT2"	0.200757157556169	6.14586498762169	0.201541970644873	0.659590114398751	0.906753806960864
"All fibroblasts"	5	"MTRR"	-0.164685914166732	6.24594453274958	0.201752680016118	0.659620222366034	0.906753806960864
"All fibroblasts"	5	"CLIP3"	-0.17750705069141	7.15917157017429	0.202271412090402	0.659830232272922	0.906753806960864
"All fibroblasts"	5	"DGLUCY"	-0.212704218851669	5.97905713928613	0.201928547790407	0.659885749121371	0.906753806960864
"All fibroblasts"	5	"MRPL47"	-0.196620581181846	5.91715950970381	0.201638003820873	0.660079115124449	0.906753806960864
"All fibroblasts"	5	"VIRMA"	-0.198250498867933	6.39010922215914	0.200780202251099	0.660267748370927	0.906753806960864
"All fibroblasts"	5	"CUL3"	0.175646000598868	7.06117714034742	0.201675214026804	0.660311854608839	0.906753806960864
"All fibroblasts"	5	"TMED7"	0.204316907005578	6.82001610900913	0.201203397187623	0.660598294290357	0.906753806960864
"All fibroblasts"	5	"TMBIM4"	-0.163450507142487	6.6203193253189	0.200700132587197	0.660976078118463	0.906753806960864
"All fibroblasts"	5	"CSNK2A2"	0.156060511165475	6.46387930196294	0.200672514464891	0.661062534580405	0.906753806960864
"All fibroblasts"	5	"EEF2"	-0.09408883339618	9.89645326486315	0.200677787894809	0.66106639987607	0.906753806960864
"All fibroblasts"	5	"IP6K2"	0.125561036452629	7.54153653979761	0.200590841323496	0.661147778513439	0.906753806960864
"All fibroblasts"	5	"RFX7"	0.192195294014193	6.05232009439551	0.200184130840104	0.661337666648982	0.906753806960864
"All fibroblasts"	5	"SKP1"	-0.126582559177006	8.24986158268684	0.200337669532641	0.661348139723176	0.906753806960864
"All fibroblasts"	5	"FAM114A2"	-0.224457534906502	5.78625789750188	0.199149264751598	0.661607386563771	0.906753806960864
"All fibroblasts"	5	"MAX"	-0.145223639355078	7.14275834343792	0.199634671500626	0.661768128912082	0.906753806960864
"All fibroblasts"	5	"MTMR6"	-0.149357215758213	6.5150730168592	0.199459379377262	0.661975991433441	0.906753806960864
"All fibroblasts"	5	"CCT5"	0.131242734019869	7.19360029113787	0.199397047957853	0.662010604200371	0.906753806960864
"All fibroblasts"	5	"PURB"	0.128539157073154	7.45525711174952	0.198943501978347	0.66245841948873	0.906753806960864
"All fibroblasts"	5	"TMEM9"	0.190730827730772	6.45198926914931	0.198683089046426	0.662622598127511	0.906753806960864
"All fibroblasts"	5	"SLC25A36"	-0.125959004189654	7.53126773968164	0.198412755097705	0.662671913618491	0.906753806960864
"All fibroblasts"	5	"ATP5MC3"	-0.108085703760398	8.68154980966306	0.198391012759299	0.66287698380761	0.906753806960864
"All fibroblasts"	5	"SEC23A"	0.149068225433963	6.82036942055995	0.198104824823718	0.663016994916819	0.906753806960864
"All fibroblasts"	5	"ZNF506"	0.255403395499451	5.82361843025875	0.197093045445099	0.663101873244367	0.906753806960864
"All fibroblasts"	5	"MYO1C"	0.148965492294669	7.75271842109882	0.198035882243997	0.663172577512206	0.906753806960864
"All fibroblasts"	5	"OTULINL"	0.210860145802123	6.87156399920925	0.197391430266407	0.663287897093485	0.906753806960864
"All fibroblasts"	5	"YWHAG"	0.125034911469307	7.89501645497256	0.19765053402633	0.663474930868478	0.906753806960864
"All fibroblasts"	5	"NDUFA12"	-0.131114672171641	6.9510357408969	0.197471626936902	0.663479316529015	0.906753806960864
"All fibroblasts"	5	"NOA1"	-0.211847881101993	6.64274278945054	0.19707249262916	0.663733158037921	0.906753806960864
"All fibroblasts"	5	"TMBIM1"	0.141821061982443	7.18437321353319	0.196986847449248	0.663965926658562	0.906753806960864
"All fibroblasts"	5	"NCL"	0.100072268109459	9.38878230796593	0.196856943239914	0.664089095585482	0.906753806960864
"All fibroblasts"	5	"TFAM"	0.155978545619238	6.40691364208173	0.19619017354979	0.664093935262314	0.906753806960864
"All fibroblasts"	5	"VPS13B"	0.178836175864115	6.09150021006119	0.19637330015814	0.664218968225361	0.906753806960864
"All fibroblasts"	5	"VASP"	0.145716746636068	6.96589589494313	0.196476809704322	0.664260228389397	0.906753806960864
"All fibroblasts"	5	"CDK11A"	-0.233618063707886	5.74984940236018	0.195979906115709	0.664309593601498	0.906753806960864
"All fibroblasts"	5	"NEK7"	-0.184200794668393	5.96627976279903	0.195480862973952	0.664647647187803	0.906956599798996
"All fibroblasts"	5	"ELOVL1"	0.267733854826031	5.84801736703408	0.194919068535062	0.664769459025487	0.906956599798996
"All fibroblasts"	5	"RAD23B"	0.134400691282886	7.46764915743309	0.195533076412188	0.665116323592641	0.907056193430016
"All fibroblasts"	5	"MMD"	0.169405261243177	7.18634032289607	0.195371495706044	0.665153786601417	0.907056193430016
"All fibroblasts"	5	"MBTPS1"	0.120947093528464	7.51725489963193	0.194785580838655	0.665734613406232	0.907635842844669
"All fibroblasts"	5	"WDR73"	0.236863768598905	6.13441886185024	0.194008555785274	0.665936185946125	0.907698281990192
"All fibroblasts"	5	"DAP3"	-0.165854355569546	6.78258616423735	0.193998780831134	0.66630740980083	0.90776373999631
"All fibroblasts"	5	"CNIH4"	-0.157325854914648	6.8171618869919	0.194009108101685	0.66632409553988	0.90776373999631
"All fibroblasts"	5	"MBD2"	-0.123616365026036	7.77641943030369	0.193916835800693	0.666451566793241	0.90776373999631
"All fibroblasts"	5	"STAM2"	-0.169635911644977	6.28555860281544	0.193319395159241	0.666810075353148	0.907872512954992
"All fibroblasts"	5	"ILF3"	0.112300819013619	7.79299614675898	0.193347975218954	0.666911795490829	0.907872512954992
"All fibroblasts"	5	"TMEM9B"	0.154892352571157	6.8205654562081	0.192562264331561	0.667387711912769	0.907872512954992
"All fibroblasts"	5	"SH3KBP1"	-0.119497897442684	7.63251752002269	0.192670671568425	0.667451055248415	0.907872512954992
"All fibroblasts"	5	"RARS"	-0.212355881691494	6.41108383375028	0.192348284873714	0.667572444183209	0.907872512954992
"All fibroblasts"	5	"RANBP2"	-0.167093805636868	6.62363493431568	0.192213618446065	0.667601660325698	0.907872512954992
"All fibroblasts"	5	"MED8"	-0.181918888888895	6.02746939370199	0.192254489009274	0.66762205560531	0.907872512954992
"All fibroblasts"	5	"ARMCX3"	0.131592622815832	7.1703078704988	0.191955217766374	0.667934760409811	0.90790279085373
"All fibroblasts"	5	"BACE2"	0.147004677654285	6.65666650080695	0.191547240808214	0.667955940344936	0.90790279085373
"All fibroblasts"	5	"UBE2V2"	-0.161796734569699	6.56637726415904	0.191215285000337	0.668524257801882	0.908127592509315
"All fibroblasts"	5	"PLOD2"	0.141280825355141	8.41138216597845	0.191290921946653	0.668565012194922	0.908127592509315
"All fibroblasts"	5	"PIP4P1"	-0.17830146188852	6.01843836128808	0.191144984581857	0.668588874526336	0.908127592509315
"All fibroblasts"	5	"WDR75"	0.160449147480018	6.4648910163014	0.190173764249408	0.668961635255392	0.908362242328227
"All fibroblasts"	5	"AP002884.1"	0.231175112413927	6.10355909618233	0.190529600255776	0.669073407254634	0.908362242328227
"All fibroblasts"	5	"AHCYL1"	0.113736413365181	8.37523752079499	0.189261623362709	0.670195027650129	0.909458504836342
"All fibroblasts"	5	"EFEMP1"	-0.108530516882305	8.77071093470118	0.189002573222912	0.670423029459395	0.909458504836342
"All fibroblasts"	5	"TAF13"	0.220212081948711	6.29161730178187	0.189491463731005	0.670551733022519	0.909458504836342
"All fibroblasts"	5	"CSF1"	0.1370258488008	8.72639397524634	0.188794704861592	0.67058744556314	0.909458504836342
"All fibroblasts"	5	"CBR1"	-0.18094164953542	6.18694389962127	0.188659965092465	0.670661265708214	0.909458504836342
"All fibroblasts"	5	"PNN"	0.111306722938545	8.35494881730642	0.188383577427851	0.670927941815664	0.909471320221398
"All fibroblasts"	5	"MED24"	0.229218367659037	6.22524986660963	0.188278143540259	0.670982873799861	0.909471320221398
"All fibroblasts"	5	"MFSD14B"	-0.152287610637892	6.70839965914052	0.187043107586323	0.671499183667131	0.909805592216029
"All fibroblasts"	5	"SLC25A3"	0.107023589665126	9.02173538024846	0.187621455590165	0.671541762849003	0.909805592216029
"All fibroblasts"	5	"BMPR2"	0.11679733659068	7.99499310724718	0.18706251657341	0.672014405884451	0.910062314083164
"All fibroblasts"	5	"NDUFC1"	0.131617623413323	7.26609719358474	0.187006628925362	0.672057813206708	0.910062314083164
"All fibroblasts"	5	"NOP56"	0.117388589298505	7.36520517121822	0.186798230504337	0.672199794030193	0.910062314083164
"All fibroblasts"	5	"DUSP1"	0.230222414156056	8.89141323875088	0.186434750704698	0.672490136144331	0.91024390785436
"All fibroblasts"	5	"ZNF326"	0.150223116690123	6.65621238162018	0.185595491571125	0.673729930307397	0.911710242429448
"All fibroblasts"	5	"YWHAZ"	-0.100741129515048	9.54089205057205	0.184574401991755	0.674046998236171	0.911914488460566
"All fibroblasts"	5	"STAT2"	0.111494093021485	8.22157880257151	0.184110891691584	0.674410740081843	0.911914488460566
"All fibroblasts"	5	"ATXN2L"	0.108182537339549	7.93188891182035	0.183905859826862	0.674617203543575	0.911914488460566
"All fibroblasts"	5	"RAB1A"	-0.12042061270537	8.08377380527741	0.183769061830447	0.674716366225629	0.911914488460566
"All fibroblasts"	5	"CTTNBP2NL"	-0.148454959646501	6.24281543617445	0.18278775817778	0.674899170597846	0.911914488460566
"All fibroblasts"	5	"LRPAP1"	0.152588671472793	6.69507061503691	0.183309969318475	0.675034834372071	0.911914488460566
"All fibroblasts"	5	"PRDX3"	-0.115238962610931	7.49557067768885	0.183181098304957	0.675219499274627	0.911914488460566
"All fibroblasts"	5	"TAF15"	0.165158480425274	6.92480353111034	0.1828098193003	0.67532116772253	0.911914488460566
"All fibroblasts"	5	"VCL"	0.109290994015852	8.86307487074096	0.182873600048588	0.675460260754639	0.911914488460566
"All fibroblasts"	5	"ECE1"	0.135082089357891	7.64359007760372	0.182654275577503	0.675661098200365	0.911914488460566
"All fibroblasts"	5	"FGFR1"	-0.117782364498468	8.18229018526979	0.182531340358192	0.675752779449246	0.911914488460566
"All fibroblasts"	5	"PDCD2"	-0.19799966656896	6.16666135538495	0.181828268356039	0.676102037875802	0.911914488460566
"All fibroblasts"	5	"RTN4"	0.103771170087566	9.11887442883756	0.181934126493597	0.676248043411044	0.911914488460566
"All fibroblasts"	5	"ESD"	-0.132888481852612	7.94773527996327	0.18189100220951	0.676289157841169	0.911914488460566
"All fibroblasts"	5	"SNHG25"	0.152024739495062	6.66364022652167	0.181564434238071	0.676526794879416	0.911914488460566
"All fibroblasts"	5	"SSRP1"	0.117618631073245	7.88500333451473	0.181555841195863	0.676548281756735	0.911914488460566
"All fibroblasts"	5	"PDZD8"	-0.177834275043871	6.34722634948891	0.181252540200931	0.676712786002774	0.911914488460566
"All fibroblasts"	5	"TMCC1"	-0.198796123358933	5.97800611948286	0.180658840633365	0.676993908548301	0.911914488460566
"All fibroblasts"	5	"NEK9"	0.201611151726704	6.31022209975575	0.180639924991192	0.677212353404414	0.911914488460566
"All fibroblasts"	5	"FOXJ2"	-0.180986832410425	5.86088034356323	0.180367455892614	0.67721802416542	0.911914488460566
"All fibroblasts"	5	"BOD1L1"	-0.104630815830953	8.06137789316	0.18073842673827	0.677248342344135	0.911914488460566
"All fibroblasts"	5	"HIP1"	-0.211947471975282	5.58292290663131	0.180323195169019	0.677323821187117	0.911914488460566
"All fibroblasts"	5	"NSD1"	-0.138351388464391	6.75747034325778	0.180386445202102	0.677544459181898	0.911988595213929
"All fibroblasts"	5	"KLF7"	-0.195521367649966	6.70930593023252	0.179674432826508	0.678065414243832	0.911988595213929
"All fibroblasts"	5	"TMEM256"	-0.147146312415755	6.83034667446479	0.179544851211298	0.6781776480758	0.911988595213929
"All fibroblasts"	5	"EIF3M"	-0.140414866107413	7.0559244783045	0.179541752689218	0.678215849673195	0.911988595213929
"All fibroblasts"	5	"SLC9A1"	0.170391384007569	6.02182300945721	0.179053661527094	0.67831756826867	0.911988595213929
"All fibroblasts"	5	"UVRAG"	-0.176605136302444	5.88191164303568	0.178921458954644	0.678317928892598	0.911988595213929
"All fibroblasts"	5	"ATRX"	-0.102685200749955	8.4647468168167	0.178854138424422	0.678831186137479	0.912289455739438
"All fibroblasts"	5	"KHDC4"	-0.169508074421481	6.2727168553514	0.178707272665594	0.678884755416265	0.912289455739438
"All fibroblasts"	5	"IFNAR1"	-0.108836026309991	7.95996945026224	0.178642170639565	0.67901139000205	0.912289455739438
"All fibroblasts"	5	"SET"	0.101622526246752	9.39464252275926	0.178070168382379	0.679481049695122	0.912540985815023
"All fibroblasts"	5	"NBN"	-0.119670269819076	7.34259139468214	0.177973568713486	0.679584561208388	0.912540985815023
"All fibroblasts"	5	"CD55"	0.113297204432336	7.78607444109018	0.177671746788137	0.679829442417165	0.912540985815023
"All fibroblasts"	5	"TCEAL8"	-0.139438795917613	7.17963695448447	0.177573997858941	0.679855028127669	0.912540985815023
"All fibroblasts"	5	"VKORC1L1"	-0.142681965066114	6.47379342339746	0.176720319154771	0.680299632678676	0.912540985815023
"All fibroblasts"	5	"SF3A3"	-0.124203511218007	7.02351240455479	0.176715291976237	0.680333043873305	0.912540985815023
"All fibroblasts"	5	"PRPS1"	0.166425014798091	6.00478625200671	0.176803336837611	0.680400479442385	0.912540985815023
"All fibroblasts"	5	"NSL1"	-0.198785570092163	6.27942872810557	0.175651300717238	0.681171467568811	0.912540985815023
"All fibroblasts"	5	"LASP1"	-0.111548184333878	7.93739465518953	0.175967887125406	0.681277727015391	0.912540985815023
"All fibroblasts"	5	"HSDL2"	0.186110892439599	6.05898123156765	0.175331542959902	0.681420008860135	0.912540985815023
"All fibroblasts"	5	"BRD2"	-0.107917793902122	8.57851593430636	0.175588609982953	0.681597816254168	0.912540985815023
"All fibroblasts"	5	"SAR1B"	0.152551543921079	6.40276267941471	0.175227431241867	0.681629454143118	0.912540985815023
"All fibroblasts"	5	"FBLN5"	-0.130622549610059	9.06005500381387	0.175230089099473	0.681903242945489	0.912540985815023
"All fibroblasts"	5	"EPSTI1"	0.137555823789516	7.11420926565507	0.175064953085855	0.682034975272954	0.912540985815023
"All fibroblasts"	5	"SHPRH"	-0.238200844301278	5.77381381953774	0.174326549707137	0.682205103916252	0.912540985815023
"All fibroblasts"	5	"MICU1"	-0.183974636690052	6.62591528984295	0.17409120061486	0.682360787209528	0.912540985815023
"All fibroblasts"	5	"METAP1"	0.171189181186916	6.11190412390187	0.174550927408318	0.682385853984979	0.912540985815023
"All fibroblasts"	5	"ASNA1"	0.189812079469177	5.99820887278117	0.173917126799463	0.682556259877704	0.912540985815023
"All fibroblasts"	5	"RNF34"	0.218456758897098	5.87760129911862	0.174044229453677	0.682633559413671	0.912540985815023
"All fibroblasts"	5	"CSNK1A1"	-0.113160466844436	8.40407211876087	0.174273470229397	0.682711937336651	0.912540985815023
"All fibroblasts"	5	"NCOA6"	0.16504272114185	6.62443810668695	0.174260853750192	0.682724405128028	0.912540985815023
"All fibroblasts"	5	"ZKSCAN8"	0.163456179815938	6.12494011265001	0.174025786930639	0.682803372247883	0.912540985815023
"All fibroblasts"	5	"HSP90AB1"	0.0829585086511335	10.5222400666768	0.173974069814679	0.68296262151177	0.912540985815023
"All fibroblasts"	5	"CDC16"	0.138425856677513	6.87553922307051	0.173715570488735	0.683072460490638	0.912540985815023
"All fibroblasts"	5	"VPS35L"	-0.166636674544902	6.15095744540899	0.173185221462929	0.683211103279354	0.912540985815023
"All fibroblasts"	5	"MTHFR"	0.174499103742468	6.40979332347569	0.172821077782984	0.683270348568894	0.912540985815023
"All fibroblasts"	5	"SLC4A7"	0.176216981397871	6.28492169035972	0.172663667307975	0.683663487376435	0.912856815064731
"All fibroblasts"	5	"DDX19A"	0.21640344904767	5.96894118562795	0.172289899556911	0.684070523888122	0.91291277874214
"All fibroblasts"	5	"ARL6IP4"	-0.178205267733226	7.02631800350885	0.172366869436916	0.684109956287171	0.91291277874214
"All fibroblasts"	5	"MPLKIP"	-0.196155930367806	5.63041853969669	0.17201677615106	0.684175408403454	0.91291277874214
"All fibroblasts"	5	"AGPS"	-0.1738579670299	6.52460433314008	0.171799600913022	0.684789132053554	0.912986140716821
"All fibroblasts"	5	"TARDBP"	0.139647104581449	7.26672565867947	0.171814796297046	0.684809253152503	0.912986140716821
"All fibroblasts"	5	"MSN"	-0.106915948994177	8.46228158924347	0.171457326414419	0.685140628494499	0.912986140716821
"All fibroblasts"	5	"IK"	0.129909466592297	7.74397120185349	0.171287173752497	0.685268677022415	0.912986140716821
"All fibroblasts"	5	"PEX2"	-0.16549626230681	6.26187366225178	0.171868055375801	0.685279178979971	0.912986140716821
"All fibroblasts"	5	"HNRNPH2"	-0.129413314093806	7.19036560661043	0.17106976173246	0.685331871096774	0.912986140716821
"All fibroblasts"	5	"CALCOCO2"	-0.12578889779219	7.96541977020817	0.17094042399995	0.685540900209391	0.912986140716821
"All fibroblasts"	5	"PSMD12"	-0.157417476342142	6.54309734421622	0.170790990823244	0.685672554329396	0.912986140716821
"All fibroblasts"	5	"GGNBP2"	-0.112757342904685	7.5721122369126	0.17077531872494	0.685713193552189	0.912986140716821
"All fibroblasts"	5	"AGPAT3"	0.158926916402771	5.95793736516683	0.169855087177931	0.685797209184405	0.912986140716821
"All fibroblasts"	5	"IQSEC1"	-0.176912364996454	5.92474637218889	0.169443365221363	0.686694876453487	0.913957484027157
"All fibroblasts"	5	"DESI2"	-0.129829701296058	7.21223764364624	0.16923278150207	0.686886414463456	0.913957484027157
"All fibroblasts"	5	"NUDC"	0.15783338745563	6.48796591266074	0.169173676771677	0.686997388027964	0.913957484027157
"All fibroblasts"	5	"NUP85"	-0.214172354661877	5.79053189350983	0.167947156804397	0.687513230930359	0.914141458051929
"All fibroblasts"	5	"DLGAP4"	0.153788407520895	6.91053653438587	0.168508763449585	0.68753112067464	0.914141458051929
"All fibroblasts"	5	"COPB2"	-0.109109986479487	7.76389438098384	0.168376644944417	0.68773037385779	0.914141458051929
"All fibroblasts"	5	"COPS2"	-0.138316908672252	6.81280226093563	0.168150406804967	0.687763197545848	0.914141458051929
"All fibroblasts"	5	"ERCC1"	-0.172274452921764	5.99179930727395	0.167573294861052	0.688035727115863	0.914249151808784
"All fibroblasts"	5	"DHX29"	-0.144505918197554	7.0662468852927	0.167632612140434	0.688406974441361	0.914249151808784
"All fibroblasts"	5	"AMOTL1"	-0.147100034144658	6.45919135191906	0.167215339726436	0.688486421497558	0.914249151808784
"All fibroblasts"	5	"ERC1"	0.144130511485235	6.63213658702935	0.167500537886458	0.688585691427939	0.914249151808784
"All fibroblasts"	5	"BUD31"	0.205718442767787	6.32324943742181	0.166800493229579	0.688628715855287	0.914249151808784
"All fibroblasts"	5	"BRD8"	-0.151637985640948	6.8804099466077	0.166660068550589	0.68918744279906	0.914779608788682
"All fibroblasts"	5	"AHCY"	0.17631141734408	6.18037851263797	0.165972959269269	0.689342245098868	0.914779608788682
"All fibroblasts"	5	"H2AFX"	0.257551953318868	5.8846651751944	0.16536514000395	0.689749628263921	0.915111813272738
"All fibroblasts"	5	"TAC3"	0.179769106463584	6.18943145159282	0.165291162308086	0.690245020239874	0.915361019659181
"All fibroblasts"	5	"GMFB"	-0.196978737725751	5.8942238878279	0.165038712592257	0.690353749377147	0.915361019659181
"All fibroblasts"	5	"LZTFL1"	-0.184841405617372	6.00440400564653	0.16514586783962	0.690408732006539	0.915361019659181
"All fibroblasts"	5	"VPS26B"	0.138261327795313	6.39428727811646	0.16505949810563	0.690674820735861	0.915431460457647
"All fibroblasts"	5	"BSDC1"	0.170657602938092	6.93219247593017	0.164540222000399	0.691139383465704	0.915431460457647
"All fibroblasts"	5	"UTP14A"	0.182391969719058	5.93792871188679	0.165067054324288	0.691140914774469	0.915431460457647
"All fibroblasts"	5	"NOL7"	-0.119026094432888	7.04760895347321	0.164528404232071	0.69114936035836	0.915431460457647
"All fibroblasts"	5	"RPF1"	-0.141160786703387	6.52965199867365	0.164198200610057	0.691460447277622	0.915431460457647
"All fibroblasts"	5	"CDC42SE2"	-0.179174625164133	6.13027271127355	0.163368756532335	0.691792027360183	0.915431460457647
"All fibroblasts"	5	"CTSD"	0.192493419760909	6.93486135119578	0.163498070220667	0.692031014506967	0.915431460457647
"All fibroblasts"	5	"PURA"	0.109283286957457	7.68467384936928	0.16347795335365	0.692114584873163	0.915431460457647
"All fibroblasts"	5	"EIF3H"	0.116097993767892	8.65301645027426	0.163313484063036	0.692270243057995	0.915431460457647
"All fibroblasts"	5	"GPAT4"	0.149647665899491	6.15721870811855	0.163114948753928	0.692293888089724	0.915431460457647
"All fibroblasts"	5	"MAP1LC3B"	-0.12332118865332	8.04483782924066	0.163189202395938	0.692375716537007	0.915431460457647
"All fibroblasts"	5	"AGL"	-0.207577085263709	6.26347344363925	0.162640759058339	0.692438325069907	0.915431460457647
"All fibroblasts"	5	"CCDC25"	-0.171087539767091	6.50988812381401	0.162965882361104	0.692504183575992	0.915431460457647
"All fibroblasts"	5	"DPM3"	0.172183011525471	6.07649461342788	0.162605725140775	0.69271334029728	0.915500257181277
"All fibroblasts"	5	"FBXL5"	0.147132092855221	6.71719181617249	0.162084448688384	0.693052787576581	0.915628669541797
"All fibroblasts"	5	"CEP162"	-0.187359220523906	6.19253338197942	0.161730749820091	0.693124774557897	0.915628669541797
"All fibroblasts"	5	"TAF11"	-0.160506892712782	5.88395503340186	0.161675842061478	0.693355607029156	0.915706353078116
"All fibroblasts"	5	"CDC40"	-0.166239202014334	6.36134772177731	0.161389371413378	0.693610803799524	0.915706353078116
"All fibroblasts"	5	"SPON1"	-0.109227704037842	8.63695189767612	0.161745469638713	0.693671844550979	0.915706353078116
"All fibroblasts"	5	"THAP11"	-0.191797006426878	5.95011114526311	0.160428614130832	0.694269235071011	0.915706353078116
"All fibroblasts"	5	"IMP3"	-0.136536533896902	7.27531499749896	0.16072223583043	0.69458819733481	0.915706353078116
"All fibroblasts"	5	"PAXBP1"	0.163636131442558	6.37288869048351	0.159876821688419	0.694725556081956	0.915706353078116
"All fibroblasts"	5	"YAP1"	0.138144511964455	7.43539978639606	0.16037552324589	0.694837045924861	0.915706353078116
"All fibroblasts"	5	"DPY30"	0.166339050975038	6.32288346998811	0.159890867803554	0.694880348119505	0.915706353078116
"All fibroblasts"	5	"TUBB6"	0.117453196514978	7.49213354952522	0.160333491602047	0.694916037028127	0.915706353078116
"All fibroblasts"	5	"HOOK3"	0.12020712344093	7.48673063604799	0.160170536106595	0.695066853032636	0.915706353078116
"All fibroblasts"	5	"P4HA1"	-0.103247140512492	7.63179131971684	0.160052739960178	0.695185090766993	0.915706353078116
"All fibroblasts"	5	"PRPF39"	-0.188916693372093	6.0429422116384	0.15935493524116	0.695191773017541	0.915706353078116
"All fibroblasts"	5	"SMU1"	-0.16565814201049	6.60592746676699	0.159319398742522	0.695382748022918	0.915706353078116
"All fibroblasts"	5	"TRA2A"	0.137241534041912	7.37137751030168	0.159387780050739	0.695409399460107	0.915706353078116
"All fibroblasts"	5	"MANBAL"	0.158813001300658	6.53301859534957	0.158882704835711	0.695625663644463	0.915706353078116
"All fibroblasts"	5	"NBL1"	0.136541584291531	9.4352165861915	0.159400660060411	0.69576617636396	0.915706353078116
"All fibroblasts"	5	"MRPL35"	-0.182869391054041	6.00432115627305	0.158997206256322	0.695965947339647	0.915706353078116
"All fibroblasts"	5	"MARVELD1"	0.177233921816047	6.98300959821993	0.159150088664233	0.696012259787709	0.915706353078116
"All fibroblasts"	5	"ZNF37A"	-0.134305436894195	6.71327964015059	0.158562545657846	0.69626947258559	0.915837972179736
"All fibroblasts"	5	"HSD17B10"	0.159008619053715	6.39843619990876	0.15816723216298	0.696712501880862	0.916213890421977
"All fibroblasts"	5	"CTNND1"	-0.103250064353331	7.73357256954701	0.157679588421926	0.697338306502921	0.916829944041634
"All fibroblasts"	5	"ARMC10"	-0.137925114960461	6.43986705191376	0.156716267874995	0.697740046149011	0.917151195332797
"All fibroblasts"	5	"TNKS"	-0.170949739462	6.34366287402198	0.155988251463798	0.698252157806409	0.917617348565166
"All fibroblasts"	5	"CD81"	0.106837722279091	10.1872250100345	0.156159694254694	0.698704381380124	0.917847148174895
"All fibroblasts"	5	"PAPPA"	0.11399031745598	8.1908262996122	0.15601485902991	0.698836673247152	0.917847148174895
"All fibroblasts"	5	"DIP2C"	0.153896516927525	6.12408213976224	0.155838570300015	0.698899570353871	0.917847148174895
"All fibroblasts"	5	"RUNX2"	0.170088607768974	6.32111618768134	0.155209060479967	0.699185405616274	0.917880191168858
"All fibroblasts"	5	"PCNA"	-0.145335697002072	6.28199166540877	0.155332683316079	0.699239774943978	0.917880191168858
"All fibroblasts"	5	"BLMH"	-0.174689968682074	6.55105252707033	0.154931929917142	0.699650747879378	0.918212817093049
"All fibroblasts"	5	"UBQLN2"	-0.128305953127052	6.95316494373241	0.154780091385439	0.699829234557902	0.918240249891667
"All fibroblasts"	5	"RC3H2"	0.14594294268285	6.21343924918948	0.154179809476303	0.700389740443465	0.918597393067534
"All fibroblasts"	5	"FBXW7"	0.192835982598707	6.13750204670033	0.154028006826914	0.700513875887737	0.918597393067534
"All fibroblasts"	5	"TBC1D9"	-0.210069566833802	5.94260655514352	0.153376915598263	0.700661762701576	0.918597393067534
"All fibroblasts"	5	"UNG"	-0.200734150938507	5.89655637596753	0.153306686680236	0.700732008269296	0.918597393067534
"All fibroblasts"	5	"NFE2L1"	-0.118245766583465	7.72581354560977	0.153691183887331	0.700986611463482	0.918724468060663
"All fibroblasts"	5	"TM9SF4"	-0.172862663442128	6.44912982112432	0.151920949009497	0.702430941224215	0.919669180242676
"All fibroblasts"	5	"SYVN1"	-0.158391557581033	5.94515641652341	0.151438009478753	0.702645744584572	0.919669180242676
"All fibroblasts"	5	"CYP4V2"	-0.152210459406628	6.2283495903345	0.152317701342592	0.702698687813505	0.919669180242676
"All fibroblasts"	5	"GPCPD1"	-0.14678148623551	7.34135336636281	0.15173121052103	0.702796138755106	0.919669180242676
"All fibroblasts"	5	"SEC24D"	0.130169998161782	6.86410252456837	0.151663519584879	0.702856740664669	0.919669180242676
"All fibroblasts"	5	"ZMAT2"	0.109766690736436	7.61031897679285	0.151595831975066	0.70292162407775	0.919669180242676
"All fibroblasts"	5	"JARID2"	-0.15123876642125	6.28661862913248	0.15129186873996	0.7031121247351	0.919669180242676
"All fibroblasts"	5	"MED29"	-0.146995632362897	6.55715766744675	0.151314828450318	0.703121570170511	0.919669180242676
"All fibroblasts"	5	"SMARCC1"	0.149921049465236	7.13688637268139	0.150928835458231	0.703130489190341	0.919669180242676
"All fibroblasts"	5	"BMP2K"	0.178513529690474	6.13895293833664	0.151134760902099	0.70328571600504	0.919669180242676
"All fibroblasts"	5	"CD99L2"	0.206639877968991	6.07455703535669	0.150752519325438	0.703511159912253	0.919712039655924
"All fibroblasts"	5	"FKBP15"	0.170707843774384	6.08844045108669	0.150242208469378	0.703634163855519	0.919712039655924
"All fibroblasts"	5	"TNFRSF10B"	0.186603953264457	6.40735468043388	0.149505056186195	0.70431020508531	0.920114503301314
"All fibroblasts"	5	"FTO"	-0.123125167774067	6.91276766722853	0.149799691237438	0.704410275335019	0.920114503301314
"All fibroblasts"	5	"EVL"	-0.183137349766848	5.98455399340794	0.148969821679754	0.704641658474592	0.920114503301314
"All fibroblasts"	5	"GATC"	0.142048586835457	6.69883013426125	0.149581578284263	0.70480019941787	0.920114503301314
"All fibroblasts"	5	"SRP54"	-0.129143377428778	6.45270552398852	0.149482100308396	0.704865067523166	0.920114503301314
"All fibroblasts"	5	"AHDC1"	0.122617818284638	6.70565502570092	0.149336425556112	0.705031696164301	0.920114503301314
"All fibroblasts"	5	"LATS2"	-0.133466614866421	6.84380654545524	0.148975038578952	0.705200383450789	0.920114503301314
"All fibroblasts"	5	"SMIM30"	-0.153539693047896	6.00270224901072	0.148851758381181	0.705205315212574	0.920114503301314
"All fibroblasts"	5	"FNDC1"	-0.176043130783579	6.4878456332682	0.148304764848041	0.705457059908098	0.920236912488133
"All fibroblasts"	5	"SETDB2"	-0.190532827383551	5.70063301491552	0.148187716400181	0.70565522012761	0.92028938399364
"All fibroblasts"	5	"H2AFZ"	-0.0981760359150351	8.03722204746815	0.148147901050131	0.706118086136047	0.920686974248097
"All fibroblasts"	5	"SSC5D"	-0.147693790427948	7.03184740234297	0.147768399505664	0.706495808407411	0.920973394986573
"All fibroblasts"	5	"COX8A"	0.125652705135308	7.91621761776159	0.147319455022943	0.706924453973968	0.921326055313422
"All fibroblasts"	5	"ERRFI1"	0.182346102110654	7.77930891153872	0.146896062163472	0.707323927718433	0.921640547141169
"All fibroblasts"	5	"UNC119B"	-0.172984480200752	6.28618938724628	0.146482433948372	0.707650989009017	0.921798008607632
"All fibroblasts"	5	"PRKAR1A"	0.0941842313608536	8.87891555897832	0.146268041387582	0.707913486149628	0.921798008607632
"All fibroblasts"	5	"TMEM242"	0.181022664333795	5.83028089449261	0.145968667100684	0.707919356190004	0.921798008607632
"All fibroblasts"	5	"DNAJC8"	0.109963073299987	7.64461687094445	0.145648908703599	0.708495587806238	0.922342222999765
"All fibroblasts"	5	"FER"	0.237955653935367	5.63070716489433	0.14452945377231	0.708856459589046	0.922408754162817
"All fibroblasts"	5	"SRSF3"	-0.0999205405698793	8.65059514307189	0.145268013823422	0.708863291769537	0.922408754162817
"All fibroblasts"	5	"VPS35"	-0.128990871766965	7.27245282361566	0.144439081804568	0.709582068571728	0.922964577038871
"All fibroblasts"	5	"CUL1"	-0.172626417174954	6.22511222284262	0.144345252407782	0.709607225868224	0.922964577038871
"All fibroblasts"	5	"SUDS3"	0.169847540182375	6.21815090974848	0.144021978751625	0.709946730797665	0.923044348991835
"All fibroblasts"	5	"POLR2K"	0.153050382043928	6.31713918523842	0.14390815226173	0.709985373636761	0.923044348991835
"All fibroblasts"	5	"GABPB1-AS1"	0.131610913668987	6.7282281454934	0.142617981701837	0.711315307196212	0.924337595277022
"All fibroblasts"	5	"MBOAT2"	0.153530027119356	6.21302049413755	0.142025066359775	0.711405573621574	0.924337595277022
"All fibroblasts"	5	"PFDN1"	-0.133593748565533	6.3697406807318	0.142223436601465	0.711733463521624	0.924337595277022
"All fibroblasts"	5	"PCIF1"	-0.143330415438543	6.26944622406831	0.14272242409927	0.711741735076591	0.924337595277022
"All fibroblasts"	5	"TTBK2"	-0.194042819499017	6.15880586508663	0.141931895130242	0.71192958143785	0.924337595277022
"All fibroblasts"	5	"SRPK2"	0.1340179649231	6.2489340001127	0.141945499088543	0.711931890784842	0.924337595277022
"All fibroblasts"	5	"SOS2"	-0.189739892519967	6.59097491601028	0.141747240526357	0.712147503595026	0.924377951804447
"All fibroblasts"	5	"NAB1"	0.149617797231666	6.40950151285547	0.141452367743455	0.712280247743602	0.924377951804447
"All fibroblasts"	5	"WASHC1"	0.213991099809006	6.15235724586338	0.141034263792896	0.712790084928953	0.924833628341351
"All fibroblasts"	5	"ITGB5"	0.102968895810102	7.65699060873693	0.140734592305465	0.713221658319349	0.925187578590127
"All fibroblasts"	5	"LUC7L"	-0.11659310292189	7.19222157559326	0.140074542173004	0.713858949850881	0.925808168435585
"All fibroblasts"	5	"THAP9-AS1"	0.178906039596526	5.78607090866919	0.139546936671323	0.714031053046882	0.925825310659586
"All fibroblasts"	5	"FAT1"	-0.110138601572674	7.21952287611876	0.139347923010942	0.714386636608161	0.925860792682409
"All fibroblasts"	5	"CRTC3"	0.134671074892026	6.63131390893428	0.139040762078997	0.714471480441478	0.925860792682409
"All fibroblasts"	5	"CGGBP1"	0.120858527018233	7.38454316372067	0.139382194373323	0.714535092619323	0.925860792682409
"All fibroblasts"	5	"PARP6"	0.15338048800942	6.02061100665491	0.138326399160775	0.715337451242328	0.926612633512964
"All fibroblasts"	5	"CFAP97"	0.109337796415695	7.15211083059137	0.138115897375277	0.71558442748662	0.926612633512964
"All fibroblasts"	5	"CDK11B"	0.192305321613044	6.01683599240699	0.137568441348977	0.715625634587562	0.926612633512964
"All fibroblasts"	5	"EIF1AX"	-0.0921871346535931	8.18812534619021	0.13813075910424	0.71575140954897	0.926612633512964
"All fibroblasts"	5	"DYNC1I2"	-0.0947023681894622	8.17908215673051	0.137876081127027	0.716003255653451	0.926732778918849
"All fibroblasts"	5	"PSMA3-AS1"	0.110470250369019	7.111715881593	0.137537494110685	0.716347953762759	0.926973023889762
"All fibroblasts"	5	"DHX40"	-0.136326688564512	6.70247370605406	0.137066669065281	0.716695744834207	0.926999454589511
"All fibroblasts"	5	"TLK1"	-0.176549513395529	6.56004460650392	0.136626550933237	0.716745273760339	0.926999454589511
"All fibroblasts"	5	"CLUAP1"	-0.201765463214251	5.72764276250627	0.136478614091255	0.71684563967399	0.926999454589511
"All fibroblasts"	5	"CYP7B1"	-0.221242814016337	5.82647072245242	0.136510743245885	0.717058983430162	0.927009630763387
"All fibroblasts"	5	"MEAF6"	-0.136195223644243	6.7438377042605	0.135922986604964	0.717565408885869	0.927009630763387
"All fibroblasts"	5	"NOTCH2"	-0.123200414138094	6.54042169231285	0.13618756975766	0.717594942853872	0.927009630763387
"All fibroblasts"	5	"ASCC1"	0.15502159230054	5.9118503986748	0.13585701916109	0.71775581962162	0.927009630763387
"All fibroblasts"	5	"EWSR1"	0.0894152668561944	8.30943636122891	0.135879645476635	0.717969353626893	0.927009630763387
"All fibroblasts"	5	"GPATCH2"	-0.154230758755104	6.04349264879456	0.134965438050954	0.718307606216946	0.927009630763387
"All fibroblasts"	5	"ADO"	0.177183437093839	6.30413175946221	0.135071982450767	0.718374252303508	0.927009630763387
"All fibroblasts"	5	"VPS4A"	-0.147229142700755	6.12102091739072	0.135301412508125	0.718456090374589	0.927009630763387
"All fibroblasts"	5	"ATAD1"	-0.172665434413867	6.18996049109457	0.13485055482069	0.718606306554359	0.927009630763387
"All fibroblasts"	5	"CCT8"	0.108381408738909	7.06930368957068	0.134925126081098	0.718747205986582	0.927009630763387
"All fibroblasts"	5	"SOGA1"	0.155045335892497	6.45662985216679	0.134527618092968	0.718956580867723	0.927009630763387
"All fibroblasts"	5	"YPEL3"	-0.160048376369774	7.62949024540336	0.134871332257116	0.71897064832829	0.927009630763387
"All fibroblasts"	5	"PDCD7"	0.13391076914853	6.4971716247232	0.13473188872738	0.719022330360528	0.927009630763387
"All fibroblasts"	5	"CSE1L"	-0.144837732609819	6.11205898720096	0.135115630139359	0.719139176546753	0.927009630763387
"All fibroblasts"	5	"CUEDC2"	0.157880186197028	6.2157861809992	0.134409507317308	0.719379331453765	0.927009630763387
"All fibroblasts"	5	"MT1E"	-0.186977137239755	6.99455189099921	0.134399005178924	0.719447909069323	0.927009630763387
"All fibroblasts"	5	"TRAK2"	0.130257794018912	6.55597048211991	0.134295536740899	0.719558016121984	0.927009630763387
"All fibroblasts"	5	"AC005261.1"	-0.171670059447966	6.27289196026003	0.133586309510151	0.719846998549308	0.927176936460392
"All fibroblasts"	5	"PLPPR2"	0.17920722946266	6.10478137983273	0.131568195408353	0.721950634798376	0.92907423964081
"All fibroblasts"	5	"VAT1L"	0.14461696118911	6.41964547697302	0.131699130454128	0.721964775065206	0.92907423964081
"All fibroblasts"	5	"PSAP"	0.119923618517313	10.1867126197532	0.131647001939653	0.722178702285919	0.92907423964081
"All fibroblasts"	5	"DLG3"	0.146278418043164	6.30284259154792	0.131599548272119	0.722208221715573	0.92907423964081
"All fibroblasts"	5	"WASHC4"	-0.126316142262407	6.87102701525571	0.131557469493053	0.722217925630706	0.92907423964081
"All fibroblasts"	5	"RALBP1"	0.123791991027798	7.12260524259084	0.131477625572273	0.722349711146804	0.92907423964081
"All fibroblasts"	5	"STX16"	0.106910237003079	7.37857707481326	0.131393126465628	0.722453962497792	0.92907423964081
"All fibroblasts"	5	"TSG101"	0.126977441168852	7.06249093942699	0.131254471755996	0.722595581611833	0.92907423964081
"All fibroblasts"	5	"WDR43"	-0.155070680691789	6.5945207982487	0.130851765937281	0.722777287863795	0.929102858235679
"All fibroblasts"	5	"APPL1"	-0.117118297134822	7.09129794556213	0.130619077180213	0.723159151732737	0.929388702502571
"All fibroblasts"	5	"ATMIN"	-0.121992157107418	6.99486374258748	0.130223700632631	0.723605328015676	0.92973608622495
"All fibroblasts"	5	"AKAP8"	-0.17900711836282	6.02233625551574	0.129675533047426	0.723898667514233	0.92973608622495
"All fibroblasts"	5	"ITSN2"	-0.117442765250864	6.78729527983636	0.12985871431105	0.723927290585519	0.92973608622495
"All fibroblasts"	5	"PSMA1"	-0.133933299774018	6.36462100488311	0.129280506553344	0.72426865932936	0.92973608622495
"All fibroblasts"	5	"TOP1"	0.0908914295924369	8.18505422668855	0.129500811046904	0.724359397940785	0.92973608622495
"All fibroblasts"	5	"GIPC1"	0.182514055337984	5.98102224453057	0.129327988753457	0.724386791052218	0.92973608622495
"All fibroblasts"	5	"FAM111A"	-0.160126880200138	6.5846467365718	0.12925257551033	0.72458384974881	0.929784208871684
"All fibroblasts"	5	"AMFR"	-0.148839549910015	6.54295940430148	0.128600525943499	0.725200558307069	0.930051350533573
"All fibroblasts"	5	"UHMK1"	0.106978017486457	6.96810138113258	0.128408968801891	0.725227951219292	0.930051350533573
"All fibroblasts"	5	"CHMP3"	-0.107585316724539	8.15156784966156	0.128606832852151	0.725270866110272	0.930051350533573
"All fibroblasts"	5	"COX7A2L"	0.101053340221427	7.64070630624408	0.128332046510446	0.725559734303901	0.930152076739793
"All fibroblasts"	5	"ATP10D"	-0.183281884097933	6.17754135900729	0.12783986599572	0.725699076058567	0.930152076739793
"All fibroblasts"	5	"C4orf3"	-0.0925065539211256	8.86525125586944	0.127836304882199	0.726058222724615	0.930152076739793
"All fibroblasts"	5	"GLI3"	-0.152788622360285	6.44061359212684	0.127710375587135	0.726129008944664	0.930152076739793
"All fibroblasts"	5	"ANKIB1"	0.131463879881239	6.7923896341033	0.126924278192916	0.726428583879128	0.930152076739793
"All fibroblasts"	5	"ERLIN1"	0.152526718595763	6.06528626422988	0.127206531166751	0.726589332172798	0.930152076739793
"All fibroblasts"	5	"MFAP1"	0.146664326141242	6.03991240956717	0.126734322906022	0.726869206761704	0.930152076739793
"All fibroblasts"	5	"WDR55"	0.214336913370047	5.73458279664834	0.127291517156985	0.726936277545411	0.930152076739793
"All fibroblasts"	5	"C11orf24"	0.21619431938555	5.92986520377125	0.126546682214311	0.727043495663083	0.930152076739793
"All fibroblasts"	5	"MLLT1"	0.112268204276053	7.21395148050165	0.126852390004772	0.727072742247804	0.930152076739793
"All fibroblasts"	5	"GFPT1"	-0.117870492588334	6.87218732721206	0.127067976445847	0.727260183913085	0.930152076739793
"All fibroblasts"	5	"FGD5"	0.162241821483999	6.12516932622672	0.126336466977596	0.727543193769762	0.930152076739793
"All fibroblasts"	5	"ZC3H18"	0.160284958021289	6.22334928727714	0.12603786310784	0.727614330882313	0.930152076739793
"All fibroblasts"	5	"MYL12A"	0.0914990906530895	8.68502200197204	0.126192221053504	0.727741685296698	0.930152076739793
"All fibroblasts"	5	"TSPAN4"	0.189491055385387	7.11120347343744	0.126039492470152	0.727903250792378	0.930152076739793
"All fibroblasts"	5	"SMC1A"	-0.144852803709554	6.76471736870169	0.125448641493205	0.728020156172307	0.930152076739793
"All fibroblasts"	5	"NCOA3"	0.111069139589344	6.98668980632715	0.125898999175341	0.728063089413111	0.930152076739793
"All fibroblasts"	5	"INTS6"	0.134721356279893	6.44285053451824	0.125365233661065	0.728473939645105	0.930407930974435
"All fibroblasts"	5	"SRI"	-0.102254688306186	7.79146176473716	0.125387755744042	0.728582699336939	0.930407930974435
"All fibroblasts"	5	"TAOK3"	0.107662566532423	7.00784168373438	0.125163334528336	0.728805160327735	0.93042137422227
"All fibroblasts"	5	"MKNK2"	0.112980066001832	7.57286668850052	0.124912923838717	0.72902295731495	0.93042137422227
"All fibroblasts"	5	"ZNF362"	-0.121622128822387	6.36497564925799	0.124599584861427	0.729072248961539	0.93042137422227
"All fibroblasts"	5	"ZCCHC14"	0.149175153525237	6.50998403602914	0.123786927860402	0.730057517177726	0.93147474328763
"All fibroblasts"	5	"CPSF6"	0.140141540250867	6.25710996092133	0.123210164538394	0.730768351772438	0.931883902902564
"All fibroblasts"	5	"RRP15"	0.175828046634274	5.99954345524682	0.123002983636311	0.730807881055975	0.931883902902564
"All fibroblasts"	5	"PAIP2"	0.122032195305362	7.67085408009832	0.122762851612336	0.730903036358888	0.931883902902564
"All fibroblasts"	5	"METTL9"	-0.111730233981566	7.18563609592396	0.123024759435943	0.731017902894735	0.931883902902564
"All fibroblasts"	5	"SCAF1"	-0.127564480452209	6.24263440926488	0.122512768708159	0.731251341684061	0.931977595798998
"All fibroblasts"	5	"CDC26"	0.181866190544658	6.05969731891751	0.122395454925759	0.731535041681271	0.932135291466601
"All fibroblasts"	5	"ELOA"	0.16696515382771	6.03961152137544	0.12177973962829	0.731742010074339	0.932195166747524
"All fibroblasts"	5	"CCDC186"	-0.117539970984045	7.48892593771572	0.121691336651412	0.732443425506049	0.932884773863115
"All fibroblasts"	5	"VPS36"	0.108612407307649	7.04733940299426	0.1212541656994	0.732902873432462	0.93312104202293
"All fibroblasts"	5	"SLU7"	-0.116464124576855	6.57220264871627	0.120967685472153	0.73310400817684	0.93312104202293
"All fibroblasts"	5	"DDI2"	0.125682952527389	6.27540543760511	0.12095849174118	0.733197720734598	0.93312104202293
"All fibroblasts"	5	"PPP4R1"	0.146054320419229	6.50953161520638	0.120828539007077	0.733269478534923	0.93312104202293
"All fibroblasts"	5	"ASXL2"	0.128050226388598	6.478460565532	0.120585843175712	0.73357511121231	0.933207235564142
"All fibroblasts"	5	"EFS"	-0.174838769572976	5.92174924675397	0.120195307776411	0.733657516066472	0.933207235564142
"All fibroblasts"	5	"PTGER2"	-0.128450223426371	7.30470604129467	0.120215025196207	0.734388827937883	0.933933588038857
"All fibroblasts"	5	"OSBPL5"	0.137885545856109	6.22632171587313	0.119464131295457	0.734685739375553	0.934107310351593
"All fibroblasts"	5	"DCTN4"	-0.126475122914123	6.45133228954561	0.119083318438134	0.735203544268794	0.934129704400807
"All fibroblasts"	5	"BAD"	0.213839621837235	5.59951622810451	0.118583259946387	0.73522045243936	0.934129704400807
"All fibroblasts"	5	"NCSTN"	0.109235031122066	7.22761206937515	0.118780997245624	0.735340641198876	0.934129704400807
"All fibroblasts"	5	"RAB3GAP2"	0.123221163940478	6.36188364414572	0.118452622963171	0.735452696558468	0.934129704400807
"All fibroblasts"	5	"PPIL3"	-0.176039175467275	5.73500202321028	0.118338065495026	0.735504905404308	0.934129704400807
"All fibroblasts"	5	"TBC1D15"	0.129496004436795	6.34396622409897	0.118322756923686	0.735906627220386	0.934436242495791
"All fibroblasts"	5	"ARAF"	0.11439165415131	6.79776172500432	0.117811668510657	0.736531727694166	0.934980247309295
"All fibroblasts"	5	"EEF1B2"	-0.0751934487902201	9.77102537246265	0.11757407885483	0.736802646954664	0.934980247309295
"All fibroblasts"	5	"CINP"	-0.138720275656207	5.99596387382245	0.117174745100654	0.737092825194832	0.934980247309295
"All fibroblasts"	5	"STXBP3"	0.151824157645577	6.50281833271902	0.116890615972419	0.737295726428489	0.934980247309295
"All fibroblasts"	5	"NDUFA6"	0.108764648102422	6.78402490406322	0.11693860019419	0.737395250215475	0.934980247309295
"All fibroblasts"	5	"RAB10"	0.0921673827105064	7.7943167593067	0.116923357848916	0.737514593842946	0.934980247309295
"All fibroblasts"	5	"ATF1"	-0.128056821820823	6.4981021331282	0.116446813653715	0.737964970012559	0.934980247309295
"All fibroblasts"	5	"FTX"	0.117548125524802	6.77318389909663	0.116154069855487	0.738269435312508	0.934980247309295
"All fibroblasts"	5	"FOXL1"	0.126313028239615	6.62702690889201	0.115727345108051	0.738528093836322	0.934980247309295
"All fibroblasts"	5	"SMG1"	-0.106512628858395	7.13895428094547	0.115878901215232	0.738649970507639	0.934980247309295
"All fibroblasts"	5	"HSPB1"	0.136480257209405	9.95490903118501	0.115824504048554	0.738688053706875	0.934980247309295
"All fibroblasts"	5	"EHD2"	0.122514423820134	8.24612251339697	0.115827323180137	0.738694518890379	0.934980247309295
"All fibroblasts"	5	"FBXW11"	-0.138944913465533	5.89926901899843	0.115609428589834	0.738707420748736	0.934980247309295
"All fibroblasts"	5	"BOD1"	-0.144696739340265	6.07269714592608	0.115536468065273	0.738891804158902	0.934980247309295
"All fibroblasts"	5	"SNX7"	0.158077267825564	5.90722393366545	0.115384726403833	0.739106021309637	0.934980247309295
"All fibroblasts"	5	"CNIH1"	-0.122415549694202	7.21177853719088	0.115361300212246	0.739211176973121	0.934980247309295
"All fibroblasts"	5	"SMAD4"	0.162919225394315	6.47162300453681	0.115328099088928	0.739216224294409	0.934980247309295
"All fibroblasts"	5	"EHMT1"	-0.128742683922702	6.14261572889281	0.115263558737215	0.739223270869044	0.934980247309295
"All fibroblasts"	5	"MARCH6"	0.0947973642745623	7.32285580664053	0.115039080634216	0.739555536819837	0.935197507172134
"All fibroblasts"	5	"SPOCK1"	-0.138043989799592	6.46677403067396	0.11461836421785	0.739965706004826	0.935199236946671
"All fibroblasts"	5	"UBE2A"	0.103832260705946	7.42444732915437	0.114629878412438	0.739997609981859	0.935199236946671
"All fibroblasts"	5	"DAAM1"	-0.147532639051868	6.85495530009393	0.114345248639326	0.740265244412725	0.935199236946671
"All fibroblasts"	5	"PCYOX1"	-0.113146566646624	8.08324771579906	0.114337218193048	0.740314233697367	0.935199236946671
"All fibroblasts"	5	"SPCS1"	0.0933357970385956	7.81284102666821	0.113991939771957	0.74069258190519	0.935199236946671
"All fibroblasts"	5	"LARP4"	0.179365907680013	6.27166904561929	0.113642683012136	0.740793997546694	0.935199236946671
"All fibroblasts"	5	"MED13"	-0.101612587688635	7.3269140934092	0.113834215999693	0.740829314047838	0.935199236946671
"All fibroblasts"	5	"SQSTM1"	0.0994453821211475	8.81687113471283	0.113753736255045	0.74094707594974	0.935199236946671
"All fibroblasts"	5	"PHF1"	-0.114021440521339	6.73806886056431	0.113333501891605	0.741126649524374	0.935199236946671
"All fibroblasts"	5	"PLXND1"	0.151369352687803	6.10995603494219	0.113426689436091	0.741161845927531	0.935199236946671
"All fibroblasts"	5	"ATP6V1A"	0.149038316773847	6.82107952985666	0.112984024688973	0.741528128299105	0.935458844684755
"All fibroblasts"	5	"ITGB1"	-0.067301371450673	10.2826513668007	0.111898299788543	0.742978567850133	0.937085739147775
"All fibroblasts"	5	"PPA2"	0.106747982005796	6.95022488421082	0.110983830711492	0.744014536254471	0.938189288629042
"All fibroblasts"	5	"PTPN13"	-0.132347036246899	6.29397287070607	0.110597070231511	0.744383933873714	0.938262780242063
"All fibroblasts"	5	"PRKDC"	0.0928376261014663	7.60764682524871	0.11062509189696	0.744394857226542	0.938262780242063
"All fibroblasts"	5	"RBM4B"	-0.152112914266735	6.01911821441867	0.109842225589762	0.744710164289929	0.938457207464839
"All fibroblasts"	5	"MGLL"	-0.117997248455396	8.10736217615835	0.110097507756922	0.744986539509815	0.938491640227543
"All fibroblasts"	5	"VPS72"	0.146046052342545	6.60547992971514	0.110001529417001	0.745065962629036	0.938491640227543
"All fibroblasts"	5	"ST13"	-0.0831816130782105	8.90761978972668	0.109839707620971	0.745265899426368	0.938491640227543
"All fibroblasts"	5	"SOX13"	-0.175157573568781	5.98553167770952	0.10979435723278	0.745672761850588	0.938491640227543
"All fibroblasts"	5	"ANPEP"	-0.226255860153145	6.7670718744848	0.10922431673003	0.74591691189838	0.938491640227543
"All fibroblasts"	5	"TCTA"	-0.14382344558493	6.02619618554113	0.109536199906624	0.746004484777991	0.938491640227543
"All fibroblasts"	5	"EXOC7"	0.145426790269372	6.88685938206493	0.109135841439197	0.746012105451509	0.938491640227543
"All fibroblasts"	5	"DPM1"	-0.156952279348133	6.04236471672054	0.108442404801262	0.74637259978889	0.938491640227543
"All fibroblasts"	5	"THBS1"	0.117467618288815	9.89197437753228	0.108692234560398	0.746552668221782	0.938491640227543
"All fibroblasts"	5	"HMGCR"	0.136466506424654	5.80838854939474	0.108367329472939	0.746805615184935	0.938491640227543
"All fibroblasts"	5	"NEU1"	0.129225099574467	6.64558752099136	0.108195742755385	0.74683209815265	0.938491640227543
"All fibroblasts"	5	"RBBP4"	-0.0986143659765665	7.68344468072568	0.108394500952094	0.746894311660511	0.938491640227543
"All fibroblasts"	5	"ATP5F1E"	0.0732285111115279	9.91753656351534	0.108321113783637	0.746961952945243	0.938491640227543
"All fibroblasts"	5	"C8orf33"	0.158712091977414	6.13798987750389	0.108016095886089	0.746992316350669	0.938491640227543
"All fibroblasts"	5	"UFM1"	0.098725257547134	8.04971305033225	0.108058960632316	0.74726868109785	0.938588738317408
"All fibroblasts"	5	"NBEAL1"	0.117207957191764	6.89538132810014	0.10792931200852	0.747391753182216	0.938588738317408
"All fibroblasts"	5	"ATP5MC2"	0.0858044223088484	9.46568676066925	0.10760250223933	0.747771882471866	0.938641709643257
"All fibroblasts"	5	"MACF1"	-0.0779368139996865	8.48885887611865	0.107563504510219	0.747819791170632	0.938641709643257
"All fibroblasts"	5	"COMMD3"	-0.112652188517906	6.25812642361694	0.107169636485144	0.747917188583086	0.938641709643257
"All fibroblasts"	5	"FHL2"	-0.0965584645582283	8.53059821617998	0.10661833452282	0.748893468651031	0.939024555571189
"All fibroblasts"	5	"ATP5ME"	-0.101667497162101	8.55204782881841	0.106595551308114	0.74891394296691	0.939024555571189
"All fibroblasts"	5	"ADAR"	0.0818511156021185	8.02248922584748	0.10658442947933	0.748934331761028	0.939024555571189
"All fibroblasts"	5	"ZC3H13"	-0.0905066447659012	8.07412244125293	0.106152609690699	0.749423006037408	0.939024555571189
"All fibroblasts"	5	"AGO3"	0.143308544780711	6.25370205756858	0.105855639812668	0.749473884317602	0.939024555571189
"All fibroblasts"	5	"S100A4"	0.0921437533851214	9.2543003455487	0.10607763666113	0.749499517395979	0.939024555571189
"All fibroblasts"	5	"LSM14A"	-0.101102218101127	7.37968093625057	0.10601770823122	0.7495780790413	0.939024555571189
"All fibroblasts"	5	"FBXO9"	0.0938745552493087	7.29451604812789	0.10594360250901	0.74962150942878	0.939024555571189
"All fibroblasts"	5	"KIF3A"	0.157143474395171	5.76983815295475	0.105630853376206	0.749672598681512	0.939024555571189
"All fibroblasts"	5	"SNRPF"	0.106821379987506	6.79920411468578	0.105660329263442	0.749958505194877	0.939180788689136
"All fibroblasts"	5	"KBTBD2"	0.115290429482376	6.57993613235764	0.105314291900645	0.75027356290526	0.939353828075103
"All fibroblasts"	5	"NDRG3"	-0.15148822121296	6.00810451957912	0.10517549034085	0.750419095536229	0.939353828075103
"All fibroblasts"	5	"GTF2I"	0.0765358448816186	8.91155239064533	0.10433291156481	0.751492278514966	0.940414798279739
"All fibroblasts"	5	"SEPHS1"	-0.138308218146079	6.17038590217906	0.103788895565431	0.751659284318538	0.940414798279739
"All fibroblasts"	5	"DCTN3"	-0.128989743391324	6.3096839311434	0.104099946139561	0.751750837547113	0.940414798279739
"All fibroblasts"	5	"GABRA2"	0.129435986358162	5.91680370886069	0.103375770418778	0.752444169139027	0.941060589855985
"All fibroblasts"	5	"CHD1"	0.131756842143958	6.77838552817703	0.102910924159052	0.752615591756351	0.941060589855985
"All fibroblasts"	5	"LAPTM4B"	0.0860375332727491	7.61944783077142	0.103144528434018	0.752873756108772	0.941060589855985
"All fibroblasts"	5	"ZNF641"	0.14255384587745	5.83484505711459	0.10336772083373	0.752958445350748	0.941060589855985
"All fibroblasts"	5	"DENND4A"	-0.130644018972714	6.14733058102569	0.102463315191056	0.753519003383977	0.941060589855985
"All fibroblasts"	5	"DOCK7"	-0.150513931599616	6.0611654984219	0.102325968727161	0.75371945689518	0.941060589855985
"All fibroblasts"	5	"SMARCD2"	0.190690710140154	6.31905154796655	0.101932174400087	0.753754713761694	0.941060589855985
"All fibroblasts"	5	"FOSL2"	0.0797027088558395	8.10057778219263	0.102374838700827	0.753758102974893	0.941060589855985
"All fibroblasts"	5	"PRKCSH"	0.105616030810392	8.13288039867281	0.102336220652415	0.753799256682083	0.941060589855985
"All fibroblasts"	5	"CACNB3"	0.147325625170982	6.18912986063114	0.102013198367127	0.753960102646585	0.941060589855985
"All fibroblasts"	5	"ANKFY1"	-0.102085433071301	6.65455348437233	0.10200525114633	0.754129310794234	0.941060589855985
"All fibroblasts"	5	"ILF2"	0.0931480998887932	7.37825752201694	0.101990243760787	0.754205072014321	0.941060589855985
"All fibroblasts"	5	"HSPA6"	0.178344289965436	6.08699028852657	0.100855604550827	0.755105963762046	0.94127898779738
"All fibroblasts"	5	"PRKAR2B"	0.0889600467056244	8.01760627616351	0.101211160740512	0.755113774522143	0.94127898779738
"All fibroblasts"	5	"NIN"	-0.131893957440809	6.18989992195241	0.100862493022776	0.755159430358336	0.94127898779738
"All fibroblasts"	5	"NUP62"	0.121865022157199	6.56430706142423	0.101154664861259	0.755161973055241	0.94127898779738
"All fibroblasts"	5	"NFYB"	-0.133441756604659	6.7456370832654	0.100783824781378	0.755530643184192	0.94127898779738
"All fibroblasts"	5	"ERLEC1"	0.10621619484485	7.34517521815089	0.100831861941795	0.755550764070194	0.94127898779738
"All fibroblasts"	5	"HIVEP2"	-0.124344151954398	5.929560897828	0.100368074157979	0.755833016688045	0.94127898779738
"All fibroblasts"	5	"SUMO1"	-0.105330591347175	7.25644754879467	0.100552021543332	0.755860148855673	0.94127898779738
"All fibroblasts"	5	"RALGAPB"	-0.132408187067013	6.03736777361281	0.100238603881408	0.756031357698503	0.94127898779738
"All fibroblasts"	5	"RNPEP"	-0.125245862315143	6.71012918134777	0.100383329348319	0.756036361593146	0.94127898779738
"All fibroblasts"	5	"CHRAC1"	-0.140182660661012	6.53715115429841	0.0998123478273947	0.756286922003585	0.94127898779738
"All fibroblasts"	5	"TBC1D17"	0.173119152799588	5.960239853312	0.0999663801081483	0.756318695622283	0.94127898779738
"All fibroblasts"	5	"RILPL2"	0.144070466984465	5.82870462476188	0.100147999644944	0.756660915169182	0.94127898779738
"All fibroblasts"	5	"NT5C"	-0.141995092919865	6.2870516578499	0.0993373612305769	0.756853846104723	0.94127898779738
"All fibroblasts"	5	"SFT2D1"	0.11926619602556	6.52119951993176	0.0994974367681911	0.756958793890462	0.94127898779738
"All fibroblasts"	5	"ITPRIPL2"	0.0839257655306109	8.23237391019316	0.099627735696365	0.756964705134464	0.94127898779738
"All fibroblasts"	5	"PRDM2"	-0.0922593611085615	6.94630221975386	0.0992833668036375	0.757366979870762	0.941578278580528
"All fibroblasts"	5	"OGT"	0.0909414835220423	7.07620993732034	0.0989804779103261	0.757736737431346	0.941660224253576
"All fibroblasts"	5	"DCTN5"	-0.141452808544308	6.41703862906823	0.0986256596614473	0.7579211297806	0.941660224253576
"All fibroblasts"	5	"ECHDC1"	0.133178769021799	6.43512521894295	0.0990872822298714	0.757972867985244	0.941660224253576
"All fibroblasts"	5	"NMD3"	0.136345944216549	6.24350187759943	0.0982703216853065	0.758163361813382	0.941660224253576
"All fibroblasts"	5	"WIPF2"	-0.0903562358349566	7.3237982219885	0.0985446855347883	0.758240908219972	0.941660224253576
"All fibroblasts"	5	"YWHAB"	0.0707555977949626	9.72961244780782	0.0982573313294609	0.758578198861366	0.941878364535517
"All fibroblasts"	5	"SFPQ"	0.0761900866689778	8.92339434316597	0.09741735814684	0.759584984256756	0.94221614525725
"All fibroblasts"	5	"ECD"	-0.133175507569343	5.95849410556205	0.0970271451370495	0.759860277934577	0.94221614525725
"All fibroblasts"	5	"ZFP36"	-0.167865872793719	10.8582185641246	0.0968241782370848	0.760285156492996	0.94221614525725
"All fibroblasts"	5	"MYO6"	-0.0906988251736243	7.02291162560997	0.096456674184976	0.76039164825261	0.94221614525725
"All fibroblasts"	5	"ACTN4"	0.0921992038915293	8.86544068813361	0.0964523561140304	0.760731267707246	0.94221614525725
"All fibroblasts"	5	"SUMF2"	-0.0911292085537388	7.21412841806221	0.0963705303153463	0.760781294961308	0.94221614525725
"All fibroblasts"	5	"PIP4K2B"	0.107481041358646	6.62239722639479	0.0963692296579641	0.760840680085969	0.94221614525725
"All fibroblasts"	5	"PFDN5"	0.0727288494561977	8.74740626565659	0.0961156536644296	0.761139194038548	0.94221614525725
"All fibroblasts"	5	"ISYNA1"	0.126174640494453	6.46407463445876	0.0959826343977596	0.761292621711098	0.94221614525725
"All fibroblasts"	5	"EZR"	-0.122777909925959	7.04616533989471	0.0958454318203533	0.761464247466775	0.94221614525725
"All fibroblasts"	5	"DYRK1A"	0.140446896953046	6.40509314139231	0.0957010801371357	0.761567443451042	0.94221614525725
"All fibroblasts"	5	"SNX12"	-0.107503948575308	6.62603644066953	0.0956298497775461	0.761569650690667	0.94221614525725
"All fibroblasts"	5	"ZHX1"	-0.110576712731407	6.48724046008283	0.0957429270835467	0.761577650310813	0.94221614525725
"All fibroblasts"	5	"IFRD1"	0.130928403614936	6.23798974167783	0.0953449815814413	0.761857158145549	0.94221614525725
"All fibroblasts"	5	"HGSNAT"	0.0898732914713869	7.33375102591002	0.0954398404663956	0.761935571494577	0.94221614525725
"All fibroblasts"	5	"ABHD2"	-0.11306937661863	6.72530762949138	0.0954277859971263	0.76197392207608	0.94221614525725
"All fibroblasts"	5	"SQOR"	0.140229774671265	6.87279123753402	0.0952932390051198	0.762081372052621	0.94221614525725
"All fibroblasts"	5	"PHAX"	0.131600059522057	6.5512684723694	0.0950330064513625	0.762199882592801	0.94221614525725
"All fibroblasts"	5	"EIF3L"	-0.0924913436286046	8.17865123410258	0.095074610980838	0.762386915800635	0.94221614525725
"All fibroblasts"	5	"ALKBH5"	-0.102965588500649	7.08294348225171	0.0946336128246081	0.762871232797637	0.94221614525725
"All fibroblasts"	5	"AC010422.3"	-0.152137417646243	6.37308908641804	0.0939683978928326	0.762965750377592	0.94221614525725
"All fibroblasts"	5	"QRICH1"	0.122576641536207	6.61179310064584	0.094344442546097	0.763107437247606	0.94221614525725
"All fibroblasts"	5	"ELAVL1"	0.1265730783236	6.86925634319756	0.0943738321129367	0.763200328078504	0.94221614525725
"All fibroblasts"	5	"YTHDF1"	0.128518142539488	6.48150631807956	0.0941714487440002	0.763246054758949	0.94221614525725
"All fibroblasts"	5	"SRSF7"	0.0829360127936026	8.20947786277543	0.0942194961533231	0.763431604850666	0.94221614525725
"All fibroblasts"	5	"DLG1"	-0.1134666987891	6.64122031424345	0.0941809995483711	0.763448565356915	0.94221614525725
"All fibroblasts"	5	"TMEM70"	0.142602706195432	6.24066665518065	0.0935795773357324	0.763762123869515	0.94221614525725
"All fibroblasts"	5	"CEP57"	-0.13597630333621	6.23869786358928	0.0936448366609962	0.763786382438042	0.94221614525725
"All fibroblasts"	5	"SOCS5"	-0.126361641942356	5.86069841452412	0.0937277755182633	0.763858698548318	0.94221614525725
"All fibroblasts"	5	"TOMM20"	0.089155853795352	7.96897228221432	0.0937748287009452	0.763973475738207	0.94221614525725
"All fibroblasts"	5	"AP1G1"	-0.114602927623272	6.23490639548924	0.0935461969770114	0.764090904795814	0.94221614525725
"All fibroblasts"	5	"COX5B"	0.117968605222258	7.134671284785	0.0934681206344605	0.764349436255907	0.94221614525725
"All fibroblasts"	5	"LAMP1"	-0.072657142241084	8.88116019882871	0.0934071720383191	0.764418447211725	0.94221614525725
"All fibroblasts"	5	"COX6A1"	0.0834671783770703	8.09798676571965	0.0934011103359882	0.764424882762746	0.94221614525725
"All fibroblasts"	5	"MPRIP"	0.0982414621074919	7.36652668831905	0.0933351519100395	0.764509685048272	0.94221614525725
"All fibroblasts"	5	"PWP1"	0.115221155478071	6.57922400211757	0.0929525434089844	0.764936094429646	0.942505542643869
"All fibroblasts"	5	"SLC50A1"	0.123392026192249	5.90090810564982	0.0925825369844462	0.765067996688777	0.942505542643869
"All fibroblasts"	5	"OAF"	0.0858888632478599	8.69265411328796	0.0923137630563651	0.765756737222943	0.942920750975214
"All fibroblasts"	5	"SMAD2"	0.111214789363523	6.88568126166744	0.0923063964616532	0.765769179955611	0.942920750975214
"All fibroblasts"	5	"ECH1"	0.12812554011669	6.75407683382077	0.0922109451945455	0.765890495000118	0.942920750975214
"All fibroblasts"	5	"PIGX"	0.134191284309929	6.20204486760248	0.0916925359893245	0.766152446498006	0.943044002058276
"All fibroblasts"	5	"RFK"	0.137512065836751	6.03194555185199	0.0912511068346682	0.766565383756878	0.943288897257833
"All fibroblasts"	5	"ACKR3"	-0.130162897152024	8.15252408849453	0.0914574473841315	0.76667517031287	0.943288897257833
"All fibroblasts"	5	"PPID"	0.12699390355909	6.08816446502481	0.0911125319981629	0.766936004297888	0.943317270247001
"All fibroblasts"	5	"LZTS2"	-0.138465615293219	6.28299736906099	0.0909764254487006	0.767022005565521	0.943317270247001
"All fibroblasts"	5	"CLPX"	-0.133857891514578	6.27500810588028	0.0910432232965239	0.767288382704811	0.943399112786335
"All fibroblasts"	5	"HS6ST1"	0.138899290362938	6.20486035567581	0.0907627434865779	0.76759511317592	0.943399112786335
"All fibroblasts"	5	"UBB"	0.0706597246051106	10.041118273102	0.0907599788721121	0.7676651457577	0.943399112786335
"All fibroblasts"	5	"TUT7"	-0.113303728177109	6.52403519054583	0.0907119081324243	0.767736158028625	0.943399112786335
"All fibroblasts"	5	"ETV1"	-0.144018758364805	5.91989060712775	0.0904442265616807	0.768388772944497	0.943649994109092
"All fibroblasts"	5	"SEPHS2"	-0.110801395453099	6.75081598583646	0.090140114552301	0.7684539744021	0.943649994109092
"All fibroblasts"	5	"HECTD1"	0.0917205509597446	7.15128881074674	0.0899895027512302	0.768567941461676	0.943649994109092
"All fibroblasts"	5	"PPP2R1A"	0.103960593352098	7.43452425451336	0.0899788145543246	0.768646589217452	0.943649994109092
"All fibroblasts"	5	"NOVA1"	-0.0844963788154758	7.49257426994544	0.089882133109455	0.768750046685406	0.943649994109092
"All fibroblasts"	5	"LIX1L"	-0.101274693288577	6.85638228014844	0.08956540011455	0.76913824822129	0.943927668994409
"All fibroblasts"	5	"MRPS33"	0.121737989110212	6.79439798306708	0.0893647825650583	0.769417274197952	0.944071269056952
"All fibroblasts"	5	"SLC30A9"	0.098345766917847	6.67070467091768	0.0890008442055284	0.769841730206593	0.944293251351803
"All fibroblasts"	5	"EGR3"	0.200194655711262	7.15398819613258	0.0885930581932075	0.769922299154353	0.944293251351803
"All fibroblasts"	5	"RNF41"	0.125907023532569	6.20530679411895	0.0880431421168048	0.770756481061046	0.944966729103219
"All fibroblasts"	5	"IMPDH2"	-0.100672982814851	6.78348860162362	0.0881636142531628	0.770795754835696	0.944966729103219
"All fibroblasts"	5	"AVL9"	-0.144268834748192	5.9057778915866	0.0875546398626651	0.77119885393895	0.944997149318112
"All fibroblasts"	5	"SLC25A46"	-0.116426667320128	6.53895754982871	0.0877049725982232	0.771449246733483	0.944997149318112
"All fibroblasts"	5	"KDM7A"	-0.141984039292215	6.19748261649581	0.0875674846146998	0.771452473735436	0.944997149318112
"All fibroblasts"	5	"ZNF827"	0.139259897744861	6.22639448092887	0.0879558303618714	0.771524609251515	0.944997149318112
"All fibroblasts"	5	"CFAP20"	-0.107092261050616	6.3303658944348	0.0874940010798051	0.771684955381549	0.944997149318112
"All fibroblasts"	5	"COX7A1"	0.15313294562224	6.39720805564162	0.0874308279528319	0.771793621692963	0.944997149318112
"All fibroblasts"	5	"STMN1"	-0.126790535252655	6.7222384961244	0.0867432152341796	0.772616942362959	0.945806496459866
"All fibroblasts"	5	"NF1"	-0.090474081364373	7.42635861736233	0.0864175699660582	0.773133455912689	0.945839241752104
"All fibroblasts"	5	"RCN1"	0.0734621231958148	8.49513217561162	0.0863584124372586	0.773203616000516	0.945839241752104
"All fibroblasts"	5	"SLC2A3"	-0.131746848736487	8.12003382145701	0.0861351695432135	0.77337018032622	0.945839241752104
"All fibroblasts"	5	"LUC7L3"	-0.0794148961330634	9.09556028937664	0.0861772140084638	0.773426477968909	0.945839241752104
"All fibroblasts"	5	"NXF1"	0.114216089460038	6.9869449252523	0.0861132743164399	0.773455292079762	0.945839241752104
"All fibroblasts"	5	"GINM1"	-0.0882500224707358	7.87180395509768	0.0857043148032311	0.774022363651035	0.94628564409118
"All fibroblasts"	5	"HNRNPDL"	-0.0735535151771172	8.71439339638755	0.0856159380781119	0.774145128776842	0.94628564409118
"All fibroblasts"	5	"CHMP2A"	0.128074065236539	6.83948462512998	0.0848328069773778	0.775086076155792	0.947237115301971
"All fibroblasts"	5	"NUPR1"	-0.154966467019006	6.73550245355278	0.0845614096458254	0.775376382696312	0.947393202342506
"All fibroblasts"	5	"GORASP1"	0.111486538605718	6.39721348600832	0.0843312489750875	0.775658279401592	0.947438343398198
"All fibroblasts"	5	"UBXN7"	-0.111335163132227	6.62893831366475	0.0839299774202412	0.775955808885718	0.947438343398198
"All fibroblasts"	5	"FOPNL"	-0.130606656660949	5.9503285050533	0.084257752510471	0.776219913990023	0.947438343398198
"All fibroblasts"	5	"STK4"	0.108573719661917	6.6989036067223	0.0835990909526943	0.776293280946349	0.947438343398198
"All fibroblasts"	5	"ZSWIM6"	-0.11200858607209	6.31209419220054	0.0840174286432688	0.776546953205536	0.947438343398198
"All fibroblasts"	5	"SARAF"	0.0901426255129387	7.77896312557889	0.0837318984998199	0.776578689678614	0.947438343398198
"All fibroblasts"	5	"CEP290"	-0.131920263050235	6.58243817933234	0.0835975820598218	0.776654724222794	0.947438343398198
"All fibroblasts"	5	"GPX7"	0.149529716092356	5.71406336857994	0.0836910566801465	0.776902770764527	0.947438343398198
"All fibroblasts"	5	"C1GALT1C1"	0.149789119323363	5.75495564138429	0.0832831403099553	0.777006172129056	0.947438343398198
"All fibroblasts"	5	"EIF1"	-0.0617431088513598	10.3589179864304	0.0833668585998222	0.777039272884844	0.947438343398198
"All fibroblasts"	5	"KDM5A"	-0.078973086316782	7.42515779657437	0.083180449176979	0.777276012344204	0.947465432314499
"All fibroblasts"	5	"KIF13B"	-0.117958533923979	6.23532760248344	0.0829073894084559	0.777401470023996	0.947465432314499
"All fibroblasts"	5	"PLXDC1"	0.144799113620866	6.37609751909773	0.0826405908382525	0.777816137630719	0.947465432314499
"All fibroblasts"	5	"SMIM7"	-0.117724256476342	6.72757553588354	0.0824899038674518	0.777819645087947	0.947465432314499
"All fibroblasts"	5	"SLC12A7"	-0.139949890224736	5.95817194475694	0.0826206251031858	0.777874485703203	0.947465432314499
"All fibroblasts"	5	"TSPYL2"	0.0902199281574728	7.35206214214291	0.082452551639293	0.778153649783163	0.947607380833123
"All fibroblasts"	5	"ATF6B"	0.118425992408191	6.4041834066855	0.0818385056453268	0.778876761976158	0.948004437121544
"All fibroblasts"	5	"LTBR"	0.0921091020098815	7.38262452124403	0.0819597176202005	0.778885815256517	0.948004437121544
"All fibroblasts"	5	"ERAL1"	-0.127063815290795	6.08959590742719	0.0817095064435791	0.778967778434521	0.948004437121544
"All fibroblasts"	5	"IRAK3"	0.136659244798183	6.30257135489044	0.0814280345661901	0.779364841239238	0.948181373932282
"All fibroblasts"	5	"CDH11"	0.0750778709247115	8.61843339377387	0.0815365511567748	0.779438610114232	0.948181373932282
"All fibroblasts"	5	"NELFCD"	-0.122977577807372	6.11934862504258	0.0809574643445277	0.78011744403037	0.948303727764825
"All fibroblasts"	5	"DIS3L"	0.12062915368061	6.08929367841249	0.0806325536053245	0.780167394759876	0.948303727764825
"All fibroblasts"	5	"SREBF1"	-0.104765521595954	6.21650496228795	0.0808443272969436	0.780201551381098	0.948303727764825
"All fibroblasts"	5	"RTL8C"	-0.0750458743970982	8.6608909597925	0.0809292692929361	0.78023600943085	0.948303727764825
"All fibroblasts"	5	"VPS54"	0.130473877362478	6.00885773787597	0.080532087005715	0.780404796740841	0.948303727764825
"All fibroblasts"	5	"TFCP2"	-0.11382931509773	5.95654768333315	0.0805286661977633	0.780515647564802	0.948303727764825
"All fibroblasts"	5	"FUCA2"	0.094927480650876	7.13902894908756	0.0798763913822842	0.781180341302018	0.948736538146896
"All fibroblasts"	5	"PRCP"	-0.10071957883244	6.9741536799265	0.0798891802448716	0.781197513305099	0.948736538146896
"All fibroblasts"	5	"TAF12"	0.125085976991012	6.27218798408781	0.079430448062877	0.781845163536057	0.949325227740072
"All fibroblasts"	5	"CLK3"	0.145944548730766	5.7613140130792	0.0792319283790112	0.782274664993833	0.949648848524805
"All fibroblasts"	5	"CXXC5"	0.111519992629264	6.4339796829719	0.0787970789647324	0.782698594332042	0.949965571583588
"All fibroblasts"	5	"GBF1"	0.121104913499327	5.98317316793809	0.0786375316910535	0.783058933321855	0.950204998847657
"All fibroblasts"	5	"SNX4"	-0.11803690016894	6.34999941939355	0.0786051911159407	0.783272042152011	0.950265706770719
"All fibroblasts"	5	"GTF2E2"	0.110774654778441	6.2206824459552	0.0781019003943129	0.78363703464129	0.950486394842542
"All fibroblasts"	5	"PMF1"	-0.115063523840521	6.11334811718095	0.0780628331268424	0.783813412510686	0.950486394842542
"All fibroblasts"	5	"GNA13"	-0.118374549239136	6.34605587087067	0.0778613778367946	0.783969574116564	0.950486394842542
"All fibroblasts"	5	"HERPUD2"	0.0854617815435095	6.95032643380417	0.0780109234203657	0.784106418398507	0.950486394842542
"All fibroblasts"	5	"TLE1"	-0.125868892436292	6.07583139309884	0.0774209644542939	0.784485965564853	0.950584467190683
"All fibroblasts"	5	"BLOC1S6"	-0.0887635969642442	7.18222705146375	0.0776628374846387	0.784513592366568	0.950584467190683
"All fibroblasts"	5	"TPPP3"	0.169813835909336	6.17429615670251	0.0773686627182522	0.784984291151321	0.950802182825895
"All fibroblasts"	5	"PARP1"	0.0934731494982909	6.70638282582131	0.0770285344660814	0.785385287145788	0.950802182825895
"All fibroblasts"	5	"NRAS"	-0.139071721258955	5.97908862284057	0.0767157946498765	0.785456126360673	0.950802182825895
"All fibroblasts"	5	"TAOK2"	0.1107443310036	6.60279179844859	0.0769026274925536	0.785513856399869	0.950802182825895
"All fibroblasts"	5	"PIGS"	-0.119523019963335	6.53655000522013	0.0769383708128397	0.785521067422707	0.950802182825895
"All fibroblasts"	5	"DCAF7"	0.0743437500731763	7.76038309818544	0.0767149507852879	0.785880548237435	0.950802182825895
"All fibroblasts"	5	"SRGAP1"	0.0996766281387653	6.66877415292231	0.0764387434500571	0.785923123396727	0.950802182825895
"All fibroblasts"	5	"PUM1"	-0.0718814899006539	7.85094319035132	0.0764918130626761	0.786181333399304	0.950802182825895
"All fibroblasts"	5	"KRAS"	0.0955246943007925	6.9923626021991	0.0764255614594553	0.786282350234792	0.950802182825895
"All fibroblasts"	5	"RNF149"	-0.110966258359842	6.46412636296565	0.076272123374909	0.786324990396085	0.950802182825895
"All fibroblasts"	5	"MGAT5"	0.124025273041496	6.48838034718038	0.0757384540067272	0.786901191630518	0.951301502828014
"All fibroblasts"	5	"GPATCH2L"	-0.121081813100044	6.51626845913224	0.0755856261488211	0.787194163145131	0.951358595637076
"All fibroblasts"	5	"BECN1"	-0.0895193852381618	7.22971245295929	0.0756909319070511	0.787274952490472	0.951358595637076
"All fibroblasts"	5	"NDUFA10"	-0.0933762120914982	6.62302282372893	0.0751580390762624	0.787899517410834	0.951915921201105
"All fibroblasts"	5	"CMTM3"	-0.0859276352576694	7.34305482283315	0.0748599003805936	0.788410142182011	0.952201133219828
"All fibroblasts"	5	"LUZP1"	-0.0991335906656725	6.61897869226725	0.0748232024243854	0.78846241080928	0.952201133219828
"All fibroblasts"	5	"IFT20"	0.119503815803105	6.44760408435644	0.0742833640533123	0.788976022150889	0.952325203821391
"All fibroblasts"	5	"LOXL1"	-0.0814417773902996	7.22998886838782	0.0742991294694148	0.789086063051757	0.952325203821391
"All fibroblasts"	5	"ELMOD2"	0.129710169523778	5.96215539726134	0.0741879644966239	0.789225595739734	0.952325203821391
"All fibroblasts"	5	"MDM2"	-0.0913858354979848	6.47515934078995	0.0741525729806231	0.789323857076789	0.952325203821391
"All fibroblasts"	5	"MAGT1"	-0.0874609525255491	7.17559633759357	0.0739961121510243	0.789538940148368	0.952325203821391
"All fibroblasts"	5	"ZNF33A"	-0.109380125116761	6.17960960224115	0.0739001473708796	0.789545745608571	0.952325203821391
"All fibroblasts"	5	"WFS1"	0.134264271707966	6.02092332583835	0.0733793264459684	0.790032558752563	0.952715173810262
"All fibroblasts"	5	"LSM6"	-0.135571147357983	6.01469260586369	0.0731100567734228	0.790613004185317	0.95321787200245
"All fibroblasts"	5	"PLEKHB2"	0.110898823930712	6.57847278237926	0.0728614929135608	0.791142681943254	0.953659165842644
"All fibroblasts"	5	"RNF44"	-0.113256299249881	6.01719921609874	0.0723247067852898	0.791802900123268	0.953955768385905
"All fibroblasts"	5	"EXOC5"	0.101938632548886	6.48174458611666	0.072308547031748	0.791888568846453	0.953955768385905
"All fibroblasts"	5	"TIAL1"	-0.0747294164595144	7.73500492698938	0.0723484133891255	0.791898184670417	0.953955768385905
"All fibroblasts"	5	"HTRA1"	-0.0760439879300052	7.70535018558145	0.0721895850545267	0.792125260668485	0.953955768385905
"All fibroblasts"	5	"SMIM20"	-0.133206073457285	6.16945181648579	0.0719846784114025	0.792331480412427	0.953955768385905
"All fibroblasts"	5	"JCHAIN"	0.127998339862991	9.55562634162547	0.0718876685658005	0.792540349237187	0.953955768385905
"All fibroblasts"	5	"UGDH"	0.0865828899610947	6.85755482190354	0.0718518929409261	0.79261216161397	0.953955768385905
"All fibroblasts"	5	"ATP6V1G1"	0.0728672111393699	7.67038680927849	0.071768928813762	0.792698443542913	0.953955768385905
"All fibroblasts"	5	"GLOD4"	-0.12110375088078	6.0997562678401	0.0713106140400845	0.792961354466348	0.954075121304028
"All fibroblasts"	5	"SH3PXD2B"	-0.0951109026354544	6.42599465408944	0.0712724414786144	0.793259952143779	0.954237353662634
"All fibroblasts"	5	"SLC25A24"	-0.155800942018914	5.95613875033945	0.0710122309606101	0.793630672202897	0.954486259427509
"All fibroblasts"	5	"PLRG1"	-0.0994897457989313	6.6105338129034	0.0706938072028974	0.794099043332921	0.954852481531351
"All fibroblasts"	5	"DIS3"	-0.125244221953052	6.50178228848786	0.0700839183232784	0.794697551589488	0.955062379688082
"All fibroblasts"	5	"JUNB"	0.117243268056121	10.5636405493268	0.070357827934305	0.794703093830568	0.955062379688082
"All fibroblasts"	5	"ARFGEF1"	-0.113080744842312	6.37607901090351	0.0700338530216765	0.794765313044021	0.955062379688082
"All fibroblasts"	5	"SLC30A7"	0.0908930413451428	6.75552187646315	0.0695245556122172	0.795836796042916	0.95601624440344
"All fibroblasts"	5	"ADCY6"	-0.194686650700052	5.73430590365321	0.0693498371561594	0.796132039412805	0.95601624440344
"All fibroblasts"	5	"SNHG18"	0.114060487573877	6.36647363259252	0.0692568341236312	0.796141150362581	0.95601624440344
"All fibroblasts"	5	"PGM1"	-0.0915030224471347	6.78697773812864	0.069295873406424	0.796215348222052	0.95601624440344
"All fibroblasts"	5	"YIPF5"	0.0831717641977895	7.05618937725695	0.0691340474763409	0.796449650229163	0.956100558690839
"All fibroblasts"	5	"HELZ"	-0.104613547439341	6.22443380315375	0.0680152030585422	0.797863475017659	0.957346765193597
"All fibroblasts"	5	"CHST12"	0.131658235710888	6.01342300452214	0.0681223409884481	0.797896046355885	0.957346765193597
"All fibroblasts"	5	"ERAP1"	0.0809497228526657	7.01852274615781	0.068086345334415	0.797980648454659	0.957346765193597
"All fibroblasts"	5	"C12orf57"	0.0909545744865503	8.29727834911796	0.0679430025125952	0.798184633212648	0.957394371702367
"All fibroblasts"	5	"AES"	-0.0828875220458745	9.19990587120318	0.0674451456739294	0.79889572038488	0.958050084931611
"All fibroblasts"	5	"MEX3C"	0.114203317597366	5.79691118465686	0.0668978711966049	0.799364566356329	0.958187750093644
"All fibroblasts"	5	"GAA"	0.120551670947096	5.78862982085754	0.066851716489079	0.799456278693409	0.958187750093644
"All fibroblasts"	5	"U2SURP"	-0.088846670410725	7.75166874987404	0.0669246542753635	0.799543317766556	0.958187750093644
"All fibroblasts"	5	"B3GNT9"	0.13445643053194	5.72712434328892	0.0666951556083829	0.79968802554211	0.958187750093644
"All fibroblasts"	5	"OCIAD1"	-0.068444723904453	7.85908834891737	0.0668058768461809	0.799832712623217	0.958187750093644
"All fibroblasts"	5	"IKZF4"	-0.101168125678422	6.45614327024935	0.0666423259362935	0.800030673472588	0.958227900169532
"All fibroblasts"	5	"XRCC5"	0.0752597652002982	8.49023561798036	0.0664179097829333	0.800403172487848	0.958457524800343
"All fibroblasts"	5	"MAPRE2"	0.0989614555520827	6.9996696722569	0.066321476699329	0.800551359739706	0.958457524800343
"All fibroblasts"	5	"TM2D2"	0.0953416088805178	6.54233141767888	0.0661255984511544	0.80077199472627	0.958524735675837
"All fibroblasts"	5	"LUC7L2"	-0.0993037302841812	6.9362147598555	0.0658817163840278	0.801118306528544	0.958733145063268
"All fibroblasts"	5	"GOLGB1"	-0.0669949878766198	8.4812409306212	0.0658231982133271	0.801275170148982	0.958733145063268
"All fibroblasts"	5	"MEIS2"	-0.10620823793385	6.07530994476732	0.0655532375690435	0.801605268513449	0.958931205014959
"All fibroblasts"	5	"PPM1G"	0.0843720614319365	7.12169263368504	0.065428747123982	0.801843512694511	0.959019324398793
"All fibroblasts"	5	"MMP24OS"	-0.095043455724357	6.58873795630559	0.0652225452298768	0.802150936755378	0.959091088414537
"All fibroblasts"	5	"C9orf78"	-0.0746348317307767	7.26346459075302	0.0651424824253112	0.802268183444835	0.959091088414537
"All fibroblasts"	5	"FAU"	0.0740445860447668	9.11371340732266	0.0649594455048772	0.802549360329722	0.959091088414537
"All fibroblasts"	5	"PABPC4"	0.0838205290255457	7.65763459498059	0.0646323321349159	0.803039901248807	0.959091088414537
"All fibroblasts"	5	"M6PR"	0.0704295407524505	7.66412903142127	0.0643770613874991	0.803427404277693	0.959091088414537
"All fibroblasts"	5	"SEC31A"	0.0625344995994325	9.21901302373549	0.0642947385347329	0.803539686593345	0.959091088414537
"All fibroblasts"	5	"ZEB1"	0.0706881551171334	7.49599395322971	0.0642169726782038	0.803608873852333	0.959091088414537
"All fibroblasts"	5	"NDUFV1"	-0.092584580346589	6.47497170610646	0.0642311052861186	0.803630288440697	0.959091088414537
"All fibroblasts"	5	"STXBP1"	-0.1065040734547	6.4468172300206	0.0641064703239466	0.803669945581993	0.959091088414537
"All fibroblasts"	5	"FBLN2"	0.112166760573021	7.06945729628787	0.0640907757699052	0.803837537306505	0.959091088414537
"All fibroblasts"	5	"GOT2"	0.0896371677604652	6.33912651773967	0.0637164504067868	0.80438289001336	0.959091088414537
"All fibroblasts"	5	"CLIC2"	-0.124582602779732	6.30517462209741	0.0634742399243525	0.804521938896882	0.959091088414537
"All fibroblasts"	5	"ABCB7"	-0.114778393674099	5.85920972652862	0.0632648885546164	0.804694500306398	0.959091088414537
"All fibroblasts"	5	"C2orf49"	0.104824252954588	6.15039656269391	0.0634797925922373	0.804712482270884	0.959091088414537
"All fibroblasts"	5	"DCAF12"	-0.0989198616536492	6.46392006781567	0.0634625447331218	0.804788530702768	0.959091088414537
"All fibroblasts"	5	"SNX33"	0.110392421411394	6.06346568556581	0.0631730725174734	0.804851976013775	0.959091088414537
"All fibroblasts"	5	"ARL6IP5"	-0.0736333761722916	7.9379165385692	0.0629921365919862	0.805459350607148	0.959091088414537
"All fibroblasts"	5	"SETD5"	0.0756559044968875	7.35732091627406	0.0629675423470861	0.805537506993965	0.959091088414537
"All fibroblasts"	5	"MYADM"	0.0792037103570459	9.57167458886625	0.0628625836242021	0.80569132639564	0.959091088414537
"All fibroblasts"	5	"RIT1"	-0.140020618070264	5.9316537145501	0.0625855530035207	0.805724664566443	0.959091088414537
"All fibroblasts"	5	"MAPK8"	0.12804544166478	5.95088744537563	0.0620793956712819	0.806484798930974	0.959091088414537
"All fibroblasts"	5	"XIST"	-0.112773144538988	8.96323738161331	0.0625563969571446	0.80651028464551	0.959091088414537
"All fibroblasts"	5	"PGM3"	0.0929032917238997	6.4287467516246	0.0621325804756171	0.806520063271026	0.959091088414537
"All fibroblasts"	5	"ZNF358"	0.108225245587218	6.4831752875687	0.0622650088597195	0.806574200934798	0.959091088414537
"All fibroblasts"	5	"APOBEC3C"	-0.0729219044147683	7.29644116033639	0.0622143815403914	0.806678651246945	0.959091088414537
"All fibroblasts"	5	"TDG"	0.114154419823348	6.18293540992053	0.0619336894304903	0.806838701865937	0.959091088414537
"All fibroblasts"	5	"MIB1"	-0.0923104412004681	6.9470822103256	0.0619871933173061	0.807032752722494	0.959091088414537
"All fibroblasts"	5	"SH3BP2"	-0.101326512232013	6.04191875985425	0.0618021527808441	0.807204149566757	0.959091088414537
"All fibroblasts"	5	"EXOSC9"	0.132919133050808	5.88441515856581	0.0617320724191373	0.807235393454852	0.959091088414537
"All fibroblasts"	5	"QKI"	0.0718631765942808	7.97769674424081	0.0617998740577195	0.807299558562308	0.959091088414537
"All fibroblasts"	5	"TWISTNB"	0.112850010151472	5.90890619794665	0.0616773177497273	0.807360033250564	0.959091088414537
"All fibroblasts"	5	"MAP3K12"	0.106074438236354	6.6055163992436	0.0616509154159266	0.807369404119399	0.959091088414537
"All fibroblasts"	5	"SREBF2"	-0.0824477027342089	6.49488418383229	0.0616872358345048	0.8074269352987	0.959091088414537
"All fibroblasts"	5	"ARL16"	0.125280111420611	5.76016539651068	0.0617202092721935	0.807499721942976	0.959091088414537
"All fibroblasts"	5	"ZNF800"	0.107832465157387	5.99182749601903	0.0611828899282325	0.808154397008679	0.959483478230969
"All fibroblasts"	5	"PLPP5"	0.0952695424063102	6.80549249300396	0.0611214802316583	0.808182263144086	0.959483478230969
"All fibroblasts"	5	"SFT2D2"	0.0851295840547881	6.70315566267069	0.0609229025330404	0.808616723938467	0.959483478230969
"All fibroblasts"	5	"CCL2"	-0.0771216465790028	10.2748230993605	0.060932568816896	0.808631396549826	0.959483478230969
"All fibroblasts"	5	"NAP1L1"	0.0564057556811358	10.3073240280798	0.0609174856242456	0.808653399964353	0.959483478230969
"All fibroblasts"	5	"TSPAN33"	0.0736387491328706	7.0364558352333	0.060572212326696	0.809203060682429	0.959940194339681
"All fibroblasts"	5	"MED15"	-0.11747524165269	5.87357635757464	0.0603172911400261	0.809530924468023	0.96013366514862
"All fibroblasts"	5	"GRB2"	0.0659974100390779	7.72790331403187	0.0601490315075342	0.809847324777241	0.96031346387403
"All fibroblasts"	5	"PTPRG"	0.0842383282096286	7.01241118394533	0.0598387409112526	0.810334578139869	0.960608696265458
"All fibroblasts"	5	"GRSF1"	-0.0814277696910673	7.00003510712015	0.0597090930473082	0.810457575347969	0.960608696265458
"All fibroblasts"	5	"MIA3"	-0.0753434366810008	7.10629414799444	0.0595783467823305	0.810725412440305	0.960608696265458
"All fibroblasts"	5	"FAM120B"	0.0903388286417002	6.36170116285031	0.059472411530222	0.810755717905187	0.960608696265458
"All fibroblasts"	5	"HLA-DRB1"	-0.0763959578491905	7.44596027174883	0.0592418148779337	0.8112595234292	0.960957521801721
"All fibroblasts"	5	"ARMC1"	0.109906999305767	5.87817627265864	0.0590033401892563	0.811513394921368	0.960957521801721
"All fibroblasts"	5	"DDX3X"	-0.0644644949705415	8.73318282268879	0.0590535393821988	0.811544871252148	0.960957521801721
"All fibroblasts"	5	"RHOBTB3"	-0.0690765993371076	8.22802534653002	0.0585898382309577	0.812221871560665	0.961563763832588
"All fibroblasts"	5	"BZW2"	-0.102268301701936	7.00170875767177	0.0580265462473091	0.812858817617328	0.961651176518694
"All fibroblasts"	5	"HNRNPA2B1"	-0.049607895473677	10.0702919031592	0.0580415601154038	0.813130226728629	0.961651176518694
"All fibroblasts"	5	"BUB3"	0.0645507565593811	7.36356703619725	0.0579670869723971	0.813260729200512	0.961651176518694
"All fibroblasts"	5	"MTX2"	-0.140279865761441	5.7447655033326	0.0576660920330372	0.813487943037212	0.961651176518694
"All fibroblasts"	5	"UBE2D2"	0.0652694727757121	7.68357362131021	0.0576499384811939	0.81375867903879	0.961651176518694
"All fibroblasts"	5	"SLC5A3"	0.106384468179458	6.27316343512137	0.0572770374752394	0.813894109654834	0.961651176518694
"All fibroblasts"	5	"USP10"	0.0838895506544496	7.09404756946885	0.0575428710445193	0.813927653743271	0.961651176518694
"All fibroblasts"	5	"PITPNB"	0.0864957016029092	6.87594295496676	0.057422885555155	0.814107144088133	0.961651176518694
"All fibroblasts"	5	"SKI"	0.0668730001484615	8.27368753337882	0.0574207062838157	0.814119140863721	0.961651176518694
"All fibroblasts"	5	"RUFY1"	0.0730876249991796	6.9598743925536	0.0572191776779024	0.814342888521771	0.961651176518694
"All fibroblasts"	5	"AFG3L2"	0.125699699057057	6.12623687737541	0.057175078984332	0.814398261215093	0.961651176518694
"All fibroblasts"	5	"AKT2"	0.0798256284325798	7.51342636972173	0.0572398817325334	0.814410080994535	0.961651176518694
"All fibroblasts"	5	"RRAGA"	-0.073888006474632	7.52974810998878	0.0571531734369996	0.814441145721599	0.961651176518694
"All fibroblasts"	5	"TRIQK"	-0.108248710714686	5.97684175318519	0.05698540897392	0.814783466001756	0.961721861945305
"All fibroblasts"	5	"MXRA5"	-0.0546798029209875	9.97605994430452	0.0569387617096389	0.81487782517005	0.961721861945305
"All fibroblasts"	5	"NUP54"	-0.130783620182457	5.85928558366121	0.0567196624645647	0.814996147981108	0.961721861945305
"All fibroblasts"	5	"UBLCP1"	0.0930429129504846	6.49948805924145	0.0563723206170197	0.815703550705279	0.962361731111492
"All fibroblasts"	5	"DPY19L1"	0.0950111205230264	6.28375705957739	0.0559451202248744	0.816741646151471	0.963136854314407
"All fibroblasts"	5	"PCYT1A"	0.095355028189091	5.93995574138696	0.0555660456461207	0.816904658915087	0.963136854314407
"All fibroblasts"	5	"GCSH"	-0.0994712334747472	6.22656007376704	0.0553527389637375	0.817030123361314	0.963136854314407
"All fibroblasts"	5	"CHD1L"	0.111941387566371	6.05175849861443	0.0553137821163292	0.817121467162917	0.963136854314407
"All fibroblasts"	5	"ERP44"	-0.0687428621546011	7.92304565469068	0.0554990170775469	0.817186992917527	0.963136854314407
"All fibroblasts"	5	"HNRNPUL2"	-0.0892690264737092	7.1898473204603	0.0549052081292889	0.817867689615846	0.963681360758625
"All fibroblasts"	5	"SDAD1"	0.0860433051280719	6.71537670843949	0.0548880720984857	0.818126746983186	0.963681360758625
"All fibroblasts"	5	"CYB5B"	0.0861870041809416	7.23781651785693	0.0546396032748634	0.818456935414688	0.963681360758625
"All fibroblasts"	5	"NUP88"	0.108511302434222	5.92148899339033	0.0546241272227219	0.818494037761185	0.963681360758625
"All fibroblasts"	5	"FGFR4"	0.102868964496255	6.81491107583443	0.0545193902802341	0.818639180350747	0.963681360758625
"All fibroblasts"	5	"UCKL1"	0.135708158447774	5.98434812012498	0.054377312028985	0.81887142651333	0.963681360758625
"All fibroblasts"	5	"PDZD11"	0.0943855045260774	6.46905201532521	0.0544194148014699	0.818885160270263	0.963681360758625
"All fibroblasts"	5	"IGF1R"	0.0969626362364376	6.54732361603705	0.0543010950894159	0.819038991228366	0.963681360758625
"All fibroblasts"	5	"TMEM41B"	-0.0960686439775009	5.81481906982763	0.0540494957062075	0.819217876513482	0.963681360758625
"All fibroblasts"	5	"C21orf91"	-0.107967143578762	6.10909416868775	0.054227419715317	0.819512582605243	0.963681360758625
"All fibroblasts"	5	"ATP5MD"	0.0641694858890724	7.71669460230928	0.0540355156044727	0.819578193862164	0.963681360758625
"All fibroblasts"	5	"GMFG"	-0.0890558762556269	6.02363086284115	0.0538719966977368	0.819633571978676	0.963681360758625
"All fibroblasts"	5	"C11orf58"	-0.0590298314592406	8.28194615145378	0.0535469288675948	0.820375042803287	0.964255702030763
"All fibroblasts"	5	"KHNYN"	-0.100101871163576	6.3708233922568	0.053266446801572	0.820539422498806	0.964255702030763
"All fibroblasts"	5	"MRPL4"	0.124135657310933	6.00936565071881	0.0533027028585843	0.820618504611388	0.964255702030763
"All fibroblasts"	5	"DPYSL3"	-0.0594513612117268	7.95121760986472	0.0531226646096348	0.821076309341067	0.96441217489887
"All fibroblasts"	5	"PACSIN2"	0.101166369103336	6.21028611405657	0.05310999222858	0.821082684000909	0.96441217489887
"All fibroblasts"	5	"TSPAN14"	0.0860985656627912	6.15769615383587	0.0527819881450174	0.821541892931594	0.964508232076504
"All fibroblasts"	5	"EIF3K"	0.0806024509620642	7.86675655893697	0.0527163092354754	0.821748954666461	0.964508232076504
"All fibroblasts"	5	"ATE1"	0.0963469176591337	6.02261970080837	0.0525678553572692	0.821752390048811	0.964508232076504
"All fibroblasts"	5	"HEPH"	0.0988807757222138	5.95122704725604	0.0525921773191778	0.821826561225304	0.964508232076504
"All fibroblasts"	5	"DNAJB6"	0.0732536626016853	6.97020970118623	0.0524445954385181	0.82200057135274	0.964518189543378
"All fibroblasts"	5	"RHOA"	-0.047566136506894	9.89097128025851	0.0521368811200955	0.822705622698624	0.96515113015198
"All fibroblasts"	5	"POLDIP3"	-0.0995756713655998	6.386087852123	0.0518842484053594	0.823023470876714	0.965329662801653
"All fibroblasts"	5	"KMT2D"	-0.086262299446372	6.19251224150496	0.051831231153997	0.823484223719142	0.96553113720439
"All fibroblasts"	5	"PSMC6"	-0.0913430217787635	6.72734442748374	0.0514365054837484	0.823654309461121	0.96553113720439
"All fibroblasts"	5	"DMAC1"	-0.106976552265343	6.27234235065354	0.0513276838809867	0.823802272442199	0.96553113720439
"All fibroblasts"	5	"CEBPD"	0.0608138793793875	9.71015223909512	0.0513204743877837	0.824077557573103	0.96553113720439
"All fibroblasts"	5	"TRIM38"	-0.074314582646809	6.97712106714585	0.0511320219722798	0.824379706355066	0.96553113720439
"All fibroblasts"	5	"LANCL2"	-0.0954310473931689	5.99433793189076	0.0509577764873332	0.824494334293893	0.96553113720439
"All fibroblasts"	5	"N4BP1"	-0.0731201448008642	6.53016819862452	0.0509872895798599	0.824637868962535	0.96553113720439
"All fibroblasts"	5	"ASB8"	-0.11330114550943	6.25990877235543	0.0508276500608076	0.824757681230892	0.96553113720439
"All fibroblasts"	5	"HNRNPR"	-0.057439463979324	7.88976740784881	0.0508996500863146	0.824790142491425	0.96553113720439
"All fibroblasts"	5	"BNIP2"	0.0790586659303282	6.55557439592837	0.0507218855389421	0.824998037621757	0.96553113720439
"All fibroblasts"	5	"RFLNB"	-0.0709262938436261	7.27173963404705	0.0507421853694237	0.825017939272466	0.96553113720439
"All fibroblasts"	5	"FKBP8"	0.0702284681712213	7.05203764771382	0.0503941200243201	0.82558882957239	0.966005242955485
"All fibroblasts"	5	"TMEM80"	0.111707255593311	5.844280958702	0.0498032829360646	0.826282770570281	0.966353369969709
"All fibroblasts"	5	"FTL"	0.0731986360319766	10.3453171036097	0.0499664757085612	0.826367675122478	0.966353369969709
"All fibroblasts"	5	"ACO2"	0.071064551210069	6.89748349156946	0.0498119244233292	0.826633412905333	0.966353369969709
"All fibroblasts"	5	"RBBP6"	0.0557536102908	8.27745661482416	0.0497548942959042	0.826736349562355	0.966353369969709
"All fibroblasts"	5	"NDUFV3"	0.0882949653606139	6.70354783383857	0.0496832585311389	0.826855237195371	0.966353369969709
"All fibroblasts"	5	"MLX"	0.0724962500961422	6.48672197832742	0.0493930194805237	0.827027249181678	0.966353369969709
"All fibroblasts"	5	"PDE4D"	-0.0734397618602019	6.6540528203445	0.0491716830848126	0.827615332455998	0.966353369969709
"All fibroblasts"	5	"ATP5MC1"	0.0806139934157761	7.25862757928438	0.0492169430697478	0.827665578982609	0.966353369969709
"All fibroblasts"	5	"GBE1"	-0.112369618894077	6.19964117910319	0.0491333345583867	0.82770696180739	0.966353369969709
"All fibroblasts"	5	"UBQLN1"	-0.0718657981729023	6.74548610934222	0.0488098485979763	0.828331442641852	0.966353369969709
"All fibroblasts"	5	"TMEM126B"	0.098036857048879	6.18680101871671	0.0489476778731359	0.82835000268488	0.966353369969709
"All fibroblasts"	5	"SAV1"	0.0833071589772298	6.83492137576784	0.0487529342653493	0.828451786835591	0.966353369969709
"All fibroblasts"	5	"TMEM230"	0.0673926259521974	7.76733233690935	0.0487579873902275	0.828454155919983	0.966353369969709
"All fibroblasts"	5	"TSC22D2"	0.0875982789735239	6.40075988482438	0.0486611953562011	0.828600593483744	0.966353369969709
"All fibroblasts"	5	"C14orf132"	0.0794361397037693	7.20987320446429	0.0487886698629618	0.828641590904499	0.966353369969709
"All fibroblasts"	5	"CHCHD3"	0.0988605425181013	5.85477366160543	0.0485484279487218	0.828686220014947	0.966353369969709
"All fibroblasts"	5	"PUM2"	-0.0616741852632004	7.1507681696565	0.0486087930841674	0.828705644369081	0.966353369969709
"All fibroblasts"	5	"SHARPIN"	0.130184883715018	5.87615101682193	0.0482014085037989	0.829056012518486	0.9665685043908
"All fibroblasts"	5	"RASA3"	-0.0774128477000309	6.71429788358529	0.0480977401036856	0.829451351996521	0.966696213578305
"All fibroblasts"	5	"TSC2"	0.0914281417500682	6.77908644607154	0.0480259179684659	0.829697309086221	0.966696213578305
"All fibroblasts"	5	"CNPY3"	-0.0987069881032882	6.00118086010324	0.0479644402438744	0.829771080983514	0.966696213578305
"All fibroblasts"	5	"BRD3"	-0.0909498231401574	6.58227683690971	0.0479295768665399	0.829829150560954	0.966696213578305
"All fibroblasts"	5	"PAF1"	-0.111684917464134	6.21794976642379	0.0476745369115238	0.830178778340512	0.96690093186989
"All fibroblasts"	5	"CSDE1"	-0.0501595863676863	9.12291488572665	0.0476326681776129	0.830402883239234	0.96690093186989
"All fibroblasts"	5	"SF3A2"	-0.0804241368928091	6.62102027604671	0.0474804863192356	0.830566402284963	0.96690093186989
"All fibroblasts"	5	"TTC19"	-0.0950412381693667	6.00170894570628	0.0472852117599015	0.830668622780276	0.96690093186989
"All fibroblasts"	5	"ADSS"	-0.0793780246823643	6.14798672556977	0.0472605825777562	0.830976222671999	0.967065797785049
"All fibroblasts"	5	"NUP133"	0.0873491830856498	5.98871661186312	0.0471851361492241	0.831172931304075	0.967101571627166
"All fibroblasts"	5	"HNRNPH1"	0.0582288289353414	8.62846769759959	0.0469591495587602	0.831590510339506	0.967263180505542
"All fibroblasts"	5	"CRIM1"	0.0663827902179706	6.95523419740989	0.0469289834499173	0.831643819175007	0.967263180505542
"All fibroblasts"	5	"STX8"	-0.0880976461317573	6.04016276560441	0.0462687920448164	0.83252014180301	0.967897189799003
"All fibroblasts"	5	"FYCO1"	-0.0776393334980865	6.29070506049389	0.0462597388007472	0.83278256258829	0.967897189799003
"All fibroblasts"	5	"NDUFB7"	-0.0982617050978047	5.90580318508925	0.0460361910921202	0.833081167360489	0.967897189799003
"All fibroblasts"	5	"PDCD10"	0.102972848288127	6.21825523068047	0.0459215781326605	0.833086818214213	0.967897189799003
"All fibroblasts"	5	"GALT"	-0.119511335796577	5.65897598721213	0.0458806023863449	0.833234216814935	0.967897189799003
"All fibroblasts"	5	"HERC2"	-0.0695863762651268	6.67538791886401	0.0458175588832114	0.83356408742197	0.967897189799003
"All fibroblasts"	5	"TNS2"	-0.0910364786025009	7.06291065955176	0.0457213437136709	0.833796852254013	0.967897189799003
"All fibroblasts"	5	"BAHD1"	0.105668525531068	5.80383087935667	0.045602502455147	0.83392781852255	0.967897189799003
"All fibroblasts"	5	"PPP3CA"	-0.0594765179090092	7.95633097322225	0.0456051901691416	0.833998006108285	0.967897189799003
"All fibroblasts"	5	"PLP2"	-0.0627133139252982	7.63514405795796	0.0453652600297601	0.834429173308963	0.967897189799003
"All fibroblasts"	5	"HNRNPC"	-0.0473662629441625	9.51400348278631	0.045352460260333	0.834444564562931	0.967897189799003
"All fibroblasts"	5	"ITGB1BP1"	-0.083304370447299	6.47667357712512	0.0453095090557112	0.834496936702594	0.967897189799003
"All fibroblasts"	5	"POP4"	0.0904035328612102	5.95333968282674	0.0451955377018481	0.834595100203034	0.967897189799003
"All fibroblasts"	5	"SEC11A"	-0.067316602537274	8.34240318618218	0.0452631011443649	0.834610959242219	0.967897189799003
"All fibroblasts"	5	"VRK3"	-0.107405064234385	5.97288980596535	0.045154316899639	0.834680518060751	0.967897189799003
"All fibroblasts"	5	"PPP1R15B"	-0.102916448053258	7.38292260478109	0.0450252438605718	0.83491251475763	0.967973582071769
"All fibroblasts"	5	"FNIP1"	-0.0981521469306512	6.15169681642007	0.0443738780870232	0.835894132637844	0.96891886033036
"All fibroblasts"	5	"ENHO"	-0.124147650889156	5.9910154978054	0.0443144718656028	0.836156803409366	0.96903056751519
"All fibroblasts"	5	"GSK3B"	0.0646713834491308	6.7958682284202	0.0442755869856857	0.836399588156098	0.969119188742411
"All fibroblasts"	5	"CCNH"	0.0939829836171636	6.19842285506051	0.0439741186015148	0.836799561140685	0.96938986933733
"All fibroblasts"	5	"STK11"	-0.104818324331051	5.63994645291963	0.0431296868039432	0.838146131937424	0.970648788989975
"All fibroblasts"	5	"TMEM87A"	-0.0588569123224389	7.31935024841617	0.0432814498658073	0.838219445031329	0.970648788989975
"All fibroblasts"	5	"DCAF5"	-0.0605896242902863	7.18288124617954	0.0431694444317367	0.83842676414543	0.970695957614826
"All fibroblasts"	5	"IGF1"	-0.0921776815405014	7.0891973700259	0.0430522498340671	0.838602738175658	0.970706824662208
"All fibroblasts"	5	"HELQ"	0.105898644674323	5.64176630572748	0.0425223268711846	0.839358436647057	0.971388601855492
"All fibroblasts"	5	"HNRNPD"	-0.0547352246907696	8.86845193439318	0.0424059973652077	0.839830082941512	0.971391073350237
"All fibroblasts"	5	"BCL6"	-0.0643819695943921	6.94193563444171	0.042362556644655	0.839864740073923	0.971391073350237
"All fibroblasts"	5	"ZNF445"	-0.10267004908653	5.91001970536008	0.0421508593310633	0.840026505616748	0.971391073350237
"All fibroblasts"	5	"NDN"	-0.0547944171404706	8.01773965258442	0.0423029520200115	0.840027392931499	0.971391073350237
"All fibroblasts"	5	"DPP8"	0.0759177741625721	6.28959422585229	0.0418662363271729	0.840549386172122	0.971587488230986
"All fibroblasts"	5	"KPNB1"	0.0534848831999073	8.72403696496308	0.0419631111315238	0.840658757733772	0.971587488230986
"All fibroblasts"	5	"TIA1"	-0.0621427063593879	7.37823087422118	0.0419317096547535	0.840697462787134	0.971587488230986
"All fibroblasts"	5	"FAM168B"	-0.0871129173786251	7.1268166108895	0.0415900474704793	0.841282841817692	0.972071211435988
"All fibroblasts"	5	"SLC35A5"	0.0980396831309174	5.95077679699091	0.0412163037468974	0.841707747068534	0.972245079360507
"All fibroblasts"	5	"CACNA2D1"	0.0842784507687334	6.78087970125601	0.0412088451933507	0.841989792519112	0.972245079360507
"All fibroblasts"	5	"UXT"	0.0710710796351808	6.73447184874372	0.0411371916263214	0.842095019335767	0.972245079360507
"All fibroblasts"	5	"MAGEH1"	0.0977978703398041	6.28872437157007	0.0410666154931026	0.842100723448168	0.972245079360507
"All fibroblasts"	5	"KRT18"	0.104313682189593	6.01217553785732	0.0408319984972803	0.842573254603351	0.972597930779265
"All fibroblasts"	5	"ACTG2"	0.0750133235725191	7.10402690416976	0.0403717438665125	0.843651528733884	0.972856720022616
"All fibroblasts"	5	"S100A6"	0.0560125944841152	10.4134827814843	0.0403672128205129	0.843669316475116	0.972856720022616
"All fibroblasts"	5	"SPRY4"	0.0709054296956459	7.7668902778056	0.0403631708580677	0.843684030097904	0.972856720022616
"All fibroblasts"	5	"IFNGR1"	-0.0702529071740098	7.07401585950917	0.0402186043872835	0.843908407273079	0.972856720022616
"All fibroblasts"	5	"SLC11A2"	-0.0876058592409026	6.03124922445036	0.0401490533506583	0.84405432505227	0.972856720022616
"All fibroblasts"	5	"CRLS1"	-0.0815405440673773	6.09624719353032	0.0402339447783298	0.844151957769997	0.972856720022616
"All fibroblasts"	5	"INTS8"	-0.103388031621724	5.99191974386205	0.039970574433257	0.844328374534664	0.972856720022616
"All fibroblasts"	5	"LNPEP"	0.0612500544319487	7.04303349697367	0.0399888549098724	0.844360182378519	0.972856720022616
"All fibroblasts"	5	"SPG11"	0.0902203837372864	5.93403184000647	0.0398228884721047	0.844413171329509	0.972856720022616
"All fibroblasts"	5	"PPP2CB"	-0.0618883317235069	7.62808878926241	0.0398849720232921	0.844601113482585	0.972856720022616
"All fibroblasts"	5	"FAM160B2"	0.101208545639126	5.76197890109888	0.0395980708222703	0.844943273033253	0.972856720022616
"All fibroblasts"	5	"GDI2"	0.0511184020215179	8.71813919535395	0.0396826914168343	0.84498316026041	0.972856720022616
"All fibroblasts"	5	"ALDH7A1"	-0.0929034936363016	6.69038087547669	0.0396731870616258	0.844987047287811	0.972856720022616
"All fibroblasts"	5	"C16orf72"	-0.05540346665721	7.59469915135693	0.0396041192118962	0.845134840699242	0.972856720022616
"All fibroblasts"	5	"CERS5"	0.111083166121597	5.88070045535704	0.0392017433661733	0.845684884268196	0.97304066756249
"All fibroblasts"	5	"YIPF6"	0.0656336685081287	6.72912832223556	0.0391945056648708	0.845921525556964	0.97304066756249
"All fibroblasts"	5	"TNRC6A"	0.068161070624693	7.63184012451915	0.0390297234880932	0.84596196683059	0.97304066756249
"All fibroblasts"	5	"SNHG9"	-0.103787347696392	5.93336309217643	0.0390551433245827	0.845962591706123	0.97304066756249
"All fibroblasts"	5	"MAEA"	-0.094032918095072	6.00474730450298	0.0386853831555614	0.84665179132154	0.973191126245392
"All fibroblasts"	5	"AK3"	-0.0502063816621761	8.02860140720453	0.0388053054294064	0.846688146918876	0.973191126245392
"All fibroblasts"	5	"ZDHHC3"	0.0646996245175894	6.64391943107445	0.038643053263206	0.846997855987265	0.973191126245392
"All fibroblasts"	5	"C1orf123"	0.071580561623539	6.39291199365662	0.0386260551921705	0.847021997692738	0.973191126245392
"All fibroblasts"	5	"PRPF6"	-0.0957085720163457	6.19515291359895	0.038580434745291	0.847044828245976	0.973191126245392
"All fibroblasts"	5	"TSPYL4"	0.0777040122290391	6.29529423636978	0.0384878849284825	0.847095485209649	0.973191126245392
"All fibroblasts"	5	"PSMF1"	-0.058177974575006	7.70324640481	0.0384268815045674	0.847420818993252	0.973372976990672
"All fibroblasts"	5	"CIAO2B"	0.107083895645783	6.54551230796174	0.0379181327951262	0.848318497217945	0.973967930877562
"All fibroblasts"	5	"DNASE2"	-0.0726716774970418	6.35173225840557	0.0379000708545001	0.848331241115127	0.973967930877562
"All fibroblasts"	5	"SLC4A1AP"	0.0894440168192191	6.23596483540921	0.0378821887227003	0.848483869321637	0.973967930877562
"All fibroblasts"	5	"TUBGCP2"	0.111138854437178	5.81656024649737	0.0377235648493923	0.84862596517818	0.973967930877562
"All fibroblasts"	5	"TOMM7"	0.0461704459158828	9.19858441574492	0.0377394922429188	0.848774524282866	0.973967930877562
"All fibroblasts"	5	"EXTL2"	0.0845983783353895	6.55722878109312	0.0374064397829939	0.849217633370091	0.97413155480352
"All fibroblasts"	5	"PNMA1"	-0.0964353537942684	6.03766016945652	0.0374198287190125	0.849260492692473	0.97413155480352
"All fibroblasts"	5	"GOLGA8A"	0.0619199214458268	6.84984593537512	0.0373961859220143	0.849418642518738	0.97413155480352
"All fibroblasts"	5	"GABRE"	0.0744340016301432	6.82648978613851	0.0368845174832736	0.85046301258733	0.974731902870578
"All fibroblasts"	5	"NKAP"	0.0879273561752629	5.99787654101854	0.0369555139578652	0.850555069210072	0.974731902870578
"All fibroblasts"	5	"PAK2"	0.0738806573543698	7.42447535589659	0.0366985247551864	0.850827266210306	0.974731902870578
"All fibroblasts"	5	"TCP1"	-0.0491699963489553	7.64747044149677	0.0366928858129651	0.850864444661619	0.974731902870578
"All fibroblasts"	5	"PTMS"	0.0555020252589511	9.91865129092441	0.0365474400385469	0.851149188453489	0.974731902870578
"All fibroblasts"	5	"MRPS5"	0.0813178259675484	6.41757273896862	0.0364390064498047	0.851347951290611	0.974731902870578
"All fibroblasts"	5	"SLC8A1"	-0.117313108524441	5.81734295579774	0.0363379746034236	0.851401697820732	0.974731902870578
"All fibroblasts"	5	"CFLAR"	0.051228527254905	8.03917120012226	0.0363786390582063	0.851495171005256	0.974731902870578
"All fibroblasts"	5	"HEBP1"	-0.0626671816308169	6.82738209287021	0.03622032900519	0.851587800553891	0.974731902870578
"All fibroblasts"	5	"GTF2H3"	0.0926699892004573	5.77590762522122	0.0361387358704984	0.851643962386863	0.974731902870578
"All fibroblasts"	5	"NOL11"	0.0879637040441063	6.17095366369321	0.0360787932483393	0.851854304655797	0.974731902870578
"All fibroblasts"	5	"WAC-AS1"	-0.0741664518969336	6.37953569196623	0.0360996236160656	0.851994858695117	0.974731902870578
"All fibroblasts"	5	"LPGAT1"	0.0626148139844925	6.71322240122079	0.036067064839078	0.852116751883083	0.974731902870578
"All fibroblasts"	5	"RBM25"	0.0442293359829645	8.80306355106427	0.0358360158708287	0.852587695192299	0.975079195267031
"All fibroblasts"	5	"TBCA"	-0.0485130805140291	7.80684587062449	0.0355069294636879	0.853263781230604	0.975583669248623
"All fibroblasts"	5	"PPME1"	0.0873402714727425	6.3210706891134	0.0353765871958071	0.853363645471123	0.975583669248623
"All fibroblasts"	5	"ARHGAP10"	-0.0693571835341312	6.16902130771167	0.0351947115181974	0.853688587782805	0.975763711457513
"All fibroblasts"	5	"XRCC1"	-0.0955025289595579	6.08993080243424	0.0350706275608071	0.853920235640533	0.975837068656086
"All fibroblasts"	5	"ENC1"	0.0614782939108528	7.47785322683319	0.0349933306442843	0.854313132681108	0.976094632182905
"All fibroblasts"	5	"DAG1"	-0.0997228827670016	6.02786816148778	0.0346110273581341	0.854970626324854	0.976373189050034
"All fibroblasts"	5	"RBMXL1"	-0.0699010586967934	6.28981262263365	0.0345115790493358	0.855095001882196	0.976373189050034
"All fibroblasts"	5	"C1orf122"	0.072173177025309	6.25461057988784	0.0345517711141177	0.85518874373508	0.976373189050034
"All fibroblasts"	5	"FAM171B"	-0.0760532897909385	6.27152906608588	0.0344045120731033	0.855246640306386	0.976373189050034
"All fibroblasts"	5	"IBTK"	-0.0604123190291202	6.6166897602618	0.0344413276375628	0.855394736588369	0.976373189050034
"All fibroblasts"	5	"OXSR1"	0.100157650846003	5.69855944085932	0.0342217764786712	0.855563977601446	0.976375107223584
"All fibroblasts"	5	"ITPR2"	-0.0682558791943796	6.24466540372154	0.0341876621305152	0.855952201796015	0.976626880725549
"All fibroblasts"	5	"FOSB"	0.125313539957229	10.3076464806094	0.0339846493987973	0.856400082671723	0.976795789529556
"All fibroblasts"	5	"MRPL9"	-0.0966287887097183	6.05866380285513	0.0337546012673191	0.856585268523824	0.976795789529556
"All fibroblasts"	5	"H6PD"	-0.0496580764392389	7.45213649312008	0.0338225372035418	0.856745152848939	0.976795789529556
"All fibroblasts"	5	"ACVR1"	0.0644755994403298	6.89586737045888	0.0338032431933704	0.856986373032548	0.976795789529556
"All fibroblasts"	5	"PPP2R5D"	-0.0689496964257129	5.97410194215825	0.0334856600082814	0.857221069523189	0.976795789529556
"All fibroblasts"	5	"NOP53"	0.0584207001682757	8.04722888081026	0.033430807540985	0.85756337602137	0.976795789529556
"All fibroblasts"	5	"B2M"	0.0314720752672393	12.0536290009579	0.0334251019966517	0.857569937145678	0.976795789529556
"All fibroblasts"	5	"NOTCH1"	-0.099406632390135	5.76763950396542	0.0332379286411128	0.857685119810085	0.976795789529556
"All fibroblasts"	5	"SNRPD2"	0.0663471590778315	8.31782136697109	0.0333246762082304	0.857787900872652	0.976795789529556
"All fibroblasts"	5	"LTV1"	-0.0810831404022341	6.02429464789859	0.0331700832329208	0.857837832431361	0.976795789529556
"All fibroblasts"	5	"HIKESHI"	-0.0682646738132281	6.20071841190134	0.0332095053440561	0.857944199555906	0.976795789529556
"All fibroblasts"	5	"MIEF1"	-0.0703918759856904	6.34561017433338	0.0331113933293336	0.858191979057554	0.976826578935912
"All fibroblasts"	5	"PNISR"	-0.0580685780582945	9.05062462852845	0.033077120601962	0.85830651864628	0.976826578935912
"All fibroblasts"	5	"AHI1"	-0.0676414235158919	7.0679281437303	0.0326252331863188	0.858987558606172	0.977262204393969
"All fibroblasts"	5	"ZKSCAN1"	-0.0498426505977653	7.59402079565053	0.0326526688310963	0.859170157987243	0.977262204393969
"All fibroblasts"	5	"SIN3A"	-0.0602636673472053	6.70307014478984	0.0326565447322319	0.859192427168406	0.977262204393969
"All fibroblasts"	5	"S100A10"	0.0494326973027696	8.59014275153088	0.0324002734331711	0.859747822792331	0.977339826191679
"All fibroblasts"	5	"KIF1BP"	-0.0844988924582965	6.11047185304464	0.032236674856853	0.859958005017353	0.977339826191679
"All fibroblasts"	5	"FUS"	0.0431127299356285	8.70501683806577	0.0322091569315346	0.860156457846745	0.977339826191679
"All fibroblasts"	5	"FUBP1"	0.0490221781433953	7.52140324666594	0.0321640531798027	0.860260025168279	0.977339826191679
"All fibroblasts"	5	"CHIC2"	0.054737561139211	7.34376253663826	0.0321611628730307	0.860268088704763	0.977339826191679
"All fibroblasts"	5	"RECQL"	0.0791193335050658	6.4181223982717	0.0320004792734049	0.860404075392163	0.977339826191679
"All fibroblasts"	5	"SYNJ2"	0.0627832574226464	6.49052765439443	0.0320107219933286	0.860492241055796	0.977339826191679
"All fibroblasts"	5	"SEPT2"	-0.0384852963730519	9.60900272432618	0.0319969524113736	0.860611425908738	0.977339826191679
"All fibroblasts"	5	"MSC-AS1"	0.088631326751003	5.95099755217105	0.0318107486308288	0.860770205597339	0.977339826191679
"All fibroblasts"	5	"ZDHHC7"	-0.0649630138809504	6.43369015517241	0.0317309904642771	0.861158522038434	0.97735159771732
"All fibroblasts"	5	"DUSP22"	-0.0654740985315651	6.40633479427258	0.0315684403658544	0.861380993023445	0.97735159771732
"All fibroblasts"	5	"ATF6"	-0.0522973993485327	7.15554307145119	0.0314954305555558	0.861705246329611	0.97735159771732
"All fibroblasts"	5	"CMIP"	0.0442145736490596	9.56420066135188	0.0313655905121816	0.861982153007082	0.97735159771732
"All fibroblasts"	5	"NAGK"	0.0652929669629068	6.44851860670657	0.031320685333301	0.862047002506889	0.97735159771732
"All fibroblasts"	5	"ATP6V1C1"	-0.0677075199379479	6.41680399811423	0.0312558586016561	0.862211454074171	0.97735159771732
"All fibroblasts"	5	"SIVA1"	-0.0779710197835098	6.29029201028331	0.0311066190135057	0.862270849949415	0.97735159771732
"All fibroblasts"	5	"H2AFY"	0.047236718618086	8.19038135872722	0.0309713047618054	0.862844793032273	0.97735159771732
"All fibroblasts"	5	"AHR"	0.0634046984019413	7.17722975644062	0.0309497590735092	0.86288749559011	0.97735159771732
"All fibroblasts"	5	"DCAF16"	0.079424501753574	6.24752836740574	0.0308817444380844	0.862956304992326	0.97735159771732
"All fibroblasts"	5	"DROSHA"	-0.0809697455845508	5.82451252328077	0.0309421450579212	0.863068860403659	0.97735159771732
"All fibroblasts"	5	"HOXB2"	0.0592108871699023	6.97596781625763	0.0307544261647815	0.863288205398339	0.97735159771732
"All fibroblasts"	5	"FAM84A"	-0.0708208344874734	5.88861834863481	0.0306840350464773	0.86342305502639	0.97735159771732
"All fibroblasts"	5	"CAPN2"	0.0432717802519707	8.28058070310416	0.0306008698876873	0.86365751080188	0.97735159771732
"All fibroblasts"	5	"MMP2"	0.0324368511794762	11.4508350493586	0.0305979606138489	0.863658052278757	0.97735159771732
"All fibroblasts"	5	"USP39"	-0.0644745991311042	6.34710357616418	0.0303608552278837	0.864127397102398	0.97735159771732
"All fibroblasts"	5	"YBX1"	-0.0386520834867706	9.76397857433405	0.0302917913385887	0.864335181965378	0.97735159771732
"All fibroblasts"	5	"ASNSD1"	0.0779067722640781	6.39493267061371	0.0302083014888345	0.864435933326073	0.97735159771732
"All fibroblasts"	5	"TOX2"	-0.0750548999639169	6.57356503261143	0.0301225884624478	0.864464648587138	0.97735159771732
"All fibroblasts"	5	"WIPI2"	0.0553663083416089	6.90028179508583	0.03016253347942	0.864571719644503	0.97735159771732
"All fibroblasts"	5	"ITFG1"	-0.0627227627139372	6.52522795200408	0.0301208524895625	0.864679235577733	0.97735159771732
"All fibroblasts"	5	"NYNRIN"	-0.0638127414402209	6.4123875356778	0.0301277586459585	0.864683891538309	0.97735159771732
"All fibroblasts"	5	"MOB1A"	-0.0478086087942206	7.71417436932086	0.0299377801275433	0.865124817744197	0.97735159771732
"All fibroblasts"	5	"CDIPT"	-0.0424186681384625	8.183281866388	0.0299030733824216	0.865203015434147	0.97735159771732
"All fibroblasts"	5	"RBP5"	-0.101447363051009	6.31017174343359	0.0298511516241858	0.865229115912699	0.97735159771732
"All fibroblasts"	5	"AURKAIP1"	0.0891009686656619	6.2071742895794	0.0297261808397162	0.865303884959221	0.97735159771732
"All fibroblasts"	5	"TMEM50A"	0.0477476605249811	8.01978700779063	0.0298475546090828	0.865309231615524	0.97735159771732
"All fibroblasts"	5	"IFT57"	-0.0552306936689771	6.8262939289619	0.0294903187133205	0.86595339867392	0.977529009757229
"All fibroblasts"	5	"UBE3A"	-0.0502529518955929	7.76225899895648	0.0295375671643007	0.866023188364717	0.977529009757229
"All fibroblasts"	5	"APH1B"	0.0931769877992367	5.64863961216695	0.0293962703582901	0.866051546026321	0.977529009757229
"All fibroblasts"	5	"FKBP3"	-0.0547013934852878	6.75580020136297	0.0294455294642072	0.86613733951889	0.977529009757229
"All fibroblasts"	5	"EI24"	0.0464897102121599	7.94591998070791	0.0293454360271393	0.866456010410447	0.977699297571974
"All fibroblasts"	5	"SBDS"	0.0487980836848669	8.18727596122167	0.0291283358009171	0.866941699288607	0.977811381062122
"All fibroblasts"	5	"ATP2C1"	0.0606635276324634	6.75519180086874	0.0290818266146775	0.866952266811796	0.977811381062122
"All fibroblasts"	5	"ESYT1"	-0.0636559010456461	6.31707232682443	0.0291519699345025	0.867079225038378	0.977811381062122
"All fibroblasts"	5	"USO1"	-0.0771339954225848	6.90636356429142	0.0288908691626066	0.867441804204843	0.977811381062122
"All fibroblasts"	5	"AAMDC"	-0.0982410479827338	5.86324577977078	0.0287112271222207	0.867658973821123	0.977811381062122
"All fibroblasts"	5	"WDR26"	0.0433565582138277	7.70250437410191	0.0287961401796963	0.867698523202586	0.977811381062122
"All fibroblasts"	5	"RBM33"	0.0656085935089593	6.26406307226243	0.0288568323680175	0.867746617693268	0.977811381062122
"All fibroblasts"	5	"PPP1R12A"	0.0587033495919843	7.89753443906082	0.0286587385833587	0.868008592024612	0.977811381062122
"All fibroblasts"	5	"NBPF3"	-0.0732177992920697	6.0737508033949	0.0284690884573234	0.868314040907723	0.977811381062122
"All fibroblasts"	5	"NEO1"	-0.0629721384872344	7.42745972029448	0.0284925084738036	0.868384137445415	0.977811381062122
"All fibroblasts"	5	"CCDC50"	-0.0667965879524782	7.19454052161103	0.0283860803802589	0.86861677536122	0.977811381062122
"All fibroblasts"	5	"ARFGAP3"	-0.0597821678175432	6.93634777118371	0.0283682856904145	0.868649429891889	0.977811381062122
"All fibroblasts"	5	"VAPA"	-0.0435678673337072	8.28098424824627	0.0283404379980394	0.86873683194759	0.977811381062122
"All fibroblasts"	5	"DEDD"	-0.0630307983098727	6.0247187627814	0.0278318535664001	0.869708144810911	0.978715596719424
"All fibroblasts"	5	"NCKAP1"	-0.0486628943701181	7.43315281095586	0.0277273276309526	0.870151212004975	0.979025123064875
"All fibroblasts"	5	"NOC3L"	-0.0828974780610295	5.97148198414095	0.0274436671389956	0.870718667202442	0.97916643662305
"All fibroblasts"	5	"TUBA1A"	0.0451527107898702	7.9081014715985	0.0273906818814396	0.87092311835582	0.97916643662305
"All fibroblasts"	5	"USP33"	-0.0492234291403678	6.93735281286353	0.0271436459214718	0.871487569829387	0.97916643662305
"All fibroblasts"	5	"ATXN2"	-0.06164414383011	7.10580973253414	0.0270972555382113	0.871575649092951	0.97916643662305
"All fibroblasts"	5	"HP1BP3"	0.0490018781867701	8.56838657451606	0.0271003202296909	0.871612463222602	0.97916643662305
"All fibroblasts"	5	"NRDC"	-0.0497146065852276	7.26428463692514	0.0269970247043929	0.871836410440045	0.97916643662305
"All fibroblasts"	5	"CCNK"	0.0648153030065081	6.47262846847954	0.0268661666587762	0.871924544858986	0.97916643662305
"All fibroblasts"	5	"JTB"	0.0643255620814172	6.59378525606757	0.0268571680768941	0.872164637356949	0.97916643662305
"All fibroblasts"	5	"USP15"	-0.0786592002484749	6.2410160260658	0.0268609278837089	0.872170131704974	0.97916643662305
"All fibroblasts"	5	"SEC22B"	-0.0449068058919975	7.50598051788003	0.0268627963692929	0.872173564961717	0.97916643662305
"All fibroblasts"	5	"NFE2L2"	-0.0440265753116539	8.38863916968943	0.0268150806912631	0.872283728374508	0.97916643662305
"All fibroblasts"	5	"ERGIC2"	-0.0508245789623549	6.93033528540213	0.026676185073826	0.872380866500541	0.97916643662305
"All fibroblasts"	5	"PTPN11"	-0.0505092225576992	7.36182435941613	0.0267411796064124	0.872461324686267	0.97916643662305
"All fibroblasts"	5	"SALL1"	-0.0645570698445533	6.57310928503389	0.0265364827197719	0.87272101397658	0.979269275648283
"All fibroblasts"	5	"NRBP2"	0.0769360105444741	6.46063019587882	0.0262964776451079	0.87326007901896	0.97949608555554
"All fibroblasts"	5	"MRPS14"	-0.05858328921529	6.49275203031473	0.0262593631858804	0.873579093522806	0.97949608555554
"All fibroblasts"	5	"MTIF3"	0.0540104534699884	6.92672201445148	0.0262494159018304	0.873582137409954	0.97949608555554
"All fibroblasts"	5	"PDIA3"	0.0408310555666494	9.37660365670349	0.0262135739196143	0.873706145331729	0.97949608555554
"All fibroblasts"	5	"NOTCH3"	0.0913036709943985	6.44526321806595	0.0261629521981922	0.873831905512194	0.97949608555554
"All fibroblasts"	5	"SMIM10L1"	-0.0633907573215476	6.45719469805835	0.026060121694687	0.874035931226466	0.97949608555554
"All fibroblasts"	5	"SREK1IP1"	0.0607378135395443	6.58098380459838	0.02605021999232	0.87410448509866	0.97949608555554
"All fibroblasts"	5	"JAK1"	-0.0386836767447028	8.44555636777936	0.0259799786822654	0.874267915046227	0.97949608555554
"All fibroblasts"	5	"NDUFA2"	0.0488824510180225	7.32263484886417	0.0257734273352988	0.874768623385389	0.97986865983596
"All fibroblasts"	5	"ISLR"	0.0538998473064251	8.76530323956844	0.0255636024218806	0.875268125724632	0.980239740264738
"All fibroblasts"	5	"MDFIC"	0.0489888087094821	7.29555042403093	0.0252249297147371	0.876097220735324	0.980604789600219
"All fibroblasts"	5	"USP7"	0.0419962753184739	7.65083829292945	0.025175286242479	0.876216655726495	0.980604789600219
"All fibroblasts"	5	"DCTN6"	0.075953362598815	6.01357460244439	0.0250393035089623	0.876323063048585	0.980604789600219
"All fibroblasts"	5	"CAMK1D"	0.0650699883438858	6.49770800254523	0.0250616166716651	0.876425842963959	0.980604789600219
"All fibroblasts"	5	"HCFC1R1"	0.0725834105336021	7.19795468934466	0.0250850051537776	0.876435514713907	0.980604789600219
"All fibroblasts"	5	"ARL4A"	-0.0634057850054578	5.88861703262121	0.025001738400187	0.876613785189344	0.980615958206625
"All fibroblasts"	5	"DCP2"	-0.0601661336418505	6.05638436745087	0.0246960397937642	0.877209525351998	0.980888535785028
"All fibroblasts"	5	"DCBLD2"	-0.0645849299632896	6.40996278706746	0.0247294561069058	0.877232316583915	0.980888535785028
"All fibroblasts"	5	"ARHGEF12"	-0.043809231086629	7.82099563777087	0.0246962918283211	0.877387977093183	0.980888535785028
"All fibroblasts"	5	"ODC1"	-0.0634576783092757	6.7645802965926	0.0244586064404445	0.877732711714713	0.980888535785028
"All fibroblasts"	5	"TENT5A"	-0.0413928388917385	7.75211068904075	0.0243980137708288	0.878124225343819	0.980888535785028
"All fibroblasts"	5	"RUFY2"	0.0724824378821007	6.29804374709155	0.0242871675728175	0.878148199378103	0.980888535785028
"All fibroblasts"	5	"NPM1"	-0.0381471169160971	9.75528205127452	0.0242506904318317	0.878484057911807	0.980888535785028
"All fibroblasts"	5	"CHST2"	0.0822630363940101	5.79050630688547	0.0241472090155654	0.878572118505184	0.980888535785028
"All fibroblasts"	5	"LSM4"	0.0769246067644326	5.99868223535866	0.0241841196281138	0.878591865820122	0.980888535785028
"All fibroblasts"	5	"USP16"	-0.0517860105509829	6.95295242422638	0.0241726999450846	0.878687526859801	0.980888535785028
"All fibroblasts"	5	"TIMMDC1"	-0.0497567315238865	6.74777570707197	0.0241350599871637	0.878709139659833	0.980888535785028
"All fibroblasts"	5	"TFG"	-0.0414873692186241	7.46887604416355	0.0240793297872106	0.878893827797316	0.980906786932572
"All fibroblasts"	5	"GSTK1"	0.0436476567186925	7.65642812992782	0.0239372819404776	0.879268580474614	0.981137115745993
"All fibroblasts"	5	"NDUFB10"	-0.0805559814234372	6.38638934467495	0.0236597348299156	0.879898441905755	0.981534597206761
"All fibroblasts"	5	"MGST3"	0.0524305914359675	7.87599459804602	0.0235110246750506	0.880332475546768	0.981534597206761
"All fibroblasts"	5	"C1RL"	0.0533584639954449	7.03252974941925	0.0234073203639103	0.880365225225172	0.981534597206761
"All fibroblasts"	5	"GNB2"	0.0756620319749587	6.28151141457071	0.0234816392233208	0.880475213841335	0.981534597206761
"All fibroblasts"	5	"COL4A6"	-0.070976315533161	6.6994081196653	0.0233185525876012	0.880783881883085	0.981534597206761
"All fibroblasts"	5	"IVNS1ABP"	-0.0588320310546999	6.38137607032032	0.0233073187759465	0.880788294165955	0.981534597206761
"All fibroblasts"	5	"FAM120A"	-0.0405203050240243	8.46139945390462	0.0232917629733123	0.880894276712448	0.981534597206761
"All fibroblasts"	5	"RBMX2"	0.0525713274228802	6.4752456575191	0.0231950043425862	0.881127859901837	0.981534597206761
"All fibroblasts"	5	"LDB2"	-0.0631508485108067	6.21919028811076	0.0232463533297114	0.881180357119613	0.981534597206761
"All fibroblasts"	5	"C1D"	0.0694324134444699	6.10885865746278	0.0230459002480833	0.881440277972045	0.981534597206761
"All fibroblasts"	5	"ZCRB1"	0.0522660314554076	7.57306819249381	0.0229471102279583	0.881640583379031	0.981534597206761
"All fibroblasts"	5	"GNPTG"	-0.0641927290056768	6.7357399063267	0.0229818273058405	0.88164614411879	0.981534597206761
"All fibroblasts"	5	"HS2ST1"	-0.067279454473923	6.34727508629842	0.0227401046134199	0.882159944367694	0.981825047632058
"All fibroblasts"	5	"ADRM1"	0.0610627184260675	6.38967032749657	0.0227174830784335	0.882354181635067	0.981825047632058
"All fibroblasts"	5	"MAP3K2"	0.0438366067045205	7.28304011483239	0.0226954943672669	0.882412523502504	0.981825047632058
"All fibroblasts"	5	"PPM1K"	-0.0594725893714348	6.14421077897558	0.022525350143104	0.882824407728694	0.982013861217538
"All fibroblasts"	5	"UGGT1"	-0.0435685025727611	7.01140612358736	0.0224898545424843	0.882919275599568	0.982013861217538
"All fibroblasts"	5	"RPRD1B"	0.0622316816900871	6.07774160691024	0.0222598998302764	0.883372408377704	0.982155969101641
"All fibroblasts"	5	"RAB32"	-0.0765271289354337	6.12258013704284	0.0223187839739741	0.883384148629089	0.982155969101641
"All fibroblasts"	5	"GATAD1"	-0.0436352503285511	7.00166049702945	0.022109152767656	0.883907841205547	0.982550742217612
"All fibroblasts"	5	"ZSCAN18"	0.0718064402319058	6.20809009788913	0.0219649551762299	0.884253054229563	0.982595883669185
"All fibroblasts"	5	"NOB1"	0.0701873657289427	6.07931951664109	0.0219234173001481	0.8842857068751	0.982595883669185
"All fibroblasts"	5	"SMPD4"	-0.0722453588779123	5.78750870987029	0.0217855949697159	0.884537395667249	0.982614123338968
"All fibroblasts"	5	"CLOCK"	0.0529062507632156	6.52130557971892	0.021777344338533	0.884774281995625	0.982614123338968
"All fibroblasts"	5	"TCEAL7"	0.060390094960918	5.90025580756098	0.0217000996655167	0.884921102190393	0.982614123338968
"All fibroblasts"	5	"C17orf80"	-0.0746808956687553	5.89315008351981	0.021659310944136	0.884976646521864	0.982614123338968
"All fibroblasts"	5	"FAM200B"	-0.0542997137294283	6.50359739492694	0.0215750311199683	0.885298941646762	0.982669101737728
"All fibroblasts"	5	"TMBIM6"	0.0327587530396411	9.73006425552187	0.021561944878938	0.885363443302398	0.982669101737728
"All fibroblasts"	5	"GNPNAT1"	0.061351563924612	6.52741025687211	0.0213660299140364	0.885660577294181	0.982735807058773
"All fibroblasts"	5	"PCNT"	0.0646667484379481	6.07502834757172	0.0212393199927974	0.886210839907824	0.982735807058773
"All fibroblasts"	5	"SEM1"	0.0481799515239286	7.68396156426756	0.0212164441566	0.886273978584354	0.982735807058773
"All fibroblasts"	5	"TBC1D23"	-0.0557901057647281	6.22107169650721	0.0211522826856206	0.886391543796779	0.982735807058773
"All fibroblasts"	5	"RBCK1"	-0.056208971284326	7.05050414327178	0.0210731056447824	0.886606934288693	0.982735807058773
"All fibroblasts"	5	"EBNA1BP2"	-0.0682797999100041	6.19516113385265	0.0209315787067369	0.88688357448905	0.982735807058773
"All fibroblasts"	5	"GEM"	0.0696919419003437	8.26324917969765	0.0209825209343194	0.886892260193669	0.982735807058773
"All fibroblasts"	5	"DPP7"	-0.0789823987058362	6.02691600566665	0.020874642355104	0.88692398064069	0.982735807058773
"All fibroblasts"	5	"FGF7"	0.045243386228719	7.90992635315118	0.0209643868381095	0.886941412274256	0.982735807058773
"All fibroblasts"	5	"TULP4"	-0.0589302880863003	6.55314708906669	0.0207046336700084	0.887651044698109	0.982761271383486
"All fibroblasts"	5	"VDAC2"	-0.0400792289818097	7.46158413580083	0.0206898726783661	0.887673062638861	0.982761271383486
"All fibroblasts"	5	"ATL3"	0.0424067948753047	7.11182589683956	0.0206796337823976	0.887724673545172	0.982761271383486
"All fibroblasts"	5	"SMIM10"	0.0648973166682795	6.45046010398277	0.0205250747481393	0.887905924844344	0.982761271383486
"All fibroblasts"	5	"EIF4G2"	0.0318632875775476	9.48565029892183	0.0205425903948356	0.888085830541763	0.982761271383486
"All fibroblasts"	5	"SNHG19"	-0.0775455764951821	6.24564429307389	0.0204402578478356	0.888142737749896	0.982761271383486
"All fibroblasts"	5	"SDF2"	0.0553078968802239	6.26454398426457	0.0204678126708025	0.888180410431611	0.982761271383486
"All fibroblasts"	5	"PFN2"	-0.0551374460811028	6.55008666988195	0.0204291579856783	0.888313646194752	0.982761271383486
"All fibroblasts"	5	"TNFRSF1B"	-0.0866182052793843	5.87069701174814	0.0200495779691899	0.889180934502586	0.983534036702082
"All fibroblasts"	5	"NMI"	-0.0519815101233703	6.10327808992485	0.0198230265940088	0.889927639329193	0.983757604547933
"All fibroblasts"	5	"PRICKLE1"	-0.059268696183795	5.99141224694581	0.0198862984187211	0.890030355275876	0.983757604547933
"All fibroblasts"	5	"DYNC1H1"	0.0366622261106181	7.6646751124363	0.019776259588075	0.890165309443932	0.983757604547933
"All fibroblasts"	5	"NRIP1"	0.0440543877737915	6.92162613882321	0.0196799862231826	0.890448984601674	0.983757604547933
"All fibroblasts"	5	"NSUN2"	0.0632169726114677	6.13169882935526	0.0195826415645185	0.890509521956022	0.983757604547933
"All fibroblasts"	5	"ANKRD11"	-0.034956286812022	8.08945139722302	0.019601521192224	0.890663653910706	0.983757604547933
"All fibroblasts"	5	"TMA16"	0.0495214877656474	6.45059564757824	0.0193182066257579	0.891290588213615	0.983757604547933
"All fibroblasts"	5	"RNF145"	0.0536529194509481	7.2758445579909	0.0193742262168919	0.891298290123489	0.983757604547933
"All fibroblasts"	5	"KIF1B"	0.0569588234080379	6.44413819548515	0.0192570780284711	0.891542228468109	0.983757604547933
"All fibroblasts"	5	"GLT8D1"	0.0496650714391712	6.66546917091177	0.0192452051049888	0.891586712464193	0.983757604547933
"All fibroblasts"	5	"STON1"	-0.0599071212507784	6.12996498772032	0.01924417717696	0.891594097711808	0.983757604547933
"All fibroblasts"	5	"HIGD2A"	0.0398123674980502	7.22070213876673	0.0190911850251387	0.892086456218776	0.983757604547933
"All fibroblasts"	5	"APOE"	-0.0671824323318232	8.91948527039622	0.0190779590555857	0.892123987583017	0.983757604547933
"All fibroblasts"	5	"ZFP91"	0.0461875791200855	7.52683073375463	0.0190691321900956	0.892153269796415	0.983757604547933
"All fibroblasts"	5	"TMEM176A"	-0.0285917061027488	10.6296389017354	0.0190432285226626	0.892218182893759	0.983757604547933
"All fibroblasts"	5	"YWHAE"	-0.0352287260179989	9.1242525976799	0.0189989422164907	0.892344754852618	0.983757604547933
"All fibroblasts"	5	"SDC4"	0.0419142341172102	7.42379019848354	0.0189813507676097	0.892398829697516	0.983757604547933
"All fibroblasts"	5	"ARHGEF40"	-0.0530370240758934	6.58955581199933	0.0189007677798176	0.892421949140273	0.983757604547933
"All fibroblasts"	5	"CYLD"	-0.0530220285182368	6.58505724504177	0.0188121694970531	0.892867983610456	0.984026805384192
"All fibroblasts"	5	"KIAA1191"	0.0458792935520911	6.96032514655309	0.018753192608345	0.893003903702009	0.984026805384192
"All fibroblasts"	5	"GNG5"	-0.0388220871865777	7.78422819639526	0.0185936191681772	0.8934858146538	0.984109838423151
"All fibroblasts"	5	"ORMDL1"	-0.0500385387740956	6.47494463668829	0.0185075772477159	0.893705336707144	0.984109838423151
"All fibroblasts"	5	"EIF2A"	0.0476821895653463	7.35048383034318	0.0185032224302622	0.893755176927361	0.984109838423151
"All fibroblasts"	5	"COPS4"	0.0728576625671718	5.92705148921333	0.0183979006484717	0.894020375882088	0.984109838423151
"All fibroblasts"	5	"VPS52"	-0.0709696567032488	6.06510895220407	0.0182204304550731	0.894349435559862	0.984109838423151
"All fibroblasts"	5	"HNRNPL"	0.033360109398846	8.22459003653824	0.0182213020219445	0.894559045593408	0.984109838423151
"All fibroblasts"	5	"HIPK2"	0.0605992753304175	7.57167926608833	0.0180764755658766	0.894895650395183	0.984109838423151
"All fibroblasts"	5	"BTBD7"	0.0577314622707046	6.65398239926421	0.0180246007440393	0.895003472407595	0.984109838423151
"All fibroblasts"	5	"SNRPD3"	0.041920073578186	7.37883700004678	0.0180055102018104	0.895163838584467	0.984109838423151
"All fibroblasts"	5	"ORMDL2"	0.0517900324862642	6.06019629226101	0.0179837312127753	0.895170669351699	0.984109838423151
"All fibroblasts"	5	"BICD2"	-0.052142341365601	6.86079353932074	0.0179204757672299	0.895404554570915	0.984109838423151
"All fibroblasts"	5	"H3F3A"	0.0271045198203113	10.2452109003261	0.0179238584758181	0.89541311436894	0.984109838423151
"All fibroblasts"	5	"ADI1"	-0.0397583454231662	7.20192745086019	0.017908264345732	0.895465706125986	0.984109838423151
"All fibroblasts"	5	"SYNE1"	-0.0420288787871581	6.76337865641657	0.0178712583756848	0.895501359555726	0.984109838423151
"All fibroblasts"	5	"WWTR1"	0.0468094246692513	7.78139772976364	0.0178266671597768	0.895687667490423	0.984109838423151
"All fibroblasts"	5	"PYM1"	0.0708388335906383	5.72735094306661	0.0177513032859174	0.895781462673141	0.984109838423151
"All fibroblasts"	5	"DLC1"	0.0384757215826596	7.94522675080862	0.0176677610780757	0.896163265307775	0.984343703477551
"All fibroblasts"	5	"SLC16A1"	-0.0501821546079247	6.41892813900792	0.0175509990950725	0.896445077671978	0.984467671992954
"All fibroblasts"	5	"DBI"	-0.0399983353496365	7.58653492561126	0.0173741864998041	0.897025856398472	0.984919854010532
"All fibroblasts"	5	"PAICS"	0.043955967697127	6.55362567694766	0.0172417250248985	0.897245406312286	0.984975316989769
"All fibroblasts"	5	"UBE2D3"	-0.0343173500551178	8.56651047161394	0.0171566629788672	0.897665953104495	0.985251367251817
"All fibroblasts"	5	"PANK3"	0.0431809917241331	6.46665934474804	0.0169626071932249	0.898232244318234	0.985666333613775
"All fibroblasts"	5	"MAN1A2"	-0.0358850836957606	7.88474789062137	0.0169096838674294	0.898382340453537	0.985666333613775
"All fibroblasts"	5	"FOXO3"	0.0333538618456738	8.4493948105553	0.0167779005563435	0.898793154994302	0.98593142209183
"All fibroblasts"	5	"ODR4"	0.0526530648650197	6.18625334604736	0.0166428174791748	0.89909920862322	0.986081514896952
"All fibroblasts"	5	"SDR39U1"	-0.0570532153480771	6.13074163792442	0.016451469153076	0.899598934651069	0.986090539179804
"All fibroblasts"	5	"GGA2"	0.0572216295451748	6.35558340291118	0.0164459481908708	0.89960922717462	0.986090539179804
"All fibroblasts"	5	"DNAJA1"	0.0350648524329057	8.85631733498173	0.0165052331463658	0.899615120350067	0.986090539179804
"All fibroblasts"	5	"ABHD14B"	-0.0712606501631851	6.470332353096	0.0164197699020799	0.899805749166118	0.986113992926644
"All fibroblasts"	5	"SECISBP2L"	0.0492662248474804	6.79506402977538	0.0163842581311918	0.899987301416731	0.986127492545185
"All fibroblasts"	5	"TPM1"	0.0327330304840959	9.41593757985969	0.0163217895260448	0.900169115956301	0.986141274427029
"All fibroblasts"	5	"PREB"	-0.052246364500478	6.14784511359958	0.0162034636319844	0.900495735438535	0.986271811786068
"All fibroblasts"	5	"GNS"	0.0356933468251725	7.45994992877041	0.016023365456733	0.901085880343907	0.986271811786068
"All fibroblasts"	5	"SPATA13"	0.0556050181575809	6.18503204554774	0.0159799783087684	0.901174692853573	0.986271811786068
"All fibroblasts"	5	"QSER1"	0.0661091648769573	6.7290287276152	0.0159833044768734	0.901210703411244	0.986271811786068
"All fibroblasts"	5	"PHYHD1"	0.064160108604901	5.99097264286651	0.0159213114993746	0.901273778095362	0.986271811786068
"All fibroblasts"	5	"RAB11FIP3"	-0.0693957256856379	5.93548698997226	0.0159209168855627	0.901303826627906	0.986271811786068
"All fibroblasts"	5	"WEE1"	0.0427612417215676	6.46733438503886	0.0158448151092747	0.901494506619172	0.986295247853908
"All fibroblasts"	5	"MXRA8"	-0.0496948945720942	8.32172894247614	0.0156631648364422	0.902194507849525	0.986377552865848
"All fibroblasts"	5	"CORO1C"	-0.0523005910375832	6.64960322548298	0.0156112648285365	0.902257609265538	0.986377552865848
"All fibroblasts"	5	"MINOS1"	-0.0497877846294683	6.38752181271589	0.0156045200440817	0.902366056294746	0.986377552865848
"All fibroblasts"	5	"ID3"	0.0535669298630457	8.82560337670152	0.0155323894287794	0.902602134484687	0.986377552865848
"All fibroblasts"	5	"MITD1"	-0.0538365416729481	6.05885299079794	0.0155247293025236	0.902759075762905	0.986377552865848
"All fibroblasts"	5	"MAP1LC3A"	0.0543595096938648	7.81274326212201	0.0154127923296377	0.902974647827245	0.986377552865848
"All fibroblasts"	5	"SPTLC1"	-0.0386077714267553	7.20153824075626	0.0152579633066507	0.903328580272286	0.986377552865848
"All fibroblasts"	5	"ARHGEF7"	-0.0601534120727797	6.22172857480425	0.0152677857827261	0.903405667211785	0.986377552865848
"All fibroblasts"	5	"ARHGAP23"	0.0498372051859567	6.58294470616442	0.015248257654268	0.903443756198239	0.986377552865848
"All fibroblasts"	5	"NEXN"	-0.0344644799906048	7.96407563450341	0.0152582805407415	0.903451136624914	0.986377552865848
"All fibroblasts"	5	"HNRNPM"	0.0367758721408244	8.20098473149145	0.0152463089133448	0.9034980419494	0.986377552865848
"All fibroblasts"	5	"ANAPC7"	-0.0472942853655635	6.13513703734711	0.015151279392589	0.903696094195201	0.986377552865848
"All fibroblasts"	5	"EMC2"	-0.0523344735719248	6.09344184675827	0.0151399137580904	0.903783554660254	0.986377552865848
"All fibroblasts"	5	"C5orf15"	-0.0490841138551108	6.74757798287803	0.0150164698619865	0.904106318831172	0.986377552865848
"All fibroblasts"	5	"OFD1"	0.0526862375322854	6.31505366601936	0.0150514991045724	0.904108891343143	0.986377552865848
"All fibroblasts"	5	"SREK1"	0.0319783937404252	7.72851209521086	0.0149409645919569	0.904455116111197	0.986570565627095
"All fibroblasts"	5	"SYS1"	0.0556458343536698	6.01574164179694	0.0147568525796057	0.905175550434735	0.987023336019735
"All fibroblasts"	5	"PAPOLA"	-0.0292225255010139	8.36595557182835	0.0146709964568207	0.905326145279206	0.987023336019735
"All fibroblasts"	5	"TCAF1"	0.0312934710455893	7.79154346571972	0.0145593314724842	0.905682960483526	0.987023336019735
"All fibroblasts"	5	"SMURF1"	0.0515016826808155	5.85010233186391	0.0144899072259555	0.905770731715026	0.987023336019735
"All fibroblasts"	5	"SMNDC1"	-0.0534748011425935	5.91100171072756	0.0144913957023535	0.905805872722535	0.987023336019735
"All fibroblasts"	5	"GNAS"	-0.0255947755755479	10.273752585142	0.0144960981885262	0.905886528408022	0.987023336019735
"All fibroblasts"	5	"DUSP6"	0.0485446562493957	7.48970624622756	0.0143729873631226	0.906283213568061	0.987135752942966
"All fibroblasts"	5	"DCTN2"	-0.043749466211	6.66954086975799	0.0143013123108414	0.906414459710906	0.987135752942966
"All fibroblasts"	5	"UBAC1"	0.0575928268836154	6.05270373003843	0.0141816310956944	0.906866538974164	0.987135752942966
"All fibroblasts"	5	"SNHG12"	-0.0574164235826729	6.03537714778936	0.0142223104391162	0.906906388092644	0.987135752942966
"All fibroblasts"	5	"RUSC1"	-0.0402525564297654	6.91343438828738	0.0141015490378541	0.907174710016313	0.987135752942966
"All fibroblasts"	5	"SMPDL3A"	0.0331320832342977	7.28009918943251	0.0140463934658716	0.907355674891443	0.987135752942966
"All fibroblasts"	5	"SNAP23"	-0.0437781923882154	6.58028587804727	0.014012530870391	0.907464554081047	0.987135752942966
"All fibroblasts"	5	"RNF181"	0.0481876269389736	5.9027622054253	0.0139453648490649	0.907509609374323	0.987135752942966
"All fibroblasts"	5	"TRIM22"	-0.0372753774850737	7.49505441903402	0.0139504432143273	0.907669040682975	0.987135752942966
"All fibroblasts"	5	"ZNF91"	0.0455116888814569	6.50454879651762	0.0139278977444716	0.907748480384964	0.987135752942966
"All fibroblasts"	5	"CDC27"	0.0383164459785362	6.71557590074133	0.0138772224761106	0.907853183459988	0.987135752942966
"All fibroblasts"	5	"TMA7"	0.0271108621292989	8.88316294684438	0.0137577513402392	0.908303259123297	0.987440875170046
"All fibroblasts"	5	"PCMTD2"	-0.0399820200560349	6.6699109540444	0.0136577047620662	0.908616220545393	0.987596850796121
"All fibroblasts"	5	"NCK2"	0.0420423522334662	6.93574260005079	0.0135343507301525	0.909016725075185	0.987614486264799
"All fibroblasts"	5	"PCMT1"	0.0367278954649348	6.82315120680603	0.0134919076679706	0.909190544283342	0.987614486264799
"All fibroblasts"	5	"AKAP9"	0.0364780416248561	8.24593117291699	0.0134420832032179	0.909359409381979	0.987614486264799
"All fibroblasts"	5	"DHX33"	0.0478518678220721	5.86656653269246	0.0133853477508473	0.909506783265821	0.987614486264799
"All fibroblasts"	5	"N4BP2"	-0.0594958588843629	5.93579624396637	0.0134184927012133	0.909554053884456	0.987614486264799
"All fibroblasts"	5	"MTCH2"	-0.0404953538972744	6.82329531926138	0.0132457472911226	0.910009515615139	0.987614486264799
"All fibroblasts"	5	"SNRPA"	0.0496662067147581	6.07404737483389	0.0132009938806581	0.910053318256894	0.987614486264799
"All fibroblasts"	5	"EPRS"	-0.039428906912499	6.93199055864836	0.0132276903718315	0.910080909299113	0.987614486264799
"All fibroblasts"	5	"FAM193A"	-0.0584727042964571	6.17746380878331	0.0129104609044808	0.911002009641456	0.987614486264799
"All fibroblasts"	5	"ING3"	-0.045127368146804	6.13309130333801	0.0128119243588128	0.911462190939736	0.987614486264799
"All fibroblasts"	5	"EIF4H"	0.0292051928999283	8.47414704322068	0.0128096134348641	0.911507237114601	0.987614486264799
"All fibroblasts"	5	"SRSF2"	0.0299034257223854	8.50152175392877	0.012801956701644	0.911532402374746	0.987614486264799
"All fibroblasts"	5	"NOL10"	-0.0530650705162223	5.8411436474035	0.0127269830263118	0.911635442172611	0.987614486264799
"All fibroblasts"	5	"MYL12B"	-0.0249108630168072	9.45204253760109	0.0127284669396858	0.911783443098685	0.987614486264799
"All fibroblasts"	5	"ZFAND6"	-0.0411187013540581	6.88001466079714	0.0127007230135532	0.911887317110249	0.987614486264799
"All fibroblasts"	5	"DCAF10"	-0.0360355507373176	7.05952646489839	0.0126771602480257	0.911929814510945	0.987614486264799
"All fibroblasts"	5	"BIRC6"	-0.038448387731906	6.60276267799762	0.0126156055696883	0.912145868677442	0.987614486264799
"All fibroblasts"	5	"NFAT5"	-0.0341235933770483	7.40311640851086	0.0125850705891555	0.912280929126635	0.987614486264799
"All fibroblasts"	5	"RALGPS2"	-0.0539329397263419	6.09910604616498	0.01252102376794	0.912339412580089	0.987614486264799
"All fibroblasts"	5	"SOCS4"	-0.0432462902379585	6.21653739278484	0.0125433641072451	0.912403498484629	0.987614486264799
"All fibroblasts"	5	"LTA4H"	-0.0409569758279518	6.29271301691916	0.0125249674069197	0.912457171170455	0.987614486264799
"All fibroblasts"	5	"CS"	-0.0344158083654662	7.2974955878418	0.0124532374130455	0.912701001127585	0.987614486264799
"All fibroblasts"	5	"MTIF2"	0.0467432498624113	5.96461847661737	0.0124266397216503	0.912776874534918	0.987614486264799
"All fibroblasts"	5	"HIBADH"	-0.0429132306108519	6.202358595356	0.0124667866073437	0.912815574320613	0.987614486264799
"All fibroblasts"	5	"PAPSS1"	0.0370526679946352	7.15400679717853	0.0123686945885083	0.912981051925666	0.987614486264799
"All fibroblasts"	5	"C1orf43"	-0.0317266637653843	7.63986626134814	0.0123685963927616	0.913039168956319	0.987614486264799
"All fibroblasts"	5	"ZNF280D"	0.0417088883392029	6.53721257357302	0.0123059977560128	0.913238721300405	0.987646998704058
"All fibroblasts"	5	"RPF2"	-0.0402584281302551	6.2737462530998	0.0122250579715078	0.913507587661582	0.987754446707003
"All fibroblasts"	5	"EXT2"	0.038556024797413	6.76927667988482	0.012010983723786	0.914262713941745	0.987859772451369
"All fibroblasts"	5	"GNPAT"	0.0558916157124776	6.08789730599907	0.0120233218474293	0.91437332961177	0.987859772451369
"All fibroblasts"	5	"PRCC"	-0.0392721213744191	6.3757490521696	0.0119342098355566	0.914435561679251	0.987859772451369
"All fibroblasts"	5	"SH3PXD2A"	-0.0285255067831137	8.24520998337298	0.0119648183810451	0.914461153778791	0.987859772451369
"All fibroblasts"	5	"AP5M1"	-0.0541392842601503	6.08756900074423	0.0119135302543143	0.914495498718057	0.987859772451369
"All fibroblasts"	5	"AZI2"	-0.0358202921464718	7.16385431812525	0.0119154287537169	0.914622185065237	0.987859772451369
"All fibroblasts"	5	"RTL8A"	0.0348443428231962	7.31361611328679	0.0118237895216667	0.914955326871512	0.988036451015623
"All fibroblasts"	5	"AIG1"	-0.0439133131923506	6.43172569996488	0.0117427658206444	0.915254448203488	0.988176333089073
"All fibroblasts"	5	"RAB2B"	-0.0454664798825822	6.20670138107935	0.0115083254198138	0.915939281410449	0.988580060686498
"All fibroblasts"	5	"TMEM98"	-0.0275704442668402	8.3342378073546	0.0115454948835742	0.915967693091883	0.988580060686498
"All fibroblasts"	5	"DAB2IP"	0.0373452699024864	6.78095728430729	0.0113361370470272	0.916733328584549	0.989223167715217
"All fibroblasts"	5	"TMTC3"	-0.0448462834889453	6.73689279527506	0.0111452424806695	0.917408586281504	0.989768530320742
"All fibroblasts"	5	"AC005332.6"	-0.0544315113066223	5.84256296405531	0.0110325681572726	0.9177731522787	0.989878974093636
"All fibroblasts"	5	"S1PR2"	-0.0602053148786537	6.09369681169779	0.0109838936856013	0.917850711691765	0.989878974093636
"All fibroblasts"	5	"TWIST2"	0.0502873976227808	6.68956872411211	0.0108444598299878	0.918453993455595	0.99016429206087
"All fibroblasts"	5	"SERINC5"	-0.0365903133094849	6.51460204465574	0.010826588046964	0.918616027114537	0.99016429206087
"All fibroblasts"	5	"KIAA0355"	-0.0377498381602381	6.14479707601187	0.0106129912658329	0.919315973299581	0.99016429206087
"All fibroblasts"	5	"CTCF"	-0.0362488784280557	6.46399796884927	0.0104468340919006	0.92003651479165	0.99016429206087
"All fibroblasts"	5	"R3HDM2"	0.0357113358747132	6.88547970635903	0.0104394917990611	0.920059076146261	0.99016429206087
"All fibroblasts"	5	"PCBD1"	0.0396803983432275	6.53387486928758	0.0104139355986092	0.920175268783936	0.99016429206087
"All fibroblasts"	5	"ZNF22"	-0.0379177949629319	6.46623509894536	0.0104069195396938	0.920190585844304	0.99016429206087
"All fibroblasts"	5	"HADHA"	0.0282017374011228	8.07729718674942	0.010338874245337	0.920462561036289	0.99016429206087
"All fibroblasts"	5	"IFFO1"	-0.0430034558456238	6.12243270457252	0.0102773595183165	0.920660089332483	0.99016429206087
"All fibroblasts"	5	"ISOC1"	-0.0465985301831089	6.51293154403208	0.010243597313776	0.920795624353702	0.99016429206087
"All fibroblasts"	5	"USP1"	-0.0396430197592388	6.57752817998472	0.010246407228712	0.920799308976548	0.99016429206087
"All fibroblasts"	5	"LRP4"	0.0468704401866698	6.04673971804562	0.0101474464860673	0.921155088901101	0.99016429206087
"All fibroblasts"	5	"ABCD3"	0.0488487462404835	5.97142767433548	0.0100596652801422	0.921374429705614	0.99016429206087
"All fibroblasts"	5	"CAB39"	0.0314515742655955	6.88029131320342	0.0100869877973797	0.921430800100312	0.99016429206087
"All fibroblasts"	5	"MCFD2"	0.0314286714974246	7.04329625241215	0.00997939189547811	0.921848358061624	0.99016429206087
"All fibroblasts"	5	"EIF2AK2"	0.027185326587822	7.58262775786123	0.00995292254796335	0.921956558806271	0.99016429206087
"All fibroblasts"	5	"SLMAP"	-0.0488937892599085	5.99103963849003	0.00986665791912512	0.922219442858401	0.99016429206087
"All fibroblasts"	5	"ENOSF1"	-0.0546126703956215	5.84873485828154	0.00985108879740763	0.92232223685304	0.99016429206087
"All fibroblasts"	5	"ADAM10"	0.0366025610529042	6.95560171557717	0.009844168150449	0.92235634752833	0.99016429206087
"All fibroblasts"	5	"SKA2"	-0.0329411856143708	6.46875068472762	0.00973828202446126	0.92271982542223	0.99016429206087
"All fibroblasts"	5	"CLASP1"	-0.0419498846867483	5.83184463754509	0.00973421447324177	0.922740258323366	0.99016429206087
"All fibroblasts"	5	"SELENOF"	-0.0285455115747171	8.15355324984862	0.00966791364053623	0.923078518954883	0.99016429206087
"All fibroblasts"	5	"ATP5F1B"	-0.0248842548956122	8.41755935021461	0.00962247467909479	0.923257418189175	0.99016429206087
"All fibroblasts"	5	"TTC28"	-0.0384403992044587	6.96042101706124	0.00955769480034443	0.923510894288082	0.99016429206087
"All fibroblasts"	5	"STAMBPL1"	-0.0406214705649422	6.1778052976036	0.00953209110249295	0.923547348532763	0.99016429206087
"All fibroblasts"	5	"MRPS36"	-0.0431631736484819	6.16672128115428	0.00947410684226184	0.923711775949519	0.99016429206087
"All fibroblasts"	5	"MRPL21"	0.0414336742557667	6.03085699754067	0.00943147764159031	0.923981954498165	0.99016429206087
"All fibroblasts"	5	"NONO"	-0.0230169990065973	8.73604384831369	0.00942461563138522	0.924047952004184	0.99016429206087
"All fibroblasts"	5	"HSP90AA1"	-0.0225220561326813	10.6104794670479	0.00936793738933966	0.924273887938305	0.99016429206087
"All fibroblasts"	5	"EXOC3"	0.04059007544016	6.20385680904917	0.00930196169327801	0.92451122435739	0.99016429206087
"All fibroblasts"	5	"U2AF2"	0.0243648346294565	7.98426083110207	0.00922961665613611	0.924836378622721	0.99016429206087
"All fibroblasts"	5	"ATF7IP"	-0.0296263087837417	7.31206857782233	0.00918036873078582	0.925024301207054	0.99016429206087
"All fibroblasts"	5	"ETFA"	-0.0365862529795055	6.58819131251854	0.00916821953479251	0.92506265218635	0.99016429206087
"All fibroblasts"	5	"TOR1AIP2"	-0.028034070387788	7.00360229022172	0.00911688254004713	0.925294130846392	0.99016429206087
"All fibroblasts"	5	"CISD2"	-0.0432216857677585	6.03035727130705	0.00906690853943887	0.925379957850103	0.99016429206087
"All fibroblasts"	5	"KDM2A"	0.0299420413848585	7.12001247795416	0.00904448972784362	0.925586310407176	0.99016429206087
"All fibroblasts"	5	"OGDH"	-0.032901418200019	6.47560468637297	0.00896984818444418	0.925764149597689	0.99016429206087
"All fibroblasts"	5	"TMED4"	-0.0297148575428751	7.54480273180443	0.00896358872212215	0.925918567189878	0.99016429206087
"All fibroblasts"	5	"CYP20A1"	-0.0400842830587677	6.35217414715132	0.00890566499121224	0.926079232925724	0.99016429206087
"All fibroblasts"	5	"NUDT16"	0.0484075406596437	6.06534687515313	0.00889063570235811	0.926139778153045	0.99016429206087
"All fibroblasts"	5	"AIMP2"	0.0437616878871018	5.83385991296241	0.00887901508273093	0.926206529291434	0.99016429206087
"All fibroblasts"	5	"PLIN2"	0.041448673888205	6.53453449100971	0.0088716150964798	0.926216092242748	0.99016429206087
"All fibroblasts"	5	"ADAM9"	0.0293896388615945	7.06587592050164	0.00886981091948023	0.926299699969231	0.99016429206087
"All fibroblasts"	5	"CWC25"	0.0294418861394991	6.83349808773312	0.00883068106927095	0.926464571816045	0.99016429206087
"All fibroblasts"	5	"NPTN"	0.0241520895645337	8.33967948382308	0.00880039768809826	0.92659921576622	0.99016429206087
"All fibroblasts"	5	"OLA1"	-0.0299476387204552	7.01709661161641	0.00871478142242707	0.926954245200486	0.99016429206087
"All fibroblasts"	5	"MAPRE1"	0.031021887790288	7.11009417213562	0.00868320179124768	0.927089086355516	0.99016429206087
"All fibroblasts"	5	"TMX2"	0.033761605962391	6.45612300192597	0.0086575149208667	0.92718815601708	0.99016429206087
"All fibroblasts"	5	"UBE2H"	-0.0230948643284583	8.32692518871871	0.0086131365765762	0.927381943159419	0.99016429206087
"All fibroblasts"	5	"AIDA"	0.0252609892139073	7.87672026198704	0.00860109320168258	0.927433100521947	0.99016429206087
"All fibroblasts"	5	"PBRM1"	-0.0296406263179994	6.75984565114896	0.008548812743767	0.927626107460338	0.99016429206087
"All fibroblasts"	5	"DRAM2"	0.0412676902675772	6.04942972306548	0.00841771007695515	0.928066353376217	0.99016429206087
"All fibroblasts"	5	"ZHX2"	-0.0426201456775977	5.61449191718463	0.00839272924394201	0.928196339529423	0.99016429206087
"All fibroblasts"	5	"EMC7"	0.029624652366858	7.2976649681408	0.00840934542408759	0.928235342860322	0.99016429206087
"All fibroblasts"	5	"HCG11"	0.0368710356959584	6.24625932808605	0.00840376307454649	0.928245538826357	0.99016429206087
"All fibroblasts"	5	"UBA2"	0.0309694927559301	6.75904487233669	0.00837550144667229	0.92835508393565	0.99016429206087
"All fibroblasts"	5	"CCDC174"	-0.0412136262466596	6.23712637909104	0.00837292133751377	0.928361432654591	0.99016429206087
"All fibroblasts"	5	"EPM2AIP1"	0.0374976265027588	7.07633853334762	0.00836695449363975	0.928416551354652	0.99016429206087
"All fibroblasts"	5	"ADAMTS5"	-0.0290850660635548	7.20216810947133	0.00832385809080459	0.928574380071168	0.99016429206087
"All fibroblasts"	5	"CARMN"	0.0383519530895989	7.7931659455263	0.00833019254681423	0.928581084064362	0.99016429206087
"All fibroblasts"	5	"LBH"	0.0294827149741996	7.69817238291062	0.00827901281980233	0.928777016245659	0.99016429206087
"All fibroblasts"	5	"CRAMP1"	0.0431193168941868	5.76476766681431	0.00829715919273864	0.928810948565967	0.99016429206087
"All fibroblasts"	5	"MPC2"	0.0464249209173728	6.11769041520116	0.0082709803843114	0.928820665935252	0.99016429206087
"All fibroblasts"	5	"PHF13"	-0.0472017053843142	5.95738675593007	0.00817374482524498	0.929138119554435	0.990321533316936
"All fibroblasts"	5	"ECHDC2"	0.0387665928170288	6.73384605276446	0.00807298295195841	0.929692681758456	0.99073139294194
"All fibroblasts"	5	"TSC1"	0.0391417292380452	6.28607232648721	0.00793621152255244	0.930194533967643	0.991028612606098
"All fibroblasts"	5	"SLC35D1"	-0.044855446782823	5.83400162109551	0.00786654227596301	0.930446041324024	0.991028612606098
"All fibroblasts"	5	"VPS51"	-0.0440143283186991	5.79454484174721	0.00782096938150842	0.930651606217894	0.991028612606098
"All fibroblasts"	5	"HAX1"	-0.0382586869324232	6.07833947033489	0.00782148435488851	0.930651890883914	0.991028612606098
"All fibroblasts"	5	"BCAS2"	0.0368664665791946	6.26804312239975	0.00778921171104702	0.930909962273197	0.991055985098
"All fibroblasts"	5	"SOX12"	-0.0609949685601105	5.74497760842398	0.00772217812298194	0.931116542806587	0.991055985098
"All fibroblasts"	5	"DPM2"	0.0345783296126067	6.30316640829431	0.00768134481149392	0.931362757792886	0.991055985098
"All fibroblasts"	5	"PRXL2B"	0.0352739024847258	5.87175560416385	0.00762016961887722	0.931563765638831	0.991055985098
"All fibroblasts"	5	"BCL2L2"	-0.0371453082117307	5.9789632110262	0.00762540895356192	0.931631972263057	0.991055985098
"All fibroblasts"	5	"CHURC1"	0.0323506004382138	6.70726790527601	0.00758437311268875	0.931843610161505	0.991055985098
"All fibroblasts"	5	"KLHL36"	0.0377600017542803	6.18015012240501	0.00756380876076226	0.931921645399935	0.991055985098
"All fibroblasts"	5	"PDS5A"	-0.0275291787038957	7.02473946312167	0.00750153414996084	0.932193509884344	0.991055985098
"All fibroblasts"	5	"ZNHIT6"	0.0381244115979601	6.42410390708752	0.00743206497174239	0.932424036679194	0.991055985098
"All fibroblasts"	5	"STT3B"	-0.0253680382463914	7.30240270736815	0.00736053566937831	0.93284296753029	0.991055985098
"All fibroblasts"	5	"VPS29"	0.0377259147892492	6.33726715073835	0.00733351569767403	0.932847505521314	0.991055985098
"All fibroblasts"	5	"SSR2"	0.025939841601463	8.29215058634592	0.00732308005056452	0.93302504630157	0.991055985098
"All fibroblasts"	5	"MED19"	-0.0326100668366058	6.33648897299217	0.00718538140068259	0.933625450096581	0.991055985098
"All fibroblasts"	5	"PTGR1"	-0.0412006464661837	6.07485699828669	0.00714299104626137	0.933784388375383	0.991055985098
"All fibroblasts"	5	"DDX17"	-0.0179318025180405	10.1310607637288	0.00715458259878771	0.933795742993162	0.991055985098
"All fibroblasts"	5	"MED4"	-0.0324024443109819	6.76918429408039	0.00706455362446201	0.93419454541228	0.991055985098
"All fibroblasts"	5	"NBPF11"	0.0431315185192061	5.48828861009518	0.00702602569010503	0.934253070628153	0.991055985098
"All fibroblasts"	5	"PGPEP1"	-0.039983215446783	5.8949445452038	0.00703669980677651	0.934262135988405	0.991055985098
"All fibroblasts"	5	"UBE2J1"	-0.025917447240958	6.98567391934633	0.00703467101457209	0.934264825929576	0.991055985098
"All fibroblasts"	5	"ERCC3"	0.0366363858523321	5.97514863784385	0.00706181957884532	0.934308130595476	0.991055985098
"All fibroblasts"	5	"PDGFC"	-0.0342970778131101	6.60113153220752	0.00700808193357582	0.934424845367611	0.991055985098
"All fibroblasts"	5	"UFC1"	-0.0301463818888661	6.85297016888458	0.00700318929133517	0.934472607343941	0.991055985098
"All fibroblasts"	5	"SLIRP"	-0.0244075531313201	7.30923244045986	0.00695302857157519	0.934729345101199	0.991055985098
"All fibroblasts"	5	"ARL2BP"	0.0288750514734915	7.42883702121377	0.00690707842970964	0.934823581585797	0.991055985098
"All fibroblasts"	5	"RICTOR"	-0.0294674852961769	6.5165973757671	0.00689140348226448	0.934978706306046	0.991055985098
"All fibroblasts"	5	"IER5"	-0.0368052929089337	7.08430664175003	0.00682997853494449	0.935311000132716	0.991055985098
"All fibroblasts"	5	"ARL1"	-0.0228035532844401	7.40241594197937	0.00681740153331504	0.935374668715857	0.991055985098
"All fibroblasts"	5	"FAM120AOS"	-0.029334474416823	6.82925260377122	0.00678945968877162	0.935503960679176	0.991055985098
"All fibroblasts"	5	"NAA50"	0.0277351276685329	7.12816195176817	0.00675067542479405	0.935692294241487	0.991055985098
"All fibroblasts"	5	"SNRNP27"	-0.0316961425084044	6.57118194089758	0.0067053759887939	0.935779994853131	0.991055985098
"All fibroblasts"	5	"CCT4"	0.0210379073227691	7.89280450922125	0.00665480281561358	0.936147151511293	0.991264665065656
"All fibroblasts"	5	"SIK3"	0.042386774387699	6.11785090429215	0.00655301410352107	0.936531021692329	0.991475553279036
"All fibroblasts"	5	"NDUFA1"	-0.0211727908190617	8.43973327221748	0.00654224814628646	0.936686617607876	0.991475553279036
"All fibroblasts"	5	"GPALPP1"	-0.0349716482643772	6.05771058736716	0.00647265909766363	0.936889888461964	0.991510602990895
"All fibroblasts"	5	"ARHGEF1"	0.0278926425106645	6.48835362379564	0.00639652310479528	0.937289533259169	0.991753424786849
"All fibroblasts"	5	"PDE6D"	0.0431121221363676	5.77352297971171	0.00613798627437198	0.938735810875617	0.993032390164106
"All fibroblasts"	5	"CANX"	-0.0181635876067167	9.45786122889915	0.00605689734095118	0.939074283552879	0.993032390164106
"All fibroblasts"	5	"ITPA"	0.0398491372753139	5.71744975740674	0.00602641309401769	0.939131249985299	0.993032390164106
"All fibroblasts"	5	"PRKAR2A"	-0.0254284117439715	7.14296867519199	0.00602153184502478	0.939246212665804	0.993032390164106
"All fibroblasts"	5	"NDUFS3"	0.0389019355190397	6.30909622351061	0.00599148448552055	0.939404747173544	0.993032390164106
"All fibroblasts"	5	"NECAP1"	-0.0304437399420432	6.13322432797305	0.00598588428962722	0.939520776896296	0.993032390164106
"All fibroblasts"	5	"ACTR10"	-0.0358883040587786	6.64780815214358	0.00592601536411486	0.939736423303577	0.993080184727954
"All fibroblasts"	5	"NAA38"	-0.0356496649694005	6.23251814327004	0.00581850202905076	0.940243926151752	0.99343632958953
"All fibroblasts"	5	"GFM1"	0.028922996476341	6.07581830844017	0.00578792509877761	0.940425853048107	0.993448412928085
"All fibroblasts"	5	"SS18"	-0.0269271760804972	6.91250639093508	0.00572525029950737	0.940765756710003	0.993474184706723
"All fibroblasts"	5	"ADCY3"	-0.0261184656332183	6.80136353644723	0.00569820447011639	0.940903153872053	0.993474184706723
"All fibroblasts"	5	"UFL1"	-0.026534201771803	6.44893502439084	0.00564245896047952	0.941153716857682	0.993474184706723
"All fibroblasts"	5	"PARN"	-0.0257016835121021	6.3225206131784	0.00560682521182737	0.941288928924596	0.993474184706723
"All fibroblasts"	5	"SMS"	-0.0247563023739769	6.63080098813347	0.00559787903037443	0.941413435821357	0.993474184706723
"All fibroblasts"	5	"APP"	-0.0160018147060966	9.7986373312823	0.00557576858340102	0.941538684058614	0.993474184706723
"All fibroblasts"	5	"HOXB7"	0.0471155255578041	5.66020248612033	0.00551758608864232	0.941727554081599	0.993474184706723
"All fibroblasts"	5	"PRR12"	-0.0321055802321457	6.11622895648405	0.00551500253177933	0.941814209081849	0.993474184706723
"All fibroblasts"	5	"LPAR6"	-0.0325343025845055	6.48115149618685	0.00538649773547933	0.942475728957943	0.993605273376162
"All fibroblasts"	5	"SHLD2"	-0.0235717450922558	6.65030589846164	0.0053197890540944	0.942869842893673	0.993605273376162
"All fibroblasts"	5	"CAMKK2"	-0.026009014237055	6.53301810403212	0.00528380907915784	0.943071178066347	0.993605273376162
"All fibroblasts"	5	"PI4KA"	-0.0393026115865004	6.00856286154204	0.00524993110705054	0.94323391181362	0.993605273376162
"All fibroblasts"	5	"CDR2"	0.0315050468653689	6.38275072358492	0.00524038738946074	0.943289872509839	0.993605273376162
"All fibroblasts"	5	"PGLS"	0.0339918915742852	5.81143435215488	0.00517668628195093	0.943541646221984	0.993605273376162
"All fibroblasts"	5	"SLFN11"	0.0251053959607326	6.86355047811515	0.00517705937736157	0.943650671023697	0.993605273376162
"All fibroblasts"	5	"CRNKL1"	0.0342454790254487	5.81527516940188	0.00513845810839405	0.943832989091938	0.993605273376162
"All fibroblasts"	5	"CASC3"	-0.0204402047130742	7.24145917124838	0.00512825729245627	0.94391586605087	0.993605273376162
"All fibroblasts"	5	"NRP2"	0.038050537928848	6.04064650901866	0.00509300658569246	0.944050631335155	0.993605273376162
"All fibroblasts"	5	"DECR1"	0.0229973230355709	7.09320694663244	0.00507650116713736	0.94421717176581	0.993605273376162
"All fibroblasts"	5	"LPIN1"	-0.0299189197904626	6.30875967972505	0.00505766920325679	0.944275845212544	0.993605273376162
"All fibroblasts"	5	"ANAPC13"	0.0257492623817352	6.50160490061023	0.00504183976520731	0.944482265251373	0.993605273376162
"All fibroblasts"	5	"PSMA5"	-0.0242642001780057	6.52088419408481	0.00494155673696583	0.944864823502701	0.993605273376162
"All fibroblasts"	5	"SPAG7"	-0.0318136979056199	6.13414603859585	0.00486207306163247	0.945321533117821	0.993605273376162
"All fibroblasts"	5	"TMEM14C"	0.0217826691213318	7.08485288671936	0.00478513142255731	0.945833784634783	0.993605273376162
"All fibroblasts"	5	"PQBP1"	-0.0452028913866167	5.92013393238876	0.00475670290109394	0.945941323904788	0.993605273376162
"All fibroblasts"	5	"HNRNPF"	-0.020317178470594	7.74528657206421	0.00471334614765877	0.946241347660033	0.993605273376162
"All fibroblasts"	5	"NUDT5"	0.0287274897843973	6.78016466358189	0.00468653917754325	0.9463047932741	0.993605273376162
"All fibroblasts"	5	"MCMBP"	0.0329169389055434	5.9734755497581	0.00464470022133934	0.946594202373965	0.993605273376162
"All fibroblasts"	5	"BTBD1"	-0.0270965259666258	6.60446992915142	0.00461742371275673	0.946694347407034	0.993605273376162
"All fibroblasts"	5	"VPS53"	0.0285972406745576	6.12290823323792	0.00459907481161715	0.946875912827192	0.993605273376162
"All fibroblasts"	5	"TRIO"	0.0228365610354867	6.80717453941684	0.00458662172769299	0.946964631409025	0.993605273376162
"All fibroblasts"	5	"P4HA2"	0.0243373181467985	6.95784287753393	0.00457511384130643	0.947020327077098	0.993605273376162
"All fibroblasts"	5	"POLR2I"	0.0297681106424948	6.26418306544383	0.00452794422426758	0.947209533364851	0.993605273376162
"All fibroblasts"	5	"EXOC4"	-0.0330610852576261	5.79123732905557	0.00452172665458336	0.947240586695348	0.993605273376162
"All fibroblasts"	5	"PLEKHA3"	-0.0338782043509696	6.02621669328905	0.00446676222796779	0.947572520340197	0.993605273376162
"All fibroblasts"	5	"CEP170"	0.0237406938841132	6.72941202105323	0.00442822539344259	0.947893020349197	0.993605273376162
"All fibroblasts"	5	"MSRB3"	-0.026518308170471	7.10090876123286	0.00440742525380193	0.948011534139456	0.993605273376162
"All fibroblasts"	5	"TRAF3IP1"	0.0365428464078281	5.88543615687984	0.00438659994147998	0.948085027331678	0.993605273376162
"All fibroblasts"	5	"OSGIN2"	0.0273161699438872	6.28843826187553	0.00430352279165168	0.948567936952836	0.993605273376162
"All fibroblasts"	5	"C1S"	0.0123591045794658	11.4398397651129	0.0042915941850293	0.948698888726459	0.993605273376162
"All fibroblasts"	5	"RAB2A"	-0.0184311001200992	8.07493517411423	0.00428784360154469	0.948723335644177	0.993605273376162
"All fibroblasts"	5	"INTS10"	0.0323759839442821	5.69600207464525	0.00415721213833928	0.949465021841069	0.993605273376162
"All fibroblasts"	5	"PARP9"	-0.022306415827343	7.00399612305181	0.00413611141800887	0.949585273556357	0.993605273376162
"All fibroblasts"	5	"PSMC1"	0.0176091270767069	7.36420219179487	0.00413925090590849	0.949617201264821	0.993605273376162
"All fibroblasts"	5	"PWWP2A"	0.0252234769477677	6.41608752857429	0.00405080351233144	0.950230865573647	0.993605273376162
"All fibroblasts"	5	"C1QBP"	-0.0324585457278025	6.17176405206476	0.00403180573723621	0.950243834225538	0.993605273376162
"All fibroblasts"	5	"NUAK1"	0.0291280648136644	6.09187270475516	0.0040217764314914	0.9503160988756	0.993605273376162
"All fibroblasts"	5	"PRKD3"	-0.0240450724158027	6.50466813662087	0.00400683152830331	0.950365465229284	0.993605273376162
"All fibroblasts"	5	"MACO1"	-0.0240705289015664	6.330811928012	0.00401465029727862	0.950370635403042	0.993605273376162
"All fibroblasts"	5	"COPZ1"	-0.0176603269721578	7.95488722559166	0.00400595843700456	0.950434548986675	0.993605273376162
"All fibroblasts"	5	"DPF2"	-0.0324480763052499	6.00594921778099	0.0039262411154766	0.950831510658711	0.993605273376162
"All fibroblasts"	5	"TMEM123"	-0.017240976431261	8.03969070694656	0.00393701285924789	0.950862928041021	0.993605273376162
"All fibroblasts"	5	"CD40"	0.0262284120558941	6.3220635308798	0.00390136978265388	0.951048010544974	0.993605273376162
"All fibroblasts"	5	"WHAMM"	-0.0317235835954166	5.87250368380005	0.00389042251834937	0.951055790388803	0.993605273376162
"All fibroblasts"	5	"FAM69A"	-0.025540199828082	6.08404144376121	0.00387690560852321	0.951217936470066	0.993605273376162
"All fibroblasts"	5	"EPC1"	0.0209673430416134	7.15096854978745	0.00387404781222786	0.951253292382358	0.993605273376162
"All fibroblasts"	5	"CACUL1"	0.020689554586981	6.37892927656928	0.0038332630163196	0.951438017903263	0.993605273376162
"All fibroblasts"	5	"STARD3NL"	-0.0229710306931672	6.17396385582663	0.00383280916590636	0.951490708291071	0.993605273376162
"All fibroblasts"	5	"NES"	-0.0226734987230009	7.04459104592648	0.0038324138024678	0.951519206045749	0.993605273376162
"All fibroblasts"	5	"METTL5"	-0.0272676462900174	6.13381826485756	0.00378861034088108	0.951726033532061	0.993605273376162
"All fibroblasts"	5	"PPP1R2"	-0.0204639541457978	6.38347783912993	0.00375301282530046	0.951963910777711	0.993605273376162
"All fibroblasts"	5	"PPIP5K2"	-0.0216258725495062	6.34562367337224	0.00373717023252731	0.952060164632518	0.993605273376162
"All fibroblasts"	5	"UGGT2"	-0.0289155356776452	6.13729461368812	0.00371950724514194	0.952179617418449	0.993605273376162
"All fibroblasts"	5	"RC3H1"	0.0213884142162003	6.92676095593283	0.00368217164003149	0.952460048097216	0.993605273376162
"All fibroblasts"	5	"DHX36"	-0.0183656656887936	7.19997675905653	0.00365753028151025	0.952615322164852	0.993605273376162
"All fibroblasts"	5	"PHF20L1"	0.0184415647371808	7.24206417134529	0.00364150579757594	0.952712747560185	0.993605273376162
"All fibroblasts"	5	"TOX4"	-0.0242996889378392	6.65505804834798	0.00354122277640822	0.95337242583138	0.993605273376162
"All fibroblasts"	5	"PPP2R3C"	-0.0224630176922727	6.17469819847607	0.00353702066057166	0.953384842824202	0.993605273376162
"All fibroblasts"	5	"SP100"	-0.0194285792333977	7.59733606658574	0.00353887477668623	0.953409504480406	0.993605273376162
"All fibroblasts"	5	"ITM2C"	0.0158312007624385	9.09949564107792	0.0035355039827982	0.953430943827185	0.993605273376162
"All fibroblasts"	5	"ID1"	0.0201190688577693	7.79533447294693	0.00351129619667111	0.953592343681257	0.993605273376162
"All fibroblasts"	5	"PRRC2C"	0.0139554447908158	8.81744091392227	0.00350628214100222	0.95362426875424	0.993605273376162
"All fibroblasts"	5	"MRGPRF"	0.0282259974319229	6.15443141690149	0.00349119727327038	0.953637666597538	0.993605273376162
"All fibroblasts"	5	"LONP2"	0.0234244552923529	6.84642128323255	0.00350196454945062	0.953655174749192	0.993605273376162
"All fibroblasts"	5	"USP12"	0.0278409710046229	6.46951244211286	0.00346700225371982	0.953795366764151	0.993605273376162
"All fibroblasts"	5	"RBM23"	-0.0157820155847528	7.45605245471548	0.00348011810428821	0.953797138369244	0.993605273376162
"All fibroblasts"	5	"UQCRC2"	0.0249801035446178	6.99672572585247	0.00347418719003771	0.953831780613674	0.993605273376162
"All fibroblasts"	5	"PGRMC2"	-0.0158753836664219	7.99079577814353	0.00346843276092453	0.953874703838381	0.993605273376162
"All fibroblasts"	5	"PSMB7"	-0.0187488302098482	6.98317124178465	0.00343661231109998	0.954088555560037	0.99365040451266
"All fibroblasts"	5	"RAB18"	0.023176218603335	6.80013940374317	0.00338699167079066	0.954413949537408	0.993811666182001
"All fibroblasts"	5	"RANGRF"	-0.0229871624504153	6.27520032913694	0.00329846015861914	0.955003348085228	0.993911808951632
"All fibroblasts"	5	"RHOQ"	0.0167334871150795	8.05284167934316	0.00329073575771139	0.95507179396818	0.993911808951632
"All fibroblasts"	5	"ADGRL2"	0.0177171138628716	8.30043533762451	0.00325424825947558	0.955320927092381	0.993911808951632
"All fibroblasts"	5	"ZNF117"	-0.0285237372575992	5.87584690718347	0.00323802006877248	0.955354917711076	0.993911808951632
"All fibroblasts"	5	"TAB2"	0.0171138836946075	6.92745582819495	0.00321588080744474	0.955582589886614	0.993911808951632
"All fibroblasts"	5	"TTC1"	-0.0180372067448967	7.11774810677938	0.00316392346826991	0.955924733800657	0.993911808951632
"All fibroblasts"	5	"SVIL"	-0.0217875109802212	7.45360102657747	0.00315563053000743	0.956000670350375	0.993911808951632
"All fibroblasts"	5	"RBMS1"	0.0143030228808863	8.15163420135026	0.00311609500238684	0.956278579159508	0.993911808951632
"All fibroblasts"	5	"HTATSF1"	-0.0206927889582874	6.84818794876286	0.00310504698015488	0.956354204127308	0.993911808951632
"All fibroblasts"	5	"NSF"	-0.0216290243822668	6.60350819868014	0.00307487915900757	0.956484848019395	0.993911808951632
"All fibroblasts"	5	"RPAIN"	-0.022560928532899	6.28656125348533	0.0030393079820624	0.956736899962259	0.993911808951632
"All fibroblasts"	5	"RNF10"	0.0179212436660142	7.30587155674459	0.00303267636584517	0.956846368771206	0.993911808951632
"All fibroblasts"	5	"RABGGTB"	0.025271412240742	6.39150029782636	0.00297479837131894	0.957272605654675	0.993911808951632
"All fibroblasts"	5	"PTBP3"	0.01632565241091	7.42545253011862	0.00296496707708104	0.957351952175238	0.993911808951632
"All fibroblasts"	5	"GLO1"	0.0160276285148234	7.71128488716827	0.00296280851748691	0.957366845179995	0.993911808951632
"All fibroblasts"	5	"AXL"	-0.0151469546217864	7.91521567482036	0.00295644073971029	0.957411215320414	0.993911808951632
"All fibroblasts"	5	"AP3M1"	-0.0194979112817607	6.30545150373855	0.0029475084902117	0.957464837040354	0.993911808951632
"All fibroblasts"	5	"SSBP3"	0.0151245688373239	8.60826303484666	0.00290468397683613	0.957784962742428	0.993911808951632
"All fibroblasts"	5	"SGSM2"	0.0227049195770492	6.5047398118319	0.00288738133475415	0.957895057487185	0.993911808951632
"All fibroblasts"	5	"RBM15B"	0.0230853365076613	6.21261983124615	0.00288170311863964	0.957921523781082	0.993911808951632
"All fibroblasts"	5	"BTF3L4"	-0.0195023620565833	6.90091712791331	0.00286264370956976	0.95809415787047	0.993913950135522
"All fibroblasts"	5	"UBE2B"	0.0184206782077091	7.23943101274568	0.00283497815937324	0.958293233641939	0.993943515918757
"All fibroblasts"	5	"SEMA5A"	-0.0138468123971438	8.10539891306676	0.00280855347298244	0.958489831367901	0.993958307977635
"All fibroblasts"	5	"PSME4"	0.0211138530347086	6.24165208588928	0.00273605884858433	0.959019065443263	0.993958307977635
"All fibroblasts"	5	"MAP7D3"	-0.0187622319940797	6.51476090479945	0.00271831456207758	0.959158023581522	0.993958307977635
"All fibroblasts"	5	"BTN3A2"	-0.0185163691746588	7.0970818996937	0.00267350924435725	0.959418783338389	0.993958307977635
"All fibroblasts"	5	"DDX46"	0.0147153733448659	7.51483777195834	0.00268032647033139	0.959448073513438	0.993958307977635
"All fibroblasts"	5	"CPLANE1"	-0.0209834707654891	6.35322465816871	0.00265159872385553	0.959659717253862	0.993958307977635
"All fibroblasts"	5	"CLASRP"	0.027109187690929	6.09187921359334	0.00264702118714219	0.959672088710099	0.993958307977635
"All fibroblasts"	5	"AC118549.1"	0.0264265096083304	5.88983914466687	0.00263939944889632	0.959707178260454	0.993958307977635
"All fibroblasts"	5	"FNDC3A"	-0.0151438425364046	6.95830764676832	0.0026262286946147	0.959842697612863	0.993958307977635
"All fibroblasts"	5	"CIC"	0.0193377696371444	6.28836632066791	0.00258745509576617	0.960142603349339	0.994092208549502
"All fibroblasts"	5	"TMEM184C"	-0.0191008119639849	6.45361694045217	0.00251074496179946	0.960743010794618	0.994537133398514
"All fibroblasts"	5	"H2AFJ"	0.0199010672754791	6.45611867711242	0.00247608179064717	0.961013684518299	0.994581956444054
"All fibroblasts"	5	"TMEM119"	-0.0179746473564767	8.49064109366068	0.00245781150733833	0.961165081099639	0.994581956444054
"All fibroblasts"	5	"UBAP2L"	0.0153284090817524	7.30629377252337	0.00244108692094743	0.961298366001873	0.994581956444054
"All fibroblasts"	5	"PIAS2"	0.0222186694781901	6.00866838805106	0.00240166324576841	0.961538425849939	0.994653720473565
"All fibroblasts"	5	"NUMA1"	0.0176227139946319	7.35679194032441	0.00231272276425926	0.962328529109314	0.994886110916383
"All fibroblasts"	5	"FILIP1L"	0.0130583802891441	10.1329925480747	0.00229892308081624	0.962439407519979	0.994886110916383
"All fibroblasts"	5	"MLLT10"	-0.0241058847170465	6.22645306708516	0.0022902997595139	0.96244137320157	0.994886110916383
"All fibroblasts"	5	"SMAD3"	0.0209301755601166	6.78157371430085	0.00229637980518626	0.962446028356899	0.994886110916383
"All fibroblasts"	5	"SOD1"	0.0115572128130472	8.6213540117327	0.00220554421406285	0.963209845551411	0.995338160392371
"All fibroblasts"	5	"TRIM52"	-0.0194912389292839	6.31601398784344	0.00214666253897889	0.963699246048397	0.995338160392371
"All fibroblasts"	5	"GGPS1"	-0.019120731902435	5.92731894445921	0.00210132391257119	0.964069449840265	0.995338160392371
"All fibroblasts"	5	"RAB14"	0.0116787523425527	7.69295364823716	0.00207412025301101	0.964322580568865	0.995338160392371
"All fibroblasts"	5	"JMJD1C"	-0.0127166757850726	7.43381201192378	0.00206323210331979	0.964415505130189	0.995338160392371
"All fibroblasts"	5	"C1orf52"	-0.0199574350095108	5.91245612706869	0.00200465208785094	0.964886355067712	0.995338160392371
"All fibroblasts"	5	"MTR"	0.0236989707774824	6.19313637018851	0.00200067472600948	0.964913435921776	0.995338160392371
"All fibroblasts"	5	"NFIC"	-0.0102075352185874	9.73025048503759	0.00199549496508511	0.965004064604639	0.995338160392371
"All fibroblasts"	5	"NFX1"	-0.0196836299067547	6.44017452069895	0.00199382580626631	0.965007762310908	0.995338160392371
"All fibroblasts"	5	"BTG1"	0.0119774890521285	8.75265015732683	0.00196906990482815	0.965237455024991	0.995338160392371
"All fibroblasts"	5	"COL3A1"	-0.00763316950349291	12.3408516739571	0.00193717752344477	0.965518602189251	0.995338160392371
"All fibroblasts"	5	"CCDC12"	0.026417074956752	5.61530644623132	0.00192910144947419	0.965532752976888	0.995338160392371
"All fibroblasts"	5	"PLEKHG1"	-0.0197912736616749	5.88877120915473	0.00192305689595083	0.965633205975095	0.995338160392371
"All fibroblasts"	5	"MAGOH"	0.0149402919619531	6.52574243063208	0.00191789364224045	0.965687450617505	0.995338160392371
"All fibroblasts"	5	"USP34"	0.0132333512598837	7.17502453097558	0.00189293931623229	0.965902686665778	0.995338160392371
"All fibroblasts"	5	"ZFX"	-0.0178823779776819	5.95418591057737	0.00189370805025568	0.965955538869996	0.995338160392371
"All fibroblasts"	5	"ZSCAN16-AS1"	0.0184564220419707	5.95021299655234	0.00188417283340663	0.965988351253174	0.995338160392371
"All fibroblasts"	5	"ERAP2"	-0.0134733538528904	6.72753089983578	0.00185861414958136	0.966172302164668	0.995338160392371
"All fibroblasts"	5	"FBN1"	-0.012270879907018	8.81457345350245	0.00185834579066584	0.966227777468181	0.995338160392371
"All fibroblasts"	5	"CCDC93"	-0.0206980665236918	5.70465945729851	0.00184352258827055	0.966299635033404	0.995338160392371
"All fibroblasts"	5	"ZNF451"	-0.0141630554619709	6.54916246228183	0.00181675020319784	0.966588956892641	0.995460207107356
"All fibroblasts"	5	"ST8SIA1"	0.0160231249948832	6.19998978800999	0.00176293175369503	0.96705741112006	0.995728828081998
"All fibroblasts"	5	"CRK"	0.0153721891630035	7.01099355682872	0.00175371544853293	0.967191550874225	0.995728828081998
"All fibroblasts"	5	"EGLN1"	0.014821903706539	6.17527961979672	0.00172565220617566	0.967414947929197	0.995782883162591
"All fibroblasts"	5	"PDCD6"	-0.0117664719912616	7.5581474730819	0.00168409093093123	0.96785041825792	0.99597186834238
"All fibroblasts"	5	"PRPSAP1"	0.0194725531092018	5.8493062412616	0.00165876046772473	0.968030923683966	0.99597186834238
"All fibroblasts"	5	"BAZ2A"	-0.0110774100552885	7.46082403012548	0.00162333649704505	0.968434342312772	0.99597186834238
"All fibroblasts"	5	"DAP"	-0.0166584357299204	6.84053097295913	0.00161647663394355	0.968441509300908	0.99597186834238
"All fibroblasts"	5	"BCCIP"	-0.0185482194192733	6.24085517284867	0.00160328277723075	0.968571630303396	0.99597186834238
"All fibroblasts"	5	"LARS"	0.0113106388573098	7.22568165877729	0.00159112104465331	0.968728082636531	0.99597186834238
"All fibroblasts"	5	"UHRF2"	-0.0171785151036129	6.01922598818818	0.00158376634549629	0.96879501454687	0.99597186834238
"All fibroblasts"	5	"SETD7"	-0.0121167186849443	7.20578657182883	0.00150603692086667	0.969591661606392	0.996452460360911
"All fibroblasts"	5	"ACVR1B"	0.0145192429255899	6.29414124868135	0.00150435163787833	0.969604504933304	0.996452460360911
"All fibroblasts"	5	"HIF1AN"	0.0179564541375251	5.81289988323804	0.00148167218788899	0.969878101326635	0.996557872761471
"All fibroblasts"	5	"CASD1"	-0.0186725659020516	6.08960635569335	0.00144027954235673	0.970252522426906	0.996685546788332
"All fibroblasts"	5	"TRAFD1"	0.0170772654026591	6.1323287007915	0.00142877304281393	0.970344449447436	0.996685546788332
"All fibroblasts"	5	"EID1"	0.00859002800006558	9.2185677682465	0.00140762223854961	0.970604636484782	0.996727768521989
"All fibroblasts"	5	"UBE2E3"	0.0106318817909766	7.76343334694207	0.00135528432652468	0.971157183713888	0.996727768521989
"All fibroblasts"	5	"SLC35E3"	0.021183883996738	5.72449750812094	0.00135162964085187	0.971169906789562	0.996727768521989
"All fibroblasts"	5	"SH2B3"	0.0183631250895152	5.94233709770123	0.00134197178628933	0.971240625304189	0.996727768521989
"All fibroblasts"	5	"TAF8"	0.0176154249883825	5.75728054462503	0.00133060864603503	0.971359074898597	0.996727768521989
"All fibroblasts"	5	"UBE2Q2"	-0.0115749155997747	6.6267560281626	0.0013111247878018	0.971607985568806	0.996727768521989
"All fibroblasts"	5	"UBE2M"	-0.0184178787028759	6.24046496533767	0.00127231630939794	0.971999749057998	0.996727768521989
"All fibroblasts"	5	"TRMT10C"	0.0146660956096344	6.02765829115241	0.0012719513908105	0.972041397119157	0.996727768521989
"All fibroblasts"	5	"SIRT1"	0.0170899280200656	6.08774526122404	0.00126270490188432	0.972122285780348	0.996727768521989
"All fibroblasts"	5	"HDAC10"	0.0152984580642916	5.84207898863472	0.00125600801910788	0.972183501139499	0.996727768521989
"All fibroblasts"	5	"DFFA"	-0.0122788837277527	6.87080658602795	0.00125276347493517	0.972267141973397	0.996727768521989
"All fibroblasts"	5	"ADIPOR2"	0.012489380935323	6.65153054666767	0.00120218866875238	0.972821264646602	0.996819994319845
"All fibroblasts"	5	"MAML1"	-0.0177712668098914	5.86763073332947	0.00116848413250735	0.973167066229766	0.996819994319845
"All fibroblasts"	5	"ARID4B"	0.00835937476716175	7.97030049969887	0.00114234441572002	0.973518167419215	0.996819994319845
"All fibroblasts"	5	"TLCD2"	0.0134329182892026	6.18943372690094	0.00114066383966834	0.973532571613742	0.996819994319845
"All fibroblasts"	5	"SORBS3"	0.0147949385569945	6.95791661514811	0.00109858563419876	0.974030756644783	0.996819994319845
"All fibroblasts"	5	"PLEKHA4"	0.0122339547912161	6.39287895804096	0.00109419107171345	0.974074395316838	0.996819994319845
"All fibroblasts"	5	"OSBP"	0.0121525417123123	6.38075825801152	0.00108736260123635	0.974150273649337	0.996819994319845
"All fibroblasts"	5	"CARD16"	0.00935399982348071	7.35768159852651	0.00106151978363088	0.974472070764624	0.996819994319845
"All fibroblasts"	5	"WASHC3"	0.0159876175504255	6.11659337950011	0.00105971023412317	0.974487221614668	0.996819994319845
"All fibroblasts"	5	"DCAF8"	0.0142390649918542	6.63805429267907	0.00105214800994056	0.974565704577273	0.996819994319845
"All fibroblasts"	5	"DCAF15"	-0.015668988197712	5.79409572531622	0.00104146870801096	0.974659455068728	0.996819994319845
"All fibroblasts"	5	"GTF3A"	0.0104508199855281	6.92750786029956	0.0010374535737739	0.97476154684663	0.996819994319845
"All fibroblasts"	5	"RFC1"	0.0108859034934011	7.12030644185831	0.0010368417343692	0.974770382536456	0.996819994319845
"All fibroblasts"	5	"PDHA1"	0.01441271161392	6.64754140878243	0.00102712780514064	0.974882276842889	0.996819994319845
"All fibroblasts"	5	"ACBD3"	0.0139928073736879	6.63895030726171	0.00101925032938243	0.974974434103368	0.996819994319845
"All fibroblasts"	5	"GUF1"	0.013528784850405	5.93325397539207	0.00100423756077558	0.975152926925485	0.996819994319845
"All fibroblasts"	5	"ACTG1"	-0.00636461623607942	10.7924728515778	0.000980453787967552	0.975464916734777	0.996819994319845
"All fibroblasts"	5	"GSPT1"	-0.00991614430058538	7.40097214836055	0.000979840886567038	0.975474331223239	0.996819994319845
"All fibroblasts"	5	"MRFAP1L1"	0.0134082454441953	6.72581814818345	0.00095592124907184	0.975764948635693	0.996819994319845
"All fibroblasts"	5	"TXNRD1"	-0.0130752812507725	6.2355208208751	0.000958347658025002	0.975778487660957	0.996819994319845
"All fibroblasts"	5	"USF3"	0.0139397362257364	6.18447709223419	0.000908661794114728	0.976365859966601	0.997207212955226
"All fibroblasts"	5	"SPTLC2"	0.0128975873300412	6.26131981856932	0.00088586824934639	0.976678080543634	0.997207212955226
"All fibroblasts"	5	"HDAC2"	0.00878911152256246	7.1568788508005	0.000879088741032918	0.976767825539438	0.997207212955226
"All fibroblasts"	5	"CNOT6L"	-0.010932076453109	6.61522918500775	0.000863656314146313	0.976945524558683	0.997207212955226
"All fibroblasts"	5	"GBA2"	-0.0120498984965345	6.1173437791773	0.000859518633858307	0.977013210702143	0.997207212955226
"All fibroblasts"	5	"VPS4B"	-0.0111562484031851	6.67177937383606	0.000827351242395379	0.97746181512962	0.99725445881382
"All fibroblasts"	5	"PHYKPL"	0.0127047894652495	6.85336943351456	0.00080905305621564	0.977703118286467	0.99725445881382
"All fibroblasts"	5	"RARG"	-0.012719639010531	6.41253162829324	0.000806039461489694	0.977718081489646	0.99725445881382
"All fibroblasts"	5	"DNAJC15"	0.00827803845312684	7.25950951640621	0.000797607655033269	0.977856571974606	0.99725445881382
"All fibroblasts"	5	"STARD7"	0.00907743674291128	7.04442554520765	0.000785742761967701	0.978031754460617	0.99725445881382
"All fibroblasts"	5	"SIRT2"	-0.0146712337564703	6.00306578065357	0.000775254437498992	0.978131272665566	0.99725445881382
"All fibroblasts"	5	"BST2"	-0.0120056356626456	8.16431709979015	0.000742739386883986	0.97864532366051	0.99725445881382
"All fibroblasts"	5	"FAM45A"	-0.0119025692313697	5.97167276328	0.000734807020584645	0.978733819330055	0.99725445881382
"All fibroblasts"	5	"LAMTOR3"	-0.00933137996377119	6.42002802972926	0.000734543944080235	0.978736233073368	0.99725445881382
"All fibroblasts"	5	"POLR2F"	0.0107504797764041	6.56185501785865	0.000729455462483328	0.978820612414053	0.99725445881382
"All fibroblasts"	5	"SPATS2L"	0.00719035084594693	7.73592416930647	0.000691970372054782	0.979388160978897	0.99725445881382
"All fibroblasts"	5	"PPIG"	-0.00667957708232773	8.60674087879238	0.000653288280919695	0.979972117316202	0.99725445881382
"All fibroblasts"	5	"BCL2L13"	0.0108294680829784	6.13860969859514	0.000642879285371069	0.980107078408066	0.99725445881382
"All fibroblasts"	5	"MRPS16"	0.0121496837139644	6.11242014171815	0.000635730500296548	0.980215634233524	0.99725445881382
"All fibroblasts"	5	"VGLL4"	-0.00912468819260126	7.1487722430859	0.000633106861976556	0.980283749763502	0.99725445881382
"All fibroblasts"	5	"SRP9"	-0.00766390582431716	7.52422998645338	0.000624144832472962	0.980422535964783	0.99725445881382
"All fibroblasts"	5	"C6orf62"	0.0070815605444813	8.00979995897329	0.000618612764548126	0.980510621232647	0.99725445881382
"All fibroblasts"	5	"IGDCC4"	0.00656891325340524	7.50552410363836	0.000615558167147835	0.980550627644163	0.99725445881382
"All fibroblasts"	5	"TCEA1"	0.0075482889301829	7.39651800910745	0.000611502092412454	0.980623197722709	0.99725445881382
"All fibroblasts"	5	"ATP5PO"	0.0101446773689759	7.03957762186911	0.000610225532591253	0.980643963603259	0.99725445881382
"All fibroblasts"	5	"PTPN12"	0.0088006913649261	7.19108478985455	0.00060961131904568	0.980653517934304	0.99725445881382
"All fibroblasts"	5	"NUDCD3"	0.0106071298079971	5.76234226743575	0.000558877152389037	0.981443408763102	0.997809856879026
"All fibroblasts"	5	"NID1"	0.00534690044484125	10.0976184216343	0.000550133158330363	0.981620321466831	0.997809856879026
"All fibroblasts"	5	"KLF13"	0.00718037891878961	6.95265808683964	0.000544655911628481	0.981713387590091	0.997809856879026
"All fibroblasts"	5	"PIGT"	-0.00725964917525608	7.05123722839589	0.000501492850443512	0.982448705713597	0.998144267023765
"All fibroblasts"	5	"SIAE"	-0.00937625347281814	6.09392482957812	0.000498814337659796	0.982488747860434	0.998144267023765
"All fibroblasts"	5	"SSB"	-0.00682470474427759	8.15334631454887	0.000489517278145855	0.98266291306096	0.998144267023765
"All fibroblasts"	5	"PRKCI"	0.00803380152481394	6.38646279320331	0.000482523138268948	0.982780051992552	0.998144267023765
"All fibroblasts"	5	"RBM6"	0.0080574041990842	7.0489440725646	0.000466883657893975	0.983066878798586	0.998144267023765
"All fibroblasts"	5	"ZNF146"	-0.00869726186908347	6.31404037471723	0.000468031617958806	0.983070181645681	0.998144267023765
"All fibroblasts"	5	"PTPRM"	-0.00610263819329903	7.3414881318888	0.000442642324342259	0.983493891667215	0.998306026371995
"All fibroblasts"	5	"SH3GLB1"	0.00642524285854272	7.41945732784545	0.000427461584571755	0.983795582439296	0.998306026371995
"All fibroblasts"	5	"CEBPZOS"	0.00703475318089251	6.46097315196127	0.000421463928666365	0.983907699162682	0.998306026371995
"All fibroblasts"	5	"MKLN1"	-0.00665711052397947	7.40946548852426	0.000421370075387342	0.983914794826561	0.998306026371995
"All fibroblasts"	5	"DCUN1D4"	0.00686967252539526	6.26466528528047	0.00039319576217098	0.984447399823019	0.998672527640796
"All fibroblasts"	5	"PHLDB1"	-0.00735428372644088	7.47703116697651	0.000378281782190594	0.984758425928056	0.998814159770719
"All fibroblasts"	5	"IGF2R"	-0.00571803237417453	7.18555513173159	0.000336107097630248	0.985633560714641	0.999312037158662
"All fibroblasts"	5	"GAS7"	-0.00488259616495361	7.85817728346094	0.000311889961630055	0.986160997624362	0.999312037158662
"All fibroblasts"	5	"NSFL1C"	-0.00721911297501011	6.45016731621187	0.000286847985727253	0.986725729653626	0.999312037158662
"All fibroblasts"	5	"MXI1"	-0.0074204537894609	6.59006521278694	0.000284520347378383	0.98676358329093	0.999312037158662
"All fibroblasts"	5	"SATB1"	-0.00539777000221043	6.40237080049255	0.000275728202670444	0.986978453179281	0.999312037158662
"All fibroblasts"	5	"FAM102A"	-0.00677104328868938	5.86695736589524	0.000266794660335528	0.987183860909113	0.999312037158662
"All fibroblasts"	5	"WBP4"	0.00640220207296304	5.97081413037667	0.00026402311412032	0.987262340653013	0.999312037158662
"All fibroblasts"	5	"IRF3"	0.00484924352139588	6.94442048728269	0.000264130686384916	0.987264538920455	0.999312037158662
"All fibroblasts"	5	"TNRC18"	-0.00671450850943547	6.56055637064212	0.000248525544503536	0.987645635793302	0.999312037158662
"All fibroblasts"	5	"PIBF1"	-0.00803089532102878	5.80076128847094	0.000247558172434976	0.987655101079992	0.999312037158662
"All fibroblasts"	5	"GLIS2"	-0.00553156987200464	6.65687758066739	0.000243949601898606	0.987759071869025	0.999312037158662
"All fibroblasts"	5	"SRSF10"	0.00529308879839359	7.31335314687116	0.000235748304660669	0.987966951284309	0.999312037158662
"All fibroblasts"	5	"IDUA"	-0.00685280870001135	5.62901220644487	0.000229830807389246	0.988102537770698	0.999312037158662
"All fibroblasts"	5	"RYK"	-0.00554980491663943	6.77822561344938	0.000226884856257797	0.988185361108498	0.999312037158662
"All fibroblasts"	5	"ELMSAN1"	0.00585831176891407	6.81178347795977	0.000217489927751334	0.988439450834138	0.999312037158662
"All fibroblasts"	5	"FMR1"	0.00466340271430036	6.4416087316738	0.000211852080248304	0.988581983771803	0.999312037158662
"All fibroblasts"	5	"SMAD7"	0.00579892312271469	6.67669309953954	0.000209570826437059	0.98865389563319	0.999312037158662
"All fibroblasts"	5	"HDDC2"	-0.00726686836691887	6.03004454121412	0.000197938766044851	0.988968950351784	0.999312037158662
"All fibroblasts"	5	"SYNCRIP"	-0.00356056952098592	8.1391755728357	0.000191254539424423	0.98916183504781	0.999312037158662
"All fibroblasts"	5	"SRP72"	0.0034853294841857	7.98012874487836	0.000186553354925392	0.989296664800421	0.999312037158662
"All fibroblasts"	5	"HEXB"	0.00353000698019874	7.80556349480316	0.000174304051380814	0.989654020575177	0.999312037158662
"All fibroblasts"	5	"HSPA4"	0.00383808178858949	7.22561281804432	0.000170878570822515	0.989747538030413	0.999312037158662
"All fibroblasts"	5	"PPP4R3A"	-0.00659342476722749	6.85936265365726	0.000164113056916459	0.989961589890626	0.999312037158662
"All fibroblasts"	5	"EBLN3P"	-0.00470832966593325	6.88498926850398	0.000156355793116684	0.990200692477248	0.999312037158662
"All fibroblasts"	5	"APOOL"	0.00501553107442334	6.23257568300691	0.000139289973244941	0.990764512149938	0.999312037158662
"All fibroblasts"	5	"YLPM1"	0.00405071388135041	6.77076130033185	0.00013625564714693	0.990852933584104	0.999312037158662
"All fibroblasts"	5	"CNOT7"	0.00372277565264002	6.79033127850884	0.000133537569547823	0.990935002715314	0.999312037158662
"All fibroblasts"	5	"PRDX6"	-0.0028406925700385	8.21394118440889	0.000122953761138237	0.991310568455931	0.999312037158662
"All fibroblasts"	5	"MINDY3"	0.00483113396569149	5.94340332598515	0.000119030150567239	0.99146240350288	0.999312037158662
"All fibroblasts"	5	"CTGF"	0.00434409128439312	9.50336343369823	0.000117623305322072	0.991500904328646	0.999312037158662
"All fibroblasts"	5	"TPST2"	0.00565075814056829	5.92212073392788	0.000116642244787706	0.991530358702012	0.999312037158662
"All fibroblasts"	5	"UBAP1"	-0.00390857079132947	6.5098896832621	0.000107130568177655	0.99188716202611	0.999312037158662
"All fibroblasts"	5	"BABAM2"	-0.00439656012277001	5.78362365215632	0.000106265935620505	0.991904173407523	0.999312037158662
"All fibroblasts"	5	"CBY1"	-0.0038873741747444	6.01067357237395	0.000105101025657053	0.99195728982518	0.999312037158662
"All fibroblasts"	5	"TAF1C"	0.00632007221832305	5.91100261262415	9.5959555424241e-05	0.992314238375585	0.999312037158662
"All fibroblasts"	5	"MYCBP2"	0.00368284428506537	7.29813845386208	9.37591722602632e-05	0.992410980909058	0.999312037158662
"All fibroblasts"	5	"SMC6"	-0.00344630148253883	6.60662652273969	9.27249857750137e-05	0.992448209413596	0.999312037158662
"All fibroblasts"	5	"PTPN21"	-0.00347323109947921	6.06548214736652	9.23778880518806e-05	0.992460850291365	0.999312037158662
"All fibroblasts"	5	"GOLPH3"	0.00279754552397164	7.23171971469619	8.98454289671437e-05	0.992572191244246	0.999312037158662
"All fibroblasts"	5	"ASAH1"	0.00344873640327705	7.26880813441103	8.86939913499758e-05	0.992606050258086	0.999312037158662
"All fibroblasts"	5	"CCDC91"	-0.00363904908747919	6.3137158553669	8.03094856736226e-05	0.992968581678837	0.999312037158662
"All fibroblasts"	5	"HAS2"	0.00369725677476449	8.34170671495278	7.33348853379392e-05	0.993288754569419	0.999312037158662
"All fibroblasts"	5	"TPST1"	-0.00307016770477728	6.66423563921858	7.31008017503669e-05	0.993297549368831	0.999312037158662
"All fibroblasts"	5	"AFAP1"	-0.00280004807879147	6.53959312818051	6.96571903663347e-05	0.99345925621494	0.999312037158662
"All fibroblasts"	5	"TM2D1"	0.00228887098375408	6.65908927157689	6.66283022137563e-05	0.993602213144265	0.999312037158662
"All fibroblasts"	5	"BORCS7"	-0.00295061353587699	6.38208554368167	6.61385347060345e-05	0.993620865569965	0.999312037158662
"All fibroblasts"	5	"DERL2"	0.00269678516219747	6.241796514552	6.41960819220059e-05	0.9937187630905	0.999312037158662
"All fibroblasts"	5	"ARHGEF2"	0.00283314945010474	6.82286495960751	6.26122084011124e-05	0.993795919935499	0.999312037158662
"All fibroblasts"	5	"TENT2"	-0.002551389442095	5.90850879858928	6.01543255992395e-05	0.993918703937842	0.999312037158662
"All fibroblasts"	5	"MRPL1"	-0.00274206230388327	6.30324700372474	5.73212003197238e-05	0.994064971378457	0.999312037158662
"All fibroblasts"	5	"CPNE3"	-0.00206864890838017	7.45221379473806	5.44936796473213e-05	0.994214625160214	0.999312037158662
"All fibroblasts"	5	"COX6C"	0.00196359326713414	8.86957940444273	5.25623888266884e-05	0.994318346246261	0.999312037158662
"All fibroblasts"	5	"FAM219A"	0.00420914375527691	6.00247800835319	5.19428585663709e-05	0.994343630632919	0.999312037158662
"All fibroblasts"	5	"TWSG1"	-0.0019732188428703	7.77252635349978	4.90762722829469e-05	0.994510125876623	0.999312037158662
"All fibroblasts"	5	"PMPCB"	-0.00340583464191089	6.17664276425022	4.59264877404331e-05	0.994688764896466	0.999319212595122
"All fibroblasts"	5	"LRRFIP2"	0.00280065556281744	6.67570286445428	4.12966338904622e-05	0.99496394229674	0.999423356621807
"All fibroblasts"	5	"CAPZA2"	0.00197648827011621	6.92275761204632	3.63710742039836e-05	0.995273263915575	0.999475118776662
"All fibroblasts"	5	"CHMP4A"	0.00243398886158644	6.04087381765903	3.45489712055544e-05	0.995390705062414	0.999475118776662
"All fibroblasts"	5	"LCOR"	0.00182483470232023	6.51326285180783	3.2529902682105e-05	0.995530047945726	0.999475118776662
"All fibroblasts"	5	"KLHDC3"	-0.00314532701880437	6.14289690706262	2.95390981335374e-05	0.995740403474103	0.999514096648337
"All fibroblasts"	5	"GDI1"	0.00134263244308054	8.24836481080282	2.46905697227478e-05	0.996105963891783	0.999574194493096
"All fibroblasts"	5	"PA2G4"	-0.00125823395238228	8.15108729599768	2.24975665415424e-05	0.996282933072914	0.999574194493096
"All fibroblasts"	5	"UBP1"	-0.00171535281050191	6.99471616628456	2.21088804036833e-05	0.996314899882598	0.999574194493096
"All fibroblasts"	5	"COA1"	0.00167137685365077	5.92551820353959	1.72915247839049e-05	0.996737029995701	0.999585953610904
"All fibroblasts"	5	"ID2"	0.0010633274049634	8.1441081206765	1.67644441886635e-05	0.996791316800361	0.999585953610904
"All fibroblasts"	5	"PTP4A2"	-0.00100484947021671	9.08217952826726	1.62458297918676e-05	0.996841252176585	0.999585953610904
"All fibroblasts"	5	"NAP1L4"	-0.00229668959208039	6.75397371435845	1.23313143482557e-05	0.997248113474006	0.999589571855705
"All fibroblasts"	5	"CCDC43"	0.00125625015294977	6.01073169400529	1.00559331365892e-05	0.997512641653109	0.999589571855705
"All fibroblasts"	5	"UBA5"	-0.00168841182878486	5.97795549451947	9.85202289472975e-06	0.997538258362298	0.999589571855705
"All fibroblasts"	5	"RTL8B"	0.00106809626839022	6.11854901289373	7.27923185112435e-06	0.997884445015291	0.999589571855705
"All fibroblasts"	5	"CAMTA1"	0.00120940252109451	7.02849332816307	4.5589631662085e-06	0.998326747625266	0.999589571855705
"All fibroblasts"	5	"SERPINB6"	0.000519210778114232	7.9659339850731	2.71886181347953e-06	0.998707820935157	0.999589571855705
"All fibroblasts"	5	"DENND5A"	-0.000699714377182472	6.15235480523325	2.5645655735461e-06	0.998744302261182	0.999589571855705
"All fibroblasts"	5	"TOPORS"	-0.000321529282173415	6.5586777575332	2.42550346644279e-06	0.998778405123676	0.999589571855705
"All fibroblasts"	5	"SLC44A2"	-0.000554950804230147	6.14251910719844	2.18254991384177e-06	0.998843746943379	0.999589571855705
"All fibroblasts"	5	"MRPS18C"	0.000681884356070123	6.18431371532087	1.91146180186588e-06	0.998915773684396	0.999589571855705
"All fibroblasts"	5	"PRICKLE2"	-0.000679858674229643	7.24541450205073	1.06804006838823e-06	0.999189316168611	0.999589571855705
"All fibroblasts"	5	"TUBGCP4"	0.00111646595042695	5.93136450341037	8.3776462087788e-07	0.999281330845544	0.999589571855705
"All fibroblasts"	5	"BLOC1S4"	-0.000839291068735072	5.8796867748883	6.862891848691e-07	0.999349374982974	0.999589571855705
"All fibroblasts"	5	"HACD3"	-0.000195264659074818	7.34426392475403	5.40346370703325e-07	0.999423643485436	0.999589571855705
"All fibroblasts"	5	"FAM208A"	0.000371907531885047	6.63230753568563	4.95144841004e-07	0.999447860056908	0.999589571855705
"All fibroblasts"	5	"SLFN5"	-0.000203412608705324	7.33652853105111	2.74222847454972e-07	0.999589571855705	0.999589571855705
"LP fibroblast"	4	"IGHA1"	2.03686560594561	8.9178714851711	35.366717737281	0.000118037889733322	0.27219537372504
"LP fibroblast"	4	"TMED9"	1.32623222671072	8.15344200958962	18.6160077808739	0.0013527880746183	0.606194448750936
"LP fibroblast"	4	"TIMP1"	1.76157029512817	9.71828797785711	18.2564721868529	0.00154211491698203	0.606194448750936
"LP fibroblast"	4	"SURF4"	1.2475731214089	8.21258307932256	17.2067090562157	0.00174118213539889	0.606194448750936
"LP fibroblast"	4	"TXNIP"	-1.5440267663355	11.2119994881037	16.2330457251237	0.00227959469677369	0.606194448750936
"LP fibroblast"	4	"PTGDS"	1.65340743751315	8.91163913419397	16.0038034521964	0.00240790351843158	0.606194448750936
"LP fibroblast"	4	"COL15A1"	-2.01237159626295	10.0076633968213	15.7866254153361	0.00251290481931563	0.606194448750936
"LP fibroblast"	4	"MATN2"	-1.55999215489586	9.79645713694209	15.5161161483748	0.00258671518416323	0.606194448750936
"LP fibroblast"	4	"CPNE1"	1.30729801633184	8.03060019822222	14.7889344936713	0.00283008826855956	0.606194448750936
"LP fibroblast"	4	"NNMT"	1.16332799006744	8.99475581783809	14.0511312952084	0.00349460822909489	0.606194448750936
"LP fibroblast"	4	"FAM20C"	1.9264578845539	8.11038510014984	13.373034515306	0.00407826249806089	0.606194448750936
"LP fibroblast"	4	"PHC2"	1.66371627078969	7.46612471175107	13.0769816509458	0.00418686501154989	0.606194448750936
"LP fibroblast"	4	"GSN"	-1.7303819990338	10.639755360934	12.8079672008775	0.00483188022361851	0.606194448750936
"LP fibroblast"	4	"PLPP3"	-1.25783345866286	10.5270915808579	11.6874258669205	0.00620103053608865	0.606194448750936
"LP fibroblast"	4	"GULP1"	-1.64165407077421	8.22293081232102	11.488114538896	0.00640561359898801	0.606194448750936
"LP fibroblast"	4	"CXCL1"	1.30462250663045	9.98257878452766	11.4536835758468	0.00657664984704058	0.606194448750936
"LP fibroblast"	4	"TMEM158"	1.78776354108109	8.48201291391698	10.948109543503	0.00711627992977973	0.606194448750936
"LP fibroblast"	4	"PTN"	-1.07228990772763	9.44303869564186	11.0200532180973	0.00724493430691129	0.606194448750936
"LP fibroblast"	4	"IGKC"	1.43101285970604	11.0285299190076	11.0747897448289	0.00737929676668977	0.606194448750936
"LP fibroblast"	4	"PAPLN"	1.97520918157441	7.34434176853838	10.2704345769887	0.00752433727739355	0.606194448750936
"LP fibroblast"	4	"IL32"	1.10106933144494	8.27298163720563	10.7546686866395	0.00779127038707987	0.606194448750936
"LP fibroblast"	4	"SSR4"	1.24832674984854	8.43768498692337	10.7598166643373	0.00779745699140385	0.606194448750936
"LP fibroblast"	4	"CD151"	1.23040409435483	8.31962134223013	10.5941743467249	0.00806050429517322	0.606194448750936
"LP fibroblast"	4	"ELN"	-1.14312686979657	8.59188398388024	10.5730782920461	0.00807719059934818	0.606194448750936
"LP fibroblast"	4	"NCAM1"	-1.25326962233603	7.59230749889558	10.3861792335089	0.00828083932377118	0.606194448750936
"LP fibroblast"	4	"SFRP1"	-1.28830863155929	9.11028482895715	10.2991716414606	0.00862008349598348	0.606194448750936
"LP fibroblast"	4	"YIPF3"	1.0758690046286	7.84359163776584	10.3208232620004	0.00864098574256619	0.606194448750936
"LP fibroblast"	4	"RARRES2"	1.32569816820975	9.72970389267822	10.4539128027416	0.00868761459045586	0.606194448750936
"LP fibroblast"	4	"KCTD12"	-1.13114245508783	8.48519150776682	10.2785597275191	0.00872010332306737	0.606194448750936
"LP fibroblast"	4	"ACADVL"	0.932739349340486	8.63489207082164	10.0493979342884	0.00943707295590863	0.606194448750936
"LP fibroblast"	4	"UNC5C"	1.16712729238063	7.89350556449417	9.77337640290549	0.0101999958003612	0.606194448750936
"LP fibroblast"	4	"LRRC58"	-1.13228690896383	7.85285255854583	9.67337480535062	0.0102066038215818	0.606194448750936
"LP fibroblast"	4	"NDUFB2"	1.18519369997253	8.23835503521758	9.73086584432504	0.0102707960883959	0.606194448750936
"LP fibroblast"	4	"BCL3"	1.10074890154199	8.21576009319523	9.62125814906714	0.0102734093048948	0.606194448750936
"LP fibroblast"	4	"THSD4"	-1.14794700732687	8.01589662867528	9.60521510073862	0.0103316536930882	0.606194448750936
"LP fibroblast"	4	"PCDH7"	-1.08769735977372	9.33895708588199	9.59759264483268	0.0106998158263572	0.606194448750936
"LP fibroblast"	4	"PCF11"	-1.16226644165003	8.240954081805	9.51604027745384	0.0108568408231727	0.606194448750936
"LP fibroblast"	4	"IRF2BP2"	-0.924150172559487	9.07941086117216	9.52041526133336	0.0109329838221077	0.606194448750936
"LP fibroblast"	4	"TGFBI"	1.08454061897446	9.74235023812485	9.33671660087368	0.0114874053316972	0.606194448750936
"LP fibroblast"	4	"EXT1"	0.954381585900666	8.14960543121589	9.27692298893891	0.0116492927401479	0.606194448750936
"LP fibroblast"	4	"ABCA8"	-1.19622122471684	10.3228026146805	9.15517973946226	0.0122405727583492	0.606194448750936
"LP fibroblast"	4	"PCOLCE"	1.18461476609076	9.18974909918982	9.08950095808037	0.0125188072385796	0.606194448750936
"LP fibroblast"	4	"ATP6V0B"	1.33481979080998	7.4189862097382	8.75119511518407	0.0133925909769597	0.606194448750936
"LP fibroblast"	4	"IGFBP4"	1.18960809715014	10.1762651096846	8.72245252680853	0.0140754683045147	0.606194448750936
"LP fibroblast"	4	"ARRDC3"	-1.37232068710689	8.36486271626042	8.6285576544797	0.014317527034473	0.606194448750936
"LP fibroblast"	4	"TCF7L2"	-0.907380883882063	8.03494940093353	8.46109980606961	0.0146846159795685	0.606194448750936
"LP fibroblast"	4	"SNED1"	1.24589357975	8.04173208787946	8.34669228701431	0.0155853873303833	0.606194448750936
"LP fibroblast"	4	"HDLBP"	0.872947066916172	9.12857427503886	8.25998511905284	0.0158008710460659	0.606194448750936
"LP fibroblast"	4	"TSC22D1"	-0.907787766426576	9.47336094731473	8.21784639647149	0.0160380709514363	0.606194448750936
"LP fibroblast"	4	"TPM2"	0.997969617211507	8.75612467370794	8.17382934589365	0.0162429580315056	0.606194448750936
"LP fibroblast"	4	"SPARCL1"	-1.2862545186845	10.8243603308763	8.09925429186285	0.0169524979856358	0.606194448750936
"LP fibroblast"	4	"WBP11"	-1.06284120296311	7.84952395460048	7.96713988134334	0.0170810530730427	0.606194448750936
"LP fibroblast"	4	"WNT5A"	1.42419892438858	7.69845498469117	7.82448344882918	0.0173679792266769	0.606194448750936
"LP fibroblast"	4	"SAMD4B"	1.07761160164955	7.61555748355425	7.86894940282753	0.0177121768578147	0.606194448750936
"LP fibroblast"	4	"RHBDD2"	1.28183545363565	7.80194913489919	7.81078002877854	0.0182176808560858	0.606194448750936
"LP fibroblast"	4	"SHC1"	1.38010659377338	7.70154751903304	7.80067304264273	0.0182564596499353	0.606194448750936
"LP fibroblast"	4	"THUMPD1"	-1.11110612698804	7.54185727725426	7.70777006232741	0.0183951738777062	0.606194448750936
"LP fibroblast"	4	"LAMA5"	1.39981329012415	7.62500866609237	7.5088398301827	0.0184770314583795	0.606194448750936
"LP fibroblast"	4	"HAPLN1"	-0.928441653720391	9.94836528451254	7.72913742041962	0.0186296275527103	0.606194448750936
"LP fibroblast"	4	"TFPI2"	1.30626169401942	8.03197220875042	7.77583209862719	0.0186551154614393	0.606194448750936
"LP fibroblast"	4	"SNU13"	0.951884748403707	7.98731313809189	7.6640555798371	0.0190806470389869	0.606194448750936
"LP fibroblast"	4	"CALR"	1.07021832285075	9.95015662084969	7.63045702595049	0.019374373887272	0.606194448750936
"LP fibroblast"	4	"ADAMDEC1"	-0.728236920353845	12.7321162371527	7.58103390767123	0.0194898660124526	0.606194448750936
"LP fibroblast"	4	"HM13"	1.22737351834982	7.84238804046565	7.55633236910048	0.0198199616835485	0.606194448750936
"LP fibroblast"	4	"ALKAL2"	-1.2582182384644	7.69355418169846	7.47763611503953	0.0199094774895603	0.606194448750936
"LP fibroblast"	4	"RAB5C"	1.17757774172747	7.70337404156837	7.4970715036272	0.0199590515001882	0.606194448750936
"LP fibroblast"	4	"GBP1"	0.857678669052897	9.46282013975198	7.42632722281224	0.0205391003813793	0.606194448750936
"LP fibroblast"	4	"CNN2"	1.24806709913413	9.25525889113437	7.47090616487705	0.0206374575930429	0.606194448750936
"LP fibroblast"	4	"TSPAN8"	-1.41579361170356	7.48231004155011	7.03690693065363	0.0212601921104096	0.606194448750936
"LP fibroblast"	4	"EMP2"	-0.970919020378771	8.56620514776325	7.31460423088935	0.021281309799705	0.606194448750936
"LP fibroblast"	4	"CTTN"	1.24007651958646	7.78045083155295	7.30784039761408	0.0213854887768876	0.606194448750936
"LP fibroblast"	4	"TMEM106B"	-1.01113316548553	8.10584264895354	7.27524216340492	0.0214790163248459	0.606194448750936
"LP fibroblast"	4	"CXCL12"	-1.04952874220084	10.3019420864675	7.29752669013706	0.0215556308867583	0.606194448750936
"LP fibroblast"	4	"EMILIN1"	0.908232712422666	8.80036293306004	7.26485132878184	0.0216278670829551	0.606194448750936
"LP fibroblast"	4	"LMNA"	0.846307029794128	9.46682406607276	7.22605887837234	0.0218831700299099	0.606194448750936
"LP fibroblast"	4	"FKBP10"	1.17980538678196	7.99346312300525	7.2418014649002	0.0220238693470735	0.606194448750936
"LP fibroblast"	4	"FXYD1"	-1.42694305021379	8.10308038434957	7.01645025826123	0.0227566959974273	0.606194448750936
"LP fibroblast"	4	"SMARCA1"	0.899481019808308	7.80018248179097	7.10045110054793	0.0228328190447169	0.606194448750936
"LP fibroblast"	4	"THY1"	1.40094172359036	9.89165886394709	7.15170462331593	0.0228533199043662	0.606194448750936
"LP fibroblast"	4	"GPI"	1.07204786395135	8.09417437424704	7.02633031572051	0.0234211409975314	0.606194448750936
"LP fibroblast"	4	"PSMB1"	0.782069125090509	8.52518745342381	6.98294086372948	0.0237406120870921	0.606194448750936
"LP fibroblast"	4	"ABI3BP"	-1.19257476675058	9.44867025236417	6.96100794450891	0.0240416887237946	0.606194448750936
"LP fibroblast"	4	"LAMB2"	0.983780365045435	7.84508390697621	6.92824705545707	0.0240961115412273	0.606194448750936
"LP fibroblast"	4	"HGF"	1.0493743566416	7.92728877785994	6.88935985052787	0.0241545527687108	0.606194448750936
"LP fibroblast"	4	"ARHGAP20"	-0.913226198088651	7.74543500491144	6.80740649434271	0.0242246445342169	0.606194448750936
"LP fibroblast"	4	"ELOB"	1.12534842938542	8.17853409044771	6.94854599513957	0.024245399759504	0.606194448750936
"LP fibroblast"	4	"FKBP1A"	0.895320704360623	8.93835623001764	6.90366093802747	0.024355910704466	0.606194448750936
"LP fibroblast"	4	"EIF2S3"	-0.833077964676307	8.41968547692247	6.88653298120304	0.0245233140339497	0.606194448750936
"LP fibroblast"	4	"CARMN"	1.0945028993057	7.75721211418325	6.8760964287713	0.024528614046464	0.606194448750936
"LP fibroblast"	4	"IGHA2"	1.5001104818292	7.84215892601487	6.77591467205885	0.0248455639817352	0.606194448750936
"LP fibroblast"	4	"SMC4"	-1.07998416917694	7.74607876071528	6.77406708986112	0.0249027160912231	0.606194448750936
"LP fibroblast"	4	"ADM"	0.770973440837242	9.01330460196217	6.8355808023407	0.024927426818555	0.606194448750936
"LP fibroblast"	4	"SELENOP"	-0.844959198204597	10.898159229563	6.80443842503933	0.025130052992184	0.606194448750936
"LP fibroblast"	4	"PIAS1"	-0.983159643438353	8.00415060441518	6.77342524300651	0.025371894279201	0.606194448750936
"LP fibroblast"	4	"LGALS4"	-1.36661692854514	7.93063433071788	6.45973197092666	0.0263633958193178	0.606194448750936
"LP fibroblast"	4	"NR3C1"	-0.737432220190491	8.80213887867924	6.66190783358678	0.026385687029974	0.606194448750936
"LP fibroblast"	4	"NDRG2"	-1.18940493114685	7.90367881258431	6.5947886391007	0.0264957225273795	0.606194448750936
"LP fibroblast"	4	"EMID1"	1.33296890151843	7.60524010089544	6.62360451842561	0.0265623356506181	0.606194448750936
"LP fibroblast"	4	"NSG1"	1.85659409309248	7.4933088896871	6.87780127830245	0.0267032126359172	0.606194448750936
"LP fibroblast"	4	"KDELC2"	-0.831833864786048	7.99421087302504	6.59837552539933	0.026844985261877	0.606194448750936
"LP fibroblast"	4	"BAG6"	1.04267012906083	7.69626667307581	6.57521225209208	0.0269930417889247	0.606194448750936
"LP fibroblast"	4	"COL13A1"	-1.14570011639302	8.00517871896749	6.47996147546266	0.0271041434156999	0.606194448750936
"LP fibroblast"	4	"RCSD1"	-1.06789303063792	8.11405452400573	6.53398833692614	0.0272462041638292	0.606194448750936
"LP fibroblast"	4	"RDH10"	0.948790798357611	7.97758974030538	6.55530412886261	0.0274071859645472	0.606194448750936
"LP fibroblast"	4	"LHFPL6"	0.792528415233025	8.23782299983524	6.53194813643154	0.0276686168511825	0.606194448750936
"LP fibroblast"	4	"PDK4"	-0.963106414124383	8.68286214380227	6.4684988919721	0.0278649659876839	0.606194448750936
"LP fibroblast"	4	"MAMDC2"	-1.01386019816792	8.1778179393542	6.27915832067466	0.0282598201523035	0.609038740852448
"LP fibroblast"	4	"FN1"	-0.867033291102437	10.3343515182369	6.39806635975243	0.028878546188474	0.611535137521342
"LP fibroblast"	4	"EGFR"	-0.965910226548701	8.21127329860235	6.36252837301467	0.0290373512090346	0.611535137521342
"LP fibroblast"	4	"CCT3"	0.937499212216764	7.65602170999276	6.33874930027093	0.0293790723051592	0.611535137521342
"LP fibroblast"	4	"ANTXR2"	-0.725095176707398	8.53810613138605	6.34147222253164	0.029530305970196	0.611535137521342
"LP fibroblast"	4	"TCF25"	0.971010102087222	8.33630150424287	6.29480780977872	0.0300096378551071	0.611535137521342
"LP fibroblast"	4	"PCNX1"	1.12632381190001	7.45397018454076	6.11709869110865	0.0306715346388498	0.611535137521342
"LP fibroblast"	4	"CREB3L2"	-0.804982085388193	8.1436031073355	6.20388434016862	0.0309620505229249	0.611535137521342
"LP fibroblast"	4	"NEGR1"	-0.821752156193836	9.46604692932796	6.18624288948717	0.0311135971838622	0.611535137521342
"LP fibroblast"	4	"ABCC4"	1.26004247237137	8.0176720982371	6.14961414586597	0.0311763970398104	0.611535137521342
"LP fibroblast"	4	"RCAN2"	-1.37929683268316	8.5781044853085	6.2140875481207	0.0313224288209419	0.611535137521342
"LP fibroblast"	4	"LDHA"	0.670925990808732	9.71877969063914	6.12404915114887	0.0317699750296153	0.611535137521342
"LP fibroblast"	4	"EDIL3"	-0.669577198413882	10.6519516364571	6.11042363303959	0.0319204402060755	0.611535137521342
"LP fibroblast"	4	"IGF2"	1.74506981630242	8.71409849503707	6.13095054867228	0.032252477443399	0.611535137521342
"LP fibroblast"	4	"CD82"	1.71210843305041	7.70611677447344	6.03192067384325	0.032371678970032	0.611535137521342
"LP fibroblast"	4	"AEBP1"	1.00038508246488	8.49903968712881	6.06177395209526	0.0327743646651795	0.611535137521342
"LP fibroblast"	4	"FENDRR"	1.11162112767396	8.98765060966788	6.03625458168958	0.033332240351391	0.611535137521342
"LP fibroblast"	4	"TACC1"	-0.795305822824204	8.79162616886375	5.90231877120155	0.0344562450961469	0.611535137521342
"LP fibroblast"	4	"RER1"	1.23842567161165	7.37266161006728	5.85189832056132	0.0345087538946239	0.611535137521342
"LP fibroblast"	4	"TRMT112"	0.90811737962487	8.74031596154213	5.87913366296842	0.0347261218577703	0.611535137521342
"LP fibroblast"	4	"IPO8"	-0.837926155131023	7.77028677983276	5.85633283302918	0.0347285697122222	0.611535137521342
"LP fibroblast"	4	"FZD1"	-0.878876789517366	8.460044007785	5.87946851330987	0.0347466038130159	0.611535137521342
"LP fibroblast"	4	"APEX1"	0.797182565934898	8.129176074582	5.87178542583237	0.0347857853673863	0.611535137521342
"LP fibroblast"	4	"NUCB1"	0.867730444388036	8.43881981632906	5.87576623606803	0.0347944047618723	0.611535137521342
"LP fibroblast"	4	"SCARA5"	-0.767530882732555	10.7553228205618	5.8673488595827	0.0348029852963237	0.611535137521342
"LP fibroblast"	4	"SEPT8"	0.883494108382804	7.63585377483001	5.8404960628866	0.0350461277224198	0.611535137521342
"LP fibroblast"	4	"KLF10"	-0.763463505339281	8.89629710440535	5.81253401121094	0.0352706735864434	0.611535137521342
"LP fibroblast"	4	"CPED1"	-0.885093311479617	7.65848951258186	5.66349426850003	0.0368115524970362	0.614103648277662
"LP fibroblast"	4	"ARFGAP3"	-0.941397084994848	7.59373892996203	5.67357103017327	0.0369560626129582	0.614103648277662
"LP fibroblast"	4	"ABCA6"	-0.837374321345197	8.59115727375748	5.70590866108367	0.0370033733801825	0.614103648277662
"LP fibroblast"	4	"LMAN2"	1.30912722746526	7.42053437635009	5.67902330835687	0.0372514780509346	0.614103648277662
"LP fibroblast"	4	"IFNGR2"	0.838667842502757	7.8996701980439	5.68343787420504	0.0372623492857585	0.614103648277662
"LP fibroblast"	4	"MPHOSPH6"	1.28696022953376	7.35193396257759	5.53404336186828	0.037287594233193	0.614103648277662
"LP fibroblast"	4	"TMEM259"	1.03445744447828	7.69734753120889	5.67907653950045	0.0373736865796596	0.614103648277662
"LP fibroblast"	4	"LSP1"	-0.719472610257969	8.94765864272781	5.66449831120591	0.0375492690403948	0.614103648277662
"LP fibroblast"	4	"C3"	1.17137612820911	9.21998686319106	5.665152333384	0.0380724859522929	0.617704772561119
"LP fibroblast"	4	"PIGR"	-1.24974344647402	8.68056897204202	5.60174880571284	0.0383051962169297	0.617704772561119
"LP fibroblast"	4	"PLAT"	0.842964350114196	10.2190195541806	5.48665775357908	0.0400001847944073	0.625886165199112
"LP fibroblast"	4	"GLIPR1"	1.28346440308092	7.84422941655183	5.50853286134725	0.0401492903939904	0.625886165199112
"LP fibroblast"	4	"EDF1"	0.90343463689155	8.25523731304698	5.4631187107169	0.0403435232273266	0.625886165199112
"LP fibroblast"	4	"SAT1"	0.655473687493141	9.24846254304408	5.45806344562567	0.0404432874002414	0.625886165199112
"LP fibroblast"	4	"KIDINS220"	-0.810622468668118	7.96198314746818	5.4516756093038	0.040477845604195	0.625886165199112
"LP fibroblast"	4	"PROS1"	-0.770773303214688	8.78434046840463	5.44403341464761	0.0407347422420757	0.625886165199112
"LP fibroblast"	4	"ZNHIT1"	1.12681356561035	8.04692843738237	5.4251796686294	0.0414154975797555	0.625886165199112
"LP fibroblast"	4	"PSMA7"	0.800017180224837	7.94428329390397	5.39880706230285	0.0414467648656422	0.625886165199112
"LP fibroblast"	4	"PSMD2"	1.00706951619241	7.65428168601262	5.39774455182913	0.0414531433688479	0.625886165199112
"LP fibroblast"	4	"HSPB6"	-1.03831481994442	8.50019873529309	5.37586680622896	0.042242568242373	0.625886165199112
"LP fibroblast"	4	"F2R"	0.996271036592629	8.8490377991036	5.37643146988028	0.0423246461873262	0.625886165199112
"LP fibroblast"	4	"ATP1A1"	1.04088206915388	7.53269622830721	5.29828371028409	0.0424282875937928	0.625886165199112
"LP fibroblast"	4	"VPS13C"	-0.739506193861473	8.19442542064901	5.29723797924486	0.0427293250547781	0.625886165199112
"LP fibroblast"	4	"SLCO2B1"	-1.06734299620238	7.96259954615027	5.17624972969599	0.0428658634696731	0.625886165199112
"LP fibroblast"	4	"PKM"	0.746786180733096	9.4664085109422	5.2574989903857	0.0435963977123153	0.625886165199112
"LP fibroblast"	4	"SOX4"	0.719557544469827	8.06904014948654	5.2441520006132	0.0438272893056595	0.625886165199112
"LP fibroblast"	4	"VCP"	0.966017562488335	8.15714445912734	5.24264589057259	0.0442069724471056	0.625886165199112
"LP fibroblast"	4	"RYBP"	-0.72293067324431	8.26010254649164	5.2004332924253	0.044599489248449	0.625886165199112
"LP fibroblast"	4	"AKAP12"	-0.840319257930364	8.94168870071443	5.19247883862484	0.0446572221031018	0.625886165199112
"LP fibroblast"	4	"POLE3"	1.13111953409192	7.28179613532031	5.12278074218625	0.0446680521915768	0.625886165199112
"LP fibroblast"	4	"UGCG"	0.686735752593481	8.63186075613922	5.17029371098263	0.0450946810771284	0.625886165199112
"LP fibroblast"	4	"ADAMTSL4"	-0.930172768898449	8.06683974410794	5.11340091273358	0.0458849991475293	0.625886165199112
"LP fibroblast"	4	"RUNX1T1"	-0.823427755787812	8.34481915389053	5.12418266813112	0.0459420522490879	0.625886165199112
"LP fibroblast"	4	"LAMP2"	-0.739120824491556	8.67574232788842	5.12146553925263	0.0459640594279061	0.625886165199112
"LP fibroblast"	4	"TOR1AIP1"	-0.766404718152963	7.82107129864182	5.09904336909963	0.0461980662852978	0.625886165199112
"LP fibroblast"	4	"SKAP2"	-0.986728481431061	7.67349274475664	5.07973638168601	0.0462470899139727	0.625886165199112
"LP fibroblast"	4	"TNPO2"	0.862461073130468	7.60634624677725	5.08728491825565	0.046441229711373	0.625886165199112
"LP fibroblast"	4	"ZBTB7A"	0.706232898715182	8.60315248613121	5.0873979509785	0.0465649533241524	0.625886165199112
"LP fibroblast"	4	"GPAA1"	1.03178735102279	7.89478212340279	5.10410715299407	0.0467087207531405	0.625886165199112
"LP fibroblast"	4	"SLIT3"	-1.02907368077304	7.899894383798	4.98424532304095	0.0473524448022866	0.625886165199112
"LP fibroblast"	4	"ST5"	0.978873530729621	7.99164019204296	5.04858249140878	0.0475655515287662	0.625886165199112
"LP fibroblast"	4	"METTL7A"	-0.778635562526968	9.09766178485165	5.03095210936481	0.0476004395017941	0.625886165199112
"LP fibroblast"	4	"ADD3"	-0.645685427699813	9.64039191701673	5.01496071089602	0.0478291443506423	0.625886165199112
"LP fibroblast"	4	"PLBD1"	-0.875346053648831	7.50626488685915	4.97113196753704	0.0483207517176054	0.625886165199112
"LP fibroblast"	4	"PPP1CB"	-0.705799702858029	8.67140765677901	4.97619974967266	0.0485789540976789	0.625886165199112
"LP fibroblast"	4	"COLEC12"	-0.836693062581707	8.79633837711175	4.96118503641722	0.0487415113737625	0.625886165199112
"LP fibroblast"	4	"CMTM6"	0.778651746446701	8.54700205540595	4.96311790438964	0.0488549478472854	0.625886165199112
"LP fibroblast"	4	"EFCAB14"	-0.662985234045118	8.63747111120802	4.94927599687021	0.0491315245390791	0.625951909321085
"LP fibroblast"	4	"UBE3A"	-0.69848810086159	8.16218691075854	4.92526531445449	0.0495589545882182	0.627928292749622
"LP fibroblast"	4	"TGFBR3"	-1.05121433144153	8.00907192736947	4.89285200924157	0.0502527786830901	0.629943409318715
"LP fibroblast"	4	"SELENOM"	0.965344083315239	8.23281156158098	4.92328324307068	0.0502643483584751	0.629943409318715
"LP fibroblast"	4	"BASP1"	0.631599742574504	9.61749596308581	4.84665793237861	0.0510355746241011	0.636151540990146
"LP fibroblast"	4	"F3"	1.26352943934184	9.17403670147487	4.78775874300805	0.0529002894637753	0.637439137165507
"LP fibroblast"	4	"CD276"	1.01200793812038	7.33583796302751	4.67806673393865	0.0533021170982193	0.637439137165507
"LP fibroblast"	4	"RGS2"	-0.670982164885263	8.81111148872008	4.7266336978434	0.0533896835215348	0.637439137165507
"LP fibroblast"	4	"POMP"	0.86140068015997	8.14250896896568	4.72136126271712	0.0536534893250238	0.637439137165507
"LP fibroblast"	4	"TPI1"	0.823554184258937	9.48671996219303	4.72816969772855	0.0537447274903717	0.637439137165507
"LP fibroblast"	4	"ROMO1"	0.716866586052308	8.11663771965514	4.70206034761042	0.0541340379182319	0.637439137165507
"LP fibroblast"	4	"KPNA6"	0.994896745306589	7.43080897174735	4.67480328033408	0.0541902106301711	0.637439137165507
"LP fibroblast"	4	"TRPA1"	1.3836007876383	7.65813433814595	4.56884611192696	0.0543674095167398	0.637439137165507
"LP fibroblast"	4	"VKORC1"	0.791825053441872	8.49874803464525	4.67994077105193	0.0545849161637062	0.637439137165507
"LP fibroblast"	4	"IGLC2"	1.47458959252617	8.18191693199329	4.69239522206556	0.0548446909653169	0.637439137165507
"LP fibroblast"	4	"FBXL3"	-0.859407212984897	7.54628820804675	4.61952880177179	0.0549511553932752	0.637439137165507
"LP fibroblast"	4	"PDE4B"	0.778271839175649	7.88458358745738	4.62837964235329	0.0550755019517579	0.637439137165507
"LP fibroblast"	4	"SMIM14"	-0.86876560092954	8.70924370090836	4.65074422740745	0.0554866132389905	0.637439137165507
"LP fibroblast"	4	"GRN"	0.659197966360882	9.04174867662751	4.61114929856681	0.0560439845084924	0.637439137165507
"LP fibroblast"	4	"SELENOS"	0.714239402234901	7.99332075730266	4.59781295539082	0.0563749543372737	0.637439137165507
"LP fibroblast"	4	"CD46"	-0.70034013624283	8.11899076048069	4.58140608512963	0.0567896116037335	0.637439137165507
"LP fibroblast"	4	"HLA-F"	0.810751514870448	8.70106529704982	4.57694012443707	0.0568719941356522	0.637439137165507
"LP fibroblast"	4	"STAT1"	0.735501759251587	9.32393902268266	4.57263431851143	0.0569491168941155	0.637439137165507
"LP fibroblast"	4	"CD4"	-0.728907926058417	8.39360583225239	4.50446407424161	0.058525094135097	0.637439137165507
"LP fibroblast"	4	"TAGLN"	1.09435510936093	8.13933009265393	4.53029416755253	0.0586165968223423	0.637439137165507
"LP fibroblast"	4	"ARHGAP5"	-0.711582163155714	8.25580876399656	4.48731218616652	0.0588481656298575	0.637439137165507
"LP fibroblast"	4	"CSNK1E"	0.821714042556967	8.07149441190472	4.46783280934985	0.0593792832274312	0.637439137165507
"LP fibroblast"	4	"CTDSPL"	-0.764586743433905	8.2422725870302	4.46202994611079	0.0595502716939907	0.637439137165507
"LP fibroblast"	4	"MAT2A"	0.651121001658969	8.91509956582821	4.45611304131686	0.0596654372443323	0.637439137165507
"LP fibroblast"	4	"COL7A1"	1.57159513460486	7.46290006038885	4.45527749506424	0.0599707642667782	0.637439137165507
"LP fibroblast"	4	"NOP58"	-0.713176468429054	7.86469800662251	4.43248247330376	0.0601575506205092	0.637439137165507
"LP fibroblast"	4	"RHOB"	-0.65317950066608	10.4085298563112	4.42993155376193	0.0602507688065149	0.637439137165507
"LP fibroblast"	4	"RCN3"	1.34642739635181	7.3421152466286	4.42165465112939	0.060571345371304	0.637439137165507
"LP fibroblast"	4	"CREG1"	-0.709527088708621	8.9970344010285	4.4176979370147	0.0606167620414778	0.637439137165507
"LP fibroblast"	4	"WARS"	0.677737130362012	9.45952383563285	4.40565652093749	0.0608570554729572	0.637439137165507
"LP fibroblast"	4	"PDIA4"	0.821608866201552	7.93834540965522	4.40360953200434	0.0610188123162731	0.637439137165507
"LP fibroblast"	4	"ANGPTL2"	0.656621697474014	8.56764112448784	4.39599869391661	0.0611773247221373	0.637439137165507
"LP fibroblast"	4	"ADH1B"	-0.88227170907998	10.9970375152257	4.41550271109243	0.061230428201466	0.637439137165507
"LP fibroblast"	4	"SNAI2"	-0.657595822948682	8.53215694899421	4.38140253176137	0.0615729108569699	0.637439137165507
"LP fibroblast"	4	"MT2A"	0.694930771668135	8.38072717137625	4.37529151433026	0.0617105453950667	0.637439137165507
"LP fibroblast"	4	"GBP3"	-0.736765063156238	7.74894484161762	4.35639239064915	0.061726985476275	0.637439137165507
"LP fibroblast"	4	"BTBD2"	0.972177972522909	7.27051518530318	4.35655344834048	0.0617431605472637	0.637439137165507
"LP fibroblast"	4	"ANP32A"	-0.701388871740569	7.89899231070964	4.36007373393743	0.0619274873138408	0.637439137165507
"LP fibroblast"	4	"ANAPC5"	0.755332313240776	7.93877307815126	4.3406211358759	0.0626282913693597	0.637439137165507
"LP fibroblast"	4	"PID1"	-0.868544114450867	8.41917010668331	4.31606083383838	0.0628041436490371	0.637439137165507
"LP fibroblast"	4	"COL18A1"	0.957568731756301	9.05395683901171	4.34551277443918	0.0630580767946473	0.637439137165507
"LP fibroblast"	4	"CALM1"	-0.571977713130961	9.64873517330657	4.30690393878444	0.0633619951830792	0.637439137165507
"LP fibroblast"	4	"PDPN"	1.20490884895418	9.31599913619093	4.32758520672842	0.0634957437391749	0.637439137165507
"LP fibroblast"	4	"ALDH9A1"	-0.605626582300124	8.31257336456864	4.30500364406625	0.0635320580906248	0.637439137165507
"LP fibroblast"	4	"SAMD11"	1.04509916084139	7.5068397567679	4.29285271407816	0.0637764898845556	0.637439137165507
"LP fibroblast"	4	"KITLG"	-0.844939371521309	8.35582472505018	4.28802760688749	0.0638544842520521	0.637439137165507
"LP fibroblast"	4	"UXT"	0.844214223954281	7.48556203982284	4.25378612855816	0.0644475168578633	0.640087736893603
"LP fibroblast"	4	"C19orf53"	0.763494738267335	7.73167007902225	4.22770715585471	0.0653532892854543	0.640087736893603
"LP fibroblast"	4	"TMEM214"	0.769769827011194	7.69774700519692	4.2211393542271	0.0653650781136352	0.640087736893603
"LP fibroblast"	4	"RSRP1"	-0.55464779316341	9.15989958683681	4.20294970670631	0.0661668378516882	0.640087736893603
"LP fibroblast"	4	"PMEPA1"	1.09984263849073	7.51429151073809	4.15821959231425	0.0664168965044282	0.640087736893603
"LP fibroblast"	4	"EEF1D"	0.637782633870194	9.92899763773509	4.1837768959129	0.0666544255713432	0.640087736893603
"LP fibroblast"	4	"HIF1A"	0.91276165914455	9.10823019984963	4.20582181952956	0.0667334831038341	0.640087736893603
"LP fibroblast"	4	"LYST"	-0.746167874896229	7.69633762845897	4.17516983068163	0.0667630838554542	0.640087736893603
"LP fibroblast"	4	"TAF7"	-0.83548129568944	7.84741158282301	4.16643019909548	0.0667961774934787	0.640087736893603
"LP fibroblast"	4	"EIF4EBP2"	-0.634696906022838	8.65872437664443	4.17887003944845	0.066895552728256	0.640087736893603
"LP fibroblast"	4	"EPCAM"	-1.291838243071	7.64898285328807	4.0303022301378	0.0681226675540978	0.640200210827388
"LP fibroblast"	4	"HADHB"	0.723793436830944	7.85220313521952	4.1229392944018	0.0683492291426602	0.640200210827388
"LP fibroblast"	4	"GOLGA7"	-0.697086560999707	8.13883560796535	4.12088919137813	0.0684797234923168	0.640200210827388
"LP fibroblast"	4	"P2RY1"	-0.790964802798847	7.77143688578861	4.1019514915273	0.0684852641261039	0.640200210827388
"LP fibroblast"	4	"TGFB1I1"	0.930779666690057	7.66057479087916	4.11577120545556	0.0686987802598532	0.640200210827388
"LP fibroblast"	4	"PPP1CC"	-0.735857595488389	8.66765433882946	4.11347228402021	0.0687517713287349	0.640200210827388
"LP fibroblast"	4	"PHIP"	-0.683479877613401	8.2298444876926	4.11025266760372	0.0688506731505603	0.640200210827388
"LP fibroblast"	4	"RBM26"	-0.716815019865057	7.82297037040233	4.08545685906064	0.0693555785787776	0.640906050711338
"LP fibroblast"	4	"A2M"	-0.54564699183029	12.0374387189109	4.07692295344789	0.0696807067249625	0.640906050711338
"LP fibroblast"	4	"FBLIM1"	0.589436645664578	9.03296036615408	4.07577170143333	0.0697603723887882	0.640906050711338
"LP fibroblast"	4	"EPS8"	-0.689270128159492	7.97537085808896	4.04135207012577	0.0702963231399776	0.643267147463446
"LP fibroblast"	4	"C2"	0.802550996573792	8.69753916140633	4.02938282179513	0.0714941838330907	0.650140548510747
"LP fibroblast"	4	"PCMTD1"	0.702222996383184	7.95173604026703	4.01677338993141	0.0716113180059539	0.650140548510747
"LP fibroblast"	4	"ADAM33"	-0.965525656793079	7.5191397350817	3.8896539021563	0.0722053797757884	0.652963159854777
"LP fibroblast"	4	"EFEMP2"	0.868839047897402	8.0671848641764	3.98538543373031	0.0732688628448623	0.659084259342399
"LP fibroblast"	4	"PPP4R3B"	-0.668402890910342	7.92663273751616	3.93530379434898	0.0739774803507825	0.659084259342399
"LP fibroblast"	4	"CYBRD1"	-0.681725542650027	9.29054971521778	3.92701785516756	0.0743097444660648	0.659084259342399
"LP fibroblast"	4	"NDUFB1"	0.652996397791933	8.22842582837806	3.9238943507689	0.0744710689261517	0.659084259342399
"LP fibroblast"	4	"BGN"	1.08487411737187	7.63190878052491	3.86928204135842	0.0745916315329653	0.659084259342399
"LP fibroblast"	4	"MYL6"	0.611249742081764	10.457012403897	3.91020489939423	0.0747789448751445	0.659084259342399
"LP fibroblast"	4	"CSRP1"	0.687031246242639	8.69845335683969	3.90044895875796	0.0748829470718597	0.659084259342399
"LP fibroblast"	4	"SFTA1P"	-1.21438255363538	7.68707383001737	3.89151720441448	0.0753202785329128	0.660412784398847
"LP fibroblast"	4	"FLNA"	0.757224738501046	8.75669960591587	3.8884785929863	0.0758432553835112	0.662345520928309
"LP fibroblast"	4	"WNT4"	0.837906763693649	8.31848684234373	3.89216585676657	0.0761800551711341	0.662345520928309
"LP fibroblast"	4	"ARHGEF2"	-0.780134895653164	7.47805444695499	3.84173446512374	0.0766463172204088	0.662345520928309
"LP fibroblast"	4	"NR2F2"	-0.790336084883064	9.00714683223437	3.85583087839591	0.0769173723740193	0.662345520928309
"LP fibroblast"	4	"TMEM47"	-0.880426409764955	8.18045567462052	3.84781525514191	0.0771103469266273	0.662345520928309
"LP fibroblast"	4	"CUX1"	0.686099213647126	7.86839208933718	3.82744579515949	0.0776311053308049	0.662345520928309
"LP fibroblast"	4	"SMAD5"	-0.59497134500147	8.38372174655289	3.82692648844938	0.0776320676048576	0.662345520928309
"LP fibroblast"	4	"BMP5"	-0.559239678693141	8.74266648340011	3.81995843939412	0.0778385239252263	0.662345520928309
"LP fibroblast"	4	"TNKS1BP1"	-0.670554298918578	8.04856220294186	3.78415084602275	0.0791034057798548	0.669922749787263
"LP fibroblast"	4	"PRKACA"	0.886943984202684	7.34358494264085	3.75632644263818	0.079313236982698	0.669922749787263
"LP fibroblast"	4	"SEPT9"	0.821797784660515	7.57260540385054	3.75677913952601	0.079760464092074	0.669922749787263
"LP fibroblast"	4	"CERCAM"	0.931670768974854	7.60697689201049	3.75656602834803	0.0801246372727082	0.669922749787263
"LP fibroblast"	4	"GRINA"	0.822639059959423	8.02399235333067	3.7563884695084	0.0801815606857262	0.669922749787263
"LP fibroblast"	4	"RACK1"	0.553992046183006	10.1824827773367	3.73226387296894	0.0807462567146792	0.672205299581409
"LP fibroblast"	4	"USP11"	0.763551762598066	8.11578999294242	3.68306897243724	0.0826756154328067	0.684305867087314
"LP fibroblast"	4	"IFITM3"	0.49745343258701	11.3765640005921	3.67435351205731	0.0827932944134261	0.684305867087314
"LP fibroblast"	4	"COX6B1"	0.710362825532602	8.2934173994828	3.6658082395636	0.083233404711325	0.685486540229698
"LP fibroblast"	4	"AHNAK"	-0.618234813241335	10.3559493869482	3.65252491533086	0.0835970839809533	0.686031585978926
"LP fibroblast"	4	"RAP1A"	-0.69561578591331	7.64319280949378	3.60431233027289	0.0850635111092816	0.687394321443708
"LP fibroblast"	4	"PLTP"	-0.671856185882439	9.7900440906953	3.60950589387536	0.085207229648373	0.687394321443708
"LP fibroblast"	4	"PDGFRB"	0.736045997483541	8.1483630458227	3.61088501392756	0.0852549731446513	0.687394321443708
"LP fibroblast"	4	"HDAC1"	0.728950752015036	7.64390324262883	3.58338053466717	0.085876763281475	0.687394321443708
"LP fibroblast"	4	"TAP1"	0.614845905302252	8.21001549049707	3.59174249756209	0.0860063789800036	0.687394321443708
"LP fibroblast"	4	"AFF4"	-0.672870118046937	7.91916753783543	3.57655558175399	0.0864635437958596	0.687394321443708
"LP fibroblast"	4	"PRDX2"	0.690549677507517	7.91063955184601	3.57340093520727	0.0866426403531291	0.687394321443708
"LP fibroblast"	4	"CNBP"	-0.575741805345815	9.31026002426368	3.5680148605951	0.0868070436633048	0.687394321443708
"LP fibroblast"	4	"NUFIP2"	0.603122227685032	8.32384126401243	3.56920886256858	0.0868681648101543	0.687394321443708
"LP fibroblast"	4	"GLUL"	-0.733561392938822	9.51922916643514	3.56699619461612	0.086892711854602	0.687394321443708
"LP fibroblast"	4	"WLS"	0.644687418464618	8.21008619498589	3.56349036514966	0.0870536726469267	0.687394321443708
"LP fibroblast"	4	"TIMP3"	-0.54494122473951	10.7388597282617	3.54100845626038	0.0878083846870104	0.687394321443708
"LP fibroblast"	4	"PMP22"	-0.495091246878516	10.3997225836194	3.53876597057198	0.0878966527375814	0.687394321443708
"LP fibroblast"	4	"CD164"	-0.641559263629123	8.74634126160521	3.53899212985622	0.0879928204869052	0.687394321443708
"LP fibroblast"	4	"SYF2"	-0.684174414076373	8.20027422033529	3.53221197082461	0.088234483585142	0.687394321443708
"LP fibroblast"	4	"PLAC9"	-0.783894399764188	7.62946256452938	3.46949429430984	0.0887543311921483	0.688711574580055
"LP fibroblast"	4	"TM4SF1"	-0.761714779418295	9.09675971223526	3.52011088618843	0.0890008886491137	0.688711574580055
"LP fibroblast"	4	"CCL7"	0.856199147682629	7.6991508713461	3.49123771607834	0.0895247938174168	0.690448744290847
"LP fibroblast"	4	"CHD3"	0.991224612414907	7.67358051796515	3.48650957838742	0.0906016048710023	0.694065784844909
"LP fibroblast"	4	"GSTA4"	-0.743076109000677	7.57101231792934	3.46725363352937	0.0906108737427745	0.694065784844909
"LP fibroblast"	4	"MOCS2"	-0.600233681848222	8.03010707210373	3.46774237773727	0.0908967333144676	0.694065784844909
"LP fibroblast"	4	"POLR2E"	0.910607765183703	7.26205156004681	3.42767176335078	0.0918177683790905	0.696486712321637
"LP fibroblast"	4	"PHB2"	0.595560239629811	8.21491225871163	3.43433265904821	0.0922211954409721	0.696486712321637
"LP fibroblast"	4	"ZMYND11"	-0.595665559388488	8.15968838770301	3.42066072030353	0.0927918531052296	0.696486712321637
"LP fibroblast"	4	"CCPG1"	-0.602727118349764	8.31120509097344	3.40617472377326	0.0933653957444136	0.696486712321637
"LP fibroblast"	4	"EIF3K"	0.729360483033992	8.31488527839953	3.40419827218572	0.0937823252565985	0.696486712321637
"LP fibroblast"	4	"GNAI2"	0.78093881413889	9.04231661443635	3.38637843938302	0.0948618946755295	0.696486712321637
"LP fibroblast"	4	"ATF4"	0.532139300326684	9.2929156700749	3.35850735290155	0.095317487982353	0.696486712321637
"LP fibroblast"	4	"DPYD"	-0.751332356327822	7.74847797465189	3.34059200705037	0.0955778884522802	0.696486712321637
"LP fibroblast"	4	"NDUFS5"	0.51465404922052	8.63207153774236	3.35155663385878	0.0956690860652489	0.696486712321637
"LP fibroblast"	4	"RB1CC1"	-0.548395971362877	8.45662205334319	3.35039392049003	0.095752369464064	0.696486712321637
"LP fibroblast"	4	"BPTF"	-0.53473109153363	8.8667320559198	3.34957186009634	0.0957603422471649	0.696486712321637
"LP fibroblast"	4	"MRPL33"	-0.648518977624865	7.91336035977869	3.34747111872854	0.0958477254310974	0.696486712321637
"LP fibroblast"	4	"SPTAN1"	0.560539829654816	8.29569609352138	3.34852649444761	0.0958495450118025	0.696486712321637
"LP fibroblast"	4	"P4HB"	0.891418856664765	8.4475435736537	3.36431766004153	0.0958657375922134	0.696486712321637
"LP fibroblast"	4	"CKAP4"	0.515981817159012	8.63918670242083	3.33910721039112	0.09621125272348	0.696486712321637
"LP fibroblast"	4	"ARHGDIA"	1.05369241624509	8.12355020613737	3.34656063699975	0.0964160712896802	0.696486712321637
"LP fibroblast"	4	"CP"	-0.802311116000582	9.33344806977877	3.34650726211318	0.0965899799207281	0.696486712321637
"LP fibroblast"	4	"KCTD10"	0.963875260533949	7.47178246744872	3.32262150477288	0.096948259607444	0.696486712321637
"LP fibroblast"	4	"UBE2G2"	0.671034920314918	7.75432194957184	3.31689550777908	0.0972003051245693	0.696486712321637
"LP fibroblast"	4	"NEMF"	0.631402336569933	7.69680714461095	3.31556523365058	0.0972544325097862	0.696486712321637
"LP fibroblast"	4	"CAVIN1"	0.934545114184379	8.70130948284525	3.31187642836395	0.0981267265605091	0.698536446473632
"LP fibroblast"	4	"PCGF2"	0.975981932412726	7.54421644664626	3.30982542955776	0.0981464911784288	0.698536446473632
"LP fibroblast"	4	"C16orf58"	-0.630846737132235	7.68371503220729	3.28280610619351	0.0986258700824208	0.699788481261731
"LP fibroblast"	4	"GIGYF1"	0.599175463866833	7.85348988772845	3.26881489430084	0.0992245834667404	0.701876961577617
"LP fibroblast"	4	"SSU72"	0.551653379001944	8.26992836320941	3.25837317123242	0.099770797003853	0.703582440033288
"LP fibroblast"	4	"PLAU"	0.805992676055663	9.36303286546303	3.25501659274267	0.100620500212099	0.70741119966189
"LP fibroblast"	4	"NCOA7"	0.939566522197677	9.39182155125087	3.223374431043	0.102049349630764	0.713650303801282
"LP fibroblast"	4	"RIF1"	-0.680001490171007	7.82190631523949	3.19791812744801	0.102126886493679	0.713650303801282
"LP fibroblast"	4	"GPBP1"	-0.549972959424097	8.27361671045652	3.14337615866476	0.105279234469266	0.727634225468801
"LP fibroblast"	4	"CCNG1"	-0.687165923424761	7.64820724193084	3.1392784062719	0.10530690156973	0.727634225468801
"LP fibroblast"	4	"NPEPPS"	-0.565839183606296	8.23714836121123	3.11570155699983	0.10660995169414	0.727634225468801
"LP fibroblast"	4	"EMP3"	0.711734866519806	8.60176946729144	3.12098185135991	0.106623051317685	0.727634225468801
"LP fibroblast"	4	"NARS"	-0.693119901864279	7.88457346946149	3.11353760417971	0.106638197986152	0.727634225468801
"LP fibroblast"	4	"PSMB8"	0.871311096016197	7.32098666465679	3.10415184962594	0.106813736726338	0.727634225468801
"LP fibroblast"	4	"DR1"	-0.618907731871226	7.72388874203116	3.10018775273121	0.107141449833903	0.727634225468801
"LP fibroblast"	4	"SDF4"	0.649212033252834	8.06556750996558	3.09527767759409	0.107340006360258	0.727634225468801
"LP fibroblast"	4	"ANKRD10"	0.620532885756677	7.85619878943528	3.093958038011	0.107768049434278	0.727634225468801
"LP fibroblast"	4	"HES1"	-0.833272368280125	9.25751663274346	3.09945849163098	0.107916464354385	0.727634225468801
"LP fibroblast"	4	"SEMA6D"	-0.856516162915761	7.46600709182594	3.04461799591186	0.109023526478562	0.727634225468801
"LP fibroblast"	4	"ABI1"	-0.800033779941885	7.56144676470204	3.051976028987	0.109073970958053	0.727634225468801
"LP fibroblast"	4	"CTNNA1"	0.768538375983746	7.94190109497747	3.06108762093032	0.109691272642453	0.727634225468801
"LP fibroblast"	4	"OXA1L"	-0.541463802389447	8.42707877292703	3.04776963621991	0.110050873926783	0.727634225468801
"LP fibroblast"	4	"ACSL4"	0.688110981867523	8.32600395794898	3.04510220990566	0.110091812649188	0.727634225468801
"LP fibroblast"	4	"SP1"	-0.610142160186597	8.14508541914853	3.04414566088359	0.110305113232284	0.727634225468801
"LP fibroblast"	4	"ZCCHC24"	0.525799603038223	8.89886364975406	3.04168061429107	0.11032723737312	0.727634225468801
"LP fibroblast"	4	"SLC25A39"	0.909257469903888	7.60884774817445	3.04567842845933	0.110357419337614	0.727634225468801
"LP fibroblast"	4	"ATP2B1"	-0.619695279674752	7.88516319463172	3.03378110788058	0.110573374145674	0.727634225468801
"LP fibroblast"	4	"HSPA1B"	-0.981372943177586	10.5023733189184	3.04853848281731	0.110661276671105	0.727634225468801
"LP fibroblast"	4	"HMGN2"	-0.572492014612967	10.1782860787171	3.03127844457928	0.110795351554707	0.727634225468801
"LP fibroblast"	4	"NDUFS2"	0.614558833529674	7.97295485120773	3.01404933680764	0.111780021053735	0.727634225468801
"LP fibroblast"	4	"BHLHE40"	0.759851345073262	7.85891810318182	2.99476100448746	0.111898324592961	0.727634225468801
"LP fibroblast"	4	"CLSTN3"	1.09334014867	7.4389924982471	2.99831197309921	0.112284944120605	0.727634225468801
"LP fibroblast"	4	"RRBP1"	0.637928161970031	10.035823725771	3.00614552248718	0.112423858382618	0.727634225468801
"LP fibroblast"	4	"SEPT7"	-0.469172408006972	9.3457362612626	2.98456569612262	0.113294176493451	0.727634225468801
"LP fibroblast"	4	"DTX3"	0.840613374730131	7.66446580441482	2.99175948302616	0.113305838427686	0.727634225468801
"LP fibroblast"	4	"CTSL"	0.619065075142752	8.26510029359196	2.98635688650425	0.113314502640343	0.727634225468801
"LP fibroblast"	4	"CTSB"	0.466311825274755	10.6431456413776	2.98179688613383	0.113403072047205	0.727634225468801
"LP fibroblast"	4	"VAMP3"	-0.718462390060831	7.93111133452041	2.97805677207169	0.113594241616985	0.727634225468801
"LP fibroblast"	4	"RAP2A"	-0.770513431779741	7.79467650613827	2.95099287376926	0.114746529129358	0.729718168747405
"LP fibroblast"	4	"LTBP2"	-0.817695178681379	9.008322308365	2.95876827674585	0.115456271799342	0.729718168747405
"LP fibroblast"	4	"MRPS21"	0.785554890920573	7.39135265045982	2.94136830731226	0.115471446148029	0.729718168747405
"LP fibroblast"	4	"FOXP1"	0.53561279015355	8.07479946545162	2.93601083003921	0.116048337540175	0.729718168747405
"LP fibroblast"	4	"CCL13"	-1.02525736694626	10.3387569841313	2.94421845703733	0.11616869617576	0.729718168747405
"LP fibroblast"	4	"FUBP1"	-0.577881475144852	8.03494104000566	2.92925404392289	0.116397551838773	0.729718168747405
"LP fibroblast"	4	"ITGAV"	0.511305355904792	8.54996997288041	2.92859611091945	0.116405215112167	0.729718168747405
"LP fibroblast"	4	"LTBP4"	-0.498744181435202	10.486210117179	2.92603720048826	0.116451121465328	0.729718168747405
"LP fibroblast"	4	"PTGFRN"	-0.532467363242335	8.63824283939484	2.91025364984043	0.117441031576211	0.733683702770116
"LP fibroblast"	4	"CFH"	-0.459622982485824	10.932008716683	2.89773325326537	0.118022240439863	0.733683702770116
"LP fibroblast"	4	"MFAP4"	-0.510671599796052	11.6877692376142	2.89651054663524	0.118088563462079	0.733683702770116
"LP fibroblast"	4	"TUFM"	0.872500071817314	7.75305574328813	2.89678967904475	0.118838503737211	0.733683702770116
"LP fibroblast"	4	"SF3B4"	0.602574299246555	7.76228787591296	2.87849699946463	0.119173446972872	0.733683702770116
"LP fibroblast"	4	"ZEB2"	-0.700535505168185	9.67379705198234	2.87897435527693	0.119853976973059	0.733683702770116
"LP fibroblast"	4	"COL14A1"	-0.578009505929369	10.4868353985756	2.86151125459438	0.120090019376686	0.733683702770116
"LP fibroblast"	4	"DUT"	-0.519662486387429	8.41596442394748	2.85480048904748	0.120630764161444	0.733683702770116
"LP fibroblast"	4	"FAM210B"	-0.545640893577837	8.23075502190585	2.85332229840513	0.120725724751174	0.733683702770116
"LP fibroblast"	4	"SOD2"	0.655291254491757	9.67564676023078	2.85511196686099	0.120781734345269	0.733683702770116
"LP fibroblast"	4	"FERMT2"	0.625794506490735	8.12090958998389	2.84892652601768	0.121000555419538	0.733683702770116
"LP fibroblast"	4	"TJP1"	-0.751975587649453	7.45617621682112	2.83438134628032	0.121044546399936	0.733683702770116
"LP fibroblast"	4	"PACS1"	1.05313512817839	7.38558580530317	2.82374481169348	0.121528175275045	0.733683702770116
"LP fibroblast"	4	"USP7"	0.502600811405048	8.15565721187772	2.83480424545618	0.121807036143924	0.733683702770116
"LP fibroblast"	4	"PBX2"	0.776425367678223	7.49045542806051	2.82775212063234	0.122025406515129	0.733683702770116
"LP fibroblast"	4	"TRIM28"	0.714747549666667	7.85187794353566	2.81254585898824	0.122976313933097	0.733683702770116
"LP fibroblast"	4	"FAM129B"	0.978767195326918	7.92035207377352	2.82191082894835	0.123227044037621	0.733683702770116
"LP fibroblast"	4	"TBL1XR1"	-0.576958389746209	7.74582583855013	2.7990209759831	0.123639580370002	0.733683702770116
"LP fibroblast"	4	"MXRA5"	-0.450235164170753	10.381639257327	2.80037649201521	0.123679059219919	0.733683702770116
"LP fibroblast"	4	"CAVIN3"	0.667490801463032	7.97763445225571	2.80307984112523	0.123700930862833	0.733683702770116
"LP fibroblast"	4	"PDCD6IP"	-0.735063138560954	7.68970065363344	2.77786572894458	0.124865310425805	0.733683702770116
"LP fibroblast"	4	"SPON2"	0.604606819094848	9.68574661363056	2.77905991197252	0.124984549061398	0.733683702770116
"LP fibroblast"	4	"SCD5"	-0.580824575673535	8.02086862024848	2.77929015290357	0.125069472245389	0.733683702770116
"LP fibroblast"	4	"PDLIM7"	0.710042338167599	8.34510550949415	2.78293496820887	0.125597859278645	0.733683702770116
"LP fibroblast"	4	"IPO7"	0.689389123857609	8.26228252274937	2.77563292105387	0.12562395338545	0.733683702770116
"LP fibroblast"	4	"EMC4"	-0.503155322723675	8.27204592314243	2.77015377022381	0.125671153519656	0.733683702770116
"LP fibroblast"	4	"KMT2E"	-0.478475065708416	9.0985223611092	2.76686677532624	0.12575740260278	0.733683702770116
"LP fibroblast"	4	"STAT3"	0.539047491554907	8.80203323166966	2.76323593302195	0.125992517908485	0.733683702770116
"LP fibroblast"	4	"HSPH1"	0.785997147237572	8.49571757353442	2.74138369139024	0.128111368389838	0.738284276224572
"LP fibroblast"	4	"PSME3"	0.635392367519937	7.90279890965591	2.72739792926523	0.128185578943728	0.738284276224572
"LP fibroblast"	4	"PTBP3"	-0.628005824246663	7.58675938399898	2.70396635870635	0.128808042978278	0.738284276224572
"LP fibroblast"	4	"CD302"	-0.504121689853615	9.42628173516778	2.71722410715915	0.128818414675357	0.738284276224572
"LP fibroblast"	4	"WAC"	-0.514627297392427	8.97015534588043	2.7130443892341	0.129115420489656	0.738284276224572
"LP fibroblast"	4	"JDP2"	1.06332196961746	7.50482672969492	2.69787737187328	0.129404734968705	0.738284276224572
"LP fibroblast"	4	"UBR4"	0.601578648131644	7.91400113425062	2.70521457240121	0.12968319138012	0.738284276224572
"LP fibroblast"	4	"RARRES3"	0.735346009511294	8.44239315110463	2.71134100935659	0.130013947844591	0.738284276224572
"LP fibroblast"	4	"FABP5"	-0.873899418946812	10.0549928990204	2.70477963184508	0.130309187408253	0.738284276224572
"LP fibroblast"	4	"POLR2L"	0.89935269687863	7.7822114671146	2.7028687554442	0.130463960147674	0.738284276224572
"LP fibroblast"	4	"UBE2E1"	-0.704338669849895	7.60122173728609	2.67659827437126	0.131270584947935	0.738284276224572
"LP fibroblast"	4	"CLCN3"	-0.633076940690669	7.40772261662095	2.64443485390093	0.13173004138734	0.738284276224572
"LP fibroblast"	4	"SERINC1"	-0.481018267970155	8.97895454963093	2.67143982067888	0.131775062698623	0.738284276224572
"LP fibroblast"	4	"HLA-A"	0.37570044598581	11.7176472922181	2.66991078514489	0.131792264304437	0.738284276224572
"LP fibroblast"	4	"ABI2"	-0.594720551035381	7.84284277856586	2.66330990816886	0.132188598180234	0.738284276224572
"LP fibroblast"	4	"EIF4G3"	0.77434600183614	7.79805853049622	2.6704745458444	0.132220772766571	0.738284276224572
"LP fibroblast"	4	"FHL1"	-0.452464411547011	9.70712028035309	2.66234629322367	0.132309022635937	0.738284276224572
"LP fibroblast"	4	"COPE"	0.818740439663372	7.37277391943324	2.64890699261956	0.132591196498573	0.738284276224572
"LP fibroblast"	4	"CRYBG3"	-0.546538823502728	9.49117231499586	2.65408104668586	0.132865557082913	0.738284276224572
"LP fibroblast"	4	"DCN"	-0.367132453290557	12.0981284494859	2.64169095920388	0.133636913502081	0.739217753246356
"LP fibroblast"	4	"NFIB"	-0.725681323768827	8.14484405400025	2.64824425573886	0.133855323581884	0.739217753246356
"LP fibroblast"	4	"ZNF532"	-0.601984958795997	7.78372900183332	2.63451090906728	0.134115957147192	0.739217753246356
"LP fibroblast"	4	"TBC1D2B"	0.600055123388465	8.11749434060685	2.63305614754276	0.134315801652308	0.739217753246356
"LP fibroblast"	4	"PFN1"	0.590151397500999	10.419775727752	2.62213940188192	0.135249429779796	0.740444181931377
"LP fibroblast"	4	"ENO1"	0.494072383412972	8.83016524564726	2.61572763078542	0.135446318816525	0.740444181931377
"LP fibroblast"	4	"AKR1B1"	-0.543533789085067	8.46520733913579	2.61164990172741	0.135775340583717	0.740444181931377
"LP fibroblast"	4	"CD74"	0.492024662715913	10.0429816708436	2.60953619237292	0.13582302209756	0.740444181931377
"LP fibroblast"	4	"GLG1"	-0.487098998973747	8.99806743456814	2.59486501950178	0.13684867695894	0.744276059121026
"LP fibroblast"	4	"PLD3"	0.747398459805523	8.07533567822519	2.5844265820486	0.137915734431641	0.746965361179563
"LP fibroblast"	4	"FAM32A"	0.649538348874225	7.46251479531842	2.56685441427953	0.138212015067401	0.746965361179563
"LP fibroblast"	4	"GSTP1"	0.864871788929326	8.82251172290901	2.5841519767434	0.138314921606103	0.746965361179563
"LP fibroblast"	4	"ADGRA2"	-0.539067907531129	8.2301932889601	2.5606192758869	0.13912107454247	0.74884919883317
"LP fibroblast"	4	"GPC6"	-0.500868098121027	9.11377773409782	2.55662717319503	0.139477424482004	0.74884919883317
"LP fibroblast"	4	"HNRNPR"	0.526585040577279	8.35867646439254	2.55525702242667	0.139637968559524	0.74884919883317
"LP fibroblast"	4	"YWHAQ"	-0.441198738105811	9.14610918825053	2.54824411300808	0.140044840162543	0.749288634373142
"LP fibroblast"	4	"PHACTR2"	-0.447398771477868	8.85470134127976	2.52859502519049	0.141460281577242	0.755109743789628
"LP fibroblast"	4	"PPIB"	0.601580954456374	9.00380908023497	2.52569686470201	0.141940419370261	0.755922880064256
"LP fibroblast"	4	"HSPA1A"	-0.604222355733305	11.01234443825	2.52612951862907	0.142281255361586	0.755992107981143
"LP fibroblast"	4	"NUDT4"	-0.509029713905815	8.59908734323929	2.50508197328618	0.143183854581763	0.757935058935472
"LP fibroblast"	4	"SSR3"	0.475443855961562	8.15389543038889	2.50382916379064	0.143304286945302	0.757935058935472
"LP fibroblast"	4	"MARCKS"	-0.802289191707429	8.67683539623487	2.48161230417899	0.144102820585512	0.758002844333535
"LP fibroblast"	4	"ZYX"	0.646911289097579	8.16453119672666	2.49557281606032	0.144162192687075	0.758002844333535
"LP fibroblast"	4	"FXYD6"	-0.78495074352771	7.97563344501807	2.46786316935791	0.144374333566559	0.758002844333535
"LP fibroblast"	4	"ATP5PO"	0.869484476225787	7.53698403622665	2.49234837831177	0.144631939074916	0.758002844333535
"LP fibroblast"	4	"IFITM2"	0.450155855807794	10.640876737509	2.46471604875279	0.145991522092183	0.761412080101908
"LP fibroblast"	4	"CDC42EP1"	0.612512601259301	8.16737774131403	2.46664285586106	0.146017552238277	0.761412080101908
"LP fibroblast"	4	"OSMR"	0.560925628739152	8.51413472940471	2.46238510357953	0.146273005847851	0.761412080101908
"LP fibroblast"	4	"DTX4"	-0.611682996160985	8.21416395053962	2.45346610679248	0.14700390660069	0.762893631039053
"LP fibroblast"	4	"H3F3B"	-0.433720037471008	10.8392019640981	2.443124651744	0.147598036053298	0.762893631039053
"LP fibroblast"	4	"ZNF106"	-0.585935405003556	8.73933884058851	2.44116409661954	0.147829353025174	0.762893631039053
"LP fibroblast"	4	"CCDC50"	0.748154414617008	7.80320949336427	2.4493799506954	0.148069124523641	0.762893631039053
"LP fibroblast"	4	"SOD3"	-0.540543001446401	10.344695236574	2.43441009528193	0.148305438834987	0.762893631039053
"LP fibroblast"	4	"ELOC"	0.759768094655711	7.65785744116872	2.4282514561171	0.149081576533844	0.762893631039053
"LP fibroblast"	4	"KHDRBS3"	-0.719015348644498	7.56414242062438	2.41562489334155	0.149192336295567	0.762893631039053
"LP fibroblast"	4	"PURB"	0.519204153425256	7.81218091458033	2.42394720879382	0.14920426175135	0.762893631039053
"LP fibroblast"	4	"BTBD1"	0.70242796245936	7.3253317382579	2.4077302142821	0.150095138122971	0.765750859538875
"LP fibroblast"	4	"HSBP1"	0.466198238131165	8.49628393987516	2.39581236879381	0.151335795962773	0.766060006720511
"LP fibroblast"	4	"NUCB2"	0.681215429807346	8.0334341875029	2.39027527927251	0.152004761213534	0.766060006720511
"LP fibroblast"	4	"SERF2"	0.659732399623715	10.2529523204814	2.39294517328272	0.152136417184363	0.766060006720511
"LP fibroblast"	4	"DCTD"	0.571963372311164	7.84906168880923	2.38470985030365	0.152195375757377	0.766060006720511
"LP fibroblast"	4	"PAM"	-0.558239244462074	9.37039661095943	2.38276866613915	0.152250290776289	0.766060006720511
"LP fibroblast"	4	"PLOD1"	0.8886750066534	7.87920171416525	2.38583916334594	0.152592361460127	0.766060006720511
"LP fibroblast"	4	"MTCH1"	0.409750833303958	9.13373745312001	2.37788425830436	0.152628295093009	0.766060006720511
"LP fibroblast"	4	"ENAH"	0.464144848711844	8.28153200323388	2.37515573584807	0.152962737214665	0.766060006720511
"LP fibroblast"	4	"P2RY14"	-0.519055580267084	9.221287362084	2.36998240275889	0.153264062869451	0.766060006720511
"LP fibroblast"	4	"TSKU"	0.89006582174852	7.65955819817023	2.37579132860733	0.153477763705497	0.766060006720511
"LP fibroblast"	4	"MFGE8"	0.70879146495024	9.20829448250725	2.3581067465967	0.154924788563912	0.766466024160471
"LP fibroblast"	4	"PKIG"	0.501315474002063	8.38756734573623	2.34660308493766	0.15519014301771	0.766466024160471
"LP fibroblast"	4	"LOXL1"	-0.50188941073935	8.00961416846357	2.33760751364161	0.155625130108042	0.766466024160471
"LP fibroblast"	4	"CSNK2B"	0.545378544784672	8.36159961520004	2.33874726699888	0.155819258674063	0.766466024160471
"LP fibroblast"	4	"SH3D19"	-0.570777010602444	7.79731509660835	2.33179315542004	0.156329382430407	0.766466024160471
"LP fibroblast"	4	"TCF12"	-0.50313254744022	7.9487325935905	2.32568522493536	0.156855901708946	0.766466024160471
"LP fibroblast"	4	"TIAL1"	-0.452080496088855	8.32173341276456	2.32611645591782	0.156861578776012	0.766466024160471
"LP fibroblast"	4	"FSTL1"	0.448981196865857	10.4894029198289	2.32284510086489	0.156965761223647	0.766466024160471
"LP fibroblast"	4	"PCDH19"	-0.600475399073308	8.60584576769083	2.31767897228297	0.157208883189069	0.766466024160471
"LP fibroblast"	4	"DEK"	-0.486460840299554	8.70717327122696	2.31756193678375	0.157511060217413	0.766466024160471
"LP fibroblast"	4	"TMEM59"	-0.43929800538052	9.20297307801851	2.31538929914127	0.157626779206831	0.766466024160471
"LP fibroblast"	4	"RAB31"	0.507337544096042	8.52793587170111	2.31384911911603	0.15783246338243	0.766466024160471
"LP fibroblast"	4	"MORF4L2"	0.521244257195915	8.3667692353807	2.30685690748265	0.158423251784949	0.766466024160471
"LP fibroblast"	4	"CREBBP"	-0.530468525650541	7.8765019540806	2.30468446796854	0.158449687541467	0.766466024160471
"LP fibroblast"	4	"MPZL1"	0.495899065763385	8.05651031054683	2.30222498192379	0.158824036572016	0.766466024160471
"LP fibroblast"	4	"QSOX1"	0.429227596936696	9.80234630350016	2.29958225188568	0.15887717239753	0.766466024160471
"LP fibroblast"	4	"COX4I1"	0.472556948437235	9.08573042292915	2.29182701483254	0.159552144620754	0.766678029067332
"LP fibroblast"	4	"TRAPPC2L"	0.957360558850048	7.43430449332788	2.28584529329025	0.159586059823209	0.766678029067332
"LP fibroblast"	4	"TPM4"	0.411963522191426	10.6683436124601	2.2839461779622	0.160156134459991	0.767817143585738
"LP fibroblast"	4	"XAF1"	0.419218941463844	9.04263741528972	2.27412825118803	0.161029160921822	0.768902818086237
"LP fibroblast"	4	"FGF7"	-0.482414834006034	8.67817954457975	2.27469367327839	0.16104946276481	0.768902818086237
"LP fibroblast"	4	"GNAQ"	-0.448691196801788	8.36937765900711	2.26410325088976	0.161960908845521	0.770511063049804
"LP fibroblast"	4	"S100A13"	0.588467801380408	8.08791310466177	2.26072852618614	0.162054581777604	0.770511063049804
"LP fibroblast"	4	"MDK"	0.566890356124791	7.75658200403104	2.25095872939349	0.163075987078793	0.77313844752462
"LP fibroblast"	4	"MRPL57"	0.589044716722215	7.72064435809882	2.24761593436815	0.163277720704462	0.77313844752462
"LP fibroblast"	4	"STX16"	0.517177717087589	7.83376419241307	2.23683534599126	0.164338600283298	0.775179350314686
"LP fibroblast"	4	"MLF2"	0.454961981927277	8.53534044901284	2.23522258545833	0.164381050435335	0.775179350314686
"LP fibroblast"	4	"RAB11B"	0.412166849407322	9.12947915974812	2.22779207865655	0.164961479207477	0.776159971853753
"LP fibroblast"	4	"MTA2"	0.768725772905057	7.47182981708078	2.20932739162183	0.165304968758194	0.776159971853753
"LP fibroblast"	4	"SF3B1"	-0.481434146379462	8.92580367491838	2.21637328567293	0.165978372849225	0.776159971853753
"LP fibroblast"	4	"NTAN1"	-0.61974058872716	7.556274866355	2.20873052107855	0.166193519765594	0.776159971853753
"LP fibroblast"	4	"RBM3"	0.417813854230236	8.95966116150028	2.21165706197139	0.166367138039665	0.776159971853753
"LP fibroblast"	4	"DNAJB1"	-0.769365619197965	9.91892645233961	2.21230182440584	0.16687385389524	0.776159971853753
"LP fibroblast"	4	"GPX3"	-0.761477227356953	10.3158285777317	2.20283986937347	0.167812003420578	0.776159971853753
"LP fibroblast"	4	"TMCO1"	-0.523900612897568	8.14650668984374	2.19075990371289	0.168308670868407	0.776159971853753
"LP fibroblast"	4	"ARHGAP1"	0.534855437837974	7.74562606609928	2.18642993626039	0.168656260990913	0.776159971853753
"LP fibroblast"	4	"TSPAN3"	0.430022241986211	8.32681612102797	2.18236185862968	0.169060237060734	0.776159971853753
"LP fibroblast"	4	"SEMA4B"	0.640942912266289	7.31690860139085	2.17618624844305	0.169064744103538	0.776159971853753
"LP fibroblast"	4	"TLN1"	0.485218411013031	9.01752559367967	2.18107726619039	0.16906569295016	0.776159971853753
"LP fibroblast"	4	"TXNDC15"	-0.472332425625593	8.05939302000414	2.1765371099953	0.169534470917617	0.776159971853753
"LP fibroblast"	4	"KLF4"	-1.11119101069778	9.23912034965886	2.17060794435694	0.169651945560319	0.776159971853753
"LP fibroblast"	4	"PXK"	-0.522896142528972	8.32976582024249	2.17551952228768	0.169676463074785	0.776159971853753
"LP fibroblast"	4	"PTPRA"	-0.45861747630424	8.26080282497251	2.16962845053177	0.169974321676559	0.776159971853753
"LP fibroblast"	4	"PRR13"	-0.480956675370366	8.09369202461336	2.1600537101395	0.171090471179888	0.778312440460589
"LP fibroblast"	4	"PLXDC2"	-0.482731167790588	8.88286068287435	2.15143670198206	0.171767881068557	0.778312440460589
"LP fibroblast"	4	"ILF3"	0.452601658915724	8.08279720671735	2.15077748641578	0.171920574257093	0.778312440460589
"LP fibroblast"	4	"GDE1"	0.598512487233598	7.74613506280387	2.14902897931999	0.172074216830221	0.778312440460589
"LP fibroblast"	4	"LAMTOR5"	0.53654369779934	7.58806392483907	2.13071465557968	0.173020645762936	0.778312440460589
"LP fibroblast"	4	"PRDX3"	-0.471211324483085	7.90242335455428	2.12685656107879	0.174097022507523	0.778312440460589
"LP fibroblast"	4	"PHLDA1"	0.605883789801269	9.8343552267786	2.13283693712814	0.174111744047422	0.778312440460589
"LP fibroblast"	4	"ABCA1"	-0.65937470636402	8.77333300473411	2.12742603595124	0.174713820776639	0.778312440460589
"LP fibroblast"	4	"RBBP7"	-0.491872472180576	8.31672804122537	2.1199907973301	0.174741883479243	0.778312440460589
"LP fibroblast"	4	"REV3L"	-0.584586063943202	8.79566119916018	2.10920458986203	0.175987897346573	0.778312440460589
"LP fibroblast"	4	"ARF4"	0.412872549635468	9.10991240573863	2.10236395916997	0.17625927800243	0.778312440460589
"LP fibroblast"	4	"TSPYL1"	-0.516822254230971	7.67808418508234	2.09659910647926	0.176302625561516	0.778312440460589
"LP fibroblast"	4	"MKNK2"	0.516654794516738	8.01900393995575	2.09942440125821	0.176653203055905	0.778312440460589
"LP fibroblast"	4	"PAPSS1"	-0.509651435815139	7.76175117654922	2.08615422973557	0.177770569184722	0.778312440460589
"LP fibroblast"	4	"SHISA5"	0.61738175849334	8.77503680039669	2.0872831454449	0.178425865568495	0.778312440460589
"LP fibroblast"	4	"RAB1B"	0.651716672888238	8.00916084761126	2.08494594588731	0.178716181467456	0.778312440460589
"LP fibroblast"	4	"MKLN1"	-0.46648592500477	7.91340199446376	2.07333576109943	0.17882419867006	0.778312440460589
"LP fibroblast"	4	"TWIST2"	-0.572729011750444	7.4304428649583	2.062508248403	0.179428014918353	0.778312440460589
"LP fibroblast"	4	"CEP350"	-0.597739058797037	7.8519939156545	2.06635164425199	0.179550431530957	0.778312440460589
"LP fibroblast"	4	"WBP2"	0.568322804772982	7.61704314568553	2.06120093816081	0.180222866283024	0.778312440460589
"LP fibroblast"	4	"MAVS"	0.723302842213454	7.61869116467826	2.05436871820466	0.18072005029798	0.778312440460589
"LP fibroblast"	4	"MAN1C1"	-0.612728465103045	7.9264806771728	2.04735803270293	0.181388126272926	0.778312440460589
"LP fibroblast"	4	"LDHB"	0.538924607143328	7.53578592869839	2.04529880793511	0.181612927542962	0.778312440460589
"LP fibroblast"	4	"SLC40A1"	-0.598457234083857	8.42043948963831	2.04457055124408	0.182131232117376	0.778312440460589
"LP fibroblast"	4	"SLFN11"	-0.629233333940702	7.46415609764905	2.02501395442545	0.182899892658784	0.778312440460589
"LP fibroblast"	4	"TNFAIP2"	-0.438676535245203	8.89993429753126	2.03010298384343	0.183296867867279	0.778312440460589
"LP fibroblast"	4	"RIPOR3"	0.553266607882688	7.57923171490261	2.02607212433759	0.183535306617077	0.778312440460589
"LP fibroblast"	4	"CARHSP1"	0.628980546106602	7.60322850648694	2.0142765116269	0.184567790949433	0.778312440460589
"LP fibroblast"	4	"SGCE"	-0.454202005207939	9.19651161963529	2.01345455892464	0.184902428672285	0.778312440460589
"LP fibroblast"	4	"IRF1"	0.830767883721883	9.31520295301111	2.01825325098485	0.185125267841679	0.778312440460589
"LP fibroblast"	4	"LIFR"	-0.467949690465792	8.20029184347784	2.01155286700747	0.18515479797738	0.778312440460589
"LP fibroblast"	4	"GSTM3"	-0.457831838172928	7.91821729763204	2.00046210811129	0.185581021990109	0.778312440460589
"LP fibroblast"	4	"MMD"	0.638567277847853	7.60768918065003	1.99461057778769	0.185758473967125	0.778312440460589
"LP fibroblast"	4	"KDM6B"	0.587392339501183	7.79759633165394	1.99911205797128	0.185786207322884	0.778312440460589
"LP fibroblast"	4	"IL15RA"	0.733449615476039	7.40994855887753	1.99902088056479	0.186163540232437	0.778312440460589
"LP fibroblast"	4	"LAMB1"	-0.354119779583953	10.9264105234898	1.99174182638981	0.187038577353661	0.778312440460589
"LP fibroblast"	4	"EIF4A2"	-0.44442866676598	9.83192119368649	1.98998096151734	0.187235391492265	0.778312440460589
"LP fibroblast"	4	"MYL9"	0.885852217687642	8.64391790449128	1.99115568901046	0.187897015566052	0.778312440460589
"LP fibroblast"	4	"SRSF6"	0.452775806652732	8.52085458731949	1.98350471863075	0.187995558010391	0.778312440460589
"LP fibroblast"	4	"IER3"	0.694744301494482	9.0714282856097	1.95980957164439	0.188371483443409	0.778312440460589
"LP fibroblast"	4	"S100A11"	0.37868605323967	9.79362592313487	1.97275374685092	0.188997364774524	0.778312440460589
"LP fibroblast"	4	"EAPP"	-0.586161009200987	7.57189399637002	1.96092955790267	0.190083623341737	0.778312440460589
"LP fibroblast"	4	"KLHL24"	-0.62341029514578	7.41156582614052	1.94425146190599	0.190727549609686	0.778312440460589
"LP fibroblast"	4	"OGA"	-0.47490467184601	8.04798779565902	1.95626123338508	0.19084272949268	0.778312440460589
"LP fibroblast"	4	"FBLN1"	-0.347072161223152	11.3893924142453	1.95030020040647	0.191314339569311	0.778312440460589
"LP fibroblast"	4	"PEA15"	0.434041854327746	9.10974802389436	1.94705739505613	0.191695351761588	0.778312440460589
"LP fibroblast"	4	"LRP10"	0.405228038153654	8.43723371997064	1.94709185838034	0.191772239432953	0.778312440460589
"LP fibroblast"	4	"ZFP36L2"	-0.42882206753247	10.2658520132037	1.93944048486223	0.19246535216574	0.778312440460589
"LP fibroblast"	4	"DNAJC1"	0.607416738638378	7.54293895646207	1.93823007844284	0.192503627699705	0.778312440460589
"LP fibroblast"	4	"CNOT1"	-0.531917581506107	7.76999879779985	1.93942844298524	0.192506740515138	0.778312440460589
"LP fibroblast"	4	"VDAC1"	-0.660442404454027	7.5777655655649	1.93640046659815	0.192507709772581	0.778312440460589
"LP fibroblast"	4	"SMC3"	-0.539760591658077	7.67588343835629	1.92345954673679	0.194044518561322	0.778312440460589
"LP fibroblast"	4	"CLIC1"	0.871664379255805	7.32727553661875	1.9201406221485	0.194103881402681	0.778312440460589
"LP fibroblast"	4	"PIK3R1"	-0.465596428575993	7.98533351299805	1.9136862283363	0.194567933121868	0.778312440460589
"LP fibroblast"	4	"NLGN2"	0.605732124061071	7.49368744254428	1.90886494782777	0.195620310279468	0.778312440460589
"LP fibroblast"	4	"PPP2R1A"	0.589340185811124	7.9158238144962	1.91138593042685	0.195924677908502	0.778312440460589
"LP fibroblast"	4	"SSBP2"	-0.632875962740561	7.82201859701968	1.90598272280666	0.196355145680546	0.778312440460589
"LP fibroblast"	4	"ARPC5"	0.401758006710865	8.60833058732678	1.90334283689963	0.196434106558365	0.778312440460589
"LP fibroblast"	4	"SLC25A6"	0.375683684549175	9.35385213085961	1.90222058253093	0.196480147465422	0.778312440460589
"LP fibroblast"	4	"ATP5MG"	0.418954547512407	8.45934582315376	1.90054617704439	0.196737815562495	0.778312440460589
"LP fibroblast"	4	"ISLR"	-0.451812913306615	9.11500528005751	1.89389767912455	0.197416471136192	0.778312440460589
"LP fibroblast"	4	"REEP5"	-0.436234142989646	8.44327689372191	1.89448209362532	0.197426902175525	0.778312440460589
"LP fibroblast"	4	"CCDC186"	-0.445526114118775	7.95567442510379	1.88494737773736	0.19809591981574	0.778312440460589
"LP fibroblast"	4	"TRIP6"	0.565577718672201	7.73950074917313	1.88775388282157	0.198168743904549	0.778312440460589
"LP fibroblast"	4	"TFPI"	-0.396648503158211	9.81945744882304	1.88619834856243	0.198202392884214	0.778312440460589
"LP fibroblast"	4	"PRMT1"	0.924436634625823	7.43595720504811	1.88590518391325	0.198313345680841	0.778312440460589
"LP fibroblast"	4	"GAPDH"	0.639553826047627	9.92182450209708	1.88983404419826	0.198490798189932	0.778312440460589
"LP fibroblast"	4	"COL6A3"	0.442579297223104	10.6057438397873	1.88346691939463	0.198490947507458	0.778312440460589
"LP fibroblast"	4	"LAP3"	0.429285229534912	8.37053773298295	1.88482725180617	0.198493225587662	0.778312440460589
"LP fibroblast"	4	"ZNF580"	0.560674266070047	7.65788285033172	1.88272819243251	0.198657460425592	0.778312440460589
"LP fibroblast"	4	"GATAD1"	-0.527170377841439	7.50859560340194	1.87939069261216	0.198673006138145	0.778312440460589
"LP fibroblast"	4	"CTBP1"	0.775238840950692	7.31588173228596	1.87828351836239	0.198876923554014	0.778312440460589
"LP fibroblast"	4	"SUGP2"	0.565455205096921	7.54995828603566	1.87467407285281	0.199293339011224	0.778312440460589
"LP fibroblast"	4	"ATP6V0D1"	0.722544022476168	7.85824232350466	1.87987409223448	0.199492067423119	0.778312440460589
"LP fibroblast"	4	"RAD21"	-0.408789794327699	8.99265369742273	1.87262816264978	0.199750375028406	0.778312440460589
"LP fibroblast"	4	"PSMD4"	0.571550442833066	7.65204424300825	1.86948583290692	0.199762875352416	0.778312440460589
"LP fibroblast"	4	"PARK7"	0.395468338726152	8.5559568187304	1.86826034734538	0.20027941427669	0.778312440460589
"LP fibroblast"	4	"SNRPE"	-0.507082466642853	8.0778366042698	1.86851600457083	0.200298540086668	0.778312440460589
"LP fibroblast"	4	"CLEC2B"	-0.494017714114589	8.58770535620821	1.86697603678327	0.200452814348155	0.778312440460589
"LP fibroblast"	4	"USP47"	-0.599448783065707	7.54437666430946	1.86067492013883	0.200487226201539	0.778312440460589
"LP fibroblast"	4	"LRPPRC"	-0.517195021042664	7.60855864808763	1.85874924688351	0.200917533725694	0.778312440460589
"LP fibroblast"	4	"BACE1"	0.418348456269187	8.06090473392438	1.86256531280778	0.200947235849109	0.778312440460589
"LP fibroblast"	4	"CNOT2"	-0.453569029026525	7.81159018055294	1.86054250994617	0.201120186818121	0.778312440460589
"LP fibroblast"	4	"COMT"	0.485860033170593	8.54090767547529	1.86054635834725	0.201129355227634	0.778312440460589
"LP fibroblast"	4	"H2AFV"	-0.438178222376016	8.33865539452727	1.86042620630565	0.201197290944814	0.778312440460589
"LP fibroblast"	4	"TES"	-0.509246164600362	8.03782863032219	1.85895642723772	0.201272200321625	0.778312440460589
"LP fibroblast"	4	"CDC37"	0.641940703727503	7.89728376442917	1.86472521882077	0.201375734218381	0.778312440460589
"LP fibroblast"	4	"RRAS"	0.700486914020081	8.145930833224	1.86233438132588	0.201690630067043	0.778312440460589
"LP fibroblast"	4	"OPTN"	0.441884504641945	7.96468686104007	1.85195500319316	0.202175407870583	0.778312440460589
"LP fibroblast"	4	"FXR1"	0.546579498589219	7.95195486705679	1.85179173528729	0.202192463241336	0.778312440460589
"LP fibroblast"	4	"CHCHD2"	0.406631701741581	9.2235059005551	1.84813625330006	0.202456237022853	0.778312440460589
"LP fibroblast"	4	"BCLAF1"	-0.428679826492723	9.13670025180099	1.84437803262314	0.202908032159649	0.778312440460589
"LP fibroblast"	4	"TAOK3"	0.628430182257246	7.52732322914921	1.84204336506315	0.202960321869855	0.778312440460589
"LP fibroblast"	4	"ACTN1"	0.4160662192236	9.56852950466389	1.84293464874066	0.203029627540037	0.778312440460589
"LP fibroblast"	4	"APLP2"	-0.362508058061628	9.7584802139577	1.8415808976714	0.203177688477265	0.778312440460589
"LP fibroblast"	4	"ANXA6"	0.572678915645233	8.32185035886208	1.84853492997852	0.203202334154179	0.778312440460589
"LP fibroblast"	4	"PRSS23"	0.819706033554893	8.46758499267708	1.84322605892162	0.203809481926068	0.778312440460589
"LP fibroblast"	4	"FBXO9"	0.729694372072216	7.68984629801324	1.8406551382685	0.203923724526835	0.778312440460589
"LP fibroblast"	4	"OLFML3"	0.606364123719148	9.2420797354128	1.83868863244822	0.204209357299688	0.778312440460589
"LP fibroblast"	4	"ELF2"	-0.525516062705005	7.63330857509927	1.83032389623288	0.204448443684841	0.778312440460589
"LP fibroblast"	4	"UBE2I"	0.469523209245515	8.11068546940091	1.82726359075118	0.204977769041065	0.778312440460589
"LP fibroblast"	4	"METAP2"	0.448968011296333	8.41178417169888	1.82492423752868	0.205204927146924	0.778312440460589
"LP fibroblast"	4	"PXDN"	0.42786991202072	9.64760168344695	1.82326639793285	0.205271853761217	0.778312440460589
"LP fibroblast"	4	"TAOK1"	-0.468472655200323	8.04224476457901	1.82059953933959	0.20557968349023	0.778312440460589
"LP fibroblast"	4	"CALU"	0.394059119344247	9.45942924239622	1.81798104907474	0.2058849040247	0.778312440460589
"LP fibroblast"	4	"NBL1"	0.516435455314597	9.47805887360421	1.81583282939143	0.206441258003323	0.779138364902885
"LP fibroblast"	4	"CALM3"	0.495314791683263	7.90878334866794	1.80601507045943	0.207302810680552	0.78035473867691
"LP fibroblast"	4	"ATP2B4"	-0.410038699338946	8.20898590552907	1.80522004979253	0.207440353342995	0.78035473867691
"LP fibroblast"	4	"PRDX6"	0.419727576978081	8.62084527777283	1.80047872850579	0.207998502982488	0.780804475950082
"LP fibroblast"	4	"G6PC3"	0.680545004471513	7.41309870032661	1.79670547804272	0.20830273023486	0.780804475950082
"LP fibroblast"	4	"PDCD4"	-0.608613723193903	7.44490569612117	1.78780098728744	0.208575696958044	0.780804475950082
"LP fibroblast"	4	"VIM"	-0.309597215977038	12.0509701891166	1.78734338982963	0.209434835720863	0.781448184154609
"LP fibroblast"	4	"GRK5"	0.486389299938183	8.5120416223856	1.77916960489837	0.210526838018389	0.781448184154609
"LP fibroblast"	4	"FAM198B"	-0.387995963990303	8.87556198847211	1.7762823724778	0.210857881728332	0.781448184154609
"LP fibroblast"	4	"MBNL1"	-0.445944107018409	8.50311994460466	1.77079431583005	0.211523578366776	0.781448184154609
"LP fibroblast"	4	"GGNBP2"	-0.440359748251613	8.15871460090323	1.76759625584182	0.211963911001419	0.781448184154609
"LP fibroblast"	4	"B4GALT1"	0.425022262366876	8.52675641505112	1.76348015148881	0.21239592778603	0.781448184154609
"LP fibroblast"	4	"FNBP1"	0.427721871543692	7.88673819613619	1.76289373348077	0.212471161776129	0.781448184154609
"LP fibroblast"	4	"MAGED1"	0.407635393534655	8.29728693565413	1.76288444110493	0.212482031689771	0.781448184154609
"LP fibroblast"	4	"WWP1"	-0.554238577050053	7.81043287723829	1.75883144145065	0.212561362456834	0.781448184154609
"LP fibroblast"	4	"POLR2A"	-0.458772264083004	7.71820374134633	1.75707926926443	0.212677819852299	0.781448184154609
"LP fibroblast"	4	"ILK"	0.702692126565708	7.78144454940214	1.76230191095809	0.212928475009125	0.781448184154609
"LP fibroblast"	4	"CFL1"	0.337419619656004	10.6852094810419	1.75224274502355	0.213635487092539	0.781448184154609
"LP fibroblast"	4	"NF1"	-0.557796090691134	7.8811088975488	1.74976401066103	0.214015629654642	0.781448184154609
"LP fibroblast"	4	"PSMB4"	0.415372671787045	8.50731155524084	1.7491667323216	0.214124419265428	0.781448184154609
"LP fibroblast"	4	"CFD"	-0.471120003630252	9.96656396734366	1.74726913271799	0.21426334970976	0.781448184154609
"LP fibroblast"	4	"TNRC6B"	-0.41983479624656	8.23803470220678	1.74694614044275	0.214378424922619	0.781448184154609
"LP fibroblast"	4	"KLF9"	-0.452044112061768	9.73002259540746	1.74552214460669	0.214508543178607	0.781448184154609
"LP fibroblast"	4	"PHF14"	-0.448576687203634	7.75751428985924	1.74200699125748	0.214872109467219	0.781537988062158
"LP fibroblast"	4	"ACP5"	-0.853976670969279	7.69224049886295	1.71444636178989	0.215778297372461	0.783598037387237
"LP fibroblast"	4	"TAX1BP3"	0.520763079835009	7.62603050481341	1.72893260228099	0.21639928470085	0.784617532264402
"LP fibroblast"	4	"KIRREL1"	0.412843951544524	8.29522435038523	1.72627622123756	0.216982082117349	0.785267071905594
"LP fibroblast"	4	"CYB5B"	-0.470719272153252	7.69451579756126	1.72279739397292	0.217259493441357	0.785267071905594
"LP fibroblast"	4	"PDE4DIP"	-0.618345516629351	8.30156226479055	1.72119425542478	0.218227566770466	0.786938869074056
"LP fibroblast"	4	"MYO9A"	-0.456847559857658	7.72544555659563	1.70940621528371	0.218559017376468	0.786938869074056
"LP fibroblast"	4	"YTHDC1"	-0.460008501450467	7.85770507354414	1.70021105153044	0.220087512187115	0.786938869074056
"LP fibroblast"	4	"CCDC68"	-0.722188860552391	8.12288849589895	1.70207649520576	0.22011467185268	0.786938869074056
"LP fibroblast"	4	"NXF1"	0.561730335248866	7.50257383933655	1.69696442292474	0.220164908739208	0.786938869074056
"LP fibroblast"	4	"RTL8A"	0.47237759373399	7.68769744216611	1.70041511708431	0.220193920276953	0.786938869074056
"LP fibroblast"	4	"MAFF"	0.669874737001886	7.98287265435113	1.68696924066659	0.220371356064818	0.786938869074056
"LP fibroblast"	4	"BTN3A2"	0.508778772029918	7.72171870956741	1.68756074739871	0.220712346492268	0.786938869074056
"LP fibroblast"	4	"HERPUD1"	-0.423094710269627	8.42042091690359	1.69536474823252	0.220793342710717	0.786938869074056
"LP fibroblast"	4	"STAT5B"	-0.462451131777263	7.68250512542501	1.68860298770717	0.221415100451012	0.786979664415145
"LP fibroblast"	4	"LGALS3"	-0.41571120986021	9.74432841375605	1.68926913189787	0.221487338337133	0.786979664415145
"LP fibroblast"	4	"ST3GAL1"	0.439487811266977	7.79709166998314	1.6859312121916	0.222026491072904	0.787241191085112
"LP fibroblast"	4	"PPP1R18"	0.423287643054023	8.11482698811611	1.68257435948081	0.222479580046986	0.787241191085112
"LP fibroblast"	4	"CCNI"	-0.335098422551453	10.6298150521724	1.67964836407832	0.222680342718368	0.787241191085112
"LP fibroblast"	4	"TGM2"	0.507938142694531	8.29209877174316	1.678932435391	0.222926495133815	0.787241191085112
"LP fibroblast"	4	"UBA1"	0.401268359206725	8.5712974643777	1.67417120033095	0.223479802319397	0.78798841612925
"LP fibroblast"	4	"EPAS1"	0.366957299869968	8.79645797919145	1.66093543508983	0.225167380295244	0.788425432201263
"LP fibroblast"	4	"HLA-E"	0.430678734854905	10.7220441029577	1.65539321715489	0.225814954775222	0.788425432201263
"LP fibroblast"	4	"TRIP10"	0.430207712735814	8.30224490973326	1.65595200399931	0.225885411242259	0.788425432201263
"LP fibroblast"	4	"CALCOCO1"	-0.483880759396247	8.15366223666364	1.65497790213232	0.226028717799627	0.788425432201263
"LP fibroblast"	4	"NPC2"	-0.388233252207343	9.25360921683294	1.65323054177874	0.226136711953998	0.788425432201263
"LP fibroblast"	4	"AK2"	0.706924999747453	7.5227877478875	1.6516381461159	0.226690452225776	0.788425432201263
"LP fibroblast"	4	"PICALM"	-0.51357253398046	7.88225187670193	1.63472020140817	0.228554340963688	0.788425432201263
"LP fibroblast"	4	"LY6E"	0.615600319535371	8.06466857799772	1.63957589819588	0.228729956458122	0.788425432201263
"LP fibroblast"	4	"IGFBP5"	0.508682752287934	10.9806722856247	1.63740612575665	0.228885041265563	0.788425432201263
"LP fibroblast"	4	"ITM2B"	-0.329490982371587	10.4417521113699	1.63044880993729	0.229104473662456	0.788425432201263
"LP fibroblast"	4	"EIF5A"	0.527918887007277	7.9771565443916	1.62356106212091	0.229159031918749	0.788425432201263
"LP fibroblast"	4	"RNH1"	0.595839342670409	7.71668109690779	1.62868918346458	0.229643139386878	0.788425432201263
"LP fibroblast"	4	"RSRC2"	-0.4100399903344	8.30737557963056	1.62536418309072	0.229922451863988	0.788425432201263
"LP fibroblast"	4	"EPHA7"	-0.537374827607354	7.99764459661045	1.62188665815163	0.229932698406493	0.788425432201263
"LP fibroblast"	4	"LGALS3BP"	0.536458420862478	9.79954183632905	1.62594330488324	0.23041252443029	0.788425432201263
"LP fibroblast"	4	"CAT"	-0.504000577780085	7.65721734850886	1.6192063876393	0.230664416715138	0.788425432201263
"LP fibroblast"	4	"SERPINF1"	0.429801904417868	9.96064142678762	1.61806864235583	0.230767305723145	0.788425432201263
"LP fibroblast"	4	"RALBP1"	0.687454104224385	7.60948266834487	1.61942565310796	0.231180002319598	0.788425432201263
"LP fibroblast"	4	"PQLC3"	-0.589704328583298	7.51086457783032	1.60542351248526	0.231850206893807	0.788425432201263
"LP fibroblast"	4	"HSPA9"	0.532481038727627	7.75855015960133	1.61125210847857	0.231874209565225	0.788425432201263
"LP fibroblast"	4	"HOXA10"	-0.491408851461073	7.85427440063951	1.60680488756955	0.23236266793626	0.788425432201263
"LP fibroblast"	4	"DOCK1"	-0.508624443148267	7.53814623844027	1.60065619930784	0.232902140354846	0.788425432201263
"LP fibroblast"	4	"TAGLN2"	0.537127988769474	9.84012457625905	1.6039709600562	0.233371862299643	0.788425432201263
"LP fibroblast"	4	"CLTA"	0.497157804267678	8.59067050372288	1.59890173908761	0.233731750002065	0.788425432201263
"LP fibroblast"	4	"PPHLN1"	-0.491328362389421	7.45006671327541	1.5942442309465	0.233830012266845	0.788425432201263
"LP fibroblast"	4	"SLIRP"	0.522848870998839	7.71877849825361	1.59096011442387	0.23421730164735	0.788425432201263
"LP fibroblast"	4	"TSPAN11"	0.580494930665878	7.97909983597192	1.5970824932893	0.234277046147164	0.788425432201263
"LP fibroblast"	4	"HMGN1"	-0.37133217344439	8.63598867712012	1.59269837606839	0.234304019657917	0.788425432201263
"LP fibroblast"	4	"LOX"	0.411721866721819	8.06573478709964	1.59199138510009	0.234446597443386	0.788425432201263
"LP fibroblast"	4	"CDK4"	0.436721362044515	7.69526110615378	1.59156496618067	0.23444968048193	0.788425432201263
"LP fibroblast"	4	"HDAC7"	0.615423358521437	7.77126850673569	1.59611299208973	0.234558957499706	0.788425432201263
"LP fibroblast"	4	"LPAR1"	-0.386865822181938	8.13558932163621	1.58782023720066	0.234835540597797	0.788425432201263
"LP fibroblast"	4	"PLS3"	0.450618919504235	7.77007096709964	1.58881256805583	0.234886501267245	0.788425432201263
"LP fibroblast"	4	"CST3"	0.374893809581022	10.3586137858556	1.58026462652298	0.23591538901937	0.78969513312255
"LP fibroblast"	4	"NME4"	0.430139083736114	7.73069941032132	1.58130526558641	0.235949673339738	0.78969513312255
"LP fibroblast"	4	"CEBPZ"	-0.49542986448504	7.77587824698856	1.57523710347594	0.236647318503032	0.7908821977797
"LP fibroblast"	4	"TRERF1"	-0.492846552471556	7.66846747615949	1.56685167678495	0.237424862690772	0.792332465072243
"LP fibroblast"	4	"MTDH"	-0.387340738252457	8.90523135341348	1.56284458781721	0.238417392118593	0.793011314568008
"LP fibroblast"	4	"RDX"	-0.442413852282963	8.35934194397067	1.56060006379842	0.23878264219148	0.793011314568008
"LP fibroblast"	4	"PKD1"	-0.563988210743588	7.43150983836962	1.55390700304158	0.2389950590581	0.793011314568008
"LP fibroblast"	4	"NAV1"	-0.454686651515046	7.94600261999481	1.55896127615967	0.239003843722795	0.793011314568008
"LP fibroblast"	4	"PRKACB"	-0.504211978177533	7.8056110058326	1.55227013706473	0.23964723745697	0.794003634447948
"LP fibroblast"	4	"TMEM50B"	-0.393842939008298	7.97253221774125	1.55122226461681	0.240155949375515	0.794547516872222
"LP fibroblast"	4	"AAMP"	0.422243404876782	7.97909670088719	1.5464043082909	0.24080193640219	0.795543360090902
"LP fibroblast"	4	"APOL6"	0.382809705341901	8.46989205903904	1.54285815723359	0.241303569474654	0.796060130484338
"LP fibroblast"	4	"MTSS1L"	0.425302791328527	7.97904713434113	1.53594889668831	0.242320515109217	0.79790116277181
"LP fibroblast"	4	"RAB13"	0.457897038436197	7.8239365691675	1.5332584653112	0.242709218791087	0.79790116277181
"LP fibroblast"	4	"SDC3"	-0.408793132075314	8.42577190128415	1.52914690632955	0.24325365550137	0.79790116277181
"LP fibroblast"	4	"SH3BGRL3"	0.511367199525172	9.20480199031552	1.53165400377052	0.243483169318621	0.79790116277181
"LP fibroblast"	4	"COPS6"	0.481163226637811	7.9855125979561	1.52705877318074	0.243591681956355	0.79790116277181
"LP fibroblast"	4	"CTSK"	0.374479156007567	10.6256055646163	1.52220239928968	0.244137115458488	0.79855345850677
"LP fibroblast"	4	"GALNT2"	0.450760193486807	7.98978359555242	1.51441589227181	0.245276973668824	0.801145469235565
"LP fibroblast"	4	"PLEKHH2"	-0.449097822514368	8.76474598558047	1.51253637422919	0.245633091652385	0.801173846323056
"LP fibroblast"	4	"CCND2"	-0.344040405103523	9.00863914214416	1.50652414128493	0.246491001318406	0.802836509943849
"LP fibroblast"	4	"HINT1"	0.415804026483713	8.64239912039064	1.49856976692665	0.247682833056238	0.805528562434582
"LP fibroblast"	4	"PRPF40A"	-0.350625845362628	8.49516430137438	1.49577422383007	0.248126319171722	0.805528562434582
"LP fibroblast"	4	"DNM3OS"	-0.448990365927943	7.65824837235581	1.493091825671	0.24836548477493	0.805528562434582
"LP fibroblast"	4	"CCAR1"	0.386559671023578	8.39078447711578	1.48488161764409	0.249748954898893	0.80880823262614
"LP fibroblast"	4	"SF1"	0.36522501187174	9.18111662643405	1.47983087313497	0.250419641652047	0.80880823262614
"LP fibroblast"	4	"MAN2A1"	0.501907288146971	7.69895580096571	1.47588528553242	0.250428915045561	0.80880823262614
"LP fibroblast"	4	"TIMP2"	-0.373350792810307	10.6996701475398	1.47674981199666	0.250850556966063	0.808909136080766
"LP fibroblast"	4	"PSMB2"	0.426280931055567	7.95026628561321	1.47222942607818	0.251705671486637	0.808909136080766
"LP fibroblast"	4	"NUCKS1"	-0.337210080856989	10.3304526090757	1.47074744773449	0.25175893388325	0.808909136080766
"LP fibroblast"	4	"TTC37"	-0.526614376332411	7.7782239365223	1.4694368965601	0.251968690161483	0.808909136080766
"LP fibroblast"	4	"COPA"	0.376598428070013	8.77461027783972	1.46807607462643	0.252223496598794	0.808909136080766
"LP fibroblast"	4	"S100A4"	-0.381331295100652	9.61436791093396	1.46573949449855	0.252564864691306	0.808909136080766
"LP fibroblast"	4	"KREMEN1"	0.46523060942676	8.77418178693509	1.46226099732272	0.253387876471688	0.809059604078108
"LP fibroblast"	4	"CAPNS1"	0.474550012473462	8.90672831113555	1.45871610518035	0.253928763280481	0.809059604078108
"LP fibroblast"	4	"RHOJ"	-0.446725594554812	7.91632024867426	1.44955359830724	0.254979475778068	0.809059604078108
"LP fibroblast"	4	"ERGIC3"	0.342732338267741	8.64942362946957	1.4497713098869	0.255033674012166	0.809059604078108
"LP fibroblast"	4	"TCEAL9"	0.351769221773254	8.65231510995189	1.44878352812934	0.255196821949584	0.809059604078108
"LP fibroblast"	4	"MAP1LC3B"	-0.389225902476864	8.43938635769435	1.44891608067451	0.255204305302808	0.809059604078108
"LP fibroblast"	4	"CREB3L1"	0.5672007505588	8.13489343739315	1.4528535442052	0.255270278544672	0.809059604078108
"LP fibroblast"	4	"MLXIP"	-0.380105957004628	8.76170146143027	1.4451250735666	0.255761072741004	0.809059604078108
"LP fibroblast"	4	"OAZ1"	0.351702278547735	9.57099119338516	1.44254584417674	0.25608258385277	0.809059604078108
"LP fibroblast"	4	"ARNT"	-0.525432050701151	7.3546869475154	1.43593706656463	0.256120343008248	0.809059604078108
"LP fibroblast"	4	"UBB"	0.324028325792184	10.4923041709378	1.42904261252308	0.258171150580443	0.809270808954666
"LP fibroblast"	4	"RERE"	-0.364080083474142	8.39928416421171	1.42701016482053	0.258615426682593	0.809270808954666
"LP fibroblast"	4	"PPP4C"	0.508309018432378	7.39025169251348	1.42189289400733	0.259169262328464	0.809270808954666
"LP fibroblast"	4	"SMC5"	-0.374929273896053	8.02480265517318	1.42225317260399	0.259313400261652	0.809270808954666
"LP fibroblast"	4	"SEL1L"	-0.38421572027772	8.01066916650139	1.42207927081374	0.259380155433362	0.809270808954666
"LP fibroblast"	4	"CCNL2"	0.348235742980902	8.92673774080929	1.42054373448287	0.259558734121925	0.809270808954666
"LP fibroblast"	4	"ZNF385A"	-0.633688245272768	7.91327742437422	1.42265796290256	0.259606471312845	0.809270808954666
"LP fibroblast"	4	"ROCK2"	-0.382988366131628	8.59687904546839	1.41718745908346	0.260138181028185	0.809270808954666
"LP fibroblast"	4	"AK3"	0.349196334740831	8.56723201932311	1.41320871422248	0.260753484711314	0.809270808954666
"LP fibroblast"	4	"RAB5B"	-0.360554095022781	8.75537045293111	1.40806675245178	0.261562858306696	0.809270808954666
"LP fibroblast"	4	"DHX9"	0.398240704239657	7.88916985365322	1.40739292689599	0.261685226457535	0.809270808954666
"LP fibroblast"	4	"CCL8"	-0.898653567895592	10.844120216703	1.40961087062276	0.261865047600062	0.809270808954666
"LP fibroblast"	4	"PRDX5"	0.442131062446327	8.77342644237846	1.40719696264337	0.261917028273809	0.809270808954666
"LP fibroblast"	4	"COX5A"	-0.397533900124229	7.78272316669743	1.40358531406832	0.262242518218164	0.809270808954666
"LP fibroblast"	4	"ATXN2L"	0.347533749920985	8.43329976886309	1.40267670016779	0.262453317242817	0.809270808954666
"LP fibroblast"	4	"COL12A1"	0.582795840128845	8.45594501266862	1.4020129780678	0.263016222257316	0.809270808954666
"LP fibroblast"	4	"TMEM173"	0.460883803703274	7.89781125490118	1.39703778379124	0.263030510733432	0.809270808954666
"LP fibroblast"	4	"COX5B"	0.650691479388448	7.4631986574703	1.3971783610798	0.263235256463547	0.809270808954666
"LP fibroblast"	4	"ECM1"	0.336889443634473	8.79433836687643	1.39668932851955	0.263377232367381	0.809270808954666
"LP fibroblast"	4	"IK"	0.438419799680424	8.33021807177206	1.39531564090022	0.263649417628255	0.809270808954666
"LP fibroblast"	4	"VAMP5"	0.755556097768843	7.6958641969881	1.39591175177979	0.26413510471939	0.809270808954666
"LP fibroblast"	4	"DIAPH2"	-0.364067864716821	8.38753496904821	1.39047194945209	0.264412468380713	0.809270808954666
"LP fibroblast"	4	"THRAP3"	0.41017135893787	8.11099640237916	1.38956883727965	0.264555011588742	0.809270808954666
"LP fibroblast"	4	"PPP2R5C"	-0.364337156149119	8.02713050100519	1.38928010153675	0.264609796162974	0.809270808954666
"LP fibroblast"	4	"HNRNPA1"	-0.35027554189032	10.1403124894018	1.38507825997158	0.265182503877124	0.809948150914767
"LP fibroblast"	4	"HDGFL3"	0.43981721114213	7.54865800198549	1.37896832637772	0.266149640078702	0.810012998432783
"LP fibroblast"	4	"UBE2N"	-0.430508929038778	7.61003639805048	1.37727289845986	0.266382732598061	0.810012998432783
"LP fibroblast"	4	"ATF3"	0.693261782061339	9.12806618025755	1.37808132635764	0.266457491488251	0.810012998432783
"LP fibroblast"	4	"SUCLG2"	-0.411082735106012	8.72156418917773	1.37599082497264	0.266760499330997	0.810012998432783
"LP fibroblast"	4	"RPRD2"	-0.48448157779916	7.4968811305809	1.37081501787698	0.267100573982461	0.810012998432783
"LP fibroblast"	4	"MCC"	0.474195695945488	7.52514013977967	1.36963434064764	0.267447730876536	0.810012998432783
"LP fibroblast"	4	"TBX2"	0.497955560257941	7.86394560501517	1.37047032733794	0.267662577973018	0.810012998432783
"LP fibroblast"	4	"NFKBIA"	0.450895731668756	10.1765644171748	1.36821816597398	0.26821056577078	0.810222237172474
"LP fibroblast"	4	"DYNLRB1"	0.381326117541271	8.49078354798209	1.36529737821443	0.268497401094325	0.810222237172474
"LP fibroblast"	4	"TMSB10"	0.518228358307659	10.0705025172488	1.3638191651264	0.269286703114501	0.810222237172474
"LP fibroblast"	4	"IRS1"	0.576812787293992	7.26874177428348	1.3578135153135	0.26929040245594	0.810222237172474
"LP fibroblast"	4	"TUBB"	0.329615688710609	9.55795234893891	1.3589040056764	0.269488489120246	0.810222237172474
"LP fibroblast"	4	"G3BP1"	-0.34451322029457	8.49006856783835	1.34830436719076	0.271356728134114	0.811509049520377
"LP fibroblast"	4	"ITGA5"	0.532519375180366	8.0523228708682	1.35094124245213	0.271588962690915	0.811509049520377
"LP fibroblast"	4	"TOP2B"	-0.370319784757527	8.21051934159997	1.34632312657547	0.271710091414177	0.811509049520377
"LP fibroblast"	4	"RWDD1"	-0.395751627477716	8.43358322973228	1.34507844243069	0.271906014279925	0.811509049520377
"LP fibroblast"	4	"SH3BGRL"	-0.325583348624508	8.55991707529876	1.33860369814024	0.27298164086625	0.811509049520377
"LP fibroblast"	4	"TXNL1"	-0.42021642412636	7.96095916619923	1.33797732085471	0.273092154709576	0.811509049520377
"LP fibroblast"	4	"SPRY1"	-0.524785364899181	8.79542388992324	1.33939243451914	0.273442455100459	0.811509049520377
"LP fibroblast"	4	"PARP14"	-0.363959841667499	8.3268440057233	1.33413356629172	0.273778832377874	0.811509049520377
"LP fibroblast"	4	"PAFAH1B1"	-0.456457073790215	7.94220859571983	1.33123345462499	0.274185541753347	0.811509049520377
"LP fibroblast"	4	"MYDGF"	0.597765226596935	7.41708722395219	1.32757076468802	0.274529259949618	0.811509049520377
"LP fibroblast"	4	"PDAP1"	0.488637424854897	7.61188643119729	1.32439230233152	0.27534881310509	0.811509049520377
"LP fibroblast"	4	"FMOD"	0.516253804754431	7.74047736742943	1.32159448789312	0.275870968812342	0.811509049520377
"LP fibroblast"	4	"ZNF655"	-0.482199121334057	7.50374271435152	1.32028431720059	0.275924377341406	0.811509049520377
"LP fibroblast"	4	"VCAM1"	0.355081414540561	9.40167445068469	1.31945884095851	0.276165462999987	0.811509049520377
"LP fibroblast"	4	"ANAPC16"	-0.389967723949374	8.11075087057208	1.31817849943057	0.276520477798011	0.811509049520377
"LP fibroblast"	4	"SNX9"	0.349695419571272	8.39775889382481	1.31668939660902	0.276719966108674	0.811509049520377
"LP fibroblast"	4	"FGFR2"	-0.457715923838558	7.83712134166102	1.31635788131505	0.276791083260012	0.811509049520377
"LP fibroblast"	4	"LMAN1"	-0.354227996152238	8.38209611410975	1.31185482416542	0.277568800444832	0.811509049520377
"LP fibroblast"	4	"SF3B6"	-0.409666533949971	7.74678540763635	1.31060759783288	0.277718780995431	0.811509049520377
"LP fibroblast"	4	"EGR1"	-0.509535470909321	11.3671309414863	1.3124676036494	0.277981120226081	0.811509049520377
"LP fibroblast"	4	"SLC1A5"	0.402928825677763	7.78862714932268	1.29778044173346	0.279473389374116	0.811509049520377
"LP fibroblast"	4	"UBTF"	-0.498703025071109	7.43536674537286	1.28958731123544	0.279835938414809	0.811509049520377
"LP fibroblast"	4	"RBPMS"	0.345347137769171	9.44613075936391	1.29455146114523	0.280480443252275	0.811509049520377
"LP fibroblast"	4	"PDLIM1"	0.314928018763488	9.55311510768004	1.29255414073925	0.280824430373123	0.811509049520377
"LP fibroblast"	4	"CCDC71L"	0.656469204917962	8.21567264062091	1.29638771027643	0.280904720449232	0.811509049520377
"LP fibroblast"	4	"KHSRP"	0.399433232881476	8.48608604111803	1.29082599175407	0.281217016156536	0.811509049520377
"LP fibroblast"	4	"RRAGA"	-0.37456042592931	8.12185613571283	1.28654490658057	0.282001988469363	0.811509049520377
"LP fibroblast"	4	"CHL1"	-0.360535104352947	8.76654667251608	1.28477046733844	0.28226405098829	0.811509049520377
"LP fibroblast"	4	"PSMB3"	0.426180408302099	7.53387322088821	1.28090379129241	0.282990282638717	0.811509049520377
"LP fibroblast"	4	"TPR"	-0.316801744060659	9.05141640610005	1.28013641907052	0.283055231422028	0.811509049520377
"LP fibroblast"	4	"SMARCC2"	-0.409852124343892	8.16088480755395	1.28030861799672	0.283056570970183	0.811509049520377
"LP fibroblast"	4	"RTF1"	0.454863094937158	7.5829447554722	1.27975432927411	0.283132052440838	0.811509049520377
"LP fibroblast"	4	"CSRNP1"	0.531516738426456	8.1814406704289	1.27538733188182	0.283141442036827	0.811509049520377
"LP fibroblast"	4	"STMN2"	-0.31543793118199	10.0541087107074	1.27727475127158	0.283523708293698	0.811509049520377
"LP fibroblast"	4	"M6PR"	0.411869841991888	8.01880766327054	1.27802091635612	0.283545529013596	0.811509049520377
"LP fibroblast"	4	"RNF13"	-0.493812420162568	7.61154322686687	1.27251225460496	0.283570301407401	0.811509049520377
"LP fibroblast"	4	"PCDH18"	0.317577628118562	9.77107645196416	1.2766426575618	0.283635213311233	0.811509049520377
"LP fibroblast"	4	"RNF5"	-0.449781865465371	7.54283149526532	1.27592085425497	0.283663290554136	0.811509049520377
"LP fibroblast"	4	"DACH1"	-0.510409955147214	7.6490131656186	1.26666295674274	0.283981437927288	0.811509049520377
"LP fibroblast"	4	"RBX1"	0.401211233187002	8.14603250952913	1.27478317076701	0.284058179082047	0.811509049520377
"LP fibroblast"	4	"SLITRK6"	0.458204033732657	7.77014551217214	1.27335999284697	0.284344888123358	0.811509049520377
"LP fibroblast"	4	"STRN4"	0.473954629048892	7.50882854278643	1.27070064545339	0.284784692382392	0.811759580511492
"LP fibroblast"	4	"BANF1"	0.327082090474291	8.8794932156637	1.26772579772705	0.285278763784397	0.812163986773851
"LP fibroblast"	4	"RTF2"	0.432273310021961	7.58401361251537	1.26229374775236	0.286269012486556	0.81397822785943
"LP fibroblast"	4	"TP53I11"	0.584406947906147	7.85596820432102	1.26090313341934	0.287170335441583	0.814520134637047
"LP fibroblast"	4	"HLA-B"	0.258100847559773	11.8837764240439	1.2547111792145	0.287570136187308	0.814520134637047
"LP fibroblast"	4	"TMEM176B"	0.3120024160011	11.0426390326837	1.25119507776357	0.288211291235483	0.814520134637047
"LP fibroblast"	4	"ZBED5"	-0.445749436456723	7.5721149019751	1.24935346352914	0.288601075738897	0.814520134637047
"LP fibroblast"	4	"NUMB"	-0.472138894791963	7.63075443204444	1.24778523658686	0.288850378959274	0.814520134637047
"LP fibroblast"	4	"KAT6B"	-0.396079914112863	7.65479008019825	1.24687274643855	0.288852353216175	0.814520134637047
"LP fibroblast"	4	"LMO4"	0.396712404740824	8.78931432721157	1.24758186092264	0.288932120612795	0.814520134637047
"LP fibroblast"	4	"CPQ"	0.407477323154063	8.18106878628349	1.23922402776209	0.290561953535372	0.818114609099594
"LP fibroblast"	4	"PAFAH1B2"	-0.395952992577602	7.98446070675604	1.23664148986197	0.291000835244146	0.818351129357317
"LP fibroblast"	4	"CAMLG"	-0.369941288811982	7.89044921911501	1.23479938195311	0.291374652083523	0.818404321199274
"LP fibroblast"	4	"RBM5"	-0.359134132214083	8.21649682922828	1.22800060449722	0.292636046860256	0.820947352870742
"LP fibroblast"	4	"COPG1"	0.395907823630722	8.09746158962446	1.22197346539116	0.293671202775803	0.822850295991497
"LP fibroblast"	4	"ARPC2"	0.302194565159325	9.37380491715623	1.21245437506816	0.295420480198629	0.825304177953131
"LP fibroblast"	4	"GADD45B"	-0.583048460306347	8.77402440988089	1.20737271112529	0.295589487631048	0.825304177953131
"LP fibroblast"	4	"MTRNR2L1"	0.345751394977589	9.94678982401262	1.21087727054035	0.295707046755202	0.825304177953131
"LP fibroblast"	4	"KMT2C"	-0.468044479529779	7.8823957099002	1.20533617844547	0.296762043483465	0.825304177953131
"LP fibroblast"	4	"JUP"	0.600474440725285	7.69289824551465	1.20001632176025	0.296980045967078	0.825304177953131
"LP fibroblast"	4	"HNRNPAB"	0.419675773113438	8.05449309141891	1.20457774348951	0.297034101263503	0.825304177953131
"LP fibroblast"	4	"ANK2"	-0.635584808781889	7.44649909022721	1.18505737167512	0.297849851485447	0.825304177953131
"LP fibroblast"	4	"ZMYM4"	-0.400369935364514	7.67199343354085	1.19921816697358	0.297852734420738	0.825304177953131
"LP fibroblast"	4	"NOP53"	0.362633686205477	8.60031854121279	1.19584028059018	0.298648135557862	0.825304177953131
"LP fibroblast"	4	"NFIA"	-0.360750430495392	9.61265735582117	1.19527107957902	0.298688038169167	0.825304177953131
"LP fibroblast"	4	"PIAS3"	0.377680148834299	7.77655980588679	1.19239609743121	0.298873980424377	0.825304177953131
"LP fibroblast"	4	"COL6A1"	0.273078486531449	11.2683385148323	1.19294525484687	0.299112835422362	0.825304177953131
"LP fibroblast"	4	"STOM"	0.325430320363704	9.22001682315857	1.19266544456452	0.299199606577978	0.825304177953131
"LP fibroblast"	4	"BDKRB2"	0.835672863541679	7.7274967338123	1.19082903436693	0.300020723351852	0.826279234792934
"LP fibroblast"	4	"ADAMTS1"	-0.479815147855329	10.3204156498939	1.18816903505531	0.300635416630146	0.826279234792934
"LP fibroblast"	4	"ADIPOR1"	-0.444708498733494	7.51217360765813	1.17144143515397	0.301732861576274	0.826279234792934
"LP fibroblast"	4	"PDE5A"	-0.449903001128764	8.2248140403267	1.17799987459417	0.301958415507261	0.826279234792934
"LP fibroblast"	4	"FGFR1"	0.329648107037147	8.52994593440264	1.17790183952704	0.302110776050734	0.826279234792934
"LP fibroblast"	4	"YBX3"	0.331328808481089	9.59825012142194	1.175938471978	0.302422289651929	0.826279234792934
"LP fibroblast"	4	"CELF1"	0.435345188340734	7.8054876922577	1.17325021445562	0.303107138108353	0.826279234792934
"LP fibroblast"	4	"FNDC1"	0.561102348156512	7.38489545718496	1.16433018125229	0.303272696274723	0.826279234792934
"LP fibroblast"	4	"ZMIZ1"	-0.331531017982396	8.01546251587818	1.1701593156278	0.303530149691649	0.826279234792934
"LP fibroblast"	4	"COX8A"	0.433478289562861	8.29141844957793	1.17016207686539	0.303903331552511	0.826279234792934
"LP fibroblast"	4	"ANXA7"	-0.357008156063651	7.83601083995152	1.1672190337753	0.304187514624104	0.826279234792934
"LP fibroblast"	4	"PPP2CB"	0.377846929562744	8.08383087571155	1.16495159365097	0.304733174264846	0.826279234792934
"LP fibroblast"	4	"GNG5"	0.35149591764717	8.12791536242667	1.16481019864686	0.304736453784161	0.826279234792934
"LP fibroblast"	4	"CCDC102B"	-0.332120759441917	8.22570825803746	1.16161722961316	0.305320705572217	0.826279234792934
"LP fibroblast"	4	"CERS2"	-0.389839903452593	8.33733225068219	1.15894784088473	0.305881072694459	0.826279234792934
"LP fibroblast"	4	"UBA52"	0.322785470827274	10.2442251645979	1.15775747996407	0.305989584104447	0.826279234792934
"LP fibroblast"	4	"UBE2L3"	0.342682627178151	8.21751589247966	1.15798678139775	0.306061640909379	0.826279234792934
"LP fibroblast"	4	"RNPS1"	0.347360213962369	7.90408388460043	1.15707912884397	0.306246580841844	0.826279234792934
"LP fibroblast"	4	"RABGAP1"	0.423248540233373	8.09325848863819	1.15491939931513	0.306707350305211	0.826279234792934
"LP fibroblast"	4	"GANAB"	0.473999538217551	7.99487761692674	1.15782131125909	0.306719438414029	0.826279234792934
"LP fibroblast"	4	"COL6A2"	0.323553533184382	10.979175070715	1.14483335860468	0.308564334849937	0.830085853913596
"LP fibroblast"	4	"YME1L1"	-0.375603269302011	8.16801041209989	1.14302702202269	0.309048599895841	0.830085853913596
"LP fibroblast"	4	"PPIG"	-0.288602613751198	9.14046492769501	1.14183887496264	0.309212380100511	0.830085853913596
"LP fibroblast"	4	"DPYSL2"	-0.290996009919748	9.55180393267938	1.13876029276724	0.309806897868772	0.830574631638329
"LP fibroblast"	4	"PSME1"	0.312801447044763	8.68196848883801	1.13714323970417	0.310186827162137	0.830574631638329
"LP fibroblast"	4	"RBM17"	0.347683378844691	8.45591314809699	1.13425317757068	0.310796039876341	0.830574631638329
"LP fibroblast"	4	"OLFML1"	-0.357988051525678	8.14227484151047	1.1341659691191	0.310847957575479	0.830574631638329
"LP fibroblast"	4	"COX7C"	-0.298307721066968	9.626152359177	1.13189759790372	0.311195352010198	0.830574631638329
"LP fibroblast"	4	"TXN"	-0.43576236547563	8.52818001034285	1.13080626936739	0.311765132864249	0.830597086642246
"LP fibroblast"	4	"SNW1"	0.38786490131781	7.72988438769318	1.12910069701371	0.311924144419855	0.830597086642246
"LP fibroblast"	4	"NSF"	-0.445026906522906	7.38243108415044	1.12188561613109	0.313093623418458	0.83204154140229
"LP fibroblast"	4	"SENP6"	-0.35135339357676	8.06138285487853	1.12218855426905	0.313196502091029	0.83204154140229
"LP fibroblast"	4	"TPM1"	0.288926477884201	9.42299334574915	1.12013984443148	0.313600400491731	0.83204154140229
"LP fibroblast"	4	"SUMO1"	-0.411199213844154	7.85690392124511	1.11738514162262	0.314204207723288	0.83204154140229
"LP fibroblast"	4	"JAK1"	-0.302412972317105	8.78048836534311	1.11584563882595	0.314538322030134	0.83204154140229
"LP fibroblast"	4	"LAPTM4A"	-0.273914604148506	10.214235707733	1.10433174989548	0.316860737838579	0.83204154140229
"LP fibroblast"	4	"VSTM4"	-0.323412293436658	8.68321668650507	1.09811192522485	0.318221558799685	0.83204154140229
"LP fibroblast"	4	"HAAO"	-0.454472144068854	7.92813121913062	1.08986132541194	0.319327194623189	0.83204154140229
"LP fibroblast"	4	"PAPPA"	0.334552703220336	9.154783220566	1.08802077006323	0.320353420082393	0.83204154140229
"LP fibroblast"	4	"CLEC11A"	0.486480073472455	8.69112466822381	1.08297214530233	0.321999448366062	0.83204154140229
"LP fibroblast"	4	"MFSD1"	0.471845208927992	7.63708103454696	1.07813182529775	0.322307644081258	0.83204154140229
"LP fibroblast"	4	"OGT"	-0.357516072305554	7.75360154380179	1.07709582718321	0.322737566177676	0.83204154140229
"LP fibroblast"	4	"RAD23A"	0.358804883736554	8.13282027396363	1.07699791066769	0.322754617846175	0.83204154140229
"LP fibroblast"	4	"ATP6AP1"	0.562712001977731	7.75914274908749	1.07472886904681	0.323256440904903	0.83204154140229
"LP fibroblast"	4	"GFPT1"	-0.399775987472483	7.43973449550491	1.06681537960975	0.323602310172646	0.83204154140229
"LP fibroblast"	4	"DBI"	-0.37776503817939	7.90300685236586	1.07122767612339	0.323972757065516	0.83204154140229
"LP fibroblast"	4	"HMGB2"	-0.62464344208811	7.62126329469787	1.06989196505967	0.324215587256029	0.83204154140229
"LP fibroblast"	4	"HNRNPM"	-0.339375027772829	8.62534140573158	1.06813855451586	0.324622322058851	0.83204154140229
"LP fibroblast"	4	"DHX29"	-0.370811981754884	7.77503189831227	1.06799604059474	0.324649166464135	0.83204154140229
"LP fibroblast"	4	"DDR2"	-0.305862253615245	10.068529337642	1.0671206626475	0.324764383588747	0.83204154140229
"LP fibroblast"	4	"MMP14"	0.373522762526265	8.89852925934241	1.06570903699348	0.325134090021683	0.83204154140229
"LP fibroblast"	4	"HLA-DRB1"	-0.37697428695586	7.75523226148968	1.05653058091805	0.32543169765263	0.83204154140229
"LP fibroblast"	4	"LARS"	0.337878386882653	7.9221578294785	1.06420660644912	0.325452071658347	0.83204154140229
"LP fibroblast"	4	"AP2B1"	-0.373466569474483	8.05178110356092	1.06087093810684	0.326213866462932	0.83204154140229
"LP fibroblast"	4	"DDX3X"	-0.365117340619041	9.36472724285039	1.06014004438452	0.326327519934531	0.83204154140229
"LP fibroblast"	4	"MBTPS1"	0.34808498699527	8.01671068133016	1.05958577367288	0.326535439620269	0.83204154140229
"LP fibroblast"	4	"FOSL2"	0.325294742433923	8.69003080588543	1.05876002505107	0.326686674113878	0.83204154140229
"LP fibroblast"	4	"ANXA5"	-0.353533642945959	9.99812623678565	1.05804963811438	0.326734056904478	0.83204154140229
"LP fibroblast"	4	"CXCL2"	0.733781870454732	7.72248120745746	1.04864762476372	0.328366090329365	0.83204154140229
"LP fibroblast"	4	"ANP32B"	-0.272862066626816	9.61419101971374	1.04929014407507	0.328661039525578	0.83204154140229
"LP fibroblast"	4	"RHOQ"	-0.341376713988578	8.32013272664412	1.0495549862825	0.328716501195481	0.83204154140229
"LP fibroblast"	4	"MAPK14"	-0.376377273980498	7.70330577308268	1.0482286061826	0.328841633532916	0.83204154140229
"LP fibroblast"	4	"EPB41L2"	-0.311328194678391	8.98641033270841	1.04810626092851	0.328965410501443	0.83204154140229
"LP fibroblast"	4	"C1orf21"	-0.339751390907642	8.75893182126704	1.04635790430043	0.329374428481381	0.83204154140229
"LP fibroblast"	4	"EPS15"	-0.374134954492806	7.64630187334446	1.04315868490316	0.330031427712228	0.83204154140229
"LP fibroblast"	4	"ANGPTL1"	-0.468741233281176	8.12843990088148	1.03240809318385	0.330155982766132	0.83204154140229
"LP fibroblast"	4	"REST"	-0.406398560663665	7.72517082425586	1.04128685493647	0.330343415311812	0.83204154140229
"LP fibroblast"	4	"PRRC2B"	-0.293697260468239	8.62306744132047	1.04124267209607	0.330514851932282	0.83204154140229
"LP fibroblast"	4	"IGDCC4"	-0.320310815139479	8.09583683143026	1.04060964337865	0.330690250796673	0.83204154140229
"LP fibroblast"	4	"MTRNR2L8"	-0.229814306365987	12.8774323759204	1.03834353089939	0.331063527767405	0.83204154140229
"LP fibroblast"	4	"GPX4"	0.434569824264484	8.49542201126497	1.04089730133357	0.331096316008387	0.83204154140229
"LP fibroblast"	4	"SRRM1"	-0.304996012740414	8.77205489507525	1.03848257298208	0.331103346337808	0.83204154140229
"LP fibroblast"	4	"WDR1"	0.499476706108424	7.65721449884717	1.03862450516464	0.331223318387368	0.83204154140229
"LP fibroblast"	4	"MOXD1"	-0.534355680138572	7.47632578010352	1.03493392361402	0.331282357187152	0.83204154140229
"LP fibroblast"	4	"CTSO"	-0.354819437838619	8.34897999911734	1.03764905248977	0.331355466096831	0.83204154140229
"LP fibroblast"	4	"ATP5PB"	0.327411234813309	8.38556126984298	1.03636266818054	0.331609367904227	0.83204154140229
"LP fibroblast"	4	"VMP1"	0.349578679875522	10.1448829004386	1.03574828166487	0.331652052065137	0.83204154140229
"LP fibroblast"	4	"ARF3"	0.291359291773062	8.3335726587246	1.03573123806845	0.331756910481782	0.83204154140229
"LP fibroblast"	4	"EEA1"	-0.313660099777397	8.08117716853698	1.02915389016135	0.333208050462321	0.83204154140229
"LP fibroblast"	4	"TMOD3"	-0.332021285554944	8.32231312244543	1.02663506545318	0.333790401727724	0.83204154140229
"LP fibroblast"	4	"XRN1"	-0.348582651060551	7.7882493940754	1.02514980141429	0.334049005501178	0.83204154140229
"LP fibroblast"	4	"LTBP3"	0.456076427091783	7.90605502524808	1.02365809469744	0.334146008809608	0.83204154140229
"LP fibroblast"	4	"SLC25A37"	0.335450449301987	8.281736646875	1.02325920116043	0.334563109779185	0.83204154140229
"LP fibroblast"	4	"LAPTM4B"	0.408126361216637	8.23950095076655	1.01824633361647	0.335677363824483	0.83204154140229
"LP fibroblast"	4	"PRDX1"	0.339288405624632	8.43794311084854	1.01817811109247	0.335692557821807	0.83204154140229
"LP fibroblast"	4	"LOXL2"	0.380914914710951	8.86839015457399	1.01771058207422	0.33599329206196	0.83204154140229
"LP fibroblast"	4	"GINM1"	0.332488083958178	8.45015334781982	1.01370538664356	0.336715163515505	0.83204154140229
"LP fibroblast"	4	"ERP29"	0.40513171361832	7.5822225941137	1.00958097972481	0.337685072679249	0.83204154140229
"LP fibroblast"	4	"BAZ1A"	0.407590677953051	7.65461640179105	1.00909415604687	0.337808008268337	0.83204154140229
"LP fibroblast"	4	"EIF4A3"	0.461392473543621	7.53718803477567	1.00785446256819	0.338005177340101	0.83204154140229
"LP fibroblast"	4	"CTNNB1"	0.330299222646873	8.44353107978693	1.00747706968886	0.338135075123515	0.83204154140229
"LP fibroblast"	4	"NAMPT"	0.488346643133903	9.55295646181001	1.00865536476807	0.338335727544888	0.83204154140229
"LP fibroblast"	4	"UQCRQ"	0.302278745053536	8.6605400711273	1.00573336598601	0.338503893077919	0.83204154140229
"LP fibroblast"	4	"KHDRBS1"	0.300670354289205	9.09450580665698	1.00438563193246	0.338777391268356	0.83204154140229
"LP fibroblast"	4	"NSRP1"	0.370448992526245	7.72383896285411	1.00270261861014	0.339239100222279	0.83204154140229
"LP fibroblast"	4	"PSMC3"	0.418447615961173	7.49745321349918	0.993039722492659	0.339529913626481	0.83204154140229
"LP fibroblast"	4	"CES2"	-0.504725974316908	7.99248268136125	1.00267129078519	0.339622902913863	0.83204154140229
"LP fibroblast"	4	"SEC61G"	0.307042504409503	8.31840853351515	1.00031020293843	0.339782920781753	0.83204154140229
"LP fibroblast"	4	"MIDN"	0.431700955450249	8.17985271530577	0.997460758077164	0.340120956243503	0.83204154140229
"LP fibroblast"	4	"DCAF10"	-0.37850760549295	7.60203061395303	0.996743765657288	0.340183656248283	0.83204154140229
"LP fibroblast"	4	"SMARCA4"	0.605063372239824	7.20442832333823	0.99745126714264	0.340213900804748	0.83204154140229
"LP fibroblast"	4	"CCL2"	0.31589990171088	11.3918318065057	0.997041886110806	0.340437313156196	0.83204154140229
"LP fibroblast"	4	"PLAGL1"	-0.524403739052445	7.95156944103392	0.998623830157618	0.340749868708999	0.83204154140229
"LP fibroblast"	4	"CAP1"	0.296596809586754	8.77422809085755	0.994464720635844	0.341095153165194	0.83204154140229
"LP fibroblast"	4	"EIF5"	-0.319720551612323	8.89579987826156	0.992735248082338	0.341494704272362	0.83204154140229
"LP fibroblast"	4	"PDLIM3"	-0.341368326760022	8.11799354710711	0.992473301196277	0.341540639335379	0.83204154140229
"LP fibroblast"	4	"PJA2"	-0.315935139739899	7.9430627650653	0.992275566943856	0.341617804099025	0.83204154140229
"LP fibroblast"	4	"EIF4A1"	0.523264770603702	7.54012836596962	0.990175095318456	0.341773457806339	0.83204154140229
"LP fibroblast"	4	"OST4"	0.334660677335109	9.52120379703003	0.989073462061401	0.342304246619883	0.83204154140229
"LP fibroblast"	4	"LRRC8A"	0.513067483882826	7.28357643443065	0.98684270329957	0.342555242919394	0.83204154140229
"LP fibroblast"	4	"CXCL14"	0.217456156679299	12.5949092541239	0.987530245420839	0.34264880220223	0.83204154140229
"LP fibroblast"	4	"ENY2"	0.37331413450042	7.86582682746982	0.988168540155254	0.342667603488481	0.83204154140229
"LP fibroblast"	4	"KRAS"	0.535121512612885	7.31233875515363	0.982859893948609	0.343637619080983	0.83204154140229
"LP fibroblast"	4	"SERPINH1"	0.350765118187384	9.37860916836157	0.982392774837815	0.343873467874666	0.83204154140229
"LP fibroblast"	4	"NDUFB4"	0.31744752309145	8.2250261774264	0.981699780985703	0.344132081706227	0.83204154140229
"LP fibroblast"	4	"ALDH1A3"	0.616242671777776	7.63810671284288	0.981334401509362	0.344141828357143	0.83204154140229
"LP fibroblast"	4	"TSC22D3"	-0.330334738340791	8.95157270872423	0.979575354384934	0.344456018231056	0.83204154140229
"LP fibroblast"	4	"TEAD2"	0.360596327130896	7.68048851036875	0.979991701717818	0.344481315867919	0.83204154140229
"LP fibroblast"	4	"ADAM28"	-0.440660087463444	10.2929886878012	0.981618934717855	0.344579215975363	0.83204154140229
"LP fibroblast"	4	"NDFIP1"	-0.294424584626336	8.40593137793696	0.974802373960008	0.345759320888638	0.833138928078214
"LP fibroblast"	4	"PHYKPL"	-0.370176947754715	7.60103619836677	0.972361288251408	0.346053535217872	0.833138928078214
"LP fibroblast"	4	"RBM8A"	0.288091402872335	8.2834216720245	0.969426096467996	0.347037336989263	0.833138928078214
"LP fibroblast"	4	"BRD7"	0.372283409173985	7.56296471534477	0.968025022984253	0.34732062235823	0.833138928078214
"LP fibroblast"	4	"MCFD2"	-0.383303582434951	7.56411312070768	0.965767423259584	0.347817835893423	0.833138928078214
"LP fibroblast"	4	"HNRNPC"	-0.268509407867345	9.91250961210004	0.962798106361192	0.34851460111396	0.833138928078214
"LP fibroblast"	4	"TRIL"	-0.471096271604521	7.94217184992069	0.964353881647342	0.348646604042019	0.833138928078214
"LP fibroblast"	4	"BUB3"	0.340485904873345	7.77257092188954	0.961382410146603	0.348828235391211	0.833138928078214
"LP fibroblast"	4	"ABL1"	0.47698847280449	7.67951593714711	0.961127109623708	0.349108539933131	0.833138928078214
"LP fibroblast"	4	"PRKDC"	-0.315697995026634	8.17172578429978	0.959922431193887	0.349321805662183	0.833138928078214
"LP fibroblast"	4	"LDB1"	-0.401490385300936	7.56898151416641	0.957971686563273	0.349379159031938	0.833138928078214
"LP fibroblast"	4	"PTGS2"	0.480033739802167	8.7154864146107	0.956589114213068	0.349427854249257	0.833138928078214
"LP fibroblast"	4	"SPTBN1"	-0.324151192956269	9.94512576556156	0.95775451207334	0.349730478048444	0.833138928078214
"LP fibroblast"	4	"CYGB"	0.284581345079026	11.1584114328045	0.953724824742731	0.350691640570017	0.834244979525607
"LP fibroblast"	4	"SOBP"	-0.392795376855873	7.48526437831327	0.951602129552617	0.351127521973076	0.834244979525607
"LP fibroblast"	4	"TANC1"	-0.354925581397109	7.72053614396373	0.950159403548332	0.351589512398714	0.834244979525607
"LP fibroblast"	4	"BRD4"	0.301828428042721	8.60297600748081	0.950120801655982	0.351641856070637	0.834244979525607
"LP fibroblast"	4	"NDUFB9"	0.386567437351188	7.7165972262999	0.947119659152878	0.352080988344445	0.834428323866691
"LP fibroblast"	4	"C1orf43"	-0.371227320612214	8.10840481371284	0.944776696901012	0.353009175133926	0.835471653202425
"LP fibroblast"	4	"SKIL"	0.385801632056545	7.58949245165575	0.94274066594501	0.353428686352982	0.835471653202425
"LP fibroblast"	4	"DNMT1"	0.358673488596223	7.65632029829879	0.940383308393037	0.354017525331959	0.835471653202425
"LP fibroblast"	4	"NDRG1"	0.340202258064099	7.89686558460093	0.933467714966847	0.355332911198387	0.835471653202425
"LP fibroblast"	4	"COPS9"	0.372316140378234	7.61034871080189	0.92924888549015	0.356122018054154	0.835471653202425
"LP fibroblast"	4	"FBLN2"	-0.384559238314631	7.7551723417801	0.928039981547482	0.35654663454746	0.835471653202425
"LP fibroblast"	4	"LMBRD1"	-0.405149712225504	7.63058776514308	0.929608683489922	0.356549084908751	0.835471653202425
"LP fibroblast"	4	"NORAD"	-0.268354992700912	9.20480509320181	0.928455319892912	0.356917951961921	0.835471653202425
"LP fibroblast"	4	"ATP5F1B"	0.305043405922641	8.74339525175827	0.927934116942657	0.357079751794417	0.835471653202425
"LP fibroblast"	4	"XRN2"	0.401585593092327	7.8701301512086	0.927522757074401	0.357269105625376	0.835471653202425
"LP fibroblast"	4	"MED13"	0.367029903265506	7.69461841547551	0.926421649907219	0.357484807344706	0.835471653202425
"LP fibroblast"	4	"ERBIN"	-0.381825819338723	7.70512124341733	0.925872083061178	0.357504395602749	0.835471653202425
"LP fibroblast"	4	"EIF3H"	0.304919845816809	9.14367090126777	0.924703344998794	0.357854003429597	0.835471653202425
"LP fibroblast"	4	"PGRMC1"	-0.331547801317367	8.95393780029026	0.924691618043033	0.357880868131282	0.835471653202425
"LP fibroblast"	4	"HAS2"	-0.501436430872728	9.31582971488069	0.926619429002109	0.357955764685167	0.835471653202425
"LP fibroblast"	4	"TEAD1"	-0.296951841560401	8.32826714661967	0.921016592995856	0.358863789898166	0.836706592075761
"LP fibroblast"	4	"ADAMTS2"	0.444901255683174	8.3496439406699	0.917393858351189	0.35921054906982	0.836706592075761
"LP fibroblast"	4	"TMEM150C"	-0.323702794916372	8.16764361799653	0.914430076898286	0.360457214929298	0.838763206485329
"LP fibroblast"	4	"MTPN"	0.273489952857782	8.50000776617202	0.910136389518162	0.361565203038044	0.840493304642871
"LP fibroblast"	4	"ARL1"	-0.367164423445004	7.66002010493203	0.906950645248634	0.362196902768411	0.841113854767327
"LP fibroblast"	4	"KLF6"	0.273087664955501	9.00386047782771	0.904061611703952	0.363074014333595	0.842302492005302
"LP fibroblast"	4	"MEG3"	-0.283577360707247	9.06153924416842	0.900799390805311	0.363907767522573	0.842341240818221
"LP fibroblast"	4	"BBX"	-0.307932596165211	8.38032431572723	0.899756090477324	0.364215868818401	0.842341240818221
"LP fibroblast"	4	"CTGF"	-0.552861600150072	10.0342773170289	0.898896613535461	0.364833748685534	0.842341240818221
"LP fibroblast"	4	"SYAP1"	0.344293929383702	7.70715449937883	0.89697100274987	0.364908363579624	0.842341240818221
"LP fibroblast"	4	"SELENOT"	0.371688684381222	7.65485476295111	0.896831992305808	0.364917129044841	0.842341240818221
"LP fibroblast"	4	"SMIM3"	-0.305318131941578	8.23507396034961	0.894264640386072	0.365658511814868	0.842548907851398
"LP fibroblast"	4	"DYNLL2"	-0.365651044741072	8.32660814712506	0.8929599615396	0.365990044039319	0.842548907851398
"LP fibroblast"	4	"AP2M1"	0.469165477763071	8.43667962164782	0.893077575234668	0.366433840637516	0.842548907851398
"LP fibroblast"	4	"ASAP1"	0.333144241025377	7.71864986280928	0.887962599995465	0.36731375374574	0.842548907851398
"LP fibroblast"	4	"TCF7L1"	-0.298552135154226	8.40001140249871	0.886455154461379	0.367408009097443	0.842548907851398
"LP fibroblast"	4	"HMGN3"	0.349901336170473	7.75376494774868	0.887475010369363	0.367409664121243	0.842548907851398
"LP fibroblast"	4	"ACTN4"	0.338577187184569	8.90849951448362	0.885746658673181	0.367793860465844	0.842548907851398
"LP fibroblast"	4	"TMEM219"	0.347545696873242	8.26141244470474	0.885454533565203	0.367930073810216	0.842548907851398
"LP fibroblast"	4	"GTF2I"	0.279335553503605	9.34818207065356	0.883373905319854	0.36837684390435	0.842735121074833
"LP fibroblast"	4	"SRSF5"	-0.260292355597237	9.68965155290376	0.881538947668684	0.368849322361955	0.84275377838948
"LP fibroblast"	4	"SUPT5H"	0.359381124831153	7.74588545812174	0.881011605362494	0.369115922017942	0.84275377838948
"LP fibroblast"	4	"HNRNPH3"	-0.296837606054029	8.07389800843558	0.878478674431592	0.369730907654385	0.843322920920882
"LP fibroblast"	4	"IL13RA1"	0.356209262737938	7.82978967259899	0.874948553374509	0.370642305910124	0.843877855351063
"LP fibroblast"	4	"PGK1"	0.300232203420254	8.55602483367049	0.873083725294869	0.371134790305483	0.843877855351063
"LP fibroblast"	4	"BRI3"	0.337140348084433	8.03241479318125	0.870686242429195	0.371425448819196	0.843877855351063
"LP fibroblast"	4	"AKAP13"	-0.29350503215181	8.6752866598304	0.86840972165972	0.372357277486954	0.843877855351063
"LP fibroblast"	4	"VEGFA"	0.330618401262714	8.80120427054107	0.868087532969832	0.372442973748087	0.843877855351063
"LP fibroblast"	4	"CALCOCO2"	-0.27588590882873	8.57752780483202	0.866637412389163	0.372854187250666	0.843877855351063
"LP fibroblast"	4	"LRP1"	-0.356877768478458	9.67817187330426	0.863256217688439	0.37390843160586	0.843877855351063
"LP fibroblast"	4	"SEC62"	-0.274186672655069	9.05096834791717	0.861461216025562	0.374171599958492	0.843877855351063
"LP fibroblast"	4	"SLC25A36"	-0.296027012221045	8.16567361496817	0.858104694773102	0.375135937865377	0.843877855351063
"LP fibroblast"	4	"MGST3"	0.300759476817408	8.40009334401407	0.857450761194097	0.375251374853873	0.843877855351063
"LP fibroblast"	4	"ZFAS1"	-0.341155745062104	9.02843409264634	0.857003392449281	0.375369415118642	0.843877855351063
"LP fibroblast"	4	"TMEM183A"	0.367630852808348	7.87912039642764	0.857091226806278	0.375403635576216	0.843877855351063
"LP fibroblast"	4	"EEF1A1"	-0.193350037372231	12.6428368414272	0.85654261568695	0.375445819994351	0.843877855351063
"LP fibroblast"	4	"WFDC1"	0.338861716451166	7.74831231808062	0.855792872021987	0.375523736315296	0.843877855351063
"LP fibroblast"	4	"MAP3K20"	0.310180573735789	8.53639438968247	0.856135635179845	0.375633617460172	0.843877855351063
"LP fibroblast"	4	"SLC9A3R2"	0.375982083149718	8.22216044413056	0.855418437532273	0.376081659217636	0.843877855351063
"LP fibroblast"	4	"CFDP1"	-0.403946562233179	7.72008793728459	0.853926238239832	0.376195331873761	0.843877855351063
"LP fibroblast"	4	"ATP6AP2"	-0.313405377130934	8.64122488719598	0.850768154356999	0.377079360480644	0.844493187774778
"LP fibroblast"	4	"HOXB2"	0.409498275740989	7.59784127535983	0.84966235742455	0.377215608439454	0.844493187774778
"LP fibroblast"	4	"NOP56"	-0.325825998707075	7.91806794794885	0.846985258664223	0.377887396768722	0.844493187774778
"LP fibroblast"	4	"ATP5F1E"	0.249269166618084	10.3450739885709	0.846502068897802	0.378157575093602	0.844493187774778
"LP fibroblast"	4	"CD248"	0.657156723453847	7.32238465714891	0.847151706922322	0.378300721149759	0.844493187774778
"LP fibroblast"	4	"MYH9"	-0.243726384240098	10.007123649334	0.844185327437302	0.378790596798141	0.844768971195853
"LP fibroblast"	4	"KDM5A"	-0.326476565730238	7.98863856608533	0.841801193674965	0.379482929368076	0.84549529963554
"LP fibroblast"	4	"NR2F1"	0.292796656127806	9.30325421059676	0.834628606232541	0.381418904565971	0.848600032822369
"LP fibroblast"	4	"NCOR2"	0.415415201007937	8.11671723054649	0.833700190002551	0.381821344345484	0.848600032822369
"LP fibroblast"	4	"HNRNPA2B1"	-0.229513402710912	10.483548805475	0.831360946442482	0.382296772224123	0.848600032822369
"LP fibroblast"	4	"PTMA"	0.210823721704777	11.7171806023507	0.831162301379143	0.382348410278596	0.848600032822369
"LP fibroblast"	4	"GLUD1"	-0.270959887335038	8.30719305457644	0.827455403532709	0.383484094205623	0.849753879709436
"LP fibroblast"	4	"URI1"	-0.352160742529364	7.90225163830898	0.826861255622666	0.383605285679758	0.849753879709436
"LP fibroblast"	4	"TMEM87A"	-0.329941439219265	7.80713639888165	0.82343100173812	0.384554606807908	0.85085718311943
"LP fibroblast"	4	"NFKBIZ"	0.453066175729666	8.9981031048676	0.822927149973725	0.385006407243806	0.85085718311943
"LP fibroblast"	4	"TMEM248"	-0.266136315149713	8.54756236231566	0.820838384206071	0.385297274851567	0.85085718311943
"LP fibroblast"	4	"CRIP2"	0.400256618242327	7.46092038392867	0.814321336163775	0.385609091088919	0.85085718311943
"LP fibroblast"	4	"BMP4"	-0.267019692917537	9.7282819696768	0.816492402923356	0.386441153631782	0.85085718311943
"LP fibroblast"	4	"UBE2R2"	0.281662348662291	8.51560296766601	0.816717284139426	0.386446717923302	0.85085718311943
"LP fibroblast"	4	"FAU"	0.276638440036889	9.58029211607743	0.815638385153113	0.386686178624962	0.85085718311943
"LP fibroblast"	4	"NEAT1"	-0.244896681090836	10.4305132965871	0.814197225105696	0.38708150477791	0.850915109645244
"LP fibroblast"	4	"GOLGA2"	0.355436070162727	7.83912265928861	0.812352869392629	0.387663196579492	0.851099745766797
"LP fibroblast"	4	"PPIA"	0.220257039035272	10.7788899183326	0.810238231725723	0.388187926414546	0.851099745766797
"LP fibroblast"	4	"ISCU"	-0.272512639582347	8.53055901628037	0.809033497227555	0.388615830516123	0.851099745766797
"LP fibroblast"	4	"CD24"	-0.578714405129514	8.12064277229663	0.805449397930128	0.388641817993251	0.851099745766797
"LP fibroblast"	4	"FGFR4"	0.532678777284722	7.86250167261836	0.808024532008608	0.389363587762794	0.851871378919357
"LP fibroblast"	4	"C6orf62"	-0.292537168506218	8.3453043364627	0.804631740612067	0.389875370516286	0.852182563422328
"LP fibroblast"	4	"SDC2"	-0.26000810609567	9.08703370641379	0.803047876002342	0.390259915884823	0.85221530874091
"LP fibroblast"	4	"EIF2S2"	0.264183145996672	8.30322992587339	0.797974492466336	0.39178201924346	0.853112158103672
"LP fibroblast"	4	"EMC7"	-0.368018261003863	7.86734549480218	0.796567352434821	0.39218404543363	0.853112158103672
"LP fibroblast"	4	"ATXN2"	0.323524388683933	7.71364822778004	0.79631066610144	0.392273542357894	0.853112158103672
"LP fibroblast"	4	"VEGFB"	-0.313622103400453	7.75577587673904	0.792888838839047	0.392502025549647	0.853112158103672
"LP fibroblast"	4	"TDO2"	0.366840414611268	7.56418385917026	0.79404019368863	0.39284963046994	0.853112158103672
"LP fibroblast"	4	"ATP5MD"	0.298150216898554	7.92908856514442	0.793197805833885	0.393108442420731	0.853112158103672
"LP fibroblast"	4	"SPTLC1"	-0.319689467289181	7.88365900391786	0.791381769443354	0.39368125765367	0.853112158103672
"LP fibroblast"	4	"MGAT1"	0.396358413034851	7.7526442919149	0.790524448546633	0.393922719789458	0.853112158103672
"LP fibroblast"	4	"PRDM1"	0.438623327308378	8.81131980218766	0.789991298264146	0.394519376784976	0.853112158103672
"LP fibroblast"	4	"YY1"	-0.252840887983699	8.43059949139428	0.786412926317403	0.395091026951812	0.853112158103672
"LP fibroblast"	4	"NONO"	0.267783608205837	9.13704310766927	0.784578399284852	0.39556525764276	0.853112158103672
"LP fibroblast"	4	"H2AFY"	0.264778640667324	8.72969386364311	0.781340724666978	0.396540298585728	0.853112158103672
"LP fibroblast"	4	"ARHGEF12"	-0.262404742963663	8.21757978087148	0.778777387993637	0.397334573984767	0.853112158103672
"LP fibroblast"	4	"PABPN1"	-0.335309169353053	8.09622608782504	0.776698207812328	0.397956406543359	0.853112158103672
"LP fibroblast"	4	"NDUFC1"	0.333503670488629	7.81344391492493	0.776439497814174	0.398060834255913	0.853112158103672
"LP fibroblast"	4	"MATR3"	-0.257756983359378	9.3265766543447	0.77528296863543	0.398280468667081	0.853112158103672
"LP fibroblast"	4	"SPRED1"	-0.314897890586882	8.35411198524037	0.774511272166343	0.398595110409082	0.853112158103672
"LP fibroblast"	4	"LAMTOR4"	-0.453596164432137	7.75406615673631	0.768458803001507	0.398972828073895	0.853112158103672
"LP fibroblast"	4	"SGSM2"	0.513701294321611	7.28648371830787	0.771740772188102	0.399069110042292	0.853112158103672
"LP fibroblast"	4	"ATP5MF"	0.420953919766181	8.50722394266216	0.774327181658757	0.399091510113476	0.853112158103672
"LP fibroblast"	4	"DVL3"	0.338948234686006	7.93562386520281	0.771487489403361	0.399493067797606	0.853112158103672
"LP fibroblast"	4	"ATF6"	0.353069449766466	7.44912641593066	0.770348577096923	0.399709299774157	0.853112158103672
"LP fibroblast"	4	"PNISR"	0.268048151515213	9.58050800376497	0.770225501304314	0.399756543919448	0.853112158103672
"LP fibroblast"	4	"CREBZF"	0.357984083257557	7.68719491411281	0.770294629785108	0.3998525147693	0.853112158103672
"LP fibroblast"	4	"CHD9"	-0.322069204844168	8.23717788510228	0.769674640007101	0.400020189065821	0.853112158103672
"LP fibroblast"	4	"FYN"	-0.327644853656311	7.69217836774796	0.767669975118763	0.400493358256815	0.853112158103672
"LP fibroblast"	4	"ZBTB38"	-0.323153144212528	7.68422834747892	0.765686742505643	0.401003309491275	0.853112158103672
"LP fibroblast"	4	"MYO6"	0.302828561155445	7.97751460959831	0.76600970928499	0.401029305890885	0.853112158103672
"LP fibroblast"	4	"CUL5"	-0.342787061895386	7.4195313090509	0.763281384056579	0.40171173066522	0.853420231586416
"LP fibroblast"	4	"SPAG9"	-0.287559576457683	8.02796496788579	0.762008869512336	0.402283808136215	0.853420231586416
"LP fibroblast"	4	"LITAF"	0.298754216273169	9.24056519023794	0.761754296989484	0.402284384967231	0.853420231586416
"LP fibroblast"	4	"RBFOX2"	0.279087505986361	8.60089212462295	0.759630646665445	0.402959811334076	0.853933051076552
"LP fibroblast"	4	"AGR2"	-0.434456680215452	8.01086737901399	0.755593813802821	0.403499279485618	0.853933051076552
"LP fibroblast"	4	"CLIC4"	-0.294105132296913	7.75977869682754	0.756784489912036	0.403856290472386	0.853933051076552
"LP fibroblast"	4	"ARID1B"	-0.344044432764466	7.75611637961716	0.755195315079971	0.404253639516617	0.853933051076552
"LP fibroblast"	4	"ATP2A2"	0.281250964914408	8.95257566327581	0.75363522018543	0.40472997815763	0.853933051076552
"LP fibroblast"	4	"RBM23"	-0.292471878109297	7.96639683300136	0.753855986369815	0.404747972604801	0.853933051076552
"LP fibroblast"	4	"BRD2"	-0.258371737444974	9.08202199400093	0.748790719699089	0.406204513007339	0.854878904655216
"LP fibroblast"	4	"DICER1"	-0.314795353013235	7.59303398974469	0.747703586810161	0.40623683580585	0.854878904655216
"LP fibroblast"	4	"FKBP9"	-0.245865762140277	8.91819419772006	0.74846224927143	0.40630844731228	0.854878904655216
"LP fibroblast"	4	"NACA"	-0.246767248482795	10.0571679278939	0.743994423181082	0.407620044190043	0.856643308480102
"LP fibroblast"	4	"WSB1"	-0.234014578236196	9.52005711817625	0.743060219505718	0.407916704974558	0.856643308480102
"LP fibroblast"	4	"CDH11"	0.232202327986542	9.12617526674368	0.741963825877418	0.408261490034533	0.856643308480102
"LP fibroblast"	4	"SLC25A3"	0.266862191079751	9.42821645619997	0.74011408950675	0.408814371489619	0.856712545887793
"LP fibroblast"	4	"PDGFRA"	-0.235177236844446	9.9268507378687	0.736980578037741	0.409767004303068	0.856712545887793
"LP fibroblast"	4	"LSM3"	-0.309015736946984	7.80671616631064	0.736803976967534	0.409905967100822	0.856712545887793
"LP fibroblast"	4	"PRNP"	-0.239208100451907	9.36842047711469	0.735540716099473	0.410226245391848	0.856712545887793
"LP fibroblast"	4	"EID1"	-0.241044698472029	9.65053729000017	0.734885739094199	0.410417669565628	0.856712545887793
"LP fibroblast"	4	"SAR1A"	0.26068856542642	8.07259286595858	0.73231334407783	0.411315871277192	0.856712545887793
"LP fibroblast"	4	"MSI2"	-0.313971429777078	7.57652311750425	0.731678748258479	0.411365808804543	0.856712545887793
"LP fibroblast"	4	"TMED2"	-0.306453829194055	8.52707447129979	0.731792096262397	0.4114385565261	0.856712545887793
"LP fibroblast"	4	"CAST"	-0.250593960475413	9.17391781218547	0.731012618928115	0.411638118319026	0.856712545887793
"LP fibroblast"	4	"CHP1"	-0.337503745723718	7.49149468140044	0.726309598364229	0.412977584355618	0.858725256559111
"LP fibroblast"	4	"VCL"	0.25376560995755	8.9244205523843	0.72370826588395	0.413919363263056	0.85882379268117
"LP fibroblast"	4	"WNK1"	0.304532986646954	7.95880962425293	0.722082907965773	0.414507866481875	0.85882379268117
"LP fibroblast"	4	"TUBB4B"	0.360918110498665	7.88040984187177	0.719018405623116	0.415253827913359	0.85882379268117
"LP fibroblast"	4	"DYNLT1"	0.287139540364315	7.86564743800899	0.718851183417538	0.415515147156487	0.85882379268117
"LP fibroblast"	4	"HLA-C"	0.206013399560702	11.0335627861408	0.718112738137367	0.415623768814184	0.85882379268117
"LP fibroblast"	4	"CSDE1"	-0.225666368441376	9.53366663653526	0.717321064449521	0.415886909872639	0.85882379268117
"LP fibroblast"	4	"SERPINE2"	0.3294226199294	8.49334109033152	0.717838291268852	0.415959830513814	0.85882379268117
"LP fibroblast"	4	"PTPN11"	-0.320913851194485	7.72929586041748	0.717155003402513	0.416004413020324	0.85882379268117
"LP fibroblast"	4	"ID1"	0.553912774001123	7.68690931003306	0.713562114730562	0.416947721331264	0.860001292835326
"LP fibroblast"	4	"TMEM131"	0.320632801330481	7.48253300742422	0.712444815440713	0.417447825679278	0.860263347646483
"LP fibroblast"	4	"WIPF1"	0.350163367548906	7.59702868297397	0.706982752533409	0.419177643977757	0.860878306353131
"LP fibroblast"	4	"TAPBP"	0.334178785696494	8.60431519976922	0.705719235412015	0.419809047391121	0.860878306353131
"LP fibroblast"	4	"MRPL51"	0.307905757715352	7.95484643989246	0.702289279671397	0.4207747170104	0.860878306353131
"LP fibroblast"	4	"AC020916.1"	0.65665015522965	7.57393568445355	0.702172658780038	0.420824405540355	0.860878306353131
"LP fibroblast"	4	"SLC44A1"	-0.258349873725343	8.12816714824707	0.702044860624469	0.420833361887025	0.860878306353131
"LP fibroblast"	4	"NCSTN"	-0.346930671064713	7.73141084334518	0.698471155480496	0.421598831087523	0.860878306353131
"LP fibroblast"	4	"BCAP31"	0.394774046177412	7.56154860322009	0.698184723218026	0.42195895806426	0.860878306353131
"LP fibroblast"	4	"COLGALT1"	0.519683451405848	7.25150946063558	0.695085773829877	0.422195223843879	0.860878306353131
"LP fibroblast"	4	"IRF2BPL"	-0.240101374565585	8.65122535461947	0.697004530807308	0.422417695439476	0.860878306353131
"LP fibroblast"	4	"TRIM22"	-0.31153855364465	8.3336766022651	0.69689756593521	0.422443374902179	0.860878306353131
"LP fibroblast"	4	"ID3"	0.508977397832771	9.61641412640683	0.6976493645037	0.422599305824285	0.860878306353131
"LP fibroblast"	4	"MYOF"	-0.342588625371987	7.80892197411111	0.695701553051536	0.422839045942655	0.860878306353131
"LP fibroblast"	4	"LAMA2"	0.331324002819556	8.91318580615689	0.695192259694638	0.423164147055085	0.860878306353131
"LP fibroblast"	4	"SAP18"	-0.263185205948151	8.92633729898364	0.694262753802958	0.423270981010044	0.860878306353131
"LP fibroblast"	4	"DAP"	-0.427445556191765	7.59884469540273	0.693538241432915	0.423487289538527	0.860878306353131
"LP fibroblast"	4	"MRPL34"	-0.314742993773059	7.68822920159489	0.692995207107521	0.423719374549351	0.860878306353131
"LP fibroblast"	4	"ATP6V1E1"	0.315593259771259	7.89573676066727	0.686809832410963	0.425767251829166	0.861726389611076
"LP fibroblast"	4	"FOXF2"	-0.238832353633448	8.59808745332047	0.685158581256451	0.42626339922388	0.861726389611076
"LP fibroblast"	4	"MACF1"	-0.231649183733252	8.76666296378922	0.685041019687412	0.426289185239858	0.861726389611076
"LP fibroblast"	4	"CTSC"	0.215002335627279	11.0762532333825	0.684588155569558	0.426378483216468	0.861726389611076
"LP fibroblast"	4	"U2SURP"	-0.236782158828227	8.47486878462732	0.684594647935974	0.426456200382712	0.861726389611076
"LP fibroblast"	4	"MLEC"	0.257199683313861	8.15532567856818	0.683805705000683	0.42671186387174	0.861726389611076
"LP fibroblast"	4	"HNRNPK"	-0.220147355868476	9.80441372938883	0.683473044837888	0.426752617925346	0.861726389611076
"LP fibroblast"	4	"PNRC2"	-0.268394794559499	8.82432285165643	0.682467869200386	0.427131698429771	0.861737267348253
"LP fibroblast"	4	"OTUB1"	0.614493919317881	7.17261125285201	0.679084680355852	0.428233202256369	0.862415155652587
"LP fibroblast"	4	"NASP"	0.26838960136359	8.11319197395211	0.678600934508891	0.428433613576464	0.862415155652587
"LP fibroblast"	4	"HSP90B1"	0.245836565599618	10.5747533983885	0.677650494550503	0.428661362387561	0.862415155652587
"LP fibroblast"	4	"C11orf96"	0.355441538207243	10.9856358355334	0.676881303906329	0.429362292565264	0.862415155652587
"LP fibroblast"	4	"UGDH"	-0.420045042571735	7.41969995679103	0.673993397221843	0.429704446953891	0.862415155652587
"LP fibroblast"	4	"RYK"	-0.37401453891568	7.55635841221014	0.674296384922761	0.429711627859854	0.862415155652587
"LP fibroblast"	4	"SSPN"	-0.355763226554836	8.04883311850843	0.67277855399506	0.430427655498478	0.863101020503904
"LP fibroblast"	4	"SPPL2A"	-0.436670448650703	7.8713381419881	0.66909066457701	0.431951522375525	0.865200410835925
"LP fibroblast"	4	"PTPN12"	0.307659028724795	7.57535184569037	0.667178997416392	0.432225010096698	0.865200410835925
"LP fibroblast"	4	"SNX1"	-0.249930979107621	8.05667390870386	0.665328138642915	0.432845880601719	0.865691761203438
"LP fibroblast"	4	"HSD17B11"	-0.381225935675076	7.77328689223136	0.661695861656662	0.43413461999481	0.866904555582065
"LP fibroblast"	4	"FNDC3A"	0.31447256224232	7.63377747505275	0.660789339836116	0.434385745650794	0.866904555582065
"LP fibroblast"	4	"TMEM205"	0.383409522628319	7.95390806023678	0.661012261225443	0.434712014473955	0.866904555582065
"LP fibroblast"	4	"COL3A1"	-0.164149016483555	12.7445888970582	0.65776289645974	0.435311228903577	0.866904555582065
"LP fibroblast"	4	"AP3S1"	-0.249586662336161	8.07259320390128	0.657571499323998	0.43549855956215	0.866904555582065
"LP fibroblast"	4	"PEBP1"	-0.241736589490117	9.56568443009987	0.656638984206671	0.43570788374658	0.866904555582065
"LP fibroblast"	4	"ITPRID2"	-0.263195876996492	8.07359686270118	0.655283814836922	0.436264756926566	0.867131661859573
"LP fibroblast"	4	"BCL9L"	0.347219945461093	8.11427585319997	0.653461490311857	0.436996596409921	0.867131661859573
"LP fibroblast"	4	"SGCB"	-0.377722300151754	7.7375721748995	0.65243813216419	0.437255481328811	0.867131661859573
"LP fibroblast"	4	"TRIM44"	0.351542513125338	7.81428122088828	0.652190535475113	0.437326159038458	0.867131661859573
"LP fibroblast"	4	"CD99"	0.28674134157328	9.35644288705	0.649667016406978	0.438092306017315	0.867904516903718
"LP fibroblast"	4	"AGRN"	0.325547618591433	7.53742342412339	0.647834469623299	0.438719530224713	0.868041846247319
"LP fibroblast"	4	"ZNF638"	-0.272944595005526	8.23637751571732	0.647483032843808	0.438914480799815	0.868041846247319
"LP fibroblast"	4	"RGS10"	-0.288695232902879	8.1689618275174	0.645056351495927	0.439750209585148	0.868949428708957
"LP fibroblast"	4	"KDELR2"	0.302458182002358	8.43805940318712	0.643383081078104	0.440303013501372	0.869169707710778
"LP fibroblast"	4	"FAM114A1"	0.234997426014208	8.17140548942606	0.640756054989996	0.441234204511598	0.869169707710778
"LP fibroblast"	4	"GOLGA4"	0.240858442560746	8.55284386211261	0.639962814996365	0.44147794096985	0.869169707710778
"LP fibroblast"	4	"KIF5B"	-0.280251973578561	8.659561087337	0.639932544040123	0.441488694310615	0.869169707710778
"LP fibroblast"	4	"H3F3A"	0.200614440664802	10.5883568694814	0.637999518247825	0.44209388452966	0.869169707710778
"LP fibroblast"	4	"RTRAF"	0.325548103502245	7.74413970305236	0.638299554923794	0.442123186099195	0.869169707710778
"LP fibroblast"	4	"TRIOBP"	-0.257407660699409	8.42272328283715	0.634228003936944	0.443438628542889	0.869739090537001
"LP fibroblast"	4	"GAS7"	-0.296236228186831	8.36463711749174	0.633532870670906	0.443740132730201	0.869739090537001
"LP fibroblast"	4	"PRKG1"	-0.314891351280251	8.01120555189212	0.633426089315981	0.44375383091056	0.869739090537001
"LP fibroblast"	4	"HEXB"	-0.23710950634549	8.26175730955344	0.632173073508978	0.444224606375379	0.869739090537001
"LP fibroblast"	4	"PRCP"	0.285870348287907	7.74075898212117	0.631549152633536	0.444453360312663	0.869739090537001
"LP fibroblast"	4	"SLC39A7"	0.304576872859478	8.03500070608761	0.630880980999417	0.444675796939777	0.869739090537001
"LP fibroblast"	4	"IQGAP1"	-0.2453345063448	8.92738588048667	0.62714571090464	0.445934456231561	0.870656648007792
"LP fibroblast"	4	"ITM2C"	0.249567464621991	9.44097729152378	0.626167030835464	0.446248888969411	0.870656648007792
"LP fibroblast"	4	"ACTR2"	-0.251278317241618	9.16114594292122	0.624719780224116	0.446783853897023	0.870656648007792
"LP fibroblast"	4	"BTG1"	0.25290592489177	9.47670386707303	0.624290474362982	0.446912839417601	0.870656648007792
"LP fibroblast"	4	"GNAI3"	0.308487869470247	7.59521155301096	0.624027372286411	0.447032728205215	0.870656648007792
"LP fibroblast"	4	"RNF167"	0.321760674033906	7.49689981966825	0.62000642646381	0.448385013076422	0.87128598663359
"LP fibroblast"	4	"ZNF503"	-0.352668635479569	7.92902376940281	0.620477058596786	0.44854987058322	0.87128598663359
"LP fibroblast"	4	"HSPB1"	0.375642152451225	10.2925547164507	0.619929431050413	0.448871361413542	0.87128598663359
"LP fibroblast"	4	"RNF213"	0.307605406786303	7.92199795082323	0.617598104899215	0.449372780243388	0.87128598663359
"LP fibroblast"	4	"ST13"	-0.219377322617584	9.42392307083846	0.614230687654439	0.450501124375825	0.87128598663359
"LP fibroblast"	4	"HSPA5"	0.241443581732215	9.9923078287395	0.613988203692496	0.450573284072378	0.87128598663359
"LP fibroblast"	4	"HNRNPA3"	-0.230043240141557	9.55584488416314	0.611398672126592	0.451513076303659	0.87128598663359
"LP fibroblast"	4	"EP300"	-0.259220959988802	8.37409712831371	0.61144499325621	0.451569019798069	0.87128598663359
"LP fibroblast"	4	"PHF20L1"	-0.327804059893198	7.82642653526573	0.610306561731378	0.451975856984903	0.87128598663359
"LP fibroblast"	4	"FILIP1L"	-0.278854505028118	10.6602873541503	0.609557233097348	0.452345159915425	0.87128598663359
"LP fibroblast"	4	"SPOP"	-0.250018581119369	8.01604170179837	0.606099337168024	0.453521517081853	0.87128598663359
"LP fibroblast"	4	"FYTTD1"	-0.298965882136071	7.61185142656583	0.602976751340593	0.454447905828852	0.87128598663359
"LP fibroblast"	4	"CIRBP"	-0.223958226981974	9.44946147211086	0.602821614803351	0.454624174509517	0.87128598663359
"LP fibroblast"	4	"LBH"	-0.283055855245193	8.02212937113729	0.598158509734681	0.454889610228849	0.87128598663359
"LP fibroblast"	4	"AKAP11"	0.301751647080021	7.74712806656155	0.601688822569247	0.455097572854041	0.87128598663359
"LP fibroblast"	4	"SPIN1"	-0.287077367109751	7.99224109507153	0.601583355007777	0.455138838041558	0.87128598663359
"LP fibroblast"	4	"TMX3"	0.291766067611645	7.71194101361424	0.598712164381885	0.456219778326049	0.87128598663359
"LP fibroblast"	4	"NBN"	-0.344427071507907	7.64210695638677	0.598487435099779	0.456222704491342	0.87128598663359
"LP fibroblast"	4	"HMGB1"	-0.204276022620904	10.5183107279609	0.597701389978138	0.456475168213644	0.87128598663359
"LP fibroblast"	4	"RTN3"	-0.271986074601488	8.69321251761875	0.597499814335232	0.456600988465495	0.87128598663359
"LP fibroblast"	4	"COL1A1"	0.172271244755761	12.228384894176	0.596778702757969	0.456810660270789	0.87128598663359
"LP fibroblast"	4	"MGP"	0.462080120461708	7.32968539479217	0.59288452830499	0.456953314534161	0.87128598663359
"LP fibroblast"	4	"NUTF2"	0.236850905367764	8.19647654314204	0.596032127289842	0.457168597509644	0.87128598663359
"LP fibroblast"	4	"MALAT1"	-0.187297044054241	12.359813279029	0.595749395792929	0.457188656083618	0.87128598663359
"LP fibroblast"	4	"CFAP36"	-0.284820347485269	7.60101558575938	0.595477775077583	0.457212033257371	0.87128598663359
"LP fibroblast"	4	"MORF4L1"	0.215354947259919	9.67636845166682	0.595095668999482	0.457439439238798	0.87128598663359
"LP fibroblast"	4	"ETS1"	-0.241169001638673	7.98799493248824	0.594124558592303	0.457823820105463	0.87128598663359
"LP fibroblast"	4	"SSR2"	0.228527223267736	8.78081405276424	0.593840452558687	0.457935219340811	0.87128598663359
"LP fibroblast"	4	"CCNY"	-0.279884948220607	7.850786879156	0.59141156185853	0.458723775317309	0.872066797923919
"LP fibroblast"	4	"FAM120A"	-0.21865414671158	8.9584674568409	0.585730319755091	0.460934017106966	0.875060144813509
"LP fibroblast"	4	"ARID1A"	-0.22419336982471	8.25131477834706	0.585558088437494	0.461057274912582	0.875060144813509
"LP fibroblast"	4	"H2AFZ"	-0.226111267709276	8.46901966052373	0.583085691321953	0.461956404547814	0.876045615861233
"LP fibroblast"	4	"SNX6"	-0.284814523308941	7.95527896594319	0.581903008772429	0.462432984140114	0.876228809718243
"LP fibroblast"	4	"TCIM"	0.281009201745306	9.85916225225609	0.579802043737466	0.463152731293454	0.876403694066172
"LP fibroblast"	4	"PLPP1"	0.193085883820479	10.6827930748944	0.579351095776992	0.463285387279559	0.876403694066172
"LP fibroblast"	4	"IL6ST"	-0.176467179209805	11.2355392273449	0.576841189985965	0.464229217854178	0.876719753382713
"LP fibroblast"	4	"ZC3H15"	0.240903582976043	8.12997867815541	0.576194197295757	0.464580622058357	0.876719753382713
"LP fibroblast"	4	"EWSR1"	0.226367052001239	8.75540317105327	0.573008582084801	0.465731527991963	0.876719753382713
"LP fibroblast"	4	"TAF1D"	0.285359245169583	7.95686400595338	0.572318786406937	0.466047715231665	0.876719753382713
"LP fibroblast"	4	"TOMM7"	0.215692842710552	9.79487654363844	0.570252342363107	0.466733461259086	0.876719753382713
"LP fibroblast"	4	"SLIT2"	-0.352315521924442	8.44817609282941	0.571296062245542	0.46682867322733	0.876719753382713
"LP fibroblast"	4	"SETD2"	-0.327514012870661	7.63614696728511	0.566742253491309	0.468015642666677	0.876719753382713
"LP fibroblast"	4	"CHMP5"	-0.464480945365149	7.68300348002792	0.567908464921982	0.468037138862735	0.876719753382713
"LP fibroblast"	4	"PITX1"	0.320333173688671	8.50816670286514	0.567070029531266	0.468413100111188	0.876719753382713
"LP fibroblast"	4	"SNHG8"	0.250808864123753	8.38309945840144	0.564797380366725	0.468885680364232	0.876719753382713
"LP fibroblast"	4	"FGD5-AS1"	-0.269856969796342	8.0906599141578	0.563331847953592	0.469460827361318	0.876719753382713
"LP fibroblast"	4	"PBX1"	-0.233467470103207	9.32406458767434	0.562666987577967	0.469650427295432	0.876719753382713
"LP fibroblast"	4	"RSF1"	-0.23760529231705	8.4792869117171	0.56270483631865	0.46968500604559	0.876719753382713
"LP fibroblast"	4	"HGSNAT"	0.27344101120612	7.78019629311754	0.562709032709926	0.469718129215123	0.876719753382713
"LP fibroblast"	4	"CALM2"	-0.285877831099383	9.49868622362015	0.561979869455317	0.470078662112981	0.876719753382713
"LP fibroblast"	4	"EIF3F"	-0.220664055682677	8.62605477203797	0.558935369606916	0.471130700245096	0.876719753382713
"LP fibroblast"	4	"DRAM1"	0.226119781249892	8.26141810734235	0.558503200017525	0.47132525077394	0.876719753382713
"LP fibroblast"	4	"SERPINB1"	0.297342261314225	7.99156302510313	0.558014219610209	0.47152779465126	0.876719753382713
"LP fibroblast"	4	"CAPZB"	0.212529937973112	10.0966051899797	0.557448591895524	0.471647771741599	0.876719753382713
"LP fibroblast"	4	"GNG2"	0.310711300699494	7.36958287825958	0.556106654608602	0.471821192983499	0.876719753382713
"LP fibroblast"	4	"TLE4"	-0.274236607445552	7.71089939225135	0.556846179354028	0.471922978869635	0.876719753382713
"LP fibroblast"	4	"ERGIC1"	0.302130835232249	7.59455393156783	0.556322462259792	0.472109088360558	0.876719753382713
"LP fibroblast"	4	"S100A10"	-0.274299916794973	8.79990984608736	0.55434697384995	0.472901194091516	0.876719753382713
"LP fibroblast"	4	"DDX21"	0.303550698200539	8.02286504007198	0.553992108873284	0.473068927986482	0.876719753382713
"LP fibroblast"	4	"C1RL"	-0.249360261506867	7.83593391649499	0.553747131829327	0.473112850534553	0.876719753382713
"LP fibroblast"	4	"STMP1"	0.280102946945585	8.04497320586423	0.553381771176955	0.47333742105875	0.876719753382713
"LP fibroblast"	4	"H1F0"	-0.229151670865107	8.89978518484547	0.549891102915256	0.474638503676762	0.878424068602419
"LP fibroblast"	4	"FBXO7"	-0.236444138449917	8.07788882340594	0.547186501048139	0.475757249031355	0.879602160303926
"LP fibroblast"	4	"PRPF8"	0.280785291162915	7.56059074730364	0.545390684308951	0.476378437075099	0.879602160303926
"LP fibroblast"	4	"C9orf78"	0.266962396642609	7.72688649772954	0.545474350630282	0.47641938344302	0.879602160303926
"LP fibroblast"	4	"VEZF1"	-0.218788854342708	8.46409133366507	0.543577842877528	0.477144320670494	0.879631909748204
"LP fibroblast"	4	"IPO5"	-0.339578155646409	7.87917999340982	0.543296077695123	0.477416448292417	0.879631909748204
"LP fibroblast"	4	"TMEM230"	0.234513754601837	8.31063255543555	0.542521897570274	0.477579857330768	0.879631909748204
"LP fibroblast"	4	"PDS5A"	-0.276116472013748	7.63881041473228	0.540941326968773	0.47815014971741	0.879979445529407
"LP fibroblast"	4	"COX20"	-0.289808298641049	7.82332347433165	0.53861762081101	0.479065667818842	0.880543899990282
"LP fibroblast"	4	"ARL6IP4"	-0.321517775811753	7.54877612620238	0.53667299917725	0.479220552683349	0.880543899990282
"LP fibroblast"	4	"TCF4"	-0.214852219498844	9.81498157565124	0.53585908134142	0.480152581938186	0.881554023845109
"LP fibroblast"	4	"TFG"	-0.251400420900883	7.99237111091773	0.530570786707218	0.482367946837423	0.883923609804479
"LP fibroblast"	4	"DDX1"	0.25891503685154	7.83802978173812	0.530380310099367	0.482438271299537	0.883923609804479
"LP fibroblast"	4	"PAG1"	-0.295153933240683	7.87014522364748	0.529465733802013	0.482726236991543	0.883923609804479
"LP fibroblast"	4	"EIF4G1"	-0.234873116265697	7.83670441660723	0.525404231645079	0.482976473700626	0.883923609804479
"LP fibroblast"	4	"RBL2"	-0.251036496983768	8.23271784902641	0.52659878828005	0.483919928723733	0.884947942614535
"LP fibroblast"	4	"MAP1LC3A"	0.344424704307927	7.9881229871653	0.526176807533886	0.484520634208625	0.885344360130816
"LP fibroblast"	4	"TBC1D5"	-0.303337131263757	7.46716505517751	0.521493758533038	0.485890584890374	0.886802613913416
"LP fibroblast"	4	"ATN1"	0.213800880024633	9.23347257098117	0.521197915121363	0.486087816126001	0.886802613913416
"LP fibroblast"	4	"PPP1R12A"	0.284747304433457	8.24709445534094	0.519940084265594	0.486666278800726	0.88715607819326
"LP fibroblast"	4	"FUCA2"	0.280653293261321	7.77924413137161	0.514140826901672	0.489039777780038	0.89009296673604
"LP fibroblast"	4	"PPP3CA"	-0.220325508217172	8.26944812934796	0.513958506162524	0.489122540712948	0.89009296673604
"LP fibroblast"	4	"VDAC2"	-0.255692545373432	7.86674303481692	0.513236384033916	0.489435334701344	0.89009296673604
"LP fibroblast"	4	"RIOX2"	0.296894145653121	7.75288463954553	0.512229029704585	0.489837893761974	0.890123075662027
"LP fibroblast"	4	"BEX3"	0.206337465071078	9.16538852040337	0.509575495224254	0.490875856698715	0.891306870509634
"LP fibroblast"	4	"RND3"	-0.252405642838971	9.14737519830152	0.506231710650386	0.492260278227692	0.893117389136946
"LP fibroblast"	4	"RSL1D1"	-0.245169295699766	8.88056288761158	0.504378698472766	0.493062533848274	0.893205809091835
"LP fibroblast"	4	"HSPA4"	0.275619846416226	7.55205874987089	0.503551560186615	0.49340299553617	0.893205809091835
"LP fibroblast"	4	"MXRA7"	0.206242066656391	8.99202576420819	0.503376867620001	0.493471032429747	0.893205809091835
"LP fibroblast"	4	"ID2"	0.40775872789543	8.63381793775653	0.502897916620129	0.494074700840393	0.893597066774859
"LP fibroblast"	4	"GNS"	-0.238917874333831	7.88971672632003	0.500262786350589	0.494847248319057	0.893878213863824
"LP fibroblast"	4	"STAU1"	-0.223082786782749	8.49379225196331	0.499381602937275	0.495187638686596	0.893878213863824
"LP fibroblast"	4	"P4HA1"	-0.21002716578239	8.19099509187032	0.498957364612611	0.49539304306937	0.893878213863824
"LP fibroblast"	4	"KMT2A"	-0.224835286937056	8.22691327435006	0.49694562382554	0.496234349366923	0.894425591947594
"LP fibroblast"	4	"PTEN"	-0.212195937892244	8.97450793022121	0.496066877187828	0.496559850372617	0.894425591947594
"LP fibroblast"	4	"NDUFB3"	0.38147815879487	7.28228514448331	0.493969123836112	0.496860010097514	0.894425591947594
"LP fibroblast"	4	"ECPAS"	-0.235236012546425	7.84824302070564	0.490875870470584	0.498839614654621	0.897015291055281
"LP fibroblast"	4	"CCT2"	0.272674527285329	8.15498738354221	0.490286253208958	0.499076590816967	0.897015291055281
"LP fibroblast"	4	"ECE1"	-0.275124888543111	7.80025362786199	0.487181308523831	0.500194585708968	0.898324544115951
"LP fibroblast"	4	"CHMP4B"	0.26050751260096	8.2234475722048	0.486078167038516	0.500882856106935	0.898860596251045
"LP fibroblast"	4	"DCAF7"	0.220593918629287	8.20614812185155	0.483986279473337	0.50178370399798	0.898923449374876
"LP fibroblast"	4	"TMEM119"	0.279448778613011	8.43639037419707	0.483319333873251	0.502080028161967	0.898923449374876
"LP fibroblast"	4	"CNN3"	0.226018498945833	9.59704792641839	0.4826869092733	0.502270641521958	0.898923449374876
"LP fibroblast"	4	"NOLC1"	0.208678625741559	8.19736168621139	0.482317017529983	0.502477157954994	0.898923449374876
"LP fibroblast"	4	"SUB1"	0.22377511801622	8.45428636692656	0.48106717054577	0.503029547686733	0.89921405966326
"LP fibroblast"	4	"RSL24D1"	-0.28308151100042	7.90476350894939	0.477891896403573	0.504426437010718	0.899696191971809
"LP fibroblast"	4	"ARHGAP6"	-0.316744332536911	7.62647696029674	0.477629538874441	0.504515594297874	0.899696191971809
"LP fibroblast"	4	"NDUFA5"	-0.258819357072042	7.71147065728133	0.475758772873809	0.505311809996511	0.899696191971809
"LP fibroblast"	4	"BST2"	0.33407212540786	8.70030582956104	0.476240111805632	0.505490807928198	0.899696191971809
"LP fibroblast"	4	"ENSA"	-0.211771669334733	8.37134636208326	0.474661811714647	0.505819886090545	0.899696191971809
"LP fibroblast"	4	"ANXA11"	0.24106027927426	8.60984022583071	0.47255955565956	0.50673228231523	0.899696191971809
"LP fibroblast"	4	"ARL5B"	0.326348243311269	7.50650006988183	0.470833831497448	0.506832475769728	0.899696191971809
"LP fibroblast"	4	"ROBO1"	0.221406821945937	8.26333796574631	0.472132776068197	0.506947814921636	0.899696191971809
"LP fibroblast"	4	"LAMC1"	0.190592218206607	10.1298045170307	0.470934866927416	0.507403453341999	0.899696191971809
"LP fibroblast"	4	"PGAM1"	0.257104913737138	8.36233809563881	0.471043891312113	0.507421597575856	0.899696191971809
"LP fibroblast"	4	"TSPAN4"	0.411678085494988	7.65000246696849	0.469916415607356	0.507860253983279	0.899696191971809
"LP fibroblast"	4	"CSNK1A1"	-0.187262683807048	8.98136819405685	0.469691556149364	0.507981110991889	0.899696191971809
"LP fibroblast"	4	"KDM5C"	0.260717746735824	7.85381453876949	0.465936983634622	0.509709971373902	0.900798325212753
"LP fibroblast"	4	"TNS1"	-0.196126038403484	8.47317619842658	0.46464692208834	0.510253676110835	0.900798325212753
"LP fibroblast"	4	"FBN1"	-0.215757834870696	9.3532853183549	0.463381233050605	0.510773979206669	0.900798325212753
"LP fibroblast"	4	"YWHAZ"	-0.198712612647054	9.8159118131147	0.463026120397633	0.510917499091763	0.900798325212753
"LP fibroblast"	4	"NCBP3"	-0.215273550386224	7.97644094076295	0.462895458948613	0.51105907743945	0.900798325212753
"LP fibroblast"	4	"TNFRSF1A"	-0.238599581657765	8.35480729162755	0.4616835018905	0.511573774556064	0.900798325212753
"LP fibroblast"	4	"DKK3"	-0.208531739858743	9.61450533849723	0.460899685278357	0.51187392265935	0.900798325212753
"LP fibroblast"	4	"CSF1"	0.298818356385976	9.28895661909768	0.461540814801767	0.511952810204143	0.900798325212753
"LP fibroblast"	4	"MAGED2"	0.24106074622249	7.94358494551117	0.460006384425544	0.512354513584565	0.900798325212753
"LP fibroblast"	4	"PHF3"	-0.26231400139941	8.08176219079182	0.459656577463462	0.512509714951922	0.900798325212753
"LP fibroblast"	4	"IGFBP6"	-0.267868701613532	7.90714703181406	0.45492306076887	0.513934185738349	0.901381433087065
"LP fibroblast"	4	"NUP50"	0.277636333952434	7.53865194624843	0.455173287267621	0.514071864063111	0.901381433087065
"LP fibroblast"	4	"TCP1"	0.212205654773445	8.05619343109204	0.455195436322217	0.514529437372927	0.901381433087065
"LP fibroblast"	4	"MXRA8"	0.270842940089364	8.72561968546451	0.455508208581703	0.514686288268283	0.901381433087065
"LP fibroblast"	4	"GBP2"	-0.231270419738046	9.00603615989255	0.454217706884508	0.514921252669389	0.901381433087065
"LP fibroblast"	4	"GRB2"	0.204823014443909	8.11366573218482	0.453100733823968	0.51543889229742	0.901381433087065
"LP fibroblast"	4	"MPRIP"	0.232056084225274	7.71900490435894	0.452713494726736	0.515577671397155	0.901381433087065
"LP fibroblast"	4	"GEM"	0.377144616053124	8.79825381351528	0.451359994181349	0.516274673085914	0.901916209194028
"LP fibroblast"	4	"MIER1"	-0.234947769060567	7.89549517928324	0.447043242650624	0.51820379860876	0.903600461664442
"LP fibroblast"	4	"GCC2"	-0.204938273967099	8.42909205716087	0.444354400971352	0.51944348396469	0.903600461664442
"LP fibroblast"	4	"IRF8"	-0.283949904808791	7.79060286587942	0.443351990119474	0.519603718216803	0.903600461664442
"LP fibroblast"	4	"CD55"	-0.302163905990564	7.92574147409571	0.443012549386035	0.519911557227668	0.903600461664442
"LP fibroblast"	4	"RNF7"	-0.277293923559439	7.57657271392029	0.442905408642721	0.520083461854466	0.903600461664442
"LP fibroblast"	4	"ARL6IP5"	-0.194172063054023	8.55053045402347	0.442323552520811	0.520373079999147	0.903600461664442
"LP fibroblast"	4	"PLK2"	0.274890177100756	7.97731815735677	0.442158115908874	0.520433507562685	0.903600461664442
"LP fibroblast"	4	"TEX261"	-0.228675297240965	7.95141446636675	0.441404129705482	0.520823874151515	0.903600461664442
"LP fibroblast"	4	"IFNGR1"	-0.262853965021257	7.70813501710316	0.440834076517471	0.521069863535815	0.903600461664442
"LP fibroblast"	4	"TRA2A"	0.211456016776945	8.00815539696096	0.44043805268423	0.521265850004865	0.903600461664442
"LP fibroblast"	4	"SELENON"	0.261727207676652	7.62852262072727	0.437529703331849	0.522544910957751	0.903600461664442
"LP fibroblast"	4	"ACTG1"	-0.15788254211511	11.1646533477175	0.437507838536515	0.522548286125666	0.903600461664442
"LP fibroblast"	4	"KANK2"	-0.195772010212267	9.25166410132313	0.437525941360091	0.522561558689312	0.903600461664442
"LP fibroblast"	4	"NID1"	-0.170354215282103	10.7984879879927	0.43713093580782	0.522724638274226	0.903600461664442
"LP fibroblast"	4	"CUTA"	0.236236083835562	8.0259822737966	0.434856592854314	0.523855836345261	0.903635191176792
"LP fibroblast"	4	"NUDT5"	-0.286849906770541	7.49792666973795	0.433008070335813	0.524676336357616	0.903635191176792
"LP fibroblast"	4	"PDIA6"	0.206491908799819	9.0704980672075	0.431883208905911	0.525201610658037	0.903635191176792
"LP fibroblast"	4	"CMPK1"	-0.242207642156683	7.75898941648349	0.431281050910364	0.525488534829951	0.903635191176792
"LP fibroblast"	4	"PHF11"	-0.205188747936328	8.26309447226578	0.430099764169561	0.526100197206336	0.903635191176792
"LP fibroblast"	4	"YBX1"	0.181739344670163	10.0260954213494	0.4293255269522	0.526389924699992	0.903635191176792
"LP fibroblast"	4	"FUNDC2"	0.237118589676325	8.10666411254139	0.429207645475722	0.526524765100895	0.903635191176792
"LP fibroblast"	4	"RPN2"	0.206391028095336	9.04392232150293	0.42888225172213	0.526624311880871	0.903635191176792
"LP fibroblast"	4	"KIAA2026"	0.261415790065914	7.78010070078253	0.427798761073097	0.527184121119913	0.903635191176792
"LP fibroblast"	4	"LARP1"	0.207603135600599	7.9752075756771	0.426826987506659	0.527670329392548	0.903635191176792
"LP fibroblast"	4	"ATP5PD"	0.207679686859865	8.66778999774185	0.426383262619325	0.527823234611564	0.903635191176792
"LP fibroblast"	4	"MTRNR2L12"	-0.155008385717388	12.5552766296494	0.425834991391633	0.528037997709722	0.903635191176792
"LP fibroblast"	4	"BAZ1B"	-0.219567846414546	8.65802686222036	0.42340717464635	0.529250720445452	0.903635191176792
"LP fibroblast"	4	"CCT5"	0.241398032672229	7.63202648197691	0.423157359412973	0.529368850238797	0.903635191176792
"LP fibroblast"	4	"APOD"	-0.40942424842504	8.83160775382595	0.423214197803689	0.529677834257465	0.903635191176792
"LP fibroblast"	4	"PCBP2"	-0.217901654144061	10.056544631446	0.421945968494384	0.529896718173264	0.903635191176792
"LP fibroblast"	4	"ZBTB4"	-0.214146211922545	7.96241556245905	0.419748860982908	0.531038149008445	0.903635191176792
"LP fibroblast"	4	"BNIP3L"	-0.248333630494684	8.03599526506137	0.417783487446364	0.53194382500735	0.903635191176792
"LP fibroblast"	4	"SMAD3"	0.319766136642703	7.52698359877903	0.416815195742239	0.532304213595992	0.903635191176792
"LP fibroblast"	4	"PTPRM"	0.30129564246465	7.78041504971709	0.415890699905521	0.532953224427676	0.903635191176792
"LP fibroblast"	4	"GGT5"	0.234112037514101	8.67030579316208	0.415353137022818	0.533107372974333	0.903635191176792
"LP fibroblast"	4	"RBP1"	-0.282265061039256	8.72050457829894	0.41593029266956	0.533165084912446	0.903635191176792
"LP fibroblast"	4	"FOS"	-0.345759680426164	11.6012063285629	0.415592763428955	0.53328474115173	0.903635191176792
"LP fibroblast"	4	"FZD7"	0.256580928300657	7.52198724196591	0.414120475044949	0.533609875417527	0.903635191176792
"LP fibroblast"	4	"PTMS"	0.229781885532075	10.2709965258407	0.414250884893873	0.533727608179775	0.903635191176792
"LP fibroblast"	4	"NOP10"	0.231798041982077	7.7136173456174	0.414024648431357	0.533762390214436	0.903635191176792
"LP fibroblast"	4	"SETD7"	-0.238033485935968	7.833352105242	0.413059419891341	0.534245606009576	0.903635191176792
"LP fibroblast"	4	"DNAJC3"	0.255814183018913	7.90487471717262	0.412698155143668	0.534445124676789	0.903635191176792
"LP fibroblast"	4	"FKBP8"	0.220651197287254	7.6841610697502	0.412292800424654	0.534601750071247	0.903635191176792
"LP fibroblast"	4	"PTGFR"	-0.207668331821993	8.03163850837874	0.410306525466361	0.535596193443386	0.903635191176792
"LP fibroblast"	4	"ATP5F1C"	-0.191435472702752	8.14367909170691	0.410276057552875	0.535602862388086	0.903635191176792
"LP fibroblast"	4	"ADAR"	0.186256906934037	8.40235646558524	0.409678386570195	0.535895569884137	0.903635191176792
"LP fibroblast"	4	"CDC42BPA"	-0.224644032837678	7.85438231563094	0.40957570944423	0.535906099053602	0.903635191176792
"LP fibroblast"	4	"TMEM14C"	0.290193648202143	7.61289304015143	0.407508269003608	0.536919233668356	0.903635191176792
"LP fibroblast"	4	"SERBP1"	0.174547067741622	8.80502054633469	0.406681510498174	0.537324966339909	0.903635191176792
"LP fibroblast"	4	"RHBDF1"	0.32125011174263	7.77577910983694	0.406320511940603	0.537815594581679	0.903635191176792
"LP fibroblast"	4	"APH1A"	0.265775729466756	7.64008174924771	0.405620267761361	0.537830866276859	0.903635191176792
"LP fibroblast"	4	"NKAPD1"	-0.333820960625349	7.43156640884248	0.403852994419323	0.538633715084865	0.903635191176792
"LP fibroblast"	4	"SLFN5"	-0.228218264285246	7.84587393747187	0.403895053576813	0.538665447940223	0.903635191176792
"LP fibroblast"	4	"MTCH2"	-0.276861885268095	7.49112286245984	0.403760331460872	0.538749446227952	0.903635191176792
"LP fibroblast"	4	"IFITM1"	0.264795111106418	8.03715993445061	0.401499810862505	0.538811096213395	0.903635191176792
"LP fibroblast"	4	"ASAH1"	-0.210681744270724	7.87828054011304	0.39976401139719	0.540769481683654	0.905590372406542
"LP fibroblast"	4	"DAZAP2"	0.208624023733289	9.34574120657907	0.39787087776453	0.541664506722864	0.905590372406542
"LP fibroblast"	4	"ABCE1"	0.264638960687431	7.65338668146811	0.397464553664243	0.541842601012143	0.905590372406542
"LP fibroblast"	4	"YIPF4"	-0.216642949276678	7.8021589989552	0.396004233125193	0.542566891231122	0.905590372406542
"LP fibroblast"	4	"CHSY1"	0.2778787686815	7.9639585898256	0.395587628854174	0.543028160467968	0.905590372406542
"LP fibroblast"	4	"SUMO2"	-0.168475522302683	9.65277809642349	0.393843910898487	0.543672366841762	0.905590372406542
"LP fibroblast"	4	"PML"	0.242005575924022	7.52070187254563	0.393246716117744	0.543939978043641	0.905590372406542
"LP fibroblast"	4	"PLEKHA2"	-0.300275958797226	7.40658837775351	0.391745751192047	0.544565149142231	0.905590372406542
"LP fibroblast"	4	"UBE2E3"	0.203751843930514	8.39264577174537	0.391681542303145	0.544818087976536	0.905590372406542
"LP fibroblast"	4	"YPEL3"	0.231169079097942	8.20963724553405	0.39163757738117	0.544839607201657	0.905590372406542
"LP fibroblast"	4	"DENR"	-0.233191095119916	7.66157030739157	0.390882691054609	0.545114366311453	0.905590372406542
"LP fibroblast"	4	"SET"	0.178689453524162	9.76937409176943	0.390572486885187	0.545318525376106	0.905590372406542
"LP fibroblast"	4	"MAP4K4"	0.226378874051393	7.86129621459643	0.39023575156738	0.545569860689499	0.905590372406542
"LP fibroblast"	4	"U2AF2"	-0.206711189277715	8.42202361020375	0.390086416710054	0.545620690788319	0.905590372406542
"LP fibroblast"	4	"GOLPH3"	-0.228763953029349	7.65258950863433	0.38849689424447	0.546314977615593	0.905590372406542
"LP fibroblast"	4	"HNRNPD"	0.175083437116271	9.19065999648828	0.388275389929068	0.546493569733887	0.905590372406542
"LP fibroblast"	4	"AARS"	-0.273507115917145	7.38293072822479	0.386932141426914	0.547073086341203	0.905590372406542
"LP fibroblast"	4	"NCL"	-0.171591329258641	9.75579648127139	0.386692163140959	0.547289819823625	0.905590372406542
"LP fibroblast"	4	"UHMK1"	-0.287880221951873	7.46768287971305	0.385202091995652	0.548006640912087	0.905590372406542
"LP fibroblast"	4	"ZFP36L1"	-0.189795392554095	11.4609283462204	0.384693655208788	0.548299303630199	0.905590372406542
"LP fibroblast"	4	"RAB11A"	0.213474389946032	7.87425502969344	0.38443141130941	0.548525441013772	0.905590372406542
"LP fibroblast"	4	"PHF2"	-0.258228601516577	7.5053474939582	0.383843658843229	0.548692514257743	0.905590372406542
"LP fibroblast"	4	"NAPA"	0.231048353193424	7.88564349314364	0.38340942911494	0.549009254390436	0.905590372406542
"LP fibroblast"	4	"SEC61B"	0.200490182182561	8.02162041066875	0.379235919757002	0.551179625277306	0.908520526011056
"LP fibroblast"	4	"TCF21"	-0.225124336601509	10.4413927349605	0.376634848425872	0.55258354835081	0.90902123454984
"LP fibroblast"	4	"AHCYL1"	0.184644136575805	8.86807699748486	0.376288412885289	0.552656025962838	0.90902123454984
"LP fibroblast"	4	"ODF2L"	0.221826731218539	7.83294578740586	0.375769950668481	0.55298042411991	0.90902123454984
"LP fibroblast"	4	"MAF"	-0.204273520498616	9.64826309763732	0.375437967630252	0.553075324843655	0.90902123454984
"LP fibroblast"	4	"DST"	-0.191560529528595	9.28814369662664	0.374740691235077	0.553454385649599	0.90902123454984
"LP fibroblast"	4	"ZBTB21"	-0.291109327022285	7.59670234381004	0.371524766793328	0.554089273232241	0.909416273361956
"LP fibroblast"	4	"TADA3"	0.271190270240914	7.57185923750325	0.369851230843638	0.556041136142941	0.91197073964838
"LP fibroblast"	4	"RNF187"	-0.195722727128113	8.09736486305727	0.369025116958684	0.556500339782719	0.912075183751919
"LP fibroblast"	4	"RTN4"	0.178419384461724	9.37751456331519	0.367304062473789	0.557336982220548	0.912797642756096
"LP fibroblast"	4	"PRKAR2B"	0.223251614620107	8.39767132831816	0.364777100138869	0.558721787379267	0.913691386310774
"LP fibroblast"	4	"TRAPPC1"	0.260158883313652	7.60502261812378	0.362649212890363	0.55980774473415	0.913691386310774
"LP fibroblast"	4	"RFC1"	-0.259972876355061	7.63703297758194	0.36206715540146	0.560127308184627	0.913691386310774
"LP fibroblast"	4	"CCDC80"	-0.175525374601974	9.14852007687008	0.361959361231457	0.560192413492397	0.913691386310774
"LP fibroblast"	4	"TRIP11"	-0.217843722622667	7.90044546527522	0.360577508598709	0.560924618417617	0.913691386310774
"LP fibroblast"	4	"RELA"	-0.309737309723883	7.68981101663121	0.36034154296117	0.561272566714798	0.913691386310774
"LP fibroblast"	4	"TARDBP"	0.257155351107089	7.87821023663526	0.359861005715604	0.561361647262184	0.913691386310774
"LP fibroblast"	4	"CDKN1A"	0.300084821705551	8.92315723046843	0.359145525196555	0.562026956020986	0.913691386310774
"LP fibroblast"	4	"RBBP4"	-0.201577716597301	8.14670634126459	0.358159349933666	0.562252980405574	0.913691386310774
"LP fibroblast"	4	"SUCLG1"	-0.250030173610361	7.5881087625714	0.358032513536062	0.562277457538963	0.913691386310774
"LP fibroblast"	4	"WNT2B"	0.166373590847158	9.36823992353922	0.357274777353067	0.562679646418781	0.913691386310774
"LP fibroblast"	4	"XBP1"	-0.201236564915	8.31780480890219	0.356047951985326	0.563383459376378	0.913691386310774
"LP fibroblast"	4	"HNRNPUL1"	0.166308321675875	9.31090748433693	0.354984484218639	0.563913781979121	0.913691386310774
"LP fibroblast"	4	"HSPA8"	0.195125119303259	9.71502467080206	0.354563742622217	0.564144892774214	0.913691386310774
"LP fibroblast"	4	"PAK2"	-0.275697511381795	7.72127510419028	0.354349351409396	0.564270210940596	0.913691386310774
"LP fibroblast"	4	"CIZ1"	0.265860286335661	7.53351061007591	0.353584128055374	0.564405354854119	0.913691386310774
"LP fibroblast"	4	"FCGRT"	-0.188101887917546	8.50056801490239	0.352432273892666	0.56533264260491	0.913691386310774
"LP fibroblast"	4	"TMEM179B"	0.270952894281308	7.39002420543898	0.352244611223795	0.565390872759207	0.913691386310774
"LP fibroblast"	4	"CD81"	0.203521138095197	10.765971127507	0.352438435245823	0.565410931598211	0.913691386310774
"LP fibroblast"	4	"COPB2"	0.177192472044447	8.37784558449748	0.350466018818325	0.566409998435906	0.913911406645749
"LP fibroblast"	4	"RBCK1"	0.20798256985108	7.68786611217563	0.34985805236159	0.566673686134153	0.913911406645749
"LP fibroblast"	4	"GOLIM4"	-0.289031974391161	7.99377822667235	0.349760415370716	0.567118323807615	0.913911406645749
"LP fibroblast"	4	"SND1"	-0.197214513788728	7.75555374151239	0.347823103809293	0.567854609817079	0.913911406645749
"LP fibroblast"	4	"MEAF6"	-0.247998233395229	7.44398501286726	0.347398395858177	0.568027533434182	0.913911406645749
"LP fibroblast"	4	"HP1BP3"	-0.166405795863812	9.10812246487916	0.34596483563807	0.568836209360955	0.913911406645749
"LP fibroblast"	4	"DNAJC8"	0.198770824346142	8.16149547208495	0.345974633282552	0.568883842535935	0.913911406645749
"LP fibroblast"	4	"TOR1AIP2"	0.248525173635116	7.46286134611882	0.344737917539441	0.569451983771578	0.913911406645749
"LP fibroblast"	4	"LIMS1"	0.17638919827029	8.75886794161245	0.344819980784838	0.569483087151949	0.913911406645749
"LP fibroblast"	4	"CRISPLD2"	-0.166206907931105	10.309755007651	0.344389682152519	0.569690381455055	0.913911406645749
"LP fibroblast"	4	"GIGYF2"	-0.262125495893555	7.65915633118613	0.344017761493888	0.569906592695831	0.913911406645749
"LP fibroblast"	4	"MYADM"	0.235888226719098	9.92187956976932	0.342743197083532	0.570898174150451	0.914865315907533
"LP fibroblast"	4	"NFIX"	-0.18951177693368	9.21623963100967	0.33996610448709	0.572155658243779	0.91596741338469
"LP fibroblast"	4	"CMIP"	0.196351580759718	10.2158926844604	0.338656857597712	0.572865999091901	0.91596741338469
"LP fibroblast"	4	"GLT8D2"	0.167020802439861	8.43406823002411	0.337951426155757	0.573311602397356	0.91596741338469
"LP fibroblast"	4	"TUBA1B"	0.179192995429021	9.04230551520483	0.336988982476015	0.573815456438036	0.91596741338469
"LP fibroblast"	4	"TRAM1"	0.167583885749304	8.87579899646132	0.335479767640053	0.574669156664406	0.91596741338469
"LP fibroblast"	4	"THBS1"	-0.217465176653865	10.6923440648666	0.335002527747924	0.575053300777908	0.91596741338469
"LP fibroblast"	4	"NKTR"	-0.171805482585468	8.65272582542968	0.334101576105516	0.57545710018767	0.91596741338469
"LP fibroblast"	4	"ACAP2"	-0.198337886203396	7.7296492630754	0.332910376926434	0.576086474746965	0.91596741338469
"LP fibroblast"	4	"SETD5"	-0.188762925192252	8.01369601360856	0.332884296920566	0.576114711719741	0.91596741338469
"LP fibroblast"	4	"FBL"	-0.190798186121124	8.07626433372427	0.332589933087403	0.5763111349955	0.91596741338469
"LP fibroblast"	4	"TMSB4X"	-0.135545856511149	11.8161108508175	0.331613162127897	0.576818959486709	0.91596741338469
"LP fibroblast"	4	"ATP5MC1"	0.211530139847692	7.55770262538012	0.331247970354841	0.577051514542048	0.91596741338469
"LP fibroblast"	4	"ELOVL5"	0.242915539743433	7.70353601734562	0.330532006915496	0.577495882342083	0.91596741338469
"LP fibroblast"	4	"GLO1"	0.192225896923111	8.24733010476108	0.330517179814191	0.577511071410744	0.91596741338469
"LP fibroblast"	4	"SCAF11"	-0.181936005161671	8.69278390456461	0.329597820339048	0.578001766945512	0.91596741338469
"LP fibroblast"	4	"CTDNEP1"	0.17080804347358	8.46753581132013	0.328665906746255	0.578543920964212	0.91596741338469
"LP fibroblast"	4	"SNRNP70"	0.207794839585134	7.89004030119467	0.32748186982902	0.579235993627276	0.91596741338469
"LP fibroblast"	4	"UQCR10"	0.2422755613991	7.6234238109766	0.326416768828023	0.579785560961632	0.91596741338469
"LP fibroblast"	4	"BZW1"	0.210239255478723	8.51158668475191	0.326430746384065	0.579813710728921	0.91596741338469
"LP fibroblast"	4	"CRTAP"	-0.166091803199143	10.1339360679259	0.325518609777375	0.580292394513842	0.91596741338469
"LP fibroblast"	4	"COL1A2"	0.120496391373936	12.2929319749454	0.325430725253606	0.580338984702667	0.91596741338469
"LP fibroblast"	4	"ASPH"	-0.21249593291012	7.97937400266497	0.325208710205865	0.580533570967001	0.91596741338469
"LP fibroblast"	4	"USP9X"	-0.206018043027591	7.64681826342493	0.324853579987702	0.580721751243893	0.91596741338469
"LP fibroblast"	4	"TMEM50A"	-0.173284614647715	8.6121309291738	0.322830878889534	0.581877232472621	0.916096544399683
"LP fibroblast"	4	"MAPK1IP1L"	0.192121456131005	7.80683307748654	0.322525296501366	0.582093575132158	0.916096544399683
"LP fibroblast"	4	"ERRFI1"	-0.238030465261738	8.51396194160784	0.321972717843593	0.582294255883082	0.916096544399683
"LP fibroblast"	4	"HNMT"	-0.226798288238197	7.89081479766754	0.321972329537419	0.582392686075427	0.916096544399683
"LP fibroblast"	4	"TMBIM1"	-0.20449063621783	7.67102059422378	0.320031339201063	0.5830768315164	0.916547493849229
"LP fibroblast"	4	"STK24"	-0.206427835021543	8.30002475216165	0.320103778171009	0.583483855228372	0.916562513730672
"LP fibroblast"	4	"SRSF7"	-0.18210039408379	8.54261547227428	0.318695751658533	0.584281535185874	0.916604824131418
"LP fibroblast"	4	"SPATS2L"	0.178707783351939	7.95789188831201	0.318180418502426	0.584594751347908	0.916604824131418
"LP fibroblast"	4	"MAP3K2"	-0.211432273877873	7.7330875828072	0.317931094770447	0.584703250779409	0.916604824131418
"LP fibroblast"	4	"RXRA"	-0.162840209771004	8.9035864309875	0.31563818591079	0.586037407261897	0.917939322980241
"LP fibroblast"	4	"USP34"	0.240221228974617	7.67162835896264	0.315103371121309	0.586350660342539	0.917939322980241
"LP fibroblast"	4	"MSL1"	-0.174751795165365	8.51611498183747	0.314166820596856	0.586917948399654	0.918204063100137
"LP fibroblast"	4	"C12orf57"	0.210095274782503	8.82139590553146	0.312463482558369	0.587743142951223	0.918394037851537
"LP fibroblast"	4	"GPCPD1"	-0.185408866758953	8.15781734511569	0.31213833724863	0.588128394496648	0.918394037851537
"LP fibroblast"	4	"RDH11"	0.218679025462668	7.98765427861832	0.311756414422869	0.588372925339009	0.918394037851537
"LP fibroblast"	4	"ATP6V1F"	0.186252900039226	7.7700872828941	0.311191231672006	0.588691057705725	0.918394037851537
"LP fibroblast"	4	"PEAK1"	-0.163596174315909	8.49094465703898	0.310584196232416	0.589030694701831	0.918394037851537
"LP fibroblast"	4	"MRPS33"	0.319057701182928	7.3915084038656	0.309185486810287	0.590012093453857	0.919244981580016
"LP fibroblast"	4	"PSIP1"	-0.161481251385753	8.27683916992886	0.308334415369441	0.590373728412838	0.919244981580016
"LP fibroblast"	4	"CDIPT"	-0.182428455646118	8.69393747403422	0.306771989938035	0.591285922755644	0.91960212471442
"LP fibroblast"	4	"BOD1L1"	-0.16180349075863	8.45111566281508	0.306301932548408	0.591576664447859	0.91960212471442
"LP fibroblast"	4	"SPCS2"	0.165804612882559	8.68758433448792	0.305903178810143	0.591799459269818	0.91960212471442
"LP fibroblast"	4	"SRI"	-0.197503608451311	8.28414311269853	0.302616365853275	0.593795103005064	0.922081823252307
"LP fibroblast"	4	"SON"	0.148272843640082	9.57690767825005	0.301069408872489	0.594671547783888	0.922655819842398
"LP fibroblast"	4	"SNRPB2"	0.202208919172666	7.94352495025726	0.300225978738935	0.595254826805022	0.922655819842398
"LP fibroblast"	4	"CEBPB"	0.235303542013769	9.85601665686828	0.300342148007107	0.595390400553791	0.922655819842398
"LP fibroblast"	4	"PLEKHA5"	-0.200917484113701	8.42858929322373	0.298037285556202	0.596553274211287	0.922655819842398
"LP fibroblast"	4	"RHOBTB3"	-0.168557815618196	8.78595486852742	0.297272538730445	0.59700711118359	0.922655819842398
"LP fibroblast"	4	"PRPF4B"	0.215877564152453	8.12261563698582	0.29720503843789	0.597076414044708	0.922655819842398
"LP fibroblast"	4	"CASC3"	0.183880342196949	7.755178926292	0.296986165644964	0.597202445982655	0.922655819842398
"LP fibroblast"	4	"EIF4H"	0.153045440276395	8.97183705261837	0.296649781802083	0.597365628371509	0.922655819842398
"LP fibroblast"	4	"IDS"	-0.207883677183906	8.14502360519741	0.293519439959778	0.599301222487673	0.923585868651475
"LP fibroblast"	4	"THOC7"	-0.201247299897989	7.64022201236921	0.292980095358979	0.599648676047157	0.923585868651475
"LP fibroblast"	4	"LUC7L3"	0.155237942415767	9.51378502480443	0.291704126529618	0.600382896823641	0.923585868651475
"LP fibroblast"	4	"GATC"	0.240997658418741	7.47782001359304	0.291627354100947	0.600414263060656	0.923585868651475
"LP fibroblast"	4	"HNRNPUL2"	-0.22638343213932	7.88582658476377	0.29157657380641	0.600525337516159	0.923585868651475
"LP fibroblast"	4	"ARL2BP"	0.239158133072646	7.81311953977012	0.29082912106658	0.60099612954922	0.923585868651475
"LP fibroblast"	4	"DDX42"	0.201712744278539	7.87740652089827	0.289873149397754	0.60157299124801	0.923585868651475
"LP fibroblast"	4	"COMMD6"	-0.151631547474917	8.92163377732256	0.289376490166649	0.601841931254448	0.923585868651475
"LP fibroblast"	4	"FOXN3"	-0.188174537810024	7.96939386480964	0.288699019573257	0.602302766594746	0.923585868651475
"LP fibroblast"	4	"SMARCA2"	-0.177695461300717	8.62773497283933	0.288643517408704	0.60230620039507	0.923585868651475
"LP fibroblast"	4	"TOB2"	0.191707155214565	7.58306998258742	0.288180289654867	0.602449150966422	0.923585868651475
"LP fibroblast"	4	"AXL"	-0.164747612674744	8.26339674570707	0.287917422855841	0.602773951570021	0.923585868651475
"LP fibroblast"	4	"ANAPC11"	0.41408231264636	7.10121846307435	0.283670785316505	0.605178638774592	0.926120259107835
"LP fibroblast"	4	"ALKBH5"	0.223280354058242	7.57261675959459	0.283043707281418	0.605792200547865	0.926120259107835
"LP fibroblast"	4	"ERAP2"	0.224158083076204	7.36212691283178	0.281290391500925	0.606363365161568	0.926120259107835
"LP fibroblast"	4	"MAPKAP1"	-0.222424923574783	7.56248453496824	0.281869266786038	0.606516816526395	0.926120259107835
"LP fibroblast"	4	"OAZ2"	0.335404762030247	7.43081255629765	0.281831119571917	0.606639885858774	0.926120259107835
"LP fibroblast"	4	"EIF1AX"	-0.159623755004891	8.65601320142685	0.280825823189605	0.607203023943261	0.926120259107835
"LP fibroblast"	4	"MED13L"	-0.234255049717059	7.73014804271299	0.28010370829855	0.607654184799308	0.926120259107835
"LP fibroblast"	4	"FOXF1"	-0.18419347560068	9.67111918955593	0.279438716101297	0.608048021464865	0.926120259107835
"LP fibroblast"	4	"SUMO3"	0.184345423752558	8.07042880002785	0.279414521310459	0.608126366963372	0.926120259107835
"LP fibroblast"	4	"CTSS"	0.204683606667032	8.58362048741326	0.278713556542925	0.608550095007307	0.926120259107835
"LP fibroblast"	4	"C1R"	0.132270868982727	11.3451840557852	0.277657034938427	0.609170067576394	0.926120259107835
"LP fibroblast"	4	"IL1R1"	0.149735467381163	9.88975987112249	0.277254206930257	0.60943063228435	0.926120259107835
"LP fibroblast"	4	"ESD"	-0.172421042239457	8.49220653408664	0.276818192199773	0.609753959676339	0.926120259107835
"LP fibroblast"	4	"RAB10"	-0.170607244583008	8.25908258186394	0.276218230917516	0.61014839716504	0.926120259107835
"LP fibroblast"	4	"AZI2"	-0.170192935438078	7.92481269547574	0.27566995039956	0.610514726854019	0.926120259107835
"LP fibroblast"	4	"POLR1D"	-0.171556662822171	8.24393597979481	0.275109620974027	0.610853822247622	0.926120259107835
"LP fibroblast"	4	"STAG2"	0.310948840199841	7.55999963567336	0.273063046545214	0.612420273271592	0.927885118373385
"LP fibroblast"	4	"ZC3HAV1"	0.35782077121696	8.31924815553353	0.271898409307729	0.613190024168345	0.928441362923311
"LP fibroblast"	4	"GHITM"	-0.185918697765867	7.87900226370948	0.270498833735939	0.613826326913009	0.928794953977295
"LP fibroblast"	4	"EIF1B"	-0.239088590125422	7.85929440264269	0.26941806531677	0.614614840478095	0.928897819454919
"LP fibroblast"	4	"MVP"	0.238928697461503	7.54619401940704	0.26838287731205	0.614815457748257	0.928897819454919
"LP fibroblast"	4	"HADHA"	0.156044091441933	8.52765412540145	0.267290080320906	0.615865095256489	0.928897819454919
"LP fibroblast"	4	"STT3B"	0.193463269045291	7.64058031542308	0.26534803653974	0.617178369965247	0.928897819454919
"LP fibroblast"	4	"CSTB"	-0.180030360612229	8.58773069677335	0.265087278393525	0.61732801435617	0.928897819454919
"LP fibroblast"	4	"ILF2"	0.174457268500561	7.8276529649491	0.265076049478911	0.617344910421711	0.928897819454919
"LP fibroblast"	4	"TNFSF10"	-0.223034872653973	9.13430393717805	0.265309118150491	0.617426403569678	0.928897819454919
"LP fibroblast"	4	"NEXN"	0.178567373319988	8.3210123767293	0.264934982890902	0.617444765316069	0.928897819454919
"LP fibroblast"	4	"CREBRF"	-0.183534791288256	7.90208565587472	0.264837143836502	0.617519669221332	0.928897819454919
"LP fibroblast"	4	"EIF2AK1"	-0.155873738515812	8.05884010313203	0.263972680445043	0.618086803041907	0.929144829083857
"LP fibroblast"	4	"CYB5R3"	0.150186764594591	9.37152079420168	0.262667179211394	0.618890389803327	0.929746735430927
"LP fibroblast"	4	"MAPK1"	-0.201311236810527	7.54820725045035	0.259586094811599	0.620953909815058	0.931252516250812
"LP fibroblast"	4	"LENG8"	0.168828768236473	9.110976126027	0.259459898018226	0.621030767574052	0.931252516250812
"LP fibroblast"	4	"SRP72"	-0.166122821375616	8.3155822991422	0.259393786438594	0.621104236770923	0.931252516250812
"LP fibroblast"	4	"MRVI1"	0.242798947392563	7.62476358587321	0.258615777779423	0.621733562017102	0.931269783769613
"LP fibroblast"	4	"NCOA4"	-0.168784645274496	7.96420568520766	0.258185762315537	0.62192344622949	0.931269783769613
"LP fibroblast"	4	"PTPRK"	-0.199552055457917	7.82694222355974	0.257466075571889	0.622367277700119	0.931329618673896
"LP fibroblast"	4	"ATP5PF"	0.150100267854019	8.4659799230741	0.256720387875678	0.622878735444559	0.931389509403287
"LP fibroblast"	4	"BTG2"	-0.243883131879219	9.51321879062956	0.256553000145723	0.62321509670827	0.931389509403287
"LP fibroblast"	4	"TMF1"	0.18471563275499	7.61978765206063	0.255125531568605	0.623939084266254	0.931436898228649
"LP fibroblast"	4	"SERINC3"	0.158771083294479	8.71876819495034	0.254939356730936	0.624054643435934	0.931436898228649
"LP fibroblast"	4	"ZFP36"	-0.307546626940727	11.5805291114645	0.254357343640755	0.624670275558079	0.931490035359347
"LP fibroblast"	4	"SMARCA5"	-0.164271764392117	8.27435221418557	0.253719278361409	0.624898128664748	0.931490035359347
"LP fibroblast"	4	"PDIA5"	0.243936084269484	7.43354645994241	0.252402431699151	0.625710522127033	0.931777561886027
"LP fibroblast"	4	"DLC1"	-0.155279019338282	8.44242600919096	0.252210758563267	0.625899151501065	0.931777561886027
"LP fibroblast"	4	"ARF1"	-0.137355369425426	9.43549035809894	0.251281933618142	0.626505426501725	0.932078395814824
"LP fibroblast"	4	"WTAP"	0.162333476318637	8.19044386319809	0.248275747436719	0.628600692980877	0.933395616271455
"LP fibroblast"	4	"MMP2"	0.114503822574916	11.6582823003458	0.246561085457568	0.629716535965796	0.933395616271455
"LP fibroblast"	4	"TNFAIP3"	0.271650060796827	9.23015606197275	0.245867952396508	0.630431273402808	0.933395616271455
"LP fibroblast"	4	"EPM2AIP1"	-0.199821122127122	7.71790682443964	0.244807110867075	0.630978316323719	0.933395616271455
"LP fibroblast"	4	"ZRANB2"	0.143559870103464	8.83892052316663	0.243561149783559	0.631808439715893	0.933395616271455
"LP fibroblast"	4	"RUNX1"	0.164639507298552	7.98906945723355	0.243170638965283	0.632108868681548	0.933395616271455
"LP fibroblast"	4	"EPN1"	0.212958497607246	7.38400919209458	0.242332213742187	0.632542382123884	0.933395616271455
"LP fibroblast"	4	"RBMS3"	0.163775207332332	8.23145183661132	0.2424765610101	0.63259270737865	0.933395616271455
"LP fibroblast"	4	"SRF"	-0.237829794903377	8.15999028322135	0.242595686904036	0.632710364261908	0.933395616271455
"LP fibroblast"	4	"SPON1"	0.159315853413111	9.35928534055468	0.242195429831748	0.632740606125648	0.933395616271455
"LP fibroblast"	4	"LUC7L"	-0.175010460659051	7.68223600515949	0.241822817584178	0.633038585307705	0.933395616271455
"LP fibroblast"	4	"PABPC1"	-0.120249264360756	11.1378285904658	0.241064878306052	0.633517446689864	0.933395616271455
"LP fibroblast"	4	"HSPD1"	-0.174777231473019	8.9076023786187	0.24082413130997	0.633712963425167	0.933395616271455
"LP fibroblast"	4	"MYLK"	0.148038352615075	9.34280631588557	0.240324197867648	0.634047239386614	0.933395616271455
"LP fibroblast"	4	"SP100"	0.202848297047	8.13962350455508	0.240114652445832	0.634347964403994	0.933395616271455
"LP fibroblast"	4	"TCEAL3"	0.217338716760023	7.54182370008747	0.239376851617736	0.634622602936589	0.933395616271455
"LP fibroblast"	4	"PDGFD"	-0.210279793862524	7.83034736805169	0.239238181886286	0.634834464077791	0.933395616271455
"LP fibroblast"	4	"CCDC59"	0.17525967607125	7.64809518244977	0.239121583744758	0.634942438310758	0.933395616271455
"LP fibroblast"	4	"XPO1"	-0.146013040868997	8.23475840123429	0.238590887456804	0.635303183462235	0.933395616271455
"LP fibroblast"	4	"IMPDH2"	0.178896440947071	7.57082009482101	0.238237597634266	0.635486174131043	0.933395616271455
"LP fibroblast"	4	"ANXA1"	0.183929891273932	8.95769158302805	0.237293402370553	0.636187656003049	0.933831148786143
"LP fibroblast"	4	"SLK"	-0.256719593962018	8.02736982132968	0.236980566738327	0.636646682656891	0.933910464508137
"LP fibroblast"	4	"HSPG2"	-0.298379178839734	7.6028125531256	0.234053357647071	0.63829645924825	0.934947652154275
"LP fibroblast"	4	"WDR82"	0.160553618285606	8.04597688650506	0.233687550890054	0.638758295118171	0.934947652154275
"LP fibroblast"	4	"EHD2"	0.211023662149701	8.88451052046631	0.233847146429015	0.63886160325656	0.934947652154275
"LP fibroblast"	4	"CIR1"	-0.184160325709116	7.84869474148223	0.231437033204061	0.640328067514059	0.934947652154275
"LP fibroblast"	4	"SRGAP1"	0.28725897984844	7.49036380982834	0.23073208729756	0.641020351066331	0.934947652154275
"LP fibroblast"	4	"NDUFA2"	-0.166559832125057	7.76537351138773	0.230208159163403	0.641129069763493	0.934947652154275
"LP fibroblast"	4	"NDUFS4"	0.221530373755615	7.55158201303379	0.229962397428848	0.641361446692773	0.934947652154275
"LP fibroblast"	4	"PTGES3"	-0.203044931188797	8.88599624844818	0.23022671374523	0.6414393984306	0.934947652154275
"LP fibroblast"	4	"PPT1"	-0.160731932374234	7.78927533514998	0.229368766705425	0.641853266039099	0.934947652154275
"LP fibroblast"	4	"PGRMC2"	-0.144038640086631	8.58969673079366	0.229229679962229	0.641928172743658	0.934947652154275
"LP fibroblast"	4	"HUWE1"	-0.17481704753013	7.8462034222948	0.228929187756633	0.642167744528862	0.934947652154275
"LP fibroblast"	4	"DERL1"	0.179252372458293	7.59514552408965	0.228052499184438	0.6427946444956	0.934947652154275
"LP fibroblast"	4	"DCBLD1"	0.166287308691248	7.78675259881116	0.227372831329676	0.643288301079607	0.934947652154275
"LP fibroblast"	4	"ACTB"	0.114058666044557	11.9619904162755	0.226796302830678	0.643644098135455	0.934947652154275
"LP fibroblast"	4	"TNRC6A"	0.149038568572509	8.2799704082497	0.226738924585923	0.643740716091873	0.934947652154275
"LP fibroblast"	4	"MAZ"	0.187934696594711	8.06644805502766	0.226215475895869	0.644115644743533	0.934947652154275
"LP fibroblast"	4	"PUM1"	-0.146773633928253	8.32767921023125	0.226034196144037	0.644246235591129	0.934947652154275
"LP fibroblast"	4	"DESI2"	-0.173124602288826	7.89660852145498	0.224668871887665	0.645195472897067	0.935736327358891
"LP fibroblast"	4	"FLOT1"	0.15227078765952	7.86595431910633	0.22415374645017	0.645605521678194	0.935742509735962
"LP fibroblast"	4	"GPC4"	-0.148225361797983	8.09589628035536	0.223520423204769	0.64608950652157	0.935855780175088
"LP fibroblast"	4	"TMED10"	0.137532614117598	9.19106438172384	0.22198611685373	0.647161532335098	0.936348194987901
"LP fibroblast"	4	"NDUFA12"	-0.176929588056175	7.67606084690481	0.221757521693234	0.647348015360359	0.936348194987901
"LP fibroblast"	4	"WASL"	0.17024373476773	7.62024195313363	0.220582178824216	0.648219380853336	0.936348194987901
"LP fibroblast"	4	"IFI16"	0.14715166511837	9.60760621759888	0.219342532428518	0.649099026830866	0.936348194987901
"LP fibroblast"	4	"VAMP2"	-0.135381029839633	9.0345825309283	0.21856380207104	0.649686716449004	0.936348194987901
"LP fibroblast"	4	"LGALS1"	0.147882793443162	10.5241714076231	0.217885530094363	0.650173195686773	0.936348194987901
"LP fibroblast"	4	"WASF2"	-0.165944360087834	8.9687396070607	0.217130067945455	0.650751918936722	0.936348194987901
"LP fibroblast"	4	"PTP4A2"	0.132275974983457	9.38159566301483	0.216580992767482	0.651150142099499	0.936348194987901
"LP fibroblast"	4	"QPRT"	-0.195762769631629	7.53286293623732	0.216208574090459	0.651375741928881	0.936348194987901
"LP fibroblast"	4	"LARP7"	-0.156301315530682	7.99764352635303	0.21620594528815	0.65148630391441	0.936348194987901
"LP fibroblast"	4	"NUB1"	0.180523330514047	7.81416052278142	0.216144872728246	0.651520193551589	0.936348194987901
"LP fibroblast"	4	"ZNF292"	-0.184861146683449	7.70899693325439	0.21606749938919	0.651557763041582	0.936348194987901
"LP fibroblast"	4	"PAPOLA"	-0.129705424361635	8.69227483205793	0.215714649662202	0.65181744349319	0.936348194987901
"LP fibroblast"	4	"PYURF"	0.15380411899702	7.91601121522299	0.215351723447388	0.652114137532771	0.936348194987901
"LP fibroblast"	4	"LIMA1"	-0.177150445239228	8.48607635701352	0.214494452811956	0.652742734359293	0.936400714418874
"LP fibroblast"	4	"PPP1R14A"	-0.163105513575039	8.18798171233604	0.214195549891857	0.652962857235711	0.936400714418874
"LP fibroblast"	4	"MSN"	-0.139370420496568	8.70786406957611	0.212998113674745	0.653854551293542	0.937096703096897
"LP fibroblast"	4	"SPCS1"	0.166032093433898	8.35843490685419	0.212432494010151	0.654298240995618	0.937150151388755
"LP fibroblast"	4	"DAB2"	-0.160787670687586	8.64915165169929	0.211823164506457	0.654740303342539	0.937201203915515
"LP fibroblast"	4	"KRCC1"	-0.183053800221969	7.56137090092738	0.210519537873582	0.655725399908636	0.938029015005779
"LP fibroblast"	4	"TGOLN2"	-0.132093377938409	8.94058926532543	0.209193674144424	0.656719730649403	0.938098820751727
"LP fibroblast"	4	"SEC31A"	-0.127511108814892	9.5947689768535	0.20899272725928	0.656858637166103	0.938098820751727
"LP fibroblast"	4	"PURA"	0.160359168462172	8.14987474886909	0.208316190084774	0.65742611144705	0.938098820751727
"LP fibroblast"	4	"ATP5F1D"	0.217476524011691	7.47184944386436	0.207577312874358	0.65779825756118	0.938098820751727
"LP fibroblast"	4	"ACKR3"	-0.183701452771588	8.97777077873139	0.208065417690382	0.657808236407434	0.938098820751727
"LP fibroblast"	4	"PSD3"	0.149873576753698	8.32312832386773	0.207166532091436	0.658294244585955	0.938211698402479
"LP fibroblast"	4	"NDUFB11"	0.19790620626955	7.39457842525995	0.206319684923688	0.658821120633371	0.938382646189348
"LP fibroblast"	4	"PSAP"	0.175606892185573	10.5657120929027	0.204714315895547	0.660354273225283	0.93945171791798
"LP fibroblast"	4	"YWHAH"	-0.281260031308972	7.59806326259555	0.204457852162408	0.660479523340243	0.93945171791798
"LP fibroblast"	4	"ITGA8"	-0.157580578636287	8.35701608641074	0.203780895128723	0.660893989623242	0.93945171791798
"LP fibroblast"	4	"NDUFA4"	0.129370011996549	10.0916740390098	0.203328057844254	0.661201274146089	0.93945171791798
"LP fibroblast"	4	"CBX6"	-0.166174110621558	8.03036122535209	0.201900367667535	0.662343234530334	0.940494765287531
"LP fibroblast"	4	"SFXN3"	0.254439786327786	7.40330415936665	0.201477939332528	0.662758524267757	0.940505327360891
"LP fibroblast"	4	"KPNB1"	-0.12790135312255	9.19356233628311	0.199358677408683	0.664300432218822	0.942113651104922
"LP fibroblast"	4	"CTDSP2"	0.133241671241528	8.88872417147273	0.197621670452746	0.665672813345582	0.942445342170537
"LP fibroblast"	4	"RAP1B"	0.152701903778059	8.13241965696294	0.197501710098857	0.66580465884056	0.942445342170537
"LP fibroblast"	4	"POSTN"	0.152966101328693	10.5745169579142	0.197056231187039	0.666112880431899	0.942445342170537
"LP fibroblast"	4	"TBCA"	-0.147980716904992	8.23161680144057	0.196740611166448	0.666398226616158	0.942445342170537
"LP fibroblast"	4	"PTGER4"	-0.167959732177543	8.22401758538155	0.196495248041789	0.66658302569993	0.942445342170537
"LP fibroblast"	4	"DPYSL3"	-0.132676696243719	8.38955561340987	0.195976237271858	0.666986469393893	0.942445342170537
"LP fibroblast"	4	"CMTM3"	0.15105363072185	7.73862867210458	0.195062200676921	0.667736754891109	0.942927713887873
"LP fibroblast"	4	"HSPE1"	0.180439111058561	7.76164226759527	0.193189674590448	0.669226196477361	0.944278586853072
"LP fibroblast"	4	"NFAT5"	0.157874602117204	7.92948115406497	0.192499158554243	0.669769746124302	0.944278586853072
"LP fibroblast"	4	"SELENOW"	-0.13610815248721	8.6772619905965	0.190851013312026	0.671065098289545	0.944278586853072
"LP fibroblast"	4	"ARID4B"	0.135350119027095	8.44198153645296	0.190781496985656	0.671136634752141	0.944278586853072
"LP fibroblast"	4	"RHOA"	-0.118885453008308	10.2946147866904	0.190328648800428	0.671460818982973	0.944278586853072
"LP fibroblast"	4	"EIF4B"	-0.132079973505084	10.088581739875	0.189951650403857	0.671765352315541	0.944278586853072
"LP fibroblast"	4	"RUFY3"	0.163132206472811	7.77518113928579	0.189067959692675	0.672517485555815	0.944278586853072
"LP fibroblast"	4	"PDE7B"	0.216582307088635	7.53949475730596	0.1889003956943	0.672580584985746	0.944278586853072
"LP fibroblast"	4	"ARGLU1"	0.144338917803768	9.15085735736179	0.18864461004779	0.672831254033717	0.944278586853072
"LP fibroblast"	4	"ITGB5"	0.139371021835889	8.06645531014392	0.188269437083496	0.673175928433888	0.944278586853072
"LP fibroblast"	4	"IFI6"	0.146408166612167	9.100232731679	0.188144756778743	0.673246908239063	0.944278586853072
"LP fibroblast"	4	"GSTO1"	0.160402018653812	7.79532646778848	0.187739676393112	0.67360723129805	0.944278586853072
"LP fibroblast"	4	"SNRPG"	0.144849881702117	8.34495341682014	0.186399909304591	0.674682081192181	0.94521074072246
"LP fibroblast"	4	"JMJD1C"	0.149406020926434	7.71608028183814	0.185061227311255	0.675742944403333	0.94612217959568
"LP fibroblast"	4	"SRRT"	0.196694658066487	7.50785397390473	0.184209661974498	0.67638106849099	0.946299598164408
"LP fibroblast"	4	"EPHX1"	-0.198742657440589	8.412762065451	0.183709379789124	0.677093801861091	0.946299598164408
"LP fibroblast"	4	"SELENOK"	0.171359854039168	7.66024152331869	0.1834471394615	0.677100753239928	0.946299598164408
"LP fibroblast"	4	"ITGA1"	-0.139907911822544	8.06531860608571	0.182868087990599	0.677588613059096	0.946407838712462
"LP fibroblast"	4	"MLLT1"	-0.151772619390049	7.73199134497734	0.180824474824734	0.679275030534158	0.94818899540664
"LP fibroblast"	4	"SYNCRIP"	-0.122204388142284	8.63628676325384	0.178373193204186	0.681307964839315	0.948988637093859
"LP fibroblast"	4	"OSBPL8"	-0.147778499018152	7.89493712901686	0.178231285579136	0.681439615779356	0.948988637093859
"LP fibroblast"	4	"UBE2D2"	0.151571900893627	8.22005983856122	0.17795685688869	0.681675436708542	0.948988637093859
"LP fibroblast"	4	"SERPINB6"	0.145599639873621	8.48687544536029	0.177150169814156	0.682336292894891	0.948988637093859
"LP fibroblast"	4	"HBP1"	-0.145817062373796	8.15150613695304	0.177058356738214	0.682407747397572	0.948988637093859
"LP fibroblast"	4	"FHL2"	0.119589693560399	9.25351323135395	0.176889973065781	0.682535052246589	0.948988637093859
"LP fibroblast"	4	"MLLT6"	0.172229205942516	7.94157135812295	0.176356618573289	0.683019337445325	0.948988637093859
"LP fibroblast"	4	"PSMA3"	0.15146740386408	7.9577552051254	0.175574520785424	0.683684531335167	0.948988637093859
"LP fibroblast"	4	"PLP2"	0.173075012282663	7.63677311675563	0.175358523941091	0.683832844636702	0.948988637093859
"LP fibroblast"	4	"EIF1"	-0.114117343980006	10.8776183320835	0.174909950537898	0.684192966900573	0.948988637093859
"LP fibroblast"	4	"API5"	0.155750071383172	7.77315019638964	0.174730737356427	0.684396444270468	0.948988637093859
"LP fibroblast"	4	"PARM1"	0.167290707510872	7.9201726906403	0.174046486204958	0.684977558909641	0.948988637093859
"LP fibroblast"	4	"EPHA3"	-0.18754632823192	7.58807841415759	0.171711021926927	0.686119524371855	0.948988637093859
"LP fibroblast"	4	"IRF3"	0.159173113638386	7.69827304409009	0.172256828874232	0.686420700115013	0.948988637093859
"LP fibroblast"	4	"SNX3"	-0.123011078754603	9.26735668530618	0.17143961375121	0.687159901375917	0.948988637093859
"LP fibroblast"	4	"FNDC3B"	-0.122088376390818	8.80117253630416	0.171378389711508	0.687225855112491	0.948988637093859
"LP fibroblast"	4	"TMED4"	0.145002065057837	7.93194861203851	0.171099872700349	0.687502372585278	0.948988637093859
"LP fibroblast"	4	"PA2G4"	-0.129704577683424	8.58879456373816	0.170444452099172	0.688035812735764	0.948988637093859
"LP fibroblast"	4	"PTCH1"	-0.166537133825049	9.46811644945021	0.169803025448558	0.688766033311589	0.948988637093859
"LP fibroblast"	4	"SSR1"	-0.131317724649427	8.45014289463991	0.169589024684003	0.688778590578256	0.948988637093859
"LP fibroblast"	4	"RFTN1"	-0.215380301333421	8.53299253037676	0.169614928456137	0.688955617329343	0.948988637093859
"LP fibroblast"	4	"ZMAT3"	-0.165872483962961	8.26033437175928	0.168239564977216	0.689960183771336	0.948988637093859
"LP fibroblast"	4	"PDCD5"	0.226373826695192	7.64447254238855	0.168252508826528	0.690103334853367	0.948988637093859
"LP fibroblast"	4	"PTBP1"	-0.12081965931662	8.83374955762886	0.167984809025748	0.690152241296393	0.948988637093859
"LP fibroblast"	4	"LAMP1"	0.111791306074108	9.43594916192918	0.16755067095078	0.69051293590946	0.948988637093859
"LP fibroblast"	4	"MAB21L2"	-0.141855427458194	8.05830511673609	0.167566324078721	0.690547672612097	0.948988637093859
"LP fibroblast"	4	"CHTOP"	-0.191082241383812	7.45354547748208	0.167007332763569	0.690976720564564	0.949012696618156
"LP fibroblast"	4	"RCN1"	-0.125306890017163	8.9441769320028	0.166531457559521	0.691412590329956	0.949046091250523
"LP fibroblast"	4	"PARP9"	-0.192911135815169	7.69900896236913	0.165590441752168	0.692338650872918	0.949751891084443
"LP fibroblast"	4	"PSME2"	0.183831059082508	7.62376300493135	0.163173757064228	0.694296664306824	0.951162728049331
"LP fibroblast"	4	"TM9SF3"	-0.113382970144792	8.7406205415445	0.163212269714759	0.694329521859574	0.951162728049331
"LP fibroblast"	4	"MIA3"	0.1686252265511	7.55948609128162	0.162510956427891	0.694949505543877	0.951162728049331
"LP fibroblast"	4	"AKT3"	-0.148391232340157	7.74900919910475	0.162405425755057	0.695016997729021	0.951162728049331
"LP fibroblast"	4	"TPP1"	0.129414442918004	9.37733162931811	0.161290563780963	0.696014416925324	0.951728134488023
"LP fibroblast"	4	"TNXB"	-0.261440664404204	7.91965420392367	0.161120734043402	0.696255578005766	0.951728134488023
"LP fibroblast"	4	"NCKAP1"	-0.147675530671729	7.9029970433098	0.159079670134613	0.698026645926576	0.953583794731447
"LP fibroblast"	4	"ACVRL1"	0.169033181915097	7.63636273146571	0.157997884053636	0.698816613977785	0.954097757153802
"LP fibroblast"	4	"SNRPD3"	0.15244758268713	7.78162778791826	0.155753487882397	0.701031860651924	0.956555899800791
"LP fibroblast"	4	"KDELR1"	0.159377707004696	9.20960693321035	0.154993223291456	0.701866301965342	0.956959301125
"LP fibroblast"	4	"RAC1"	0.107487643667846	9.96636163477463	0.154448574211834	0.702167247287371	0.956959301125
"LP fibroblast"	4	"MMP19"	-0.23916963519307	8.63069050000884	0.154255704245295	0.702572461753957	0.956959301125
"LP fibroblast"	4	"SPCS3"	0.152200563281712	7.92149472958247	0.152972396828684	0.703570520200102	0.957089717963052
"LP fibroblast"	4	"CSNK1D"	0.199834653934014	7.3617240632787	0.152768224502205	0.703612252230388	0.957089717963052
"LP fibroblast"	4	"SLC2A3"	-0.199712830938692	8.89236951822143	0.152042302786948	0.704307681354046	0.957089717963052
"LP fibroblast"	4	"SLC26A2"	0.149633520399548	7.61813331589594	0.151878101144569	0.704470661418719	0.957089717963052
"LP fibroblast"	4	"HNRNPDL"	0.116805543896115	9.18396877696698	0.151646471584105	0.704743426323184	0.957089717963052
"LP fibroblast"	4	"SOD1"	0.118536808804212	8.97893986783641	0.149488391512844	0.706744303809212	0.957803537668221
"LP fibroblast"	4	"EEF1B2"	-0.106950535492777	10.1864158234462	0.149229195413547	0.706971822634591	0.957803537668221
"LP fibroblast"	4	"PRICKLE2"	-0.128002862686675	7.85241521174537	0.148529463525409	0.707673868376563	0.957803537668221
"LP fibroblast"	4	"PPP1R10"	-0.142388404841033	7.6337671869704	0.148019924550331	0.708012635261719	0.957803537668221
"LP fibroblast"	4	"PPIC"	0.127073110134564	8.00098270373296	0.14800207699545	0.708168596150736	0.957803537668221
"LP fibroblast"	4	"HNRNPU"	-0.113160242291626	9.46294941417076	0.147950414304676	0.70816962201704	0.957803537668221
"LP fibroblast"	4	"ADGRL3"	-0.120619870596029	8.68233569365338	0.147938178035622	0.70820138457561	0.957803537668221
"LP fibroblast"	4	"USP10"	0.172372935847657	7.37777168208713	0.146624561454523	0.709401870568042	0.957803537668221
"LP fibroblast"	4	"CNOT4"	0.160931409124214	7.42485210579696	0.146068191307791	0.709935050158033	0.957803537668221
"LP fibroblast"	4	"STAT6"	0.131827135508725	8.8137839379035	0.145883527838422	0.710121078826941	0.957803537668221
"LP fibroblast"	4	"SP110"	-0.126843170791598	8.1855973462985	0.145545586356739	0.710468277700944	0.957803537668221
"LP fibroblast"	4	"SUN1"	0.175065292636407	7.52751975851796	0.145324947217618	0.710638411361293	0.957803537668221
"LP fibroblast"	4	"IFNAR1"	-0.119453257218156	8.41758406493989	0.145307501323672	0.710674753213236	0.957803537668221
"LP fibroblast"	4	"MRFAP1"	-0.11747343660971	8.96689535145311	0.144851193857148	0.711091786817984	0.957803537668221
"LP fibroblast"	4	"MXD4"	0.192470367351487	7.50461646765408	0.144350869439137	0.711499332188058	0.957803537668221
"LP fibroblast"	4	"DDX46"	-0.125220680206849	7.90955305934803	0.142918172537019	0.712920436702472	0.958662980812636
"LP fibroblast"	4	"IGBP1"	-0.22260819563251	7.63468649236633	0.141751171084605	0.714217717966906	0.958662980812636
"LP fibroblast"	4	"GNG12"	-0.109511850208502	8.87249778474953	0.140138192716288	0.715598462821984	0.958662980812636
"LP fibroblast"	4	"NCOR1"	-0.112316112179644	8.08947141125624	0.138700543835453	0.7170181224755	0.958662980812636
"LP fibroblast"	4	"ACTR3"	0.112876112986679	8.79768750313638	0.138473222306541	0.717208376294268	0.958662980812636
"LP fibroblast"	4	"SEC11A"	0.128482648514191	8.94351594788835	0.138386263042399	0.71728791266775	0.958662980812636
"LP fibroblast"	4	"ZKSCAN1"	0.136269122080305	8.22386988172929	0.138325418474921	0.717374387479852	0.958662980812636
"LP fibroblast"	4	"FTH1"	-0.0847723301966021	11.8845567745842	0.137943000183196	0.717704137319126	0.958662980812636
"LP fibroblast"	4	"EIF3I"	-0.103653380693745	8.79725634876782	0.137636750003	0.718022698514893	0.958662980812636
"LP fibroblast"	4	"NKX2.3"	0.140742705758871	8.57365915191912	0.137333417637567	0.718391573981028	0.958662980812636
"LP fibroblast"	4	"ZNF618"	0.137432425282307	7.60446713331348	0.136854284521376	0.7188117978628	0.958662980812636
"LP fibroblast"	4	"ANKRD11"	0.111654707411421	8.49608383770184	0.136642325360468	0.719002512024812	0.958662980812636
"LP fibroblast"	4	"RAB2A"	-0.134903257328222	8.47320843296534	0.135460366956444	0.720164324570621	0.958662980812636
"LP fibroblast"	4	"PKDCC"	-0.13745228347213	8.85649498585919	0.135083562165023	0.720589877164432	0.958662980812636
"LP fibroblast"	4	"SUMF2"	-0.120880339834344	7.78230619506877	0.134146896405058	0.721401347546348	0.958662980812636
"LP fibroblast"	4	"DDX24"	-0.119621835686546	9.00818462743822	0.13400393940635	0.721582757738815	0.958662980812636
"LP fibroblast"	4	"RBBP6"	-0.110157242261708	8.77967270006907	0.133649008145251	0.721945463410243	0.958662980812636
"LP fibroblast"	4	"GDI1"	-0.118914898846627	8.61214597404852	0.133610382596222	0.721986016753507	0.958662980812636
"LP fibroblast"	4	"ERLEC1"	0.14309195063696	7.83192255369445	0.133482588921851	0.722119734899767	0.958662980812636
"LP fibroblast"	4	"COL4A1"	0.128354683401598	9.21361574116803	0.133454873374598	0.72212885292736	0.958662980812636
"LP fibroblast"	4	"GJA1"	0.156821367754279	8.68673831929565	0.133333561826217	0.722444966943881	0.958662980812636
"LP fibroblast"	4	"TRIM56"	0.126272718018382	8.54117728862588	0.132564797017205	0.723026916305229	0.958662980812636
"LP fibroblast"	4	"CDV3"	0.159467770717847	7.87326362201607	0.130853100207494	0.724836576617615	0.958662980812636
"LP fibroblast"	4	"ATP6V0E1"	0.103128376775088	8.8813903582754	0.130684578128638	0.724893433714193	0.958662980812636
"LP fibroblast"	4	"APP"	0.0982230823011942	10.1063260856439	0.13059605994691	0.724968023997747	0.958662980812636
"LP fibroblast"	4	"DDX5"	0.0988564057850616	10.5170341096476	0.130571208368829	0.724991997244839	0.958662980812636
"LP fibroblast"	4	"HIPK3"	-0.134187691922393	7.62316674970855	0.130436747001346	0.725128389070722	0.958662980812636
"LP fibroblast"	4	"ARPC4"	0.137932424449974	8.15963820505596	0.130341280099415	0.725234155491155	0.958662980812636
"LP fibroblast"	4	"HEG1"	0.164302718991614	7.6916919733813	0.130068440696047	0.725530260210037	0.958662980812636
"LP fibroblast"	4	"RAD23B"	0.129769335744102	7.97203031329858	0.130054427732496	0.725561327417536	0.958662980812636
"LP fibroblast"	4	"EIF3D"	0.114177524355531	8.37962272768396	0.129818384169394	0.725783026802336	0.958662980812636
"LP fibroblast"	4	"EMD"	0.158434659203173	7.69886543456175	0.129115159675774	0.726433868209233	0.958662980812636
"LP fibroblast"	4	"R3HDM2"	0.191230545396458	7.42376521774671	0.128459289440592	0.726957466851345	0.958662980812636
"LP fibroblast"	4	"CLDND1"	-0.118733344861941	7.98364655922643	0.127558890712586	0.728086763760917	0.958662980812636
"LP fibroblast"	4	"RPN1"	-0.115573911341297	8.31059451735342	0.12742311428674	0.728212797572409	0.958662980812636
"LP fibroblast"	4	"TM9SF2"	-0.107655980085592	8.57779114339367	0.127169163210561	0.728459937080062	0.958662980812636
"LP fibroblast"	4	"BRK1"	-0.11196792108588	8.96415421772062	0.126424826536116	0.72921042314343	0.958662980812636
"LP fibroblast"	4	"TTC17"	0.123109426583848	8.04899288447646	0.12637564583954	0.72929039236368	0.958662980812636
"LP fibroblast"	4	"ADAMTS5"	0.153992115696098	8.12732627654642	0.126309011777611	0.729526417892133	0.958662980812636
"LP fibroblast"	4	"TNPO1"	0.123485023349644	7.77187932310119	0.125838156418884	0.729841862959833	0.958662980812636
"LP fibroblast"	4	"LAMA4"	-0.0938903310656177	10.1710936479831	0.125075848827712	0.730578884310564	0.958662980812636
"LP fibroblast"	4	"TSEN34"	-0.119156575188737	7.82838344951167	0.125116780395936	0.730580939282002	0.958662980812636
"LP fibroblast"	4	"B2M"	0.0736926493198589	12.4064274384976	0.124449745284539	0.731222218210783	0.958662980812636
"LP fibroblast"	4	"ZCRB1"	0.108002371901448	8.20377287833777	0.123006192050696	0.732759031629323	0.958662980812636
"LP fibroblast"	4	"HEXIM1"	-0.167436293314309	8.1241764177182	0.122938544526131	0.732978165852739	0.958662980812636
"LP fibroblast"	4	"CDKN1C"	-0.202090183167591	8.36525349083812	0.122879258668922	0.733050059280744	0.958662980812636
"LP fibroblast"	4	"UBE2L6"	-0.119729294779193	7.75375310941713	0.121662766457235	0.734150881934309	0.958662980812636
"LP fibroblast"	4	"MAP4"	0.107036724484362	8.51450848711845	0.121442093202537	0.734372178411529	0.958662980812636
"LP fibroblast"	4	"CLIP3"	0.142810014413634	7.57121183108088	0.121174701741665	0.734529107784475	0.958662980812636
"LP fibroblast"	4	"CLMP"	0.106347788928463	9.26643501164463	0.121218681565051	0.734589590018916	0.958662980812636
"LP fibroblast"	4	"SRSF9"	0.114464688517009	8.03326279752347	0.12113538657117	0.734716949054493	0.958662980812636
"LP fibroblast"	4	"SCP2"	-0.104746914057985	8.38294614357426	0.12085555475639	0.734994548319738	0.958662980812636
"LP fibroblast"	4	"GDI2"	0.103477780780324	8.87969741107244	0.120489740721987	0.735361871244143	0.958662980812636
"LP fibroblast"	4	"HNRNPF"	0.121756571086792	8.20873390937686	0.120487470776633	0.735391953330805	0.958662980812636
"LP fibroblast"	4	"YPEL5"	0.112805095999473	8.31435164810678	0.120455477155518	0.735421170088292	0.958662980812636
"LP fibroblast"	4	"PCM1"	-0.114953184800587	8.38934744657325	0.120004506730767	0.73588835737308	0.958662980812636
"LP fibroblast"	4	"SEC63"	-0.104617349521717	8.73890786473068	0.119898886645639	0.735992394680554	0.958662980812636
"LP fibroblast"	4	"GSPT1"	-0.130776097322396	7.79744772491188	0.119671821193005	0.736249843460182	0.958662980812636
"LP fibroblast"	4	"NREP"	0.11486680346702	7.8517579033558	0.118394046339941	0.737574581037352	0.959845927693078
"LP fibroblast"	4	"CCT4"	0.10770923785539	8.29939786041966	0.117565585492656	0.738478207550687	0.960364410101774
"LP fibroblast"	4	"MRPL20"	0.14733752417003	7.58948251870708	0.117260604692122	0.738805925204053	0.960364410101774
"LP fibroblast"	4	"ADGRL2"	-0.103777048405914	9.26452935009181	0.116363565772474	0.739734387429762	0.961003711736032
"LP fibroblast"	4	"CTDSP1"	0.147134077731709	8.62946886125115	0.116085014931087	0.740208811134576	0.961003711736032
"LP fibroblast"	4	"UBE2A"	-0.123431765980476	7.92208453805239	0.115408316720706	0.740796597960079	0.961003711736032
"LP fibroblast"	4	"PTK7"	0.156188513492637	7.44214841334667	0.114498643184343	0.741728542518929	0.961003711736032
"LP fibroblast"	4	"GTF3A"	0.148177484797873	7.49462972895882	0.114497851385678	0.741732529255763	0.961003711736032
"LP fibroblast"	4	"RNF130"	0.119247485276592	7.82473278906356	0.114476056620748	0.741798181652271	0.961003711736032
"LP fibroblast"	4	"ITIH5"	-0.157550712530372	9.31031457864478	0.113245381794488	0.743265486122447	0.962030496984212
"LP fibroblast"	4	"HLA-DRA"	0.179936257265115	8.13531944447345	0.112133109249092	0.743554157737543	0.962030496984212
"LP fibroblast"	4	"CLSTN1"	-0.119365229542289	7.85635550003726	0.112452681187441	0.744005198994624	0.962030496984212
"LP fibroblast"	4	"MYCBP2"	0.120670881118886	7.77803024365688	0.112198518112811	0.74425949983514	0.962030496984212
"LP fibroblast"	4	"LGALS8"	0.129123612434602	7.64054401073156	0.111815462532338	0.744681386995272	0.96203657053843
"LP fibroblast"	4	"NPTN"	0.107964367936828	8.53838849684585	0.111379816972943	0.745162251562929	0.962118786172517
"LP fibroblast"	4	"EXOC7"	0.192874377834883	7.39310500008712	0.110962633514987	0.745637866167452	0.962194135076746
"LP fibroblast"	4	"SEPT11"	0.0958958020663674	9.46759093129886	0.109505965364265	0.747208316960392	0.963136652296538
"LP fibroblast"	4	"TGFBR2"	-0.0975825428701233	8.92277163911995	0.109320826595418	0.747423381124139	0.963136652296538
"LP fibroblast"	4	"APPL1"	0.13770904912128	7.52387677510255	0.108971152681456	0.747829325226646	0.963136652296538
"LP fibroblast"	4	"ROCK1"	0.114071724992024	8.45053996427927	0.108656558442011	0.748174095464779	0.963136652296538
"LP fibroblast"	4	"BMPR2"	0.114620254116056	8.28328724918686	0.108393351749022	0.748471026056077	0.963136652296538
"LP fibroblast"	4	"ADI1"	0.119846958202843	7.8118246419812	0.108044136425359	0.748874248728401	0.963136652296538
"LP fibroblast"	4	"PSMD1"	0.108903601362133	7.88506260017143	0.106252731767635	0.750885503518477	0.964438149472105
"LP fibroblast"	4	"CARD16"	0.110255066278833	7.96921127554727	0.10597445502464	0.751194292952338	0.964438149472105
"LP fibroblast"	4	"TPT1"	-0.0715033932747045	12.5392837320861	0.10589111252144	0.751249878005712	0.964438149472105
"LP fibroblast"	4	"QKI"	-0.10222175203368	8.46742681131702	0.105642688922936	0.751559130356189	0.964438149472105
"LP fibroblast"	4	"TCEA1"	0.119003875320459	7.86347359043016	0.10498650450212	0.752319960572575	0.964877546763269
"LP fibroblast"	4	"TCAF1"	0.0970714918422159	8.31086417667011	0.104528780428153	0.752830248627224	0.964995304799544
"LP fibroblast"	4	"FUS"	0.0969592035034427	8.98399415272457	0.103805800441256	0.753631521717649	0.965140198346142
"LP fibroblast"	4	"NPM1"	-0.0923298807934906	10.2754645917625	0.103611655236653	0.753843069090069	0.965140198346142
"LP fibroblast"	4	"LINC01082"	-0.106091135749716	8.1081607465549	0.103140104783697	0.754393083134108	0.965140198346142
"LP fibroblast"	4	"PABPC4"	0.12610047130095	8.14824012937729	0.102970724241939	0.754617423078098	0.965140198346142
"LP fibroblast"	4	"APOE"	0.195665813927909	9.99156516104074	0.102073171965355	0.7557635028016	0.96532494423283
"LP fibroblast"	4	"ATXN7L3B"	-0.100212401465198	7.99012707923619	0.101615276465272	0.756173977617847	0.96532494423283
"LP fibroblast"	4	"SRRM2"	0.0941587286538484	9.08223216175356	0.101085379892915	0.756762399762402	0.96532494423283
"LP fibroblast"	4	"IGFBP3"	-0.292736028281295	8.35155166172933	0.100686565751724	0.756837797616929	0.96532494423283
"LP fibroblast"	4	"SDCBP"	-0.0904759593318433	8.62117563181275	0.100852584852774	0.757044387256195	0.96532494423283
"LP fibroblast"	4	"SCARB2"	-0.0885064138972097	9.63920326393384	0.100639034666478	0.757273557726448	0.96532494423283
"LP fibroblast"	4	"SMPDL3A"	0.0959223617511196	8.09595682118766	0.100090251572474	0.75794991476436	0.965407885479297
"LP fibroblast"	4	"PCNP"	-0.125963848424085	8.11518679269428	0.0998957534068412	0.758175923938858	0.965407885479297
"LP fibroblast"	4	"VCAN"	0.078681753987132	10.6527498347732	0.0987732657329115	0.759450504452232	0.966143404926196
"LP fibroblast"	4	"MRFAP1L1"	-0.197056594697514	7.32719244875847	0.0983272485570661	0.760053495452441	0.966143404926196
"LP fibroblast"	4	"CYB5A"	-0.131866502283273	7.67109944747887	0.098187625714951	0.760174461134886	0.966143404926196
"LP fibroblast"	4	"PHACTR4"	-0.144618361602346	7.43706775248539	0.0977588181117459	0.760526859972544	0.966143404926196
"LP fibroblast"	4	"ATP5MC2"	-0.0909076806400686	9.93486541473582	0.0975888567202776	0.760848405614038	0.966143404926196
"LP fibroblast"	4	"FBXL5"	-0.149425453167386	7.465653892944	0.0963296592895651	0.762308592951587	0.966595549676837
"LP fibroblast"	4	"COX6A1"	0.0985405174162175	8.21380684063722	0.0963408013315438	0.762352773609808	0.966595549676837
"LP fibroblast"	4	"ATP1B3"	0.10190613886165	8.19570019110114	0.0962573524260645	0.762461970885588	0.966595549676837
"LP fibroblast"	4	"ACIN1"	-0.110965144430665	8.00698825413822	0.0944003029323032	0.764686671543794	0.968803201730034
"LP fibroblast"	4	"FAT1"	-0.123624878768283	7.70993844760429	0.0940767175810652	0.765043638486727	0.968803201730034
"LP fibroblast"	4	"HCFC1R1"	0.161697623181093	7.75921147820258	0.0929836745545173	0.76619013783967	0.96946686442066
"LP fibroblast"	4	"PTTG1IP"	0.0959616652413857	8.8947312921085	0.0928854174763926	0.766498961752832	0.96946686442066
"LP fibroblast"	4	"PLOD2"	0.113924500940476	8.75109373526145	0.0926194279680332	0.766828950868727	0.96946686442066
"LP fibroblast"	4	"TIA1"	0.104191444358705	7.81515539878708	0.0912069232907594	0.76857868248102	0.969525346321045
"LP fibroblast"	4	"COL4A2"	0.0967711568871401	10.2012088468751	0.0909411124672264	0.768861685735947	0.969525346321045
"LP fibroblast"	4	"UFM1"	0.101069841546492	8.47061897596782	0.0909573361485465	0.76886486167963	0.969525346321045
"LP fibroblast"	4	"JAM3"	-0.125433800016215	7.41392213627956	0.0907777347929684	0.769063962820775	0.969525346321045
"LP fibroblast"	4	"SPPL3"	-0.110989870534527	7.5990614115357	0.0901581147287518	0.76981572300043	0.969525346321045
"LP fibroblast"	4	"JCHAIN"	0.169152085334065	10.0250307422362	0.0898603833645337	0.770339125788626	0.969525346321045
"LP fibroblast"	4	"SF3B2"	0.0954016148356273	7.9081547658136	0.089756551635115	0.77034625974692	0.969525346321045
"LP fibroblast"	4	"CFLAR"	0.110925517820529	8.46098563944158	0.0895544707393803	0.77059812406674	0.969525346321045
"LP fibroblast"	4	"RAB7A"	-0.0797579629452155	9.37495849641546	0.0894105289504154	0.770756315484386	0.969525346321045
"LP fibroblast"	4	"CANX"	0.0793529646972842	9.87166270616319	0.0891477110243832	0.771079568583173	0.969525346321045
"LP fibroblast"	4	"ARL8B"	-0.0993287502436428	7.88294068509852	0.0883692725364147	0.772082949185437	0.970165619199574
"LP fibroblast"	4	"KAT6A"	-0.119070707671248	7.50341642703394	0.0873431024818926	0.773256184893358	0.970165619199574
"LP fibroblast"	4	"CPT1A"	0.120782984217732	7.84107563583895	0.0874213714002191	0.773257058344538	0.970165619199574
"LP fibroblast"	4	"EDNRB"	0.0924451699018629	8.46137216345935	0.0874131016976674	0.773271642709808	0.970165619199574
"LP fibroblast"	4	"NDUFA1"	-0.0900800234175807	8.84509435715928	0.0868609879489287	0.773954336034203	0.970494126642127
"LP fibroblast"	4	"COX7A2L"	0.0923660046291408	8.06591297131873	0.0862036651247967	0.774807411709228	0.971035810544282
"LP fibroblast"	4	"WIPF2"	0.117183557218345	7.6162664982426	0.0855718751707785	0.775604598939611	0.971298309658497
"LP fibroblast"	4	"CAPN2"	-0.0813963589156802	8.77678619001271	0.0853589804034185	0.775859274237186	0.971298309658497
"LP fibroblast"	4	"ITPRIPL2"	-0.0859218365680868	8.63088822430419	0.0843413723078603	0.77716372334093	0.97168183698753
"LP fibroblast"	4	"EXTL2"	-0.112250259861239	7.51712105270917	0.0824957127736439	0.779331754510949	0.97168183698753
"LP fibroblast"	4	"GORASP2"	0.111249564879324	7.49626929308496	0.0825382858242017	0.779472706790341	0.97168183698753
"LP fibroblast"	4	"RBMS1"	-0.085984698043449	8.67777577056086	0.0821489798084087	0.779988793535894	0.97168183698753
"LP fibroblast"	4	"TPP2"	-0.1471919724203	7.62754388492712	0.0820720261800476	0.78014042318461	0.97168183698753
"LP fibroblast"	4	"SEMA5A"	-0.0924307393584512	8.0484779768775	0.081677487436669	0.780612754911497	0.97168183698753
"LP fibroblast"	4	"RSU1"	0.0982088284531782	7.95374933908789	0.0815338901201272	0.780806529536022	0.97168183698753
"LP fibroblast"	4	"DSE"	-0.106718266405397	7.72454696652045	0.081280620695767	0.781134353747667	0.97168183698753
"LP fibroblast"	4	"ACVR1"	0.119460210261336	7.54811867227028	0.081145708729894	0.781290938297585	0.97168183698753
"LP fibroblast"	4	"C19orf66"	0.101547596516034	8.34104474640277	0.0808305044572259	0.781720391626888	0.97168183698753
"LP fibroblast"	4	"CBX3"	0.0848984385359978	8.93007028834716	0.0805998938447932	0.782008563487245	0.97168183698753
"LP fibroblast"	4	"SEM1"	0.100145625894953	8.24029894814014	0.0802188555917451	0.782527637386666	0.97168183698753
"LP fibroblast"	4	"GSTK1"	-0.0990470740813301	8.04454823110223	0.0800608828867333	0.782737850539308	0.97168183698753
"LP fibroblast"	4	"SH3PXD2A"	0.0890581783862529	8.6572891975105	0.079953988339706	0.782861862383963	0.97168183698753
"LP fibroblast"	4	"COX7A2"	0.0961421301627795	7.8320969403295	0.0799390466651112	0.782905017850953	0.97168183698753
"LP fibroblast"	4	"PCYOX1"	0.114930104143524	8.71667038069548	0.0797393485728956	0.783278186697827	0.97168183698753
"LP fibroblast"	4	"PPP1R15A"	0.160902690376213	9.71316564980032	0.0794788207348262	0.783328939705038	0.97168183698753
"LP fibroblast"	4	"RBM39"	0.0769304641290201	9.56232133482981	0.0767776847576584	0.78708389091944	0.973332133746733
"LP fibroblast"	4	"TAX1BP1"	0.0770038612911868	8.77040861709961	0.0762851945577208	0.787759692872987	0.973332133746733
"LP fibroblast"	4	"VPS35"	0.107243717700393	7.56105474795025	0.0758548953382552	0.788354380019344	0.973332133746733
"LP fibroblast"	4	"SLC25A5"	-0.104580840322055	8.11757020406493	0.0755741355224811	0.788737650395539	0.973332133746733
"LP fibroblast"	4	"PSMG2"	-0.0834321820394082	8.02956185726093	0.0755392932712477	0.788790028849162	0.973332133746733
"LP fibroblast"	4	"TMA7"	0.0754963112447205	9.23343071806757	0.0751064901884177	0.789353355660057	0.973332133746733
"LP fibroblast"	4	"HNRNPH1"	-0.08591297431094	9.10496099937626	0.0750302546624607	0.789459571584232	0.973332133746733
"LP fibroblast"	4	"PKD2"	-0.0816355507242837	8.26985657112408	0.0749011623916647	0.789658034258385	0.973332133746733
"LP fibroblast"	4	"SRP9"	0.0980704402653643	8.02801644880073	0.0748789738099388	0.789693498254654	0.973332133746733
"LP fibroblast"	4	"PFDN5"	-0.0726672562976458	9.30966426546457	0.0746111665096122	0.790031696879484	0.973332133746733
"LP fibroblast"	4	"KDM5B"	0.121424432597034	7.99260462023646	0.0742273252949195	0.790638524625664	0.973332133746733
"LP fibroblast"	4	"GPC1"	0.140264425309921	7.554990906711	0.0740012332245665	0.790933101207467	0.973332133746733
"LP fibroblast"	4	"CALD1"	-0.0664407112774455	11.0868675568512	0.0739071269238376	0.79099080237736	0.973332133746733
"LP fibroblast"	4	"XRCC5"	-0.0810447016720357	8.82822766332996	0.073551841443156	0.791494126914207	0.973332133746733
"LP fibroblast"	4	"SQSTM1"	-0.103549185111981	9.23876647399326	0.0735777705091006	0.791506959859462	0.973332133746733
"LP fibroblast"	4	"BSG"	-0.0862476738019145	9.42040866021046	0.0733286358328794	0.7917934623556	0.973332133746733
"LP fibroblast"	4	"TMEM176A"	0.070440267653471	11.1317416031372	0.0729672467867741	0.792288898558594	0.973332133746733
"LP fibroblast"	4	"UBL5"	0.0847282979096869	8.52830682981862	0.0728458538731837	0.792476996458498	0.973332133746733
"LP fibroblast"	4	"MYL12A"	0.0776882158430755	8.9373093431312	0.0726937418626221	0.792678988367895	0.973332133746733
"LP fibroblast"	4	"ADAM9"	0.125313983122386	7.61082157151436	0.071444593707307	0.79443671874318	0.974741908220948
"LP fibroblast"	4	"SRSF3"	-0.0796047754444389	9.21720996148238	0.0705079557725879	0.795737590334875	0.974741908220948
"LP fibroblast"	4	"C11orf58"	0.0856089778657502	8.80534972154429	0.0698273231392781	0.796706256207389	0.974741908220948
"LP fibroblast"	4	"ANKRD12"	-0.0767059346550887	8.7824343406834	0.0692593389450639	0.797514834766484	0.974741908220948
"LP fibroblast"	4	"SKP1"	0.0868710553813448	8.80785282487804	0.0690722470668134	0.797781754257893	0.974741908220948
"LP fibroblast"	4	"DHX36"	0.0993072635418284	7.73633448151893	0.0688656608049105	0.798095201310127	0.974741908220948
"LP fibroblast"	4	"WDR26"	-0.0789879966410037	8.06277841870003	0.0688070034143686	0.798177695177909	0.974741908220948
"LP fibroblast"	4	"TTC14"	0.131661853174509	7.75676902492014	0.0686441412428115	0.798531860901861	0.974741908220948
"LP fibroblast"	4	"TOP1"	-0.076283063228642	8.74263967348888	0.0680063548045527	0.799310062380441	0.974741908220948
"LP fibroblast"	4	"PTK2"	-0.112036657902855	7.55647318503471	0.0677416234500485	0.799679477688138	0.974741908220948
"LP fibroblast"	4	"GBP4"	-0.101494190834382	8.29360127397128	0.0670012027766576	0.800778943436664	0.974741908220948
"LP fibroblast"	4	"HECTD1"	-0.120003545762892	7.55329792047335	0.066836367813421	0.800987220673427	0.974741908220948
"LP fibroblast"	4	"GNA11"	-0.124080321274604	7.36860676620305	0.0667781937925214	0.800992232462937	0.974741908220948
"LP fibroblast"	4	"MAT2B"	-0.118962947308871	7.44404594347521	0.0666476336898341	0.801243833701703	0.974741908220948
"LP fibroblast"	4	"SGCD"	-0.122528739265844	7.64149789622163	0.0664501351621026	0.801588273454366	0.974741908220948
"LP fibroblast"	4	"MAPK10"	-0.0847958751571538	7.96138733477527	0.0661842766495683	0.801971807591022	0.974741908220948
"LP fibroblast"	4	"CCL11"	-0.0679390386799527	11.5523654366527	0.0659799746609115	0.80223577624091	0.974741908220948
"LP fibroblast"	4	"TWSG1"	0.0857808521799447	7.99318105330746	0.0659889705536115	0.802257969155976	0.974741908220948
"LP fibroblast"	4	"PTPA"	-0.0913166608518977	7.81250020144452	0.0658655062146216	0.802397185149848	0.974741908220948
"LP fibroblast"	4	"AKT2"	-0.112745399871796	7.96525104057449	0.0656554253963659	0.802759650796452	0.974741908220948
"LP fibroblast"	4	"NR4A2"	-0.155541182070845	8.38790098549711	0.0650749322347012	0.803390807018985	0.974741908220948
"LP fibroblast"	4	"PCBP1"	0.0756760525043764	8.97552200725678	0.0648443072452345	0.80391436186325	0.974741908220948
"LP fibroblast"	4	"TENT5A"	-0.0772053427762089	8.10987101751226	0.0646371869943299	0.80422766174929	0.974741908220948
"LP fibroblast"	4	"KRT10"	0.0920774960836435	7.90455797221208	0.0643808875751736	0.804624842329909	0.974741908220948
"LP fibroblast"	4	"CAPZA1"	-0.0764456054244237	8.87217188583511	0.0642555819138678	0.804787989757772	0.974741908220948
"LP fibroblast"	4	"ITGB1"	-0.064495636258916	10.6058289044318	0.064060000916428	0.805067344965413	0.974741908220948
"LP fibroblast"	4	"PPIL4"	0.104577576702595	7.72561085563315	0.0639260722104976	0.805297443320433	0.974741908220948
"LP fibroblast"	4	"AHI1"	0.0996352605076472	7.51812851465447	0.0635645532959998	0.80579965683013	0.974741908220948
"LP fibroblast"	4	"RBM6"	0.108422233371839	7.49761512409932	0.0632911075969032	0.80622431070374	0.974741908220948
"LP fibroblast"	4	"ARID5B"	0.089546857429342	9.13278185060739	0.0631016658841845	0.806508048952979	0.974741908220948
"LP fibroblast"	4	"SPG21"	0.0898645858254186	7.66780126355711	0.0623802246779907	0.807594392932999	0.975518233665286
"LP fibroblast"	4	"EIF3J"	0.0929686142640454	7.72629750242345	0.0621260401054563	0.807996455464309	0.975518233665286
"LP fibroblast"	4	"FNBP4"	-0.102179150225016	7.75293590699777	0.0617808321048448	0.80851554700569	0.97563414515705
"LP fibroblast"	4	"INAFM1"	0.123133764534745	7.55224878722441	0.0610936130692281	0.809595430133047	0.975704578294258
"LP fibroblast"	4	"GPX8"	0.109993974406681	7.92563611185712	0.0602860099167997	0.810850495476837	0.975704578294258
"LP fibroblast"	4	"ADAM10"	0.109122329376213	7.48297738010801	0.0598571354529748	0.811443259891408	0.975704578294258
"LP fibroblast"	4	"UBE2D3"	-0.0705977608065631	9.04905431996456	0.0597420695021643	0.811613697780055	0.975704578294258
"LP fibroblast"	4	"OLA1"	-0.091420440632922	7.63689405607439	0.0597238040619686	0.811655482679889	0.975704578294258
"LP fibroblast"	4	"YWHAE"	-0.0648388856123413	9.48256459738541	0.0597007641371057	0.81167203043392	0.975704578294258
"LP fibroblast"	4	"KDSR"	-0.0800865379542534	8.11032268326092	0.0595476502736825	0.811932560870915	0.975704578294258
"LP fibroblast"	4	"SOS1"	-0.0957179299576294	7.7853855428199	0.0595245595174047	0.811958840306453	0.975704578294258
"LP fibroblast"	4	"TMEM30A"	-0.0745679110894577	8.68606853721909	0.0591469278485626	0.812540875486421	0.97582435669657
"LP fibroblast"	4	"DYNC1I2"	0.0746043537169556	8.62087646933048	0.0587104327298041	0.813220676160394	0.97582435669657
"LP fibroblast"	4	"TRA2B"	-0.0825831878993922	8.50716369058523	0.058231158632698	0.813971371736215	0.97582435669657
"LP fibroblast"	4	"PPFIBP1"	-0.0909211207767624	7.79686316522453	0.0580718571301208	0.814222926774295	0.97582435669657
"LP fibroblast"	4	"MPHOSPH8"	-0.0735879808374023	8.45007438444224	0.0579563382714	0.814402186976047	0.97582435669657
"LP fibroblast"	4	"ZC3H13"	0.0873170674345975	8.56476613341455	0.05783081089444	0.814597522394145	0.97582435669657
"LP fibroblast"	4	"ARHGAP21"	0.0888323617250404	7.61745849710295	0.0574651073717572	0.815173691354807	0.975901833135989
"LP fibroblast"	4	"APOBEC3C"	-0.0880694872412197	8.00622635054861	0.0572583550233102	0.815508600369927	0.975901833135989
"LP fibroblast"	4	"ZBTB20"	-0.0741616852265063	9.25163307708448	0.0567133091980664	0.816348334287538	0.976400030532708
"LP fibroblast"	4	"TPM3"	0.0700974650748677	8.85167920111274	0.0559501176349346	0.817568704095043	0.97717316586918
"LP fibroblast"	4	"FTL"	0.0933671848271629	10.7778557784048	0.0558408058121455	0.817842242032748	0.97717316586918
"LP fibroblast"	4	"HNRNPH2"	-0.0784419851884831	7.87857113571339	0.0544565753547614	0.819989957893693	0.978375015935962
"LP fibroblast"	4	"IFI27"	0.121322616777074	8.63065340290613	0.0540128164492497	0.820817612292057	0.978375015935962
"LP fibroblast"	4	"ACTA2"	-0.0697721352289707	8.75634193388595	0.0538025368384015	0.821042354883952	0.978375015935962
"LP fibroblast"	4	"CASC4"	-0.0701330733754356	8.12223680527932	0.0537803023158327	0.821086396317052	0.978375015935962
"LP fibroblast"	4	"OAT"	-0.0947496900931116	7.92698640945033	0.053759908911655	0.821124755496023	0.978375015935962
"LP fibroblast"	4	"TMEM123"	-0.0678154029432126	8.55351149912613	0.0535865369566424	0.821393768799663	0.978375015935962
"LP fibroblast"	4	"CHIC2"	-0.101565304969025	7.71564659241392	0.0523166711839919	0.823456006736489	0.979230822513423
"LP fibroblast"	4	"DAD1"	-0.0746860402251788	8.64790416124226	0.0522536876932728	0.823583562418451	0.979230822513423
"LP fibroblast"	4	"UQCRB"	-0.0683159905992462	9.41320541452978	0.0521334478499427	0.82377210536961	0.979230822513423
"LP fibroblast"	4	"SMG1"	-0.0923201276077235	7.55367078504518	0.0519729048950644	0.824029245884849	0.979230822513423
"LP fibroblast"	4	"BSDC1"	0.129674744842739	7.58973676635671	0.0518911834695414	0.824235484171099	0.979230822513423
"LP fibroblast"	4	"SARS"	-0.0880155032480561	7.556807539578	0.0513073354192229	0.825124653625505	0.979263805771996
"LP fibroblast"	4	"S100A6"	-0.0669664333967896	10.7556886291374	0.0512208429839228	0.825290078831411	0.979263805771996
"LP fibroblast"	4	"PPDPF"	-0.0886576608861513	9.85019283836072	0.0511369811835648	0.825537223946557	0.979263805771996
"LP fibroblast"	4	"NSD3"	-0.0643551760710429	8.45995965455402	0.0502926515279716	0.826868428730584	0.980025242645431
"LP fibroblast"	4	"SETX"	0.0883624604361282	8.08106784835834	0.0502013831777918	0.827029107627063	0.980025242645431
"LP fibroblast"	4	"THOC2"	0.0771076375987019	8.24631421479314	0.0496487421842751	0.827965576365043	0.980410608159095
"LP fibroblast"	4	"EIF5B"	-0.0665538501020398	8.76789288900303	0.0493123672228334	0.828527716934922	0.980410608159095
"LP fibroblast"	4	"CD44"	-0.0776140085628752	8.97834823922112	0.0491223444146181	0.82885188734361	0.980410608159095
"LP fibroblast"	4	"ZNF207"	0.0820552230804478	8.57186311730586	0.04900590160393	0.82905493751528	0.980410608159095
"LP fibroblast"	4	"EIF3E"	-0.0716129084300505	9.45047773558574	0.0484245528657822	0.830042501642543	0.980844735644675
"LP fibroblast"	4	"RAB1A"	-0.0811801985309574	8.4236671007719	0.0480894482627398	0.830638276724247	0.980844735644675
"LP fibroblast"	4	"EIF2AK2"	-0.0761654366821778	8.02284594346171	0.0480582120338365	0.830698078366891	0.980844735644675
"LP fibroblast"	4	"HSP90AA1"	-0.0643457220880306	10.9900197894524	0.047543920604243	0.831564591171608	0.981365377298735
"LP fibroblast"	4	"FIS1"	-0.091916932954279	7.56574508894987	0.0471986041299047	0.832135374595463	0.981536661799047
"LP fibroblast"	4	"RBMX"	0.0789641038072978	8.91609365336008	0.046492767552677	0.833414040357399	0.98227227268591
"LP fibroblast"	4	"SOCS3"	0.105403375384246	10.7703368573721	0.045878787127309	0.834592714142089	0.98227227268591
"LP fibroblast"	4	"GTF2A2"	-0.0885601082750699	7.4805514237983	0.045782389370904	0.834662851227519	0.98227227268591
"LP fibroblast"	4	"YWHAG"	0.073477103519677	8.30104088030694	0.0457138364328678	0.834804699851884	0.98227227268591
"LP fibroblast"	4	"PDIA3"	0.0654676134056605	9.59870499676705	0.0456558870924713	0.83488883541387	0.98227227268591
"LP fibroblast"	4	"TCEAL4"	-0.0653895237218738	8.55593175414094	0.0452679640790734	0.835593251531304	0.982340418135767
"LP fibroblast"	4	"DYNC1LI2"	-0.0737150639148369	8.47414911454782	0.0451543113452039	0.835798742576919	0.982340418135767
"LP fibroblast"	4	"ERP44"	0.0662784490383949	8.45459438547713	0.0446184910257069	0.836760545192097	0.982795544673999
"LP fibroblast"	4	"SYPL1"	-0.0882358881357583	8.26171800837657	0.0444905782081968	0.83703835634854	0.982795544673999
"LP fibroblast"	4	"DHRS7"	-0.0729410702366193	8.02465412372803	0.0441290598941116	0.837650747371321	0.982958178704833
"LP fibroblast"	4	"TSPYL2"	-0.0773873459415502	7.99596746939381	0.0439022718014404	0.838029392599177	0.982958178704833
"LP fibroblast"	4	"CHMP3"	0.0786167696823243	8.64372007067453	0.0433871627603189	0.838988850498241	0.983221517981793
"LP fibroblast"	4	"SMARCC1"	-0.0773531700418824	7.63506485230699	0.0433246018069761	0.839106655415512	0.983221517981793
"LP fibroblast"	4	"ARPC3"	-0.0640356694183662	8.22389385552403	0.0428536624548154	0.839974136343239	0.983402005198575
"LP fibroblast"	4	"PRKAR1A"	0.0545580895095818	9.43904954932422	0.042373049037453	0.84084204543437	0.983402005198575
"LP fibroblast"	4	"DFFA"	-0.0956954709321791	7.43995063621202	0.0421204782269064	0.841297004548449	0.983402005198575
"LP fibroblast"	4	"ERH"	-0.0741085640406504	8.47045402363603	0.041963881591602	0.841614298242721	0.983402005198575
"LP fibroblast"	4	"HTRA1"	-0.0723889631858038	7.91014109006961	0.0417265512018769	0.842058320217785	0.983402005198575
"LP fibroblast"	4	"CLK1"	0.0709648003342909	8.41875179342302	0.0413386026000417	0.842784869749054	0.983402005198575
"LP fibroblast"	4	"SLC38A2"	-0.0700491929977157	9.49348552935297	0.0411347146402595	0.843151244430262	0.983402005198575
"LP fibroblast"	4	"PLSCR1"	0.0620066888246454	8.6057582914394	0.0411161404959534	0.843197603494302	0.983402005198575
"LP fibroblast"	4	"KARS"	0.0785259951332213	7.49371924395075	0.0406286239826189	0.844098451379909	0.983402005198575
"LP fibroblast"	4	"RBM22"	-0.0733252030883029	8.02765426780857	0.0402075249310849	0.844921210798848	0.983402005198575
"LP fibroblast"	4	"DNAJA1"	-0.0773792144181777	9.36965780842409	0.039757509103216	0.845802133363158	0.983402005198575
"LP fibroblast"	4	"BAZ2A"	-0.0700734009092578	8.07676113738343	0.0395474581275802	0.846180143554168	0.983402005198575
"LP fibroblast"	4	"ADH5"	0.0538526476500688	8.93095942703353	0.0391061541719597	0.847014565511168	0.983402005198575
"LP fibroblast"	4	"LSM14A"	-0.0675690594055573	7.8883262147879	0.039104070533629	0.847038678303495	0.983402005198575
"LP fibroblast"	4	"HDAC2"	-0.0774034784276979	7.61080499604653	0.0389488032540377	0.847324119208841	0.983402005198575
"LP fibroblast"	4	"C1S"	-0.0459357881167505	11.9759010370804	0.0385037566055899	0.848173086397763	0.983402005198575
"LP fibroblast"	4	"AKAP9"	-0.0578086337590393	8.744101857578	0.0383307368180742	0.848520862205993	0.983402005198575
"LP fibroblast"	4	"IER2"	0.106711371092787	9.36226981088146	0.0382343243075147	0.848615927753736	0.983402005198575
"LP fibroblast"	4	"COL5A2"	0.0552934242758263	10.548113758941	0.0382160809392654	0.848734037056939	0.983402005198575
"LP fibroblast"	4	"PARVA"	0.0628616293532976	8.96514157734736	0.0379182081730609	0.849323078091435	0.983402005198575
"LP fibroblast"	4	"TEAD3"	0.0571633119098043	8.2271174429736	0.0378751709493471	0.849419294540821	0.983402005198575
"LP fibroblast"	4	"SNRPD2"	0.0730578157649658	8.77440873030541	0.0377630168882188	0.849583416350469	0.983402005198575
"LP fibroblast"	4	"LASP1"	0.0595055002756301	8.45056815218583	0.037670335537638	0.849819035510705	0.983402005198575
"LP fibroblast"	4	"DNAJC10"	0.0674031470075925	8.02716844772377	0.0374603443695834	0.850239540633529	0.983402005198575
"LP fibroblast"	4	"EFHD2"	0.0739000074788024	7.89648667193088	0.0367213088598593	0.851703810683004	0.983402005198575
"LP fibroblast"	4	"ATP5ME"	0.0692254842320888	8.91571974410148	0.0366568972705625	0.851820575434614	0.983402005198575
"LP fibroblast"	4	"SSBP3"	-0.0592657488955369	9.09811602300066	0.036646821884485	0.851835325011576	0.983402005198575
"LP fibroblast"	4	"OCIAD1"	0.0608155200687396	8.40567606036324	0.0364222124712101	0.852294970597519	0.983402005198575
"LP fibroblast"	4	"N4BP2L2"	0.0550505528223856	8.64292215112333	0.0363236830719876	0.852489436992038	0.983402005198575
"LP fibroblast"	4	"ATP6V1G1"	-0.0639863333138681	8.10278921261687	0.0362745797851999	0.852593582281996	0.983402005198575
"LP fibroblast"	4	"EPN2"	0.068913748280272	7.92071588925522	0.0359900240349491	0.853141282837061	0.983402005198575
"LP fibroblast"	4	"DUSP1"	0.100553193878264	9.54309737171279	0.0357152468483953	0.853795630970593	0.983402005198575
"LP fibroblast"	4	"TMBIM6"	-0.0532382979208956	10.1106576701841	0.0356376104529554	0.853858430796915	0.983402005198575
"LP fibroblast"	4	"NEO1"	-0.087166008726581	7.84721208451245	0.0354592432100168	0.854274018694377	0.983402005198575
"LP fibroblast"	4	"PPM1G"	0.0843273604886848	7.60721512766139	0.0350042689522699	0.855095511163455	0.983402005198575
"LP fibroblast"	4	"RTL8C"	-0.0604266225492336	9.20939840247561	0.0349836261115967	0.855192200822303	0.983402005198575
"LP fibroblast"	4	"TERF2IP"	-0.0600848753931386	9.26067274965099	0.0349722979890613	0.855214884617278	0.983402005198575
"LP fibroblast"	4	"UBC"	-0.0537122841313641	9.56501584946372	0.0347082705747908	0.855755807253	0.983402005198575
"LP fibroblast"	4	"HIC1"	-0.0809358554890013	8.7110660570617	0.0344675560983105	0.856311733076741	0.983402005198575
"LP fibroblast"	4	"NUMA1"	-0.091753931048654	7.78959847739396	0.0343594163212331	0.856499463730398	0.983402005198575
"LP fibroblast"	4	"VAT1"	-0.0851590561816825	7.40621423332511	0.0340749250814292	0.856911654322214	0.983402005198575
"LP fibroblast"	4	"CCT8"	-0.0719081198467384	7.58795517050817	0.0340239634907303	0.857171739136659	0.983402005198575
"LP fibroblast"	4	"ASH1L"	-0.0720654702948187	8.1612426804031	0.0335357860875824	0.858191397489555	0.984082229045705
"LP fibroblast"	4	"SSC5D"	-0.0654579292607581	7.71609965663409	0.0326805347240724	0.859963234050957	0.985623865666753
"LP fibroblast"	4	"SSRP1"	-0.0565570865864154	8.12965366250097	0.0323303009708395	0.860741042397716	0.98578208336016
"LP fibroblast"	4	"ANTXR1"	-0.0489064718717906	9.53126003377247	0.0321738526982307	0.861057101379958	0.98578208336016
"LP fibroblast"	4	"MOB1A"	-0.055713410370007	8.25303695837783	0.0315511664252391	0.862406901933158	0.98578208336016
"LP fibroblast"	4	"UTRN"	-0.0809777062478036	7.75925984392485	0.0314348481322547	0.862656000466334	0.98578208336016
"LP fibroblast"	4	"MYO1C"	-0.0691798343921816	7.96898458229847	0.0308830250770385	0.863726380779189	0.98578208336016
"LP fibroblast"	4	"TCEAL8"	-0.0661917492839201	7.84992263031539	0.0305866582146225	0.864509327506675	0.98578208336016
"LP fibroblast"	4	"FOXO3"	-0.0597187568717728	8.87871017329775	0.0299180223825515	0.865967784215653	0.98578208336016
"LP fibroblast"	4	"TTC1"	-0.0654910988847567	7.54605976342668	0.0297629606000489	0.866307693893233	0.98578208336016
"LP fibroblast"	4	"UNC5B"	0.0624332680135472	7.80672894660588	0.0297295684396753	0.866371086278408	0.98578208336016
"LP fibroblast"	4	"PPP2CA"	0.0527263605357093	7.98675739509855	0.0297096460781773	0.866443609581061	0.98578208336016
"LP fibroblast"	4	"MAGT1"	-0.0593547450761785	7.7285894539074	0.0297027353276472	0.866457421500306	0.98578208336016
"LP fibroblast"	4	"TMEM245"	0.0617319274804146	7.60106968651008	0.0292628744648605	0.867434466921283	0.98578208336016
"LP fibroblast"	4	"TMEM98"	0.0485405856751004	8.77805644430247	0.0292312515203265	0.867498910617137	0.98578208336016
"LP fibroblast"	4	"ETS2"	0.0627956109593924	9.26412221035983	0.0289499784353925	0.868127248362753	0.98578208336016
"LP fibroblast"	4	"MARCH6"	0.0630848615935436	7.9038057052407	0.0281729181291348	0.869908387464847	0.98578208336016
"LP fibroblast"	4	"APOL1"	0.055460783994607	8.65969977937698	0.0278877464786065	0.87055165708097	0.98578208336016
"LP fibroblast"	4	"DLL1"	-0.0481028879071505	8.60776627785797	0.0278616690566959	0.870610068503863	0.98578208336016
"LP fibroblast"	4	"JUNB"	-0.0830261096918703	11.1501401383515	0.0278565586800106	0.870689710952884	0.98578208336016
"LP fibroblast"	4	"SERPING1"	0.0582904665323368	10.6249655821799	0.0276342213144781	0.871156128437526	0.98578208336016
"LP fibroblast"	4	"SYNE1"	-0.0637735551194187	7.56450508740239	0.0275656010755437	0.871245440386504	0.98578208336016
"LP fibroblast"	4	"FOSB"	0.119788417733235	10.9160376046979	0.027517118395244	0.871469548365218	0.98578208336016
"LP fibroblast"	4	"EIF2A"	0.0608023215379517	7.84389700465842	0.0272681001928498	0.871977900709237	0.98578208336016
"LP fibroblast"	4	"PRRC2C"	0.0466764864159723	9.20837724823683	0.0269019140915296	0.872828912497755	0.98578208336016
"LP fibroblast"	4	"SH3GLB1"	-0.061696820847007	7.85399967701505	0.0268609786149766	0.87294084389233	0.98578208336016
"LP fibroblast"	4	"XIST"	-0.0633274759614753	9.56518116118954	0.0270909729244842	0.873101815829728	0.98578208336016
"LP fibroblast"	4	"ENC1"	-0.065411630958017	7.69003284586075	0.0266805265230994	0.873308472530422	0.98578208336016
"LP fibroblast"	4	"HNRNPA0"	0.0486127589900592	8.39031802119698	0.0266596938781279	0.873407407939399	0.98578208336016
"LP fibroblast"	4	"EI24"	-0.0548370194785967	8.56321137310385	0.0265289202964831	0.873713219254405	0.98578208336016
"LP fibroblast"	4	"YAP1"	0.0728507710820092	7.79274998991	0.0265097378348141	0.87376882454952	0.98578208336016
"LP fibroblast"	4	"CLTC"	0.0504731892348171	9.09491335017265	0.0264436146859248	0.873907221587379	0.98578208336016
"LP fibroblast"	4	"COL5A1"	0.0412693826610967	10.6878792787327	0.0263808032919024	0.874051020716265	0.98578208336016
"LP fibroblast"	4	"NFIC"	-0.0461915431076635	10.1807819561556	0.0261642646058921	0.874564509039697	0.98578208336016
"LP fibroblast"	4	"ZFR"	0.0670381478989158	7.77874716451436	0.025959089779218	0.875071414728885	0.98578208336016
"LP fibroblast"	4	"PAIP2"	-0.0552182692282427	8.27964771695389	0.0257621656003001	0.875539622860321	0.98578208336016
"LP fibroblast"	4	"CDC42BPB"	-0.0799117369227402	7.33126310390153	0.0251864908639652	0.876802197135891	0.98578208336016
"LP fibroblast"	4	"EIF3G"	0.0852269264900206	7.79430666765352	0.0248551362167647	0.877598776256413	0.98578208336016
"LP fibroblast"	4	"NR4A1"	0.103367326700011	10.6340902725112	0.02473690212036	0.87803810829404	0.98578208336016
"LP fibroblast"	4	"PNRC1"	-0.0488204986194923	9.81109243693234	0.0246830899432419	0.878135943994849	0.98578208336016
"LP fibroblast"	4	"TRIR"	-0.0453313467201316	9.36123620388745	0.0243864208781257	0.878864186934755	0.98578208336016
"LP fibroblast"	4	"FSCN1"	0.0916812352638922	7.47165638199996	0.0242196332818999	0.879211072896397	0.98578208336016
"LP fibroblast"	4	"PSMF1"	0.0585801351501708	8.07897084229898	0.0241317835480717	0.879510376449121	0.98578208336016
"LP fibroblast"	4	"EZR"	0.0797600061142616	7.46446302714932	0.0240731425370217	0.879556139987933	0.98578208336016
"LP fibroblast"	4	"TMEM9B"	0.0695115023619448	7.46203276444113	0.0239813325087056	0.879845484316417	0.98578208336016
"LP fibroblast"	4	"NFE2L1"	-0.0539674398423389	8.0849163669884	0.0239455146650665	0.879962540738406	0.98578208336016
"LP fibroblast"	4	"DDX6"	0.0567158550407672	8.24412322942339	0.0236443639755353	0.880718380034735	0.98578208336016
"LP fibroblast"	4	"IGFBP7"	-0.0329758572814805	12.1691757786056	0.0235386928749484	0.880967059158077	0.98578208336016
"LP fibroblast"	4	"MAN1A2"	-0.0522868964754743	8.43634299070378	0.0233236947062687	0.881520754870911	0.98578208336016
"LP fibroblast"	4	"FAM111A"	-0.0704169809712993	7.38009651879424	0.0232375513264544	0.881717547113025	0.98578208336016
"LP fibroblast"	4	"TMX1"	-0.0596563024889708	7.54856567724931	0.0229182819891655	0.882537426190809	0.98578208336016
"LP fibroblast"	4	"TCERG1"	-0.0656242026405389	7.74270018530586	0.0228565874049926	0.882704012047925	0.98578208336016
"LP fibroblast"	4	"USP8"	0.0597025075108122	8.12182172373687	0.0225451469717306	0.883500460238807	0.98578208336016
"LP fibroblast"	4	"ANXA2"	-0.0466080674685239	10.0588473103673	0.0223933816604036	0.883875866987421	0.98578208336016
"LP fibroblast"	4	"UBAP2L"	-0.0526075591253612	7.745443126613	0.0222854087672766	0.884171873564197	0.98578208336016
"LP fibroblast"	4	"FBLN5"	-0.0501895841077024	9.91972655994326	0.0220883151798513	0.884665898066942	0.98578208336016
"LP fibroblast"	4	"EEF2"	-0.0387562895227947	10.365581697282	0.0218257544245825	0.885344994115567	0.98578208336016
"LP fibroblast"	4	"NFATC2IP"	0.0683711013425536	7.66703728905251	0.0217292468551849	0.885601343301552	0.98578208336016
"LP fibroblast"	4	"SSB"	-0.0518070352940725	8.69249440158352	0.0216522279406542	0.885806360162278	0.98578208336016
"LP fibroblast"	4	"IP6K2"	0.0458170770660591	8.13451285342115	0.0215626732395521	0.886048455463546	0.98578208336016
"LP fibroblast"	4	"EFEMP1"	-0.0463813294374265	9.58570263315043	0.0214906380573544	0.886226047284035	0.98578208336016
"LP fibroblast"	4	"SEPT2"	0.0395010925304688	10.0221400640625	0.0214462690359704	0.886338502501381	0.98578208336016
"LP fibroblast"	4	"CHD2"	0.0568567125402946	7.90305075700972	0.0211843353788654	0.88703909743836	0.98578208336016
"LP fibroblast"	4	"MBD2"	0.0512037231492028	8.34341179854667	0.0211321384577668	0.88718096235225	0.98578208336016
"LP fibroblast"	4	"NBR1"	-0.0684881904505743	7.89718593089453	0.0210032694706311	0.887590026594875	0.98578208336016
"LP fibroblast"	4	"HSP90AB1"	0.035799952066707	10.8580325323221	0.0208468102555758	0.887925419910765	0.98578208336016
"LP fibroblast"	4	"OSTC"	-0.0672211080469582	8.01944955955598	0.0208435731951388	0.88801981158047	0.98578208336016
"LP fibroblast"	4	"SRP14"	0.0388345075004826	9.1897850834136	0.020608105425124	0.888567450722746	0.98578208336016
"LP fibroblast"	4	"EIF3A"	0.0420717285974222	8.80798247830846	0.0204952506263356	0.888874706890142	0.98578208336016
"LP fibroblast"	4	"IER5"	0.0760749168846568	7.67607097082876	0.0203932084510258	0.889170309362156	0.98578208336016
"LP fibroblast"	4	"C5orf24"	0.0685248796820968	7.70272478562885	0.0201954167511533	0.889723706740896	0.985921608719128
"LP fibroblast"	4	"PIGT"	-0.0604182128345065	7.63455501778109	0.0199512686310611	0.890345592099747	0.985975370200321
"LP fibroblast"	4	"TUBA1A"	-0.0537381924999544	8.2918702720211	0.0198170592172084	0.890723023002708	0.985975370200321
"LP fibroblast"	4	"DDIT4"	-0.0882348676878128	7.59426854545731	0.0197111388995949	0.891054931265165	0.985975370200321
"LP fibroblast"	4	"SRSF2"	-0.0415246405791374	8.78079717409659	0.0193396439782441	0.892031952030085	0.986485191802465
"LP fibroblast"	4	"EIF3M"	-0.0510598442262381	7.82858179630074	0.0191654224785801	0.892519863108584	0.986485191802465
"LP fibroblast"	4	"HEBP2"	-0.0469159316348526	7.78421266234594	0.0190105401127901	0.892956232303179	0.986485191802465
"LP fibroblast"	4	"PLXNB2"	0.0627250577115635	7.95037424169951	0.0185980272540568	0.894171964709488	0.986485191802465
"LP fibroblast"	4	"PROCR"	-0.0404712055807326	9.4950072065483	0.0185049508734532	0.894364945972185	0.986485191802465
"LP fibroblast"	4	"PRPF38B"	-0.0413666995446998	8.52141633645318	0.0184851000647442	0.894429444169805	0.986485191802465
"LP fibroblast"	4	"TUBB6"	0.0629612769654525	7.91390930094104	0.0184766024537737	0.894526004279766	0.986485191802465
"LP fibroblast"	4	"NIPBL"	0.0597826489080638	8.35150134341334	0.0183287865329004	0.894937997073182	0.986485191802465
"LP fibroblast"	4	"PPA2"	0.0519945322753758	7.40385064429453	0.0174763102957201	0.897315051352636	0.987849135993595
"LP fibroblast"	4	"ARIH1"	-0.0715070330692318	7.76033143037001	0.0174475027471855	0.897480044642992	0.987849135993595
"LP fibroblast"	4	"DYNLL1"	0.0402901185222876	9.23666287403466	0.0173410989719395	0.897720683409779	0.987849135993595
"LP fibroblast"	4	"PLPP5"	0.0568580347966585	7.51220911882843	0.0172202200440571	0.898078404781757	0.987849135993595
"LP fibroblast"	4	"MRC2"	0.0456431355534365	7.91352896242814	0.0170517751344341	0.898581051352698	0.987849135993595
"LP fibroblast"	4	"DYNC1H1"	0.0399837372216444	8.23046627905554	0.0167289955731339	0.899541925102614	0.987849135993595
"LP fibroblast"	4	"GNB4"	-0.0428969244186444	7.87465625833769	0.0167263623137691	0.899545154976033	0.987849135993595
"LP fibroblast"	4	"EGR3"	-0.105905768483544	8.08096498257198	0.0167616761524867	0.899602422197116	0.987849135993595
"LP fibroblast"	4	"PNN"	0.0361371338208565	8.80303278725501	0.0165251101525002	0.900145688581664	0.987975229828328
"LP fibroblast"	4	"SESTD1"	-0.0545203174733242	7.68996236962428	0.0163292829180486	0.90071987740155	0.988135127158884
"LP fibroblast"	4	"APMAP"	0.0461356016413122	8.01958268495366	0.0160514003682419	0.901587830434165	0.988616993333897
"LP fibroblast"	4	"MCL1"	0.0527393128374458	10.0764804190199	0.0155171690281389	0.903272300693436	0.989144858497549
"LP fibroblast"	4	"UBE2Q1"	0.0433319249997427	7.98711577076286	0.0151249554147487	0.904452548477985	0.989144858497549
"LP fibroblast"	4	"ZNF24"	-0.0527183585598821	7.78288728721383	0.0150573716500129	0.904659391902751	0.989144858497549
"LP fibroblast"	4	"EPC1"	-0.0456711018913552	7.83490951147649	0.0149874310955206	0.904880251853114	0.989144858497549
"LP fibroblast"	4	"UBE2K"	-0.0415918736504818	7.82307221426917	0.0148997113866165	0.905162124103192	0.989144858497549
"LP fibroblast"	4	"SFPQ"	0.0390392482130284	9.38159130625257	0.0148020844889404	0.905459828323894	0.989144858497549
"LP fibroblast"	4	"ADD1"	-0.0469219405346529	8.97964327446004	0.0147751375858929	0.905571637935937	0.989144858497549
"LP fibroblast"	4	"PDCD6"	-0.0379826468314942	8.06016354280285	0.0145411964094856	0.906303662928338	0.989144858497549
"LP fibroblast"	4	"PALLD"	-0.0407168058062083	9.12765121023529	0.0145378091578624	0.90630499977011	0.989144858497549
"LP fibroblast"	4	"EIF3L"	0.0419791850221449	8.86067685429346	0.0144589150484599	0.906559304872059	0.989144858497549
"LP fibroblast"	4	"SPARC"	0.0279410108752541	11.432172884881	0.0143178749698718	0.907008548535629	0.989144858497549
"LP fibroblast"	4	"TMEM258"	0.0328240254687888	9.03769703395287	0.0140282208113077	0.907953104569062	0.989144858497549
"LP fibroblast"	4	"SNX5"	-0.055122891551894	7.44685776505413	0.0140235188210903	0.907968046390789	0.989144858497549
"LP fibroblast"	4	"YWHAB"	0.0329126163463461	10.1040688235883	0.013990033427867	0.90807444294853	0.989144858497549
"LP fibroblast"	4	"NUDT3"	-0.032504265604132	8.89843142203279	0.0138443543118095	0.908556774579814	0.98920298497689
"LP fibroblast"	4	"ACP1"	0.0502854018399089	7.44236201551655	0.0128148588804563	0.911974437844874	0.991809425179047
"LP fibroblast"	4	"ETF1"	-0.0360831694680942	7.89039735325182	0.0127619373163121	0.912195060899006	0.991809425179047
"LP fibroblast"	4	"BLOC1S6"	-0.0462986334910331	7.60522942822013	0.0125196769409588	0.913020263522032	0.991809425179047
"LP fibroblast"	4	"DNAJC15"	-0.0369271078388523	7.82316974167954	0.0125009142113381	0.913094566569913	0.991809425179047
"LP fibroblast"	4	"HSD17B12"	0.0382883460037389	7.73739061355531	0.0124334910845391	0.913325945467921	0.991809425179047
"LP fibroblast"	4	"BTF3"	0.0358403378415338	9.59532526786418	0.0123713217570598	0.913531317901256	0.991809425179047
"LP fibroblast"	4	"ZMAT2"	-0.0379361215400108	8.11704056374052	0.0120069911670655	0.914820534672313	0.991937245767963
"LP fibroblast"	4	"MESD"	0.0363908196958165	7.82579066312491	0.0119355702831298	0.915073416446613	0.991937245767963
"LP fibroblast"	4	"RNF145"	0.0456191247220596	7.7489540932886	0.0118338541341115	0.915433661132717	0.991937245767963
"LP fibroblast"	4	"SELENOF"	-0.039821207383873	8.80037315670738	0.0117760903646731	0.915631978143338	0.991937245767963
"LP fibroblast"	4	"SUPT16H"	-0.0454998907887503	7.71892764051354	0.0117132539850355	0.915864906496856	0.991937245767963
"LP fibroblast"	4	"DDX17"	0.0276028321667051	10.7204460098879	0.0116076133769929	0.916229979829037	0.991937245767963
"LP fibroblast"	4	"ALDH2"	0.0317327709580507	8.78304157914481	0.0112897885428148	0.91738636858832	0.992491201285222
"LP fibroblast"	4	"METTL9"	0.0469938116698346	7.67781203068046	0.0112310182200094	0.917602446287985	0.992491201285222
"LP fibroblast"	4	"USP22"	0.0366281690454305	8.29839962656963	0.0110530750143005	0.918258378366023	0.992606727006922
"LP fibroblast"	4	"ELK3"	-0.0363037592461349	7.80540677076046	0.010968388591207	0.918570145460872	0.992606727006922
"LP fibroblast"	4	"SRSF4"	0.0345493802533106	8.02116143700273	0.0108168345821238	0.919132859142012	0.992749589312168
"LP fibroblast"	4	"NSA2"	-0.0308552717456294	9.47269405496177	0.0106501315010096	0.919746926894819	0.992947759091504
"LP fibroblast"	4	"RETREG2"	-0.043075435159504	7.65083294333138	0.0101701030604523	0.921578390373613	0.993258021813477
"LP fibroblast"	4	"MDH1"	-0.0373604982352894	7.93013711118895	0.0101701964501679	0.921581183828379	0.993258021813477
"LP fibroblast"	4	"FAM3C"	0.0403535945466949	7.54706894442942	0.0101417200616114	0.921680460110043	0.993258021813477
"LP fibroblast"	4	"GABARAPL2"	0.0317517693713137	8.0665027793279	0.00990815727296053	0.922594134277008	0.993258021813477
"LP fibroblast"	4	"SBDS"	-0.0323864075344492	8.59240346567055	0.00981510491466844	0.922951348319964	0.993258021813477
"LP fibroblast"	4	"HOOK3"	-0.0316693736915556	7.9764036734905	0.00980881957584177	0.922981582720839	0.993258021813477
"LP fibroblast"	4	"UBQLN2"	-0.0469289839004007	7.55447693589899	0.00972126565655451	0.923319760739761	0.993258021813477
"LP fibroblast"	4	"TRIM8"	0.0284144336290271	8.5054188170795	0.0096805099195739	0.923480138234212	0.993258021813477
"LP fibroblast"	4	"CSNK2A1"	0.0361176136088028	8.05324308175695	0.00946301449617173	0.924346029357845	0.99372584787841
"LP fibroblast"	4	"LEPROT"	0.0352434244536921	9.16843840298754	0.00919367818776339	0.925417551840167	0.993978045602553
"LP fibroblast"	4	"SLTM"	0.0313270201366708	8.38582559322453	0.00906672584547716	0.925938158966564	0.993978045602553
"LP fibroblast"	4	"CELF2"	0.0301897115730897	8.29943258125154	0.00901600666541847	0.926146529027447	0.993978045602553
"LP fibroblast"	4	"VAPA"	0.0273554308610609	8.76260577080621	0.00894986843624109	0.92641223870614	0.993978045602553
"LP fibroblast"	4	"SRPRA"	-0.0330498007870762	8.22258945213073	0.00885336867549479	0.926813358114298	0.993978045602553
"LP fibroblast"	4	"CGGBP1"	-0.0310214683393872	7.97701706000343	0.00876730328097557	0.927166858669164	0.993978045602553
"LP fibroblast"	4	"XRCC6"	-0.0325867924621174	8.44881537920115	0.00853720950794931	0.928125117526661	0.994087161116925
"LP fibroblast"	4	"TNS2"	-0.0451520870288408	7.84285112687268	0.00850235915061464	0.928288776744563	0.994087161116925
"LP fibroblast"	4	"UBXN4"	-0.024534948712168	9.2336456975555	0.0084323287945745	0.92856190158103	0.994087161116925
"LP fibroblast"	4	"NDN"	0.0269551045319141	8.73537389244689	0.0082402585978503	0.929380785466562	0.994502130527096
"LP fibroblast"	4	"IMP3"	-0.0339022658209005	7.7566576292626	0.00805310357175942	0.930171838956929	0.994837985618646
"LP fibroblast"	4	"ARF6"	0.0274008237002966	7.96461316972304	0.00793812149610435	0.930690348128848	0.994837985618646
"LP fibroblast"	4	"BICC1"	0.0389532830124751	7.93552864570867	0.00787253414725059	0.930988886801838	0.994837985618646
"LP fibroblast"	4	"C14orf132"	-0.0411324625837101	7.7734094036162	0.00766959847482492	0.931906654272475	0.995357454725488
"LP fibroblast"	4	"SSBP1"	-0.0319172254899659	8.0965750755194	0.00748329200292139	0.932698847760505	0.995700813907246
"LP fibroblast"	4	"SRSF11"	-0.0256293921357302	9.52916522144698	0.00739388767775904	0.933091699416114	0.995700813907246
"LP fibroblast"	4	"CAMK2N1"	-0.0351043937206232	8.35702853883578	0.00716481982147321	0.93415685856495	0.996057021115487
"LP fibroblast"	4	"PSMA3-AS1"	-0.0346816193185751	7.61986183379593	0.00709938797595059	0.934417849926949	0.996057021115487
"LP fibroblast"	4	"SARAF"	-0.0256572684874607	7.97703306050693	0.00697222818559531	0.935030389976303	0.996057021115487
"LP fibroblast"	4	"SKI"	0.0295666888740542	8.65394716867501	0.00694500192488382	0.935153274377723	0.996057021115487
"LP fibroblast"	4	"EIF4G2"	-0.0221542977342628	9.80708756832547	0.0066274008372093	0.936645294512627	0.99683842696367
"LP fibroblast"	4	"NOVA1"	0.0257536591377171	8.29909789687585	0.00651565789949688	0.937188486507132	0.99683842696367
"LP fibroblast"	4	"TOMM20"	0.0298174124525711	8.37447448300011	0.00639214269971552	0.937784184131914	0.99683842696367
"LP fibroblast"	4	"ZFAND5"	-0.0232616478968559	8.98137004988472	0.00630102986970582	0.938223814439566	0.99683842696367
"LP fibroblast"	4	"JUND"	-0.0298583840687388	10.8428048603259	0.00619447306720348	0.938780307335559	0.99683842696367
"LP fibroblast"	4	"AIDA"	-0.0261084486012161	8.33702899695028	0.00610895899754584	0.939174744897344	0.99683842696367
"LP fibroblast"	4	"PRKCSH"	-0.0310023790713663	8.30635947841697	0.00603353505420742	0.939563301679637	0.99683842696367
"LP fibroblast"	4	"TTC3"	-0.0222929572465068	8.75024002682113	0.00601247195836203	0.939652986083304	0.99683842696367
"LP fibroblast"	4	"BDP1"	0.0291177835655429	7.7587828708434	0.00598739974163139	0.939777424205992	0.99683842696367
"LP fibroblast"	4	"CAPRIN1"	0.0248237140394467	7.94862720135282	0.00588842508489725	0.94028365523339	0.996916831709516
"LP fibroblast"	4	"UPF3A"	-0.0304611819108339	7.99338046797807	0.00579973378576729	0.94073314020456	0.996935028176339
"LP fibroblast"	4	"HACD3"	0.0312818598915232	7.73070689036302	0.00547306501673137	0.942422989156872	0.99762086118463
"LP fibroblast"	4	"BAZ2B"	-0.0287157291181847	8.496456684048	0.00542962790903414	0.942662848561671	0.99762086118463
"LP fibroblast"	4	"LATS2"	-0.0366161258590093	7.35625696491521	0.0054223785651368	0.942678168482788	0.99762086118463
"LP fibroblast"	4	"PHLDB1"	-0.0289752804043791	7.80490850890362	0.00529918845701356	0.943332398125439	0.997855279851955
"LP fibroblast"	4	"WWTR1"	-0.0297990856543119	8.25074444910372	0.00466065031111128	0.946889830027945	0.998490123268209
"LP fibroblast"	4	"SH3KBP1"	-0.023608915096598	8.21241109931328	0.00461015323842425	0.947146908398802	0.998490123268209
"LP fibroblast"	4	"GNB1"	0.0183783124725162	9.12541282625434	0.00456747960870033	0.947386409197494	0.998490123268209
"LP fibroblast"	4	"ID4"	-0.0412975066563993	7.78291573688048	0.00453251830745997	0.947582121134509	0.998490123268209
"LP fibroblast"	4	"ATF7IP"	-0.0336446470430679	7.71140883317676	0.00452239439718041	0.947666348631552	0.998490123268209
"LP fibroblast"	4	"MANF"	-0.029514292443822	7.62249157703099	0.00443861393303684	0.948135682474157	0.998490123268209
"LP fibroblast"	4	"TMX4"	0.0259937353191192	7.69246447676376	0.00421785587538742	0.949442872795948	0.998490123268209
"LP fibroblast"	4	"MYL12B"	-0.0199654077204738	9.78877957579162	0.0041406932515702	0.949899669409915	0.998490123268209
"LP fibroblast"	4	"UBE2B"	-0.0404052557236192	7.75259409381362	0.00414041357140848	0.949937459264482	0.998490123268209
"LP fibroblast"	4	"UBE2H"	-0.0190709877256071	8.61420589205086	0.00409652478311549	0.95017110699153	0.998490123268209
"LP fibroblast"	4	"NDUFAB1"	-0.0268815763546202	7.695835419343	0.00405704291532108	0.950407904480335	0.998490123268209
"LP fibroblast"	4	"PCMT1"	-0.0324554444238607	7.2973386506295	0.0038650504938384	0.951463779486101	0.998490123268209
"LP fibroblast"	4	"CAMSAP2"	0.0268394359454828	7.56065328993335	0.00384748700434219	0.951709085290824	0.998490123268209
"LP fibroblast"	4	"CDC42SE1"	0.0214604315054372	8.21760835647745	0.00382296528492241	0.951863076041491	0.998490123268209
"LP fibroblast"	4	"PAPSS2"	0.0226823392706114	7.80293933007738	0.00374695296415349	0.952344008725171	0.998490123268209
"LP fibroblast"	4	"SPEN"	0.0206425598764478	7.75992566392787	0.00350363761788833	0.953916781223729	0.998490123268209
"LP fibroblast"	4	"ATRAID"	0.0183955963881116	8.36969988729831	0.00344159131297812	0.954323880743967	0.998490123268209
"LP fibroblast"	4	"RAB14"	-0.0169583768662584	8.2430726005467	0.00341175605725703	0.95452222051739	0.998490123268209
"LP fibroblast"	4	"COL27A1"	0.0231557147087491	7.7074268126307	0.00340989220202625	0.954530032823368	0.998490123268209
"LP fibroblast"	4	"STAT2"	-0.0175504408941142	8.87575526916566	0.00321039455863942	0.955881040147265	0.998490123268209
"LP fibroblast"	4	"GNAS"	0.0142490192167855	10.6445532125207	0.00305872328841694	0.956931112666527	0.998490123268209
"LP fibroblast"	4	"SULF1"	0.0197371174220036	8.12242979917128	0.00301152664032494	0.95726631583175	0.998490123268209
"LP fibroblast"	4	"CD63"	-0.0132925731853455	10.9773220824008	0.00299689522462273	0.957368088934683	0.998490123268209
"LP fibroblast"	4	"CYR61"	-0.0214623364027308	10.4623087748877	0.00293441552346787	0.957826969905014	0.998490123268209
"LP fibroblast"	4	"H6PD"	0.0194064776405762	7.90476721003193	0.00290280217143955	0.958046194903886	0.998490123268209
"LP fibroblast"	4	"RBM25"	-0.0161966831858326	9.22422098928316	0.00288495079390525	0.9581723447011	0.998490123268209
"LP fibroblast"	4	"TSPAN31"	-0.0200071732514363	7.68639758811637	0.00288257359502931	0.958188039625242	0.998490123268209
"LP fibroblast"	4	"DDX18"	-0.0194117490732832	7.81234511970855	0.00286783623137412	0.958301761213925	0.998490123268209
"LP fibroblast"	4	"PSMA4"	-0.0193195748298434	8.50813785315834	0.00281058042479962	0.958717055523235	0.998490123268209
"LP fibroblast"	4	"EMP1"	0.0288492960898938	9.28880977891043	0.00275903550328017	0.959119559185696	0.998490123268209
"LP fibroblast"	4	"C16orf72"	-0.0198991328070651	8.02857159925592	0.0027326075666566	0.95929598437136	0.998490123268209
"LP fibroblast"	4	"JUN"	0.0242672495784139	10.3586289681187	0.00271493740775607	0.95944527047237	0.998490123268209
"LP fibroblast"	4	"RNF10"	0.0175909353132258	7.70256320771627	0.00253190836345062	0.960811413908826	0.998490123268209
"LP fibroblast"	4	"UQCRH"	0.0157618473439649	8.63258180238321	0.00252962431461309	0.960832174821866	0.998490123268209
"LP fibroblast"	4	"EPSTI1"	-0.0193664930276784	7.60917637640503	0.00250090345023514	0.961055474829107	0.998490123268209
"LP fibroblast"	4	"KLF2"	-0.0329741185929457	9.0700406875569	0.00248291181757832	0.96119669236985	0.998490123268209
"LP fibroblast"	4	"OAF"	0.0149609526082532	9.22437889608071	0.00247906646596049	0.961224085907577	0.998490123268209
"LP fibroblast"	4	"LUM"	0.0136989737274492	11.4753308462375	0.00234157859134206	0.962311772101477	0.998490123268209
"LP fibroblast"	4	"SEC22B"	-0.0157563434699255	8.03839915922527	0.00233442536140784	0.962375143571591	0.998490123268209
"LP fibroblast"	4	"CCNL1"	0.0163233520198628	8.95148034071494	0.00229358027942962	0.962702678224524	0.998490123268209
"LP fibroblast"	4	"BECN1"	-0.0211325265009497	7.57842443575801	0.00229227635397301	0.962711134819875	0.998490123268209
"LP fibroblast"	4	"ATP5MPL"	-0.0159322082468105	8.34635653052461	0.00228438492897369	0.962778856810113	0.998490123268209
"LP fibroblast"	4	"FAM204A"	0.0203794955061924	7.75270553034568	0.00224164456134557	0.963129432521451	0.998490123268209
"LP fibroblast"	4	"NDUFS1"	-0.0187394979917769	7.65710649431748	0.00208099228568829	0.964471959647396	0.998490123268209
"LP fibroblast"	4	"ARMCX3"	-0.0188190581553071	7.5531196384151	0.00205449106093849	0.964697828840164	0.998490123268209
"LP fibroblast"	4	"CYCS"	-0.0193410937098138	7.78264626963369	0.00205084206069049	0.96472743761011	0.998490123268209
"LP fibroblast"	4	"PPP2R5E"	0.01522966267445	8.06312759946756	0.00203221939609775	0.964893458265889	0.998490123268209
"LP fibroblast"	4	"PPA1"	-0.014423732883109	8.89399585297498	0.00200939954382436	0.965087098817787	0.998490123268209
"LP fibroblast"	4	"GOLGB1"	0.0153694349701521	8.89216344707087	0.00199829816823426	0.965183518106828	0.998490123268209
"LP fibroblast"	4	"GABARAPL1"	-0.013381021965833	7.99811359382455	0.00189831187638317	0.966067315279098	0.998490123268209
"LP fibroblast"	4	"LPP"	0.0130588173955791	9.39824438791202	0.00188156305288467	0.966214104175079	0.998490123268209
"LP fibroblast"	4	"GLS"	0.0184570650745147	7.5476158797906	0.00185339947862977	0.96646383086525	0.998490123268209
"LP fibroblast"	4	"CHMP2A"	0.0244585649312252	7.30319666297967	0.00169590088030586	0.967865786997982	0.998490123268209
"LP fibroblast"	4	"DCAF5"	0.0151856055868652	7.651207211682	0.00168123651243364	0.968059058361318	0.998490123268209
"LP fibroblast"	4	"C6orf48"	-0.0110775334753645	9.47135556559194	0.00152062731173335	0.969624795923076	0.998490123268209
"LP fibroblast"	4	"ATP5IF1"	-0.0142598994375338	8.28236221696451	0.00152078170806444	0.969626675015378	0.998490123268209
"LP fibroblast"	4	"ARL6IP1"	-0.0144812797484024	7.94005370281906	0.00144225461990605	0.97042173135888	0.998490123268209
"LP fibroblast"	4	"RBPJ"	0.012211522865428	8.50893391611616	0.00141223311014351	0.970729538069216	0.998490123268209
"LP fibroblast"	4	"TRIP12"	0.0143444760775642	7.9175708066774	0.00141021874839022	0.970751715237562	0.998490123268209
"LP fibroblast"	4	"CCDC88A"	-0.0122915641756927	8.2373802543727	0.00131097745704841	0.971798916595574	0.998490123268209
"LP fibroblast"	4	"DSTN"	0.0096147699109354	9.3104911774504	0.00125518431812304	0.972401935471302	0.998490123268209
"LP fibroblast"	4	"RAN"	0.0104629275338854	9.02751069934197	0.00124752295244147	0.972486688118122	0.998490123268209
"LP fibroblast"	4	"PTGER2"	-0.0165338985100477	8.16203945137042	0.00124383100785288	0.972545517659135	0.998490123268209
"LP fibroblast"	4	"BIRC2"	0.0123432054790275	7.64775100155957	0.00119977604585794	0.973019230218279	0.998490123268209
"LP fibroblast"	4	"HS3ST3B1"	0.0165118652352629	7.3769407490426	0.00117772175434049	0.973246141165571	0.998490123268209
"LP fibroblast"	4	"OS9"	0.0093381293763757	9.36184728980684	0.00115695265078092	0.973503430060687	0.998490123268209
"LP fibroblast"	4	"C4orf3"	-0.0102664653315146	9.47185499353843	0.00110733829302252	0.974077324194976	0.998490123268209
"LP fibroblast"	4	"COPB1"	-0.0113209923552364	7.73054952129278	0.00109663495191904	0.974205963577051	0.998490123268209
"LP fibroblast"	4	"CFAP97"	-0.0126426059582173	7.73258196686167	0.0010911798562279	0.974266703050804	0.998490123268209
"LP fibroblast"	4	"ZFP91"	-0.0139248468111599	7.79680993461899	0.00106320062307502	0.974600881907665	0.998490123268209
"LP fibroblast"	4	"SVEP1"	-0.010676825957717	8.59835498643355	0.000998707951060043	0.97538323866973	0.998490123268209
"LP fibroblast"	4	"DARS"	0.00955172424294383	8.20720251262124	0.000983471028605433	0.975572903522257	0.998490123268209
"LP fibroblast"	4	"CASP4"	0.010572530009355	8.09319329963473	0.000978318003276715	0.975636934587641	0.998490123268209
"LP fibroblast"	4	"CS"	0.0123474757173912	7.7571644062025	0.000917904334143082	0.976400630594967	0.998490123268209
"LP fibroblast"	4	"SAMHD1"	0.0113882121815082	9.41052494307713	0.000917208819762041	0.976407297471731	0.998490123268209
"LP fibroblast"	4	"CBX5"	0.0118944574600942	7.86373664177773	0.000767470030707618	0.978420723351345	0.999021648856116
"LP fibroblast"	4	"CDK6"	0.0101448969790482	7.76657277026677	0.00072182267833476	0.979067165574058	0.999021648856116
"LP fibroblast"	4	"RFLNB"	-0.0112931179952059	7.35914781171356	0.000706731741774693	0.979283550139129	0.999021648856116
"LP fibroblast"	4	"COPZ1"	0.00859768705427116	8.53742691426762	0.000666433433509296	0.979889665678316	0.999021648856116
"LP fibroblast"	4	"IMPAD1"	0.00899327222717457	7.86834888817577	0.000661468948970224	0.979966120434655	0.999021648856116
"LP fibroblast"	4	"KTN1"	0.00757964273410733	8.92189289037114	0.000653594520150507	0.980083329528526	0.999021648856116
"LP fibroblast"	4	"SDC4"	0.0084256891586324	7.80940553073492	0.00061540171749071	0.980674795004796	0.999021648856116
"LP fibroblast"	4	"SREK1"	0.00725208433384584	8.26099409084806	0.000592545845665858	0.981037634414542	0.999021648856116
"LP fibroblast"	4	"CPNE3"	-0.00729415153742172	8.10140428460201	0.000585699747000143	0.981147836811656	0.999021648856116
"LP fibroblast"	4	"GNG11"	0.00833709432174291	8.19259557005359	0.000577464337110193	0.9812801687427	0.999021648856116
"LP fibroblast"	4	"BMP2"	-0.0128698793500945	7.38046963929064	0.000551719603778827	0.981692565614899	0.999021648856116
"LP fibroblast"	4	"CD47"	0.00827092583213338	8.21801295947062	0.000523373355468	0.982178608816318	0.999075373590838
"LP fibroblast"	4	"SERP1"	-0.00659964108021488	8.08931856367904	0.000445864634939229	0.983550772410975	0.999551733177265
"LP fibroblast"	4	"CEBPD"	0.00633708835167522	10.4070343019872	0.000378991929342867	0.984832405303064	0.999551733177265
"LP fibroblast"	4	"ATP5MC3"	0.00526863844233309	9.02884481429895	0.000374528804879396	0.984922407038456	0.999551733177265
"LP fibroblast"	4	"LTBR"	-0.00758754609402275	7.82858453393601	0.000359606004758118	0.985224086215019	0.999551733177265
"LP fibroblast"	4	"APCDD1"	0.00948933664446631	8.72225300447158	0.000326277230613425	0.985936770241811	0.999551733177265
"LP fibroblast"	4	"AES"	-0.00680110750590934	9.46107391967761	0.000283916543934448	0.986872097447742	0.999551733177265
"LP fibroblast"	4	"MAPRE1"	0.00664740680170823	7.57832784260681	0.000278907554370209	0.986989223232973	0.999551733177265
"LP fibroblast"	4	"DDB1"	0.00556331657469824	8.01030410991787	0.000276145167237368	0.987054517667244	0.999551733177265
"LP fibroblast"	4	"RANBP1"	0.00649358484975299	7.53848134648587	0.000271664629485575	0.987159070876087	0.999551733177265
"LP fibroblast"	4	"HNRNPL"	-0.00489587130148338	8.68460945825108	0.0002438726803402	0.987833498704082	0.999551733177265
"LP fibroblast"	4	"ATP5F1A"	0.00525442277407124	8.45340095560251	0.000239778726945099	0.987936475961224	0.999551733177265
"LP fibroblast"	4	"TXN2"	0.00564146342084778	7.53391516342797	0.000217112282016718	0.98851229011961	0.999551733177265
"LP fibroblast"	4	"AHR"	-0.00579310938878176	7.63808109192343	0.000178662797068568	0.989581810197772	0.999551733177265
"LP fibroblast"	4	"TBCB"	0.00655276949334229	7.57920341025749	0.000161192391564108	0.990113944393525	0.999551733177265
"LP fibroblast"	4	"COX6C"	0.00446632883967679	9.20887447590274	0.000160968562899311	0.990117403604188	0.999551733177265
"LP fibroblast"	4	"NFE2L2"	0.00350939679230713	8.98750709586199	0.000159436108730263	0.990162244265209	0.999551733177265
"LP fibroblast"	4	"CWC15"	0.00402719319527385	7.77688484771606	0.000141571688656398	0.990730858191501	0.999551733177265
"LP fibroblast"	4	"TROVE2"	0.00439135953444261	7.97708472577149	0.000133606951781869	0.990995310362865	0.999551733177265
"LP fibroblast"	4	"ERO1A"	0.00582067617471038	7.39780009205577	0.00012931920144497	0.991139287510799	0.999551733177265
"LP fibroblast"	4	"UTP11"	-0.00504807544620966	7.85582526421384	0.000114554610484208	0.991661352488425	0.999551733177265
"LP fibroblast"	4	"UGGT1"	-0.00383790266586378	7.51100751415605	0.00011201511826885	0.991752377834889	0.999551733177265
"LP fibroblast"	4	"CTNND1"	0.00270200187305995	8.17007588338907	5.47198705577975e-05	0.994237136193034	0.999551733177265
"LP fibroblast"	4	"SF3A3"	0.00294274177870624	7.63204735593301	5.3626795614755e-05	0.994294913515659	0.999551733177265
"LP fibroblast"	4	"FARP1"	0.00185361498935573	9.0669017507645	4.90736539894262e-05	0.994541920707739	0.999551733177265
"LP fibroblast"	4	"TMEM43"	-0.00279229325974203	8.13700451585152	4.72350095104153e-05	0.99464570439316	0.999551733177265
"LP fibroblast"	4	"MGLL"	0.00159984482232093	7.94643451568633	3.72655599819653e-05	0.995242938060073	0.999551733177265
"LP fibroblast"	4	"ATRX"	0.00147749915742006	8.94492383284875	2.95701934149091e-05	0.995763207977449	0.999551733177265
"LP fibroblast"	4	"SRSF10"	0.00194264137797021	7.72334392667011	2.20497486805276e-05	0.996341687290253	0.999551733177265
"LP fibroblast"	4	"HIPK2"	0.00174347599576742	8.15138230513944	1.63533676037308e-05	0.996851257213672	0.999551733177265
"LP fibroblast"	4	"SPRY4"	-0.00203377540457044	7.91613906831221	1.58559959889998e-05	0.99689784074123	0.999551733177265
"LP fibroblast"	4	"NAP1L1"	-0.000973247536992135	10.9293858487361	1.2803345650325e-05	0.997211971969246	0.999551733177265
"LP fibroblast"	4	"CD59"	0.00134108720199494	8.68308059126257	6.12512508659053e-06	0.998071776492855	0.999551733177265
"LP fibroblast"	4	"HDGF"	0.000819763858587123	9.20911386088554	4.40095181895458e-06	0.998365455450998	0.999551733177265
"LP fibroblast"	4	"CCDC47"	0.000945693483288341	7.45109335106892	4.12881983591592e-06	0.998416158433985	0.999551733177265
"LP fibroblast"	4	"NRDC"	0.000550803260471383	7.80745389957613	3.10658933939449e-06	0.998626850794249	0.999551733177265
"LP fibroblast"	4	"MDFIC"	-0.000631006164371069	7.68548605235671	2.27152273001826e-06	0.998825770332184	0.999551733177265
"LP fibroblast"	4	"GOLM1"	0.000704967203202501	7.5583020739194	1.59274955847629e-06	0.999016710314167	0.999551733177265
"LP fibroblast"	4	"RHEB"	-0.000539265273194522	7.551029551558	3.74785889212429e-07	0.999523185955681	0.999551733177265
"LP fibroblast"	4	"DHX15"	-0.000319370035161649	8.00632427005068	3.31077773170686e-07	0.999551733177265	0.999551733177265
