cell	UMAP1	UMAP2	PatientID	condition	fib_state	neut_state	pseudotime
"SAM24406426_128188"	4.146994862735	-4.93179404763993	"P007"	"Uninflamed UC"	"Activated crypt-top fibroblast"	NA	16.4074345420653
"SAM24406426_194139"	4.20543626326296	-4.89957416086014	"P007"	"Uninflamed UC"	"Activated crypt-top fibroblast"	NA	16.3900771281073
"SAM24406426_100909"	3.91038135069582	-4.7563689949971	"P007"	"Uninflamed UC"	"Inflammatory fibroblast"	NA	16.2055424613333
"SAM24406426_85154"	4.10466006773683	-4.91139638452347	"P007"	"Uninflamed UC"	"Activated crypt-top fibroblast"	NA	16.3900771281073
"SAM24406426_82447"	4.04174569624635	-5.17246854333695	"P007"	"Uninflamed UC"	"Activated crypt-top fibroblast"	NA	16.6419951568414
"SAM24406426_365659"	4.10773185270998	-4.98139846353348	"P007"	"Uninflamed UC"	"Activated crypt-top fibroblast"	NA	16.4550331427459
"SAM24406426_414070"	4.22693446654054	-4.88020074395951	"P007"	"Uninflamed UC"	"Resting crypt-top fibroblast"	NA	16.3757410121537
"SAM24406426_815237"	4.10661462324831	-4.99726665048417	"P007"	"Uninflamed UC"	"Activated crypt-top fibroblast"	NA	16.4708265065296
"SAM24406426_8338"	4.22904256361696	-4.95732438592728	"P007"	"Uninflamed UC"	"Resting crypt-top fibroblast"	NA	16.436997824255
"SAM24406426_540929"	4.08440831679079	-4.60889136819657	"P007"	"Uninflamed UC"	"Activated crypt-top fibroblast"	NA	16.0975623378952
"SAM24406426_536200"	3.97657636183473	-5.35994088678177	"P007"	"Uninflamed UC"	"Resting crypt-top fibroblast"	NA	16.8326639568604
"SAM24406426_196367"	4.09271744269106	-5.07961165933426	"P007"	"Uninflamed UC"	"Activated crypt-top fibroblast"	NA	16.5485743435344
"SAM24406426_727290"	4.20526126402589	-4.25759351281937	"P007"	"Uninflamed UC"	"Resting crypt-top fibroblast"	NA	15.8286482040133
"SAM24406426_677475"	4.13922551649782	-4.79360187082108	"P007"	"Uninflamed UC"	"Activated crypt-top fibroblast"	NA	16.2787847165689
"SAM24406426_45915"	3.95244840162965	-5.22418296365555	"P007"	"Uninflamed UC"	"Resting crypt-top fibroblast"	NA	16.6975533485348
"SAM24406426_774397"	3.97737768667909	-4.79411828546341	"P007"	"Uninflamed UC"	"Resting crypt-top fibroblast"	NA	16.258912068391
"SAM24406426_711103"	3.99634364622804	-5.03032815484818	"P007"	"Uninflamed UC"	"Resting crypt-top fibroblast"	NA	16.4983850787961
"SAM24406426_856156"	3.90016630667421	-5.05324733285721	"P007"	"Uninflamed UC"	"Resting crypt-top fibroblast"	NA	16.5165119133418
"SAM24406426_474251"	4.08492783087465	-5.14565646676835	"P007"	"Uninflamed UC"	"Activated crypt-top fibroblast"	NA	16.6147020925895
"SAM24406426_128857"	4.11228683966371	-5.04774367837723	"P007"	"Uninflamed UC"	"Resting crypt-top fibroblast"	NA	16.5215225435311
"SAM24406426_93344"	3.90609529989931	-5.05108726053055	"P007"	"Uninflamed UC"	"Resting crypt-top fibroblast"	NA	16.5146481893383
"SAM24406426_824135"	3.85658815878603	-5.0443614724141	"P007"	"Uninflamed UC"	"Resting crypt-top fibroblast"	NA	16.505478289758
"SAM24406426_367193"	3.92874268072817	-5.21953046350296	"P007"	"Uninflamed UC"	"Resting crypt-top fibroblast"	NA	16.6940758780697
"SAM24406426_308638"	4.02165010946962	-5.41982924966629	"P007"	"Uninflamed UC"	"Resting crypt-top fibroblast"	NA	16.8894533373162
"SAM24406426_828034"	3.9712033607361	-5.25234448938187	"P007"	"Uninflamed UC"	"Activated crypt-top fibroblast"	NA	16.7247554382418
"SAM24406426_124861"	3.89039567488405	-5.25655210046585	"P007"	"Uninflamed UC"	"Resting crypt-top fibroblast"	NA	16.7329440426167
"SAM24406426_478605"	3.99178603666994	-5.18170583276566	"P007"	"Uninflamed UC"	"Activated crypt-top fibroblast"	NA	16.6517902867169
"SAM24406426_68481"	4.0489244796631	-5.38308513192948	"P007"	"Uninflamed UC"	"Activated crypt-top fibroblast"	NA	16.8509925028612
"SAM24406426_432222"	4.06377867239687	-5.21602618722733	"P007"	"Uninflamed UC"	"Resting crypt-top fibroblast"	NA	16.6839147555479
"SAM24406426_803898"	3.98528316992494	-4.87805688409623	"P007"	"Uninflamed UC"	"Resting crypt-top fibroblast"	NA	16.3431779215561
"SAM24406426_445374"	3.97026422995302	-5.25647342233475	"P007"	"Uninflamed UC"	"Resting crypt-top fibroblast"	NA	16.728925670522
"SAM24406426_607728"	3.73928216475221	-4.7407988312703	"P007"	"Uninflamed UC"	"Resting crypt-top fibroblast"	NA	16.1546634462937
"SAM24406426_479585"	3.52628520506593	-4.77262294320877	"P007"	"Uninflamed UC"	"Resting crypt-top fibroblast"	NA	16.141408576568
"SAM24406426_132894"	3.93266585844728	-5.12062251596268	"P007"	"Uninflamed UC"	"Resting crypt-top fibroblast"	NA	16.5913715936852
"SAM24406426_824684"	3.81582764166567	-5.18301284341629	"P007"	"Uninflamed UC"	"Resting crypt-top fibroblast"	NA	16.6550639674124
"SAM24406426_598974"	4.01549867171022	-5.30908334283646	"P007"	"Uninflamed UC"	"Resting crypt-top fibroblast"	NA	16.7792402007517
"SAM24406426_21976"	3.94761994856569	-5.23362338571366	"P007"	"Uninflamed UC"	"Activated crypt-top fibroblast"	NA	16.7072204579079
"SAM24406426_657369"	3.94772842901918	-5.63336122064408	"P007"	"Uninflamed UC"	"Resting crypt-top fibroblast"	NA	17.1076612254106
"SAM24406426_762818"	3.69399002569887	-4.89270961313065	"P007"	"Uninflamed UC"	"Resting crypt-top fibroblast"	NA	16.3210252018951
"SAM24406426_380043"	3.90278986471864	-5.29260098962601	"P007"	"Uninflamed UC"	"Resting crypt-top fibroblast"	NA	16.7683376604865
"SAM24406426_125436"	3.06872538107607	-4.71043908624466	"P007"	"Uninflamed UC"	"Resting crypt-top fibroblast"	NA	15.8484747840747
"SAM24406426_327834"	4.0303607322571	-5.23276031045731	"P007"	"Uninflamed UC"	"Resting crypt-top fibroblast"	NA	16.7022769610992
"SAM24406426_545564"	3.96688989180299	-5.25677812127884	"P007"	"Uninflamed UC"	"Resting crypt-top fibroblast"	NA	16.7293964493037
"SAM24406426_641431"	4.12845138090822	-5.38931214837845	"P007"	"Uninflamed UC"	"Resting crypt-top fibroblast"	NA	16.8519677054516
"SAM24406426_830871"	4.06802276152345	-5.28520429162796	"P007"	"Uninflamed UC"	"Resting crypt-top fibroblast"	NA	16.7527992891651
"SAM24406426_501322"	4.01831844824526	-5.54208505182084	"P007"	"Uninflamed UC"	"Resting crypt-top fibroblast"	NA	17.0116134107911
"SAM24406426_736941"	4.01777175444338	-5.44539105920609	"P007"	"Uninflamed UC"	"Resting crypt-top fibroblast"	NA	16.9151961366152
"SAM24406426_537249"	3.91573074835512	-5.40805614023026	"P007"	"Uninflamed UC"	"Resting crypt-top fibroblast"	NA	16.8846825088354
"SAM24406426_592142"	3.91294053572389	-5.24110353021439	"P007"	"Uninflamed UC"	"Resting crypt-top fibroblast"	NA	16.7164021768659
"SAM24406426_280022"	3.4745107032654	-5.00444066552933	"P007"	"Uninflamed UC"	"Resting crypt-top fibroblast"	NA	16.4466800369028
"SAM24406426_763145"	3.96223262327882	-5.41342151193436	"P007"	"Uninflamed UC"	"Activated crypt-top fibroblast"	NA	16.8869732356886
"SAM24406426_802102"	3.93317845839235	-5.31378304986771	"P007"	"Uninflamed UC"	"Resting crypt-top fibroblast"	NA	16.789464899488
"SAM24406426_63564"	3.99244550245973	-4.85874974756058	"P007"	"Uninflamed UC"	"Resting crypt-top fibroblast"	NA	16.3249266442706
"SAM24406426_235382"	3.9893975593445	-5.19070756463822	"P007"	"Uninflamed UC"	"Resting crypt-top fibroblast"	NA	16.6622960584289
"SAM24406426_44513"	3.98038843649599	-5.24475562600907	"P007"	"Uninflamed UC"	"Activated crypt-top fibroblast"	NA	16.7167227281689
"SAM24406426_399315"	4.03124335783693	-5.3680108788472	"P007"	"Uninflamed UC"	"Resting crypt-top fibroblast"	NA	16.8371156090214
"SAM24406426_177532"	4.0306048728821	-5.47458350686844	"P007"	"Uninflamed UC"	"Resting crypt-top fibroblast"	NA	16.9434161043994
"SAM24406426_509976"	3.94481662291261	-5.35918605356034	"P007"	"Uninflamed UC"	"Resting crypt-top fibroblast"	NA	16.8340027185315
"SAM24406426_125930"	3.85494259375307	-5.3758724930745	"P007"	"Uninflamed UC"	"Activated crypt-top fibroblast"	NA	16.8565727578466
"SAM24406426_154899"	3.83050468939516	-5.24547183542069	"P007"	"Uninflamed UC"	"Activated crypt-top fibroblast"	NA	16.7248315943223
"SAM24406426_492666"	4.00730899351808	-5.42373549966629	"P007"	"Uninflamed UC"	"Resting crypt-top fibroblast"	NA	16.8942957272052
"SAM24406426_175639"	3.89632466810915	-5.3694986107808	"P007"	"Uninflamed UC"	"Resting crypt-top fibroblast"	NA	16.8474869562909
"SAM24406426_881791"	3.66517618674013	-5.09698188333329	"P007"	"Uninflamed UC"	"Resting crypt-top fibroblast"	NA	16.5707222682898
"SAM24406426_492077"	3.66608360785219	-4.09221732644852	"P007"	"Uninflamed UC"	"Resting crypt-top fibroblast"	NA	15.4722650897813
"SAM24406427_801349"	4.07328394430849	-5.42955958871659	"P007"	"Inflamed UC"	"Inflammatory fibroblast"	NA	16.8957615194965
"SAM24406427_310013"	4.21716550368044	-5.20570123224076	"P007"	"Inflamed UC"	"Inflammatory fibroblast"	NA	16.6660360397743
"SAM24406427_585752"	4.05085567015382	-5.36921346216019	"P007"	"Inflamed UC"	"Inflammatory fibroblast"	NA	16.8370237537491
"SAM24406427_512382"	4.19353965300295	-4.82468497781571	"P007"	"Inflamed UC"	"Inflammatory fibroblast"	NA	16.3164612288219
"SAM24406427_819195"	4.0572047569153	-5.21917855768021	"P007"	"Inflamed UC"	"Inflammatory fibroblast"	NA	16.6873875692176
"SAM24406427_800886"	4.09188655394289	-5.31367528466996	"P007"	"Inflamed UC"	"Inflammatory fibroblast"	NA	16.7800584587633
"SAM24406427_75590"	4.14673403280946	-5.09158408670243	"P007"	"Inflamed UC"	"Inflammatory fibroblast"	NA	16.5599422597071
"SAM24406427_641672"	4.09181645888063	-5.21836221246537	"P007"	"Inflamed UC"	"Inflammatory fibroblast"	NA	16.6848648771895
"SAM24406427_50224"	4.01373938101503	-4.9889096024495	"P007"	"Inflamed UC"	"Inflammatory fibroblast"	NA	16.4578790826281
"SAM24406427_172794"	4.13872912901613	-5.26530826120194	"P007"	"Inflamed UC"	"Inflammatory fibroblast"	NA	16.7294396464246
"SAM24406427_540122"	4.02241590994569	-5.071720004366	"P007"	"Inflamed UC"	"Inflammatory fibroblast"	NA	16.5414689676336
"SAM24406427_531151"	3.96393540877077	-4.83349502115067	"P007"	"Inflamed UC"	"Activated crypt-top fibroblast"	NA	16.2962821514882
"SAM24406427_766481"	3.98946097868654	-4.92147719888504	"P007"	"Inflamed UC"	"Inflammatory fibroblast"	NA	16.3867786558417
"SAM24406427_706475"	4.17960718649599	-5.00233113794144	"P007"	"Inflamed UC"	"Inflammatory fibroblast"	NA	16.4795005105497
"SAM24406427_848051"	3.97981599348756	-5.19136130838211	"P007"	"Inflamed UC"	"Inflammatory fibroblast"	NA	16.663421649832
"SAM24406427_568122"	4.10797384756776	-4.99097859887894	"P007"	"Inflamed UC"	"Activated crypt-top fibroblast"	NA	16.4646135044699
"SAM24406427_401116"	4.08607367056581	-5.26344430475052	"P007"	"Inflamed UC"	"Inflammatory fibroblast"	NA	16.7301753697769
"SAM24406427_482137"	4.09571913260194	-5.21755254297074	"P007"	"Inflamed UC"	"Inflammatory fibroblast"	NA	16.6838636806423
"SAM24406427_352503"	4.00471762198183	-5.47540366678055	"P007"	"Inflamed UC"	"Inflammatory fibroblast"	NA	16.9460507891579
"SAM24406427_418951"	4.01094678419801	-4.84523379831131	"P007"	"Inflamed UC"	"Activated crypt-top fibroblast"	NA	16.3138485914907
"SAM24406427_620137"	4.1469526626465	-4.53476846246537	"P007"	"Inflamed UC"	"Activated crypt-top fibroblast"	NA	16.053683311655
"SAM24406427_848223"	4.10514977949831	-4.61625325708207	"P007"	"Inflamed UC"	"Inflammatory fibroblast"	NA	16.1090843813534
"SAM24406427_707277"	3.913343224704	-5.62141740350541	"P007"	"Inflamed UC"	"Inflammatory fibroblast"	NA	17.098188800425
"SAM24406427_697879"	3.96061376112672	-4.57413232354935	"P007"	"Inflamed UC"	"Inflammatory fibroblast"	NA	16.0378366241983
"SAM24406427_330278"	4.17688182371828	-4.94783151178177	"P007"	"Inflamed UC"	"Inflammatory fibroblast"	NA	16.4249327879051
"SAM24406427_594388"	4.16088822859499	-5.19930923013504	"P007"	"Inflamed UC"	"Inflammatory fibroblast"	NA	16.6624278883565
"SAM24406427_118690"	4.07283023375246	-5.10105693368729	"P007"	"Inflamed UC"	"Inflammatory fibroblast"	NA	16.5702405648765
"SAM24406427_454123"	3.77583292502138	-5.3127359154683	"P007"	"Inflamed UC"	"Inflammatory fibroblast"	NA	16.7987841002898
"SAM24406427_324705"	4.08308533209535	-5.09936416177567	"P007"	"Inflamed UC"	"Inflammatory fibroblast"	NA	16.5684332737046
"SAM24406427_742864"	4.10027984160158	-5.13258874444779	"P007"	"Inflamed UC"	"Inflammatory fibroblast"	NA	16.6014635915231
"SAM24406427_197939"	4.12798360365602	-5.04170167474564	"P007"	"Inflamed UC"	"Inflammatory fibroblast"	NA	16.51626550671
"SAM24406427_407977"	3.99205783385011	-5.137469172762	"P007"	"Inflamed UC"	"Inflammatory fibroblast"	NA	16.607553352144
"SAM24406427_493524"	4.04170516508791	-5.34548938302811	"P007"	"Inflamed UC"	"Inflammatory fibroblast"	NA	16.8139539223364
"SAM24406427_684332"	4.19533232229921	-4.88004148034867	"P007"	"Inflamed UC"	"Inflammatory fibroblast"	NA	16.3716026845797
"SAM24406427_399241"	4.01668075102541	-5.46122396020707	"P007"	"Inflamed UC"	"Inflammatory fibroblast"	NA	16.9310665659444
"SAM24406427_579948"	4.08382848280641	-5.02259862451371	"P007"	"Inflamed UC"	"Activated crypt-top fibroblast"	NA	16.4949986556772
"SAM24406427_14533"	4.03095248717043	-5.31894814996537	"P007"	"Inflamed UC"	"Inflammatory fibroblast"	NA	16.7881785870909
"SAM24406427_129366"	3.94012454527589	-5.56384313134964	"P007"	"Inflamed UC"	"Inflammatory fibroblast"	NA	17.0388584180409
"SAM24406427_388395"	4.21234563368532	-4.2623995545369	"P007"	"Inflamed UC"	"Inflammatory fibroblast"	NA	16.1352388498355
"SAM24406427_716059"	4.0182950832245	-5.41933429269608	"P007"	"Inflamed UC"	"Inflammatory fibroblast"	NA	16.8891804446412
"SAM24406427_541459"	3.92311290281984	-4.71102130441483	"P007"	"Inflamed UC"	"Activated crypt-top fibroblast"	NA	16.1638428463675
"SAM24406427_604888"	4.13975909727785	-5.13715732126053	"P007"	"Inflamed UC"	"Inflammatory fibroblast"	NA	16.6055906087829
"SAM24406427_652743"	3.86981037634584	-5.36937510995682	"P007"	"Inflamed UC"	"Inflammatory fibroblast"	NA	16.8491101713504
"SAM24406427_439867"	4.16834381598207	-4.93991887597855	"P007"	"Inflamed UC"	"Inflammatory fibroblast"	NA	16.4166069302508
"SAM24406427_184821"	4.12926462668153	-4.47079312829789	"P007"	"Inflamed UC"	"Inflammatory fibroblast"	NA	15.9873234834187
"SAM24406427_5168"	4.16364363211366	-5.12579238443192	"P007"	"Inflamed UC"	"Inflammatory fibroblast"	NA	16.5939594156777
"SAM24406427_462985"	3.9558384754059	-4.20871675042923	"P007"	"Inflamed UC"	"Inflammatory fibroblast"	NA	15.7015265190491
"SAM24406427_859404"	4.07488587874147	-4.26020276574906	"P007"	"Inflamed UC"	"Inflammatory fibroblast"	NA	16.0934009849023
"SAM24406427_805685"	4.13385442274782	-5.01788842706498	"P007"	"Inflamed UC"	"Inflammatory fibroblast"	NA	16.4927723080453
"SAM24406427_353802"	4.09248903769228	-5.01369988946732	"P007"	"Inflamed UC"	"Inflammatory fibroblast"	NA	16.4865398513094
"SAM24406427_750711"	4.04687312620851	-4.31887328653153	"P007"	"Inflamed UC"	"Inflammatory fibroblast"	NA	16.1414693057787
"SAM24406427_726563"	4.28410676497194	-4.59001338510331	"P007"	"Inflamed UC"	"Activated crypt-top fibroblast"	NA	16.1207082855486
"SAM24406427_538918"	4.0057857372162	-5.27452743081864	"P007"	"Inflamed UC"	"Inflammatory fibroblast"	NA	16.7452054803988
"SAM24406427_548348"	4.07121232527467	-5.26728379754837	"P007"	"Inflamed UC"	"Inflammatory fibroblast"	NA	16.7347432751278
"SAM24406427_94805"	4.00308564680788	-5.3990978005391	"P007"	"Inflamed UC"	"Inflammatory fibroblast"	NA	16.8699897170067
"SAM24406427_137492"	4.13773969191286	-4.66801917581376	"P007"	"Inflamed UC"	"Inflammatory fibroblast"	NA	16.1665046320388
"SAM24406427_58593"	3.90731242674562	-5.29037606744584	"P007"	"Inflamed UC"	"Inflammatory fibroblast"	NA	16.7658923560533
"SAM24406427_455157"	4.15190723913881	-4.7635153534871	"P007"	"Inflamed UC"	"Activated crypt-top fibroblast"	NA	16.2505350754879
"SAM24406427_821485"	4.21820071715089	-4.37666356591996	"P007"	"Inflamed UC"	"Activated crypt-top fibroblast"	NA	15.9227230604806
"SAM24406427_266447"	4.09436825293276	-4.63975179223832	"P007"	"Inflamed UC"	"Inflammatory fibroblast"	NA	16.1298207030653
"SAM24406427_237197"	3.76337293165895	-5.17558753518876	"P007"	"Inflamed UC"	"Inflammatory fibroblast"	NA	16.6482254286191
"SAM24406427_585849"	4.1568198539612	-4.77999150781449	"P007"	"Inflamed UC"	"Inflammatory fibroblast"	NA	16.2674987710605
"SAM24406427_469478"	4.04725602644655	-5.21718728570755	"P007"	"Inflamed UC"	"Inflammatory fibroblast"	NA	16.6858894765642
"SAM24406427_506898"	4.31931785124513	-4.49926936654862	"P007"	"Inflamed UC"	"Activated crypt-top fibroblast"	NA	16.0692159717899
"SAM24406427_280813"	3.91886619108888	-4.73233878640946	"P007"	"Inflamed UC"	"Inflammatory fibroblast"	NA	16.1838075930907
"SAM24406427_827379"	3.96295455473634	-5.57573735742386	"P007"	"Inflamed UC"	"Inflammatory fibroblast"	NA	17.0491017632169
"SAM24406427_871421"	4.17643335837099	-5.06069362191971	"P007"	"Inflamed UC"	"Inflammatory fibroblast"	NA	16.5290931309298
"SAM24406427_524182"	4.17452934759828	-4.69302928476151	"P007"	"Inflamed UC"	"Activated crypt-top fibroblast"	NA	16.1986313835384
"SAM24406427_790373"	4.01813748854372	-5.06757676629837	"P007"	"Inflamed UC"	"Activated crypt-top fibroblast"	NA	16.5373738098783
"SAM24406427_572868"	4.09970024603578	-5.22948777704056	"P007"	"Inflamed UC"	"Inflammatory fibroblast"	NA	16.6955880028649
"SAM24406427_517607"	4.34688523787233	-4.71896922616776	"P007"	"Inflamed UC"	"Activated crypt-top fibroblast"	NA	16.2410839343314
"SAM24406427_180101"	4.08851078528139	-4.56492936639603	"P007"	"Inflamed UC"	"Inflammatory fibroblast"	NA	16.0657769092542
"SAM24406427_649109"	3.75980571287843	-4.78997552423294	"P007"	"Inflamed UC"	"Inflammatory fibroblast"	NA	16.2070371269366
"SAM24406427_856816"	4.11079267042848	-4.88146817712601	"P007"	"Inflamed UC"	"Activated crypt-top fibroblast"	NA	16.3623701376901
"SAM24406427_701175"	4.00322321432802	-4.80834901361283	"P007"	"Inflamed UC"	"Activated crypt-top fibroblast"	NA	16.27628474774
"SAM24406427_821977"	4.18715766447756	-4.82062995462235	"P007"	"Inflamed UC"	"Inflammatory fibroblast"	NA	16.3116346781473
"SAM24406427_378877"	4.03317717093202	-5.41051232843216	"P007"	"Inflamed UC"	"Inflammatory fibroblast"	NA	16.8793973829597
"SAM24406427_438778"	4.07038501280519	-4.87513911752518	"P007"	"Inflamed UC"	"Inflammatory fibroblast"	NA	16.3510020816122
"SAM24406427_331993"	4.02050593870851	-5.45456159143265	"P007"	"Inflamed UC"	"Inflammatory fibroblast"	NA	16.9241522012206
"SAM24406427_531396"	4.23051312941286	-4.65754544763382	"P007"	"Inflamed UC"	"Inflammatory fibroblast"	NA	16.1755912539937
"SAM24406427_651760"	4.10632518309328	-4.40801608590897	"P007"	"Inflamed UC"	"Activated crypt-top fibroblast"	NA	15.9206022501707
"SAM24406427_450928"	4.18060163038942	-5.17839753656205	"P007"	"Inflamed UC"	"Inflammatory fibroblast"	NA	16.6463717358477
"SAM24406427_67494"	4.01089480894777	-5.00253140954789	"P007"	"Inflamed UC"	"Inflammatory fibroblast"	NA	16.4713432592778
"SAM24406427_656981"	3.93896010893556	-5.44127261667069	"P007"	"Inflamed UC"	"Inflammatory fibroblast"	NA	16.9166181757069
"SAM24406427_225223"	3.99575594443056	-5.61436879663285	"P007"	"Inflamed UC"	"Inflammatory fibroblast"	NA	17.0853069108671
"SAM24406427_655806"	4.06509331244203	-4.92060935525711	"P007"	"Inflamed UC"	"Activated crypt-top fibroblast"	NA	16.3922065341012
"SAM24406427_593444"	3.98471573370668	-5.03616893319901	"P007"	"Inflamed UC"	"Inflammatory fibroblast"	NA	16.5036426905653
"SAM24406427_328093"	4.06583574789735	-5.57469642190751	"P007"	"Inflamed UC"	"Inflammatory fibroblast"	NA	17.0407591811078
"SAM24406427_509565"	3.91101339834901	-4.69408071069535	"P007"	"Inflamed UC"	"Activated crypt-top fibroblast"	NA	16.1447529906189
"SAM24406427_46365"	4.23100307959291	-4.83663737802323	"P007"	"Inflamed UC"	"Inflammatory fibroblast"	NA	16.3330370137601
"SAM24406427_393896"	4.17836383360597	-4.93518674402054	"P007"	"Inflamed UC"	"Inflammatory fibroblast"	NA	16.4123769557352
"SAM24406427_745863"	4.14407328146669	-5.16160857705887	"P007"	"Inflamed UC"	"Inflammatory fibroblast"	NA	16.6299921159192
"SAM24406427_103292"	3.92008045691225	-5.50790298013504	"P007"	"Inflamed UC"	"Inflammatory fibroblast"	NA	16.9844091046145
"SAM24406427_293340"	3.97966793554994	-5.41868436364945	"P007"	"Inflamed UC"	"Inflammatory fibroblast"	NA	16.8910762262666
"SAM24406427_283520"	3.95214727896425	-5.5709818604451	"P007"	"Inflamed UC"	"Inflammatory fibroblast"	NA	17.0451255526294
"SAM24406427_256075"	3.99807551878664	-5.58240306405838	"P007"	"Inflamed UC"	"Inflammatory fibroblast"	NA	17.0532571600624
"SAM24406427_496636"	3.8901179172394	-4.12314498452958	"P007"	"Inflamed UC"	"Inflammatory fibroblast"	NA	15.5965386621835
"SAM24406427_472904"	4.00053957480165	-4.54586350946244	"P007"	"Inflamed UC"	"Inflammatory fibroblast"	NA	16.0222341577312
"SAM24406427_407785"	4.22359541434023	-4.53401505975541	"P007"	"Inflamed UC"	"Activated crypt-top fibroblast"	NA	16.0749872744741
"SAM24406427_740064"	4.01269153135988	-5.2641929390889	"P007"	"Inflamed UC"	"Inflammatory fibroblast"	NA	16.7345429178272
"SAM24406427_306187"	3.53691962736818	-4.95840299157914	"P007"	"Inflamed UC"	"Inflammatory fibroblast"	NA	16.3664121995156
"SAM24406427_841620"	4.1968109943268	-4.3824995758992	"P007"	"Inflamed UC"	"Inflammatory fibroblast"	NA	16.2254342044928
"SAM24406427_241331"	3.92447284239504	-5.57097137002762	"P007"	"Inflamed UC"	"Inflammatory fibroblast"	NA	17.0470798953124
"SAM24406427_576170"	4.11561540144655	-4.58875405816849	"P007"	"Inflamed UC"	"Inflammatory fibroblast"	NA	16.0843693808942
"SAM24406427_354701"	3.89187124747011	-5.62397134332474	"P007"	"Inflamed UC"	"Inflammatory fibroblast"	NA	17.1022607450002
"SAM24406427_347557"	4.10374740141603	-4.87938344507035	"P007"	"Inflamed UC"	"Activated crypt-top fibroblast"	NA	16.3594146465213
"SAM24406427_840771"	4.14086416739198	-4.27369630365189	"P007"	"Inflamed UC"	"Inflammatory fibroblast"	NA	16.1253905150669
"SAM24406427_577581"	4.03547004240724	-4.57059037713822	"P007"	"Inflamed UC"	"Inflammatory fibroblast"	NA	16.0559562776804
"SAM24406427_639802"	4.08495834845277	-5.02183330087479	"P007"	"Inflamed UC"	"Inflammatory fibroblast"	NA	16.4942902402105
"SAM24406427_96265"	4.05057028311464	-5.48779523401078	"P007"	"Inflamed UC"	"Inflammatory fibroblast"	NA	16.9551942616009
"SAM24406427_734315"	3.8212998248932	-5.27611291436966	"P007"	"Inflamed UC"	"Inflammatory fibroblast"	NA	16.7558894326374
"SAM24406427_721554"	4.05116919058534	-4.93802440194901	"P007"	"Inflamed UC"	"Inflammatory fibroblast"	NA	16.4089104609146
"SAM24406427_675589"	4.07509640234682	-5.06691014795121	"P007"	"Inflamed UC"	"Inflammatory fibroblast"	NA	16.5360705824469
"SAM24406427_52511"	4.02135518568727	-5.11694943933304	"P007"	"Inflamed UC"	"Activated crypt-top fibroblast"	NA	16.5867074332806
"SAM24406427_32481"	3.84153059500429	-5.02828061609085	"P007"	"Inflamed UC"	"Inflammatory fibroblast"	NA	16.4886712888127
"SAM24406427_175436"	4.05498794096681	-4.77979838876542	"P007"	"Inflamed UC"	"Inflammatory fibroblast"	NA	16.2544813244932
"SAM24406427_246593"	4.20707539099428	-4.8365601304036	"P007"	"Inflamed UC"	"Inflammatory fibroblast"	NA	16.3299466569739
"SAM24406427_339143"	3.96142986792299	-4.7850464585286	"P007"	"Inflamed UC"	"Activated crypt-top fibroblast"	NA	16.247903836594
"SAM24406427_850428"	4.14539125937196	-4.85881602792557	"P007"	"Inflamed UC"	"Activated crypt-top fibroblast"	NA	16.344256119147
"SAM24406427_736347"	4.16292456167909	-4.5339683297139	"P007"	"Inflamed UC"	"Activated crypt-top fibroblast"	NA	16.057506933523
"SAM24406427_511909"	4.23074987906191	-4.28209483651932	"P007"	"Inflamed UC"	"Activated crypt-top fibroblast"	NA	15.8606027827796
"SAM24406427_521434"	4.01130608099672	-4.38606393365677	"P007"	"Inflamed UC"	"Inflammatory fibroblast"	NA	15.8798869031
"SAM24406427_147275"	4.11986735838625	-5.00357568292435	"P007"	"Inflamed UC"	"Inflammatory fibroblast"	NA	16.4777842765536
"SAM24406427_109151"	4.05749968069765	-5.29506576089676	"P007"	"Inflamed UC"	"Inflammatory fibroblast"	NA	16.7631678401695
"SAM24406427_543867"	4.13770440596315	-5.17038953332718	"P007"	"Inflamed UC"	"Inflammatory fibroblast"	NA	16.6388437109161
"SAM24406427_764756"	4.1453497745392	-4.6860998871785	"P007"	"Inflamed UC"	"Activated crypt-top fibroblast"	NA	16.1857741563923
"SAM24406427_587744"	4.09395292776796	-4.03565251855667	"P007"	"Inflamed UC"	"Inflammatory fibroblast"	NA	15.9026719031902
"SAM24406427_520201"	3.94597533720705	-5.11463105706986	"P007"	"Inflamed UC"	"Inflammatory fibroblast"	NA	16.5852317441323
"SAM24406427_559917"	4.16100052374574	-4.61461865930375	"P007"	"Inflamed UC"	"Activated crypt-top fibroblast"	NA	16.1191228396215
"SAM24406427_163652"	3.99573758619997	-4.95116937188919	"P007"	"Inflamed UC"	"Inflammatory fibroblast"	NA	16.4192934530486
"SAM24406427_674921"	4.07161954420778	-4.23511302499588	"P007"	"Inflamed UC"	"Inflammatory fibroblast"	NA	16.0684381571356
"SAM24406427_648647"	4.08433846014711	-4.93961846856888	"P007"	"Inflamed UC"	"Activated crypt-top fibroblast"	NA	16.4121456318634
"SAM24406427_272931"	4.10391119497987	-4.99362361459549	"P007"	"Inflamed UC"	"Inflammatory fibroblast"	NA	16.4670540269191
"SAM24406427_554133"	3.94343284147951	-4.88304746179398	"P007"	"Inflamed UC"	"Inflammatory fibroblast"	NA	16.342857651637
"SAM24406427_388431"	3.99800828474733	-4.97044599084671	"P007"	"Inflamed UC"	"Activated crypt-top fibroblast"	NA	16.4386588877096
"SAM24406427_401982"	4.0073259212372	-4.80452048806961	"P007"	"Inflamed UC"	"Inflammatory fibroblast"	NA	16.2730034523757
"SAM24406427_670730"	3.99847367781374	-5.36264026193436	"P007"	"Inflamed UC"	"Inflammatory fibroblast"	NA	16.8339151339039
"SAM24406427_460783"	4.13891366499635	-4.22869575052079	"P007"	"Inflamed UC"	"Inflammatory fibroblast"	NA	16.0817472419275
"SAM24406427_348942"	3.89510825651857	-5.00393998651322	"P007"	"Inflamed UC"	"Inflammatory fibroblast"	NA	16.467014545061
"SAM24406427_811596"	3.99023369330141	-5.5741089585286	"P007"	"Inflamed UC"	"Inflammatory fibroblast"	NA	17.0455407319693
"SAM24406427_828654"	4.03044870871278	-4.18271052865799	"P007"	"Inflamed UC"	"Activated crypt-top fibroblast"	NA	15.7083767489693
"SAM24406427_117438"	4.09296396750185	-4.05595767526444	"P007"	"Inflamed UC"	"Inflammatory fibroblast"	NA	15.9214315126255
"SAM24406427_108956"	3.84413865584108	-4.71732890634354	"P007"	"Inflamed UC"	"Activated crypt-top fibroblast"	NA	16.1535567659335
"SAM24406427_603368"	4.12169197577211	-4.3554376366597	"P007"	"Inflamed UC"	"Inflammatory fibroblast"	NA	16.1816456403775
"SAM24406427_741238"	4.21207335966798	-4.27895009546097	"P007"	"Inflamed UC"	"Activated crypt-top fibroblast"	NA	15.8510319945441
"SAM24406427_4779"	4.09760764616701	-5.01784074334916	"P007"	"Inflamed UC"	"Inflammatory fibroblast"	NA	16.4909291752875
"SAM24406427_80894"	4.21739510077211	-4.30725991754349	"P007"	"Inflamed UC"	"Inflammatory fibroblast"	NA	16.1689051246369
"SAM24406427_125834"	4.1406038143036	-4.92418181924637	"P007"	"Inflamed UC"	"Inflammatory fibroblast"	NA	16.3995150740485
"SAM24406427_701169"	4.08745530623171	-4.92019641427811	"P007"	"Inflamed UC"	"Inflammatory fibroblast"	NA	16.3929018159287
"SAM24406427_279118"	4.23266700285646	-4.48004806070145	"P007"	"Inflamed UC"	"Inflammatory fibroblast"	NA	16.0259037741979
"SAM24406427_703592"	4.02525356787416	-5.40739810495194	"P007"	"Inflamed UC"	"Inflammatory fibroblast"	NA	16.8768118357057
"SAM24406427_605500"	4.02953723448488	-5.32186687021073	"P007"	"Inflamed UC"	"Inflammatory fibroblast"	NA	16.7911841889463
"SAM24406427_319257"	4.09241226690981	-5.40438497094925	"P007"	"Inflamed UC"	"Inflammatory fibroblast"	NA	16.8693816251144
"SAM24406427_294237"	4.16657451170656	-4.50950658349808	"P007"	"Inflamed UC"	"Activated crypt-top fibroblast"	NA	16.0351259869824
"SAM24406427_731584"	3.91971758383485	-5.61258065728959	"P007"	"Inflamed UC"	"Inflammatory fibroblast"	NA	17.08892179214
"SAM24406427_318249"	4.23068121451112	-4.39493787317093	"P007"	"Inflamed UC"	"Inflammatory fibroblast"	NA	16.2454078454576
"SAM24406427_717567"	4.13995173948976	-4.27996194391068	"P007"	"Inflamed UC"	"Inflammatory fibroblast"	NA	16.131124919755
"SAM24406427_301482"	4.1631412841675	-4.9379948380452	"P007"	"Inflamed UC"	"Inflammatory fibroblast"	NA	16.4144275435638
"SAM24406427_350242"	4.06528810042116	-4.58995997934159	"P007"	"Inflamed UC"	"Inflammatory fibroblast"	NA	16.0818587038309
"SAM24406427_497068"	4.15168503302309	-4.83473908929642	"P007"	"Inflamed UC"	"Activated crypt-top fibroblast"	NA	16.3211636283113
"SAM24406427_694006"	3.71496346968385	-5.23177897958573	"P007"	"Inflamed UC"	"Inflammatory fibroblast"	NA	16.7168548739815
"SAM24406427_863982"	3.62041238325807	-4.57939040689286	"P007"	"Inflamed UC"	"Inflammatory fibroblast"	NA	15.9451058742527
"SAM24406427_845597"	4.09594753760072	-4.82556903390702	"P007"	"Inflamed UC"	"Activated crypt-top fibroblast"	NA	16.3050463873949
"SAM24406427_202353"	4.02945402640077	-4.52298915414627	"P007"	"Inflamed UC"	"Activated crypt-top fibroblast"	NA	16.0086341500221
"SAM24406427_673518"	4.12521294134828	-4.84300744561966	"P007"	"Inflamed UC"	"Inflammatory fibroblast"	NA	16.3260319436283
"SAM24406427_62877"	4.07601932066652	-4.78120553521927	"P007"	"Inflamed UC"	"Activated crypt-top fibroblast"	NA	16.2585261953858
"SAM24406427_384774"	4.07360175627443	-5.10560262231644	"P007"	"Inflamed UC"	"Inflammatory fibroblast"	NA	16.5747773459514
"SAM24406427_183483"	3.9633281566498	-4.51495349435624	"P007"	"Inflamed UC"	"Inflammatory fibroblast"	NA	15.9819342167065
"SAM24406427_592599"	3.92761424559328	-5.61898696451004	"P007"	"Inflamed UC"	"Inflammatory fibroblast"	NA	17.0947512925305
"SAM24406427_456242"	4.04840138930055	-4.21460521249588	"P007"	"Inflamed UC"	"Activated crypt-top fibroblast"	NA	15.7401890953718
"SAM24406427_142770"	4.08302715796205	-5.04762256173905	"P007"	"Inflamed UC"	"Activated crypt-top fibroblast"	NA	16.5199521782757
"SAM24406427_363552"	4.03444126623842	-4.57466352014359	"P007"	"Inflamed UC"	"Inflammatory fibroblast"	NA	16.0595619524529
"SAM24406427_152210"	4.10940507429811	-5.07555806665238	"P007"	"Inflamed UC"	"Inflammatory fibroblast"	NA	16.5443344802797
"SAM24406427_336541"	4.06910470503542	-5.50349032907303	"P007"	"Inflamed UC"	"Inflammatory fibroblast"	NA	16.9695500796417
"SAM24406427_715797"	4.03774431723329	-4.20142209558304	"P007"	"Inflamed UC"	"Activated crypt-top fibroblast"	NA	15.7284347565094
"SAM24406427_109261"	3.88601783293459	-4.27623450784501	"P007"	"Inflamed UC"	"Activated crypt-top fibroblast"	NA	15.7345053160371
"SAM24406427_440004"	4.08747747915956	-4.90279805688675	"P007"	"Inflamed UC"	"Inflammatory fibroblast"	NA	16.3805935757961
"SAM24406427_795235"	3.97085646170351	-5.30831468133744	"P007"	"Inflamed UC"	"Inflammatory fibroblast"	NA	16.7806746047615
"SAM24406427_818193"	3.98223117369386	-4.13833701638993	"P007"	"Inflamed UC"	"Activated crypt-top fibroblast"	NA	15.6481416971577
"SAM24406427_621547"	4.02033999937746	-4.40009582071122	"P007"	"Inflamed UC"	"Activated crypt-top fibroblast"	NA	15.8962120332426
"SAM24406427_517925"	4.07364300268861	-4.65976274041947	"P007"	"Inflamed UC"	"Inflammatory fibroblast"	NA	16.1450740888824
"SAM24406427_424291"	3.95947054403993	-5.62258374719437	"P007"	"Inflamed UC"	"Inflammatory fibroblast"	NA	17.096077291816
"SAM24406427_862852"	4.17670873182985	-4.47937619714554	"P007"	"Inflamed UC"	"Inflammatory fibroblast"	NA	16.0091789710625
"SAM24406427_8889"	4.22280648726198	-4.71978271035965	"P007"	"Inflamed UC"	"Inflammatory fibroblast"	NA	16.2348567454574
"SAM24406427_579264"	3.99614385145876	-4.18154704599198	"P007"	"Inflamed UC"	"Activated crypt-top fibroblast"	NA	15.6932584174607
"SAM24406427_386517"	4.1181223728058	-4.62579047708329	"P007"	"Inflamed UC"	"Inflammatory fibroblast"	NA	16.1211152731177
"SAM24406427_360793"	4.13033202666017	-4.69625747232254	"P007"	"Inflamed UC"	"Inflammatory fibroblast"	NA	16.1925796705355
"SAM24406427_881135"	4.07882359999391	-5.30588901071366	"P007"	"Inflamed UC"	"Inflammatory fibroblast"	NA	16.7729260386182
"SAM24406427_834834"	4.08333877104494	-4.53257787256058	"P007"	"Inflamed UC"	"Activated crypt-top fibroblast"	NA	16.0333037757845
"SAM24406427_872368"	4.11106422919008	-4.03595101861771	"P007"	"Inflamed UC"	"Activated crypt-top fibroblast"	NA	15.6075378059956
"SAM24406427_304457"	4.03522709387514	-5.28455960779007	"P007"	"Inflamed UC"	"Inflammatory fibroblast"	NA	16.753773148673
"SAM24406427_635983"	4.19440535086366	-4.24733960656937	"P007"	"Inflamed UC"	"Activated crypt-top fibroblast"	NA	15.8152080401353
"SAM24406427_707849"	4.17667678374025	-4.97270715265091	"P007"	"Inflamed UC"	"Inflammatory fibroblast"	NA	16.4497677335601
"SAM24406427_70593"	3.96432331579897	-4.28899133233841	"P007"	"Inflamed UC"	"Activated crypt-top fibroblast"	NA	15.7724577060102
"SAM24406427_601603"	4.11451676863405	-4.55686080484208	"P007"	"Inflamed UC"	"Inflammatory fibroblast"	NA	16.0655223026355
"SAM24406427_427080"	4.15891936796877	-4.44901359109696	"P007"	"Inflamed UC"	"Activated crypt-top fibroblast"	NA	15.9749848551291
"SAM24406427_122744"	3.73575738447878	-4.81613481073197	"P007"	"Inflamed UC"	"Inflammatory fibroblast"	NA	16.2276115021987
"SAM24406427_517438"	4.13693622130129	-4.56432855157669	"P007"	"Inflamed UC"	"Activated crypt-top fibroblast"	NA	16.0791179346112
"SAM24406427_812903"	3.71483925360414	-4.95449578790482	"P007"	"Inflamed UC"	"Inflammatory fibroblast"	NA	16.4087013043687
"SAM24406427_749747"	3.89044359701845	-3.8590039017659	"P007"	"Inflamed UC"	"Activated crypt-top fibroblast"	NA	15.372382762168
"SAM24406427_691770"	4.18898514288637	-4.95822370080765	"P007"	"Inflamed UC"	"Inflammatory fibroblast"	NA	16.4359117647876
"SAM24406427_648368"	3.82746199148866	-4.17002379922684	"P007"	"Inflamed UC"	"Inflammatory fibroblast"	NA	15.6136266894221
"SAM24406427_147967"	3.86181190985414	-4.82901942758377	"P007"	"Inflamed UC"	"Inflammatory fibroblast"	NA	16.2789796085899
"SAM24406427_745821"	4.01431611555788	-5.48371684579667	"P007"	"Inflamed UC"	"Inflammatory fibroblast"	NA	16.9536699352657
"SAM24406427_36723"	3.95656302946779	-5.53589904336747	"P007"	"Inflamed UC"	"Inflammatory fibroblast"	NA	17.0097761200387
"SAM24406427_360678"	3.78014949339601	-4.70584571389969	"P007"	"Inflamed UC"	"Activated crypt-top fibroblast"	NA	16.1289926919038
"SAM24406427_648890"	4.09875610846254	-4.29633891610917	"P007"	"Inflamed UC"	"Inflammatory fibroblast"	NA	16.1348945170193
"SAM24406427_223279"	4.2359567024109	-4.24496161966141	"P007"	"Inflamed UC"	"Activated crypt-top fibroblast"	NA	15.82773739772
"SAM24406427_834283"	4.03864840048525	-5.56990897683915	"P007"	"Inflamed UC"	"Inflammatory fibroblast"	NA	17.0379140417525
"SAM24406427_654685"	3.9416349269745	-5.54123103647049	"P007"	"Inflamed UC"	"Inflammatory fibroblast"	NA	17.016142496454
"SAM24406427_46515"	3.93326786535951	-4.17255437402542	"P007"	"Inflamed UC"	"Activated crypt-top fibroblast"	NA	15.659290858719
"SAM24406427_483731"	4.24978331106874	-4.59144008188065	"P007"	"Inflamed UC"	"Activated crypt-top fibroblast"	NA	16.1149519612011
"SAM24406427_101605"	4.04729608076784	-5.02926385431107	"P007"	"Inflamed UC"	"Inflammatory fibroblast"	NA	16.4998460467238
"SAM24406427_487470"	4.0454540588257	-4.54352891473587	"P007"	"Inflamed UC"	"Activated crypt-top fibroblast"	NA	16.0329055628102
"SAM24406427_331261"	4.16712573546144	-4.30192315606888	"P007"	"Inflamed UC"	"Activated crypt-top fibroblast"	NA	15.8565501440521
"SAM24406427_438219"	4.07420257109377	-4.5633872750264	"P007"	"Inflamed UC"	"Inflammatory fibroblast"	NA	16.0601879755824
"SAM24406427_253985"	4.20209887999269	-4.79478871850785	"P007"	"Inflamed UC"	"Inflammatory fibroblast"	NA	16.2878810967995
"SAM24406427_855756"	4.110533509433	-4.45261561899002	"P007"	"Inflamed UC"	"Inflammatory fibroblast"	NA	15.964529815509
"SAM24406427_109061"	4.1165514327881	-4.44207322625931	"P007"	"Inflamed UC"	"Inflammatory fibroblast"	NA	15.9561615658963
"SAM24406427_518093"	4.01726416128847	-5.58274877099808	"P007"	"Inflamed UC"	"Inflammatory fibroblast"	NA	17.0522396553372
"SAM24406427_523271"	4.1476371623871	-5.08122384576615	"P007"	"Inflamed UC"	"Inflammatory fibroblast"	NA	16.5495725713505
"SAM24406427_745816"	4.09050611036989	-5.28428399591263	"P007"	"Inflamed UC"	"Inflammatory fibroblast"	NA	16.7507710456988
"SAM24406427_244628"	4.17327288168642	-4.62063634424027	"P007"	"Inflamed UC"	"Inflammatory fibroblast"	NA	16.1275655414288
"SAM24406427_92341"	4.09338120001527	-4.53268134622391	"P007"	"Inflamed UC"	"Inflammatory fibroblast"	NA	16.036288876582
"SAM24406427_801585"	4.20087817686769	-4.38293683557328	"P007"	"Inflamed UC"	"Inflammatory fibroblast"	NA	16.2268052775407
"SAM24406427_656303"	3.87076095122072	-4.25265300302323	"P007"	"Inflamed UC"	"Activated crypt-top fibroblast"	NA	15.706742729063
"SAM24406427_678885"	3.93383792418214	-5.0584200623494	"P007"	"Inflamed UC"	"Inflammatory fibroblast"	NA	16.5233462379709
"SAM24406427_302957"	3.98494628447267	-5.25536572961625	"P007"	"Inflamed UC"	"Inflammatory fibroblast"	NA	16.7270950837217
"SAM24406427_436117"	4.16852310675356	-4.92368876962479	"P007"	"Inflamed UC"	"Inflammatory fibroblast"	NA	16.4004056299708
"SAM24406427_161192"	3.9443683959839	-4.16652476815995	"P007"	"Inflamed UC"	"Activated crypt-top fibroblast"	NA	15.6583393486803
"SAM24406427_784405"	3.89378241080019	-4.34689795999344	"P007"	"Inflamed UC"	"Resting crypt-top fibroblast"	NA	15.8015468741051
"SAM24406427_355575"	3.6668980457184	-4.8906692269307	"P007"	"Inflamed UC"	"Inflammatory fibroblast"	NA	16.3155887934118
"SAM24406427_129166"	3.83228257673952	-4.29792630700882	"P007"	"Inflamed UC"	"Inflammatory fibroblast"	NA	15.7322733992383
"SAM24406427_123323"	3.92761138457033	-4.82441890268143	"P007"	"Inflamed UC"	"Inflammatory fibroblast"	NA	16.2827032520448
"SAM24406427_465731"	3.99166158217165	-3.90612065820511	"P007"	"Inflamed UC"	"Inflammatory fibroblast"	NA	15.7651512999736
"SAM24406427_12751"	4.05829814451906	-4.06752145318802	"P007"	"Inflamed UC"	"Inflammatory fibroblast"	NA	15.9205217296553
"SAM24406427_301068"	4.10903624075624	-4.63190257577713	"P007"	"Inflamed UC"	"Activated crypt-top fibroblast"	NA	16.1252000162067
"SAM24406427_119372"	3.90759590643617	-3.94223153619584	"P007"	"Inflamed UC"	"Activated crypt-top fibroblast"	NA	15.4473534958455
"SAM24406427_228422"	4.03630260008547	-4.57037866143998	"P007"	"Inflamed UC"	"Inflammatory fibroblast"	NA	16.0559927531743
"SAM24406427_270223"	3.91880801695558	-4.21883952646073	"P007"	"Inflamed UC"	"Inflammatory fibroblast"	NA	15.6955865373818
"SAM24406427_618021"	4.02688649672243	-4.47609651117142	"P007"	"Inflamed UC"	"Activated crypt-top fibroblast"	NA	15.9629817377031
"SAM24406427_148766"	3.84000233191225	-5.52383840112503	"P007"	"Inflamed UC"	"Inflammatory fibroblast"	NA	17.0059244440649
"SAM24406427_181719"	4.16868093985292	-4.65440595178421	"P007"	"Inflamed UC"	"Inflammatory fibroblast"	NA	16.1596371784681
"SAM24406427_373320"	4.09392956274721	-4.23729884652909	"P007"	"Inflamed UC"	"Inflammatory fibroblast"	NA	16.076979718874
"SAM24406427_63425"	3.92242530363771	-5.60315454034623	"P007"	"Inflamed UC"	"Inflammatory fibroblast"	NA	17.0793272214036
"SAM24406427_764673"	4.07079938429567	-5.16971814660843	"P007"	"Inflamed UC"	"Activated crypt-top fibroblast"	NA	16.6389201881704
"SAM24406427_411851"	3.83007792013857	-3.91384780435379	"P007"	"Inflamed UC"	"Resting crypt-top fibroblast"	NA	15.3915105758836
"SAM24406427_667097"	4.05248478430483	-5.2031110527974	"P007"	"Inflamed UC"	"Inflammatory fibroblast"	NA	16.6715724535141
"SAM24406427_305340"	4.20097425955507	-4.71998393564042	"P007"	"Inflamed UC"	"Activated crypt-top fibroblast"	NA	16.2305045449415
"SAM24406427_396230"	4.04171899336549	-4.03121030359085	"P007"	"Inflamed UC"	"Inflammatory fibroblast"	NA	15.8807370429688
"SAM24406427_464745"	3.93930629271242	-4.09238326577958	"P007"	"Inflamed UC"	"Inflammatory fibroblast"	NA	15.9034508671585
"SAM24406427_260828"	4.0610196925995	-5.38122165231522	"P007"	"Inflamed UC"	"Inflammatory fibroblast"	NA	16.848336380649
"SAM24406427_97016"	4.02058175581667	-3.97263228921708	"P007"	"Inflamed UC"	"Activated crypt-top fibroblast"	NA	15.5254534417835
"SAM24406427_795240"	4.06031683462831	-5.22171056299027	"P007"	"Inflamed UC"	"Inflammatory fibroblast"	NA	16.6897629782148
"SAM24406427_343421"	3.22857025641176	-4.58575379876908	"P007"	"Inflamed UC"	"Activated crypt-top fibroblast"	NA	15.788664072826
"SAM24406427_867605"	4.11283186453554	-4.25739562539872	"P007"	"Inflamed UC"	"Activated crypt-top fibroblast"	NA	15.7956470107167
"SAM24406427_210648"	4.18749073523256	-4.70785796670731	"P007"	"Inflamed UC"	"Inflammatory fibroblast"	NA	16.215835264083
"SAM24406427_363499"	4.06386354941103	-5.44110667733963	"P007"	"Inflamed UC"	"Inflammatory fibroblast"	NA	16.9079040358085
"SAM24406427_799071"	3.458114419162	-4.32003009347733	"P007"	"Inflamed UC"	"Activated crypt-top fibroblast"	NA	15.5991143169329
"SAM24406427_669403"	4.05548575895998	-5.35798108606156	"P007"	"Inflamed UC"	"Inflammatory fibroblast"	NA	16.8255107951717
"SAM24406427_377636"	3.98726395148012	-4.05931937722977	"P007"	"Inflamed UC"	"Resting crypt-top fibroblast"	NA	15.5781248640637
"SAM24406427_589626"	3.90273812788698	-4.36466586618241	"P007"	"Inflamed UC"	"Activated crypt-top fibroblast"	NA	15.8213368602584
"SAM24406427_792676"	4.00510290640566	-4.39225232629593	"P007"	"Inflamed UC"	"Activated crypt-top fibroblast"	NA	15.883469747793
"SAM24406427_797245"	3.70689466971132	-4.67401635675248	"P007"	"Inflamed UC"	"Resting crypt-top fibroblast"	NA	16.0605934568787
"SAM24406427_57608"	4.10384300726625	-4.07364881067093	"P007"	"Inflamed UC"	"Activated crypt-top fibroblast"	NA	15.6389663338284
"SAM24406427_542659"	3.94352153319093	-3.79894173173722	"P007"	"Inflamed UC"	"Activated crypt-top fibroblast"	NA	15.3451785459895
"SAM24406427_372387"	4.07798603552553	-5.39550721673783	"P007"	"Inflamed UC"	"Inflammatory fibroblast"	NA	16.8614733797699
"SAM24406427_307892"	4.21702912825319	-4.30206716089066	"P007"	"Inflamed UC"	"Activated crypt-top fibroblast"	NA	15.8744025022552
"SAM24406427_853689"	3.70488790053102	-3.76508677034195	"P007"	"Inflamed UC"	"Activated crypt-top fibroblast"	NA	15.2031567177263
"SAM24406427_830330"	3.35352376478883	-3.86358296899613	"P007"	"Inflamed UC"	"Inflammatory fibroblast"	NA	15.1127467703464
"SAM24406427_828255"	4.05764201658937	-5.47024428872879	"P007"	"Inflamed UC"	"Inflammatory fibroblast"	NA	16.9371903464151
"SAM24406427_561169"	4.05202082174989	-4.27954566507157	"P007"	"Inflamed UC"	"Activated crypt-top fibroblast"	NA	15.7947635992765
"SAM24406427_175351"	3.93516472357485	-3.92784440545853	"P007"	"Inflamed UC"	"Inflammatory fibroblast"	NA	15.7625593058654
"SAM24406427_385615"	3.83215454596254	-4.28655517129715	"P007"	"Inflamed UC"	"Inflammatory fibroblast"	NA	15.7218482999056
"SAM24406427_465060"	3.762801919162	-4.38342034845169	"P007"	"Inflamed UC"	"Inflammatory fibroblast"	NA	15.7891864553331
"SAM24406427_588611"	4.17861131209108	-4.28378713159378	"P007"	"Inflamed UC"	"Activated crypt-top fibroblast"	NA	15.8436735132997
"SAM24406427_627272"	3.38251594084474	-4.25162351159867	"P007"	"Inflamed UC"	"Inflammatory fibroblast"	NA	15.4866128796084
"SAM24406427_311533"	3.85985592383119	-4.03899467019852	"P007"	"Inflamed UC"	"Inflammatory fibroblast"	NA	15.5121763501112
"SAM24406427_694666"	3.91958263891908	-3.84599053888138	"P007"	"Inflamed UC"	"Activated crypt-top fibroblast"	NA	15.3749570961137
"SAM24406427_867192"	4.10312894362184	-4.07890355615433	"P007"	"Inflamed UC"	"Activated crypt-top fibroblast"	NA	15.6434670601579
"SAM24406427_357186"	3.8142962791321	-3.799658417986	"P007"	"Inflamed UC"	"Activated crypt-top fibroblast"	NA	15.2837655416238
"SAM24406427_883284"	3.81983808058473	-5.03369510202225	"P007"	"Inflamed UC"	"Inflammatory fibroblast"	NA	16.4930045749168
"SAM24406427_621210"	4.04083517569276	-5.32687079934891	"P007"	"Inflamed UC"	"Inflammatory fibroblast"	NA	16.7954330765958
"SAM24406427_560336"	3.87303069609377	-5.58549630670365	"P007"	"Inflamed UC"	"Inflammatory fibroblast"	NA	17.0652204252723
"SAM24406427_71733"	3.91427615660402	-5.32466161279496	"P007"	"Inflamed UC"	"Activated crypt-top fibroblast"	NA	16.8015648977031
"SAM24406427_713490"	3.91969469565126	-3.96723163156327	"P007"	"Inflamed UC"	"Inflammatory fibroblast"	NA	15.7925180652793
"SAM24406427_645591"	4.14322904127809	-4.85454452066239	"P007"	"Inflamed UC"	"Inflammatory fibroblast"	NA	16.3397462941118
"SAM24406427_742746"	3.80048826712343	-5.4968327286702	"P007"	"Inflamed UC"	"Inflammatory fibroblast"	NA	16.9817581023316
"SAM24406427_193948"	3.77655414122316	-4.38487851648148	"P007"	"Inflamed UC"	"Inflammatory fibroblast"	NA	15.7954322234054
"SAM24406427_808937"	4.06099322813722	-5.37661016015824	"P007"	"Inflamed UC"	"Inflammatory fibroblast"	NA	16.8437366462759
"SAM24406427_487411"	3.86067060011598	-4.0310591462117	"P007"	"Inflamed UC"	"Activated crypt-top fibroblast"	NA	15.5054616146023
"SAM24406427_268918"	4.15353396910402	-4.15122687845047	"P007"	"Inflamed UC"	"Inflammatory fibroblast"	NA	16.0118117901407
"SAM24406427_485618"	3.64555648344728	-3.75191390542801	"P007"	"Inflamed UC"	"Inflammatory fibroblast"	NA	15.1620794144342
"SAM24406427_399638"	3.23282483595583	-4.70184218911942	"P007"	"Inflamed UC"	"Resting crypt-top fibroblast"	NA	15.951007373241
"SAM24406427_121512"	3.98441103476259	-4.05689990548905	"P007"	"Inflamed UC"	"Inflammatory fibroblast"	NA	15.8854144509407
"SAM24406427_767683"	4.16855290907594	-4.24527871637162	"P007"	"Inflamed UC"	"Activated crypt-top fibroblast"	NA	15.8041027463333
"SAM24406427_599216"	4.05897573012087	-3.86514699487503	"P007"	"Inflamed UC"	"Activated crypt-top fibroblast"	NA	15.4468453535002
"SAM24406427_856516"	4.09789994734499	-4.23798644571122	"P007"	"Inflamed UC"	"Activated crypt-top fibroblast"	NA	15.7722008844152
"SAM24406427_232419"	3.89525440710756	-3.90299975900467	"P007"	"Inflamed UC"	"Activated crypt-top fibroblast"	NA	15.4067729401717
"SAM24406427_74530"	2.45962337034914	-4.73631513147171	"P007"	"Inflamed UC"	"Inflammatory fibroblast"	NA	16.0822713091387
"SAM24406427_618214"	3.82521966475221	-4.37316119699295	"P007"	"Inflamed UC"	"Inflammatory fibroblast"	NA	15.8017565185693
"SAM24406427_49959"	3.96215775984499	-5.36052596597489	"P007"	"Inflamed UC"	"Inflammatory fibroblast"	NA	16.8341974922775
"SAM24406427_7928"	3.7645919658539	-5.53880155114945	"P007"	"Inflamed UC"	"Inflammatory fibroblast"	NA	17.0261423657211
"SAM24406427_504328"	3.99982765692445	-4.22187840966996	"P007"	"Inflamed UC"	"Activated crypt-top fibroblast"	NA	15.7315577884191
"SAM24406427_237426"	4.0186829902527	-4.83393085031327	"P007"	"Inflamed UC"	"Inflammatory fibroblast"	NA	16.3036100408934
"SAM24406427_37153"	4.19247988241884	-4.79971921472367	"P007"	"Inflamed UC"	"Inflammatory fibroblast"	NA	16.2915608030299
"SAM24406427_131163"	3.84287932890627	-3.75786030320938	"P007"	"Inflamed UC"	"Resting crypt-top fibroblast"	NA	15.2608226390147
"SAM24406427_514243"	3.7292919494507	-3.88320815591629	"P007"	"Inflamed UC"	"Inflammatory fibroblast"	NA	15.316245290647
"SAM24406427_662769"	4.15714100378725	-4.05544173745926	"P007"	"Inflamed UC"	"Activated crypt-top fibroblast"	NA	15.6441978080691
"SAM24406427_290267"	3.79994395750734	-5.42681443719681	"P007"	"Inflamed UC"	"Inflammatory fibroblast"	NA	16.9119506048921
"SAM24406427_839768"	4.07691434401247	-5.06955182580765	"P007"	"Inflamed UC"	"Inflammatory fibroblast"	NA	16.5386917754785
"SAM24406427_218361"	4.22589639204714	-4.65536916284378	"P007"	"Inflamed UC"	"Activated crypt-top fibroblast"	NA	16.172500781659
"SAM24406427_51795"	4.11751130598756	-4.61791598825272	"P007"	"Inflamed UC"	"Activated crypt-top fibroblast"	NA	16.113286292354
"SAM24406427_736257"	3.82988766211244	-4.07374560861405	"P007"	"Inflamed UC"	"Activated crypt-top fibroblast"	NA	15.529671875208
"SAM24406427_578227"	3.83291677015993	-4.70998418359574	"P007"	"Inflamed UC"	"Inflammatory fibroblast"	NA	16.1440350310991
"SAM24406427_169749"	3.946883950412	-4.65808570413407	"P007"	"Inflamed UC"	"Inflammatory fibroblast"	NA	16.1170220757195
"SAM24406427_96111"	3.88874486464235	-3.77643859414872	"P007"	"Inflamed UC"	"Activated crypt-top fibroblast"	NA	15.2991399934392
"SAM24406427_613406"	1.81964961069795	-4.77194631128128	"P007"	"Inflamed UC"	"Activated crypt-top fibroblast"	NA	15.1323337925114
"SAM24406427_698710"	4.16453698652956	-4.27453744439896	"P007"	"Inflamed UC"	"Inflammatory fibroblast"	NA	16.1330387398067
"SAM24406427_18849"	4.3290667869446	-3.96043384103592	"P007"	"Inflamed UC"	"Resting crypt-top fibroblast"	NA	15.6279821448806
"SAM24406427_490564"	3.70553401488039	-3.82650339631852	"P007"	"Inflamed UC"	"Inflammatory fibroblast"	NA	15.2550969469032
"SAM24406427_17501"	4.16974953192445	-4.11924350290116	"P007"	"Inflamed UC"	"Activated crypt-top fibroblast"	NA	15.7075637061719
"SAM24406427_330886"	4.08055428045961	-4.16225898294266	"P007"	"Inflamed UC"	"Activated crypt-top fibroblast"	NA	15.710252686005
"SAM24406427_17276"	4.04241779822084	-5.50030076532181	"P007"	"Inflamed UC"	"Inflammatory fibroblast"	NA	16.9682410379664
"SAM24406427_469163"	4.08685949820253	-5.32919394998368	"P007"	"Inflamed UC"	"Inflammatory fibroblast"	NA	16.7947196445661
"SAM24406427_230243"	3.72037127989504	-3.99606311349686	"P007"	"Inflamed UC"	"Inflammatory fibroblast"	NA	15.4109393546491
"SAM24406427_866036"	3.7241535522339	-3.99165475396927	"P007"	"Inflamed UC"	"Activated crypt-top fibroblast"	NA	15.4087112042265
"SAM24406427_739377"	4.11178592222902	-5.24620854883011	"P007"	"Inflamed UC"	"Inflammatory fibroblast"	NA	16.7116922516654
"SAM24406427_194373"	3.98064545172426	-4.28265368966874	"P007"	"Inflamed UC"	"Activated crypt-top fibroblast"	NA	15.7723279778472
"SAM24406427_479055"	4.23614672201845	-4.75547015695389	"P007"	"Inflamed UC"	"Inflammatory fibroblast"	NA	16.2531640228804
"SAM24406427_795608"	3.7854442932007	-4.12412726907547	"P007"	"Inflamed UC"	"Inflammatory fibroblast"	NA	15.5545876453361
"SAM24406427_626691"	3.35158089178774	-3.74893748788651	"P007"	"Inflamed UC"	"Resting crypt-top fibroblast"	NA	15.0093774782479
"SAM24406427_161506"	3.93879726904604	-3.96448743371781	"P007"	"Inflamed UC"	"Activated crypt-top fibroblast"	NA	15.4812912611344
"SAM24406427_49333"	3.95290378111574	-4.1983650925618	"P007"	"Inflamed UC"	"Inflammatory fibroblast"	NA	15.6908812978493
"SAM24406427_131816"	3.46697524565431	-3.85946452646073	"P007"	"Inflamed UC"	"Activated crypt-top fibroblast"	NA	15.1659138048594
"SAM24406427_632357"	3.87977293509218	-4.13107478647049	"P007"	"Inflamed UC"	"Inflammatory fibroblast"	NA	15.5995331112947
"SAM24406427_288126"	3.69370153921816	-3.75745117692765	"P007"	"Inflamed UC"	"Resting crypt-top fibroblast"	NA	15.190950452854
"SAM24406427_643178"	4.23214224356386	-4.25151193170365	"P007"	"Inflamed UC"	"Inflammatory fibroblast"	NA	16.1305385415394
"SAM24406427_346726"	3.8796358444092	-3.85806739358719	"P007"	"Inflamed UC"	"Activated crypt-top fibroblast"	NA	15.3663723908902
"SAM24406427_977"	3.65350893515321	-3.95736396341141	"P007"	"Inflamed UC"	"Resting crypt-top fibroblast"	NA	15.3449117797837
"SAM24406427_266096"	4.10069850462648	-4.91250550775345	"P007"	"Inflamed UC"	"Inflammatory fibroblast"	NA	16.3900771281073
"SAM24406427_61258"	3.08251765745851	-4.09655416040238	"P007"	"Inflamed UC"	"Inflammatory fibroblast"	NA	15.178974783657
"SAM24406427_772198"	3.52712777632448	-3.81516850023087	"P007"	"Inflamed UC"	"Resting crypt-top fibroblast"	NA	15.1576344850068
"SAM24406427_407798"	3.46644500273439	-3.78718745736893	"P007"	"Inflamed UC"	"Inflammatory fibroblast"	NA	15.1030577405156
"SAM24406427_57094"	3.81368378180238	-4.47730624704178	"P007"	"Inflamed UC"	"Inflammatory fibroblast"	NA	15.8950208989374
"SAM24406427_772002"	4.00850847738954	-5.37483537225541	"P007"	"Inflamed UC"	"Inflammatory fibroblast"	NA	16.8454227867147
"SAM24406427_488131"	3.44998076933595	-3.7992283108693	"P007"	"Inflamed UC"	"Resting crypt-top fibroblast"	NA	15.1052516975884
"SAM24406427_53237"	3.90853503721925	-4.09255588083084	"P007"	"Inflamed UC"	"Inflammatory fibroblast"	NA	15.5761823236196
"SAM24406427_698590"	3.48987391966554	-3.80753719835099	"P007"	"Inflamed UC"	"Activated crypt-top fibroblast"	NA	15.1323963952289
"SAM24406427_595083"	3.9149563648102	-4.07999503640946	"P007"	"Inflamed UC"	"Inflammatory fibroblast"	NA	15.8835225685641
"SAM24406427_30142"	3.24439457434389	-3.81549227266129	"P007"	"Inflamed UC"	"Resting crypt-top fibroblast"	NA	15.0114377413272
"SAM24406427_820321"	3.67364219206545	-3.79426777391251	"P007"	"Inflamed UC"	"Resting crypt-top fibroblast"	NA	15.2128020446016
"SAM24406427_110221"	3.71278289335939	-3.9011787178975	"P007"	"Inflamed UC"	"Activated crypt-top fibroblast"	NA	15.3240831856695
"SAM24406427_580927"	3.25577691572878	-3.67562973527726	"P007"	"Inflamed UC"	"Activated crypt-top fibroblast"	NA	14.8945014295954
"SAM24406427_145217"	3.78976992148134	-4.80541694192704	"P007"	"Inflamed UC"	"Activated crypt-top fibroblast"	NA	16.228383038579
"SAM24406427_642896"	4.0685036517975	-5.33949458627518	"P007"	"Inflamed UC"	"Inflammatory fibroblast"	NA	16.8062069771968
"SAM24406427_214786"	3.81907251852724	-3.85818231134232	"P007"	"Inflamed UC"	"Activated crypt-top fibroblast"	NA	15.337396442979
"SAM24406427_705477"	3.91233614462587	-5.51971662072953	"P007"	"Inflamed UC"	"Inflammatory fibroblast"	NA	16.9967370537389
"SAM24406427_636896"	4.18629148977968	-4.91434800653275	"P007"	"Inflamed UC"	"Inflammatory fibroblast"	NA	16.3919565023829
"SAM24406427_440643"	4.09961346167299	-5.27759110956009	"P007"	"Inflamed UC"	"Inflammatory fibroblast"	NA	16.7436370559196
"SAM24406427_286773"	3.74964788931581	-3.86358153848465	"P007"	"Inflamed UC"	"Inflammatory fibroblast"	NA	15.3088015936111
"SAM24406427_529601"	4.11729386824342	-5.10641181497391	"P007"	"Inflamed UC"	"Inflammatory fibroblast"	NA	16.5750981252557
"SAM24406427_653608"	2.98563412207338	-3.80604779748734	"P007"	"Inflamed UC"	"Resting crypt-top fibroblast"	NA	14.8642621932264
"SAM24406427_573400"	4.07815149801943	-4.86500775842484	"P007"	"Inflamed UC"	"Inflammatory fibroblast"	NA	16.3419296035726
"SAM24406427_703166"	2.80644587057802	-3.71541631250199	"P007"	"Inflamed UC"	"Activated crypt-top fibroblast"	NA	14.6901508138423
"SAM24406427_379350"	4.16815784949037	-5.01413524179276	"P007"	"Inflamed UC"	"Inflammatory fibroblast"	NA	16.4907229728339
"SAM24406427_248430"	4.03441289442751	-5.37881982354935	"P007"	"Inflamed UC"	"Inflammatory fibroblast"	NA	16.8476923087599
"SAM24406427_869146"	4.11717060583803	-5.34803569345292	"P007"	"Inflamed UC"	"Inflammatory fibroblast"	NA	16.8115239331052
"SAM24406427_587025"	4.13423732298586	-5.22253978280838	"P007"	"Inflamed UC"	"Inflammatory fibroblast"	NA	16.6869448075471
"SAM24406427_426844"	4.15974930304262	-4.82821166543778	"P007"	"Inflamed UC"	"Inflammatory fibroblast"	NA	16.3157038916853
"SAM24406427_780280"	4.11674288290712	-4.99756896524247	"P007"	"Inflamed UC"	"Inflammatory fibroblast"	NA	16.4716301600625
"SAM24406427_220673"	4.16959026831361	-4.37516009836014	"P007"	"Inflamed UC"	"Activated crypt-top fibroblast"	NA	15.9138472082408
"SAM24406427_559235"	4.0712645389435	-5.32576167611893	"P007"	"Inflamed UC"	"Inflammatory fibroblast"	NA	16.7923220357642
"SAM24406427_439380"	4.05203536528322	-4.80394923715409	"P007"	"Inflamed UC"	"Inflammatory fibroblast"	NA	16.2780679648484
"SAM24406427_307004"	4.10295656698915	-5.20984780816849	"P007"	"Inflamed UC"	"Inflammatory fibroblast"	NA	16.675811314275
"SAM24406429_647594"	4.08400109785768	-5.1010807755452	"P008"	"Uninflamed UC"	"Inflammatory fibroblast"	NA	16.5701395443887
"SAM24406429_575892"	4.17451170462343	-5.16502416162308	"P008"	"Uninflamed UC"	"Inflammatory fibroblast"	NA	16.6330672656664
"SAM24406429_199956"	4.09541085737917	-4.91258513955887	"P008"	"Uninflamed UC"	"Inflammatory fibroblast"	NA	16.3900771281073
"SAM24406429_705854"	4.04567864912721	-5.09698379068192	"P008"	"Uninflamed UC"	"Inflammatory fibroblast"	NA	16.566471159562
"SAM24406429_532531"	4.12049869078371	-4.9867008927327	"P008"	"Uninflamed UC"	"Activated crypt-top fibroblast"	NA	16.4609614760529
"SAM24406429_684137"	4.12506583708498	-5.05321252374466	"P008"	"Uninflamed UC"	"Activated crypt-top fibroblast"	NA	16.5276176910278
"SAM24406429_727127"	4.03154328840944	-4.92940413980301	"P008"	"Uninflamed UC"	"Inflammatory fibroblast"	NA	16.39932859959
"SAM24406429_662440"	4.1166222431061	-4.44656312494095	"P008"	"Uninflamed UC"	"Resting crypt-top fibroblast"	NA	15.9604824152388
"SAM24406429_115591"	3.89818314093324	-5.1066001656514	"P008"	"Uninflamed UC"	"Inflammatory fibroblast"	NA	16.5777355453474
"SAM24406429_221748"	4.08508614081117	-5.05812537698563	"P008"	"Uninflamed UC"	"Activated crypt-top fibroblast"	NA	16.5290931309298
"SAM24406429_830774"	3.86424282568666	-4.72144067315873	"P008"	"Uninflamed UC"	"Inflammatory fibroblast"	NA	16.1617672341193
"SAM24406429_267735"	3.9090535976288	-5.30386865167435	"P008"	"Uninflamed UC"	"Inflammatory fibroblast"	NA	16.779282625366
"SAM24406429_723523"	4.0614829398987	-4.85380351571854	"P008"	"Uninflamed UC"	"Activated crypt-top fibroblast"	NA	16.3287151595795
"SAM24406429_785454"	3.95186284559938	-4.89706647424515	"P008"	"Uninflamed UC"	"Inflammatory fibroblast"	NA	16.3578267928556
"SAM24406429_598114"	4.15955475348207	-4.60526263742264	"P008"	"Uninflamed UC"	"Inflammatory fibroblast"	NA	16.1096709222845
"SAM24406429_828121"	4.17618826407167	-4.9535297158223	"P008"	"Uninflamed UC"	"Activated crypt-top fibroblast"	NA	16.4305896406541
"SAM24406429_489588"	4.12446621435854	-4.54257571725663	"P008"	"Uninflamed UC"	"Inflammatory fibroblast"	NA	16.0546990778476
"SAM24406429_474069"	3.88999155539247	-4.62654960183915	"P008"	"Uninflamed UC"	"Inflammatory fibroblast"	NA	16.0677473672986
"SAM24406429_630345"	3.86339834707948	-5.20430266885575	"P008"	"Uninflamed UC"	"Inflammatory fibroblast"	NA	16.6820899543807
"SAM24406429_826589"	4.11886790770265	-4.665066123293	"P008"	"Uninflamed UC"	"Inflammatory fibroblast"	NA	16.1596842288811
"SAM24406429_817184"	4.0356736518738	-4.78991687326249	"P008"	"Uninflamed UC"	"Inflammatory fibroblast"	NA	16.2620865691369
"SAM24406429_684665"	4.07080272215578	-4.59142529992875	"P008"	"Uninflamed UC"	"Inflammatory fibroblast"	NA	16.0818587038309
"SAM24406429_96204"	3.97512153166506	-4.46878564386185	"P008"	"Uninflamed UC"	"Inflammatory fibroblast"	NA	15.9411030577358
"SAM24406429_771731"	4.18151691931459	-4.79651010064896	"P008"	"Uninflamed UC"	"Inflammatory fibroblast"	NA	16.286996445144
"SAM24406429_129602"	3.97984794157716	-5.2329109909993	"P008"	"Uninflamed UC"	"Activated crypt-top fibroblast"	NA	16.7049191744321
"SAM24406429_456966"	4.18428591269228	-4.47719895868119	"P008"	"Uninflamed UC"	"Inflammatory fibroblast"	NA	16.0092711050284
"SAM24406429_43075"	3.98577788847658	-5.2495878937703	"P008"	"Uninflamed UC"	"Activated crypt-top fibroblast"	NA	16.7212832600286
"SAM24406429_519408"	4.1328130103943	-5.0078681710225	"P008"	"Uninflamed UC"	"Activated crypt-top fibroblast"	NA	16.4827127662717
"SAM24406429_350724"	4.13636306303713	-5.05339229135331	"P008"	"Uninflamed UC"	"Activated crypt-top fibroblast"	NA	16.5283568533586
"SAM24406429_183289"	4.10612920302126	-4.93939483194168	"P008"	"Uninflamed UC"	"Inflammatory fibroblast"	NA	16.4130016883599
"SAM24406429_175083"	3.9530103542206	-5.25785052804764	"P008"	"Uninflamed UC"	"Activated crypt-top fibroblast"	NA	16.7311522062173
"SAM24406429_515958"	3.92908981817934	-5.05595624475296	"P008"	"Uninflamed UC"	"Inflammatory fibroblast"	NA	16.5206502445553
"SAM24406429_819461"	4.10673240202638	-4.47908103494461	"P008"	"Uninflamed UC"	"Activated crypt-top fibroblast"	NA	15.9887864707726
"SAM24406429_618884"	4.18929770964357	-4.61486709146317	"P008"	"Uninflamed UC"	"Inflammatory fibroblast"	NA	16.1252618807796
"SAM24406429_841046"	4.10658219832155	-4.10645806817826	"P008"	"Uninflamed UC"	"Inflammatory fibroblast"	NA	15.9735537711894
"SAM24406429_469975"	4.13532784956667	-4.77293336419877	"P008"	"Uninflamed UC"	"Resting crypt-top fibroblast"	NA	16.2577898888714
"SAM24406429_64509"	3.84133103865358	-4.91358697442826	"P008"	"Uninflamed UC"	"Inflammatory fibroblast"	NA	16.3602941020358
"SAM24406429_448496"	3.67993191260072	-4.86771571664627	"P008"	"Uninflamed UC"	"Inflammatory fibroblast"	NA	16.2944597081545
"SAM24406429_504468"	3.9668841697571	-5.06419169931229	"P008"	"Uninflamed UC"	"Activated crypt-top fibroblast"	NA	16.5345618315462
"SAM24406429_568941"	4.22882703322145	-4.74731242685135	"P008"	"Uninflamed UC"	"Inflammatory fibroblast"	NA	16.2441493329246
"SAM24406429_231583"	4.00954559820863	-5.06432855157669	"P008"	"Uninflamed UC"	"Activated crypt-top fibroblast"	NA	16.5342218327865
"SAM24406429_436116"	4.23279002684328	-4.5077813866597	"P008"	"Uninflamed UC"	"Inflammatory fibroblast"	NA	16.0525025712159
"SAM24406429_718160"	4.1144979335663	-4.84744393853959	"P008"	"Uninflamed UC"	"Inflammatory fibroblast"	NA	16.3290835366475
"SAM24406429_491175"	4.10848716276857	-4.04061973123368	"P008"	"Uninflamed UC"	"Inflammatory fibroblast"	NA	15.912284270259
"SAM24406429_555900"	4.10712960737917	-4.7173727753621	"P008"	"Uninflamed UC"	"Activated crypt-top fibroblast"	NA	16.2083970243625
"SAM24406429_473603"	4.17309239882204	-4.597674250887	"P008"	"Uninflamed UC"	"Activated crypt-top fibroblast"	NA	16.1050698200347
"SAM24406429_700171"	3.85388163107607	-4.86513841180619	"P008"	"Uninflamed UC"	"Inflammatory fibroblast"	NA	16.3138121272342
"SAM24406429_548484"	4.07624271887514	-5.06829392938431	"P008"	"Uninflamed UC"	"Activated crypt-top fibroblast"	NA	16.5374414646355
"SAM24406429_318603"	4.04899552839967	-5.1099165680867	"P008"	"Uninflamed UC"	"Activated crypt-top fibroblast"	NA	16.5793660550932
"SAM24406429_204178"	4.0307724811432	-4.19886815576371	"P008"	"Uninflamed UC"	"Inflammatory fibroblast"	NA	16.0219331323743
"SAM24406429_171492"	4.31511834639284	-4.95086228875931	"P008"	"Uninflamed UC"	"Inflammatory fibroblast"	NA	16.4348074799524
"SAM24406429_609978"	3.84734180945131	-5.06143844156083	"P008"	"Uninflamed UC"	"Activated crypt-top fibroblast"	NA	16.52207627056
"SAM24406429_649779"	3.99348715323183	-4.80770337610062	"P008"	"Uninflamed UC"	"Inflammatory fibroblast"	NA	16.2744179819155
"SAM24406429_158732"	3.98567226904604	-5.57900941400345	"P008"	"Uninflamed UC"	"Inflammatory fibroblast"	NA	17.0507526694335
"SAM24406429_110399"	4.10605553168031	-5.0875686409932	"P008"	"Uninflamed UC"	"Activated crypt-top fibroblast"	NA	16.5563817434049
"SAM24406429_294794"	4.08164933699342	-5.08424413232621	"P008"	"Uninflamed UC"	"Inflammatory fibroblast"	NA	16.5533302394295
"SAM24406429_85085"	3.99624708670351	-5.23693454294022	"P008"	"Uninflamed UC"	"Activated crypt-top fibroblast"	NA	16.7081288842085
"SAM24406429_226558"	4.19215348738405	-4.45837962655838	"P008"	"Uninflamed UC"	"Inflammatory fibroblast"	NA	15.9935066173179
"SAM24406429_64941"	4.12770012396547	-4.70655477075394	"P008"	"Uninflamed UC"	"Inflammatory fibroblast"	NA	16.2021025724672
"SAM24406429_361435"	4.12168077009889	-4.80341708688553	"P008"	"Uninflamed UC"	"Activated crypt-top fibroblast"	NA	16.2863119841476
"SAM24406429_336089"	3.96129897612306	-4.63110244302567	"P008"	"Uninflamed UC"	"Activated crypt-top fibroblast"	NA	16.0936345952754
"SAM24406429_701805"	3.99422553557131	-5.17781007318314	"P008"	"Uninflamed UC"	"Activated crypt-top fibroblast"	NA	16.6478675033211
"SAM24406429_647319"	4.16841796416017	-4.36713111429032	"P008"	"Uninflamed UC"	"Inflammatory fibroblast"	NA	16.2038844171958
"SAM24406429_706930"	3.99458364027712	-5.31875121621903	"P008"	"Uninflamed UC"	"Activated crypt-top fibroblast"	NA	16.7903776301393
"SAM24406429_193159"	4.08432534712526	-5.20872151880082	"P008"	"Uninflamed UC"	"Activated crypt-top fibroblast"	NA	16.6756054447037
"SAM24406429_308162"	4.15285805243227	-4.98470485238846	"P008"	"Uninflamed UC"	"Activated crypt-top fibroblast"	NA	16.4605708280965
"SAM24406429_104012"	3.95680860060426	-5.12982308893021	"P008"	"Uninflamed UC"	"Resting crypt-top fibroblast"	NA	16.6003017395967
"SAM24406429_676714"	3.81164244192812	-4.71461808709916	"P008"	"Uninflamed UC"	"Inflammatory fibroblast"	NA	16.1441344643963
"SAM24406429_572127"	4.0087952949402	-5.20200526742752	"P008"	"Uninflamed UC"	"Resting crypt-top fibroblast"	NA	16.6726231478582
"SAM24406429_754225"	4.13754395025942	-4.61046397714432	"P008"	"Uninflamed UC"	"Resting crypt-top fibroblast"	NA	16.1101718840778
"SAM24406429_305569"	3.93404224890443	-5.17756259469803	"P008"	"Uninflamed UC"	"Activated crypt-top fibroblast"	NA	16.648292731024
"SAM24406429_508857"	4.08991721647951	-4.84438979654129	"P008"	"Uninflamed UC"	"Inflammatory fibroblast"	NA	16.3229577424052
"SAM24406429_625269"	4.16119197386476	-4.70715367822464	"P008"	"Uninflamed UC"	"Activated crypt-top fibroblast"	NA	16.2096667678221
"SAM24406429_57398"	4.14263633269045	-4.95947968988236	"P008"	"Uninflamed UC"	"Activated crypt-top fibroblast"	NA	16.4348702935892
"SAM24406429_180635"	4.02791670340273	-3.94137036828812	"P008"	"Uninflamed UC"	"Inflammatory fibroblast"	NA	15.8119296231973
"SAM24406429_631943"	3.92131570357057	-5.35353076486405	"P008"	"Uninflamed UC"	"Activated crypt-top fibroblast"	NA	16.8299076736069
"SAM24406429_470252"	4.13973191755983	-4.97262418298539	"P008"	"Uninflamed UC"	"Activated crypt-top fibroblast"	NA	16.4478547778502
"SAM24406429_768954"	4.14173463362428	-5.24550426034745	"P008"	"Uninflamed UC"	"Activated crypt-top fibroblast"	NA	16.7095114979171
"SAM24406429_646733"	3.92950585859987	-5.14321124582108	"P008"	"Uninflamed UC"	"Activated crypt-top fibroblast"	NA	16.6139942329348
"SAM24406429_521800"	3.98906401175234	-4.77916610269364	"P008"	"Uninflamed UC"	"Resting crypt-top fibroblast"	NA	16.2455508667561
"SAM24406429_681134"	3.97336486357423	-5.28890836267289	"P008"	"Uninflamed UC"	"Activated crypt-top fibroblast"	NA	16.761168175604
"SAM24406429_437273"	3.91841105002138	-3.83770597009476	"P008"	"Uninflamed UC"	"Inflammatory fibroblast"	NA	15.6732116401638
"SAM24406429_140245"	3.98041394728395	-5.15604484109696	"P008"	"Uninflamed UC"	"Activated crypt-top fibroblast"	NA	16.6262580080829
"SAM24406429_520990"	4.01582196730348	-4.13315093545731	"P008"	"Uninflamed UC"	"Inflammatory fibroblast"	NA	15.9678024052333
"SAM24406429_581830"	3.94124630469057	-5.61381471185502	"P008"	"Uninflamed UC"	"Inflammatory fibroblast"	NA	17.0886242543741
"SAM24406429_608988"	4.06886390227052	-4.90192878274735	"P008"	"Uninflamed UC"	"Activated crypt-top fibroblast"	NA	16.3773868193224
"SAM24406429_701747"	3.97087219732973	-5.10561835794266	"P008"	"Uninflamed UC"	"Activated crypt-top fibroblast"	NA	16.5759413266552
"SAM24406429_174123"	3.67152098196718	-4.83348262338456	"P008"	"Uninflamed UC"	"Inflammatory fibroblast"	NA	16.2594398648808
"SAM24406429_100307"	4.00440839308473	-5.53714311151322	"P008"	"Uninflamed UC"	"Activated crypt-top fibroblast"	NA	17.0076597417361
"SAM24406429_67121"	3.92009166258547	-5.12341821222123	"P008"	"Uninflamed UC"	"Activated crypt-top fibroblast"	NA	16.5943076617116
"SAM24406429_764084"	4.11443379896852	-4.11500918893631	"P008"	"Uninflamed UC"	"Inflammatory fibroblast"	NA	15.9842647953732
"SAM24406429_656757"	3.90541723746034	-5.25600230722245	"P008"	"Uninflamed UC"	"Activated crypt-top fibroblast"	NA	16.7316539287151
"SAM24406429_220127"	4.01176742094728	-5.49725282220658	"P008"	"Uninflamed UC"	"Activated crypt-top fibroblast"	NA	16.9673513903935
"SAM24406429_247350"	4.20878914374086	-4.63568389444168	"P008"	"Uninflamed UC"	"Activated crypt-top fibroblast"	NA	16.1496830679092
"SAM24406429_681690"	4.00313619154665	-4.43501079110917	"P008"	"Uninflamed UC"	"Activated crypt-top fibroblast"	NA	15.9168037896485
"SAM24406429_391207"	4.09026077765199	-4.56031215219315	"P008"	"Uninflamed UC"	"Activated crypt-top fibroblast"	NA	16.0618573770325
"SAM24406429_360081"	3.94826224821779	-4.74513232736405	"P008"	"Uninflamed UC"	"Inflammatory fibroblast"	NA	16.202445363007
"SAM24406429_387515"	4.13958409804079	-4.54778564004715	"P008"	"Uninflamed UC"	"Inflammatory fibroblast"	NA	16.0640338043801
"SAM24406429_350487"	4.13455847281191	-5.07654559640702	"P008"	"Uninflamed UC"	"Resting crypt-top fibroblast"	NA	16.5450407995589
"SAM24406429_850345"	4.2087726928589	-4.45998656778153	"P008"	"Uninflamed UC"	"Inflammatory fibroblast"	NA	15.9998217976519
"SAM24406429_869525"	3.91525891798708	-5.15340936212357	"P008"	"Uninflamed UC"	"Activated crypt-top fibroblast"	NA	16.6243509554687
"SAM24406429_607807"	4.04171923178407	-5.51238572625931	"P008"	"Uninflamed UC"	"Activated crypt-top fibroblast"	NA	16.9803452282332
"SAM24406429_363428"	3.90297678488466	-5.18830716638382	"P008"	"Uninflamed UC"	"Resting crypt-top fibroblast"	NA	16.6641615827745
"SAM24406429_554662"	4.11363366621706	-4.86779391794022	"P008"	"Uninflamed UC"	"Inflammatory fibroblast"	NA	16.3491626017578
"SAM24406429_428306"	4.07437304037782	-4.13954293756302	"P008"	"Uninflamed UC"	"Inflammatory fibroblast"	NA	15.9937184726686
"SAM24406429_444542"	3.95673254507753	-5.07893836526688	"P008"	"Uninflamed UC"	"Activated crypt-top fibroblast"	NA	16.5494210447378
"SAM24406429_664560"	4.13870028036806	-4.8314913514119	"P008"	"Uninflamed UC"	"Inflammatory fibroblast"	NA	16.3163063071053
"SAM24406429_117530"	3.95177677649233	-5.58627116708573	"P008"	"Uninflamed UC"	"Activated crypt-top fibroblast"	NA	17.060402581592
"SAM24406429_241937"	4.15883472937318	-4.59327495126542	"P008"	"Uninflamed UC"	"Activated crypt-top fibroblast"	NA	16.0977963191028
"SAM24406429_210836"	3.98059776800844	-3.92976510553177	"P008"	"Uninflamed UC"	"Inflammatory fibroblast"	NA	15.7824275546663
"SAM24406429_166459"	3.9507229663727	-5.32325208215531	"P008"	"Uninflamed UC"	"Activated crypt-top fibroblast"	NA	16.7977577437006
"SAM24406429_732928"	3.95274714010927	-5.38218772439774	"P008"	"Uninflamed UC"	"Activated crypt-top fibroblast"	NA	16.8564320688381
"SAM24406429_165745"	4.20657995718691	-4.53089368371781	"P008"	"Uninflamed UC"	"Activated crypt-top fibroblast"	NA	16.0671076684444
"SAM24406429_389797"	4.1725337840912	-4.80936658410843	"P008"	"Uninflamed UC"	"Activated crypt-top fibroblast"	NA	16.2986191071067
"SAM24406429_852298"	4.0460484363434	-4.85981309442337	"P008"	"Uninflamed UC"	"Resting crypt-top fibroblast"	NA	16.3327328841957
"SAM24406429_773273"	4.06360772627565	-5.0908850434285	"P008"	"Uninflamed UC"	"Activated crypt-top fibroblast"	NA	16.5601723934006
"SAM24406429_264276"	4.04757503050539	-4.28678071527298	"P008"	"Uninflamed UC"	"Inflammatory fibroblast"	NA	16.1109496834018
"SAM24406429_779557"	3.93797257918092	-5.45416963128861	"P008"	"Uninflamed UC"	"Activated crypt-top fibroblast"	NA	16.9295526948784
"SAM24406429_531399"	3.94256714361879	-5.00315320520218	"P008"	"Uninflamed UC"	"Resting crypt-top fibroblast"	NA	16.4685796363823
"SAM24406429_216914"	3.9866104461548	-3.97640645532425	"P008"	"Uninflamed UC"	"Inflammatory fibroblast"	NA	15.8276010724532
"SAM24406429_679558"	4.02672103422853	-5.13552463083085	"P008"	"Uninflamed UC"	"Activated crypt-top fibroblast"	NA	16.6052214883474
"SAM24406429_768242"	4.27542499083254	-4.7175039055806	"P008"	"Uninflamed UC"	"Activated crypt-top fibroblast"	NA	16.2410839343314
"SAM24406429_415016"	3.9378724433777	-5.50921285180863	"P008"	"Uninflamed UC"	"Activated crypt-top fibroblast"	NA	16.9844672574422
"SAM24406429_142383"	4.08712628859255	-4.86683690576371	"P008"	"Uninflamed UC"	"Inflammatory fibroblast"	NA	16.344874571211
"SAM24406429_98510"	4.08077815550539	-5.34088122873124	"P008"	"Uninflamed UC"	"Activated crypt-top fibroblast"	NA	16.8067821093233
"SAM24406429_497366"	4.07562664526674	-4.23898589639481	"P008"	"Uninflamed UC"	"Inflammatory fibroblast"	NA	16.0733040074018
"SAM24406429_650643"	3.9552703239319	-5.36179482965287	"P008"	"Uninflamed UC"	"Activated crypt-top fibroblast"	NA	16.8359172631566
"SAM24406429_653831"	3.93695882338258	-5.2208203080159	"P008"	"Uninflamed UC"	"Activated crypt-top fibroblast"	NA	16.6949588629943
"SAM24406429_706393"	3.99187878149721	-5.2684277298909	"P008"	"Uninflamed UC"	"Activated crypt-top fibroblast"	NA	16.7397992133442
"SAM24406429_82101"	3.89111999052736	-4.97443854837235	"P008"	"Uninflamed UC"	"Activated crypt-top fibroblast"	NA	16.4373517628354
"SAM24406429_34667"	4.05490544813844	-4.4903687241536	"P008"	"Uninflamed UC"	"Resting crypt-top fibroblast"	NA	15.9847039842577
"SAM24406429_211312"	4.07958534735414	-5.29140746621903	"P008"	"Uninflamed UC"	"Activated crypt-top fibroblast"	NA	16.7584245479814
"SAM24406429_150220"	4.02673700827333	-5.13362777261551	"P008"	"Uninflamed UC"	"Resting crypt-top fibroblast"	NA	16.6033245700786
"SAM24406429_267682"	3.91295245665285	-5.6328190567952	"P008"	"Uninflamed UC"	"Inflammatory fibroblast"	NA	17.1095894252624
"SAM24406429_310372"	4.20821813124391	-4.75657880334671	"P008"	"Uninflamed UC"	"Activated crypt-top fibroblast"	NA	16.250746197174
"SAM24406429_168105"	4.23823669928285	-4.64299333123978	"P008"	"Uninflamed UC"	"Resting crypt-top fibroblast"	NA	16.1629678304732
"SAM24406429_306121"	4.19922736662599	-4.47607791452225	"P008"	"Uninflamed UC"	"Inflammatory fibroblast"	NA	16.0124912234101
"SAM24406429_101822"	4.05368331450197	-5.28227841882523	"P008"	"Uninflamed UC"	"Activated crypt-top fibroblast"	NA	16.7505843205697
"SAM24406429_43847"	4.02254537123415	-5.0633724930745	"P008"	"Uninflamed UC"	"Resting crypt-top fibroblast"	NA	16.5331205307641
"SAM24406429_556494"	4.04931286352846	-4.214382529543	"P008"	"Uninflamed UC"	"Resting crypt-top fibroblast"	NA	15.7401890953718
"SAM24406429_734221"	4.01527551192018	-5.13493287591752	"P008"	"Uninflamed UC"	"Activated crypt-top fibroblast"	NA	16.6047577012123
"SAM24406429_696212"	3.84273794668886	-4.71300113229569	"P008"	"Uninflamed UC"	"Resting crypt-top fibroblast"	NA	16.1490321242211
"SAM24406429_200259"	4.00697020071718	-5.28511416940506	"P008"	"Uninflamed UC"	"Activated crypt-top fibroblast"	NA	16.7557209031062
"SAM24406429_50147"	3.89109543341371	-5.40444314508255	"P008"	"Uninflamed UC"	"Resting crypt-top fibroblast"	NA	16.8827000428347
"SAM24406429_832130"	4.16897157210085	-4.9468420746785	"P008"	"Uninflamed UC"	"Inflammatory fibroblast"	NA	16.4235527260352
"SAM24406429_732252"	3.92006543654176	-5.53947722940262	"P008"	"Uninflamed UC"	"Activated crypt-top fibroblast"	NA	17.015906575584
"SAM24406429_349833"	4.14847258108827	-4.70065677194413	"P008"	"Uninflamed UC"	"Resting crypt-top fibroblast"	NA	16.2006622176142
"SAM24406429_808307"	3.94809940832826	-5.17777526407059	"P008"	"Uninflamed UC"	"Resting crypt-top fibroblast"	NA	16.6483482650708
"SAM24406429_106730"	3.87883475798341	-5.39835441140946	"P008"	"Uninflamed UC"	"Activated crypt-top fibroblast"	NA	16.8774321200172
"SAM24406429_808411"	3.87218788641664	-5.19713151483353	"P008"	"Uninflamed UC"	"Activated crypt-top fibroblast"	NA	16.6744939563316
"SAM24406429_642905"	4.1224758960602	-4.1688674691182	"P008"	"Uninflamed UC"	"Inflammatory fibroblast"	NA	16.0197214783956
"SAM24406429_863401"	3.9899554588196	-5.11286580591019	"P008"	"Uninflamed UC"	"Resting crypt-top fibroblast"	NA	16.582975021252
"SAM24406429_450287"	3.81875446814272	-5.44437539605912	"P008"	"Uninflamed UC"	"Resting crypt-top fibroblast"	NA	16.9281483137214
"SAM24406429_399943"	3.9326463081238	-5.47387635736283	"P008"	"Uninflamed UC"	"Activated crypt-top fibroblast"	NA	16.9495845950628
"SAM24406429_629451"	3.89923742789003	-4.39459073571976	"P008"	"Uninflamed UC"	"Activated crypt-top fibroblast"	NA	15.8480692589376
"SAM24406429_268049"	3.84920171278688	-5.42139279870804	"P008"	"Uninflamed UC"	"Resting crypt-top fibroblast"	NA	16.9023723498844
"SAM24406429_564102"	4.15646532553407	-4.52622067956742	"P008"	"Uninflamed UC"	"Inflammatory fibroblast"	NA	16.0482298504398
"SAM24406429_107090"	3.97294643896791	-5.10797679452713	"P008"	"Uninflamed UC"	"Resting crypt-top fibroblast"	NA	16.5782764313495
"SAM24406429_229424"	4.18109849470827	-4.29488217859085	"P008"	"Uninflamed UC"	"Resting crypt-top fibroblast"	NA	15.8549287784231
"SAM24406429_208806"	3.93182352560732	-5.19126117257889	"P008"	"Uninflamed UC"	"Resting crypt-top fibroblast"	NA	16.6656890286151
"SAM24406429_52412"	4.08031490820619	-4.65375363855179	"P008"	"Uninflamed UC"	"Resting crypt-top fibroblast"	NA	16.1405870486607
"SAM24406429_305662"	3.89633325117799	-5.56086671380814	"P008"	"Uninflamed UC"	"Activated crypt-top fibroblast"	NA	17.0389985693112
"SAM24406429_616252"	4.04582646864626	-5.14948737649735	"P008"	"Uninflamed UC"	"Resting crypt-top fibroblast"	NA	16.6189698133121
"SAM24406429_858543"	3.8050017692444	-5.29312217263993	"P008"	"Uninflamed UC"	"Resting crypt-top fibroblast"	NA	16.7736819414055
"SAM24406429_662389"	3.94160440939638	-5.28512370614823	"P008"	"Uninflamed UC"	"Resting crypt-top fibroblast"	NA	16.7589548195425
"SAM24406429_698973"	4.06626108664247	-4.93147647409256	"P008"	"Uninflamed UC"	"Resting crypt-top fibroblast"	NA	16.403118158438
"SAM24406429_497653"	3.79624560850832	-4.99160659341629	"P008"	"Uninflamed UC"	"Inflammatory fibroblast"	NA	16.449799067605
"SAM24406429_389372"	4.04109552878114	-4.35839259652909	"P008"	"Uninflamed UC"	"Activated crypt-top fibroblast"	NA	15.8645947963424
"SAM24406429_418709"	3.81170347708437	-5.43302524118241	"P008"	"Uninflamed UC"	"Resting crypt-top fibroblast"	NA	16.9173209160594
"SAM24406429_211045"	3.97635701674196	-4.19354760675248	"P008"	"Uninflamed UC"	"Activated crypt-top fibroblast"	NA	15.6960972081832
"SAM24406429_42916"	3.86437300223085	-5.42465770273026	"P008"	"Uninflamed UC"	"Resting crypt-top fibroblast"	NA	16.9046308586673
"SAM24406429_82626"	3.67295721548769	-4.76714170007523	"P008"	"Uninflamed UC"	"Resting crypt-top fibroblast"	NA	16.1666085281927
"SAM24406429_865373"	3.91888097304079	-5.40243899850663	"P008"	"Uninflamed UC"	"Activated crypt-top fibroblast"	NA	16.8788700661528
"SAM24406429_121434"	3.93744567412111	-5.37376487283524	"P008"	"Uninflamed UC"	"Activated crypt-top fibroblast"	NA	16.8490353883412
"SAM24406429_34021"	3.82928565520021	-4.20031964807328	"P008"	"Uninflamed UC"	"Resting crypt-top fibroblast"	NA	15.6420095383659
"SAM24406429_499099"	4.03429344671938	-4.3962410691243	"P008"	"Uninflamed UC"	"Activated crypt-top fibroblast"	NA	15.8975624570745
"SAM24406429_7663"	3.90577319639894	-5.54291427163895	"P008"	"Uninflamed UC"	"Activated crypt-top fibroblast"	NA	17.0203380528938
"SAM24406429_853411"	3.72415522116396	-5.4980157616597	"P008"	"Uninflamed UC"	"Resting crypt-top fibroblast"	NA	16.9882946215261
"SAM24406429_148632"	4.17776540297243	-4.26854741601761	"P008"	"Uninflamed UC"	"Resting crypt-top fibroblast"	NA	15.8291263201255
"SAM24406429_709015"	3.89904001730653	-5.22130668191727	"P008"	"Uninflamed UC"	"Resting crypt-top fibroblast"	NA	16.6973151196373
"SAM24406429_335227"	3.87034967917177	-5.47751700906571	"P008"	"Uninflamed UC"	"Activated crypt-top fibroblast"	NA	16.9575877187132
"SAM24406429_383274"	3.877698693454	-5.53447425393876	"P008"	"Uninflamed UC"	"Resting crypt-top fibroblast"	NA	17.0138888696013
"SAM24406429_300177"	3.91966393965456	-5.41587817697342	"P008"	"Uninflamed UC"	"Resting crypt-top fibroblast"	NA	16.8922284866473
"SAM24406429_739923"	3.72539857405397	-5.53942477731522	"P008"	"Uninflamed UC"	"Resting crypt-top fibroblast"	NA	17.0295143137233
"SAM24406429_884402"	4.12832120436403	-5.06082904367264	"P008"	"Uninflamed UC"	"Inflammatory fibroblast"	NA	16.5293949448608
"SAM24406429_408147"	3.75601438063356	-5.49457681207474	"P008"	"Uninflamed UC"	"Resting crypt-top fibroblast"	NA	16.9826285449239
"SAM24406429_280648"	3.87917212027284	-4.38266980676468	"P008"	"Uninflamed UC"	"Resting crypt-top fibroblast"	NA	15.8298009676799
"SAM24406429_284335"	3.98164728659364	-4.3415855172139	"P008"	"Uninflamed UC"	"Resting crypt-top fibroblast"	NA	15.8277761388891
"SAM24406429_775336"	3.92551020163271	-5.32887923745926	"P008"	"Uninflamed UC"	"Resting crypt-top fibroblast"	NA	16.805033397193
"SAM24406429_681570"	3.86638930815431	-4.25994527368363	"P008"	"Uninflamed UC"	"Resting crypt-top fibroblast"	NA	15.711603308489
"SAM24406429_65093"	3.93525341528627	-5.44844090966996	"P008"	"Uninflamed UC"	"Activated crypt-top fibroblast"	NA	16.9240289026227
"SAM24406429_492426"	3.6720033027527	-5.54030787973221	"P008"	"Uninflamed UC"	"Resting crypt-top fibroblast"	NA	17.0344184061834
"SAM24406429_90648"	3.87516811865541	-4.99554193048294	"P008"	"Uninflamed UC"	"Resting crypt-top fibroblast"	NA	16.4576390511937
"SAM24406429_408630"	4.01582315939638	-5.24837243585404	"P008"	"Uninflamed UC"	"Activated crypt-top fibroblast"	NA	16.7185871960091
"SAM24406429_850258"	4.05219844359132	-5.0509475472432	"P008"	"Uninflamed UC"	"Resting crypt-top fibroblast"	NA	16.5217459615262
"SAM24406429_769828"	3.76661613959047	-5.01667869119461	"P008"	"Uninflamed UC"	"Resting crypt-top fibroblast"	NA	16.4733726708235
"SAM24406429_309179"	3.91633156317445	-5.34192883996781	"P008"	"Uninflamed UC"	"Activated crypt-top fibroblast"	NA	16.8186592403805
"SAM24406429_230909"	4.04291656988832	-4.87960231332596	"P008"	"Uninflamed UC"	"Resting crypt-top fibroblast"	NA	16.3519700473325
"SAM24406429_152847"	3.88027885931703	-4.25401103524979	"P008"	"Uninflamed UC"	"Activated crypt-top fibroblast"	NA	15.7118816415323
"SAM24406429_108237"	4.03828981894228	-4.66475284128006	"P008"	"Uninflamed UC"	"Resting crypt-top fibroblast"	NA	16.1425884014433
"SAM24406429_399534"	3.99120310324403	-4.81852901010331	"P008"	"Uninflamed UC"	"Activated crypt-top fibroblast"	NA	16.284869725983
"SAM24406429_520732"	3.98744586485597	-4.37101066140946	"P008"	"Uninflamed UC"	"Resting crypt-top fibroblast"	NA	15.8573429911094
"SAM24406429_370876"	3.90056184309694	-4.21301400689896	"P008"	"Uninflamed UC"	"Resting crypt-top fibroblast"	NA	15.6827958682662
"SAM24406429_368613"	3.865420851886	-4.14224708108719	"P008"	"Uninflamed UC"	"Activated crypt-top fibroblast"	NA	15.6038433502329
"SAM24406429_69725"	3.88858011740419	-4.28214585809525	"P008"	"Uninflamed UC"	"Resting crypt-top fibroblast"	NA	15.7401890953718
"SAM24406429_581867"	4.09254840391847	-4.49863231210526	"P008"	"Uninflamed UC"	"Resting crypt-top fibroblast"	NA	16.0034368146741
"SAM24406429_534511"	4.06079319494936	-5.05604112176712	"P008"	"Uninflamed UC"	"Resting crypt-top fibroblast"	NA	16.5272590295364
"SAM24406429_858448"	3.73876193541261	-5.16215407876786	"P008"	"Uninflamed UC"	"Resting crypt-top fibroblast"	NA	16.6350678975252
"SAM24406429_806616"	3.89738253134462	-4.27877366571244	"P008"	"Uninflamed UC"	"Resting crypt-top fibroblast"	NA	15.7401890953718
"SAM24406429_473576"	3.74928978461	-5.3973397019368	"P008"	"Uninflamed UC"	"Resting crypt-top fibroblast"	NA	16.8849525035235
"SAM24406429_62795"	4.04973581808778	-4.4676054718953	"P008"	"Uninflamed UC"	"Resting crypt-top fibroblast"	NA	15.9614153137404
"SAM24406429_423690"	3.95407775419923	-4.30147731332596	"P008"	"Uninflamed UC"	"Resting crypt-top fibroblast"	NA	15.7804926446186
"SAM24406429_32844"	3.94779709356996	-4.00075233011063	"P008"	"Uninflamed UC"	"Resting crypt-top fibroblast"	NA	15.5177165219532
"SAM24406429_226512"	3.89708283919069	-4.07454764871415	"P008"	"Uninflamed UC"	"Resting crypt-top fibroblast"	NA	15.5606995323019
"SAM24406429_127983"	3.67479542273256	-4.09754169015702	"P008"	"Uninflamed UC"	"Resting crypt-top fibroblast"	NA	15.4809468527247
"SAM24406430_84193"	4.00824860113832	-5.56579148797806	"P008"	"Inflamed UC"	"Inflammatory fibroblast"	NA	17.0359652429719
"SAM24406430_57630"	4.01333573836061	-5.54645955591019	"P008"	"Inflamed UC"	"Inflammatory fibroblast"	NA	17.0163267755854
"SAM24406430_411548"	4.05343035238954	-4.45985305337723	"P008"	"Inflamed UC"	"Inflammatory fibroblast"	NA	15.9550516527271
"SAM24406430_761690"	3.99330285567018	-5.6353620293599	"P008"	"Inflamed UC"	"Inflammatory fibroblast"	NA	17.106421329885
"SAM24406430_217149"	3.96159008520815	-5.60041177301224	"P008"	"Inflamed UC"	"Inflammatory fibroblast"	NA	17.0738107868114
"SAM24406430_496154"	4.02908304709169	-5.53978621988114	"P008"	"Inflamed UC"	"Inflammatory fibroblast"	NA	17.0085648778195
"SAM24406430_411819"	3.94052103537294	-5.27372729806717	"P008"	"Inflamed UC"	"Inflammatory fibroblast"	NA	16.7476257264377
"SAM24406430_187335"	4.12604430693361	-4.47539603738602	"P008"	"Inflamed UC"	"Inflammatory fibroblast"	NA	15.9908067714628
"SAM24406430_607039"	4.01107195395204	-5.60233390359696	"P008"	"Inflamed UC"	"Inflammatory fibroblast"	NA	17.0722149943741
"SAM24406430_132275"	4.04035094755861	-4.63364970712479	"P008"	"Inflamed UC"	"Inflammatory fibroblast"	NA	16.1125973877619
"SAM24406430_7211"	4.05151036757204	-5.58486735849198	"P008"	"Inflamed UC"	"Inflammatory fibroblast"	NA	17.0519215129439
"SAM24406430_361637"	3.92294672507021	-5.63055932550248	"P008"	"Inflamed UC"	"Inflammatory fibroblast"	NA	17.1066258316072
"SAM24406430_842991"	4.01509741324159	-4.67996156244095	"P008"	"Inflamed UC"	"Inflammatory fibroblast"	NA	16.1526308989746
"SAM24406430_866266"	3.73702934759828	-4.66326558618363	"P008"	"Inflamed UC"	"Inflammatory fibroblast"	NA	16.0589562894314
"SAM24406430_312774"	3.84550717848512	-5.08711659936722	"P008"	"Inflamed UC"	"Inflammatory fibroblast"	NA	16.5588419747814
"SAM24406430_837074"	4.16645887869569	-4.52804124383744	"P008"	"Inflamed UC"	"Inflammatory fibroblast"	NA	16.0528455633502
"SAM24406430_431174"	3.93903020399782	-5.59569299249466	"P008"	"Inflamed UC"	"Inflammatory fibroblast"	NA	17.0707056017368
"SAM24406430_9737"	4.23974517363283	-4.6132296326619	"P008"	"Inflamed UC"	"Inflammatory fibroblast"	NA	16.1341717018885
"SAM24406430_457986"	4.1218712665436	-4.75861012964066	"P008"	"Inflamed UC"	"Activated crypt-top fibroblast"	NA	16.2418858439168
"SAM24406430_847113"	3.9048085548279	-5.62922608880814	"P008"	"Inflamed UC"	"Inflammatory fibroblast"	NA	17.1065837180365
"SAM24406430_296330"	3.93241456526491	-5.60795009164627	"P008"	"Inflamed UC"	"Inflammatory fibroblast"	NA	17.0834014619238
"SAM24406430_803081"	4.07614258307192	-5.48353898553666	"P008"	"Inflamed UC"	"Inflammatory fibroblast"	NA	16.9491540590042
"SAM24406430_598491"	3.91317943114015	-5.61251866845902	"P008"	"Inflamed UC"	"Inflammatory fibroblast"	NA	17.0893241500638
"SAM24406430_702937"	3.95481470602724	-4.60360753564652	"P008"	"Inflamed UC"	"Inflammatory fibroblast"	NA	16.0644019424719
"SAM24406430_31"	4.12332037466737	-4.19082009820755	"P008"	"Inflamed UC"	"Inflammatory fibroblast"	NA	16.0409810450836
"SAM24406430_840995"	4.14214828985902	-4.45874249963578	"P008"	"Inflamed UC"	"Inflammatory fibroblast"	NA	15.9794836957238
"SAM24406430_755644"	4.10954621809694	-4.33175838022049	"P008"	"Inflamed UC"	"Activated crypt-top fibroblast"	NA	15.863998556857
"SAM24406430_368387"	4.14782861250612	-4.37653625039872	"P008"	"Inflamed UC"	"Activated crypt-top fibroblast"	NA	15.9138472082408
"SAM24406430_48109"	4.1656031944153	-4.44884479074295	"P008"	"Inflamed UC"	"Inflammatory fibroblast"	NA	15.9767439725511
"SAM24406430_216872"	4.11964133757326	-4.40083730249222	"P008"	"Inflamed UC"	"Inflammatory fibroblast"	NA	15.9175530864473
"SAM24406430_377466"	3.86814740675661	-5.57443511514481	"P008"	"Inflamed UC"	"Inflammatory fibroblast"	NA	17.054533846156
"SAM24406430_535405"	3.92169693487856	-5.61821353463944	"P008"	"Inflamed UC"	"Inflammatory fibroblast"	NA	17.0943999267011
"SAM24406430_334760"	4.03791526335451	-4.71574628381546	"P008"	"Inflamed UC"	"Activated crypt-top fibroblast"	NA	16.192384583988
"SAM24406430_510800"	3.93445518988344	-5.67905986337479	"P008"	"Inflamed UC"	"Inflammatory fibroblast"	NA	17.154186910788
"SAM24406430_677088"	4.22685864943239	-4.61892783670243	"P008"	"Inflamed UC"	"Inflammatory fibroblast"	NA	16.1370597768211
"SAM24406430_618234"	4.1192062236664	-4.06164824991043	"P008"	"Inflamed UC"	"Activated crypt-top fibroblast"	NA	15.6343148882627
"SAM24406430_495937"	3.92749503630373	-5.31660306482132	"P008"	"Inflamed UC"	"Inflammatory fibroblast"	NA	16.7926531468827
"SAM24406430_135449"	3.93157914656374	-4.60123527078446	"P008"	"Inflamed UC"	"Activated crypt-top fibroblast"	NA	16.0554523153938
"SAM24406430_84306"	4.13241365927431	-4.08516442804154	"P008"	"Inflamed UC"	"Inflammatory fibroblast"	NA	15.9623098973907
"SAM24406430_439793"	4.06285480040285	-4.22781693963822	"P008"	"Inflamed UC"	"Activated crypt-top fibroblast"	NA	15.7502514597832
"SAM24406430_70442"	3.86549809950563	-5.59677970437821	"P008"	"Inflamed UC"	"Inflammatory fibroblast"	NA	17.0770101425124
"SAM24406430_644335"	4.1317212917206	-4.23737323312577	"P008"	"Inflamed UC"	"Activated crypt-top fibroblast"	NA	15.7836355756648
"SAM24406430_361040"	4.14010623472902	-4.24848020105179	"P008"	"Inflamed UC"	"Inflammatory fibroblast"	NA	16.1010318121021
"SAM24406430_85192"	3.86830976980898	-4.10837972192582	"P008"	"Inflamed UC"	"Resting crypt-top fibroblast"	NA	15.5741336678397
"SAM24406430_414353"	4.01662925261232	-4.40914237527665	"P008"	"Inflamed UC"	"Activated crypt-top fibroblast"	NA	15.9033517463364
"SAM24406430_424959"	3.97061494368288	-4.8603318932515	"P008"	"Inflamed UC"	"Activated crypt-top fibroblast"	NA	16.3237466023873
"SAM24406430_105139"	4.28444198149416	-4.26934421090897	"P008"	"Inflamed UC"	"Activated crypt-top fibroblast"	NA	15.8677457308989
"SAM24406430_848783"	3.97342637556764	-5.58749806909378	"P008"	"Inflamed UC"	"Inflammatory fibroblast"	NA	17.0600893273067
"SAM24406430_801187"	4.100119862735	-4.26414239435013	"P008"	"Inflamed UC"	"Activated crypt-top fibroblast"	NA	15.7974409554532
"SAM24406430_568458"	4.12433174627992	-4.21436488656815	"P008"	"Inflamed UC"	"Activated crypt-top fibroblast"	NA	15.7595026140613
"SAM24406430_349079"	4.17668751257631	-4.32498204736527	"P008"	"Inflamed UC"	"Activated crypt-top fibroblast"	NA	15.881501588087
"SAM24406430_730446"	3.87786010283205	-5.42287719278153	"P008"	"Inflamed UC"	"Inflammatory fibroblast"	NA	16.9019658448553
"SAM24406430_621626"	3.89739087599489	-5.5763210061055	"P008"	"Inflamed UC"	"Inflammatory fibroblast"	NA	17.0543387745987
"SAM24406430_835597"	3.89579633253786	-5.52655351190384	"P008"	"Inflamed UC"	"Inflammatory fibroblast"	NA	17.0047177146072
"SAM24406430_113846"	3.8308396674988	-4.29110324411209	"P008"	"Inflamed UC"	"Inflammatory fibroblast"	NA	15.7254582121185
"SAM24406430_75880"	3.68193367499086	-5.57964265374955	"P008"	"Inflamed UC"	"Inflammatory fibroblast"	NA	17.4096838086143
"SAM24406430_815561"	4.00048688429567	-5.41336619882401	"P008"	"Inflamed UC"	"Inflammatory fibroblast"	NA	16.8843983048152
"SAM24406430_495713"	10.3051228858826	-0.291044533536991	"P008"	"Inflamed UC"	"Inflammatory fibroblast"	NA	15.5018267856282
"SAM24406430_690448"	3.82437757033083	-4.25598752527054	"P008"	"Inflamed UC"	"Activated crypt-top fibroblast"	NA	15.690778046781
"SAM24406430_569749"	4.06953934210512	-5.32228314904984	"P008"	"Inflamed UC"	"Inflammatory fibroblast"	NA	16.7889646984381
"SAM24406430_598365"	4.07984355467531	-5.29080140619095	"P008"	"Inflamed UC"	"Inflammatory fibroblast"	NA	16.7578064888037
"SAM24406430_722138"	-2.7477473877075	-3.20051777391251	"P008"	"Inflamed UC"	"Inflammatory fibroblast"	NA	3.27872477304667
"SAM24406430_567397"	4.14616969603273	-5.15995252160843	"P008"	"Inflamed UC"	"Inflammatory fibroblast"	NA	16.6283127315238
"SAM24406430_855449"	4.00971129912111	-4.18085849313553	"P008"	"Inflamed UC"	"Activated crypt-top fibroblast"	NA	15.6981898249905
"SAM24406430_76329"	-1.01743825894621	2.12111496896927	"P008"	"Inflamed UC"	"Inflammatory fibroblast"	NA	8.33961503870334
"SAM24406430_616731"	3.79686788099977	-5.34197032480057	"P008"	"Inflamed UC"	"Inflammatory fibroblast"	NA	16.8265694883637
"SAM24406430_303679"	3.33763650435182	-4.21896398095902	"P008"	"Inflamed UC"	"Resting crypt-top fibroblast"	NA	15.4372199549754
"SAM24406430_852302"	2.9284456111786	-3.7067571881276	"P008"	"Inflamed UC"	"Resting crypt-top fibroblast"	NA	14.7471387776984
"SAM24406430_684487"	3.07872298735353	-3.71449577836808	"P008"	"Inflamed UC"	"Resting crypt-top fibroblast"	NA	14.8349635458438
"SAM24406430_22263"	2.93348744887087	-3.69296515016373	"P008"	"Inflamed UC"	"Inflammatory fibroblast"	NA	14.7380801307364
"SAM24406430_593575"	4.11175111311647	-4.72907340555008	"P008"	"Inflamed UC"	"Resting crypt-top fibroblast"	NA	16.220803792935
"SAM24406430_429743"	3.77064016836855	-4.08703410653885	"P008"	"Inflamed UC"	"Resting crypt-top fibroblast"	NA	15.5148048500053
"SAM24406430_423079"	3.97639444845888	-4.91926801233109	"P008"	"Inflamed UC"	"Inflammatory fibroblast"	NA	16.3829413153865
"SAM24406430_248111"	4.10097483175966	-4.40549695520218	"P008"	"Inflamed UC"	"Resting crypt-top fibroblast"	NA	15.9166518014372
"SAM24406430_184046"	4.00162318724367	-4.34783303766068	"P008"	"Inflamed UC"	"Resting crypt-top fibroblast"	NA	15.8407088962859
"SAM24406430_445246"	4.09250548857423	-5.26351392297562	"P008"	"Inflamed UC"	"Inflammatory fibroblast"	NA	16.7299276318202
"SAM24406430_418451"	3.45088890570375	-4.02616250543412	"P008"	"Inflamed UC"	"Inflammatory fibroblast"	NA	15.3079837325064
"SAM24406430_811497"	4.01893499869081	-4.55909860162552	"P008"	"Inflamed UC"	"Resting crypt-top fibroblast"	NA	16.0401974245074
"SAM24406430_822897"	2.93984368818971	-3.72308790712174	"P008"	"Inflamed UC"	"Resting crypt-top fibroblast"	NA	14.7670250040284
"SAM24406430_522816"	4.07904795187685	-5.19625985650834	"P008"	"Inflamed UC"	"Inflammatory fibroblast"	NA	16.6634192786613
"SAM24406430_515247"	4.00225785750124	-4.89362943200882	"P008"	"Inflamed UC"	"Resting crypt-top fibroblast"	NA	16.3607644408268
"SAM24406430_7034"	4.00874880331728	-5.24650466470536	"P008"	"Inflamed UC"	"Inflammatory fibroblast"	NA	16.71707066548
"SAM24406430_381285"	4.01493695753786	-4.11952006845292	"P008"	"Inflamed UC"	"Resting crypt-top fibroblast"	NA	15.6443788310702
"SAM24406430_508674"	4.13730147856447	-5.26831090478714	"P008"	"Inflamed UC"	"Inflammatory fibroblast"	NA	16.7325090583719
"SAM24406430_811300"	2.73221114653322	-3.60823810128983	"P008"	"Inflamed UC"	"Activated crypt-top fibroblast"	NA	14.5596509839484
"SAM24406430_361731"	4.09553841131899	-5.2271474602681	"P008"	"Inflamed UC"	"Inflammatory fibroblast"	NA	16.693455831902
"SAM24406430_17783"	4.05347541350099	-5.15988719491776	"P008"	"Inflamed UC"	"Inflammatory fibroblast"	NA	16.6292834869995
"SAM24406430_378958"	4.04775789755556	-5.27009332208451	"P008"	"Inflamed UC"	"Inflammatory fibroblast"	NA	16.7387063492791
"SAM24409577_698080"	3.73159626501772	-4.98965585260209	"P010"	"Uninflamed UC"	"Resting crypt-top fibroblast"	NA	16.4446482744568
"SAM24409577_313490"	3.65098837393495	-4.94176614312943	"P010"	"Uninflamed UC"	"Resting crypt-top fibroblast"	NA	16.3642749508862
"SAM24409577_811135"	4.01612833517763	-4.90624034433182	"P010"	"Uninflamed UC"	"Activated crypt-top fibroblast"	NA	16.3750219303436
"SAM24409577_851079"	4.02809194105837	-4.71204698114212	"P010"	"Uninflamed UC"	"Inflammatory fibroblast"	NA	16.1867196662712
"SAM24409577_738344"	3.99322203177187	-4.94775426416214	"P010"	"Uninflamed UC"	"Activated crypt-top fibroblast"	NA	16.4157579282377
"SAM24409577_575442"	3.91598609465334	-5.07802855996903	"P010"	"Uninflamed UC"	"Activated crypt-top fibroblast"	NA	16.5489667343358
"SAM24409577_192027"	4.09098342436525	-5.26738059549149	"P010"	"Uninflamed UC"	"Activated crypt-top fibroblast"	NA	16.7338646781217
"SAM24409577_794007"	3.94788006323549	-5.07677209405716	"P010"	"Uninflamed UC"	"Activated crypt-top fibroblast"	NA	16.5473538562975
"SAM24409577_784792"	3.9091551639435	-5.07753551034745	"P010"	"Uninflamed UC"	"Activated crypt-top fibroblast"	NA	16.5485500673392
"SAM24409577_603679"	4.0295894481537	-4.81569945840653	"P010"	"Uninflamed UC"	"Activated crypt-top fibroblast"	NA	16.2868975190499
"SAM24409577_525495"	4.07169941443178	-4.91636598138627	"P010"	"Uninflamed UC"	"Activated crypt-top fibroblast"	NA	16.3900771281073
"SAM24409577_160712"	4.05559805411073	-5.03663480310257	"P010"	"Uninflamed UC"	"Activated crypt-top fibroblast"	NA	16.5076191902484
"SAM24409577_342480"	4.06967834013673	-4.66032779245194	"P010"	"Uninflamed UC"	"Inflammatory fibroblast"	NA	16.1448006535168
"SAM24409577_136529"	3.71330336111757	-4.82004153756913	"P010"	"Uninflamed UC"	"Activated crypt-top fibroblast"	NA	16.2267539153061
"SAM24409577_582560"	4.13138202208254	-5.04356372384842	"P010"	"Uninflamed UC"	"Activated crypt-top fibroblast"	NA	16.5182936127401
"SAM24409577_272726"	4.03763440626833	-5.0596522095662	"P010"	"Uninflamed UC"	"Activated crypt-top fibroblast"	NA	16.5292318239634
"SAM24409577_827771"	4.07660153883669	-4.5809768441182	"P010"	"Uninflamed UC"	"Activated crypt-top fibroblast"	NA	16.077724973436
"SAM24409577_75503"	4.09229973334047	-4.99145066766556	"P010"	"Uninflamed UC"	"Activated crypt-top fibroblast"	NA	16.4643085663127
"SAM24409577_316145"	4.08473089712831	-4.93419110803421	"P010"	"Uninflamed UC"	"Activated crypt-top fibroblast"	NA	16.4067443738145
"SAM24409577_394424"	4.17945698279115	-4.40738904504593	"P010"	"Uninflamed UC"	"Activated crypt-top fibroblast"	NA	15.9410182675249
"SAM24409577_68239"	3.98699239271852	-4.79728019265946	"P010"	"Uninflamed UC"	"Activated crypt-top fibroblast"	NA	16.2632597805561
"SAM24409577_355860"	3.96556523817751	-4.90245091943558	"P010"	"Uninflamed UC"	"Activated crypt-top fibroblast"	NA	16.3648941932373
"SAM24409577_745922"	3.94785812872621	-5.05163228540238	"P010"	"Uninflamed UC"	"Activated crypt-top fibroblast"	NA	16.517261293919
"SAM24409577_747003"	4.22235373038026	-4.64259898690995	"P010"	"Uninflamed UC"	"Activated crypt-top fibroblast"	NA	16.1592727322353
"SAM24409577_703918"	3.80683806914064	-5.11980712442215	"P010"	"Uninflamed UC"	"Activated crypt-top fibroblast"	NA	16.5919626765571
"SAM24409577_156481"	4.05663851278993	-5.05095040826615	"P010"	"Uninflamed UC"	"Activated crypt-top fibroblast"	NA	16.5219687607436
"SAM24409577_534362"	4.10384729880068	-4.83647048501786	"P010"	"Uninflamed UC"	"Activated crypt-top fibroblast"	NA	16.3168560094145
"SAM24409577_445952"	4.0418022014496	-4.99790751962479	"P010"	"Uninflamed UC"	"Activated crypt-top fibroblast"	NA	16.4682560635726
"SAM24409577_91444"	3.48210791128847	-4.67532193689164	"P010"	"Uninflamed UC"	"Resting crypt-top fibroblast"	NA	15.9972447724757
"SAM24409577_72804"	3.88465527075502	-4.99465501336869	"P010"	"Uninflamed UC"	"Resting crypt-top fibroblast"	NA	16.4572231751285
"SAM24409577_460925"	4.0309219695923	-4.65581309823807	"P010"	"Uninflamed UC"	"Resting crypt-top fibroblast"	NA	16.1323096893991
"SAM24409577_638931"	4.14291313666078	-4.32392013101395	"P010"	"Uninflamed UC"	"Inflammatory fibroblast"	NA	16.1689051246369
"SAM24409577_220842"	4.14792898672792	-4.86673915414627	"P010"	"Uninflamed UC"	"Resting crypt-top fibroblast"	NA	16.3524357790777
"SAM24409577_759113"	3.93637136000368	-5.29240739373978	"P010"	"Uninflamed UC"	"Activated crypt-top fibroblast"	NA	16.766487778129
"SAM24409577_118860"	4.1177995540497	-4.88128364114579	"P010"	"Uninflamed UC"	"Activated crypt-top fibroblast"	NA	16.3630695976263
"SAM24409577_209677"	4.02087501066896	-5.2957624199849	"P010"	"Uninflamed UC"	"Activated crypt-top fibroblast"	NA	16.7656702883123
"SAM24409577_61664"	3.83623484152528	-5.18220698861893	"P010"	"Uninflamed UC"	"Resting crypt-top fibroblast"	NA	16.6540300641779
"SAM24409577_441417"	4.20429972189638	-4.75779187707718	"P010"	"Uninflamed UC"	"Activated crypt-top fibroblast"	NA	16.251456081606
"SAM24409577_36415"	4.04283550757143	-4.97651469735917	"P010"	"Uninflamed UC"	"Activated crypt-top fibroblast"	NA	16.4469406895611
"SAM24409577_720758"	3.82453039664003	-5.11550414590653	"P010"	"Uninflamed UC"	"Activated crypt-top fibroblast"	NA	16.587462213192
"SAM24409577_536061"	3.75729444998476	-4.81097066430863	"P010"	"Uninflamed UC"	"Activated crypt-top fibroblast"	NA	16.2270482083809
"SAM24409577_16339"	4.09246114271852	-5.01601016549881	"P010"	"Uninflamed UC"	"Activated crypt-top fibroblast"	NA	16.4888459093493
"SAM24409577_190990"	4.0787895061371	-5.07759797601517	"P010"	"Uninflamed UC"	"Activated crypt-top fibroblast"	NA	16.5467164636766
"SAM24409577_175646"	4.02453735846254	-5.35131776361283	"P010"	"Uninflamed UC"	"Resting crypt-top fibroblast"	NA	16.8209004575064
"SAM24409577_741881"	4.18855050581667	-5.06133544473465	"P010"	"Uninflamed UC"	"Activated crypt-top fibroblast"	NA	16.5292281092361
"SAM24409577_7600"	3.91291502493593	-5.33303344278153	"P010"	"Uninflamed UC"	"Activated crypt-top fibroblast"	NA	16.8100082021175
"SAM24409577_683270"	4.12540272253725	-4.66178023843583	"P010"	"Uninflamed UC"	"Inflammatory fibroblast"	NA	16.1578320713183
"SAM24409577_166850"	3.88226464766237	-5.11475503473099	"P010"	"Uninflamed UC"	"Resting crypt-top fibroblast"	NA	16.5860678318563
"SAM24409577_109672"	4.01549914854738	-4.71428477792557	"P010"	"Uninflamed UC"	"Activated crypt-top fibroblast"	NA	16.1862844863858
"SAM24409577_194341"	4.12812260168764	-5.04186332254227	"P010"	"Uninflamed UC"	"Activated crypt-top fibroblast"	NA	16.5164338414183
"SAM24409577_533890"	4.0549218990204	-5.24836289911087	"P010"	"Uninflamed UC"	"Activated crypt-top fibroblast"	NA	16.7166489917693
"SAM24409577_366433"	4.06654885786745	-5.01611030130204	"P010"	"Uninflamed UC"	"Activated crypt-top fibroblast"	NA	16.4876623403896
"SAM24409577_15542"	3.94195631521913	-5.00768792657669	"P010"	"Uninflamed UC"	"Activated crypt-top fibroblast"	NA	16.4730785329535
"SAM24409577_533183"	3.87152699011537	-5.20656192331131	"P010"	"Uninflamed UC"	"Activated crypt-top fibroblast"	NA	16.6839454853184
"SAM24409577_69329"	3.91206577795717	-5.19436585931595	"P010"	"Uninflamed UC"	"Resting crypt-top fibroblast"	NA	16.6697645542482
"SAM24409577_108363"	4.01167896765443	-5.00998199014481	"P010"	"Uninflamed UC"	"Activated crypt-top fibroblast"	NA	16.4788235370258
"SAM24409577_838656"	4.04102996367189	-4.98185861139115	"P010"	"Uninflamed UC"	"Activated crypt-top fibroblast"	NA	16.4521886043824
"SAM24409577_198840"	4.08025649565431	-5.18032681970414	"P010"	"Uninflamed UC"	"Activated crypt-top fibroblast"	NA	16.6494224929442
"SAM24409577_136737"	3.97384265440675	-4.88026607065018	"P010"	"Uninflamed UC"	"Activated crypt-top fibroblast"	NA	16.3439285668707
"SAM24409577_482078"	3.86620524901125	-5.22319829492386	"P010"	"Uninflamed UC"	"Activated crypt-top fibroblast"	NA	16.7008241171065
"SAM24409577_789437"	4.08709910887453	-5.21965396432694	"P010"	"Uninflamed UC"	"Activated crypt-top fibroblast"	NA	16.6863877559176
"SAM24409577_756889"	3.90018728750917	-4.34195792703446	"P010"	"Uninflamed UC"	"Resting crypt-top fibroblast"	NA	15.7992026719763
"SAM24409577_711818"	4.04476765173647	-5.04029023675736	"P010"	"Uninflamed UC"	"Activated crypt-top fibroblast"	NA	16.5107336453286
"SAM24409577_55513"	3.74702695387575	-5.1049116852742	"P010"	"Uninflamed UC"	"Activated crypt-top fibroblast"	NA	16.57773669874
"SAM24409577_70367"	4.1150546409485	-4.98396050958451	"P010"	"Uninflamed UC"	"Activated crypt-top fibroblast"	NA	16.4579547825805
"SAM24409577_712077"	4.01559856909486	-4.96620214013871	"P010"	"Uninflamed UC"	"Activated crypt-top fibroblast"	NA	16.4352915930793
"SAM24409577_506430"	3.86960509794923	-5.18605458764847	"P010"	"Uninflamed UC"	"Resting crypt-top fibroblast"	NA	16.6635579189384
"SAM24409577_674391"	3.84814957159731	-5.12447774438675	"P010"	"Uninflamed UC"	"Activated crypt-top fibroblast"	NA	16.5961712508982
"SAM24409577_701926"	3.80316809195253	-4.56847989587601	"P010"	"Uninflamed UC"	"Resting crypt-top fibroblast"	NA	15.9871759177049
"SAM24409577_565514"	3.9155278541443	-5.1963332894307	"P010"	"Uninflamed UC"	"Resting crypt-top fibroblast"	NA	16.6715588104846
"SAM24409577_698687"	4.1559105255005	-5.08938586740311	"P010"	"Uninflamed UC"	"Activated crypt-top fibroblast"	NA	16.5576416086942
"SAM24409577_669942"	3.74764231222841	-5.05585420160111	"P010"	"Uninflamed UC"	"Resting crypt-top fibroblast"	NA	16.5115602068169
"SAM24409577_388040"	3.9493539668915	-4.56417071847733	"P010"	"Uninflamed UC"	"Resting crypt-top fibroblast"	NA	16.0250593943517
"SAM24409577_9607"	4.00977257269594	-5.2666777375203	"P010"	"Uninflamed UC"	"Activated crypt-top fibroblast"	NA	16.737168678919
"SAM24409577_696477"	4.0244567729828	-5.14977061776932	"P010"	"Uninflamed UC"	"Activated crypt-top fibroblast"	NA	16.6194918938378
"SAM24409577_91769"	4.04958227652284	-4.69100177316483	"P010"	"Uninflamed UC"	"Resting crypt-top fibroblast"	NA	16.1706141356286
"SAM24409577_868957"	3.9298968650696	-5.03282487420853	"P010"	"Uninflamed UC"	"Resting crypt-top fibroblast"	NA	16.4975872486852
"SAM24409577_626431"	3.968612466037	-4.64007794885453	"P010"	"Uninflamed UC"	"Resting crypt-top fibroblast"	NA	16.1039369587285
"SAM24409577_361466"	3.73184135931703	-4.82693946389969	"P010"	"Uninflamed UC"	"Resting crypt-top fibroblast"	NA	16.2605462444461
"SAM24409577_321719"	3.9522390701172	-5.26659572152909	"P010"	"Uninflamed UC"	"Activated crypt-top fibroblast"	NA	16.739924799636
"SAM24409577_182693"	4.08478215712282	-4.92876136331376	"P010"	"Uninflamed UC"	"Activated crypt-top fibroblast"	NA	16.4013238340835
"SAM24409577_40363"	4.19988349455568	-4.61958158044632	"P010"	"Uninflamed UC"	"Activated crypt-top fibroblast"	NA	16.1320785715711
"SAM24409577_427567"	3.85602286833498	-4.8785785439473	"P010"	"Uninflamed UC"	"Resting crypt-top fibroblast"	NA	16.327414919517
"SAM24409577_160624"	4.02845362204286	-4.71865642099198	"P010"	"Uninflamed UC"	"Activated crypt-top fibroblast"	NA	16.1932594011036
"SAM24409577_169305"	3.99381092566225	-5.18998706369217	"P010"	"Uninflamed UC"	"Activated crypt-top fibroblast"	NA	16.661358730218
"SAM24409577_546367"	3.70739868658754	-4.81045472650345	"P010"	"Uninflamed UC"	"Activated crypt-top fibroblast"	NA	16.2161472074564
"SAM24409577_251474"	3.783140931308	-4.80182492761429	"P010"	"Uninflamed UC"	"Resting crypt-top fibroblast"	NA	16.2234886322449
"SAM24409577_689853"	3.99017241972658	-4.33654725580033	"P010"	"Uninflamed UC"	"Activated crypt-top fibroblast"	NA	15.826092885117
"SAM24409577_790043"	4.17923358458254	-4.56516349344071	"P010"	"Uninflamed UC"	"Activated crypt-top fibroblast"	NA	16.0818587038309
"SAM24409577_203790"	3.8274000026581	-5.51398313073929	"P010"	"Uninflamed UC"	"Activated crypt-top fibroblast"	NA	16.9969777915105
"SAM24409577_845034"	3.90154531973573	-5.0440009835225	"P010"	"Uninflamed UC"	"Resting crypt-top fibroblast"	NA	16.5073452255365
"SAM24409577_674792"	3.89814642447206	-4.84401977090653	"P010"	"Uninflamed UC"	"Activated crypt-top fibroblast"	NA	16.2984368761378
"SAM24409577_232227"	-2.90467878800658	-3.65278518228348	"P010"	"Uninflamed UC"	"Resting crypt-top fibroblast"	NA	2.42702580441471
"SAM24409577_673987"	4.1059518195984	-4.31027066736039	"P010"	"Uninflamed UC"	"Resting crypt-top fibroblast"	NA	15.842634592555
"SAM24409577_823776"	3.86463311690065	-4.62073791055497	"P010"	"Uninflamed UC"	"Resting crypt-top fibroblast"	NA	16.0548933274857
"SAM24409577_193409"	3.633318457782	-4.90730083017167	"P010"	"Uninflamed UC"	"Activated crypt-top fibroblast"	NA	16.3278585556249
"SAM24409577_156582"	3.84501245993349	-4.99385345010575	"P010"	"Uninflamed UC"	"Resting crypt-top fibroblast"	NA	16.454458863561
"SAM24409577_552017"	3.98188403624269	-5.31592643289383	"P010"	"Uninflamed UC"	"Activated crypt-top fibroblast"	NA	16.788395480882
"SAM24409577_277837"	3.86069086569521	-5.13784348993119	"P010"	"Uninflamed UC"	"Activated crypt-top fibroblast"	NA	16.6093959828452
"SAM24409577_322479"	3.97118094938966	-5.20026338128861	"P010"	"Uninflamed UC"	"Resting crypt-top fibroblast"	NA	16.6727388385599
"SAM24409577_882626"	3.99972203749391	-4.97724759607132	"P010"	"Uninflamed UC"	"Resting crypt-top fibroblast"	NA	16.4455370348393
"SAM24409577_819827"	3.93070748823854	-4.8136895897847	"P010"	"Uninflamed UC"	"Resting crypt-top fibroblast"	NA	16.2724493412681
"SAM24409577_673174"	3.9025941230652	-4.29808270959671	"P010"	"Uninflamed UC"	"Resting crypt-top fibroblast"	NA	15.7590404123571
"SAM24409577_384924"	3.92541721838686	-5.15259730844315	"P010"	"Uninflamed UC"	"Activated crypt-top fibroblast"	NA	16.6234254094568
"SAM24409577_654156"	3.69086984175417	-4.69400346307572	"P010"	"Uninflamed UC"	"Resting crypt-top fibroblast"	NA	16.0988078602466
"SAM24409577_461553"	3.73689940947267	-5.13193500070389	"P010"	"Uninflamed UC"	"Activated crypt-top fibroblast"	NA	16.6048715253459
"SAM24409577_452966"	3.82673934477541	-5.41224849252518	"P010"	"Uninflamed UC"	"Resting crypt-top fibroblast"	NA	16.8947274569841
"SAM24409577_532119"	3.83301285284731	-4.25365245370682	"P010"	"Uninflamed UC"	"Resting crypt-top fibroblast"	NA	15.6921864755961
"SAM24409577_253557"	3.63068512457582	-4.98057162790116	"P010"	"Uninflamed UC"	"Resting crypt-top fibroblast"	NA	16.4305765031746
"SAM24409577_502247"	3.75477078932497	-4.97745263604935	"P010"	"Uninflamed UC"	"Resting crypt-top fibroblast"	NA	16.4336080041951
"SAM24409577_314678"	3.92348364371034	-5.23769938974198	"P010"	"Uninflamed UC"	"Resting crypt-top fibroblast"	NA	16.7124821056777
"SAM24409577_385469"	3.75238326567384	-5.03691566018876	"P010"	"Uninflamed UC"	"Resting crypt-top fibroblast"	NA	16.4928797613903
"SAM24409577_198406"	4.11400631445619	-5.25783860711869	"P010"	"Uninflamed UC"	"Resting crypt-top fibroblast"	NA	16.7231986232217
"SAM24409577_387432"	3.86479738730165	-4.22631680993851	"P010"	"Uninflamed UC"	"Resting crypt-top fibroblast"	NA	15.6802754421845
"SAM24409577_285577"	-4.41295715791014	-1.6542018654805	"P010"	"Uninflamed UC"	"Resting crypt-top fibroblast"	NA	3.30317092949536
"SAM24409577_420839"	3.64926389235231	-4.86597955255326	"P010"	"Uninflamed UC"	"Activated crypt-top fibroblast"	NA	16.2888746920339
"SAM24409577_17163"	4.03752687948915	-5.16152846841629	"P010"	"Uninflamed UC"	"Activated crypt-top fibroblast"	NA	16.6311029205997
"SAM24409577_455126"	3.66742542761537	-4.19032180337723	"P010"	"Uninflamed UC"	"Resting crypt-top fibroblast"	NA	15.5604259400664
"SAM24409577_582515"	3.71701100844118	-3.97398698358353	"P010"	"Uninflamed UC"	"Resting crypt-top fibroblast"	NA	15.3899813388221
"SAM24409577_434561"	-3.31493636590269	-0.268806606815418	"P010"	"Uninflamed UC"	"Resting crypt-top fibroblast"	NA	5.06352345751582
"SAM24409577_722156"	3.76037124174806	-4.90699851541336	"P010"	"Uninflamed UC"	"Resting crypt-top fibroblast"	NA	16.343561116192
"SAM24409577_348894"	1.67206886786195	-4.50723207025345	"P010"	"Uninflamed UC"	"Resting crypt-top fibroblast"	NA	14.764591996571
"SAM24409577_711510"	3.94159225004884	-5.27617490320023	"P010"	"Uninflamed UC"	"Resting crypt-top fibroblast"	NA	16.7500175105576
"SAM24409577_376325"	3.76321795958254	-4.22892987756546	"P010"	"Uninflamed UC"	"Resting crypt-top fibroblast"	NA	15.6410351122687
"SAM24409577_513172"	3.80288079756471	-4.17907702951249	"P010"	"Uninflamed UC"	"Resting crypt-top fibroblast"	NA	15.6118123823101
"SAM24409577_838038"	3.8002627231476	-4.12914598016556	"P010"	"Uninflamed UC"	"Resting crypt-top fibroblast"	NA	15.5652177577508
"SAM24409577_738998"	4.01210621374818	-4.80327546624955	"P010"	"Uninflamed UC"	"Resting crypt-top fibroblast"	NA	16.2723704296108
"SAM24409577_177906"	3.98463824766847	-5.23360669641312	"P010"	"Uninflamed UC"	"Resting crypt-top fibroblast"	NA	16.705377734665
"SAM24409577_266460"	3.86483624953005	-4.28673541574295	"P010"	"Uninflamed UC"	"Resting crypt-top fibroblast"	NA	15.7354046157607
"SAM24409577_548370"	3.91239193457338	-5.2970470192891	"P010"	"Uninflamed UC"	"Resting crypt-top fibroblast"	NA	16.7723046226596
"SAM24409577_385188"	3.83658197897646	-4.16122901468094	"P010"	"Uninflamed UC"	"Resting crypt-top fibroblast"	NA	15.6093412488626
"SAM24409577_577395"	-4.8582381866577	-1.66222727327164	"P010"	"Uninflamed UC"	"Resting crypt-top fibroblast"	NA	3.04852611674153
"SAM24409577_104495"	3.51360801237795	-4.04041850595292	"P010"	"Uninflamed UC"	"Resting crypt-top fibroblast"	NA	15.3506010096089
"SAM24409577_776962"	3.68437508124086	-4.25847899942215	"P010"	"Uninflamed UC"	"Resting crypt-top fibroblast"	NA	15.6356822802338
"SAM24409577_103919"	3.65153387564394	-3.95875346689042	"P010"	"Uninflamed UC"	"Resting crypt-top fibroblast"	NA	15.3451824316386
"SAM24409577_290698"	-4.21642681580809	-0.861945271776279	"P010"	"Uninflamed UC"	"Resting crypt-top fibroblast"	NA	4.05056851356008
"SAM24409577_304494"	3.85899952429506	-4.08476626901444	"P010"	"Uninflamed UC"	"Resting crypt-top fibroblast"	NA	15.5526399225389
"SAM24409577_256142"	3.56870130079958	-4.53497064142044	"P010"	"Uninflamed UC"	"Resting crypt-top fibroblast"	NA	15.8619497569687
"SAM24409577_810523"	4.06832936781618	-4.18035447625931	"P010"	"Uninflamed UC"	"Resting crypt-top fibroblast"	NA	15.7217498429673
"SAM24409577_51142"	3.91127542036745	-4.24424827127274	"P010"	"Uninflamed UC"	"Resting crypt-top fibroblast"	NA	15.7156775277884
"SAM24409577_800559"	3.72268775480959	-4.11421048669632	"P010"	"Uninflamed UC"	"Resting crypt-top fibroblast"	NA	15.5174276083564
"SAM24409577_139503"	3.73409918326112	-4.31101357965287	"P010"	"Uninflamed UC"	"Resting crypt-top fibroblast"	NA	15.7039791189088
"SAM24409577_506317"	-3.95363804322508	-0.167311132238468	"P010"	"Uninflamed UC"	"Resting crypt-top fibroblast"	NA	4.71798840565833
"SAM24409579_462836"	4.03866556662294	-5.51887309579667	"P011"	"Inflamed UC"	"Inflammatory fibroblast"	NA	16.9870308862293
"SAM24409579_708612"	4.03042105215761	-5.5649160149556	"P011"	"Inflamed UC"	"Inflammatory fibroblast"	NA	17.0335177979561
"SAM24409579_859791"	3.96299031752321	-5.61918103723343	"P011"	"Inflamed UC"	"Inflammatory fibroblast"	NA	17.0924332745855
"SAM24409579_662080"	4.02622369307253	-5.61518991021927	"P011"	"Inflamed UC"	"Inflammatory fibroblast"	NA	17.0839628285123
"SAM24409579_794050"	3.5316384174225	-5.15447080163773	"P011"	"Inflamed UC"	"Inflammatory fibroblast"	NA	16.7655924943796
"SAM24409579_492104"	3.99105599898073	-5.62609565286454	"P011"	"Inflamed UC"	"Inflammatory fibroblast"	NA	17.0973378573949
"SAM24409579_567415"	4.03765657919618	-5.55575788049515	"P011"	"Inflamed UC"	"Inflammatory fibroblast"	NA	17.023895549996
"SAM24409579_214650"	4.03353813666078	-5.52580440072831	"P011"	"Inflamed UC"	"Inflammatory fibroblast"	NA	16.9943049044294
"SAM24409579_187240"	4.0117159225342	-5.55181777505692	"P011"	"Inflamed UC"	"Inflammatory fibroblast"	NA	17.0217854512869
"SAM24409579_736577"	3.81411722677919	-5.1994751694661	"P011"	"Inflamed UC"	"Inflammatory fibroblast"	NA	16.6796992918009
"SAM24409579_549117"	4.03802922743532	-5.5046886208516	"P011"	"Inflamed UC"	"Inflammatory fibroblast"	NA	16.972926029672
"SAM24409579_526320"	4.04306176680299	-5.49345624475296	"P011"	"Inflamed UC"	"Inflammatory fibroblast"	NA	16.9613682013001
"SAM24409579_56060"	3.95259574431154	-4.99565112619217	"P011"	"Inflamed UC"	"Inflammatory fibroblast"	NA	16.4615835404909
"SAM24409579_27303"	3.99530223387453	-5.58760821847733	"P011"	"Inflamed UC"	"Inflammatory fibroblast"	NA	17.0586460747384
"SAM24409579_223186"	4.14457014578554	-4.6629270318013	"P011"	"Inflamed UC"	"Inflammatory fibroblast"	NA	16.162947459524
"SAM24409579_299553"	4.03918818014833	-5.46118199853714	"P011"	"Inflamed UC"	"Inflammatory fibroblast"	NA	16.929445328206
"SAM24409579_725293"	4.02441862601015	-5.54345738916214	"P011"	"Inflamed UC"	"Inflammatory fibroblast"	NA	17.0125543067705
"SAM24409579_383450"	4.04327348250124	-5.56681954889115	"P011"	"Inflamed UC"	"Inflammatory fibroblast"	NA	17.0345040421974
"SAM24409579_323697"	4.02344444769594	-5.5614193680745	"P011"	"Inflamed UC"	"Inflammatory fibroblast"	NA	17.0305403679244
"SAM24409579_313194"	4.0328796245453	-5.52563846139725	"P011"	"Inflamed UC"	"Inflammatory fibroblast"	NA	16.9941855829148
"SAM24409579_815240"	4.04595187681886	-5.57451188592728	"P011"	"Inflamed UC"	"Inflammatory fibroblast"	NA	17.0419868093404
"SAM24409579_180925"	4.05282357710573	-5.20246493844803	"P011"	"Inflamed UC"	"Inflammatory fibroblast"	NA	16.6709104136223
"SAM24409579_533470"	4.06278470534059	-5.49371039895829	"P011"	"Inflamed UC"	"Inflammatory fibroblast"	NA	16.9602377413069
"SAM24409579_346452"	4.02299860495302	-5.57918298272904	"P011"	"Inflamed UC"	"Inflammatory fibroblast"	NA	17.0482757360126
"SAM24409579_579727"	4.10558322447511	-5.2518843415242	"P011"	"Inflamed UC"	"Inflammatory fibroblast"	NA	16.7176671040089
"SAM24409579_598540"	4.20637277144167	-4.72764956979569	"P011"	"Inflamed UC"	"Activated crypt-top fibroblast"	NA	16.2391267772293
"SAM24409579_401918"	3.79881456869814	-4.77771556405838	"P011"	"Inflamed UC"	"Inflammatory fibroblast"	NA	16.2031742193311
"SAM24409579_80726"	4.03180769461366	-5.47346341638382	"P011"	"Inflamed UC"	"Inflammatory fibroblast"	NA	16.9422143712254
"SAM24409579_276570"	4.27186087149355	-4.76652324228104	"P011"	"Inflamed UC"	"Activated crypt-top fibroblast"	NA	16.2686273309143
"SAM24409579_321075"	4.04043463247987	-5.52833306817826	"P011"	"Inflamed UC"	"Inflammatory fibroblast"	NA	16.996343401286
"SAM24409579_114337"	4.03816989439699	-5.44140565423783	"P011"	"Inflamed UC"	"Inflammatory fibroblast"	NA	16.9097891883207
"SAM24409579_122086"	4.02388790625307	-5.49809920816239	"P011"	"Inflamed UC"	"Inflammatory fibroblast"	NA	16.9673451776253
"SAM24409579_315178"	4.04037621992799	-5.49395883111771	"P011"	"Inflamed UC"	"Inflammatory fibroblast"	NA	16.9620579975474
"SAM24409579_332920"	4.03239277380678	-5.5548332932454	"P011"	"Inflamed UC"	"Inflammatory fibroblast"	NA	17.0233426108956
"SAM24409579_624221"	4.0339806415436	-5.54220855264481	"P011"	"Inflamed UC"	"Inflammatory fibroblast"	NA	17.0106375679687
"SAM24409579_21545"	4.04100922125551	-5.33782088784989	"P011"	"Inflamed UC"	"Inflammatory fibroblast"	NA	16.806347921106
"SAM24409579_482493"	4.03016999739381	-5.54936730890091	"P011"	"Inflamed UC"	"Inflammatory fibroblast"	NA	17.0180460760099
"SAM24409579_850480"	4.08332851904604	-5.33177077798661	"P011"	"Inflamed UC"	"Inflammatory fibroblast"	NA	16.7975234556698
"SAM24409579_432105"	4.21372464674684	-4.5882200005513	"P011"	"Inflamed UC"	"Inflammatory fibroblast"	NA	16.1042892952698
"SAM24409579_730120"	4.02519277113649	-5.55853164224442	"P011"	"Inflamed UC"	"Inflammatory fibroblast"	NA	17.0275370780658
"SAM24409579_253597"	4.00779417532655	-5.61006057290848	"P011"	"Inflamed UC"	"Inflammatory fibroblast"	NA	17.080154878568
"SAM24409579_734150"	4.17210629957887	-4.91535985498246	"P011"	"Inflamed UC"	"Activated crypt-top fibroblast"	NA	16.3922644360488
"SAM24409579_381921"	4.23647573965761	-4.70593631295975	"P011"	"Inflamed UC"	"Activated crypt-top fibroblast"	NA	16.2241624066516
"SAM24409579_821925"	4.00427702444765	-5.5938581231099	"P011"	"Inflamed UC"	"Inflammatory fibroblast"	NA	17.0642430231274
"SAM24409579_157982"	3.97546580809328	-5.64564931421097	"P011"	"Inflamed UC"	"Inflammatory fibroblast"	NA	17.1179490348155
"SAM24409579_545694"	4.07180932539674	-5.49679315118607	"P011"	"Inflamed UC"	"Inflammatory fibroblast"	NA	16.962679623474
"SAM24409579_770693"	4.2433939315674	-4.51692616967972	"P011"	"Inflamed UC"	"Activated crypt-top fibroblast"	NA	16.0643089458238
"SAM24409579_587849"	4.17792991179201	-5.02047431497391	"P011"	"Inflamed UC"	"Activated crypt-top fibroblast"	NA	16.4975383293336
"SAM24409579_369390"	4.04830220717165	-5.50668609170731	"P011"	"Inflamed UC"	"Inflammatory fibroblast"	NA	16.9741977065061
"SAM24409579_409210"	4.22604778784486	-4.81557023553666	"P011"	"Inflamed UC"	"Activated crypt-top fibroblast"	NA	16.3115135155084
"SAM24409579_441509"	4.23735455054018	-4.54548108606156	"P011"	"Inflamed UC"	"Activated crypt-top fibroblast"	NA	16.0818587038309
"SAM24409579_102410"	4.21437719839784	-4.72502028970536	"P011"	"Inflamed UC"	"Activated crypt-top fibroblast"	NA	16.2382230246058
"SAM24409579_527609"	4.11524299162599	-4.7395871880513	"P011"	"Inflamed UC"	"Inflammatory fibroblast"	NA	16.2318143915256
"SAM24409579_442354"	4.00704673308107	-5.59007871179398	"P011"	"Inflamed UC"	"Inflammatory fibroblast"	NA	17.0602765076217
"SAM24409579_187565"	3.9508278705475	-5.61720073251542	"P011"	"Inflamed UC"	"Inflammatory fibroblast"	NA	17.0913214664263
"SAM24409579_171675"	4.06700495260927	-5.60373389749344	"P011"	"Inflamed UC"	"Inflammatory fibroblast"	NA	17.0696403708961
"SAM24409579_342685"	4.15428880232546	-4.61309468774613	"P011"	"Inflamed UC"	"Activated crypt-top fibroblast"	NA	16.1162338480663
"SAM24409579_778795"	4.00944736975404	-5.53968703775223	"P011"	"Inflamed UC"	"Inflammatory fibroblast"	NA	17.0098438046271
"SAM24409579_516086"	4.22744682806703	-4.48277366189774	"P011"	"Inflamed UC"	"Activated crypt-top fibroblast"	NA	16.0270142273213
"SAM24409579_650539"	3.88699224966737	-5.37628352670487	"P011"	"Inflamed UC"	"Inflammatory fibroblast"	NA	16.8548718469026
"SAM24409579_528352"	4.04964927214357	-5.53359258203324	"P011"	"Inflamed UC"	"Inflammatory fibroblast"	NA	17.0009433452842
"SAM24409579_825846"	4.00844815748903	-5.58063924341019	"P011"	"Inflamed UC"	"Inflammatory fibroblast"	NA	17.0507613624108
"SAM24409579_577315"	4.13416985052797	-5.2205294373494	"P011"	"Inflamed UC"	"Inflammatory fibroblast"	NA	16.6849402377676
"SAM24409579_817628"	4.23440936583254	-4.64666068582352	"P011"	"Inflamed UC"	"Activated crypt-top fibroblast"	NA	16.1657572217315
"SAM24409579_731537"	4.22239187735292	-4.4879683258992	"P011"	"Inflamed UC"	"Inflammatory fibroblast"	NA	16.030537072076
"SAM24409579_410150"	4.21479705351564	-4.53096520929154	"P011"	"Inflamed UC"	"Activated crypt-top fibroblast"	NA	16.0695376049597
"SAM24409579_736983"	4.12351373213503	-5.12791955499466	"P011"	"Inflamed UC"	"Inflammatory fibroblast"	NA	16.5965350000092
"SAM24409579_767635"	4.02617696303102	-5.57456433801468	"P011"	"Inflamed UC"	"Inflammatory fibroblast"	NA	17.0434430919463
"SAM24409579_508013"	4.20146087187502	-4.67787158517655	"P011"	"Inflamed UC"	"Activated crypt-top fibroblast"	NA	16.189417878423
"SAM24409579_632540"	4.21879414099428	-4.68682944803055	"P011"	"Inflamed UC"	"Activated crypt-top fibroblast"	NA	16.2017907285729
"SAM24409579_807638"	4.20677140730592	-4.54654252557572	"P011"	"Inflamed UC"	"Activated crypt-top fibroblast"	NA	16.0818587038309
"SAM24409579_659997"	4.02247909086916	-5.55809772043045	"P011"	"Inflamed UC"	"Inflammatory fibroblast"	NA	17.0272946488413
"SAM24409579_846570"	4.03071526068422	-5.5619748833638	"P011"	"Inflamed UC"	"Inflammatory fibroblast"	NA	17.0305843101634
"SAM24409579_160348"	4.2297060825226	-4.59904563455399	"P011"	"Inflamed UC"	"Activated crypt-top fibroblast"	NA	16.1182072513997
"SAM24409579_109664"	4.29180148619386	-4.44158828286942	"P011"	"Inflamed UC"	"Inflammatory fibroblast"	NA	16.0060604177081
"SAM24409579_312755"	4.13929775732729	-5.26993978051957	"P011"	"Inflamed UC"	"Inflammatory fibroblast"	NA	16.734037477851
"SAM24409579_275046"	4.12875917929384	-5.16837489633377	"P011"	"Inflamed UC"	"Inflammatory fibroblast"	NA	16.6369291838627
"SAM24409579_630318"	4.16309646147463	-4.10768067865189	"P011"	"Inflamed UC"	"Activated crypt-top fibroblast"	NA	15.6942900015333
"SAM24409579_839300"	4.02999881285402	-5.47600877313431	"P011"	"Inflamed UC"	"Inflammatory fibroblast"	NA	16.9448803854301
"SAM24409579_840299"	4.18780592459413	-4.7480705979329	"P011"	"Inflamed UC"	"Activated crypt-top fibroblast"	NA	16.2410839343314
"SAM24409579_471830"	4.01208308714601	-5.53397738961991	"P011"	"Inflamed UC"	"Inflammatory fibroblast"	NA	17.0039632789206
"SAM24409579_658016"	4.078142676532	-4.99797379998978	"P011"	"Inflamed UC"	"Inflammatory fibroblast"	NA	16.4701224115656
"SAM24409579_193397"	4.00306514281007	-5.56669938592728	"P011"	"Inflamed UC"	"Inflammatory fibroblast"	NA	17.0372388607189
"SAM24409579_304474"	3.99116114157411	-5.62043607263382	"P011"	"Inflamed UC"	"Inflammatory fibroblast"	NA	17.0916850941919
"SAM24409579_620589"	4.0375788547394	-5.44562280206498	"P011"	"Inflamed UC"	"Inflammatory fibroblast"	NA	16.914037414766
"SAM24409579_274009"	4.07982567328188	-5.53551518945511	"P011"	"Inflamed UC"	"Inflammatory fibroblast"	NA	17.0007436907841
"SAM24409579_687931"	4.24976113814089	-4.44123446969803	"P011"	"Inflamed UC"	"Activated crypt-top fibroblast"	NA	15.993639979522
"SAM24409579_574290"	4.18079141157839	-4.54505527047928	"P011"	"Inflamed UC"	"Activated crypt-top fibroblast"	NA	16.0732607635156
"SAM24409579_764031"	4.05109337347719	-5.52331531076249	"P011"	"Inflamed UC"	"Inflammatory fibroblast"	NA	16.9905900733439
"SAM24409579_856943"	4.02151611822817	-5.5635527375203	"P011"	"Inflamed UC"	"Inflammatory fibroblast"	NA	17.0327901858202
"SAM24409579_743174"	4.07326081770631	-5.47255027322586	"P011"	"Inflamed UC"	"Inflammatory fibroblast"	NA	16.9383946522142
"SAM24409579_137351"	4.23848441618654	-4.67148292093094	"P011"	"Inflamed UC"	"Activated crypt-top fibroblast"	NA	16.190883738364
"SAM24409579_310663"	4.03504231947633	-5.252055526064	"P011"	"Inflamed UC"	"Inflammatory fibroblast"	NA	16.7213177516423
"SAM24409579_161163"	3.86837986487123	-4.84581506280716	"P011"	"Inflamed UC"	"Inflammatory fibroblast"	NA	16.2964687331553
"SAM24409579_491865"	4.03032091635439	-5.55780780343827	"P011"	"Inflamed UC"	"Inflammatory fibroblast"	NA	17.0264551740476
"SAM24409579_146549"	3.84196308630678	-4.55988299875077	"P011"	"Inflamed UC"	"Inflammatory fibroblast"	NA	15.9900905668601
"SAM24409579_80988"	3.97692278403017	-4.50890052347001	"P011"	"Inflamed UC"	"Inflammatory fibroblast"	NA	15.9800434025193
"SAM24409579_477691"	4.25009087103578	-4.63103759317215	"P011"	"Inflamed UC"	"Inflammatory fibroblast"	NA	16.1537444602862
"SAM24409579_878369"	4.1640687324402	-4.33979833154496	"P011"	"Inflamed UC"	"Activated crypt-top fibroblast"	NA	15.8908724234539
"SAM24409579_590059"	4.0996201373932	-4.89063107995804	"P011"	"Inflamed UC"	"Inflammatory fibroblast"	NA	16.3700528755672
"SAM24409579_416510"	4.08806470411989	-5.57898700265702	"P011"	"Inflamed UC"	"Inflammatory fibroblast"	NA	17.0434607417061
"SAM24409579_249177"	4.02696994322511	-5.38307273416336	"P011"	"Inflamed UC"	"Inflammatory fibroblast"	NA	16.8524262369947
"SAM24409579_211122"	4.03836754339906	-5.47674596338089	"P011"	"Inflamed UC"	"Inflammatory fibroblast"	NA	16.9450285122927
"SAM24409579_716825"	4.00227573889467	-5.58010375528153	"P011"	"Inflamed UC"	"Inflammatory fibroblast"	NA	17.0506654498185
"SAM24409579_336573"	4.18970135229799	-4.61811912088211	"P011"	"Inflamed UC"	"Inflammatory fibroblast"	NA	16.1285266376851
"SAM24409579_262832"	4.20775559920046	-4.28342711953934	"P011"	"Inflamed UC"	"Inflammatory fibroblast"	NA	16.1540419143429
"SAM24409579_282872"	4.21828607100221	-4.66211211709793	"P011"	"Inflamed UC"	"Activated crypt-top fibroblast"	NA	16.1775100372432
"SAM24409579_505655"	4.01204303282472	-5.58802592782792	"P011"	"Inflamed UC"	"Inflammatory fibroblast"	NA	17.0578741806876
"SAM24409579_758545"	4.11552384871217	-5.06190812616166	"P011"	"Inflamed UC"	"Inflammatory fibroblast"	NA	16.5306170006915
"SAM24409579_866176"	4.03026894110414	-5.48713767556961	"P011"	"Inflamed UC"	"Inflammatory fibroblast"	NA	16.9559628991974
"SAM24409579_385730"	4.17694118994447	-4.92141473321732	"P011"	"Inflamed UC"	"Inflammatory fibroblast"	NA	16.3985513804792
"SAM24409579_612349"	4.2385852672455	-4.71076858072098	"P011"	"Inflamed UC"	"Activated crypt-top fibroblast"	NA	16.2293281602358
"SAM24409579_520453"	4.04149487990114	-5.48211324243363	"P011"	"Inflamed UC"	"Inflammatory fibroblast"	NA	16.9501631108847
"SAM24409579_56247"	4.0044007636902	-5.4722908738118	"P011"	"Inflamed UC"	"Inflammatory fibroblast"	NA	16.9429679038126
"SAM24409579_162574"	4.24109676855776	-4.38709771661576	"P011"	"Inflamed UC"	"Inflammatory fibroblast"	NA	16.240204699381
"SAM24409579_590581"	4.19299987333986	-4.80563485650834	"P011"	"Inflamed UC"	"Activated crypt-top fibroblast"	NA	16.2974948286863
"SAM24409579_41166"	4.19636348265382	-4.36384809045609	"P011"	"Inflamed UC"	"Activated crypt-top fibroblast"	NA	15.9138472082408
"SAM24409579_691051"	4.21604422110292	-4.35348355798539	"P011"	"Inflamed UC"	"Activated crypt-top fibroblast"	NA	15.9138472082408
"SAM24409579_57329"	4.00590637701723	-5.43813216714676	"P011"	"Inflamed UC"	"Inflammatory fibroblast"	NA	16.9087877491717
"SAM24409579_277445"	4.16910818594667	-4.25138604669388	"P011"	"Inflamed UC"	"Inflammatory fibroblast"	NA	16.1121970658231
"SAM24409579_237370"	4.25641301649782	-4.64087235956009	"P011"	"Inflamed UC"	"Activated crypt-top fibroblast"	NA	16.1646806664014
"SAM24409579_611526"	4.22934249418947	-4.54045283822831	"P011"	"Inflamed UC"	"Activated crypt-top fibroblast"	NA	16.0818587038309
"SAM24409579_288334"	4.21510485190126	-4.48645293741043	"P011"	"Inflamed UC"	"Activated crypt-top fibroblast"	NA	16.0269914632201
"SAM24409579_856229"	4.22542980688783	-4.54359805612381	"P011"	"Inflamed UC"	"Inflammatory fibroblast"	NA	16.0818587038309
"SAM24409579_351450"	4.19640925902101	-4.31428086786087	"P011"	"Inflamed UC"	"Activated crypt-top fibroblast"	NA	15.8784996038938
"SAM24409579_63689"	4.22391346472475	-4.52068412332352	"P011"	"Inflamed UC"	"Activated crypt-top fibroblast"	NA	16.0623100823812
"SAM24409579_144822"	4.17768386381838	-4.56340825586136	"P011"	"Inflamed UC"	"Activated crypt-top fibroblast"	NA	16.0818587038309
"SAM24409579_67141"	4.19821933287355	-4.4933942559224	"P011"	"Inflamed UC"	"Inflammatory fibroblast"	NA	16.0287874155526
"SAM24409579_368645"	4.05358270186159	-5.38324630288895	"P011"	"Inflamed UC"	"Inflammatory fibroblast"	NA	16.8508464952741
"SAM24409579_317257"	4.09736779707643	-5.15393769769486	"P011"	"Inflamed UC"	"Inflammatory fibroblast"	NA	16.6228437601208
"SAM24409579_311936"	4.10019114989015	-5.00283658532914	"P011"	"Inflamed UC"	"Inflammatory fibroblast"	NA	16.4760714125609
"SAM24409579_464563"	4.15559485930177	-4.72058141259964	"P011"	"Inflamed UC"	"Inflammatory fibroblast"	NA	16.2216335602768
"SAM24409579_123197"	4.221777234256	-4.33391797571	"P011"	"Inflamed UC"	"Activated crypt-top fibroblast"	NA	15.9058640343133
"SAM24409579_406838"	3.92357138174745	-4.00165355233963	"P011"	"Inflamed UC"	"Activated crypt-top fibroblast"	NA	15.5075925783774
"SAM24409579_248972"	4.23278764265749	-4.60956990747269	"P011"	"Inflamed UC"	"Activated crypt-top fibroblast"	NA	16.129142615355
"SAM24409579_80767"	4.20602205771181	-4.51370513467606	"P011"	"Inflamed UC"	"Inflammatory fibroblast"	NA	16.0504838602579
"SAM24409579_828470"	4.09110764044496	-5.32807385949906	"P011"	"Inflamed UC"	"Inflammatory fibroblast"	NA	16.7933221692194
"SAM24409579_703676"	4.03208044546816	-5.35441815881546	"P011"	"Inflamed UC"	"Inflammatory fibroblast"	NA	16.8234972704064
"SAM24409579_699131"	4.20897630232546	-4.67133653192337	"P011"	"Inflamed UC"	"Activated crypt-top fibroblast"	NA	16.1845921891713
"SAM24409579_675004"	4.11636260527345	-5.31703555612381	"P011"	"Inflamed UC"	"Inflammatory fibroblast"	NA	16.7822072744888
"SAM24409579_84305"	4.00843814390871	-5.46346223382767	"P011"	"Inflamed UC"	"Inflammatory fibroblast"	NA	16.9338777179962
"SAM24409579_831401"	2.76232150572511	-3.66837823419388	"P011"	"Inflamed UC"	"Resting crypt-top fibroblast"	NA	14.6266244323973
"SAM24409579_719698"	4.11610296744081	-4.12381732492264	"P011"	"Inflamed UC"	"Activated crypt-top fibroblast"	NA	15.6897532844776
"SAM24409579_347061"	3.86931923407289	-3.75707685975846	"P011"	"Inflamed UC"	"Activated crypt-top fibroblast"	NA	15.2728293242102
"SAM24409579_202011"	4.14770511168214	-5.05262362985428	"P011"	"Inflamed UC"	"Activated crypt-top fibroblast"	NA	16.528150971236
"SAM24409579_392831"	4.00343135374757	-5.55700242547806	"P011"	"Inflamed UC"	"Inflammatory fibroblast"	NA	17.0275386616671
"SAM24409579_742800"	4.22047880667421	-4.56947696237381	"P011"	"Inflamed UC"	"Inflammatory fibroblast"	NA	16.0873649450513
"SAM24409579_43967"	4.18342021483156	-4.90088927774247	"P011"	"Inflamed UC"	"Activated crypt-top fibroblast"	NA	16.3900771281073
"SAM24409579_716484"	4.0158696510193	-5.53925788430985	"P011"	"Inflamed UC"	"Inflammatory fibroblast"	NA	17.008965048121
"SAM24409579_497830"	4.22598436850282	-4.41357648401078	"P011"	"Inflamed UC"	"Activated crypt-top fibroblast"	NA	15.9603157341717
"SAM24409579_41269"	-0.867597307980331	5.23384296865646	"P011"	"Inflamed UC"	"Inflammatory fibroblast"	NA	8.65405823200597
"SAM24409579_217146"	4.22236326712343	-4.47999322442826	"P011"	"Inflamed UC"	"Activated crypt-top fibroblast"	NA	16.0228901647992
"SAM24409579_168968"	4.17695859450075	-4.3956741097432	"P011"	"Inflamed UC"	"Inflammatory fibroblast"	NA	16.2336310044802
"SAM24409579_137395"	4.20391562956545	-4.61587703256424	"P011"	"Inflamed UC"	"Activated crypt-top fibroblast"	NA	16.1292954762295
"SAM24409579_205456"	4.19727853316042	-4.47247397928055	"P011"	"Inflamed UC"	"Activated crypt-top fibroblast"	NA	16.0084792585748
"SAM24409579_782917"	2.93329528349611	-3.75874269037064	"P011"	"Inflamed UC"	"Activated crypt-top fibroblast"	NA	14.7938637848299
"SAM24409579_146271"	4.03085831183168	-5.56915557412918	"P011"	"Inflamed UC"	"Inflammatory fibroblast"	NA	17.0377156144759
"SAM24409579_594468"	4.18486169356081	-4.35737121133622	"P011"	"Inflamed UC"	"Activated crypt-top fibroblast"	NA	15.9138472082408
"SAM24409579_176394"	4.20773390310976	-4.72632300882157	"P011"	"Inflamed UC"	"Activated crypt-top fibroblast"	NA	16.2381129402265
"SAM24409579_716910"	4.17557791250917	-4.61799800424393	"P011"	"Inflamed UC"	"Inflammatory fibroblast"	NA	16.125465389486
"SAM24409579_675675"	4.12851623076173	-4.60845458535965	"P011"	"Inflamed UC"	"Activated crypt-top fibroblast"	NA	16.1063255601499
"SAM24409579_686482"	4.16459206122133	-4.4968179467183	"P011"	"Inflamed UC"	"Inflammatory fibroblast"	NA	16.022402882559
"SAM24409579_24782"	4.0974834300873	-5.05194699792679	"P011"	"Inflamed UC"	"Inflammatory fibroblast"	NA	16.5249874064095
"SAM24409579_171302"	4.14058640974733	-4.25319373636063	"P011"	"Inflamed UC"	"Inflammatory fibroblast"	NA	16.1056829255197
"SAM24409579_363301"	4.1786384918091	-4.26451957254227	"P011"	"Inflamed UC"	"Activated crypt-top fibroblast"	NA	15.8256708693069
"SAM24409579_787385"	3.78874448317262	-4.09022510080155	"P011"	"Inflamed UC"	"Inflammatory fibroblast"	NA	15.5258196119118
"SAM24409579_242367"	4.07773331183168	-5.42164456872757	"P011"	"Inflamed UC"	"Inflammatory fibroblast"	NA	16.8875706166197
"SAM24409579_580801"	3.78730014342043	-5.19812333612259	"P011"	"Inflamed UC"	"Inflammatory fibroblast"	NA	16.6796719485526
"SAM24409579_184366"	4.1051521636841	-5.29161345987137	"P011"	"Inflamed UC"	"Inflammatory fibroblast"	NA	16.7573691201685
"SAM24409579_876357"	4.02205804365846	-5.49161422281083	"P011"	"Inflamed UC"	"Inflammatory fibroblast"	NA	16.9610045822851
"SAM24409579_583050"	4.21759227293703	-4.66398513345536	"P011"	"Inflamed UC"	"Activated crypt-top fibroblast"	NA	16.1791973829346
"SAM24409579_401950"	4.09955099600526	-3.9131621125203	"P011"	"Inflamed UC"	"Inflammatory fibroblast"	NA	15.8146071331051
"SAM24409579_675800"	4.18590739744875	-4.32347476510819	"P011"	"Inflamed UC"	"Activated crypt-top fibroblast"	NA	15.8833659383093
"SAM24409579_448651"	5.58461526411745	0.598888277723232	"P011"	"Inflamed UC"	"Activated crypt-top fibroblast"	NA	12.1794562003852
"SAM24409579_856603"	4.25801590460512	-4.31217658548172	"P011"	"Inflamed UC"	"Resting crypt-top fibroblast"	NA	15.8984052798877
"SAM24409579_706753"	4.22183326262209	-4.34523713617142	"P011"	"Inflamed UC"	"Activated crypt-top fibroblast"	NA	15.9138472082408
"SAM24409579_43159"	4.08582833784792	-5.12229144601639	"P011"	"Inflamed UC"	"Inflammatory fibroblast"	NA	16.591328466123
"SAM24409579_222744"	4.21023205298158	-4.46314609079178	"P011"	"Inflamed UC"	"Activated crypt-top fibroblast"	NA	16.003267432247
"SAM24409579_824806"	4.20455792921755	-4.73379457025345	"P011"	"Inflamed UC"	"Activated crypt-top fibroblast"	NA	16.2410839343314
"SAM24409579_496027"	4.09965661543581	-4.05390965966996	"P011"	"Inflamed UC"	"Activated crypt-top fibroblast"	NA	15.6192450301785
"SAM24409579_719934"	3.99127558249208	-3.85534989862259	"P011"	"Inflamed UC"	"Activated crypt-top fibroblast"	NA	15.4075620625942
"SAM24409579_856228"	4.18759158629152	-4.75968396692093	"P011"	"Inflamed UC"	"Inflammatory fibroblast"	NA	16.2512286916503
"SAM24409579_511024"	0.496715765475956	-12.0405429604512	"P011"	"Inflamed UC"	"Inflammatory fibroblast"	NA	24.5181597133156
"SAM24409579_245548"	4.13779977339479	-4.26708543329056	"P011"	"Inflamed UC"	"Activated crypt-top fibroblast"	NA	15.8135701595025
"SAM24409579_39750"	-3.46663376313475	-1.00151908426102	"P011"	"Inflamed UC"	"Inflammatory fibroblast"	NA	4.73533067239921
"SAM24409579_533043"	4.18148854750368	-4.43689668206986	"P011"	"Inflamed UC"	"Activated crypt-top fibroblast"	NA	15.969865005488
"SAM24409579_291096"	4.18946412581178	-4.22269332437333	"P011"	"Inflamed UC"	"Activated crypt-top fibroblast"	NA	15.7904131063811
"SAM24409579_371824"	4.18717745321962	-4.31194245843705	"P011"	"Inflamed UC"	"Activated crypt-top fibroblast"	NA	15.8730358731314
"SAM24409579_802751"	4.11915091055605	-4.0545662644368	"P011"	"Inflamed UC"	"Activated crypt-top fibroblast"	NA	15.6278321062953
"SAM24409579_385723"	4.05727008360597	-5.52487552194413	"P011"	"Inflamed UC"	"Inflammatory fibroblast"	NA	16.9917130096552
"SAM24409579_858478"	4.01929119604799	-5.41626536874588	"P011"	"Inflamed UC"	"Inflammatory fibroblast"	NA	16.8860525732458
"SAM24409579_333600"	4.18016437071535	-4.6466072800618	"P011"	"Inflamed UC"	"Inflammatory fibroblast"	NA	16.1544023859393
"SAM24409579_120080"	4.14201787489626	-4.10199391870316	"P011"	"Inflamed UC"	"Inflammatory fibroblast"	NA	15.9814020553875
"SAM24409579_548161"	3.96249583739015	-3.86998307733353	"P011"	"Inflamed UC"	"Activated crypt-top fibroblast"	NA	15.4076391811614
"SAM24409579_784256"	4.04118684309694	-3.93526399164017	"P011"	"Inflamed UC"	"Resting crypt-top fibroblast"	NA	15.5013982516049
"SAM24409579_386606"	4.091406140506	-4.09910094766434	"P011"	"Inflamed UC"	"Inflammatory fibroblast"	NA	15.9614756443744
"SAM24409579_141882"	4.14302876967165	-4.02596795587357	"P011"	"Inflamed UC"	"Activated crypt-top fibroblast"	NA	15.6115293843886
"SAM24409579_212255"	4.00549868124696	-4.21992576150711	"P011"	"Inflamed UC"	"Activated crypt-top fibroblast"	NA	15.7321004034911
"SAM24409579_156779"	4.02261761206361	-4.01390254525956	"P011"	"Inflamed UC"	"Activated crypt-top fibroblast"	NA	15.5632043908162
"SAM24409579_745136"	3.79456523436281	-3.82856667070206	"P011"	"Inflamed UC"	"Resting crypt-top fibroblast"	NA	15.2996512067957
"SAM24409579_674444"	4.12839129942629	-4.98126447229203	"P011"	"Inflamed UC"	"Resting crypt-top fibroblast"	NA	16.4559226950868
"SAM24409579_463819"	4.13829854506227	-4.17294013528641	"P011"	"Inflamed UC"	"Activated crypt-top fibroblast"	NA	15.7401890953718
"SAM24409579_853422"	4.04576829451296	-5.42796266107377	"P011"	"Inflamed UC"	"Inflammatory fibroblast"	NA	16.8959804651409
"SAM24409579_751497"	3.95017341154787	-5.26754891900834	"P011"	"Inflamed UC"	"Inflammatory fibroblast"	NA	16.7409787323809
"SAM24409579_634870"	3.97141364592287	-5.4384249451619	"P011"	"Inflamed UC"	"Inflammatory fibroblast"	NA	16.9115002112999
"SAM24409579_653279"	4.14572766798708	-4.0219677689534	"P011"	"Inflamed UC"	"Activated crypt-top fibroblast"	NA	15.6089863745194
"SAM24409579_552764"	4.09730580824587	-5.21618068246659	"P011"	"Inflamed UC"	"Inflammatory fibroblast"	NA	16.6824152220193
"SAM24409579_82773"	3.88339785116884	-5.56434571771439	"P011"	"Inflamed UC"	"Inflammatory fibroblast"	NA	17.0433871707807
"SAM24409579_285658"	4.13764146345827	-4.81292712716874	"P011"	"Inflamed UC"	"Activated crypt-top fibroblast"	NA	16.29775656112
"SAM24409579_54617"	4.06936911123964	-4.62369859247025	"P011"	"Inflamed UC"	"Inflammatory fibroblast"	NA	16.1089109687628
"SAM24409579_104549"	3.96918133276674	-4.37029302148636	"P011"	"Inflamed UC"	"Activated crypt-top fibroblast"	NA	15.8501874526842
"SAM24409579_9937"	3.78172496336672	-5.38164889840897	"P011"	"Inflamed UC"	"Inflammatory fibroblast"	NA	16.867159329544
"SAM24409579_10816"	4.01891711729738	-3.98024308709916	"P011"	"Inflamed UC"	"Activated crypt-top fibroblast"	NA	15.5314949487511
"SAM24409579_130380"	4.17216065901491	-4.38880479364212	"P011"	"Inflamed UC"	"Inflammatory fibroblast"	NA	16.225834272298
"SAM24409579_40591"	3.99517444151613	-5.37095105676468	"P011"	"Inflamed UC"	"Inflammatory fibroblast"	NA	16.8424251951008
"SAM24409579_425429"	4.11176589506838	-4.11678016214188	"P011"	"Inflamed UC"	"Resting crypt-top fibroblast"	NA	15.6815568637045
"SAM24409579_31209"	3.98021152991029	-3.92904794244584	"P011"	"Inflamed UC"	"Activated crypt-top fibroblast"	NA	15.4683445311336
"SAM24409579_619396"	3.85680249708864	-5.48150193719681	"P011"	"Inflamed UC"	"Inflammatory fibroblast"	NA	16.9625134495251
"SAM24409579_573947"	4.14922503012392	-4.27195727853592	"P011"	"Inflamed UC"	"Inflammatory fibroblast"	NA	16.1261425661542
"SAM24409579_734838"	3.96619609373781	-5.26373899011429	"P011"	"Inflamed UC"	"Inflammatory fibroblast"	NA	16.7363830680272
"SAM24409579_546058"	4.08576730269167	-4.075466513918	"P011"	"Inflamed UC"	"Activated crypt-top fibroblast"	NA	15.6332175890279
"SAM24409579_638861"	4.2206249572632	-4.30419242410477	"P011"	"Inflamed UC"	"Activated crypt-top fibroblast"	NA	15.8776659719955
"SAM24409579_369029"	4.14559248465273	-4.32688701181229	"P011"	"Inflamed UC"	"Activated crypt-top fibroblast"	NA	15.8722424454425
"SAM24409579_773792"	3.90694001692506	-4.09914147882279	"P011"	"Inflamed UC"	"Inflammatory fibroblast"	NA	15.5815360529534
"SAM24409579_257778"	4.04150584715578	-5.39288508920487	"P011"	"Inflamed UC"	"Inflammatory fibroblast"	NA	16.8612598295998
"SAM24409579_826411"	3.94426969069215	-5.59782922296341	"P011"	"Inflamed UC"	"Inflammatory fibroblast"	NA	17.0724644527463
"SAM24409579_756285"	4.05244472998354	-5.05283820657547	"P011"	"Inflamed UC"	"Resting crypt-top fibroblast"	NA	16.5236464997584
"SAM24409579_561113"	4.20278504866335	-4.8604425194722	"P011"	"Inflamed UC"	"Inflammatory fibroblast"	NA	16.3530984824101
"SAM24409579_544578"	4.07859614866945	-4.34053409128006	"P011"	"Inflamed UC"	"Inflammatory fibroblast"	NA	16.1689051246369
"SAM24409579_369966"	3.98225644606325	-5.46868884591874	"P011"	"Inflamed UC"	"Inflammatory fibroblast"	NA	16.9409286545578
"SAM24409579_560331"	4.22351006048891	-4.28277337579544	"P011"	"Inflamed UC"	"Activated crypt-top fibroblast"	NA	15.8586666855912
"SAM24409579_168435"	4.09055665510866	-4.19028127221878	"P011"	"Inflamed UC"	"Inflammatory fibroblast"	NA	16.0309943643603
"SAM24409579_770077"	4.19905117529604	-4.32460773019608	"P011"	"Inflamed UC"	"Activated crypt-top fibroblast"	NA	15.8890916676805
"SAM24409579_322068"	4.07754925268861	-4.08941018609818	"P011"	"Inflamed UC"	"Activated crypt-top fibroblast"	NA	15.6425693781223
"SAM24409579_299002"	3.86350921171877	-4.90421187906083	"P011"	"Inflamed UC"	"Activated crypt-top fibroblast"	NA	16.3537870364948
"SAM24409579_731688"	4.18381837385866	-3.89603555230912	"P011"	"Inflamed UC"	"Activated crypt-top fibroblast"	NA	15.5307292715277
"SAM24409579_296919"	4.19262841719362	-4.72704827813919	"P011"	"Inflamed UC"	"Activated crypt-top fibroblast"	NA	16.23567488008
"SAM24409579_670091"	4.07934597510072	-5.31723725824173	"P011"	"Inflamed UC"	"Inflammatory fibroblast"	NA	16.7842347029911
"SAM24409579_853424"	0.465714391350476	-2.33856070070084	"P011"	"Inflamed UC"	"Inflammatory fibroblast"	NA	12.8565245346516
"SAM24409579_389373"	4.11372092741701	-3.84151446847733	"P011"	"Inflamed UC"	"Activated crypt-top fibroblast"	NA	15.450449623628
"SAM24409579_866627"	3.38692549246523	-3.84746444253739	"P011"	"Inflamed UC"	"Resting crypt-top fibroblast"	NA	15.115491519474
"SAM24409579_182671"	4.08273747938844	-4.31062924890335	"P011"	"Inflamed UC"	"Activated crypt-top fibroblast"	NA	15.8347277773722
"SAM24409579_147919"	3.86792877691957	-4.2785857918721	"P011"	"Inflamed UC"	"Inflammatory fibroblast"	NA	15.729237827312
"SAM24409579_636313"	3.94611409682008	-5.19925105600174	"P011"	"Inflamed UC"	"Inflammatory fibroblast"	NA	16.6729642539334
"SAM24409579_103081"	2.7822864391205	-4.82266795663651	"P011"	"Inflamed UC"	"Activated crypt-top fibroblast"	NA	15.8516945580852
"SAM24409579_157575"	-0.991654362499984	-0.183884859369358	"P011"	"Inflamed UC"	"Inflammatory fibroblast"	NA	7.23561309092648
"SAM24409579_568798"	4.02265385168764	-3.95179402856644	"P011"	"Inflamed UC"	"Activated crypt-top fibroblast"	NA	15.5077905920339
"SAM24409579_802278"	4.10695150870058	-4.32691466836747	"P011"	"Inflamed UC"	"Activated crypt-top fibroblast"	NA	15.8585491813057
"SAM24409579_692490"	4.00875452536318	-5.17214143304642	"P011"	"Inflamed UC"	"Resting crypt-top fibroblast"	NA	16.642036821435
"SAM24409579_302985"	3.76794889944765	-3.97260081796463	"P011"	"Inflamed UC"	"Activated crypt-top fibroblast"	NA	15.4114622446787
"SAM24409579_86078"	3.86420944708559	-3.900905967043	"P011"	"Inflamed UC"	"Activated crypt-top fibroblast"	NA	15.3935761295629
"SAM24409579_704269"	3.54738453406068	-3.79990327386673	"P011"	"Inflamed UC"	"Inflammatory fibroblast"	NA	15.154544790349
"SAM24409579_654042"	3.95126346129152	-4.18622624902542	"P011"	"Inflamed UC"	"Resting crypt-top fibroblast"	NA	15.6791362162602
"SAM24409579_261534"	3.86870816725465	-3.77049863366898	"P011"	"Inflamed UC"	"Resting crypt-top fibroblast"	NA	15.284309676146
"SAM24409579_28543"	3.71993187445375	-3.76422917871292	"P011"	"Inflamed UC"	"Resting crypt-top fibroblast"	NA	15.2099370777613
"SAM24409579_167998"	4.10904315489504	-4.77634036569413	"P011"	"Inflamed UC"	"Resting crypt-top fibroblast"	NA	16.2578591660453
"SAM24409579_295856"	4.10039762037965	-4.84008634118851	"P011"	"Inflamed UC"	"Inflammatory fibroblast"	NA	16.3200085788257
"SAM24409579_386935"	3.75101307409975	-3.8267785313588	"P011"	"Inflamed UC"	"Resting crypt-top fibroblast"	NA	15.2771730217183
"SAM24409579_631286"	4.04106787222597	-4.91108262567337	"P011"	"Inflamed UC"	"Inflammatory fibroblast"	NA	16.3829668177941
"SAM24409579_483876"	3.95577410238954	-3.99214398889359	"P011"	"Inflamed UC"	"Activated crypt-top fibroblast"	NA	15.5136322558832
"SAM24409579_648475"	2.47236898916933	-3.83884704141434	"P011"	"Inflamed UC"	"Inflammatory fibroblast"	NA	14.948974559023
"SAM24409579_687281"	3.97650197523805	-5.0420740845662	"P011"	"Inflamed UC"	"Resting crypt-top fibroblast"	NA	16.5091337186585
"SAM24409579_158934"	3.96374157446596	-4.07800138025101	"P011"	"Inflamed UC"	"Resting crypt-top fibroblast"	NA	15.5855276960402
"SAM24409579_192234"	4.02894309538576	-5.09138333825882	"P011"	"Inflamed UC"	"Resting crypt-top fibroblast"	NA	16.5610581164309
"SAM24409579_346878"	4.06121328848573	-3.97245204477127	"P011"	"Inflamed UC"	"Resting crypt-top fibroblast"	NA	15.543621531845
"SAM24409579_238452"	3.93814376372072	-4.6209257843953	"P011"	"Inflamed UC"	"Inflammatory fibroblast"	NA	16.0761987567807
"SAM24409579_95997"	4.00936153906557	-4.02729833154496	"P011"	"Inflamed UC"	"Inflammatory fibroblast"	NA	15.8660579653094
"SAM24409579_596366"	3.79558352011415	-4.0371330979329	"P011"	"Inflamed UC"	"Activated crypt-top fibroblast"	NA	15.4815215576584
"SAM24409579_56151"	-4.48133608323363	-2.17090976266678	"P011"	"Inflamed UC"	"Inflammatory fibroblast"	NA	2.83590211285504
"SAM24409579_863834"	3.53053024786684	-3.77813828019913	"P011"	"Inflamed UC"	"Resting crypt-top fibroblast"	NA	15.1272683148374
"SAM24409579_560277"	-3.35221644860533	-0.476044357107242	"P011"	"Inflamed UC"	"Inflammatory fibroblast"	NA	4.88458519845031
"SAM24409579_798467"	4.07316568869325	-5.33046138315018	"P011"	"Inflamed UC"	"Inflammatory fibroblast"	NA	16.796886311363
"SAM24409579_424201"	-1.02641698342589	-1.08627688913163	"P011"	"Inflamed UC"	"Inflammatory fibroblast"	NA	6.58280567981005
"SAM24409579_614169"	-4.86911961060789	-5.6606978180867	"P011"	"Inflamed UC"	"Inflammatory fibroblast"	NA	0
"SAM24409579_512623"	3.69043043631288	-3.87623727350052	"P011"	"Inflamed UC"	"Resting crypt-top fibroblast"	NA	15.2914727492583
"SAM24409579_181453"	2.91135314482423	-3.72012174157914	"P011"	"Inflamed UC"	"Resting crypt-top fibroblast"	NA	14.7494785176071
"SAM24409579_413885"	2.81758740919801	-3.96339595346268	"P011"	"Inflamed UC"	"Activated crypt-top fibroblast"	NA	14.9104004917809
"SAM24409579_541914"	4.00353864210817	-5.0791662934285	"P011"	"Inflamed UC"	"Resting crypt-top fibroblast"	NA	16.549125789701
"SAM24409579_799814"	0.471149731456963	-2.69725549249466	"P011"	"Inflamed UC"	"Inflammatory fibroblast"	NA	13.1664207682677
"SAM24409579_488404"	3.71041873472902	-3.99133098153885	"P011"	"Inflamed UC"	"Inflammatory fibroblast"	NA	15.4022264467531
"SAM24409579_781957"	4.01277140158388	-5.36163461236771	"P011"	"Inflamed UC"	"Inflammatory fibroblast"	NA	16.8319699034776
"SAM24409579_442321"	-5.66777369004515	-1.88674032716568	"P011"	"Inflamed UC"	"Inflammatory fibroblast"	NA	2.43653288090821
"SAM24409579_578461"	4.04720285910341	-5.2099937203389	"P011"	"Inflamed UC"	"Inflammatory fibroblast"	NA	16.678707291214
"SAM24409579_21542"	3.93804648894045	-4.15083777932938	"P011"	"Inflamed UC"	"Activated crypt-top fibroblast"	NA	15.6414393222671
"SAM24409579_51640"	4.09111002463075	-4.0967501404744	"P011"	"Inflamed UC"	"Inflammatory fibroblast"	NA	15.9591641814987
"SAM24409579_667079"	2.75351170080873	-3.67760527162369	"P011"	"Inflamed UC"	"Inflammatory fibroblast"	NA	14.9602638714223
"SAM24409579_671706"	4.10432294386598	-4.74568593530472	"P011"	"Inflamed UC"	"Resting crypt-top fibroblast"	NA	16.2355039576492
"SAM24409579_33079"	2.81012371557924	-3.62426936654862	"P011"	"Inflamed UC"	"Resting crypt-top fibroblast"	NA	14.6143891742988
"SAM24409579_688067"	2.81323030966493	-3.71597015886124	"P011"	"Inflamed UC"	"Resting crypt-top fibroblast"	NA	14.6941995976727
"SAM24409579_92254"	0.320364888786999	-2.84862411050614	"P011"	"Inflamed UC"	"Inflammatory fibroblast"	NA	13.232437336924
"SAM24409579_564308"	3.99857548254701	-5.52484881906327	"P011"	"Inflamed UC"	"Inflammatory fibroblast"	NA	16.9958050593458
"SAM24409579_44364"	4.07247546690675	-5.32253444223221	"P011"	"Inflamed UC"	"Inflammatory fibroblast"	NA	16.7890220487499
"SAM24409579_366429"	4.03271225470277	-3.94999301461991	"P011"	"Inflamed UC"	"Activated crypt-top fibroblast"	NA	15.510720599172
"SAM24409579_147881"	3.81501797217104	-3.74562418489273	"P011"	"Inflamed UC"	"Resting crypt-top fibroblast"	NA	15.2367126045909
"SAM24409579_339004"	2.75730970877382	-3.64346897630509	"P011"	"Inflamed UC"	"Resting crypt-top fibroblast"	NA	14.6028219825651
"SAM24409579_132044"	2.81558397787782	-3.66265857248124	"P011"	"Inflamed UC"	"Resting crypt-top fibroblast"	NA	14.6498778303265
"SAM24409579_351776"	3.58124950903627	-3.81467449693497	"P011"	"Inflamed UC"	"Resting crypt-top fibroblast"	NA	15.1842712755679
"SAM24409579_343757"	3.78040317076418	-3.86061179666336	"P011"	"Inflamed UC"	"Activated crypt-top fibroblast"	NA	15.3209622674448
"SAM24409579_790717"	3.66622665899965	-3.96021449594315	"P011"	"Inflamed UC"	"Inflammatory fibroblast"	NA	15.3535181410665
"SAM24409579_375247"	-1.48762687665251	-0.352013349817356	"P011"	"Inflamed UC"	"Inflammatory fibroblast"	NA	6.78469750166036
"SAM24409579_549933"	2.25931707400057	-3.4893716576558	"P011"	"Inflamed UC"	"Inflammatory fibroblast"	NA	14.5655222479667
"SAM24409579_521674"	4.02775314825746	-5.01924169091996	"P011"	"Inflamed UC"	"Resting crypt-top fibroblast"	NA	16.4888681151456
"SAM24409579_331042"	2.75439981001589	-3.69128167657669	"P011"	"Inflamed UC"	"Resting crypt-top fibroblast"	NA	14.6418969970647
"SAM24409579_424955"	4.11292198675844	-4.18299949197586	"P011"	"Inflamed UC"	"Resting crypt-top fibroblast"	NA	15.7401890953718
"SAM24409579_452320"	3.67782953757021	-3.97608363656815	"P011"	"Inflamed UC"	"Activated crypt-top fibroblast"	NA	15.3730093262298
"SAM24409579_643117"	3.85094097632143	-5.49594485788163	"P011"	"Inflamed UC"	"Inflammatory fibroblast"	NA	16.977332079158
"SAM24409579_256594"	4.04745725172731	-5.30895841150101	"P011"	"Inflamed UC"	"Inflammatory fibroblast"	NA	16.7775389552019
"SAM24409579_856806"	0.289030749380318	-2.41192615060624	"P011"	"Inflamed UC"	"Inflammatory fibroblast"	NA	12.8483384715413
"SAM24409579_661027"	3.11668113249513	-3.65107667474564	"P011"	"Inflamed UC"	"Inflammatory fibroblast"	NA	14.800786539553
"SAM24409579_72212"	3.12629989165041	-3.72059476404007	"P011"	"Inflamed UC"	"Resting crypt-top fibroblast"	NA	14.8650589168482
"SAM24409579_379052"	2.99378446119997	-3.69454157380875	"P011"	"Inflamed UC"	"Resting crypt-top fibroblast"	NA	14.7712211751413
"SAM24409579_115888"	1.65948132055971	-4.32330882577713	"P011"	"Inflamed UC"	"Activated crypt-top fibroblast"	NA	14.6008344320331
"SAM24409579_309052"	0.324507709622113	-2.74320948152359	"P011"	"Inflamed UC"	"Inflammatory fibroblast"	NA	13.1634568000022
"SAM24409579_61916"	4.02867630499574	-4.26698768167313	"P011"	"Inflamed UC"	"Inflammatory fibroblast"	NA	16.0865386596459
"SAM24409579_439929"	4.03813842314455	-4.05487525491532	"P011"	"Inflamed UC"	"Activated crypt-top fibroblast"	NA	15.5949176831018
"SAM24409579_522951"	4.0202219821808	-5.36671292810257	"P011"	"Inflamed UC"	"Inflammatory fibroblast"	NA	16.8365464347553
"SAM24409579_853261"	3.03827861326906	-3.71774995355423	"P011"	"Inflamed UC"	"Resting crypt-top fibroblast"	NA	14.8165709461045
"SAM24409579_455846"	0.223301056802002	-2.82088768510636	"P011"	"Inflamed UC"	"Inflammatory fibroblast"	NA	13.1664207682677
"SAM24409579_759578"	3.41822389143678	-3.83194363145646	"P011"	"Inflamed UC"	"Activated crypt-top fibroblast"	NA	15.1177020724786
"SAM24409579_753546"	0.437024254381386	-2.46039450197037	"P011"	"Inflamed UC"	"Inflammatory fibroblast"	NA	12.9548152349042
"SAM24409579_883495"	4.16852406042787	-4.53863513498124	"P011"	"Inflamed UC"	"Resting crypt-top fibroblast"	NA	16.0635860607431
"SAM24409579_441295"	3.25924757498476	-3.75323545961197	"P011"	"Inflamed UC"	"Activated crypt-top fibroblast"	NA	14.9656462121811
"SAM24409579_610509"	3.92365339773866	-4.52099454431351	"P011"	"Inflamed UC"	"Resting crypt-top fibroblast"	NA	15.9763187078537
"SAM24409579_94821"	3.74423507231447	-3.71814191369828	"P011"	"Inflamed UC"	"Resting crypt-top fibroblast"	NA	15.1821794376736
"SAM24409579_159393"	4.0186670162079	-4.04423987893876	"P011"	"Inflamed UC"	"Resting crypt-top fibroblast"	NA	15.5772374503312
"SAM24409579_313787"	2.7950661517975	-3.57447826890763	"P011"	"Inflamed UC"	"Inflammatory fibroblast"	NA	14.5641506719623
"SAM24409579_196733"	3.30695203322145	-3.73625862626847	"P011"	"Inflamed UC"	"Resting crypt-top fibroblast"	NA	14.9755785588156
"SAM24409579_733054"	3.08797696608278	-3.71975529222306	"P011"	"Inflamed UC"	"Resting crypt-top fibroblast"	NA	14.8442881959272
"SAM24409579_239080"	-4.29299494248656	-1.72059500245865	"P011"	"Inflamed UC"	"Inflammatory fibroblast"	NA	3.31632035922107
"SAM24409579_393170"	4.04064730185243	-4.92785346536454	"P011"	"Inflamed UC"	"Resting crypt-top fibroblast"	NA	16.3982308020364
"SAM24409579_409274"	2.94970658796999	-3.71420824556168	"P011"	"Inflamed UC"	"Resting crypt-top fibroblast"	NA	14.7646826554421
"SAM24409579_682193"	2.59498027342531	-3.62437808542069	"P011"	"Inflamed UC"	"Activated crypt-top fibroblast"	NA	14.50380085759
"SAM24409579_7509"	2.72380045431825	-3.58854901819046	"P011"	"Inflamed UC"	"Activated crypt-top fibroblast"	NA	14.5408849591032
"SAM24409579_100433"	4.14907411116335	-4.98245990304764	"P011"	"Inflamed UC"	"Resting crypt-top fibroblast"	NA	16.4581411947695
"SAM24409579_150645"	-2.34719749909666	3.34414660902206	"P011"	"Inflamed UC"	"Inflammatory fibroblast"	NA	7.74643681254534
"SAM24409579_161771"	2.85272220152589	-3.66581904916581	"P011"	"Inflamed UC"	"Resting crypt-top fibroblast"	NA	14.6724196228627
"SAM24409579_581043"	-5.9588093422058	-3.08715522317704	"P011"	"Inflamed UC"	"Inflammatory fibroblast"	NA	1.27848625280995
"SAM24409579_800627"	4.08465817946169	-5.20584428338822	"P011"	"Inflamed UC"	"Inflammatory fibroblast"	NA	16.672715293908
"SAM24409579_214195"	0.465738005965678	-2.47439515619095	"P011"	"Inflamed UC"	"Inflammatory fibroblast"	NA	12.9796399350157
"SAM24409579_884067"	3.17434338110658	-3.74897897271927	"P011"	"Inflamed UC"	"Resting crypt-top fibroblast"	NA	14.9143884293926
"SAM24409579_822706"	2.71192053335878	-3.73690760164078	"P011"	"Inflamed UC"	"Resting crypt-top fibroblast"	NA	14.658230206959
"SAM24409579_160122"	4.03117326277467	-5.50622785119828	"P011"	"Inflamed UC"	"Inflammatory fibroblast"	NA	16.9749425588841
"SAM24409579_557658"	2.47413519400331	-3.67074835328873	"P011"	"Inflamed UC"	"Resting crypt-top fibroblast"	NA	14.479874812296
"SAM24409579_602799"	2.11638799685213	-3.4691649678212	"P011"	"Inflamed UC"	"Inflammatory fibroblast"	NA	14.5009493318259
"SAM24409579_289065"	4.07219532507631	-5.30970180063065	"P011"	"Inflamed UC"	"Inflammatory fibroblast"	NA	16.7770611492307
"SAM24409579_83709"	4.03322890776369	-5.3603171112996	"P011"	"Inflamed UC"	"Inflammatory fibroblast"	NA	16.8293077652378
"SAM24409579_757244"	4.05175546187135	-5.29540336160477	"P011"	"Inflamed UC"	"Inflammatory fibroblast"	NA	16.7637883831338
"SAM24409579_841743"	2.90019992369386	-3.66665852098282	"P011"	"Inflamed UC"	"Resting crypt-top fibroblast"	NA	14.6981734292689
"SAM24409579_774812"	0.600055385410515	-2.62107241182145	"P011"	"Inflamed UC"	"Inflammatory fibroblast"	NA	13.1664207682677
"SAM24409579_757770"	2.81142309683534	-3.66253078012284	"P011"	"Inflamed UC"	"Resting crypt-top fibroblast"	NA	14.6475732056142
"SAM24409579_597176"	4.07778266447756	-4.89668166665848	"P011"	"Inflamed UC"	"Resting crypt-top fibroblast"	NA	16.3733048190666
"SAM24409579_186525"	4.08961204069826	-4.46486794977005	"P011"	"Inflamed UC"	"Resting crypt-top fibroblast"	NA	15.970252893291
"SAM24409579_506772"	2.57984999197694	-3.66606223611649	"P011"	"Inflamed UC"	"Resting crypt-top fibroblast"	NA	14.5313490823891
"SAM24409579_325974"	4.09316686171266	-4.74108827142533	"P011"	"Inflamed UC"	"Resting crypt-top fibroblast"	NA	16.2286826995126
"SAM24409579_760936"	4.0139439441559	-5.40670096902665	"P011"	"Inflamed UC"	"Inflammatory fibroblast"	NA	16.8768611578604
"SAM24409579_323696"	4.100124392688	-5.09260308770951	"P011"	"Inflamed UC"	"Inflammatory fibroblast"	NA	16.5614821701475
"SAM24409579_603884"	4.03801301497194	-5.36604678659256	"P011"	"Inflamed UC"	"Inflammatory fibroblast"	NA	16.8347098772412
"SAM24409579_101640"	2.58597401159975	-3.69965612916764	"P011"	"Inflamed UC"	"Activated crypt-top fibroblast"	NA	14.5601161826889
"SAM24409579_434066"	2.91656116026613	-3.72587549714859	"P011"	"Inflamed UC"	"Resting crypt-top fibroblast"	NA	14.7571137429388
"SAM24409579_361052"	4.13789156454775	-4.55869138269242	"P011"	"Inflamed UC"	"Resting crypt-top fibroblast"	NA	16.0739931066082
"SAM24409579_292430"	4.1075079776642	-4.86562478570755	"P011"	"Inflamed UC"	"Resting crypt-top fibroblast"	NA	16.3462392049265
"SAM24409579_619397"	4.00499943274233	-5.27610957650956	"P011"	"Inflamed UC"	"Inflammatory fibroblast"	NA	16.7468244871637
"SAM24409579_761180"	4.04283216971132	-5.43317782907303	"P011"	"Inflamed UC"	"Inflammatory fibroblast"	NA	16.9013777046857
"SAM24410862_842496"	4.00798991698	-5.2463239434224	"P013"	"Uninflamed UC"	"Activated crypt-top fibroblast"	NA	16.71692759887
"SAM24410862_75830"	4.20075562971803	-4.36193311242875	"P013"	"Uninflamed UC"	"Inflammatory fibroblast"	NA	16.2063488573806
"SAM24410862_251655"	4.16807869452211	-5.0447539093953	"P013"	"Uninflamed UC"	"Activated crypt-top fibroblast"	NA	16.5213001306267
"SAM24410862_514156"	3.71185377615663	-4.77990138559159	"P013"	"Uninflamed UC"	"Inflammatory fibroblast"	NA	16.187192730799
"SAM24410862_107278"	3.88405302542421	-5.05807864694413	"P013"	"Uninflamed UC"	"Inflammatory fibroblast"	NA	16.5205391144613
"SAM24410862_274453"	4.03331426161501	-4.93383348016556	"P013"	"Uninflamed UC"	"Activated crypt-top fibroblast"	NA	16.4038402286064
"SAM24410862_541427"	4.08957127112123	-4.93950402765091	"P013"	"Uninflamed UC"	"Activated crypt-top fibroblast"	NA	16.4122905421227
"SAM24410862_98084"	3.8982007839081	-4.07229125528153	"P013"	"Uninflamed UC"	"Activated crypt-top fibroblast"	NA	15.5591900698492
"SAM24410862_680838"	3.99617723005983	-5.01809966592606	"P013"	"Uninflamed UC"	"Activated crypt-top fibroblast"	NA	16.4861633585696
"SAM24410862_410518"	3.80215552824709	-5.00671803979691	"P013"	"Uninflamed UC"	"Resting crypt-top fibroblast"	NA	16.4651847142187
"SAM24410862_502856"	4.13213375586244	-5.13103663949784	"P013"	"Uninflamed UC"	"Resting crypt-top fibroblast"	NA	16.5995555406167
"SAM24410862_435289"	4.10563496130678	-4.96272313623246	"P013"	"Uninflamed UC"	"Activated crypt-top fibroblast"	NA	16.4362768712191
"SAM24410862_318198"	4.06359747427675	-4.77033460168656	"P013"	"Uninflamed UC"	"Activated crypt-top fibroblast"	NA	16.2461772852463
"SAM24410862_186039"	4.06761244314882	-5.08366668252762	"P013"	"Uninflamed UC"	"Activated crypt-top fibroblast"	NA	16.5529097212282
"SAM24410862_383194"	4.15934971350404	-4.99168670205887	"P013"	"Uninflamed UC"	"Activated crypt-top fibroblast"	NA	16.467865675183
"SAM24410862_818623"	4.13613608854982	-4.88168609170731	"P013"	"Uninflamed UC"	"Resting crypt-top fibroblast"	NA	16.3657783542496
"SAM24410862_729555"	4.2413277961609	-4.79627215890702	"P013"	"Uninflamed UC"	"Activated crypt-top fibroblast"	NA	16.2942936580854
"SAM24410862_774363"	4.17830756682131	-4.98924767999466	"P013"	"Uninflamed UC"	"Activated crypt-top fibroblast"	NA	16.4663687369255
"SAM24410862_681595"	3.94451359289858	-4.83881700067337	"P013"	"Uninflamed UC"	"Resting crypt-top fibroblast"	NA	16.2991155453612
"SAM24410862_530993"	4.17796686667177	-4.64397895364579	"P013"	"Uninflamed UC"	"Activated crypt-top fibroblast"	NA	16.1513738700853
"SAM24410862_355411"	4.15744856375429	-4.96404445199784	"P013"	"Uninflamed UC"	"Activated crypt-top fibroblast"	NA	16.4401631852729
"SAM24410862_347720"	4.00519279020998	-4.77771985559281	"P013"	"Uninflamed UC"	"Activated crypt-top fibroblast"	NA	16.2461475781445
"SAM24410862_723283"	3.77741697806093	-4.62583577661332	"P013"	"Uninflamed UC"	"Resting crypt-top fibroblast"	NA	16.0347119854685
"SAM24410862_721450"	3.98573521155092	-5.13456285028275	"P013"	"Uninflamed UC"	"Resting crypt-top fibroblast"	NA	16.6047178814937
"SAM24410862_225326"	3.73823336142275	-4.77009761361893	"P013"	"Uninflamed UC"	"Activated crypt-top fibroblast"	NA	16.1831006407749
"SAM24410862_868724"	3.95382026213381	-5.11424338846024	"P013"	"Uninflamed UC"	"Resting crypt-top fibroblast"	NA	16.5847564141289
"SAM24410862_180889"	3.93630698698732	-4.64397132425126	"P013"	"Uninflamed UC"	"Resting crypt-top fibroblast"	NA	16.1010136432419
"SAM24410862_124505"	4.04455331343385	-4.84421384362992	"P013"	"Uninflamed UC"	"Resting crypt-top fibroblast"	NA	16.3170695465371
"SAM24410862_858375"	4.05841115492555	-5.30503451852616	"P013"	"Uninflamed UC"	"Activated crypt-top fibroblast"	NA	16.7730795003722
"SAM24410862_688507"	4.03027752417299	-5.0651510956746	"P013"	"Uninflamed UC"	"Activated crypt-top fibroblast"	NA	16.5348125971402
"SAM24410862_75517"	3.83722189444276	-5.04032695321854	"P013"	"Uninflamed UC"	"Activated crypt-top fibroblast"	NA	16.5004894030534
"SAM24410862_110438"	4.04365805166933	-5.05331122903641	"P013"	"Uninflamed UC"	"Activated crypt-top fibroblast"	NA	16.5236836877086
"SAM24410862_33070"	4.13011673468324	-4.46602332620438	"P013"	"Uninflamed UC"	"Resting crypt-top fibroblast"	NA	15.9829997660702
"SAM24410862_571829"	3.92745712774965	-4.99299991159256	"P013"	"Uninflamed UC"	"Resting crypt-top fibroblast"	NA	16.457690322967
"SAM24410862_526596"	4.08552483099672	-5.10986077813919	"P013"	"Uninflamed UC"	"Activated crypt-top fibroblast"	NA	16.5789019671815
"SAM24410862_480030"	4.02362898367616	-4.86993443994339	"P013"	"Uninflamed UC"	"Activated crypt-top fibroblast"	NA	16.3399498675792
"SAM24410862_165579"	4.10586813467714	-4.65011346368607	"P013"	"Uninflamed UC"	"Resting crypt-top fibroblast"	NA	16.1423510937064
"SAM24410862_129003"	4.0761633254883	-4.52845561532792	"P013"	"Uninflamed UC"	"Resting crypt-top fibroblast"	NA	16.0272933303603
"SAM24410862_828340"	3.75001100081178	-4.86751163034256	"P013"	"Uninflamed UC"	"Activated crypt-top fibroblast"	NA	16.3030838018581
"SAM24410862_466121"	3.71346739309999	-4.84874761133011	"P013"	"Uninflamed UC"	"Activated crypt-top fibroblast"	NA	16.2798664953938
"SAM24410862_669891"	4.02851799505922	-4.92348086862381	"P013"	"Uninflamed UC"	"Activated crypt-top fibroblast"	NA	16.3932627402101
"SAM24410862_148749"	3.69100955504152	-4.86177098779496	"P013"	"Uninflamed UC"	"Resting crypt-top fibroblast"	NA	16.289957564479
"SAM24410862_391471"	4.04989889639589	-5.22403514413651	"P013"	"Uninflamed UC"	"Activated crypt-top fibroblast"	NA	16.6925986298926
"SAM24410862_342638"	4.04213241118166	-5.27267348794754	"P013"	"Uninflamed UC"	"Resting crypt-top fibroblast"	NA	16.741560870443
"SAM24410862_87369"	4.15627053755495	-4.92903888253983	"P013"	"Uninflamed UC"	"Resting crypt-top fibroblast"	NA	16.4051422358931
"SAM24410862_147433"	4.08490804213258	-5.2519916298848	"P013"	"Uninflamed UC"	"Activated crypt-top fibroblast"	NA	16.7187941358662
"SAM24410862_472386"	4.05208948630068	-5.20600497751053	"P013"	"Uninflamed UC"	"Resting crypt-top fibroblast"	NA	16.6744823546258
"SAM24410862_782096"	4.10717752951357	-4.86361682443436	"P013"	"Uninflamed UC"	"Activated crypt-top fibroblast"	NA	16.3442056138251
"SAM24410862_86777"	3.8536234237549	-4.88459527520951	"P013"	"Uninflamed UC"	"Resting crypt-top fibroblast"	NA	16.3330815228167
"SAM24410862_821069"	3.90100363272401	-5.01942241220292	"P013"	"Uninflamed UC"	"Resting crypt-top fibroblast"	NA	16.4827699951299
"SAM24410862_348719"	3.8327539302704	-4.68343293695267	"P013"	"Uninflamed UC"	"Resting crypt-top fibroblast"	NA	16.1180326081744
"SAM24410862_577415"	4.01768210905763	-5.16964137582596	"P013"	"Uninflamed UC"	"Activated crypt-top fibroblast"	NA	16.6394371335037
"SAM24410862_145492"	4.06639579313966	-5.10603463678177	"P013"	"Uninflamed UC"	"Resting crypt-top fibroblast"	NA	16.5752898771293
"SAM24410862_781384"	4.00191191214296	-5.1433433297139	"P013"	"Uninflamed UC"	"Resting crypt-top fibroblast"	NA	16.6133169994877
"SAM24410862_14102"	3.7429306842682	-4.93521869211014	"P013"	"Uninflamed UC"	"Resting crypt-top fibroblast"	NA	16.3693598977831
"SAM24410862_881732"	4.09100035208437	-5.09801089792069	"P013"	"Uninflamed UC"	"Activated crypt-top fibroblast"	NA	16.566991625297
"SAM24410862_326539"	3.85217741507265	-5.10249984292801	"P013"	"Uninflamed UC"	"Resting crypt-top fibroblast"	NA	16.5741497016832
"SAM24410862_505626"	3.6983774043915	-4.97469985513504	"P013"	"Uninflamed UC"	"Activated crypt-top fibroblast"	NA	16.4280651198266
"SAM24410862_148684"	4.20657042044374	-4.72258698968705	"P013"	"Uninflamed UC"	"Activated crypt-top fibroblast"	NA	16.2342164944566
"SAM24410862_47495"	3.96944335478517	-5.35187280206498	"P013"	"Uninflamed UC"	"Activated crypt-top fibroblast"	NA	16.8250832313929
"SAM24410862_641668"	3.84573701399538	-5.0387233498555	"P013"	"Uninflamed UC"	"Resting crypt-top fibroblast"	NA	16.4993095703124
"SAM24410862_65917"	4.10791734236452	-4.97717225580033	"P013"	"Uninflamed UC"	"Activated crypt-top fibroblast"	NA	16.4508213116407
"SAM24410862_623344"	3.98815349119875	-5.12228381662186	"P013"	"Uninflamed UC"	"Resting crypt-top fibroblast"	NA	16.5924125848874
"SAM24410862_202758"	3.96370581167909	-5.48205697564896	"P013"	"Uninflamed UC"	"Resting crypt-top fibroblast"	NA	16.9555655564789
"SAM24410862_732279"	4.02594712752077	-5.37133157281693	"P013"	"Uninflamed UC"	"Resting crypt-top fibroblast"	NA	16.8407779445142
"SAM24410862_877703"	3.9484081603882	-5.18218123941239	"P013"	"Uninflamed UC"	"Resting crypt-top fibroblast"	NA	16.6527505141416
"SAM24410862_275205"	3.8478005267975	-5.24434602289017	"P013"	"Uninflamed UC"	"Resting crypt-top fibroblast"	NA	16.7228539759852
"SAM24410862_654685"	3.79081491011354	-4.84567821054276	"P013"	"Uninflamed UC"	"Activated crypt-top fibroblast"	NA	16.2865635610859
"SAM24410862_76642"	3.94892409819338	-5.18946015863236	"P013"	"Uninflamed UC"	"Resting crypt-top fibroblast"	NA	16.663046662949
"SAM24410862_315805"	3.9331550933716	-5.26708257226761	"P013"	"Uninflamed UC"	"Activated crypt-top fibroblast"	NA	16.7413524401364
"SAM24410862_572044"	3.46526435393068	-4.83207833795365	"P013"	"Uninflamed UC"	"Resting crypt-top fibroblast"	NA	16.1868445955616
"SAM24410862_338255"	4.28545406836244	-4.60069453744706	"P013"	"Uninflamed UC"	"Resting crypt-top fibroblast"	NA	16.1314357322879
"SAM24410862_149326"	3.92875674742433	-5.37873733072098	"P013"	"Uninflamed UC"	"Activated crypt-top fibroblast"	NA	16.8545693713482
"SAM24410862_112499"	3.78943685072633	-4.69836127786454	"P013"	"Uninflamed UC"	"Resting crypt-top fibroblast"	NA	16.1236076596018
"SAM24410862_182657"	3.80042603987428	-5.00285422830399	"P013"	"Uninflamed UC"	"Resting crypt-top fibroblast"	NA	16.461239974782
"SAM24410862_138908"	3.64723113554689	-5.08904922036942	"P013"	"Uninflamed UC"	"Resting crypt-top fibroblast"	NA	16.562990679306
"SAM24410862_261192"	3.76140883940431	-5.04585731057938	"P013"	"Uninflamed UC"	"Resting crypt-top fibroblast"	NA	16.5022575222663
"SAM24410862_65661"	3.82657841223451	-5.14287459878739	"P013"	"Uninflamed UC"	"Resting crypt-top fibroblast"	NA	16.6148080648521
"SAM24410862_288991"	3.86174348372194	-5.17194116143998	"P013"	"Uninflamed UC"	"Resting crypt-top fibroblast"	NA	16.6434797588171
"SAM24410862_314811"	3.75544432181093	-5.22445094613846	"P013"	"Uninflamed UC"	"Activated crypt-top fibroblast"	NA	16.7075389050567
"SAM24410862_763080"	3.90933779257509	-5.1474617722493	"P013"	"Uninflamed UC"	"Resting crypt-top fibroblast"	NA	16.6184699197291
"SAM24410862_568299"	3.90863779562685	-5.21665656595047	"P013"	"Uninflamed UC"	"Resting crypt-top fibroblast"	NA	16.69219722141
"SAM24410862_711302"	3.89995029944154	-5.1566489937764	"P013"	"Uninflamed UC"	"Resting crypt-top fibroblast"	NA	16.6277614948053
"SAM24410862_567976"	3.9421027042267	-5.33923661737259	"P013"	"Uninflamed UC"	"Resting crypt-top fibroblast"	NA	16.8142753666831
"SAM24410862_500925"	3.9215379096863	-5.17350995569046	"P013"	"Uninflamed UC"	"Resting crypt-top fibroblast"	NA	16.6443801107777
"SAM24410862_651174"	3.76108459013673	-5.29271876840409	"P013"	"Uninflamed UC"	"Resting crypt-top fibroblast"	NA	16.7754453933891
"SAM24410862_211723"	3.89758542555544	-5.32803857354935	"P013"	"Uninflamed UC"	"Activated crypt-top fibroblast"	NA	16.806033912615
"SAM24410862_534102"	3.58126834410402	-4.92425572900589	"P013"	"Uninflamed UC"	"Resting crypt-top fibroblast"	NA	16.338122651457
"SAM24410862_659647"	3.45899847525331	-4.86097037820633	"P013"	"Uninflamed UC"	"Resting crypt-top fibroblast"	NA	16.2137969343431
"SAM24410862_669225"	3.78439715880129	-5.37548053293045	"P013"	"Uninflamed UC"	"Resting crypt-top fibroblast"	NA	16.8608283470886
"SAM24410862_831401"	3.75608948248598	-5.33935916452225	"P013"	"Uninflamed UC"	"Resting crypt-top fibroblast"	NA	16.8266499968357
"SAM24410862_135998"	3.83736852186891	-5.13717067270096	"P013"	"Uninflamed UC"	"Resting crypt-top fibroblast"	NA	16.608983890059
"SAM24410862_510443"	3.82798579710695	-5.12871396570023	"P013"	"Uninflamed UC"	"Resting crypt-top fibroblast"	NA	16.6006325855033
"SAM24410863_597036"	4.02691391485902	-4.14122569589432	"P013"	"Inflamed UC"	"Resting crypt-top fibroblast"	NA	15.669086255135
"SAM24410863_327979"	4.03663829344484	-5.02841269998368	"P013"	"Inflamed UC"	"Activated crypt-top fibroblast"	NA	16.4984679969051
"SAM24410863_849907"	4.12479451674196	-4.96050918130692	"P013"	"Inflamed UC"	"Inflammatory fibroblast"	NA	16.4350147152432
"SAM24410863_537160"	4.10083845633241	-4.39356601266678	"P013"	"Inflamed UC"	"Inflammatory fibroblast"	NA	15.9138472082408
"SAM24410863_96815"	4.12753013151857	-5.15596759347733	"P013"	"Inflamed UC"	"Activated crypt-top fibroblast"	NA	16.6245363935936
"SAM24410863_116027"	3.85374477881166	-4.41913974313553	"P013"	"Inflamed UC"	"Resting crypt-top fibroblast"	NA	15.8548671776455
"SAM24410863_277015"	4.14401582258913	-5.0522583725911	"P013"	"Inflamed UC"	"Activated crypt-top fibroblast"	NA	16.5276034110512
"SAM24410863_139661"	4.16353777426454	-4.32590568094071	"P013"	"Inflamed UC"	"Inflammatory fibroblast"	NA	16.1689051246369
"SAM24410863_453921"	4.15535739439699	-4.42635285882767	"P013"	"Inflamed UC"	"Inflammatory fibroblast"	NA	15.9522563880882
"SAM24410863_393784"	3.96781829375002	-4.78156411676224	"P013"	"Inflamed UC"	"Inflammatory fibroblast"	NA	16.2452538574951
"SAM24410863_169398"	4.03165129202577	-4.67676961450394	"P013"	"Inflamed UC"	"Inflammatory fibroblast"	NA	16.1529582099881
"SAM24410863_25469"	4.1129532195923	-4.45389354257401	"P013"	"Inflamed UC"	"Resting crypt-top fibroblast"	NA	15.9664492080495
"SAM24410863_150943"	4.10544565695497	-5.08841502694901	"P013"	"Inflamed UC"	"Inflammatory fibroblast"	NA	16.5572348932822
"SAM24410863_72290"	4.21263173598024	-4.80867850808915	"P013"	"Inflamed UC"	"Inflammatory fibroblast"	NA	16.3029869012258
"SAM24410863_729973"	3.94621613997194	-4.83912217645462	"P013"	"Inflamed UC"	"Activated crypt-top fibroblast"	NA	16.2996327289287
"SAM24410863_793223"	4.18839362639162	-4.84220349817093	"P013"	"Inflamed UC"	"Activated crypt-top fibroblast"	NA	16.3331920901366
"SAM24410863_539061"	4.16865423697206	-4.40424764184769	"P013"	"Inflamed UC"	"Activated crypt-top fibroblast"	NA	15.9349048873618
"SAM24410863_689920"	5.78189376372072	7.943585514738	"P013"	"Inflamed UC"	"Inflammatory fibroblast"	NA	9.83715703772909
"SAM24410863_281800"	4.06100252646181	-4.85365092782792	"P013"	"Inflamed UC"	"Inflammatory fibroblast"	NA	16.3285032781206
"SAM24410863_510065"	3.85468772429201	-5.25590693979081	"P013"	"Inflamed UC"	"Inflammatory fibroblast"	NA	16.7340610841883
"SAM24410863_211734"	4.03239110487672	-5.19833791284378	"P013"	"Inflamed UC"	"Activated crypt-top fibroblast"	NA	16.6677963138093
"SAM24410863_249478"	4.1309922077057	-4.97370708017167	"P013"	"Inflamed UC"	"Inflammatory fibroblast"	NA	16.4485034184299
"SAM24410863_737227"	4.17469290274355	-4.62140023736771	"P013"	"Inflamed UC"	"Inflammatory fibroblast"	NA	16.1286085470375
"SAM24410863_778269"	4.20111826437685	-4.60449826745804	"P013"	"Inflamed UC"	"Activated crypt-top fibroblast"	NA	16.1175835901559
"SAM24410863_834068"	4.14440206068727	-4.5666831734639	"P013"	"Inflamed UC"	"Inflammatory fibroblast"	NA	16.0818587038309
"SAM24410863_456773"	4.12071970480653	-5.24599111108597	"P013"	"Inflamed UC"	"Activated crypt-top fibroblast"	NA	16.7110343892351
"SAM24410863_372087"	4.04615643995973	-5.12692725686844	"P013"	"Inflamed UC"	"Activated crypt-top fibroblast"	NA	16.5964074147745
"SAM24410863_437457"	4.21624043959352	-4.45320308236893	"P013"	"Inflamed UC"	"Inflammatory fibroblast"	NA	15.9954705422585
"SAM24410863_883789"	4.17019418257448	-4.49094045190628	"P013"	"Inflamed UC"	"Resting crypt-top fibroblast"	NA	16.0183832568899
"SAM24410863_599774"	4.05861381071779	-4.53600394754227	"P013"	"Inflamed UC"	"Inflammatory fibroblast"	NA	16.029479871532
"SAM24410863_467715"	3.95847228544923	-5.12925422220047	"P013"	"Inflamed UC"	"Activated crypt-top fibroblast"	NA	16.599714312786
"SAM24410863_827916"	4.20330909270021	-4.94593322305497	"P013"	"Inflamed UC"	"Inflammatory fibroblast"	NA	16.4243459215053
"SAM24410863_210365"	3.96775034445497	-5.12877976922806	"P013"	"Inflamed UC"	"Activated crypt-top fibroblast"	NA	16.5991361851744
"SAM24410863_371838"	4.11783340948793	-4.96403014688309	"P013"	"Inflamed UC"	"Activated crypt-top fibroblast"	NA	16.4381865353664
"SAM24410863_34225"	3.81647923964235	-4.92045199899491	"P013"	"Inflamed UC"	"Activated crypt-top fibroblast"	NA	16.3639743391639
"SAM24410863_329494"	4.0820272304413	-4.52570712594803	"P013"	"Inflamed UC"	"Inflammatory fibroblast"	NA	16.0263459496476
"SAM24410863_875698"	4.12202456968996	-4.94341123132523	"P013"	"Inflamed UC"	"Inflammatory fibroblast"	NA	16.4178005443303
"SAM24410863_771753"	4.10317996519777	-5.17764794854935	"P013"	"Inflamed UC"	"Activated crypt-top fibroblast"	NA	16.6464875650856
"SAM24410863_550085"	4.01591256636354	-5.21041095285233	"P013"	"Inflamed UC"	"Activated crypt-top fibroblast"	NA	16.6806675165414
"SAM24410863_778675"	4.11320713537904	-4.88078248529252	"P013"	"Inflamed UC"	"Activated crypt-top fibroblast"	NA	16.3619940115025
"SAM24410863_627792"	4.03532413023683	-4.86209237603959	"P013"	"Inflamed UC"	"Activated crypt-top fibroblast"	NA	16.3336432738969
"SAM24410863_546153"	4.13215330618593	-4.95591485528763	"P013"	"Inflamed UC"	"Activated crypt-top fibroblast"	NA	16.4307905518263
"SAM24410863_204697"	3.98830441015932	-4.69461953668412	"P013"	"Inflamed UC"	"Activated crypt-top fibroblast"	NA	16.1613845094144
"SAM24410863_685007"	4.0715349056122	-5.09372413186844	"P013"	"Inflamed UC"	"Inflammatory fibroblast"	NA	16.5629226994875
"SAM24410863_55177"	4.00113061445924	-4.5472944977742	"P013"	"Inflamed UC"	"Inflammatory fibroblast"	NA	16.0237746351194
"SAM24410863_687202"	3.69671753424379	-4.53340470819291	"P013"	"Inflamed UC"	"Resting crypt-top fibroblast"	NA	15.9229885695137
"SAM24410863_413441"	4.05124190825197	-4.65783393411454	"P013"	"Inflamed UC"	"Activated crypt-top fibroblast"	NA	16.1385200769675
"SAM24410863_750063"	4.19764402884218	-4.37141597299393	"P013"	"Inflamed UC"	"Activated crypt-top fibroblast"	NA	15.9138472082408
"SAM24410863_649591"	4.05173018950197	-5.1638249161702	"P013"	"Inflamed UC"	"Activated crypt-top fibroblast"	NA	16.633240469278
"SAM24410863_356812"	3.97938540953371	-4.43111693887528	"P013"	"Inflamed UC"	"Activated crypt-top fibroblast"	NA	15.9106716058621
"SAM24410863_825856"	4.12248304861757	-5.15788495569046	"P013"	"Inflamed UC"	"Inflammatory fibroblast"	NA	16.6265100491333
"SAM24410863_803102"	4.1141751148102	-5.27175700692948	"P013"	"Inflamed UC"	"Activated crypt-top fibroblast"	NA	16.7370917522902
"SAM24410863_421421"	3.97793677824709	-4.94165265588578	"P013"	"Inflamed UC"	"Activated crypt-top fibroblast"	NA	16.4089066456184
"SAM24410863_136885"	3.82249144095155	-4.67173182992752	"P013"	"Inflamed UC"	"Activated crypt-top fibroblast"	NA	16.1044500059313
"SAM24410863_438399"	3.85614851492616	-4.62338483362015	"P013"	"Inflamed UC"	"Inflammatory fibroblast"	NA	16.0549902907012
"SAM24410863_88536"	3.9006741382477	-4.90967166452225	"P013"	"Inflamed UC"	"Activated crypt-top fibroblast"	NA	16.3638843146544
"SAM24410863_333867"	4.08943799513551	-4.96024453668412	"P013"	"Inflamed UC"	"Activated crypt-top fibroblast"	NA	16.4329989872865
"SAM24410863_213642"	3.76398757475588	-3.81154549150284	"P013"	"Inflamed UC"	"Resting crypt-top fibroblast"	NA	15.2700395536031
"SAM24410863_31154"	3.97151378172609	-4.88895022897538	"P013"	"Inflamed UC"	"Activated crypt-top fibroblast"	NA	16.3522502435929
"SAM24410863_784836"	4.01586917418214	-4.8755759003621	"P013"	"Inflamed UC"	"Activated crypt-top fibroblast"	NA	16.3445690434147
"SAM24410863_760579"	4.15844515341493	-4.69760024576004	"P013"	"Inflamed UC"	"Activated crypt-top fibroblast"	NA	16.199750683143
"SAM24410863_99915"	4.22748926657411	-4.5373977425557	"P013"	"Inflamed UC"	"Activated crypt-top fibroblast"	NA	16.079346279282
"SAM24410863_633257"	4.09841588515016	-5.21194827585038	"P013"	"Inflamed UC"	"Activated crypt-top fibroblast"	NA	16.678133209541
"SAM24410863_591349"	4.00060657042238	-4.60511052636918	"P013"	"Inflamed UC"	"Activated crypt-top fibroblast"	NA	16.079001192396
"SAM24410863_501071"	4.07261732596132	-4.86760222940262	"P013"	"Inflamed UC"	"Activated crypt-top fibroblast"	NA	16.3438063769149
"SAM24410863_735498"	4.0470877029297	-5.15315377740677	"P013"	"Inflamed UC"	"Inflammatory fibroblast"	NA	16.6226218879067
"SAM24410863_665664"	4.10081771391603	-5.06989324121293	"P013"	"Inflamed UC"	"Activated crypt-top fibroblast"	NA	16.5387659927998
"SAM24410863_167400"	3.90955260771486	-4.90653550653275	"P013"	"Inflamed UC"	"Activated crypt-top fibroblast"	NA	16.3618913867925
"SAM24410863_771998"	4.04208544272157	-4.72403514413651	"P013"	"Inflamed UC"	"Activated crypt-top fibroblast"	NA	16.2013604257501
"SAM24410863_390739"	3.85811189192506	-5.0757426026326	"P013"	"Inflamed UC"	"Activated crypt-top fibroblast"	NA	16.5473278010482
"SAM24410863_636844"	4.22295549887392	-4.72206008462723	"P013"	"Inflamed UC"	"Activated crypt-top fibroblast"	NA	16.2371151837219
"SAM24410863_63604"	3.7686100341675	-4.78493726281937	"P013"	"Inflamed UC"	"Inflammatory fibroblast"	NA	16.2039439335918
"SAM24410863_556926"	3.94382980841371	-5.31198155908402	"P013"	"Inflamed UC"	"Resting crypt-top fibroblast"	NA	16.7869657360846
"SAM24410863_206558"	4.02674630659792	-4.68801105050858	"P013"	"Inflamed UC"	"Activated crypt-top fibroblast"	NA	16.1629309029884
"SAM24410863_641544"	4.02658942717287	-4.55217826394852	"P013"	"Inflamed UC"	"Activated crypt-top fibroblast"	NA	16.0357687383089
"SAM24410863_35526"	3.96512797850343	-5.17812716989335	"P013"	"Inflamed UC"	"Activated crypt-top fibroblast"	NA	16.6485098143191
"SAM24410863_552832"	4.13106850165102	-4.73796689538773	"P013"	"Inflamed UC"	"Activated crypt-top fibroblast"	NA	16.2335270982717
"SAM24410863_283869"	3.79880479353639	-4.70921027688797	"P013"	"Inflamed UC"	"Inflammatory fibroblast"	NA	16.1361704665149
"SAM24410863_613433"	3.99607327955934	-4.50031745462235	"P013"	"Inflamed UC"	"Resting crypt-top fibroblast"	NA	15.9773258629857
"SAM24410863_510975"	3.65859201925966	-4.95900142221268	"P013"	"Inflamed UC"	"Resting crypt-top fibroblast"	NA	16.4104151641382
"SAM24410863_9248"	3.87199262160036	-4.4480832818013	"P013"	"Inflamed UC"	"Resting crypt-top fibroblast"	NA	15.8884037960365
"SAM24410863_269111"	4.17609003561708	-4.43230855493363	"P013"	"Inflamed UC"	"Inflammatory fibroblast"	NA	15.9639189970744
"SAM24410863_857588"	4.06578424948427	-4.90516984491166	"P013"	"Inflamed UC"	"Activated crypt-top fibroblast"	NA	16.3802141846517
"SAM24410863_111010"	3.7941100932953	-4.63508307962235	"P013"	"Inflamed UC"	"Activated crypt-top fibroblast"	NA	16.0483664719964
"SAM24410863_136655"	4.12563160437318	-4.65916526346024	"P013"	"Inflamed UC"	"Activated crypt-top fibroblast"	NA	16.1553221807703
"SAM24410863_782705"	3.9384680129883	-4.82572972802933	"P013"	"Inflamed UC"	"Activated crypt-top fibroblast"	NA	16.28537104538
"SAM24410863_552059"	3.91184738653871	-4.7414206269246	"P013"	"Inflamed UC"	"Resting crypt-top fibroblast"	NA	16.1912276501078
"SAM24410863_465860"	4.06393126028749	-4.98326957254227	"P013"	"Inflamed UC"	"Resting crypt-top fibroblast"	NA	16.4547322639531
"SAM24410863_257367"	5.95499328154298	7.67533123464767	"P013"	"Inflamed UC"	"Inflammatory fibroblast"	NA	9.83715703772909
"SAM24410863_735014"	4.17374065893861	-4.78213870553788	"P013"	"Inflamed UC"	"Resting crypt-top fibroblast"	NA	16.2717600673901
"SAM24410863_426164"	4.0170870162842	-4.34407889871415	"P013"	"Inflamed UC"	"Inflammatory fibroblast"	NA	15.8426896248952
"SAM24410863_358883"	3.94923857229921	-4.84819066552933	"P013"	"Inflamed UC"	"Activated crypt-top fibroblast"	NA	16.3090096797646
"SAM24410863_309761"	3.72903731840822	-4.93473756341752	"P013"	"Inflamed UC"	"Activated crypt-top fibroblast"	NA	16.3671327126122
"SAM24410863_840252"	4.03845766562196	-5.0703042748433	"P013"	"Inflamed UC"	"Resting crypt-top fibroblast"	NA	16.539874021947
"SAM24410863_403154"	4.23465326803896	-4.4671491387349	"P013"	"Inflamed UC"	"Inflammatory fibroblast"	NA	16.0141197841316
"SAM24410863_636060"	3.92095950621339	-5.27397954492386	"P013"	"Inflamed UC"	"Activated crypt-top fibroblast"	NA	16.7488426055669
"SAM24410863_47088"	4.11687043684694	-4.35850703744706	"P013"	"Inflamed UC"	"Activated crypt-top fibroblast"	NA	15.8916049574238
"SAM24410863_879143"	4.14825156706545	-4.76774585275467	"P013"	"Inflamed UC"	"Activated crypt-top fibroblast"	NA	16.2542714480617
"SAM24410863_214788"	3.98825934904787	-4.96074855356034	"P013"	"Inflamed UC"	"Resting crypt-top fibroblast"	NA	16.4284904355707
"SAM24410863_239349"	3.87673262137148	-4.68894326715287	"P013"	"Inflamed UC"	"Resting crypt-top fibroblast"	NA	16.132585489595
"SAM24410863_425650"	4.06284001845094	-4.90904843835648	"P013"	"Inflamed UC"	"Resting crypt-top fibroblast"	NA	16.3836910607815
"SAM24410863_56253"	4.13394621390077	-5.07213151483353	"P013"	"Inflamed UC"	"Activated crypt-top fibroblast"	NA	16.5406338371705
"SAM24410863_845020"	4.26986769217226	-3.86926639108475	"P013"	"Inflamed UC"	"Resting crypt-top fibroblast"	NA	15.5456555232304
"SAM24410863_843578"	3.85993555563661	-5.32462251214798	"P013"	"Inflamed UC"	"Activated crypt-top fibroblast"	NA	16.8051051975097
"SAM24410863_536769"	3.90489843863222	-4.69634521035965	"P013"	"Inflamed UC"	"Activated crypt-top fibroblast"	NA	16.1456936625082
"SAM24410863_705799"	4.18341926115724	-4.66249454049881	"P013"	"Inflamed UC"	"Activated crypt-top fibroblast"	NA	16.1706191446956
"SAM24410863_539701"	3.77732518690797	-4.54400479821976	"P013"	"Inflamed UC"	"Resting crypt-top fibroblast"	NA	15.9563065298871
"SAM24410863_81500"	3.98773411291811	-4.36402499704178	"P013"	"Inflamed UC"	"Resting crypt-top fibroblast"	NA	15.8509147766503
"SAM24410863_867631"	4.15764049071047	-4.68471133737381	"P013"	"Inflamed UC"	"Resting crypt-top fibroblast"	NA	16.1869770025053
"SAM24410863_690223"	4.09493092077943	-4.15785110025223	"P013"	"Inflamed UC"	"Resting crypt-top fibroblast"	NA	15.7121229388078
"SAM24410863_305309"	3.99021819609377	-5.51113069085892	"P013"	"Inflamed UC"	"Resting crypt-top fibroblast"	NA	16.9827071902186
"SAM24410863_572767"	3.97550967711183	-4.27167308358963	"P013"	"Inflamed UC"	"Resting crypt-top fibroblast"	NA	15.7602393399747
"SAM24410863_184808"	3.91682151335451	-4.2540987732869	"P013"	"Inflamed UC"	"Resting crypt-top fibroblast"	NA	15.7269356658334
"SAM24410863_41587"	3.92485192793581	-4.83042418985184	"P013"	"Inflamed UC"	"Activated crypt-top fibroblast"	NA	16.2883131583896
"SAM24410863_459604"	3.83891705054018	-3.8679322007161	"P013"	"Inflamed UC"	"Resting crypt-top fibroblast"	NA	15.3554766123799
"SAM24410863_155536"	3.89057401198122	-4.89544951944168	"P013"	"Inflamed UC"	"Inflammatory fibroblast"	NA	16.3485033043543
"SAM24410863_522203"	4.18679455298158	-5.21214187173661	"P013"	"Inflamed UC"	"Resting crypt-top fibroblast"	NA	16.6739669895716
"SAM24410863_104326"	3.94564655798647	-4.42608964471634	"P013"	"Inflamed UC"	"Resting crypt-top fibroblast"	NA	15.893993170416
"SAM24410863_656049"	3.85330704230043	-4.06823861627396	"P013"	"Inflamed UC"	"Resting crypt-top fibroblast"	NA	15.5353215578007
"SAM24410863_313649"	3.94102219122621	-4.79618918924149	"P013"	"Inflamed UC"	"Activated crypt-top fibroblast"	NA	16.2563874571592
"SAM24410863_552273"	3.91992047804567	-4.79276359109696	"P013"	"Inflamed UC"	"Activated crypt-top fibroblast"	NA	16.250331350079
"SAM24410863_120326"	3.93877891081545	-4.58471858529862	"P013"	"Inflamed UC"	"Activated crypt-top fibroblast"	NA	16.0417014257757
"SAM24410863_68381"	4.05690458792421	-5.25421655206498	"P013"	"Inflamed UC"	"Inflammatory fibroblast"	NA	16.7223977156451
"SAM24410863_884691"	3.96205690878603	-4.10375440149125	"P013"	"Inflamed UC"	"Resting crypt-top fibroblast"	NA	15.6083290237646
"SAM24410863_181387"	3.93716863173219	-3.90748727350052	"P013"	"Inflamed UC"	"Resting crypt-top fibroblast"	NA	15.4296855014948
"SAM24410863_532166"	3.96949461477968	-5.2849186661702	"P013"	"Inflamed UC"	"Resting crypt-top fibroblast"	NA	16.757374249372
"SAM24410863_11606"	3.93534735220644	-4.64830529718216	"P013"	"Inflamed UC"	"Resting crypt-top fibroblast"	NA	16.1050525415164
"SAM24410863_159334"	3.73681477087709	-4.42051160363968	"P013"	"Inflamed UC"	"Resting crypt-top fibroblast"	NA	15.8146347515183
"SAM24410863_295638"	3.88972667235109	-5.29217422036942	"P013"	"Inflamed UC"	"Activated crypt-top fibroblast"	NA	16.7685557974322
"SAM24410863_23021"	4.1758947708008	-4.67077338723954	"P013"	"Inflamed UC"	"Activated crypt-top fibroblast"	NA	16.1771484664792
"SAM24410863_726543"	3.97693446654054	-5.19929444818314	"P013"	"Inflamed UC"	"Activated crypt-top fibroblast"	NA	16.6714872731027
"SAM24410863_663685"	4.18979981917116	-4.38260257272538	"P013"	"Inflamed UC"	"Activated crypt-top fibroblast"	NA	15.9202496937549
"SAM24410863_795299"	3.81195691603395	-4.29747283487137	"P013"	"Inflamed UC"	"Resting crypt-top fibroblast"	NA	15.7235309521138
"SAM24410863_780638"	3.99241236227724	-4.35602986841019	"P013"	"Inflamed UC"	"Resting crypt-top fibroblast"	NA	15.845101492773
"SAM24410863_678761"	3.9830499030945	-4.41545665292557	"P013"	"Inflamed UC"	"Resting crypt-top fibroblast"	NA	15.8973326186122
"SAM24410863_340852"	3.8592763282654	-5.42512738733109	"P013"	"Inflamed UC"	"Activated crypt-top fibroblast"	NA	16.9054352318198
"SAM24410863_825997"	3.89800623434755	-4.29848229913529	"P013"	"Inflamed UC"	"Resting crypt-top fibroblast"	NA	15.7577850817847
"SAM24410863_809831"	4.18964365500185	-4.76762425927933	"P013"	"Inflamed UC"	"Activated crypt-top fibroblast"	NA	16.2593642116598
"SAM24410863_435302"	3.96925905722353	-5.02444827585038	"P013"	"Inflamed UC"	"Resting crypt-top fibroblast"	NA	16.491170765517
"SAM24410863_326918"	-4.79632946473387	-0.67411202220734	"P013"	"Inflamed UC"	"Resting crypt-top fibroblast"	NA	3.85804859016409
"SAM24410863_593934"	3.89473632353517	-3.77432382135209	"P013"	"Inflamed UC"	"Resting crypt-top fibroblast"	NA	15.3001614207269
"SAM24410863_569427"	4.21480802077028	-4.84247338800248	"P013"	"Inflamed UC"	"Inflammatory fibroblast"	NA	16.3367867589273
"SAM24410863_339352"	3.74453643339845	-4.62814128427323	"P013"	"Inflamed UC"	"Resting crypt-top fibroblast"	NA	16.0274710323177
"SAM24410863_518367"	3.99941924589845	-5.10148417978104	"P013"	"Inflamed UC"	"Activated crypt-top fibroblast"	NA	16.57148832589
"SAM24410863_19201"	3.89970949667665	-4.3666795495015	"P013"	"Inflamed UC"	"Resting crypt-top fibroblast"	NA	15.8221440664902
"SAM24410863_437614"	3.94370249289247	-4.37398421792801	"P013"	"Inflamed UC"	"Resting crypt-top fibroblast"	NA	15.8445921458313
"SAM24410863_387085"	3.72803047674867	-4.07311856775101	"P013"	"Inflamed UC"	"Resting crypt-top fibroblast"	NA	15.4831643094193
"SAM24410863_22988"	3.86242631453249	-5.15572297601517	"P013"	"Inflamed UC"	"Resting crypt-top fibroblast"	NA	16.6272549542705
"SAM24410863_666382"	4.12313536184999	-4.43903100518998	"P013"	"Inflamed UC"	"Inflammatory fibroblast"	NA	15.9551397645093
"SAM24410863_111382"	3.61985615271303	-4.73437058954056	"P013"	"Inflamed UC"	"Resting crypt-top fibroblast"	NA	16.1234924361399
"SAM24410863_694121"	3.70628360289308	-4.67859780816849	"P013"	"Inflamed UC"	"Resting crypt-top fibroblast"	NA	16.0648060391908
"SAM24410863_476888"	3.93077329176637	-4.99940288095292	"P013"	"Inflamed UC"	"Resting crypt-top fibroblast"	NA	16.4642497000966
"SAM24410863_142819"	3.17158535498354	-4.71165454416092	"P013"	"Inflamed UC"	"Resting crypt-top fibroblast"	NA	15.9428068161711
"SAM24410863_62003"	3.51523092764589	-4.69933879403885	"P013"	"Inflamed UC"	"Resting crypt-top fibroblast"	NA	16.0297674073761
"SAM24410863_477858"	-0.133283819973739	2.85493719549362	"P013"	"Inflamed UC"	"Resting crypt-top fibroblast"	NA	8.57529321988147
"SAM24410863_797432"	3.73488048094484	-4.62716758279618	"P013"	"Inflamed UC"	"Resting crypt-top fibroblast"	NA	16.023763478372
"SAM24410863_687319"	3.93210223692629	-3.87600076227005	"P013"	"Inflamed UC"	"Resting crypt-top fibroblast"	NA	15.3992991951027
"SAM24410863_417296"	3.86204484480592	-4.51693761377152	"P013"	"Inflamed UC"	"Resting crypt-top fibroblast"	NA	15.9547278537553
"SAM24410863_239309"	4.04404262083742	-4.18657529382523	"P013"	"Inflamed UC"	"Resting crypt-top fibroblast"	NA	15.7174724920232
"SAM24410863_173065"	2.68291977423402	-4.56895911722001	"P013"	"Inflamed UC"	"Resting crypt-top fibroblast"	NA	15.4542371811311
"SAM24410863_42315"	-3.26434060555724	-0.022276222990116	"P013"	"Inflamed UC"	"Resting crypt-top fibroblast"	NA	5.2766270477041
"SAM24410863_482075"	3.9577756263611	-5.14708888559159	"P013"	"Inflamed UC"	"Resting crypt-top fibroblast"	NA	16.6175556488832
"SAM24410863_708275"	4.01075795668337	-5.06429517297562	"P013"	"Inflamed UC"	"Activated crypt-top fibroblast"	NA	16.534174905294
"SAM24410863_663404"	3.29749468344423	-4.74009788064774	"P013"	"Inflamed UC"	"Resting crypt-top fibroblast"	NA	16.0062341257513
"SAM24410863_115024"	4.13187674063417	-4.40751445321854	"P013"	"Inflamed UC"	"Resting crypt-top fibroblast"	NA	15.9274647814563
"SAM24410863_445298"	3.7179394103882	-4.73225820092972	"P013"	"Inflamed UC"	"Resting crypt-top fibroblast"	NA	16.1418632462874
"SAM24410863_728143"	3.5159175731537	-4.79108369378861	"P013"	"Inflamed UC"	"Resting crypt-top fibroblast"	NA	16.1573039242233
"SAM24410863_61456"	-6.07019230347899	-1.36736869840439	"P013"	"Inflamed UC"	"Resting crypt-top fibroblast"	NA	2.63058688250181
"SAM24410865_33105"	4.06640270727846	-5.1817282441121	"P014"	"Uninflamed UC"	"Inflammatory fibroblast"	NA	16.6509786786946
"SAM24410865_721415"	4.16572884100649	-5.06880700616654	"P014"	"Uninflamed UC"	"Inflammatory fibroblast"	NA	16.5369542900696
"SAM24410865_868536"	4.05563071745607	-4.33328425912674	"P014"	"Uninflamed UC"	"Activated crypt-top fibroblast"	NA	15.8462828293193
"SAM24410865_26574"	4.02904943007204	-4.66393792657669	"P014"	"Uninflamed UC"	"Inflammatory fibroblast"	NA	16.1398660256745
"SAM24410865_571788"	3.86773160475465	-4.89867150811966	"P014"	"Uninflamed UC"	"Inflammatory fibroblast"	NA	16.3488226027758
"SAM24410865_385881"	3.71718553084108	-4.25198543100174	"P014"	"Uninflamed UC"	"Resting crypt-top fibroblast"	NA	15.6432035665471
"SAM24410866_31737"	4.06735065954897	-5.08727967767533	"P014"	"Inflamed UC"	"Inflammatory fibroblast"	NA	16.5565254167283
"SAM24410866_234195"	4.060071740329	-5.1590789559346	"P014"	"Inflamed UC"	"Inflammatory fibroblast"	NA	16.6284015689351
"SAM24410866_239681"	4.07066873091432	-5.1761711838704	"P014"	"Inflamed UC"	"Inflammatory fibroblast"	NA	16.6453742826803
"SAM24410866_804590"	4.1621749736664	-4.26749265222367	"P014"	"Inflamed UC"	"Inflammatory fibroblast"	NA	16.1256119181856
"SAM24410866_98364"	4.07950261610719	-4.57060039071854	"P014"	"Inflamed UC"	"Inflammatory fibroblast"	NA	16.0686199444412
"SAM24410866_661831"	4.06252506750795	-4.75782048730668	"P014"	"Inflamed UC"	"Inflammatory fibroblast"	NA	16.2386630833393
"SAM24410866_315094"	4.02745893973085	-4.58686292199906	"P014"	"Inflamed UC"	"Inflammatory fibroblast"	NA	16.0692401629977
"SAM24410871_45351"	4.12175754088136	-4.97792565851029	"P016"	"Uninflamed UC"	"Activated crypt-top fibroblast"	NA	16.4522593726481
"SAM24410871_522192"	3.99968055266115	-5.04345977334793	"P016"	"Uninflamed UC"	"Activated crypt-top fibroblast"	NA	16.5116658721698
"SAM24410871_836567"	4.1628058292267	-4.80408275155838	"P016"	"Uninflamed UC"	"Activated crypt-top fibroblast"	NA	16.2921521038665
"SAM24410871_857233"	4.10306314009401	-4.2655094864827	"P016"	"Uninflamed UC"	"Resting crypt-top fibroblast"	NA	15.7997639659253
"SAM24410871_880567"	4.01611164587709	-4.80817449121293	"P016"	"Uninflamed UC"	"Resting crypt-top fibroblast"	NA	16.2777349303289
"SAM24410871_754720"	3.8364160396454	-5.10259759454544	"P016"	"Uninflamed UC"	"Resting crypt-top fibroblast"	NA	16.5744236178838
"SAM24410871_188870"	3.89698198813173	-4.6672166588765	"P016"	"Uninflamed UC"	"Resting crypt-top fibroblast"	NA	16.1155549433267
"SAM24410872_213588"	4.03112414854738	-5.2866071465474	"P016"	"Inflamed UC"	"Inflammatory fibroblast"	NA	16.7560205865984
"SAM24410872_467610"	4.06869820135805	-5.21300256280716	"P016"	"Inflamed UC"	"Activated crypt-top fibroblast"	NA	16.6806521394527
"SAM24410872_201409"	4.05143931883547	-5.13382041482743	"P016"	"Inflamed UC"	"Inflammatory fibroblast"	NA	16.6032410934466
"SAM24410872_741558"	4.16735127943727	-5.00661981134232	"P016"	"Inflamed UC"	"Activated crypt-top fibroblast"	NA	16.4831768146844
"SAM24410872_321695"	4.12635544317934	-4.69706189660843	"P016"	"Inflamed UC"	"Activated crypt-top fibroblast"	NA	16.1925378697513
"SAM24410872_500716"	3.99223497885439	-5.23163640527543	"P016"	"Inflamed UC"	"Inflammatory fibroblast"	NA	16.7030351073777
"SAM24410872_252429"	4.14982322233888	-4.71039664773758	"P016"	"Inflamed UC"	"Activated crypt-top fibroblast"	NA	16.2104697426593
"SAM24410872_341598"	4.06566313284609	-4.76297986535843	"P016"	"Inflamed UC"	"Inflammatory fibroblast"	NA	16.2410839343314
"SAM24410872_728745"	3.94057444113466	-4.49739491967972	"P016"	"Inflamed UC"	"Activated crypt-top fibroblast"	NA	15.9585773609225
"SAM24410872_272541"	4.07612327116701	-4.13398063211258	"P016"	"Inflamed UC"	"Inflammatory fibroblast"	NA	15.989082450505
"SAM24410872_788458"	3.99769118803713	-4.03924787072953	"P016"	"Inflamed UC"	"Resting crypt-top fibroblast"	NA	15.5652177577508
"SAM24410872_96374"	4.07950190085146	-5.07336318521317	"P016"	"Inflamed UC"	"Activated crypt-top fibroblast"	NA	16.5424739747189
"SAM24410872_84996"	3.82574895399782	-4.14794480829056	"P016"	"Inflamed UC"	"Resting crypt-top fibroblast"	NA	15.5927845072665
"SAM24410872_749794"	3.72986701506349	-4.52717387704667	"P016"	"Inflamed UC"	"Resting crypt-top fibroblast"	NA	15.9265470691655
"SAM24410872_305360"	3.99103406447145	-4.73369205026444	"P016"	"Inflamed UC"	"Resting crypt-top fibroblast"	NA	16.2001682062821
"SAM24410872_611682"	3.43480375784609	-5.40194594888504	"P016"	"Inflamed UC"	"Resting crypt-top fibroblast"	NA	16.9127658452974
"SAM24410872_855013"	3.93092778700563	-5.51408994226273	"P016"	"Inflamed UC"	"Inflammatory fibroblast"	NA	16.9898196423771
"SAM24410872_643023"	3.55776551741335	-4.74626624612626	"P016"	"Inflamed UC"	"Resting crypt-top fibroblast"	NA	16.1221896674719
"SAM24410872_442527"	3.69170216101381	-4.93701112298783	"P016"	"Inflamed UC"	"Resting crypt-top fibroblast"	NA	16.3646857535773
"SAM24410872_748284"	3.80263594168398	-5.28701961068924	"P016"	"Inflamed UC"	"Resting crypt-top fibroblast"	NA	16.7677035111771
"SAM24410872_729680"	3.69079235571596	-4.68929898767289	"P016"	"Inflamed UC"	"Resting crypt-top fibroblast"	NA	16.0941904946879
"SAM24410872_463072"	3.79735330122682	-4.39042317895707	"P016"	"Inflamed UC"	"Resting crypt-top fibroblast"	NA	15.8080002040042
"SAM24410872_88388"	3.53605941313478	-4.27618730096634	"P016"	"Inflamed UC"	"Resting crypt-top fibroblast"	NA	15.5910606814827
"SAM24411909_468336"	4.0877337791321	-4.94812428979691	"P017"	"Uninflamed UC"	"Resting crypt-top fibroblast"	NA	16.4208092003003
"SAM24411909_759764"	3.97766212004396	-4.69423711328324	"P017"	"Uninflamed UC"	"Resting crypt-top fibroblast"	NA	16.1587930294054
"SAM24411909_449220"	4.10791018980714	-4.80239951638993	"P017"	"Uninflamed UC"	"Resting crypt-top fibroblast"	NA	16.2835680941765
"SAM24411909_565588"	4.03633574026796	-5.06769311456498	"P017"	"Uninflamed UC"	"Activated crypt-top fibroblast"	NA	16.5372867423246
"SAM24411909_363447"	4.02800730246278	-4.64323127298172	"P017"	"Uninflamed UC"	"Activated crypt-top fibroblast"	NA	16.1193967069586
"SAM24411909_4304"	3.96390679854128	-4.76219403772171	"P017"	"Uninflamed UC"	"Resting crypt-top fibroblast"	NA	16.2223923303657
"SAM24411909_297229"	3.91069654005739	-5.07011306314286	"P017"	"Uninflamed UC"	"Resting crypt-top fibroblast"	NA	16.5411108552777
"SAM24411909_539929"	3.95734694975588	-5.10816609887894	"P017"	"Uninflamed UC"	"Resting crypt-top fibroblast"	NA	16.5786400851036
"SAM24411909_179305"	3.94209912794801	-5.0457304718953	"P017"	"Uninflamed UC"	"Resting crypt-top fibroblast"	NA	16.5110814498989
"SAM24411909_698418"	3.71512011069032	-4.82213056115921	"P017"	"Uninflamed UC"	"Resting crypt-top fibroblast"	NA	16.2536695741857
"SAM24411909_398362"	4.11305216330263	-4.99099099664505	"P017"	"Uninflamed UC"	"Activated crypt-top fibroblast"	NA	16.4648774446787
"SAM24411909_522758"	3.96791509169313	-4.89269435434159	"P017"	"Uninflamed UC"	"Resting crypt-top fibroblast"	NA	16.3555112925063
"SAM24411909_70213"	4.1872313358185	-4.27659070520218	"P017"	"Uninflamed UC"	"Resting crypt-top fibroblast"	NA	15.8400063871924
"SAM24411909_340216"	4.0714447833893	-4.69272315530594	"P017"	"Uninflamed UC"	"Resting crypt-top fibroblast"	NA	16.176853054729
"SAM24411909_593202"	4.03639701384279	-4.83057105569657	"P017"	"Uninflamed UC"	"Activated crypt-top fibroblast"	NA	16.3025081071937
"SAM24411909_41654"	3.90901640433046	-4.84258639840897	"P017"	"Uninflamed UC"	"Resting crypt-top fibroblast"	NA	16.2983840068949
"SAM24411909_536456"	4.07422474402162	-4.62142837076004	"P017"	"Uninflamed UC"	"Resting crypt-top fibroblast"	NA	16.1077023043863
"SAM24411909_660856"	4.1774063445923	-4.96049010782059	"P017"	"Uninflamed UC"	"Resting crypt-top fibroblast"	NA	16.4376018261788
"SAM24411909_275006"	3.94875315207216	-4.78656041650589	"P017"	"Uninflamed UC"	"Resting crypt-top fibroblast"	NA	16.2478090887567
"SAM24411909_17887"	3.94033483046266	-4.81977498559769	"P017"	"Uninflamed UC"	"Resting crypt-top fibroblast"	NA	16.2796988521626
"SAM24411909_491304"	3.99930623549196	-5.10954606561478	"P017"	"Uninflamed UC"	"Resting crypt-top fibroblast"	NA	16.5795509712668
"SAM24411909_54339"	3.63305309790346	-4.75990521936234	"P017"	"Uninflamed UC"	"Resting crypt-top fibroblast"	NA	16.1512163690183
"SAM24411909_821748"	4.18479541319582	-4.58326661615189	"P017"	"Uninflamed UC"	"Resting crypt-top fibroblast"	NA	16.0934168725478
"SAM24411909_520465"	4.02862623709413	-4.92608773736771	"P017"	"Uninflamed UC"	"Resting crypt-top fibroblast"	NA	16.3958717704872
"SAM24411909_811641"	3.99263719099733	-4.91476666955765	"P017"	"Uninflamed UC"	"Resting crypt-top fibroblast"	NA	16.3805216145254
"SAM24411909_143975"	4.24046805876466	-4.68008410959061	"P017"	"Uninflamed UC"	"Resting crypt-top fibroblast"	NA	16.1997094619631
"SAM24411909_175361"	3.7942493297455	-5.00147330789383	"P017"	"Uninflamed UC"	"Resting crypt-top fibroblast"	NA	16.4595547823089
"SAM24411909_352538"	3.77335766333315	-4.82428109674271	"P017"	"Uninflamed UC"	"Resting crypt-top fibroblast"	NA	16.2631380813407
"SAM24411909_571393"	3.70095613974306	-4.60921943216141	"P017"	"Uninflamed UC"	"Resting crypt-top fibroblast"	NA	15.9968232672054
"SAM24411909_422538"	3.89298561590883	-5.31916368036087	"P017"	"Uninflamed UC"	"Resting crypt-top fibroblast"	NA	16.7974812737354
"SAM24411909_847544"	3.76291135328981	-4.74659526376542	"P017"	"Uninflamed UC"	"Resting crypt-top fibroblast"	NA	16.1652560850653
"SAM24411910_244042"	3.96114257353517	-5.25072705774125	"P017"	"Inflamed UC"	"Inflammatory fibroblast"	NA	16.7236362583936
"SAM24411910_116610"	4.07385829466554	-5.19305980233963	"P017"	"Inflamed UC"	"Inflammatory fibroblast"	NA	16.660479117797
"SAM24411910_84781"	3.59482005614015	-4.44746863870438	"P017"	"Inflamed UC"	"Resting crypt-top fibroblast"	NA	15.7894216566196
"SAM24411910_542330"	3.9119079448578	-4.91462552575882	"P017"	"Inflamed UC"	"Inflammatory fibroblast"	NA	16.3702136383721
"SAM24411910_534819"	4.14403751867983	-4.63155353097733	"P017"	"Inflamed UC"	"Activated crypt-top fibroblast"	NA	16.1321515728075
"SAM24411910_221854"	3.93942144888612	-5.25354754953202	"P017"	"Inflamed UC"	"Inflammatory fibroblast"	NA	16.7275247853438
"SAM24411910_652545"	3.97259048002931	-4.99881064920243	"P017"	"Inflamed UC"	"Inflammatory fibroblast"	NA	16.4657296369309
"SAM24411910_675257"	3.9845774509308	-5.00277364282425	"P017"	"Inflamed UC"	"Inflammatory fibroblast"	NA	16.4702815477843
"SAM24411910_186365"	4.04153421896669	-5.03457629709061	"P017"	"Inflamed UC"	"Inflammatory fibroblast"	NA	16.5048665501556
"SAM24411910_676383"	4.12005785483095	-4.88536012201127	"P017"	"Inflamed UC"	"Resting crypt-top fibroblast"	NA	16.3673980511148
"SAM24411910_128217"	4.21186164396974	-4.78929126291092	"P017"	"Inflamed UC"	"Inflammatory fibroblast"	NA	16.2836570537841
"SAM24411910_105699"	3.94071177023622	-5.22387874154862	"P017"	"Inflamed UC"	"Inflammatory fibroblast"	NA	16.6978284462839
"SAM24411910_659136"	3.83704093474123	-3.93122422723587	"P017"	"Inflamed UC"	"Resting crypt-top fibroblast"	NA	15.4057023073363
"SAM24411910_222620"	4.21810678023073	-4.46721875696	"P017"	"Inflamed UC"	"Inflammatory fibroblast"	NA	16.0094313380085
"SAM24411910_127254"	4.17416432875368	-4.38196408777054	"P017"	"Inflamed UC"	"Inflammatory fibroblast"	NA	16.2196470411943
"SAM24411910_345361"	4.01006320494386	-4.36209237603959	"P017"	"Inflamed UC"	"Inflammatory fibroblast"	NA	15.8570358005824
"SAM24411910_380637"	4.08255866545412	-4.28264892129715	"P017"	"Inflamed UC"	"Resting crypt-top fibroblast"	NA	15.8085068581872
"SAM24411910_114851"	4.16306975859377	-4.20308911828812	"P017"	"Inflamed UC"	"Activated crypt-top fibroblast"	NA	15.7627150232822
"SAM24411910_267093"	3.93313888090822	-4.15820586709793	"P017"	"Inflamed UC"	"Resting crypt-top fibroblast"	NA	15.6461494402995
"SAM24411910_129664"	3.96622994917604	-4.01298654107865	"P017"	"Inflamed UC"	"Inflammatory fibroblast"	NA	15.8379357394365
"SAM24411910_839038"	4.06524303930971	-5.2629631760579	"P017"	"Inflamed UC"	"Inflammatory fibroblast"	NA	16.7307223689622
"SAM24411910_806513"	4.06299189108583	-5.19638049630936	"P017"	"Inflamed UC"	"Activated crypt-top fibroblast"	NA	16.6643317917305
"SAM24411910_359123"	3.55613330382082	-4.61132752923783	"P017"	"Inflamed UC"	"Resting crypt-top fibroblast"	NA	15.9572232690797
"SAM24411910_504865"	3.99406388777467	-5.2816981080037	"P017"	"Inflamed UC"	"Inflammatory fibroblast"	NA	16.7529456484199
"SAM24411910_386834"	3.72508052366945	-4.27791678933915	"P017"	"Inflamed UC"	"Resting crypt-top fibroblast"	NA	15.6700930039293
"SAM24411910_105965"	3.44568828123781	-4.96252286462601	"P017"	"Inflamed UC"	"Resting crypt-top fibroblast"	NA	16.3590085537456
"SAM24411910_195756"	3.51507929342958	-4.62205159692582	"P017"	"Inflamed UC"	"Resting crypt-top fibroblast"	NA	15.9556968636369
"SAM24412534_269873"	3.93215445059511	-5.27196538476761	"P019"	"Uninflamed UC"	"Resting crypt-top fibroblast"	NA	16.7462786684896
"SAM24412534_110751"	3.82667258757326	-5.20133721856888	"P019"	"Uninflamed UC"	"Resting crypt-top fibroblast"	NA	16.6809397379394
"SAM24412534_619583"	3.92827919501039	-5.22108638315018	"P019"	"Uninflamed UC"	"Resting crypt-top fibroblast"	NA	16.6956527665784
"SAM24412534_183437"	3.83753851431581	-5.43298327951249	"P019"	"Uninflamed UC"	"Resting crypt-top fibroblast"	NA	16.9154661751508
"SAM24412534_183714"	3.71111801642152	-5.04177558450516	"P019"	"Uninflamed UC"	"Resting crypt-top fibroblast"	NA	16.4956896185724
"SAM24412534_182830"	3.94057062643739	-5.21254766015824	"P019"	"Uninflamed UC"	"Resting crypt-top fibroblast"	NA	16.6865181216123
"SAM24412534_79230"	3.97132900732729	-5.32713925866898	"P019"	"Uninflamed UC"	"Activated crypt-top fibroblast"	NA	16.8002791965112
"SAM24412534_544932"	3.55659845846864	-4.77866971521195	"P019"	"Uninflamed UC"	"Resting crypt-top fibroblast"	NA	16.1536387662607
"SAM24412534_5628"	4.03507259863588	-5.10299384622391	"P019"	"Uninflamed UC"	"Resting crypt-top fibroblast"	NA	16.5725993873903
"SAM24412534_163927"	4.04750135916444	-5.32822024850663	"P019"	"Uninflamed UC"	"Resting crypt-top fibroblast"	NA	16.7963405059445
"SAM24412534_445048"	3.9288723804352	-4.45200717477616	"P019"	"Uninflamed UC"	"Resting crypt-top fibroblast"	NA	15.9122666797175
"SAM24412534_119994"	3.90476897734377	-5.00096690683182	"P019"	"Uninflamed UC"	"Resting crypt-top fibroblast"	NA	16.4645236653326
"SAM24412534_350328"	3.79148772734377	-5.37058532266434	"P019"	"Uninflamed UC"	"Resting crypt-top fibroblast"	NA	16.85547672486
"SAM24412534_400445"	3.92232254523012	-5.49809587030228	"P019"	"Uninflamed UC"	"Resting crypt-top fibroblast"	NA	16.9744688392138
"SAM24412534_499032"	3.90811661261293	-5.13066566018876	"P019"	"Uninflamed UC"	"Activated crypt-top fibroblast"	NA	16.6016885064778
"SAM24412534_78075"	3.94331387060854	-5.47819459466752	"P019"	"Uninflamed UC"	"Resting crypt-top fibroblast"	NA	16.9531436290725
"SAM24412534_24095"	3.67687562483522	-4.11832416086014	"P019"	"Uninflamed UC"	"Resting crypt-top fibroblast"	NA	15.500433020134
"SAM24412534_258243"	3.80319431799623	-5.27606713800248	"P019"	"Uninflamed UC"	"Activated crypt-top fibroblast"	NA	16.7567368280727
"SAM24412534_211317"	3.65092066305849	-4.93777358560379	"P019"	"Uninflamed UC"	"Resting crypt-top fibroblast"	NA	16.3603056601315
"SAM24412534_419048"	4.01572302359316	-5.49333894281205	"P019"	"Uninflamed UC"	"Activated crypt-top fibroblast"	NA	16.9631695884585
"SAM24412534_164961"	3.83196524161073	-5.48765313653763	"P019"	"Uninflamed UC"	"Resting crypt-top fibroblast"	NA	16.9703923526726
"SAM24412534_524227"	3.83664659041139	-5.44394576577958	"P019"	"Uninflamed UC"	"Resting crypt-top fibroblast"	NA	16.9264642258891
"SAM24412534_705471"	3.68208864706728	-4.12619674234208	"P019"	"Uninflamed UC"	"Resting crypt-top fibroblast"	NA	15.5098106862064
"SAM24412534_287335"	3.89873889464113	-5.48573386697586	"P019"	"Uninflamed UC"	"Resting crypt-top fibroblast"	NA	16.963792208475
"SAM24412535_703764"	4.108829055011	-4.47208488015946	"P019"	"Inflamed UC"	"Inflammatory fibroblast"	NA	15.9826879728473
"SAM24412535_208226"	3.76344803351137	-5.15278804330643	"P019"	"Inflamed UC"	"Inflammatory fibroblast"	NA	16.6254265215509
"SAM24412535_25045"	4.17493823546144	-5.11389625100907	"P019"	"Inflamed UC"	"Activated crypt-top fibroblast"	NA	16.5819377814558
"SAM24412535_157991"	4.19746831434938	-4.45692813424881	"P019"	"Inflamed UC"	"Inflammatory fibroblast"	NA	15.9936437280784
"SAM24412535_880141"	4.13147214430544	-4.125177741335	"P019"	"Inflamed UC"	"Inflammatory fibroblast"	NA	15.9996200044159
"SAM24412535_80491"	3.96936253088686	-5.61740767984208	"P019"	"Inflamed UC"	"Resting crypt-top fibroblast"	NA	17.0902119831272
"SAM24412535_611144"	4.17574122923586	-4.53125131158646	"P019"	"Inflamed UC"	"Inflammatory fibroblast"	NA	16.0585877805587
"SAM24412535_316656"	4.09917620199892	-4.97191035775956	"P019"	"Inflamed UC"	"Activated crypt-top fibroblast"	NA	16.4451328752805
"SAM24412535_657233"	4.0798631049988	-4.29915654687699	"P019"	"Inflamed UC"	"Inflammatory fibroblast"	NA	16.1321305477803
"SAM24412535_603941"	4.1739940978882	-4.99000394372757	"P019"	"Inflamed UC"	"Activated crypt-top fibroblast"	NA	16.4669104017555
"SAM24412535_642164"	4.13941792029115	-4.46792352227982	"P019"	"Inflamed UC"	"Inflammatory fibroblast"	NA	15.9874927791507
"SAM24412535_203267"	4.11683562773439	-4.08407866983231	"P019"	"Inflamed UC"	"Inflammatory fibroblast"	NA	15.9559929667278
"SAM24412535_468699"	4.19016626852724	-4.66301906137284	"P019"	"Inflamed UC"	"Inflammatory fibroblast"	NA	16.1725379740154
"SAM24412535_308606"	4.12181428450319	-4.90224397210892	"P019"	"Inflamed UC"	"Activated crypt-top fibroblast"	NA	16.3843686700055
"SAM24412535_636289"	4.18341282385561	-4.63918340234574	"P019"	"Inflamed UC"	"Activated crypt-top fibroblast"	NA	16.1478183039266
"SAM24412535_310655"	4.07281020659181	-5.1372922661763	"P019"	"Inflamed UC"	"Activated crypt-top fibroblast"	NA	16.6064738576414
"SAM24412535_184445"	4.17886737364504	-4.40666186837967	"P019"	"Inflamed UC"	"Inflammatory fibroblast"	NA	15.9401523237758
"SAM24412535_606882"	4.07065657156679	-4.58175742654618	"P019"	"Inflamed UC"	"Inflammatory fibroblast"	NA	16.0767641643523
"SAM24412535_121110"	4.14129570502016	-4.23000943689164	"P019"	"Inflamed UC"	"Inflammatory fibroblast"	NA	16.0836934115194
"SAM24412535_675239"	3.98124578970644	-4.58001267938431	"P019"	"Inflamed UC"	"Activated crypt-top fibroblast"	NA	16.0493981569675
"SAM24412535_170463"	4.14303544539186	-4.37398278741654	"P019"	"Inflamed UC"	"Inflammatory fibroblast"	NA	16.2046456945782
"SAM24412535_402175"	4.02261975783083	-4.45987117318924	"P019"	"Inflamed UC"	"Inflammatory fibroblast"	NA	15.94621466333
"SAM24412535_324237"	4.02934125441286	-4.52726686029252	"P019"	"Inflamed UC"	"Inflammatory fibroblast"	NA	16.0126989999527
"SAM24412535_355628"	4.12387231367799	-4.1642664673787	"P019"	"Inflamed UC"	"Inflammatory fibroblast"	NA	16.0157205524097
"SAM24412535_294028"	4.1642124988434	-4.26255118875321	"P019"	"Inflamed UC"	"Inflammatory fibroblast"	NA	16.1214703870109
"SAM24412535_30965"	4.11048153418276	-5.10500705270585	"P019"	"Inflamed UC"	"Activated crypt-top fibroblast"	NA	16.5737695947045
"SAM24412535_668734"	4.01723721998903	-4.65045392541703	"P019"	"Inflamed UC"	"Inflammatory fibroblast"	NA	16.1242167575978
"SAM24412535_482677"	3.95854547995302	-5.24307954339798	"P019"	"Inflamed UC"	"Inflammatory fibroblast"	NA	16.7161261645662
"SAM24412535_59377"	4.14737156408998	-4.9290632012349	"P019"	"Inflamed UC"	"Activated crypt-top fibroblast"	NA	16.4047257083127
"SAM24412535_410079"	4.04341844099733	-5.17635095147904	"P019"	"Inflamed UC"	"Activated crypt-top fibroblast"	NA	16.6458586255711
"SAM24412535_797105"	4.02585128325197	-5.31654346017655	"P019"	"Inflamed UC"	"Activated crypt-top fibroblast"	NA	16.786115126413
"SAM24412535_458701"	4.09007791060182	-4.2195585968953	"P019"	"Inflamed UC"	"Inflammatory fibroblast"	NA	16.0588834326269
"SAM24412535_505173"	4.01307729262087	-5.08504474191483	"P019"	"Inflamed UC"	"Activated crypt-top fibroblast"	NA	16.5548972539633
"SAM24412535_423012"	4.08774498480531	-4.53825557260331	"P019"	"Inflamed UC"	"Activated crypt-top fibroblast"	NA	16.0400082287972
"SAM24412535_232754"	4.08398846167299	-4.44564282922562	"P019"	"Inflamed UC"	"Inflammatory fibroblast"	NA	15.9502226485713
"SAM24412535_771372"	3.89852694052431	-4.72095191507157	"P019"	"Inflamed UC"	"Inflammatory fibroblast"	NA	16.1684327142736
"SAM24412535_865950"	4.07614544409486	-3.87616717843827	"P019"	"Inflamed UC"	"Inflammatory fibroblast"	NA	15.7713491797298
"SAM24412535_271911"	3.96110943335268	-4.61484372644242	"P019"	"Inflamed UC"	"Activated crypt-top fibroblast"	NA	16.0769731314795
"SAM24412535_621816"	4.04966596144411	-4.61759889154252	"P019"	"Inflamed UC"	"Inflammatory fibroblast"	NA	16.098839755526
"SAM24412535_411782"	3.97773412245485	-5.19641339807328	"P019"	"Inflamed UC"	"Resting crypt-top fibroblast"	NA	16.6685702845836
"SAM24412535_554234"	4.17912891882631	-4.0558623078328	"P019"	"Inflamed UC"	"Inflammatory fibroblast"	NA	15.950634080248
"SAM24412535_253454"	4.07489255446169	-4.21258389978226	"P019"	"Inflamed UC"	"Inflammatory fibroblast"	NA	16.0478169288636
"SAM24412535_529099"	3.9782297946808	-4.65985715417679	"P019"	"Inflamed UC"	"Inflammatory fibroblast"	NA	16.1252859321065
"SAM24412535_661195"	4.00254992026064	-4.24596965341385	"P019"	"Inflamed UC"	"Inflammatory fibroblast"	NA	16.05886567087
"SAM24412535_635908"	4.06467679518434	-5.37397515802201	"P019"	"Inflamed UC"	"Inflammatory fibroblast"	NA	16.8408647366896
"SAM24412535_244548"	4.02633026617738	-4.52442920236405	"P019"	"Inflamed UC"	"Inflammatory fibroblast"	NA	16.0091157464089
"SAM24412535_196426"	4.08203772085878	-4.05402219323929	"P019"	"Inflamed UC"	"Inflammatory fibroblast"	NA	15.915896866609
"SAM24412535_863790"	3.94843653219911	-4.12250030069168	"P019"	"Inflamed UC"	"Inflammatory fibroblast"	NA	15.9348780523444
"SAM24412535_707671"	4.16364339369508	-4.69496524362381	"P019"	"Inflamed UC"	"Activated crypt-top fibroblast"	NA	16.198256631057
"SAM24412535_836084"	4.08809331434938	-4.05260932473954	"P019"	"Inflamed UC"	"Inflammatory fibroblast"	NA	15.9166267791758
"SAM24412535_682881"	4.01042059439394	-5.30542123346146	"P019"	"Inflamed UC"	"Inflammatory fibroblast"	NA	16.7758330431212
"SAM24412535_171450"	3.9942586757538	-5.29732692270096	"P019"	"Inflamed UC"	"Activated crypt-top fibroblast"	NA	16.7685458282085
"SAM24412535_363121"	4.14717868345949	-4.93104016809281	"P019"	"Inflamed UC"	"Activated crypt-top fibroblast"	NA	16.4066906936925
"SAM24412535_74064"	4.14044240492555	-4.52771413354691	"P019"	"Inflamed UC"	"Inflammatory fibroblast"	NA	16.0450556406395
"SAM24412535_683113"	3.79455641287538	-5.31787955789383	"P019"	"Inflamed UC"	"Resting crypt-top fibroblast"	NA	16.8026832907023
"SAM24412535_648296"	4.13334229963991	-4.39227807550248	"P019"	"Inflamed UC"	"Inflammatory fibroblast"	NA	15.9138472082408
"SAM24412535_647998"	3.80708530920717	-5.48735177545365	"P019"	"Inflamed UC"	"Activated crypt-top fibroblast"	NA	16.9718375960223
"SAM24412535_100364"	4.06601480025026	-4.23565423517044	"P019"	"Inflamed UC"	"Inflammatory fibroblast"	NA	16.0673361251666
"SAM24412535_6737"	4.15620926398012	-4.27641427545365	"P019"	"Inflamed UC"	"Inflammatory fibroblast"	NA	16.1324281913134
"SAM24412535_286668"	4.184841189563	-4.52088105706986	"P019"	"Inflamed UC"	"Inflammatory fibroblast"	NA	16.051270123204
"SAM24412535_3200"	4.0165074207184	-4.09747731714066	"P019"	"Inflamed UC"	"Inflammatory fibroblast"	NA	15.9344864779002
"SAM24412535_848383"	4.09021810072633	-4.30432546167191	"P019"	"Inflamed UC"	"Resting crypt-top fibroblast"	NA	15.8314906015255
"SAM24412535_186594"	3.99145773428651	-4.29223954706009	"P019"	"Inflamed UC"	"Inflammatory fibroblast"	NA	15.7851281250454
"SAM24412535_495327"	4.01311234015199	-5.2050846817952	"P019"	"Inflamed UC"	"Activated crypt-top fibroblast"	NA	16.6754858603594
"SAM24412535_569206"	3.93131927031252	-4.93806827096756	"P019"	"Inflamed UC"	"Resting crypt-top fibroblast"	NA	16.4030174325654
"SAM24412535_420267"	4.1615486480591	-4.95525968103226	"P019"	"Inflamed UC"	"Inflammatory fibroblast"	NA	16.4315922992114
"SAM24412535_586865"	4.09321287649843	-4.22773587732132	"P019"	"Inflamed UC"	"Inflammatory fibroblast"	NA	16.0676178298169
"SAM24412535_376143"	4.13453415411684	-4.2546395066243	"P019"	"Inflamed UC"	"Inflammatory fibroblast"	NA	16.1053174772452
"SAM24412535_627607"	4.10994199293825	-5.09793078927811	"P019"	"Inflamed UC"	"Inflammatory fibroblast"	NA	16.5666998039728
"SAM24412535_367307"	4.05133107680055	-5.24627196817215	"P019"	"Inflamed UC"	"Activated crypt-top fibroblast"	NA	16.7147377358958
"SAM24412535_543280"	4.21478656309816	-4.47003877191361	"P019"	"Inflamed UC"	"Inflammatory fibroblast"	NA	16.0111782318007
"SAM24412535_764"	3.96041039007875	-4.7249444725972	"P019"	"Inflamed UC"	"Inflammatory fibroblast"	NA	16.1852318089061
"SAM24412535_213499"	4.11961391943666	-4.18420398263749	"P019"	"Inflamed UC"	"Inflammatory fibroblast"	NA	16.0335759678208
"SAM24412535_598850"	4.02853373068544	-5.18245685128983	"P019"	"Inflamed UC"	"Activated crypt-top fibroblast"	NA	16.6521305158354
"SAM24412535_37139"	4.04699066656801	-4.79805696039017	"P019"	"Inflamed UC"	"Activated crypt-top fibroblast"	NA	16.2715872251542
"SAM24412535_227935"	4.0099213458893	-4.63653600244339	"P019"	"Inflamed UC"	"Inflammatory fibroblast"	NA	16.1090799576301
"SAM24412535_91473"	3.96397522467348	-4.60289752511795	"P019"	"Inflamed UC"	"Inflammatory fibroblast"	NA	16.0663544312555
"SAM24412535_289898"	4.0955667831299	-4.88058841256913	"P019"	"Inflamed UC"	"Activated crypt-top fibroblast"	NA	16.3595796583682
"SAM24412535_465033"	3.90557387846681	-5.60281837014969	"P019"	"Inflamed UC"	"Activated crypt-top fibroblast"	NA	17.0801883029941
"SAM24412535_10482"	3.97221663969728	-5.36356151132401	"P019"	"Inflamed UC"	"Activated crypt-top fibroblast"	NA	16.8365638855039
"SAM24412535_671764"	4.08218458670351	-4.41552913217362	"P019"	"Inflamed UC"	"Inflammatory fibroblast"	NA	15.92086084965
"SAM24412535_711552"	4.00243071097109	-4.11603963403519	"P019"	"Inflamed UC"	"Inflammatory fibroblast"	NA	15.9471577951207
"SAM24412535_584743"	3.77948359030458	-5.1398557427388	"P019"	"Inflamed UC"	"Activated crypt-top fibroblast"	NA	16.6123157935321
"SAM24412535_283515"	3.98651627081606	-5.1462148430806	"P019"	"Inflamed UC"	"Resting crypt-top fibroblast"	NA	16.6163604162197
"SAM24412535_185148"	4.11542848128053	-4.23211228875931	"P019"	"Inflamed UC"	"Activated crypt-top fibroblast"	NA	15.7729327666539
"SAM24412535_320740"	4.18389848250124	-4.36961782007035	"P019"	"Inflamed UC"	"Inflammatory fibroblast"	NA	16.2099028596635
"SAM24412535_407053"	4.0818469859955	-5.01532781152543	"P019"	"Inflamed UC"	"Activated crypt-top fibroblast"	NA	16.487638613928
"SAM24412535_381279"	3.95994595068666	-5.42538583307084	"P019"	"Inflamed UC"	"Activated crypt-top fibroblast"	NA	16.8990621932438
"SAM24412535_681031"	4.03503874319765	-4.23825299768265	"P019"	"Inflamed UC"	"Inflammatory fibroblast"	NA	16.0608698386304
"SAM24412535_316086"	4.07710484045717	-4.23507487802323	"P019"	"Inflamed UC"	"Inflammatory fibroblast"	NA	16.0699872480137
"SAM24412535_93847"	4.02337220686647	-5.35787475137528	"P019"	"Inflamed UC"	"Activated crypt-top fibroblast"	NA	16.8275199520796
"SAM24412535_284087"	3.91259530562135	-4.12759339837845	"P019"	"Inflamed UC"	"Inflammatory fibroblast"	NA	15.6098069632438
"SAM24412535_471761"	4.19889477270815	-4.79990184335526	"P019"	"Inflamed UC"	"Inflammatory fibroblast"	NA	16.292549941283
"SAM24412535_675234"	4.09881881254884	-4.01276671914872	"P019"	"Inflamed UC"	"Inflammatory fibroblast"	NA	15.8828033323509
"SAM24412535_704019"	4.04283860701296	-4.45924747018631	"P019"	"Inflamed UC"	"Resting crypt-top fibroblast"	NA	15.9514277605643
"SAM24412535_868686"	4.13120535391542	-5.07918727426346	"P019"	"Inflamed UC"	"Inflammatory fibroblast"	NA	16.5477197914362
"SAM24412535_833310"	3.90918305891725	-5.32632386712845	"P019"	"Inflamed UC"	"Resting crypt-top fibroblast"	NA	16.8035590151628
"SAM24412535_199419"	4.17184403914186	-4.88835275201615	"P019"	"Inflamed UC"	"Inflammatory fibroblast"	NA	16.3768893881487
"SAM24412535_252750"	3.93905762213442	-5.445659041689	"P019"	"Inflamed UC"	"Resting crypt-top fibroblast"	NA	16.9209869452959
"SAM24412535_377948"	3.90295485037538	-5.29433715371903	"P019"	"Inflamed UC"	"Activated crypt-top fibroblast"	NA	16.7700635725129
"SAM24412535_720387"	3.81754377859804	-5.15704524545487	"P019"	"Inflamed UC"	"Activated crypt-top fibroblast"	NA	16.6290788097201
"SAM24412535_63399"	4.0962398387787	-5.07674062280472	"P019"	"Inflamed UC"	"Inflammatory fibroblast"	NA	16.5456641152384
"SAM24412535_629008"	3.89796856421205	-5.41850459604081	"P019"	"Inflamed UC"	"Activated crypt-top fibroblast"	NA	16.8962782365283
"SAM24412535_884421"	4.03259137648317	-5.17594850091752	"P019"	"Inflamed UC"	"Activated crypt-top fibroblast"	NA	16.6455772182321
"SAM24412535_871766"	3.91240051764223	-5.30988824395951	"P019"	"Inflamed UC"	"Activated crypt-top fibroblast"	NA	16.786947156575
"SAM24412535_479252"	3.98284295576784	-5.50006854562577	"P019"	"Inflamed UC"	"Activated crypt-top fibroblast"	NA	16.9721898452896
"SAM24412535_684561"	4.01546982306215	-4.73765218286332	"P019"	"Inflamed UC"	"Activated crypt-top fibroblast"	NA	16.209132907372
"SAM24412535_379768"	3.76857617872926	-5.05621659784134	"P019"	"Inflamed UC"	"Activated crypt-top fibroblast"	NA	16.5129591308145
"SAM24412535_760150"	4.0030432083008	-5.32996690301712	"P019"	"Inflamed UC"	"Activated crypt-top fibroblast"	NA	16.8010117440154
"SAM24412535_650561"	3.82729629057619	-5.41165196924027	"P019"	"Inflamed UC"	"Resting crypt-top fibroblast"	NA	16.8940955441516
"SAM24412535_596670"	4.01726535338136	-5.57240378885086	"P019"	"Inflamed UC"	"Activated crypt-top fibroblast"	NA	17.0419206939407
"SAM24412535_882578"	4.12588480490419	-5.09685790567215	"P019"	"Inflamed UC"	"Activated crypt-top fibroblast"	NA	16.565448788716
"SAM24412535_192024"	3.85033110159609	-5.1526468995076	"P019"	"Inflamed UC"	"Activated crypt-top fibroblast"	NA	16.6243142625647
"SAM24412535_596618"	4.08103660124513	-5.27797496347245	"P019"	"Inflamed UC"	"Activated crypt-top fibroblast"	NA	16.7449368097335
"SAM24412535_422325"	3.85750034826967	-5.13820016412552	"P019"	"Inflamed UC"	"Activated crypt-top fibroblast"	NA	16.6097882963451
"SAM24412535_144720"	3.95403078573915	-5.33713805703934	"P019"	"Inflamed UC"	"Activated crypt-top fibroblast"	NA	16.8113956829084
"SAM24412535_467262"	4.17885664480898	-4.6260265114766	"P019"	"Inflamed UC"	"Inflammatory fibroblast"	NA	16.1340008486533
"SAM24412535_531536"	3.91519192236635	-5.61921823053177	"P019"	"Inflamed UC"	"Activated crypt-top fibroblast"	NA	17.095863924728
"SAM24412535_372628"	3.76988414305422	-5.39340531854447	"P019"	"Inflamed UC"	"Resting crypt-top fibroblast"	NA	16.8796701517453
"SAM24412535_4696"	3.98420289534303	-5.38514792947586	"P019"	"Inflamed UC"	"Activated crypt-top fibroblast"	NA	16.8573139125407
"SAM24412535_69926"	3.84579709547731	-5.5927013161641	"P019"	"Inflamed UC"	"Resting crypt-top fibroblast"	NA	17.0743407615381
"SAM24412535_764715"	3.79006198424074	-5.38685596017655	"P019"	"Inflamed UC"	"Resting crypt-top fibroblast"	NA	16.8718059390688
"SAM24412535_332474"	4.00525716322633	-5.09758269815262	"P019"	"Inflamed UC"	"Activated crypt-top fibroblast"	NA	16.5675218354332
"SAM24412535_434241"	3.77934101599428	-4.79535520105179	"P019"	"Inflamed UC"	"Inflammatory fibroblast"	NA	16.2163691464431
"SAM24412535_808552"	3.87260678786012	-5.22490251092728	"P019"	"Inflamed UC"	"Activated crypt-top fibroblast"	NA	16.7022104806122
"SAM24412535_185427"	4.0398445464966	-5.40095841913041	"P019"	"Inflamed UC"	"Resting crypt-top fibroblast"	NA	16.8694250537753
"SAM24412535_816754"	3.87226274985048	-5.37060868768509	"P019"	"Inflamed UC"	"Activated crypt-top fibroblast"	NA	16.8501795368237
"SAM24412535_129937"	3.78717807310793	-5.23992478875931	"P019"	"Inflamed UC"	"Inflammatory fibroblast"	NA	16.7214285341552
"SAM24412535_271986"	4.01036504286501	-5.54602849511918	"P019"	"Inflamed UC"	"Activated crypt-top fibroblast"	NA	17.0161052354691
"SAM24412535_813050"	3.93735555189821	-5.3591841462117	"P019"	"Inflamed UC"	"Activated crypt-top fibroblast"	NA	16.8344922623637
"SAM24412535_834961"	3.77055934447023	-5.04694259195145	"P019"	"Inflamed UC"	"Resting crypt-top fibroblast"	NA	16.5037947475012
"SAM24412535_625557"	3.88574818152162	-5.3894804718953	"P019"	"Inflamed UC"	"Resting crypt-top fibroblast"	NA	16.8681220772255
"SAM24412535_216701"	4.06506017225954	-5.04005897073563	"P019"	"Inflamed UC"	"Resting crypt-top fibroblast"	NA	16.5115078663811
"SAM24412535_211344"	3.90928843992922	-5.3522318604451	"P019"	"Inflamed UC"	"Inflammatory fibroblast"	NA	16.8294038037309
"SAM24412535_7147"	3.80870703238222	-5.32213676004227	"P019"	"Inflamed UC"	"Activated crypt-top fibroblast"	NA	16.8059991723253
"SAM24412535_537801"	3.89241746443483	-5.44473588495072	"P019"	"Inflamed UC"	"Activated crypt-top fibroblast"	NA	16.9233388728641
"SAM24412535_805047"	3.84238031882021	-4.90234124688919	"P019"	"Inflamed UC"	"Resting crypt-top fibroblast"	NA	16.3492700889719
"SAM24412535_381564"	3.82215145605776	-5.40174806146439	"P019"	"Inflamed UC"	"Activated crypt-top fibroblast"	NA	16.884552025147
"SAM24412535_759780"	3.87370613592836	-5.37075698404129	"P019"	"Inflamed UC"	"Resting crypt-top fibroblast"	NA	16.850232437941
"SAM24412535_802830"	3.98085192221376	-5.35159099130448	"P019"	"Inflamed UC"	"Resting crypt-top fibroblast"	NA	16.8240505712567
"SAM24412535_143068"	3.45463326948854	-5.3329733612996	"P019"	"Inflamed UC"	"Resting crypt-top fibroblast"	NA	16.8401344282944
"SAM24412535_327333"	4.09439066427919	-4.19668710260209	"P019"	"Inflamed UC"	"Resting crypt-top fibroblast"	NA	15.7401890953718
"SAM24412535_363110"	3.80969384688112	-5.24920785455521	"P019"	"Inflamed UC"	"Activated crypt-top fibroblast"	NA	16.7295896312838
"SAM24412535_587967"	3.80454901236269	-4.16733109979447	"P019"	"Inflamed UC"	"Resting crypt-top fibroblast"	NA	15.6017814426135
"SAM24412535_383472"	3.83745816725465	-5.44808995752152	"P019"	"Inflamed UC"	"Resting crypt-top fibroblast"	NA	16.930541252421
"SAM24412535_105434"	3.92466906088564	-5.56194770364579	"P019"	"Inflamed UC"	"Resting crypt-top fibroblast"	NA	17.0380650690414
"SAM24412535_184597"	3.83880904692384	-5.49608123330887	"P019"	"Inflamed UC"	"Resting crypt-top fibroblast"	NA	16.978319433796
"SAM24412535_604197"	3.93424991148683	-5.5962880852681	"P019"	"Inflamed UC"	"Activated crypt-top fibroblast"	NA	17.0716385800352
"SAM24412535_3742"	3.85968450087282	-5.58065879373368	"P019"	"Inflamed UC"	"Activated crypt-top fibroblast"	NA	17.0613426617507
"SAM24412535_378319"	3.82908204573366	-5.49115741281327	"P019"	"Inflamed UC"	"Resting crypt-top fibroblast"	NA	16.9740903088184
"SAM24412535_93936"	3.74958017843935	-5.30733191995438	"P019"	"Inflamed UC"	"Activated crypt-top fibroblast"	NA	16.7951210606268
"SAM24412535_118597"	3.95161179083559	-4.36561000375565	"P019"	"Inflamed UC"	"Resting crypt-top fibroblast"	NA	15.8395716272444
"SAM24412535_865181"	3.58196619528505	-4.82368409662064	"P019"	"Inflamed UC"	"Resting crypt-top fibroblast"	NA	16.2029508362279
"SAM24412535_768526"	3.65679577368471	-4.07737052469071	"P019"	"Inflamed UC"	"Resting crypt-top fibroblast"	NA	15.4548249689515
"SAM24412535_268591"	3.56193140524599	-5.35945308236893	"P019"	"Inflamed UC"	"Resting crypt-top fibroblast"	NA	16.8594891132152
"SAM24412535_539338"	3.85404542463991	-5.38362967996415	"P019"	"Inflamed UC"	"Resting crypt-top fibroblast"	NA	16.8643721936022
"SAM24412535_677878"	3.83634618300172	-5.483500838564	"P019"	"Inflamed UC"	"Activated crypt-top fibroblast"	NA	16.9659428732263
"SAM24412535_364475"	3.88330462950441	-5.52515351800736	"P019"	"Inflamed UC"	"Activated crypt-top fibroblast"	NA	17.004197733005
"SAM24412535_124301"	3.9525323249695	-5.58636558084305	"P019"	"Inflamed UC"	"Activated crypt-top fibroblast"	NA	17.0604431152955
"SAM24412535_412194"	3.81230071562502	-5.49396407632645	"P019"	"Inflamed UC"	"Resting crypt-top fibroblast"	NA	16.9780676244391
"SAM24412535_524307"	3.75694612044069	-5.31095063714798	"P019"	"Inflamed UC"	"Resting crypt-top fibroblast"	NA	16.7982467381118
"SAM24412535_675713"	3.78175929564211	-5.46927869348343	"P019"	"Inflamed UC"	"Resting crypt-top fibroblast"	NA	16.9555862289501
"SAM24412535_640513"	3.80578044432375	-5.43835675744828	"P019"	"Inflamed UC"	"Resting crypt-top fibroblast"	NA	16.9230549177848
"SAM24412535_502819"	3.73984220999452	-5.07838904886063	"P019"	"Inflamed UC"	"Resting crypt-top fibroblast"	NA	16.5512960256864
"SAM24412535_829260"	3.80120781439516	-5.42562997369584	"P019"	"Inflamed UC"	"Resting crypt-top fibroblast"	NA	16.9106803744579
"SAM24412535_839140"	3.76083210486147	-5.44473540811356	"P019"	"Inflamed UC"	"Resting crypt-top fibroblast"	NA	16.9325719360092
"SAM24412535_177965"	3.78190282362672	-4.32195174722489	"P019"	"Inflamed UC"	"Resting crypt-top fibroblast"	NA	15.7335451824885
"SAM24412535_380808"	3.87688568609926	-5.13192641763504	"P019"	"Inflamed UC"	"Resting crypt-top fibroblast"	NA	16.6032982647175
"SAM24412535_410700"	3.79452899473879	-3.87985551385697	"P019"	"Inflamed UC"	"Resting crypt-top fibroblast"	NA	15.3446249470887
"SAM24412535_263099"	3.8951011039612	-5.32572495965775	"P019"	"Inflamed UC"	"Resting crypt-top fibroblast"	NA	16.8038889608175
"SAM24412535_293081"	3.77158978956911	-5.47437608270462	"P019"	"Inflamed UC"	"Resting crypt-top fibroblast"	NA	16.9613846620643
"SAM24412535_115559"	3.73362997549745	-5.50463998346146	"P019"	"Inflamed UC"	"Resting crypt-top fibroblast"	NA	16.9942376567591
"SAM24412535_7140"	3.74529722708437	-5.1131542923909	"P019"	"Inflamed UC"	"Resting crypt-top fibroblast"	NA	16.585998124744
"SAM24412535_227229"	4.11511782187196	-4.61911809472855	"P019"	"Inflamed UC"	"Inflammatory fibroblast"	NA	16.1139633032721
"SAM24412535_867692"	3.87458542364809	-5.57167995004471	"P019"	"Inflamed UC"	"Resting crypt-top fibroblast"	NA	17.0513285526999
"SAM24412535_788695"	3.8074899055359	-5.45088851480301	"P019"	"Inflamed UC"	"Resting crypt-top fibroblast"	NA	16.9354358282379
"SAM24412535_104418"	3.61458829420778	-4.90195882348832	"P019"	"Inflamed UC"	"Resting crypt-top fibroblast"	NA	16.3202000013164
"SAM24412535_30102"	3.56222203749391	-3.99680602578934	"P019"	"Inflamed UC"	"Resting crypt-top fibroblast"	NA	15.3356834969017
"SAM24412535_579637"	3.85486892241213	-4.3146456482869	"P019"	"Inflamed UC"	"Resting crypt-top fibroblast"	NA	15.7575799012939
"SAM24412535_52985"	3.7868407108185	-5.42741763620194	"P019"	"Inflamed UC"	"Resting crypt-top fibroblast"	NA	16.9134717911289
"SAM24412535_69721"	3.72124293822023	-4.11857068567093	"P019"	"Inflamed UC"	"Resting crypt-top fibroblast"	NA	15.5206672070593
"SAM24412535_326132"	3.95421484488222	-4.86087930230912	"P019"	"Inflamed UC"	"Resting crypt-top fibroblast"	NA	16.3222240377637
"SAM24412535_855401"	3.72591856497499	-5.4627546074849	"P019"	"Inflamed UC"	"Resting crypt-top fibroblast"	NA	16.9529966516421
"SAM24412535_767067"	3.84153774756166	-5.43618142633255	"P019"	"Inflamed UC"	"Resting crypt-top fibroblast"	NA	16.9183758062623
"SAM24412535_671347"	3.48794225233766	-4.71566236047562	"P019"	"Inflamed UC"	"Resting crypt-top fibroblast"	NA	16.0375601755705
"SAM24412535_752110"	3.81901148337099	-5.41286170511063	"P019"	"Inflamed UC"	"Resting crypt-top fibroblast"	NA	16.8958483579084
"SAM24412535_340472"	3.43720749396059	-4.14725577859696	"P019"	"Inflamed UC"	"Resting crypt-top fibroblast"	NA	15.4181389946941
"SAM24412535_12938"	3.6788301803467	-5.09881818322953	"P019"	"Inflamed UC"	"Resting crypt-top fibroblast"	NA	16.5724058377667
"SAM24412535_172990"	3.79796150702211	-3.97334802179154	"P019"	"Inflamed UC"	"Resting crypt-top fibroblast"	NA	15.4256678417533
"SAM24412535_348369"	3.89196899908754	-4.42910802392777	"P019"	"Inflamed UC"	"Resting crypt-top fibroblast"	NA	15.8777571870537
"SAM24412535_290483"	3.59151772040102	-3.98493659524735	"P019"	"Inflamed UC"	"Resting crypt-top fibroblast"	NA	15.339336505049
"SAM24412535_33274"	3.6115203239319	-3.9473942521077	"P019"	"Inflamed UC"	"Resting crypt-top fibroblast"	NA	15.3160072972091
"SAM24412535_304863"	3.7833965160248	-5.49887549905594	"P019"	"Inflamed UC"	"Resting crypt-top fibroblast"	NA	16.9849951905633
"SAM24412540_495516"	4.12497213858339	-4.65593516855057	"P021"	"Uninflamed UC"	"Activated crypt-top fibroblast"	NA	16.1520255730991
"SAM24412540_129175"	4.14673617857668	-4.40267264871415	"P021"	"Uninflamed UC"	"Activated crypt-top fibroblast"	NA	15.9270975237438
"SAM24412540_597701"	4.17307785528871	-4.85206830529984	"P021"	"Uninflamed UC"	"Resting crypt-top fibroblast"	NA	16.3410492962727
"SAM24412540_685479"	4.15770224112245	-4.52168929605301	"P021"	"Uninflamed UC"	"Inflammatory fibroblast"	NA	16.0442450803416
"SAM24412540_682342"	3.66950801390382	-4.58555972604569	"P021"	"Uninflamed UC"	"Activated crypt-top fibroblast"	NA	15.9651240473529
"SAM24412540_450083"	3.86170462149355	-4.6454938652974	"P021"	"Uninflamed UC"	"Resting crypt-top fibroblast"	NA	16.0869584601304
"SAM24412540_471378"	4.08318761366579	-4.62516009836014	"P021"	"Uninflamed UC"	"Activated crypt-top fibroblast"	NA	16.1132196496205
"SAM24412540_730986"	4.05575803297731	-4.92279851465043	"P021"	"Uninflamed UC"	"Activated crypt-top fibroblast"	NA	16.3939305768653
"SAM24412540_420391"	4.1400962211487	-4.94879233865555	"P021"	"Uninflamed UC"	"Activated crypt-top fibroblast"	NA	16.4240702365504
"SAM24412540_854073"	4.13120487707826	-4.86701142816361	"P021"	"Uninflamed UC"	"Activated crypt-top fibroblast"	NA	16.3505994608743
"SAM24412540_355632"	4.1539438106415	-4.31705939798172	"P021"	"Uninflamed UC"	"Activated crypt-top fibroblast"	NA	15.8660201528979
"SAM24412540_792546"	3.98599627989504	-3.88262355356034	"P021"	"Uninflamed UC"	"Inflammatory fibroblast"	NA	15.7413430372531
"SAM24412540_45944"	4.18224624174806	-4.5187791588765	"P021"	"Uninflamed UC"	"Activated crypt-top fibroblast"	NA	16.0485111542569
"SAM24412540_714868"	3.90786722677919	-4.18921506433304	"P021"	"Uninflamed UC"	"Inflammatory fibroblast"	NA	15.6640802189436
"SAM24412540_702221"	4.00551894682619	-4.27458751230057	"P021"	"Uninflamed UC"	"Inflammatory fibroblast"	NA	16.0871200576781
"SAM24412540_681410"	4.17238977926943	-4.13734424142655	"P021"	"Uninflamed UC"	"Inflammatory fibroblast"	NA	16.0039723741067
"SAM24412540_775970"	3.95056417959901	-4.3589366677266	"P021"	"Uninflamed UC"	"Activated crypt-top fibroblast"	NA	15.8329611087857
"SAM24412540_36584"	4.02932313460085	-4.90968406228836	"P021"	"Uninflamed UC"	"Activated crypt-top fibroblast"	NA	16.3801001265899
"SAM24412540_702942"	4.14348844069215	-4.29786717920121	"P021"	"Uninflamed UC"	"Activated crypt-top fibroblast"	NA	15.84436620912
"SAM24412540_69754"	3.92581227797243	-4.78508365182694	"P021"	"Uninflamed UC"	"Activated crypt-top fibroblast"	NA	16.2368421024379
"SAM24412540_801611"	4.26795390623781	-4.24769818811234	"P021"	"Uninflamed UC"	"Resting crypt-top fibroblast"	NA	15.8416559904837
"SAM24412540_842037"	3.77718237417909	-4.55657279519852	"P021"	"Uninflamed UC"	"Resting crypt-top fibroblast"	NA	15.9683033256161
"SAM24412540_849051"	4.10659125822756	-4.27303636102494	"P021"	"Uninflamed UC"	"Activated crypt-top fibroblast"	NA	15.8080530964744
"SAM24412540_747956"	4.07235673445436	-4.83375537423905	"P021"	"Uninflamed UC"	"Resting crypt-top fibroblast"	NA	16.3101962419995
"SAM24412540_755565"	4.1931579448578	-4.64048087625321	"P021"	"Uninflamed UC"	"Inflammatory fibroblast"	NA	16.1511178146269
"SAM24412540_469649"	4.12490228193971	-4.21458613900956	"P021"	"Uninflamed UC"	"Activated crypt-top fibroblast"	NA	15.7599120154698
"SAM24412540_543407"	4.16344383734438	-4.08409631280716	"P021"	"Uninflamed UC"	"Activated crypt-top fibroblast"	NA	15.6729189217633
"SAM24412540_770770"	4.09216574209901	-4.66471231012162	"P021"	"Uninflamed UC"	"Activated crypt-top fibroblast"	NA	16.15377446145
"SAM24412540_773770"	4.03452852743837	-4.33229768304642	"P021"	"Uninflamed UC"	"Activated crypt-top fibroblast"	NA	15.8378683916615
"SAM24412540_136395"	4.08400038260194	-4.53374898462113	"P021"	"Uninflamed UC"	"Activated crypt-top fibroblast"	NA	16.0346156203064
"SAM24412540_547094"	4.13957432287904	-4.31328284768876	"P021"	"Uninflamed UC"	"Resting crypt-top fibroblast"	NA	15.8573878887606
"SAM24412540_37303"	4.12160066145631	-4.77396476297196	"P021"	"Uninflamed UC"	"Activated crypt-top fibroblast"	NA	16.2570841163443
"SAM24412540_610413"	3.95941475409242	-4.65503108529862	"P021"	"Uninflamed UC"	"Inflammatory fibroblast"	NA	16.1166454452428
"SAM24412540_79586"	4.04259613531801	-4.76889836816605	"P021"	"Uninflamed UC"	"Activated crypt-top fibroblast"	NA	16.2421073425956
"SAM24412540_592418"	3.89662316817018	-4.32954347162064	"P021"	"Uninflamed UC"	"Inflammatory fibroblast"	NA	15.7863316004168
"SAM24412540_820714"	4.18056038397524	-4.64882981805619	"P021"	"Uninflamed UC"	"Resting crypt-top fibroblast"	NA	16.156658657278
"SAM24412540_680887"	4.06001952666017	-4.19482791452225	"P021"	"Uninflamed UC"	"Resting crypt-top fibroblast"	NA	15.7315472663664
"SAM24412540_479966"	4.14892509955141	-4.7166870835286	"P021"	"Uninflamed UC"	"Activated crypt-top fibroblast"	NA	16.2164349796286
"SAM24412540_52489"	4.15964129942629	-4.33743035821732	"P021"	"Uninflamed UC"	"Inflammatory fibroblast"	NA	16.1729569199176
"SAM24412540_82053"	4.09487608450624	-4.22216546563919	"P021"	"Uninflamed UC"	"Inflammatory fibroblast"	NA	16.0627659984961
"SAM24412540_482213"	4.04850438612672	-4.75431478051957	"P021"	"Uninflamed UC"	"Activated crypt-top fibroblast"	NA	16.2323129417797
"SAM24412540_380267"	4.14594391363832	-4.09570443658646	"P021"	"Uninflamed UC"	"Activated crypt-top fibroblast"	NA	15.6763368371059
"SAM24412540_874599"	4.1254945136902	-4.75514447717484	"P021"	"Uninflamed UC"	"Activated crypt-top fibroblast"	NA	16.2410839343314
"SAM24412540_584893"	3.95308164137575	-4.72058618097123	"P021"	"Uninflamed UC"	"Activated crypt-top fibroblast"	NA	16.1794421405334
"SAM24412540_80724"	3.81478193777773	-4.88675963907059	"P021"	"Uninflamed UC"	"Resting crypt-top fibroblast"	NA	16.3303365135645
"SAM24412540_601230"	4.16911986845705	-4.19737803964432	"P021"	"Uninflamed UC"	"Activated crypt-top fibroblast"	NA	15.759524051775
"SAM24412540_89644"	4.09404996412965	-4.86698472528275	"P021"	"Uninflamed UC"	"Resting crypt-top fibroblast"	NA	16.3458932597381
"SAM24412540_819122"	4.0786686279175	-5.11837518243607	"P021"	"Uninflamed UC"	"Resting crypt-top fibroblast"	NA	16.5874924738977
"SAM24412540_598742"	4.09103635328981	-5.03956735162552	"P021"	"Uninflamed UC"	"Activated crypt-top fibroblast"	NA	16.5123035977746
"SAM24412540_760210"	3.96262124556276	-4.94349753885086	"P021"	"Uninflamed UC"	"Activated crypt-top fibroblast"	NA	16.4099905988821
"SAM24412540_369379"	4.07888511198732	-4.49239671258744	"P021"	"Uninflamed UC"	"Activated crypt-top fibroblast"	NA	15.993537698254
"SAM24412540_128163"	4.17011383551332	-4.63936603097733	"P021"	"Uninflamed UC"	"Activated crypt-top fibroblast"	NA	16.1452259187718
"SAM24412540_565484"	4.07713178175661	-4.5936664345723	"P021"	"Uninflamed UC"	"Activated crypt-top fibroblast"	NA	16.0818587038309
"SAM24412540_365439"	4.16218999403688	-4.49254500894364	"P021"	"Uninflamed UC"	"Activated crypt-top fibroblast"	NA	16.0176198856837
"SAM24412540_435829"	3.96069720762941	-4.72633874444779	"P021"	"Uninflamed UC"	"Activated crypt-top fibroblast"	NA	16.1866552408433
"SAM24412540_756991"	4.01289919394228	-4.69480359582718	"P021"	"Uninflamed UC"	"Activated crypt-top fibroblast"	NA	16.1666891500767
"SAM24412540_374290"	3.92010739821169	-4.88686406640824	"P021"	"Uninflamed UC"	"Activated crypt-top fibroblast"	NA	16.3437059916894
"SAM24412540_829930"	4.14584759253236	-4.14416825799759	"P021"	"Uninflamed UC"	"Inflammatory fibroblast"	NA	16.0028326412769
"SAM24412540_208693"	4.03136518973085	-4.91806209115799	"P021"	"Uninflamed UC"	"Resting crypt-top fibroblast"	NA	16.3886686359376
"SAM24412540_458649"	4.0688231326935	-5.28215968637284	"P021"	"Uninflamed UC"	"Resting crypt-top fibroblast"	NA	16.7497189093283
"SAM24412540_346735"	3.93950775641176	-4.83427035836991	"P021"	"Uninflamed UC"	"Activated crypt-top fibroblast"	NA	16.293974618811
"SAM24412540_459320"	4.0367973186371	-5.0694793465596	"P021"	"Uninflamed UC"	"Resting crypt-top fibroblast"	NA	16.5390677035044
"SAM24412540_40607"	3.91589835661623	-4.51165139703568	"P021"	"Uninflamed UC"	"Activated crypt-top fibroblast"	NA	15.9651410427191
"SAM24412540_508192"	3.76049140471193	-4.46498668222245	"P021"	"Uninflamed UC"	"Activated crypt-top fibroblast"	NA	15.8646184848925
"SAM24412540_43039"	4.14826444166872	-4.75666606454667	"P021"	"Uninflamed UC"	"Activated crypt-top fibroblast"	NA	16.2432815161931
"SAM24412540_233442"	3.97958997267458	-5.11647212533768	"P021"	"Uninflamed UC"	"Activated crypt-top fibroblast"	NA	16.5866969742481
"SAM24412540_19577"	4.08273080366823	-4.64771354226883	"P021"	"Uninflamed UC"	"Activated crypt-top fibroblast"	NA	16.135182903018
"SAM24412540_501375"	4.00158980864259	-4.84142196206864	"P021"	"Uninflamed UC"	"Activated crypt-top fibroblast"	NA	16.3088885875388
"SAM24412540_739957"	4.12652448195192	-4.9422239068013	"P021"	"Uninflamed UC"	"Resting crypt-top fibroblast"	NA	16.4168375834896
"SAM24412540_747327"	4.06696632879945	-5.00881993799027	"P021"	"Uninflamed UC"	"Activated crypt-top fibroblast"	NA	16.4804016067404
"SAM24412540_873565"	4.046404395282	-4.39978158502396	"P021"	"Uninflamed UC"	"Inflammatory fibroblast"	NA	15.9051721909359
"SAM24412540_317290"	4.21834758299562	-4.63001906900223	"P021"	"Uninflamed UC"	"Resting crypt-top fibroblast"	NA	16.1461341921403
"SAM24412540_800623"	4.01634553450319	-4.518244147585	"P021"	"Uninflamed UC"	"Activated crypt-top fibroblast"	NA	16.0003221867748
"SAM24412540_90763"	4.03621629255983	-4.58175218133744	"P021"	"Uninflamed UC"	"Inflammatory fibroblast"	NA	16.0668616972804
"SAM24412540_789590"	4.10108092802736	-4.87639701394852	"P021"	"Uninflamed UC"	"Activated crypt-top fibroblast"	NA	16.3561161521945
"SAM24412540_54858"	4.16959360617372	-4.49207866220292	"P021"	"Uninflamed UC"	"Activated crypt-top fibroblast"	NA	16.019300860134
"SAM24412540_791537"	4.00484255331728	-4.928737998293	"P021"	"Uninflamed UC"	"Resting crypt-top fibroblast"	NA	16.3973406376387
"SAM24412540_850642"	4.16504028815004	-4.64266812829789	"P021"	"Uninflamed UC"	"Activated crypt-top fibroblast"	NA	16.1473984057512
"SAM24412540_265673"	4.07019737738344	-3.99938905267533	"P021"	"Uninflamed UC"	"Resting crypt-top fibroblast"	NA	15.5652177577508
"SAM24412540_174816"	4.15279701727602	-4.28968369989212	"P021"	"Uninflamed UC"	"Activated crypt-top fibroblast"	NA	15.8400208000403
"SAM24412540_358369"	4.16988400000307	-4.72313249139603	"P021"	"Uninflamed UC"	"Activated crypt-top fibroblast"	NA	16.2271059630121
"SAM24412540_457649"	3.96526483076784	-4.82046020059403	"P021"	"Uninflamed UC"	"Resting crypt-top fibroblast"	NA	16.2835185772275
"SAM24412540_711906"	4.01147893446657	-5.03316104440506	"P021"	"Uninflamed UC"	"Activated crypt-top fibroblast"	NA	16.5019642268904
"SAM24412540_234381"	3.99731853979799	-5.33748137979325	"P021"	"Uninflamed UC"	"Resting crypt-top fibroblast"	NA	16.8088869752574
"SAM24412540_544614"	4.27108624953005	-4.85341107873734	"P021"	"Uninflamed UC"	"Resting crypt-top fibroblast"	NA	16.3547256645719
"SAM24412540_57275"	3.91892245787355	-5.16671597986039	"P021"	"Uninflamed UC"	"Activated crypt-top fibroblast"	NA	16.6376157932254
"SAM24412540_736020"	3.87841466444704	-4.9087241890889	"P021"	"Uninflamed UC"	"Resting crypt-top fibroblast"	NA	16.3601407740638
"SAM24412540_276228"	4.08774450796816	-4.39812934427079	"P021"	"Uninflamed UC"	"Activated crypt-top fibroblast"	NA	15.9138472082408
"SAM24412540_582835"	4.06422832983705	-4.95579612283524	"P021"	"Uninflamed UC"	"Activated crypt-top fibroblast"	NA	16.4273072573886
"SAM24412540_516206"	4.06942728537294	-5.13623893289383	"P021"	"Uninflamed UC"	"Resting crypt-top fibroblast"	NA	16.6054584023139
"SAM24412540_313890"	4.06061986464235	-4.64804208307084	"P021"	"Uninflamed UC"	"Activated crypt-top fibroblast"	NA	16.1308971507893
"SAM24412540_523371"	4.05076936262819	-4.91609513788041	"P021"	"Uninflamed UC"	"Resting crypt-top fibroblast"	NA	16.3891613281378
"SAM24412540_4895"	3.95034888762209	-4.20724856881913	"P021"	"Uninflamed UC"	"Activated crypt-top fibroblast"	NA	15.6979378039956
"SAM24412540_700045"	3.81307199972841	-5.25065028695877	"P021"	"Uninflamed UC"	"Activated crypt-top fibroblast"	NA	16.7308636687407
"SAM24412540_855325"	4.08600548285219	-4.9215620758992	"P021"	"Uninflamed UC"	"Resting crypt-top fibroblast"	NA	16.3941939830626
"SAM24412540_131375"	3.91033295172426	-4.65887963800248	"P021"	"Uninflamed UC"	"Activated crypt-top fibroblast"	NA	16.110182740547
"SAM24412540_564206"	3.97309855002138	-4.75584161310013	"P021"	"Uninflamed UC"	"Activated crypt-top fibroblast"	NA	16.2180945431709
"SAM24412540_843407"	3.9334938861725	-5.13603866128739	"P021"	"Uninflamed UC"	"Activated crypt-top fibroblast"	NA	16.6067775208125
"SAM24412540_599426"	4.06585649031374	-4.15526664285477	"P021"	"Uninflamed UC"	"Resting crypt-top fibroblast"	NA	15.6978516670354
"SAM24412540_115265"	3.99251345175478	-4.46284186868485	"P021"	"Uninflamed UC"	"Resting crypt-top fibroblast"	NA	15.9404080985305
"SAM24412540_382038"	3.91951039808962	-5.00989234475907	"P021"	"Uninflamed UC"	"Inflammatory fibroblast"	NA	16.4741683718365
"SAM24412540_749679"	3.88609055060121	-5.1056784394246	"P021"	"Uninflamed UC"	"Activated crypt-top fibroblast"	NA	16.576949040029
"SAM24412540_241447"	3.95080784338686	-4.71354997186478	"P021"	"Uninflamed UC"	"Resting crypt-top fibroblast"	NA	16.1720865905293
"SAM24412540_719158"	4.09645656126711	-5.04804837732132	"P021"	"Uninflamed UC"	"Resting crypt-top fibroblast"	NA	16.5210427053086
"SAM24412540_439138"	4.06104806441042	-3.96017444162186	"P021"	"Uninflamed UC"	"Inflammatory fibroblast"	NA	15.8353683109241
"SAM24412540_109496"	4.14949396628114	-5.24244630365189	"P021"	"Uninflamed UC"	"Activated crypt-top fibroblast"	NA	16.7060745083086
"SAM24412540_296531"	4.06909326094362	-4.76972425012406	"P021"	"Uninflamed UC"	"Activated crypt-top fibroblast"	NA	16.2462639959368
"SAM24412540_726266"	3.83401921766969	-4.74280059366043	"P021"	"Uninflamed UC"	"Inflammatory fibroblast"	NA	16.176360886712
"SAM24412540_248166"	4.02800658720705	-4.79374396829422	"P021"	"Uninflamed UC"	"Resting crypt-top fibroblast"	NA	16.2649175097619
"SAM24412540_475529"	3.98155907171938	-3.86812675027665	"P021"	"Uninflamed UC"	"Inflammatory fibroblast"	NA	15.7262788666657
"SAM24412540_354947"	4.12779978293153	-4.55550467996415	"P021"	"Uninflamed UC"	"Activated crypt-top fibroblast"	NA	16.068040654604
"SAM24412540_59787"	4.17934111136171	-4.90034997491654	"P021"	"Uninflamed UC"	"Resting crypt-top fibroblast"	NA	16.3897353364781
"SAM24412540_439201"	4.14643577116701	-4.44967973260697	"P021"	"Uninflamed UC"	"Activated crypt-top fibroblast"	NA	15.9720353620779
"SAM24412540_730022"	3.88873151320192	-5.16085565118607	"P021"	"Uninflamed UC"	"Resting crypt-top fibroblast"	NA	16.6320932859301
"SAM24412540_695981"	4.02027467268678	-4.26918971566971	"P021"	"Uninflamed UC"	"Activated crypt-top fibroblast"	NA	15.7738111564347
"SAM24412540_739399"	4.03277829664919	-4.94897735147293	"P021"	"Uninflamed UC"	"Activated crypt-top fibroblast"	NA	16.4189389592622
"SAM24412540_727874"	4.00600436705324	-5.06949365167435	"P021"	"Uninflamed UC"	"Activated crypt-top fibroblast"	NA	16.5394261918699
"SAM24412540_570490"	3.88879016417238	-4.52695977716263	"P021"	"Uninflamed UC"	"Activated crypt-top fibroblast"	NA	15.9720133156684
"SAM24412540_728675"	3.92541936415407	-4.77359616784867	"P021"	"Uninflamed UC"	"Resting crypt-top fibroblast"	NA	16.2255248802667
"SAM24412540_768638"	4.10940555113527	-4.96698796777543	"P021"	"Uninflamed UC"	"Resting crypt-top fibroblast"	NA	16.4407232456801
"SAM24412540_424252"	4.07039097326967	-4.79390132455643	"P021"	"Uninflamed UC"	"Inflammatory fibroblast"	NA	16.2704119829336
"SAM24412540_655551"	3.95768621939394	-5.05492150811966	"P021"	"Uninflamed UC"	"Activated crypt-top fibroblast"	NA	16.5210333194863
"SAM24412540_238791"	4.00056007879945	-4.20542657403763	"P021"	"Uninflamed UC"	"Resting crypt-top fibroblast"	NA	15.7168507108337
"SAM24412540_432855"	4.12025717276308	-4.68733394174393	"P021"	"Uninflamed UC"	"Activated crypt-top fibroblast"	NA	16.1817527779127
"SAM24412540_537325"	4.0141036846039	-5.1936911347371	"P021"	"Uninflamed UC"	"Resting crypt-top fibroblast"	NA	16.6640572822072
"SAM24412540_780587"	4.02020219343874	-4.9731396439534	"P021"	"Uninflamed UC"	"Inflammatory fibroblast"	NA	16.4424486236275
"SAM24412540_517133"	4.16630128401491	-4.38964688806351	"P021"	"Uninflamed UC"	"Activated crypt-top fibroblast"	NA	15.9202438504088
"SAM24412540_840139"	3.95029452818605	-4.91089189081009	"P021"	"Uninflamed UC"	"Activated crypt-top fibroblast"	NA	16.3713445779543
"SAM24412540_861227"	3.76169899481508	-4.67131698159989	"P021"	"Uninflamed UC"	"Inflammatory fibroblast"	NA	16.0913774198285
"SAM24412540_693753"	3.84475139158937	-4.50475776223954	"P021"	"Uninflamed UC"	"Inflammatory fibroblast"	NA	15.9380919982605
"SAM24412540_52263"	4.04452518004152	-5.22275483636673	"P021"	"Uninflamed UC"	"Activated crypt-top fibroblast"	NA	16.6915849576987
"SAM24412540_389561"	3.84087470549318	-4.65678203134354	"P021"	"Uninflamed UC"	"Resting crypt-top fibroblast"	NA	16.0936587052314
"SAM24412540_791682"	4.00129154700014	-5.04705083398636	"P021"	"Uninflamed UC"	"Activated crypt-top fibroblast"	NA	16.5153323259141
"SAM24412540_566331"	3.86727908629152	-4.86242616205033	"P021"	"Uninflamed UC"	"Activated crypt-top fibroblast"	NA	16.3128089040694
"SAM24412540_744760"	3.98384598273012	-4.72567975549515	"P021"	"Uninflamed UC"	"Resting crypt-top fibroblast"	NA	16.1908340434048
"SAM24412540_791753"	3.99365237730714	-4.74056232003983	"P021"	"Uninflamed UC"	"Activated crypt-top fibroblast"	NA	16.2074332428769
"SAM24412540_725348"	4.09043100851747	-4.70995938806351	"P021"	"Uninflamed UC"	"Resting crypt-top fibroblast"	NA	16.1976669924738
"SAM24412540_444299"	3.92738369482729	-4.96947228936966	"P021"	"Uninflamed UC"	"Resting crypt-top fibroblast"	NA	16.4341879467359
"SAM24412540_606051"	4.197034630954	-5.16080796747025	"P021"	"Uninflamed UC"	"Activated crypt-top fibroblast"	NA	16.6285995878631
"SAM24412540_785414"	3.98492220419618	-5.13156163720902	"P021"	"Uninflamed UC"	"Activated crypt-top fibroblast"	NA	16.6017259431841
"SAM24412540_247813"	3.86489108580324	-4.9923366311055	"P021"	"Uninflamed UC"	"Activated crypt-top fibroblast"	NA	16.453928607296
"SAM24412540_858113"	4.01462796705934	-4.74118649987992	"P021"	"Uninflamed UC"	"Resting crypt-top fibroblast"	NA	16.2124142414156
"SAM24412540_571516"	4.05024984854433	-5.09913241891678	"P021"	"Uninflamed UC"	"Resting crypt-top fibroblast"	NA	16.5685685595978
"SAM24412540_563414"	4.05232695120546	-4.10617387323197	"P021"	"Uninflamed UC"	"Resting crypt-top fibroblast"	NA	15.6475257677629
"SAM24412540_647598"	3.90669015425417	-4.99110448388871	"P021"	"Uninflamed UC"	"Resting crypt-top fibroblast"	NA	16.4547685166756
"SAM24412540_865379"	3.52660420912477	-4.57400691537674	"P021"	"Uninflamed UC"	"Resting crypt-top fibroblast"	NA	15.8834966701271
"SAM24412540_650797"	4.14676502722475	-4.82219827203568	"P021"	"Uninflamed UC"	"Resting crypt-top fibroblast"	NA	16.3081029995355
"SAM24412540_479177"	4.08141473311159	-5.1263664963704	"P021"	"Uninflamed UC"	"Resting crypt-top fibroblast"	NA	16.5954525943971
"SAM24412540_568506"	3.9688246585724	-4.31012809305008	"P021"	"Uninflamed UC"	"Resting crypt-top fibroblast"	NA	15.7938155845231
"SAM24412540_661421"	4.08563879507753	-4.79332292108353	"P021"	"Uninflamed UC"	"Resting crypt-top fibroblast"	NA	16.2717586691423
"SAM24412540_178072"	4.0820112563965	-4.10483396081742	"P021"	"Uninflamed UC"	"Resting crypt-top fibroblast"	NA	15.6584671753842
"SAM24412540_827365"	3.89480045813295	-4.79336583642777	"P021"	"Uninflamed UC"	"Resting crypt-top fibroblast"	NA	16.2477648993262
"SAM24412540_780953"	3.98837283629152	-5.01970565347489	"P021"	"Uninflamed UC"	"Resting crypt-top fibroblast"	NA	16.4873807788321
"SAM24412540_340687"	3.87418654936525	-4.8856643441182	"P021"	"Uninflamed UC"	"Resting crypt-top fibroblast"	NA	16.3367320312434
"SAM24412540_779640"	4.12339595335695	-4.8960517647725	"P021"	"Uninflamed UC"	"Resting crypt-top fibroblast"	NA	16.3784249881043
"SAM24412540_735998"	4.0281041004059	-4.87308824090775	"P021"	"Uninflamed UC"	"Resting crypt-top fibroblast"	NA	16.3436421999298
"SAM24412540_862415"	3.93605426329347	-4.70362937478836	"P021"	"Uninflamed UC"	"Resting crypt-top fibroblast"	NA	16.1593096459627
"SAM24412540_879719"	4.07256058233949	-4.48186099557694	"P021"	"Uninflamed UC"	"Inflammatory fibroblast"	NA	15.9816288701393
"SAM24412540_849029"	4.0675475932953	-4.67671859292801	"P021"	"Uninflamed UC"	"Resting crypt-top fibroblast"	NA	16.1603877376867
"SAM24412540_643062"	4.04877522963258	-4.94980084924515	"P021"	"Uninflamed UC"	"Activated crypt-top fibroblast"	NA	16.4205538645203
"SAM24412540_478954"	3.95951608198854	-4.61573350457962	"P021"	"Uninflamed UC"	"Resting crypt-top fibroblast"	NA	16.0773674787094
"SAM24412540_153037"	4.12267950552675	-5.00057065515335	"P021"	"Uninflamed UC"	"Activated crypt-top fibroblast"	NA	16.4749222394183
"SAM24412540_617500"	4.06663754957887	-4.55440700082596	"P021"	"Uninflamed UC"	"Activated crypt-top fibroblast"	NA	16.0494124841481
"SAM24412540_301192"	4.04756048697206	-4.23627984552201	"P021"	"Uninflamed UC"	"Activated crypt-top fibroblast"	NA	15.7527329108731
"SAM24412540_367098"	3.91739586371156	-4.78010737924393	"P021"	"Uninflamed UC"	"Activated crypt-top fibroblast"	NA	16.2302213884067
"SAM24412540_118463"	4.04375723379823	-4.96349465875443	"P021"	"Uninflamed UC"	"Activated crypt-top fibroblast"	NA	16.4339822932321
"SAM24412540_383575"	4.13170197981569	-4.50637662439164	"P021"	"Uninflamed UC"	"Resting crypt-top fibroblast"	NA	16.0221063960155
"SAM24412540_793860"	3.99313524740907	-4.15217912225541	"P021"	"Uninflamed UC"	"Resting crypt-top fibroblast"	NA	15.6652364625463
"SAM24412540_142211"	3.85772088545534	-4.75045526056107	"P021"	"Uninflamed UC"	"Resting crypt-top fibroblast"	NA	16.1887860768268
"SAM24412540_879499"	3.75890234488222	-4.97112739114579	"P021"	"Uninflamed UC"	"Resting crypt-top fibroblast"	NA	16.4274951837226
"SAM24412540_816272"	3.80981377142641	-4.75231206445511	"P021"	"Uninflamed UC"	"Activated crypt-top fibroblast"	NA	16.1806200992737
"SAM24412540_567061"	3.97348359602663	-5.0087841752034	"P021"	"Uninflamed UC"	"Resting crypt-top fibroblast"	NA	16.4757351600747
"SAM24412540_575372"	3.87089518088075	-5.08676278619584	"P021"	"Uninflamed UC"	"Activated crypt-top fibroblast"	NA	16.5582044126727
"SAM24412540_405174"	3.98042109984132	-4.73559320001419	"P021"	"Uninflamed UC"	"Resting crypt-top fibroblast"	NA	16.199816289311
"SAM24412540_770709"	4.04191902655336	-5.11308324365433	"P021"	"Uninflamed UC"	"Resting crypt-top fibroblast"	NA	16.5826116295062
"SAM24412540_365798"	3.89971211928102	-4.76227796106156	"P021"	"Uninflamed UC"	"Inflammatory fibroblast"	NA	16.2090986722583
"SAM24412540_232370"	3.86425307768556	-4.61594331292923	"P021"	"Uninflamed UC"	"Inflammatory fibroblast"	NA	16.0501917662478
"SAM24412541_509245"	4.01628020781252	-3.9981058838826	"P021"	"Inflamed UC"	"Resting crypt-top fibroblast"	NA	15.5462474902839
"SAM24412541_152688"	4.11443046110841	-4.30548512964066	"P021"	"Inflamed UC"	"Activated crypt-top fibroblast"	NA	15.8411710913242
"SAM24412541_187980"	4.02749589461061	-4.82727372674759	"P021"	"Inflamed UC"	"Inflammatory fibroblast"	NA	16.2981159289289
"SAM24412541_379190"	4.05332425612184	-4.47428643731888	"P021"	"Inflamed UC"	"Resting crypt-top fibroblast"	NA	15.9688456987897
"SAM24416182_152172"	4.05403426665041	-5.04384219674881	"P025"	"Inflamed UC"	"Activated crypt-top fibroblast"	NA	16.5147402725568
"SAM24416182_761218"	4.11968949812624	-4.9208148720723	"P025"	"Inflamed UC"	"Inflammatory fibroblast"	NA	16.3951162560734
"SAM24416182_78025"	4.13195994871828	-5.236017585085	"P025"	"Inflamed UC"	"Resting crypt-top fibroblast"	NA	16.7005185413921
"SAM24416182_516158"	4.24104860800478	-4.79952991037186	"P025"	"Inflamed UC"	"Activated crypt-top fibroblast"	NA	16.2974903020687
"SAM24416182_607454"	4.13091758269045	-4.94371640710648	"P025"	"Inflamed UC"	"Activated crypt-top fibroblast"	NA	16.4185458666297
"SAM24416182_668090"	4.07413056868288	-4.83093631295975	"P025"	"Inflamed UC"	"Activated crypt-top fibroblast"	NA	16.3076230473267
"SAM24416182_300188"	4.17676213759157	-4.65793788461502	"P025"	"Inflamed UC"	"Inflammatory fibroblast"	NA	16.1647754070509
"SAM24416182_811178"	4.22201756018373	-4.62205827264603	"P025"	"Inflamed UC"	"Inflammatory fibroblast"	NA	16.1391128055559
"SAM24416182_230032"	4.10164240378114	-4.98436725168045	"P025"	"Inflamed UC"	"Activated crypt-top fibroblast"	NA	16.4576966414774
"SAM24416182_618880"	4.12074092406007	-4.84141576318558	"P025"	"Inflamed UC"	"Resting crypt-top fibroblast"	NA	16.3238896801328
"SAM24416182_469443"	4.0602929927704	-5.26293075113114	"P025"	"Inflamed UC"	"Activated crypt-top fibroblast"	NA	16.730934161491
"SAM24416182_867579"	4.09870127218935	-4.89253699807938	"P025"	"Inflamed UC"	"Activated crypt-top fibroblast"	NA	16.37182788346
"SAM24416182_132781"	4.25988391417238	-4.73304688958939	"P025"	"Inflamed UC"	"Resting crypt-top fibroblast"	NA	16.2410839343314
"SAM24416182_109111"	4.08400133627626	-4.45054614572342	"P025"	"Inflamed UC"	"Resting crypt-top fibroblast"	NA	15.9549228268383
"SAM24416182_725506"	4.06109646338197	-5.09194934396561	"P025"	"Inflamed UC"	"Resting crypt-top fibroblast"	NA	16.5612646967611
"SAM24416182_812287"	7.08546355742189	1.29122114153091	"P025"	"Inflamed UC"	"Resting crypt-top fibroblast"	NA	12.2058974982891
"SAM24416182_747027"	3.79601434248659	-4.92441689996537	"P025"	"Inflamed UC"	"Resting crypt-top fibroblast"	NA	16.3653300842059
"SAM24416182_192405"	3.86739376562807	-5.36204850702103	"P025"	"Inflamed UC"	"Resting crypt-top fibroblast"	NA	16.841958657053
"SAM24416182_300974"	3.93716887015077	-5.33021962671097	"P025"	"Inflamed UC"	"Resting crypt-top fibroblast"	NA	16.805602940494
"SAM24416182_771344"	3.8380132057068	-4.99491393594559	"P025"	"Inflamed UC"	"Resting crypt-top fibroblast"	NA	16.4551713349055
"SAM24416182_266482"	3.76406935232851	-4.768253207491	"P025"	"Inflamed UC"	"Resting crypt-top fibroblast"	NA	16.1866799579755
"SAM24416182_822088"	3.95041230696413	-4.70025050668534	"P025"	"Inflamed UC"	"Resting crypt-top fibroblast"	NA	16.1589966105208
"SAM24416182_182787"	0.669345621049134	3.36273252935592	"P025"	"Inflamed UC"	"Resting crypt-top fibroblast"	NA	8.82291046959709
"SAM24416182_132205"	4.04590562361452	-4.51295316247757	"P025"	"Inflamed UC"	"Resting crypt-top fibroblast"	NA	16.0037493677007
"SAM24416182_743723"	3.84111550825807	-4.28448140649613	"P025"	"Inflamed UC"	"Resting crypt-top fibroblast"	NA	15.7236285431171
"SAM24416182_199077"	4.02314857023927	-4.98774564294632	"P025"	"Inflamed UC"	"Resting crypt-top fibroblast"	NA	16.4571826423418
"SAM24416192_22182"	4.04959491270754	-5.03668725518998	"P028"	"Uninflamed UC"	"Activated crypt-top fibroblast"	NA	16.5073742084414
"SAM24416193_826657"	4.22064522284242	-4.50059449701126	"P028"	"Inflamed UC"	"Inflammatory fibroblast"	NA	16.0421286761077
"SAM24416193_150961"	3.89042881506654	-5.21147859124955	"P028"	"Inflamed UC"	"Inflammatory fibroblast"	NA	16.6879237705786
"SAM24416193_440235"	4.0984006263611	-5.09091651468094	"P028"	"Inflamed UC"	"Inflammatory fibroblast"	NA	16.5598149696472
"SAM24416193_127675"	4.18558553236696	-4.66837585000809	"P028"	"Inflamed UC"	"Inflammatory fibroblast"	NA	16.1768227386192
"SAM24416193_564694"	4.09019044417116	-5.06830823449906	"P028"	"Inflamed UC"	"Inflammatory fibroblast"	NA	16.5372998700015
"SAM24416193_293613"	3.88605288046571	-5.07700717477616	"P028"	"Inflamed UC"	"Inflammatory fibroblast"	NA	16.5482799874909
"SAM24416193_563076"	4.10824326056215	-4.14573133020218	"P028"	"Inflamed UC"	"Inflammatory fibroblast"	NA	16.002133159243
"SAM24416193_641524"	4.19130424040529	-5.18486249475296	"P028"	"Inflamed UC"	"Inflammatory fibroblast"	NA	16.6527166631727
"SAM24416193_458015"	4.04463675993654	-5.34776055841263	"P028"	"Inflamed UC"	"Inflammatory fibroblast"	NA	16.8160270667216
"SAM24416193_505817"	3.68159845846864	-4.88141858606156	"P028"	"Inflamed UC"	"Inflammatory fibroblast"	NA	16.3082633573678
"SAM24416193_724944"	3.94168952482912	-4.82806241540726	"P028"	"Inflamed UC"	"Inflammatory fibroblast"	NA	16.2880909099369
"SAM24416193_365835"	4.05947950857851	-4.43314445047196	"P028"	"Inflamed UC"	"Inflammatory fibroblast"	NA	15.9312081129252
"SAM24416193_472036"	3.80981591719362	-3.91425550012406	"P028"	"Inflamed UC"	"Inflammatory fibroblast"	NA	15.3821403223679
"SAM24416193_163893"	3.7608282901642	-4.27202212838944	"P028"	"Inflamed UC"	"Inflammatory fibroblast"	NA	15.679364224543
"SAM24416193_379981"	3.9132826663849	-4.49464643029984	"P028"	"Inflamed UC"	"Inflammatory fibroblast"	NA	15.9481017050756
"SAM24416193_391731"	-5.01608559113768	-6.28195941476639	"P028"	"Inflamed UC"	"Inflammatory fibroblast"	NA	0
"SAM24416193_403595"	3.68695143240663	-5.12066066293534	"P028"	"Inflamed UC"	"Inflammatory fibroblast"	NA	16.5941561787796
"SAM24416193_5067"	4.01927808302614	-5.40420568017777	"P028"	"Inflamed UC"	"Inflammatory fibroblast"	NA	16.8740199380178
"SAM24417580_533226"	4.14233783262941	-4.79566466836747	"P032"	"Uninflamed UC"	"Activated crypt-top fibroblast"	NA	16.2812230872378
"SAM24417581_512347"	4.09165099638673	-5.25565755395707	"P032"	"Inflamed UC"	"Inflammatory fibroblast"	NA	16.7221229777986
"SAM24417581_361841"	4.06829312819215	-5.14072549371537	"P032"	"Inflamed UC"	"Inflammatory fibroblast"	NA	16.6099573597576
"SAM24417581_446474"	4.07431343573305	-5.17783820657547	"P032"	"Inflamed UC"	"Inflammatory fibroblast"	NA	16.6470004630424
"SAM24417581_819212"	4.07045606154176	-5.20118463067826	"P032"	"Inflamed UC"	"Inflammatory fibroblast"	NA	16.6687618818598
"SAM24417581_48936"	4.16067174452516	-5.13988912133988	"P032"	"Inflamed UC"	"Inflammatory fibroblast"	NA	16.608088489861
"SAM24417581_352887"	4.08348945158693	-5.22578465966996	"P032"	"Inflamed UC"	"Inflammatory fibroblast"	NA	16.6926890465241
"SAM24417581_177727"	4.13804892080995	-5.31381690530594	"P032"	"Inflamed UC"	"Inflammatory fibroblast"	NA	16.7779227903039
"SAM24417581_64191"	4.11183551329347	-5.16177690057572	"P032"	"Inflamed UC"	"Inflammatory fibroblast"	NA	16.6305207623118
"SAM24417581_704852"	4.10085395354006	-5.30406940011795	"P032"	"Inflamed UC"	"Inflammatory fibroblast"	NA	16.7700219206294
"SAM24417581_847367"	4.1811163761017	-5.11078631906327	"P032"	"Inflamed UC"	"Inflammatory fibroblast"	NA	16.5787589884334
"SAM24417581_59803"	4.076518092334	-4.97956788568314	"P032"	"Inflamed UC"	"Inflammatory fibroblast"	NA	16.4516586183336
"SAM24417581_629754"	4.14806631582948	-4.79830062417801	"P032"	"Inflamed UC"	"Inflammatory fibroblast"	NA	16.2845595615161
"SAM24417581_855215"	4.08877018469545	-5.11671531228836	"P032"	"Inflamed UC"	"Inflammatory fibroblast"	NA	16.5857197986248
"SAM24417581_169562"	4.04377749937746	-5.56607186822709	"P032"	"Inflamed UC"	"Inflammatory fibroblast"	NA	17.0337224645218
"SAM24417581_589602"	4.12927654761049	-5.20489633111771	"P032"	"Inflamed UC"	"Inflammatory fibroblast"	NA	16.6695675419942
"SAM24417581_865875"	4.20754817503664	-4.93682277231034	"P032"	"Inflamed UC"	"Inflammatory fibroblast"	NA	16.4154566408411
"SAM24417581_657323"	4.11313560980531	-5.07978999643143	"P032"	"Inflamed UC"	"Inflammatory fibroblast"	NA	16.5485244481282
"SAM24417581_330807"	3.92723945158693	-5.21224153070267	"P032"	"Inflamed UC"	"Inflammatory fibroblast"	NA	16.6868699706464
"SAM24417581_175451"	3.92743114012453	-5.24032151727494	"P032"	"Inflamed UC"	"Inflammatory fibroblast"	NA	16.7149063172983
"SAM24417581_148716"	4.17189053076479	-5.15428245096024	"P032"	"Inflamed UC"	"Inflammatory fibroblast"	NA	16.6223555238487
"SAM24417581_735615"	4.06144598501894	-4.39469230203446	"P032"	"Inflamed UC"	"Inflammatory fibroblast"	NA	15.9057548468707
"SAM24417581_370332"	4.11714986342165	-5.08115088968094	"P032"	"Inflamed UC"	"Inflammatory fibroblast"	NA	16.5498403875754
"SAM24417581_746493"	4.06084803122255	-5.20966708688553	"P032"	"Inflamed UC"	"Inflammatory fibroblast"	NA	16.677707960599
"SAM24417581_154931"	3.93699553984377	-4.95250546960648	"P032"	"Inflamed UC"	"Inflammatory fibroblast"	NA	16.4177180851589
"SAM24417581_98643"	4.14277795332643	-4.32243859796341	"P032"	"Inflamed UC"	"Inflammatory fibroblast"	NA	16.1689051246369
"SAM24417581_637268"	4.22344115751955	-4.67223441629227	"P032"	"Inflamed UC"	"Inflammatory fibroblast"	NA	16.188484294447
"SAM24417581_52654"	4.05259398001405	-5.01946532754715	"P032"	"Inflamed UC"	"Inflammatory fibroblast"	NA	16.4903219839347
"SAM24417581_561357"	4.06918219107362	-5.33081758050736	"P032"	"Inflamed UC"	"Inflammatory fibroblast"	NA	16.7975041208476
"SAM24417581_820055"	4.13082412260744	-5.13742959527787	"P032"	"Inflamed UC"	"Inflammatory fibroblast"	NA	16.6059627352895
"SAM24417581_633589"	4.00143602865907	-5.17055881051835	"P032"	"Inflamed UC"	"Inflammatory fibroblast"	NA	16.6405360993005
"SAM24417581_307699"	4.36349037665102	-4.22298467187699	"P032"	"Inflamed UC"	"Inflammatory fibroblast"	NA	16.1411973289875
"SAM24417581_413244"	4.12624457854006	-5.17382848291214	"P032"	"Inflamed UC"	"Inflammatory fibroblast"	NA	16.6424105363798
"SAM24417581_262288"	4.09905174750063	-4.6658533814412	"P032"	"Inflamed UC"	"Inflammatory fibroblast"	NA	16.156325270937
"SAM24417581_337694"	4.04250553625795	-4.99133861093338	"P032"	"Inflamed UC"	"Inflammatory fibroblast"	NA	16.4617300593069
"SAM24417581_625788"	4.05818274992677	-4.86133182077225	"P032"	"Inflamed UC"	"Inflammatory fibroblast"	NA	16.3357678490487
"SAM24417581_329666"	4.1565049030182	-4.66038453607377	"P032"	"Inflamed UC"	"Activated crypt-top fibroblast"	NA	16.162947518448
"SAM24417581_269286"	4.01827195662233	-5.1574395897847	"P032"	"Inflamed UC"	"Inflammatory fibroblast"	NA	16.6272295167493
"SAM24417581_115846"	4.21687487143251	-4.82322680978592	"P032"	"Inflamed UC"	"Inflammatory fibroblast"	NA	16.3179537749532
"SAM24417581_48814"	4.06303742903444	-5.18200290231522	"P032"	"Inflamed UC"	"Inflammatory fibroblast"	NA	16.6512909346927
"SAM24417581_820324"	4.18047956007692	-4.74712550668534	"P032"	"Inflamed UC"	"Inflammatory fibroblast"	NA	16.2410839343314
"SAM24417581_454795"	4.05907014387819	-5.05014026193436	"P032"	"Inflamed UC"	"Inflammatory fibroblast"	NA	16.5212800614055
"SAM24417581_77332"	4.11122683066103	-5.17829263238724	"P032"	"Inflamed UC"	"Inflammatory fibroblast"	NA	16.6470422658762
"SAM24417581_23717"	4.0825155116913	-4.96477067498978	"P032"	"Inflamed UC"	"Inflammatory fibroblast"	NA	16.4371766594006
"SAM24417581_76848"	4.09808043020937	-5.02410399942215	"P032"	"Inflamed UC"	"Inflammatory fibroblast"	NA	16.4972081619772
"SAM24417581_723131"	4.08599260824892	-5.07312762765702	"P032"	"Inflamed UC"	"Inflammatory fibroblast"	NA	16.5421658828541
"SAM24417581_89726"	4.06714848059389	-4.80866134195145	"P032"	"Inflamed UC"	"Inflammatory fibroblast"	NA	16.2846460614849
"SAM24417581_446043"	4.10340813177797	-5.08109939126786	"P032"	"Inflamed UC"	"Inflammatory fibroblast"	NA	16.5499424887677
"SAM24417581_195295"	4.18088677901003	-4.82943189172562	"P032"	"Inflamed UC"	"Inflammatory fibroblast"	NA	16.319576693932
"SAM24417581_275039"	2.29037192839357	-4.46351230172928	"P032"	"Inflamed UC"	"Inflammatory fibroblast"	NA	15.1006279069203
"SAM24417581_465717"	4.17570951956484	-4.64806163339432	"P032"	"Inflamed UC"	"Inflammatory fibroblast"	NA	16.1548965965313
"SAM24417581_103813"	4.00467661398622	-4.82511985330399	"P032"	"Inflamed UC"	"Inflammatory fibroblast"	NA	16.2931050891565
"SAM24417581_869505"	3.776873145282	-4.88890969781693	"P032"	"Inflamed UC"	"Inflammatory fibroblast"	NA	16.3276947871072
"SAM24417581_116584"	4.18199161070558	-4.79872453241166	"P032"	"Inflamed UC"	"Inflammatory fibroblast"	NA	16.2892530301196
"SAM24417581_541691"	4.16751054304811	-4.90795552758988	"P032"	"Inflamed UC"	"Inflammatory fibroblast"	NA	16.3900771281073
"SAM24417581_78094"	4.11331203955385	-4.98881757287796	"P032"	"Inflamed UC"	"Inflammatory fibroblast"	NA	16.4627195622404
"SAM24417581_565848"	4.19653180617067	-4.7887200119954	"P032"	"Inflamed UC"	"Inflammatory fibroblast"	NA	16.2811595385266
"SAM24417581_639415"	4.18293574827882	-4.74538934259232	"P032"	"Inflamed UC"	"Inflammatory fibroblast"	NA	16.2410839343314
"SAM24417581_42446"	4.1192119457123	-5.04718625573929	"P032"	"Inflamed UC"	"Inflammatory fibroblast"	NA	16.521308844828
"SAM24417581_389610"	4.20142725485536	-4.6157177689534	"P032"	"Inflamed UC"	"Inflammatory fibroblast"	NA	16.1286212251456
"SAM24417581_607938"	4.01518491286012	-5.08615577249344	"P032"	"Inflamed UC"	"Inflammatory fibroblast"	NA	16.5559846574908
"SAM24417581_787977"	4.03307775038454	-5.07660520105179	"P032"	"Inflamed UC"	"Inflammatory fibroblast"	NA	16.5462346878358
"SAM24417581_561158"	4.16706565397951	-4.53721034555252	"P032"	"Inflamed UC"	"Inflammatory fibroblast"	NA	16.0618022569874
"SAM24417581_366402"	4.18331912535402	-4.64469373254593	"P032"	"Inflamed UC"	"Inflammatory fibroblast"	NA	16.1531881688068
"SAM24417581_575709"	4.11743024367067	-5.19721686868485	"P032"	"Inflamed UC"	"Inflammatory fibroblast"	NA	16.6624817879171
"SAM24417581_305995"	4.14087799566957	-4.89230906991776	"P032"	"Inflamed UC"	"Inflammatory fibroblast"	NA	16.3769139850711
"SAM24417581_701659"	4.10402420538637	-4.59983623056229	"P032"	"Inflamed UC"	"Inflammatory fibroblast"	NA	16.0927931528176
"SAM24417581_819099"	4.1981959678528	-4.91458594827469	"P032"	"Inflamed UC"	"Inflammatory fibroblast"	NA	16.3927838480574
"SAM24417581_514727"	3.99789622801515	-5.36319482354935	"P032"	"Inflamed UC"	"Inflammatory fibroblast"	NA	16.8345065267538
"SAM24417581_679283"	3.98453453558656	-4.78482711343583	"P032"	"Inflamed UC"	"Inflammatory fibroblast"	NA	16.2505963020213
"SAM24417581_149192"	3.22484878081056	-3.84208333520707	"P032"	"Inflamed UC"	"Inflammatory fibroblast"	NA	15.02421619154
"SAM24417581_805545"	4.01792386549684	-4.64169299630936	"P032"	"Inflamed UC"	"Inflammatory fibroblast"	NA	16.115791186461
"SAM24417581_548796"	4.17351773756715	-4.24363553552445	"P032"	"Inflamed UC"	"Inflammatory fibroblast"	NA	16.1060520777767
"SAM24417581_865768"	4.14226630705568	-5.03776109247025	"P032"	"Inflamed UC"	"Inflammatory fibroblast"	NA	16.5130372650399
"SAM24417581_48816"	3.47638896483156	-3.81850755243119	"P032"	"Inflamed UC"	"Inflammatory fibroblast"	NA	15.1351531594188
"SAM24417581_654918"	4.1493347026703	-4.550235629366	"P032"	"Inflamed UC"	"Inflammatory fibroblast"	NA	16.0691825725867
"SAM24417581_804032"	4.12067011374208	-4.72551000146683	"P032"	"Inflamed UC"	"Inflammatory fibroblast"	NA	16.2191769812138
"SAM24417581_392466"	4.1281755306122	-4.92026650934037	"P032"	"Inflamed UC"	"Inflammatory fibroblast"	NA	16.3949889276572
"SAM24417581_248477"	4.00145915526125	-4.97678601770218	"P032"	"Inflamed UC"	"Inflammatory fibroblast"	NA	16.4451620723789
"SAM24417581_614370"	4.03330377119753	-3.90106952218827	"P032"	"Inflamed UC"	"Inflammatory fibroblast"	NA	15.7771145187158
"SAM24417581_437675"	4.13375214117738	-4.16186940698441	"P032"	"Inflamed UC"	"Inflammatory fibroblast"	NA	16.0162817403225
"SAM24417581_875606"	4.055197987735	-4.64646136789139	"P032"	"Inflamed UC"	"Inflammatory fibroblast"	NA	16.1282214157729
"SAM24417581_468624"	3.99965337294313	-4.54503762750443	"P032"	"Inflamed UC"	"Inflammatory fibroblast"	NA	16.0211884376294
"SAM24417581_677868"	3.83099273222658	-4.14613854913529	"P032"	"Inflamed UC"	"Inflammatory fibroblast"	NA	15.5932855853831
"SAM24417581_26648"	4.25182059782716	-4.71355283288773	"P032"	"Inflamed UC"	"Inflammatory fibroblast"	NA	16.2348090444833
"SAM24417581_634741"	4.10654047507021	-5.11290633706864	"P032"	"Inflamed UC"	"Inflammatory fibroblast"	NA	16.5817124362761
"SAM24417581_741636"	3.79725817221376	-3.91362845926102	"P032"	"Inflamed UC"	"Inflammatory fibroblast"	NA	15.3755612391625
"SAM24417581_423101"	3.91321567076418	-4.43168628244217	"P032"	"Inflamed UC"	"Inflammatory fibroblast"	NA	15.8877109072514
"SAM24417581_428604"	3.82302001494142	-3.94229543237503	"P032"	"Inflamed UC"	"Inflammatory fibroblast"	NA	15.4092581933705
"SAM24417581_242130"	3.04215315359804	-4.6404193642598	"P032"	"Inflamed UC"	"Inflammatory fibroblast"	NA	15.7735825656054
"SAM24417581_293243"	4.08200720328066	-4.19463622598465	"P032"	"Inflamed UC"	"Inflammatory fibroblast"	NA	16.032692051654
"SAM24417581_99729"	4.04621795195314	-4.38018453149613	"P032"	"Inflamed UC"	"Inflammatory fibroblast"	NA	15.8867856738782
"SAM24417581_434510"	4.10383609312746	-4.8451894524556	"P032"	"Inflamed UC"	"Inflammatory fibroblast"	NA	16.325504131299
"SAM24417581_815703"	4.05804685133669	-4.52077281503495	"P032"	"Inflamed UC"	"Inflammatory fibroblast"	NA	16.0147283059317
"SAM24417581_630618"	3.53611782568666	-3.76517260103043	"P032"	"Inflamed UC"	"Inflammatory fibroblast"	NA	15.1188343957997
"SAM24417581_160335"	4.08223846930238	-4.19578158883866	"P032"	"Inflamed UC"	"Inflammatory fibroblast"	NA	16.0338553692306
"SAM24417581_871954"	3.98542216795656	-3.97674262552079	"P032"	"Inflamed UC"	"Inflammatory fibroblast"	NA	15.8274358211178
"SAM24417581_738080"	3.93099120634767	-4.69508922128495	"P032"	"Inflamed UC"	"Inflammatory fibroblast"	NA	16.1499019845983
"SAM24417581_581040"	4.17822769659731	-4.74541652231034	"P032"	"Inflamed UC"	"Inflammatory fibroblast"	NA	16.2410839343314
"SAM24417581_211724"	3.93488529700014	-3.84554708032425	"P032"	"Inflamed UC"	"Inflammatory fibroblast"	NA	15.6869687071386
"SAM24417581_805257"	4.0328750945923	-4.58356463937577	"P032"	"Inflamed UC"	"Inflammatory fibroblast"	NA	16.0676375067759
"SAM24417581_233188"	4.00962832945558	-4.12416827707108	"P032"	"Inflamed UC"	"Inflammatory fibroblast"	NA	15.957249178844
"SAM24417581_315673"	4.04839828985902	-4.5654248002034	"P032"	"Inflamed UC"	"Inflammatory fibroblast"	NA	16.0547239200467
"SAM24417581_775553"	3.26701859015199	-3.73934114007767	"P032"	"Inflamed UC"	"Inflammatory fibroblast"	NA	14.9577151003487
"SAM24417581_752818"	4.05043390768739	-4.18461930780228	"P032"	"Inflamed UC"	"Inflammatory fibroblast"	NA	16.0139760150022
"SAM24417581_864059"	3.99846986311647	-4.17092311410721	"P032"	"Inflamed UC"	"Inflammatory fibroblast"	NA	15.9974259850315
"SAM24417581_800677"	4.10533073919985	-4.22605836419876	"P032"	"Inflamed UC"	"Inflammatory fibroblast"	NA	16.0695147855943
"SAM24417581_330563"	3.82314017790529	-4.48951613931473	"P032"	"Inflamed UC"	"Inflammatory fibroblast"	NA	15.9097927324987
"SAM24417581_47616"	4.20530608671877	-4.18079793481644	"P032"	"Inflamed UC"	"Inflammatory fibroblast"	NA	16.055085966645
"SAM24417581_82564"	4.00607112425539	-4.23188960580643	"P032"	"Inflamed UC"	"Inflammatory fibroblast"	NA	16.0464045678347
"SAM24417581_664411"	4.05156734961244	-5.10556924371537	"P032"	"Inflamed UC"	"Inflammatory fibroblast"	NA	16.5749902561021
"SAM24417581_269562"	4.15117481726381	-4.64324700860794	"P032"	"Inflamed UC"	"Inflammatory fibroblast"	NA	16.1450755417403
"SAM24417581_465223"	3.6595783569214	-4.21311652688797	"P032"	"Inflamed UC"	"Inflammatory fibroblast"	NA	15.5841421948594
"SAM24417581_636391"	3.24952915686342	-3.76026785402115	"P032"	"Inflamed UC"	"Inflammatory fibroblast"	NA	14.9666893260426
"SAM24417581_494231"	4.01168707388612	-4.90390956430252	"P032"	"Inflamed UC"	"Inflammatory fibroblast"	NA	16.3721503288737
"SAM24417581_688189"	1.51859489458772	-4.04971635370072	"P032"	"Inflamed UC"	"Inflammatory fibroblast"	NA	14.3145303105583
"SAM24417581_533515"	3.93416646498415	-3.99973380594071	"P032"	"Inflamed UC"	"Inflammatory fibroblast"	NA	15.8280950427658
"SAM24417581_538014"	3.75570539015505	-3.99651563196	"P032"	"Inflamed UC"	"Inflammatory fibroblast"	NA	15.4272824920091
"SAM24417581_22285"	3.39811304587099	-3.84415280847367	"P032"	"Inflamed UC"	"Inflammatory fibroblast"	NA	15.1182182383077
"SAM24417581_428282"	4.01638678091737	-4.02960860757645	"P032"	"Inflamed UC"	"Inflammatory fibroblast"	NA	15.8706189148564
"SAM24417581_96862"	3.90384629744264	-4.03003728418167	"P032"	"Inflamed UC"	"Inflammatory fibroblast"	NA	15.8353683109241
"SAM24417581_577811"	3.64383080977174	-3.79260575799759	"P032"	"Inflamed UC"	"Inflammatory fibroblast"	NA	15.1964550202349
"SAM24417581_295414"	2.02029481905672	-4.61747634439286	"P032"	"Inflamed UC"	"Inflammatory fibroblast"	NA	15.4595338966381
"SAM24417581_241744"	3.57531813162538	-3.84174048929032	"P032"	"Inflamed UC"	"Inflammatory fibroblast"	NA	15.204743940374
"SAM24417581_743919"	4.03347209471437	-4.36938750772293	"P032"	"Inflamed UC"	"Inflammatory fibroblast"	NA	15.8721667690684
"SAM24417581_485833"	3.21657708662721	-3.79761064081009	"P032"	"Inflamed UC"	"Inflammatory fibroblast"	NA	14.981808309571
"SAM24417581_392826"	3.3344161846039	-3.81116163759049	"P032"	"Inflamed UC"	"Inflammatory fibroblast"	NA	15.0539537694076
"SAM24417581_491282"	4.08572367209169	-5.26253449945267	"P032"	"Inflamed UC"	"Inflammatory fibroblast"	NA	16.729283936937
"SAM24417581_611054"	3.88499620932314	-4.15201270608719	"P032"	"Inflamed UC"	"Inflammatory fibroblast"	NA	15.6207728003773
"SAM24417581_420397"	3.59474924582216	-3.83905494241532	"P032"	"Inflamed UC"	"Inflammatory fibroblast"	NA	15.2121351893584
"SAM24417581_538928"	3.92038277167055	-4.24788987664994	"P032"	"Inflamed UC"	"Inflammatory fibroblast"	NA	15.722731260076
"SAM24417581_472095"	3.51524833220216	-3.79808962373551	"P032"	"Inflamed UC"	"Inflammatory fibroblast"	NA	15.1369038831758
"SAM24417581_731620"	3.44048717993471	-3.78403604059037	"P032"	"Inflamed UC"	"Inflammatory fibroblast"	NA	15.0873479612388
"SAM24417581_253863"	4.03259542959901	-5.55080401925858	"P032"	"Inflamed UC"	"Inflammatory fibroblast"	NA	17.0193090486397
"SAM24417581_724627"	3.60237506407472	-3.87090623407181	"P032"	"Inflamed UC"	"Inflammatory fibroblast"	NA	15.2445204789454
"SAM24417581_376039"	4.07495311278078	-5.17582166223343	"P032"	"Inflamed UC"	"Inflammatory fibroblast"	NA	16.6449768947657
"SAM24417581_41537"	4.04773930090639	-5.39568460016068	"P032"	"Inflamed UC"	"Inflammatory fibroblast"	NA	16.8636426748091
"SAM24417581_801360"	4.08435562628481	-5.22872579126175	"P032"	"Inflamed UC"	"Inflammatory fibroblast"	NA	16.6955838705883
"SAM24417581_197117"	3.32778910177919	-3.97827422647293	"P032"	"Inflamed UC"	"Inflammatory fibroblast"	NA	15.1991986540222
"SAM24417581_136009"	3.09462622183534	-3.71438396005448	"P032"	"Inflamed UC"	"Inflammatory fibroblast"	NA	14.8431908363469
"SAM24417581_838422"	4.06229356306764	-5.27405726938065	"P032"	"Inflamed UC"	"Inflammatory fibroblast"	NA	16.7419484494805
"SAM24417581_689117"	4.06995347517702	-5.34731662301835	"P032"	"Inflamed UC"	"Inflammatory fibroblast"	NA	16.8139165298907
"SAM24417581_338558"	3.59316566961977	-3.89576709298905	"P032"	"Inflamed UC"	"Inflammatory fibroblast"	NA	15.2619072224501
"SAM24417581_5893"	3.89498952406618	-4.07293403177079	"P032"	"Inflamed UC"	"Inflammatory fibroblast"	NA	15.5583151254646
"SAM24417581_634645"	3.17670801657411	-3.726181149767	"P032"	"Inflamed UC"	"Inflammatory fibroblast"	NA	14.8961991358083
"SAM24417581_634837"	4.01424268263551	-5.24686038522538	"P032"	"Inflamed UC"	"Inflammatory fibroblast"	NA	16.7171549485559
"SAM24417581_330659"	3.12036827582094	-3.73420846490677	"P032"	"Inflamed UC"	"Inflammatory fibroblast"	NA	14.8735554272123
"SAM24417581_737180"	3.96203115957948	-5.41249024896439	"P032"	"Inflamed UC"	"Inflammatory fibroblast"	NA	16.8860572651539
"SAM24419279_905486"	4.02864554899904	-5.57894647149857	"P039"	"Inflamed UC"	"Inflammatory fibroblast"	NA	17.0476389045779
"SAM24419279_8703745"	4.02292588728639	-5.57284295587357	"P039"	"Inflamed UC"	"Inflammatory fibroblast"	NA	17.0419568708551
"SAM24419279_6811480"	4.00614503401491	-5.56097590951737	"P039"	"Inflamed UC"	"Inflammatory fibroblast"	NA	17.0313111638501
"SAM24419279_168259"	3.93336657065126	-5.57430446176346	"P039"	"Inflamed UC"	"Inflammatory fibroblast"	NA	17.0497731465271
"SAM24419279_9157721"	3.9895310737488	-5.60435998468216	"P039"	"Inflamed UC"	"Inflammatory fibroblast"	NA	17.0757653041733
"SAM24419279_8576296"	3.98701528090212	-5.60216748742875	"P039"	"Inflamed UC"	"Inflammatory fibroblast"	NA	17.0737569538172
"SAM24419279_9438807"	3.7915146686432	-3.94809854059037	"P039"	"Inflamed UC"	"Resting crypt-top fibroblast"	NA	15.4002251930464
"SAM24419279_7398566"	4.03071359175417	-5.4847477677327	"P039"	"Inflamed UC"	"Inflammatory fibroblast"	NA	16.9535476808255
"SAM24419279_11667507"	3.9959254600403	-5.58123910455521	"P039"	"Inflamed UC"	"Inflammatory fibroblast"	NA	17.0522487858736
"SAM24419279_1771831"	4.00152829664919	-5.59291827707108	"P039"	"Inflamed UC"	"Inflammatory fibroblast"	NA	17.0635007006639
"SAM24419279_11677447"	4.02109268683168	-5.57739865808304	"P039"	"Inflamed UC"	"Inflammatory fibroblast"	NA	17.0466312288688
"SAM24419279_9165349"	3.99610999602052	-5.61576831369217	"P039"	"Inflamed UC"	"Inflammatory fibroblast"	NA	17.0866777596087
"SAM24419279_2221094"	4.00100639837953	-5.61641299753006	"P039"	"Inflamed UC"	"Inflammatory fibroblast"	NA	17.0869731858961
"SAM24419279_2065969"	3.94399980086061	-5.61579072503861	"P039"	"Inflamed UC"	"Inflammatory fibroblast"	NA	17.0903997906914
"SAM24419279_180943"	3.96200779455873	-5.61705482034501	"P039"	"Inflamed UC"	"Inflammatory fibroblast"	NA	17.0903821795173
"SAM24419279_596445"	3.9329359866974	-5.61045491723832	"P039"	"Inflamed UC"	"Inflammatory fibroblast"	NA	17.0858629471861
"SAM24419279_4870677"	3.97553089636537	-5.60929334192093	"P039"	"Inflamed UC"	"Inflammatory fibroblast"	NA	17.0816801851179
"SAM24419279_7821387"	4.02490952986452	-5.57986247567948	"P039"	"Inflamed UC"	"Inflammatory fibroblast"	NA	17.0488178440168
"SAM24419279_6942380"	4.01529339331361	-5.60484254388627	"P039"	"Inflamed UC"	"Inflammatory fibroblast"	NA	17.0744175939121
"SAM24419279_4300848"	4.02689579504701	-5.46727025537308	"P039"	"Inflamed UC"	"Inflammatory fibroblast"	NA	16.9363811519438
"SAM24419279_12980749"	3.93781164664003	-5.61323773889359	"P039"	"Inflamed UC"	"Inflammatory fibroblast"	NA	17.0882925883894
"SAM24419279_13574789"	4.06437781828615	-4.31879889993485	"P039"	"Inflamed UC"	"Activated crypt-top fibroblast"	NA	15.8358467557526
"SAM24419279_4130308"	4.00092652815553	-5.19973123102005	"P039"	"Inflamed UC"	"Inflammatory fibroblast"	NA	16.6707400336787
"SAM24419279_9309401"	4.22267440336916	-4.58816564111527	"P039"	"Inflamed UC"	"Inflammatory fibroblast"	NA	16.1061009191934
"SAM24419279_8411934"	4.01574066656801	-5.5158928635579	"P039"	"Inflamed UC"	"Inflammatory fibroblast"	NA	16.9856666744881
"SAM24419279_5760007"	4.09954074400636	-4.28104770211991	"P039"	"Inflamed UC"	"Inflammatory fibroblast"	NA	16.1204829058362
"SAM24419279_9165394"	3.99473646658632	-5.55544412164505	"P039"	"Inflamed UC"	"Inflammatory fibroblast"	NA	17.0265943322002
"SAM24419279_7085279"	4.00149825590822	-5.44061887292679	"P039"	"Inflamed UC"	"Inflammatory fibroblast"	NA	16.9115776494436
"SAM24419279_2837390"	4.24127057570192	-4.47188508539017	"P039"	"Inflamed UC"	"Inflammatory fibroblast"	NA	16.0205576339268
"SAM24419279_7829771"	3.98331764715883	-5.60341537027176	"P039"	"Inflamed UC"	"Inflammatory fibroblast"	NA	17.075264209174
"SAM24419279_10494411"	4.17940476912233	-4.41298472909745	"P039"	"Inflamed UC"	"Activated crypt-top fibroblast"	NA	15.9463629019292
"SAM24419279_9163089"	4.13021162527773	-4.59947049646195	"P039"	"Inflamed UC"	"Inflammatory fibroblast"	NA	16.0978919122719
"SAM24419279_12405586"	4.08516601103517	-4.52225244073685	"P039"	"Inflamed UC"	"Activated crypt-top fibroblast"	NA	16.0239390168817
"SAM24419279_13862808"	4.04029491919252	-5.31958758859452	"P039"	"Inflamed UC"	"Inflammatory fibroblast"	NA	16.7882012682418
"SAM24419279_6375952"	4.01140907782289	-5.57593715219315	"P039"	"Inflamed UC"	"Inflammatory fibroblast"	NA	17.0458609198817
"SAM24419279_12244635"	4.05309370535585	-4.08346641092118	"P039"	"Inflamed UC"	"Inflammatory fibroblast"	NA	15.9337477515065
"SAM24419279_6059949"	4.23859194296571	-4.5595563652974	"P039"	"Inflamed UC"	"Activated crypt-top fibroblast"	NA	16.0818587038309
"SAM24419279_168213"	4.1887543537018	-4.53476035623368	"P039"	"Inflamed UC"	"Activated crypt-top fibroblast"	NA	16.0656885121789
"SAM24419279_10209819"	4.02560118216249	-4.1649612191182	"P039"	"Inflamed UC"	"Inflammatory fibroblast"	NA	16.0010426146008
"SAM24419279_5313027"	4.16577151793214	-4.86807811288651	"P039"	"Inflamed UC"	"Activated crypt-top fibroblast"	NA	16.3560113655483
"SAM24419279_11817242"	4.07723930853578	-4.26170623330887	"P039"	"Inflamed UC"	"Resting crypt-top fibroblast"	NA	15.7870399804151
"SAM24419279_12685868"	4.11347702521059	-4.27051389245804	"P039"	"Inflamed UC"	"Inflammatory fibroblast"	NA	16.11442728797
"SAM24419279_13448160"	4.09610513228151	-4.30122029809769	"P039"	"Inflamed UC"	"Inflammatory fibroblast"	NA	16.1388012041721
"SAM24419279_5780045"	4.18766358870241	-4.49895226983841	"P039"	"Inflamed UC"	"Activated crypt-top fibroblast"	NA	16.0310774655751
"SAM24419279_8877762"	4.41736033934328	-3.48600471048172	"P039"	"Inflamed UC"	"Resting crypt-top fibroblast"	NA	15.2981591139283
"SAM24419279_5028192"	3.94200852888796	-5.60169875650223	"P039"	"Inflamed UC"	"Inflammatory fibroblast"	NA	17.0764847576682
"SAM24419279_4139912"	4.17304209250185	-4.49809443979081	"P039"	"Inflamed UC"	"Activated crypt-top fibroblast"	NA	16.02605389787
"SAM24419279_5185981"	4.17790511625978	-4.2293766739827	"P039"	"Inflamed UC"	"Activated crypt-top fibroblast"	NA	15.7925571226593
"SAM24419279_8428114"	4.16003945845339	-4.18948972253617	"P039"	"Inflamed UC"	"Resting crypt-top fibroblast"	NA	15.7489257367822
"SAM24419279_9162650"	4.02333620566103	-4.25392472772416	"P039"	"Inflamed UC"	"Activated crypt-top fibroblast"	NA	15.7606276383141
"SAM24419279_10192166"	4.21702173727724	-4.27567946939286	"P039"	"Inflamed UC"	"Activated crypt-top fibroblast"	NA	15.8497313224111
"SAM24419279_6346053"	4.11032393950197	-4.09835708169754	"P039"	"Inflamed UC"	"Inflammatory fibroblast"	NA	15.967207293085
"SAM24419279_2236845"	4.05304029959413	-4.28072297601517	"P039"	"Inflamed UC"	"Inflammatory fibroblast"	NA	16.1067303731264
"SAM24419279_2520272"	4.18688705939027	-4.32414472131546	"P039"	"Inflamed UC"	"Activated crypt-top fibroblast"	NA	15.884340067292
"SAM24419279_2070590"	4.08851388472292	-4.61409080056961	"P039"	"Inflamed UC"	"Activated crypt-top fibroblast"	NA	16.1035030966688
"SAM24419279_156300"	4.03312185782167	-4.59869039087113	"P039"	"Inflamed UC"	"Activated crypt-top fibroblast"	NA	16.0818587038309
"SAM24419279_770343"	3.95843986052248	-4.32862317590531	"P039"	"Inflamed UC"	"Activated crypt-top fibroblast"	NA	15.8074187024964
"SAM24419279_6815698"	4.21581343191835	-4.32825696496781	"P039"	"Inflamed UC"	"Activated crypt-top fibroblast"	NA	15.8984544411097
"SAM24419279_599492"	4.20528868216249	-4.54508101968583	"P039"	"Inflamed UC"	"Activated crypt-top fibroblast"	NA	16.0803254491274
"SAM24419279_4434442"	4.24344781416628	-4.37280643014725	"P039"	"Inflamed UC"	"Activated crypt-top fibroblast"	NA	15.9262841390912
"SAM24419279_331448"	4.11401322859499	-4.0858744385701	"P039"	"Inflamed UC"	"Activated crypt-top fibroblast"	NA	15.6542858553235
"SAM24419279_1636693"	4.16879728811952	-4.15581405191239	"P039"	"Inflamed UC"	"Activated crypt-top fibroblast"	NA	15.7401890953718
"SAM24419279_1180839"	3.97210386770937	-4.2165650132161	"P039"	"Inflamed UC"	"Activated crypt-top fibroblast"	NA	15.7153506545156
"SAM24419279_6359107"	4.11467484015199	-4.37671172647293	"P039"	"Inflamed UC"	"Activated crypt-top fibroblast"	NA	15.9078441002062
"SAM24419279_10348101"	3.93280151861879	-4.16009032754715	"P039"	"Inflamed UC"	"Inflammatory fibroblast"	NA	15.6477301862215
"SAM24419279_5914827"	-4.44735809785155	-1.88953030137833	"P039"	"Inflamed UC"	"Resting crypt-top fibroblast"	NA	3.08940008685064
"SAM24419279_3702931"	4.02211764830324	-5.1211904290181	"P039"	"Inflamed UC"	"Inflammatory fibroblast"	NA	16.5909396357114
"SAM24419279_1198164"	3.96923616903993	-3.86414325265702	"P039"	"Inflamed UC"	"Activated crypt-top fibroblast"	NA	15.4054678729518
"SAM24419279_3542861"	3.80679467695924	-4.40538775949295	"P039"	"Inflamed UC"	"Activated crypt-top fibroblast"	NA	15.8253419273785
"SAM24419279_1799483"	4.19312933462831	-4.26104486017044	"P039"	"Inflamed UC"	"Inflammatory fibroblast"	NA	16.128387221154
"SAM24419279_5466287"	4.16139296072694	-4.37057769326981	"P039"	"Inflamed UC"	"Activated crypt-top fibroblast"	NA	15.9138472082408
"SAM24419279_1507668"	3.68189958113405	-4.49479663400467	"P039"	"Inflamed UC"	"Resting crypt-top fibroblast"	NA	15.8645830480362
"SAM24419279_6947774"	3.8756542541382	-5.5898879769307	"P039"	"Inflamed UC"	"Inflammatory fibroblast"	NA	17.0694147480027
"SAM24419279_170168"	4.01533082503053	-4.21341788797196	"P039"	"Inflamed UC"	"Activated crypt-top fibroblast"	NA	15.7301928788037
"SAM24419279_2969492"	3.84087160605165	-5.43165481118973	"P039"	"Inflamed UC"	"Inflammatory fibroblast"	NA	16.9139070936128
"SAM24419279_4163762"	4.04790738600465	-4.02268207101639	"P039"	"Inflamed UC"	"Activated crypt-top fibroblast"	NA	15.5695543852119
"SAM24419279_6787630"	4.14171246069643	-4.28772008447464	"P039"	"Inflamed UC"	"Activated crypt-top fibroblast"	NA	15.8342496438515
"SAM24419279_7406679"	-0.417146708786758	0.238171674026886	"P039"	"Inflamed UC"	"Inflammatory fibroblast"	NA	9.33596805741526
"SAM24419279_10033587"	4.08705118674013	-4.19228732614334	"P039"	"Inflamed UC"	"Activated crypt-top fibroblast"	NA	15.7401890953718
"SAM24419279_1805959"	-3.27553650361327	0.478720068647305	"P039"	"Inflamed UC"	"Resting crypt-top fibroblast"	NA	5.59579085704978
"SAM24419279_9755999"	3.9093878604767	-4.08400094537552	"P039"	"Inflamed UC"	"Activated crypt-top fibroblast"	NA	15.5687280561153
"SAM24419279_4161432"	4.01103881376955	-4.17775046853836	"P039"	"Inflamed UC"	"Activated crypt-top fibroblast"	NA	15.6958986882842
"SAM24419279_10481719"	4.13257030028078	-4.22279775171097	"P039"	"Inflamed UC"	"Resting crypt-top fibroblast"	NA	15.7703111071067
"SAM24419279_13599376"	-2.04201265794066	4.30499851675216	"P039"	"Inflamed UC"	"Activated crypt-top fibroblast"	NA	7.72188050845843
"SAM24419279_1356688"	3.81965497511598	-5.57481420068558	"P039"	"Inflamed UC"	"Inflammatory fibroblast"	NA	17.0583548004067
"SAM24419279_1034535"	3.78693369406435	-3.84399068383988	"P039"	"Inflamed UC"	"Activated crypt-top fibroblast"	NA	15.3095173807158
"SAM24419279_4868824"	3.6910827495453	-5.51437079934891	"P039"	"Inflamed UC"	"Inflammatory fibroblast"	NA	17.2904960209541
"SAM24419279_6202772"	4.02754119414064	-4.40655839471634	"P039"	"Inflamed UC"	"Resting crypt-top fibroblast"	NA	15.9048102932062
"SAM24419279_12535744"	2.42599037665102	-3.46713602571305	"P039"	"Inflamed UC"	"Resting crypt-top fibroblast"	NA	14.2963504579954
"SAM24419279_5631031"	3.46339396017763	-4.20666158227738	"P039"	"Inflamed UC"	"Activated crypt-top fibroblast"	NA	15.4829698033588
"SAM24419279_4897239"	3.86355474966737	-4.11772811441239	"P039"	"Inflamed UC"	"Activated crypt-top fibroblast"	NA	15.5807127256203
"SAM24419279_11371433"	3.91047457236025	-4.62514722375687	"P039"	"Inflamed UC"	"Resting crypt-top fibroblast"	NA	16.0722905530534
"SAM24419279_457362"	-1.83498808366087	3.95589816541855	"P039"	"Inflamed UC"	"Activated crypt-top fibroblast"	NA	7.82217824975359
"SAM24419279_11827590"	3.76140693205568	-4.1212166550618	"P039"	"Inflamed UC"	"Resting crypt-top fibroblast"	NA	15.541146707842
"SAM24419279_10920237"	3.69159582632753	-5.45450770883377	"P039"	"Inflamed UC"	"Inflammatory fibroblast"	NA	16.9471785592665
"SAM24419279_4136863"	3.95687535780641	-4.39001834420975	"P039"	"Inflamed UC"	"Resting crypt-top fibroblast"	NA	15.864258565458
"SAM24419279_11374856"	3.09286478537294	-4.34240329294022	"P039"	"Inflamed UC"	"Resting crypt-top fibroblast"	NA	15.4369692155731
"SAM24419279_3417227"	3.8759520389435	-4.53109872369584	"P039"	"Inflamed UC"	"Resting crypt-top fibroblast"	NA	15.9722882488849
"SAM24419279_7252676"	4.0319099761841	-4.45415341882523	"P039"	"Inflamed UC"	"Resting crypt-top fibroblast"	NA	15.9434079245876
"SAM24419279_4748620"	4.01956704634401	-4.30753028421219	"P039"	"Inflamed UC"	"Resting crypt-top fibroblast"	NA	15.8094026332634
"SAM24419279_8277935"	3.58620360869142	-4.09617650537308	"P039"	"Inflamed UC"	"Resting crypt-top fibroblast"	NA	15.4397645452421
"SAM24419279_4139226"	3.53907516974184	-3.86173474817093	"P039"	"Inflamed UC"	"Resting crypt-top fibroblast"	NA	15.2039347073985
"SAM24419279_10930565"	3.64859918135378	-3.86452233819779	"P039"	"Inflamed UC"	"Resting crypt-top fibroblast"	NA	15.2611128844624
"SAM24419279_10345422"	-4.25246521455077	-0.057221383140644	"P039"	"Inflamed UC"	"Resting crypt-top fibroblast"	NA	4.62029304326492
"SAM24419279_12980788"	-4.47461840134886	-0.422276139543613	"P039"	"Inflamed UC"	"Resting crypt-top fibroblast"	NA	4.22691700655301
"SAM24419279_7527969"	-2.4579262397888	-1.22892475156601	"P039"	"Inflamed UC"	"Activated crypt-top fibroblast"	NA	4.92047093366826
"SAM24419279_917387"	3.06686070936891	-4.26888883142289	"P039"	"Inflamed UC"	"Resting crypt-top fibroblast"	NA	15.3365320900289
"SAM24419279_4730562"	3.92283109205934	-4.54823863534745	"P039"	"Inflamed UC"	"Resting crypt-top fibroblast"	NA	16.0021772387745
"SAM24419279_12273864"	-4.46635433656004	-2.19618189363297	"P039"	"Inflamed UC"	"Resting crypt-top fibroblast"	NA	2.82312023355874
"SAM24419279_10492042"	3.94965890425417	-4.00906503228959	"P039"	"Inflamed UC"	"Resting crypt-top fibroblast"	NA	15.5259752464567
"SAM24419279_6066854"	3.95118430632326	-4.84482800988968	"P039"	"Inflamed UC"	"Resting crypt-top fibroblast"	NA	16.3059188706967
"SAM24419279_9443728"	3.94726089018556	-4.10602653055008	"P039"	"Inflamed UC"	"Resting crypt-top fibroblast"	NA	15.6043387102458
"SAM24419279_6672069"	3.97226360815736	-4.5276092293721	"P039"	"Inflamed UC"	"Resting crypt-top fibroblast"	NA	15.9966239598456
"SAM24419279_163645"	-4.1729821823242	-0.736022353456577	"P039"	"Inflamed UC"	"Resting crypt-top fibroblast"	NA	4.17254725010174
"SAM24419279_11231256"	3.96891287344667	-4.3938201668721	"P039"	"Inflamed UC"	"Resting crypt-top fibroblast"	NA	15.8720865104922
"SAM24419290_853762"	4.14021066206667	-4.86885535745438	"P042"	"Inflamed UC"	"Inflammatory fibroblast"	NA	16.3535629965353
"SAM24419290_262348"	4.04030326384279	-5.39256131677445	"P042"	"Inflamed UC"	"Inflammatory fibroblast"	NA	16.861015972248
"SAM24419290_421120"	4.08560875433656	-5.18394696740921	"P042"	"Inflamed UC"	"Inflammatory fibroblast"	NA	16.6529825903396
"SAM24419290_540288"	4.14094093817445	-4.69861018686112	"P042"	"Inflamed UC"	"Activated crypt-top fibroblast"	NA	16.1970912424048
"SAM24419290_629043"	4.12518623846742	-4.7292808297139	"P042"	"Inflamed UC"	"Inflammatory fibroblast"	NA	16.223806035705
"SAM24422649_2976785"	4.03034785765382	-5.04398000268753	"P044"	"Inflamed UC"	"Inflammatory fibroblast"	NA	16.5137045876908
"SAM24422649_2511776"	4.04743889349672	-5.40650403528031	"P044"	"Inflamed UC"	"Inflammatory fibroblast"	NA	16.874458401019
"SAM24422649_2808230"	4.11860087889406	-5.12662160425003	"P044"	"Inflamed UC"	"Inflammatory fibroblast"	NA	16.5952920431133
"SAM24422649_7821375"	4.13391474264833	-5.26592719583329	"P044"	"Inflamed UC"	"Inflammatory fibroblast"	NA	16.7302953136524
"SAM24422649_10939869"	4.08464292067262	-5.27966630487259	"P044"	"Inflamed UC"	"Inflammatory fibroblast"	NA	16.746448198071
"SAM24422649_2828177"	4.08226278799745	-5.28495252160843	"P044"	"Inflamed UC"	"Inflammatory fibroblast"	NA	16.7518453876199
"SAM24422649_8850817"	4.02889827269289	-5.45579373864945	"P044"	"Inflamed UC"	"Inflammatory fibroblast"	NA	16.9247924086685
"SAM24422649_3257121"	4.07649210470888	-5.19940745858963	"P044"	"Inflamed UC"	"Inflammatory fibroblast"	NA	16.6666891247971
"SAM24422649_13598655"	4.09352758902284	-5.22831380395707	"P044"	"Inflamed UC"	"Inflammatory fibroblast"	NA	16.6947199463883
"SAM24422649_5464402"	4.10024479407045	-4.93454015283402	"P044"	"Inflamed UC"	"Inflammatory fibroblast"	NA	16.407861481056
"SAM24422649_5919454"	3.84213593977663	-5.02145946054276	"P044"	"Inflamed UC"	"Inflammatory fibroblast"	NA	16.4818884933597
"SAM24422649_4440649"	4.04094174879762	-5.32285392312821	"P044"	"Inflamed UC"	"Inflammatory fibroblast"	NA	16.7914179039119
"SAM24422649_6491582"	4.12958053129884	-5.08202970056351	"P044"	"Inflamed UC"	"Inflammatory fibroblast"	NA	16.5505802014134
"SAM24422649_7242329"	4.03676703947756	-5.16042268304642	"P044"	"Inflamed UC"	"Inflammatory fibroblast"	NA	16.6300056973181
"SAM24422649_11362621"	4.04340938109132	-5.2638062241536	"P044"	"Inflamed UC"	"Inflammatory fibroblast"	NA	16.7326414106361
"SAM24422649_6493510"	4.18606141585085	-4.7264412644368	"P044"	"Inflamed UC"	"Inflammatory fibroblast"	NA	16.2337128749425
"SAM24422649_6491143"	4.05097869414064	-5.03872144250687	"P044"	"Inflamed UC"	"Inflammatory fibroblast"	NA	16.5094744450114
"SAM24422649_9887702"	3.5619552471039	-5.11780774621781	"P044"	"Inflamed UC"	"Inflammatory fibroblast"	NA	16.5927005686124
"SAM24422649_2525593"	4.09942677992555	-5.33478915719803	"P044"	"Inflamed UC"	"Inflammatory fibroblast"	NA	16.7994749171061
"SAM24422649_3841993"	4.05405167120668	-5.3854259255391	"P044"	"Inflamed UC"	"Inflammatory fibroblast"	NA	16.8529904943639
"SAM24422649_1922724"	4.09671548384401	-5.29649198083695	"P044"	"Inflamed UC"	"Inflammatory fibroblast"	NA	16.7626578701819
"SAM24422649_3414151"	4.01580527800295	-5.13941323785599	"P044"	"Inflamed UC"	"Inflammatory fibroblast"	NA	16.6092318618779
"SAM24422649_6942340"	4.07023075598451	-5.32506358651932	"P044"	"Inflamed UC"	"Inflammatory fibroblast"	NA	16.7916935555657
"SAM24422649_4304326"	4.12582090872499	-5.27747619180497	"P044"	"Inflamed UC"	"Inflammatory fibroblast"	NA	16.7422295060705
"SAM24422649_4589644"	4.16179111975404	-4.28352439431961	"P044"	"Inflamed UC"	"Activated crypt-top fibroblast"	NA	15.8374560403881
"SAM24422649_8430800"	3.99322799223634	-4.73533904580887	"P044"	"Inflamed UC"	"Inflammatory fibroblast"	NA	16.2022361845983
"SAM24422649_11512706"	4.16356137770387	-5.19767320184525	"P044"	"Inflamed UC"	"Inflammatory fibroblast"	NA	16.6606619895214
"SAM24422649_1362525"	4.02453688162538	-5.16384351281937	"P044"	"Inflamed UC"	"Inflammatory fibroblast"	NA	16.6335630143683
"SAM24422649_4159876"	4.06748107451173	-5.21466386346634	"P044"	"Inflamed UC"	"Inflammatory fibroblast"	NA	16.6823714566111
"SAM24422649_12112545"	4.15518835562441	-5.24322116403397	"P044"	"Inflamed UC"	"Inflammatory fibroblast"	NA	16.7065675301478
"SAM24422649_6052693"	4.07120159643861	-5.24646890191849	"P044"	"Inflamed UC"	"Inflammatory fibroblast"	NA	16.7139542485302
"SAM24422649_14022923"	4.10362151640627	-5.1668709519368	"P044"	"Inflamed UC"	"Inflammatory fibroblast"	NA	16.635706306318
"SAM24422649_2527497"	4.01989129561159	-4.90875327615555	"P044"	"Inflamed UC"	"Inflammatory fibroblast"	NA	16.3779888001289
"SAM24422649_3414563"	4.09897616881105	-5.27043473748978	"P044"	"Inflamed UC"	"Inflammatory fibroblast"	NA	16.7365208325788
"SAM24422649_2067136"	4.16082933920595	-4.70445573358353	"P044"	"Inflamed UC"	"Inflammatory fibroblast"	NA	16.2069524790164
"SAM24422649_2086301"	3.17295125502321	-4.95464360742386	"P044"	"Inflamed UC"	"Inflammatory fibroblast"	NA	16.6142512119374
"SAM24422649_14041378"	4.09098342436525	-5.30046212701615	"P044"	"Inflamed UC"	"Inflammatory fibroblast"	NA	16.7669059366002
"SAM24422649_6940034"	4.12365273016664	-4.97281253366288	"P044"	"Inflamed UC"	"Inflammatory fibroblast"	NA	16.4472464043267
"SAM24422649_7551445"	4.03008893507692	-5.20156562356766	"P044"	"Inflamed UC"	"Inflammatory fibroblast"	NA	16.6711336575603
"SAM24422649_12991497"	4.11015060919496	-5.09847867517289	"P044"	"Inflamed UC"	"Inflammatory fibroblast"	NA	16.5672453238613
"SAM24422649_7396693"	4.19745019453737	-4.34319102792557	"P044"	"Inflamed UC"	"Activated crypt-top fibroblast"	NA	15.9058958659843
"SAM24422649_5768521"	4.03383139151308	-5.47909820108231	"P044"	"Inflamed UC"	"Inflammatory fibroblast"	NA	16.9476932600659
"SAM24422649_11659425"	4.2301304675934	-4.67610204248246	"P044"	"Inflamed UC"	"Inflammatory fibroblast"	NA	16.1936608318427
"SAM24422649_3546286"	4.18097976225588	-3.956157088564	"P044"	"Inflamed UC"	"Activated crypt-top fibroblast"	NA	15.5652177577508
"SAM24422649_475431"	4.05008915442201	-5.40871655969437	"P044"	"Inflamed UC"	"Inflammatory fibroblast"	NA	16.8764915527526
"SAM24422649_1648570"	4.11815479773256	-5.02131831674393	"P044"	"Inflamed UC"	"Inflammatory fibroblast"	NA	16.4954202959366
"SAM24422649_6804192"	4.06995538252565	-5.29772889642533	"P044"	"Inflamed UC"	"Inflammatory fibroblast"	NA	16.7652133135206
"SAM24422649_9754839"	4.14333776015016	-5.18614566354569	"P044"	"Inflamed UC"	"Inflammatory fibroblast"	NA	16.6545358907977
"SAM24422649_13158963"	4.01324704664919	-5.21793258218583	"P044"	"Inflamed UC"	"Inflammatory fibroblast"	NA	16.6883114750165
"SAM24422649_10175630"	4.06217149275514	-5.140652060793	"P044"	"Inflamed UC"	"Inflammatory fibroblast"	NA	16.6099523551931
"SAM24422649_13439314"	4.10143974798891	-5.39360129861649	"P044"	"Inflamed UC"	"Inflammatory fibroblast"	NA	16.8580267477192
"SAM24422649_12127109"	4.13595560568544	-4.26756942300614	"P044"	"Inflamed UC"	"Activated crypt-top fibroblast"	NA	15.813367863116
"SAM24422649_7232720"	4.04831317442629	-5.46569526223954	"P044"	"Inflamed UC"	"Inflammatory fibroblast"	NA	16.9333071521491
"SAM24422649_1792589"	4.05441502112123	-5.38794887094315	"P044"	"Inflamed UC"	"Inflammatory fibroblast"	NA	16.8554840275832
"SAM24422649_9021722"	4.10753277319643	-5.03897607354935	"P044"	"Inflamed UC"	"Inflammatory fibroblast"	NA	16.5125302064338
"SAM24422649_12415150"	3.97641995924684	-5.27305352716263	"P044"	"Inflamed UC"	"Inflammatory fibroblast"	NA	16.7451819385269
"SAM24422649_2677339"	4.1556401588318	-4.34839952020462	"P044"	"Inflamed UC"	"Activated crypt-top fibroblast"	NA	15.8959207653403
"SAM24422649_12860174"	4.06530383604738	-5.41660344629105	"P044"	"Inflamed UC"	"Inflammatory fibroblast"	NA	16.8833591485468
"SAM24422649_305757"	4.0381777622101	-5.42029511956986	"P044"	"Inflamed UC"	"Inflammatory fibroblast"	NA	16.8888295493882
"SAM24422649_11649465"	3.84295633810732	-3.79156196145829	"P044"	"Inflamed UC"	"Activated crypt-top fibroblast"	NA	15.2904230779839
"SAM24422649_11960525"	4.19029763716432	-4.74038159875687	"P044"	"Inflamed UC"	"Inflammatory fibroblast"	NA	16.2410839343314
"SAM24422649_5189044"	4.00320557135317	-5.32002055673417	"P044"	"Inflamed UC"	"Inflammatory fibroblast"	NA	16.7910763033135
"SAM24422649_8282208"	3.89276126402589	-5.06679809121903	"P044"	"Inflamed UC"	"Inflammatory fibroblast"	NA	16.5379965596121
"SAM24422649_1357471"	4.06454661864015	-5.37967813043412	"P044"	"Inflamed UC"	"Inflammatory fibroblast"	NA	16.8465638986432
"SAM24422649_12989274"	4.21004942434999	-4.13215005426224	"P044"	"Inflamed UC"	"Activated crypt-top fibroblast"	NA	15.7358505180585
"SAM24422649_2836614"	3.89019588011476	-5.05954110650834	"P044"	"Inflamed UC"	"Inflammatory fibroblast"	NA	16.5223040689363
"SAM24422649_13897440"	4.0547793247101	-4.99400556115921	"P044"	"Inflamed UC"	"Inflammatory fibroblast"	NA	16.4650017255373
"SAM24422649_9754452"	4.15818217772218	-4.33476340799149	"P044"	"Inflamed UC"	"Activated crypt-top fibroblast"	NA	15.8840755544373
"SAM24422649_2365888"	4.03765395659181	-5.08100116281327	"P044"	"Inflamed UC"	"Inflammatory fibroblast"	NA	16.5505792250474
"SAM24422649_11085706"	4.11937144774172	-5.17699945001419	"P044"	"Inflamed UC"	"Inflammatory fibroblast"	NA	16.6456581289062
"SAM24422649_3411861"	4.10387400168153	-4.06376254586991	"P044"	"Inflamed UC"	"Activated crypt-top fibroblast"	NA	15.6299608822671
"SAM24422649_7997267"	4.09003690260622	-5.31278455285843	"P044"	"Inflamed UC"	"Inflammatory fibroblast"	NA	16.7792600516983
"SAM24422649_9176866"	4.14159682768556	-4.48005139856156	"P044"	"Inflamed UC"	"Inflammatory fibroblast"	NA	15.9997352355737
"SAM24422649_5315771"	4.26325729864809	-3.94087398080643	"P044"	"Inflamed UC"	"Activated crypt-top fibroblast"	NA	15.5831732487447
"SAM24422649_4723655"	4.15627172964784	-4.81360042123612	"P044"	"Inflamed UC"	"Inflammatory fibroblast"	NA	16.3007710002641
"SAM24422649_4576606"	4.11946085470888	-5.19207179574784	"P044"	"Inflamed UC"	"Inflammatory fibroblast"	NA	16.6598232825948
"SAM24422649_12534156"	4.04886702078554	-5.42884719400223	"P044"	"Inflamed UC"	"Inflammatory fibroblast"	NA	16.8966589697538
"SAM24422649_9746004"	4.17562726515505	-4.66129052667435	"P044"	"Inflamed UC"	"Inflammatory fibroblast"	NA	16.1678180000592
"SAM24422649_9890689"	4.02430108565065	-5.31330525903519	"P044"	"Inflamed UC"	"Inflammatory fibroblast"	NA	16.7830227680573
"SAM24422649_2383527"	4.21907523649904	-4.60540854959305	"P044"	"Inflamed UC"	"Inflammatory fibroblast"	NA	16.1222154459756
"SAM24422649_3572063"	4.18902853506776	-4.83246076135453	"P044"	"Inflamed UC"	"Inflammatory fibroblast"	NA	16.3236069079677
"SAM24422649_6523033"	4.09803513067934	-5.22292840509232	"P044"	"Inflamed UC"	"Inflammatory fibroblast"	NA	16.6891187537268
"SAM24422649_7235402"	4.04282525557253	-5.33493983774002	"P044"	"Inflamed UC"	"Inflammatory fibroblast"	NA	16.8033535088296
"SAM24422649_6659746"	4.153835330188	-5.0839647057515	"P044"	"Inflamed UC"	"Inflammatory fibroblast"	NA	16.5522439809168
"SAM24422649_10764376"	4.1638462879059	-5.02542769937333	"P044"	"Inflamed UC"	"Inflammatory fibroblast"	NA	16.5017879913004
"SAM24422649_9604993"	4.07094243544313	-5.1389111283284	"P044"	"Inflamed UC"	"Inflammatory fibroblast"	NA	16.6081134954303
"SAM24422649_10653335"	3.7692454196808	-3.71255099801834	"P044"	"Inflamed UC"	"Resting crypt-top fibroblast"	NA	15.1898446793729
"SAM24422649_6361412"	4.15244606512758	-5.06734788446244	"P044"	"Inflamed UC"	"Inflammatory fibroblast"	NA	16.5356437259859
"SAM24422649_11667894"	4.15145853537294	-4.95803535013016	"P044"	"Inflamed UC"	"Inflammatory fibroblast"	NA	16.4338647405019
"SAM24422649_6963152"	4.03421381491396	-4.80552375345047	"P044"	"Inflamed UC"	"Inflammatory fibroblast"	NA	16.2773852942908
"SAM24422649_11798468"	3.74725535887453	-4.75743949441727	"P044"	"Inflamed UC"	"Resting crypt-top fibroblast"	NA	16.172600187648
"SAM24422649_5606107"	4.13882354277345	-4.26492106942948	"P044"	"Inflamed UC"	"Inflammatory fibroblast"	NA	16.1164000273099
"SAM24422649_6372950"	4.06877306479189	-5.26643550424393	"P044"	"Inflamed UC"	"Inflammatory fibroblast"	NA	16.7340163393942
"SAM24422649_8570912"	4.03991774100038	-3.97560918359574	"P044"	"Inflamed UC"	"Resting crypt-top fibroblast"	NA	15.5368327340163
"SAM24422649_610592"	4.0699410774109	-5.28481185464676	"P044"	"Inflamed UC"	"Inflammatory fibroblast"	NA	16.7523127024373
"SAM24422649_10642236"	3.96197513121339	-5.39015662698563	"P044"	"Inflamed UC"	"Inflammatory fibroblast"	NA	16.8637758348168
"SAM24422649_7088730"	4.05058792608949	-4.05394637613114	"P044"	"Inflamed UC"	"Activated crypt-top fibroblast"	NA	15.5991717703516
"SAM24422649_3713715"	4.09126380461427	-5.19538915185746	"P044"	"Inflamed UC"	"Inflammatory fibroblast"	NA	16.6619470452632
"SAM24422649_476973"	4.15220502394411	-4.37756001977738	"P044"	"Inflamed UC"	"Inflammatory fibroblast"	NA	16.2102571940149
"SAM24422649_11978914"	3.85752228277895	-3.74125850229081	"P044"	"Inflamed UC"	"Activated crypt-top fibroblast"	NA	15.2532895113097
"SAM24422649_4156470"	4.08096817511293	-5.25284659890946	"P044"	"Inflamed UC"	"Inflammatory fibroblast"	NA	16.719842411483
"SAM24422649_7400138"	4.09715751188966	-5.18351972131546	"P044"	"Inflamed UC"	"Inflammatory fibroblast"	NA	16.652426286225
"SAM24422649_12990394"	3.90977481383058	-5.34746062784012	"P044"	"Inflamed UC"	"Inflammatory fibroblast"	NA	16.8246108960919
"SAM24422649_12831813"	4.0334215499756	-3.86761939554032	"P044"	"Inflamed UC"	"Activated crypt-top fibroblast"	NA	15.4375243692437
"SAM24422649_11086905"	-1.73886891824034	4.61056339712326	"P044"	"Inflamed UC"	"Inflammatory fibroblast"	NA	8.17289007350315
"SAM24422649_5316507"	4.13405016440126	-4.17413318185624	"P044"	"Inflamed UC"	"Activated crypt-top fibroblast"	NA	15.7401890953718
"SAM24422649_5927497"	4.15798047560426	-4.15937984018143	"P044"	"Inflamed UC"	"Inflammatory fibroblast"	NA	16.0209020278203
"SAM24422649_6366027"	4.02548173445436	-5.17104518441971	"P044"	"Inflamed UC"	"Inflammatory fibroblast"	NA	16.6407536751218
"SAM24422649_902879"	4.14470985907289	-4.69605529336747	"P044"	"Inflamed UC"	"Inflammatory fibroblast"	NA	16.1953777247001
"SAM24422649_11075011"	3.75882199782106	-4.27555596856888	"P044"	"Inflamed UC"	"Inflammatory fibroblast"	NA	15.6817656449607
"SAM24422649_1939632"	4.0652306415436	-5.00093734292801	"P044"	"Inflamed UC"	"Inflammatory fibroblast"	NA	16.4724427103033
"SAM24422649_1211555"	-0.672439660847458	-2.34693992166336	"P044"	"Inflamed UC"	"Inflammatory fibroblast"	NA	11.6040127308059
"SAM24422649_6059955"	3.88369205969545	-3.76347625284012	"P044"	"Inflamed UC"	"Activated crypt-top fibroblast"	NA	15.2853434077476
"SAM24422649_6350990"	3.84285572546693	-3.89689052133377	"P044"	"Inflamed UC"	"Activated crypt-top fibroblast"	NA	15.3827701482317
"SAM24422649_12985780"	4.18884542959901	-4.28254973916825	"P044"	"Inflamed UC"	"Inflammatory fibroblast"	NA	16.1477357142457
"SAM24422649_6942424"	3.82043102759096	-3.76372706918534	"P044"	"Inflamed UC"	"Activated crypt-top fibroblast"	NA	15.2551914893571
"SAM24422649_10331977"	2.83165362852785	-3.65523731736954	"P044"	"Inflamed UC"	"Resting crypt-top fibroblast"	NA	14.652055852524
"SAM24422649_10052799"	-0.851026382267746	0.365050255968014	"P044"	"Inflamed UC"	"Inflammatory fibroblast"	NA	8.08535433627623
"SAM24422649_8557842"	4.18203762549135	-4.3782705071431	"P044"	"Inflamed UC"	"Inflammatory fibroblast"	NA	16.2178856082212
"SAM24422649_12980757"	2.53841522711488	-3.70471036462601	"P044"	"Inflamed UC"	"Inflammatory fibroblast"	NA	14.8698458238815
"SAM24422649_10620696"	4.10169795531007	-4.92801272897538	"P044"	"Inflamed UC"	"Activated crypt-top fibroblast"	NA	16.4014140538329
"SAM24422649_12687452"	2.67964676398012	-3.88188064126786	"P044"	"Inflamed UC"	"Inflammatory fibroblast"	NA	15.0975104834653
"SAM24422649_3699894"	4.11238220709535	-4.61963927774247	"P044"	"Inflamed UC"	"Resting crypt-top fibroblast"	NA	16.1139030487363
"SAM24422649_5630638"	3.86635139960024	-4.03036820916947	"P044"	"Inflamed UC"	"Inflammatory fibroblast"	NA	15.5074075905351
"SAM24422649_8129325"	4.09499362486574	-5.28562772302445	"P044"	"Inflamed UC"	"Inflammatory fibroblast"	NA	16.7518917749675
"SAM24422649_8113216"	4.04200938719484	-4.57301366357621	"P044"	"Inflamed UC"	"Inflammatory fibroblast"	NA	16.0601566179657
"SAM24422649_13595999"	4.11693242567751	-4.13218677072342	"P044"	"Inflamed UC"	"Inflammatory fibroblast"	NA	16.0012687281827
"SAM24422649_7843257"	4.0271640159485	-4.50821960000809	"P044"	"Inflamed UC"	"Inflammatory fibroblast"	NA	15.9938295216824
"SAM24422649_7534529"	3.99278286474916	-3.88166081933792	"P044"	"Inflamed UC"	"Activated crypt-top fibroblast"	NA	15.4317237747935
"SAM24422649_7111331"	-3.64507433396605	-1.72198390989121	"P044"	"Inflamed UC"	"Inflammatory fibroblast"	NA	4.02894402598693
"SAM24422649_4602308"	3.94510987776491	-4.2973436120015	"P044"	"Inflamed UC"	"Inflammatory fibroblast"	NA	15.7734442893678
"SAM24422649_7244977"	4.11588839071962	-4.39646995096024	"P044"	"Inflamed UC"	"Inflammatory fibroblast"	NA	15.9138472082408
"SAM24422649_14040198"	3.59955814856264	-4.34706580667313	"P044"	"Inflamed UC"	"Inflammatory fibroblast"	NA	15.6817350624116
"SAM24422649_6644379"	3.95421269911501	-4.35072314767655	"P044"	"Inflamed UC"	"Inflammatory fibroblast"	NA	15.8265780655085
"SAM24422649_3121959"	4.06276324766847	-5.30127561120804	"P044"	"Inflamed UC"	"Inflammatory fibroblast"	NA	16.7691104872362
"SAM24422649_14013398"	4.06644919890138	-3.99330604104813	"P044"	"Inflamed UC"	"Activated crypt-top fibroblast"	NA	15.5645950792365
"SAM24422649_5037314"	3.98948958891603	-5.2087320092183	"P044"	"Inflamed UC"	"Inflammatory fibroblast"	NA	16.6802940206002
"SAM24422649_14026834"	3.10947731512758	-3.63264358072098	"P044"	"Inflamed UC"	"Inflammatory fibroblast"	NA	14.7796507034631
"SAM24422649_11219739"	3.94154003638002	-3.88285577325638	"P044"	"Inflamed UC"	"Activated crypt-top fibroblast"	NA	15.409674511604
"SAM24422649_3993293"	3.97559574621889	-4.26935422448929	"P044"	"Inflamed UC"	"Resting crypt-top fibroblast"	NA	15.7581021106162
"SAM24422649_6652433"	4.1404555179474	-4.89702308206376	"P044"	"Inflamed UC"	"Resting crypt-top fibroblast"	NA	16.3815372451768
"SAM24422649_7243862"	3.71679380911562	-4.37269628076371	"P044"	"Inflamed UC"	"Inflammatory fibroblast"	NA	15.7628263002847
"SAM24422649_2950725"	2.46065596121523	-3.40425455598648	"P044"	"Inflamed UC"	"Inflammatory fibroblast"	NA	14.5937744624077
"SAM24422649_13144358"	4.00179842489931	-4.32164514093216	"P044"	"Inflamed UC"	"Resting crypt-top fibroblast"	NA	15.816289335347
"SAM24422649_11062738"	2.89809516447756	-3.67954313783463	"P044"	"Inflamed UC"	"Inflammatory fibroblast"	NA	14.7080101924954
"SAM24422649_7539150"	4.09199217337343	-5.127139926241	"P044"	"Inflamed UC"	"Inflammatory fibroblast"	NA	16.5961077480127
"SAM24422649_4150678"	2.61422542113039	-3.69308149843033	"P044"	"Inflamed UC"	"Inflammatory fibroblast"	NA	14.8999498688046
"SAM24422649_6372910"	3.96539786833498	-4.28197467355545	"P044"	"Inflamed UC"	"Resting crypt-top fibroblast"	NA	15.7662796864813
"SAM24422649_7090571"	3.97065762060854	-4.29939544229325	"P044"	"Inflamed UC"	"Resting crypt-top fibroblast"	NA	15.7844329329847
"SAM24422649_4290443"	-3.76192995530394	-0.255248636291584	"P044"	"Inflamed UC"	"Inflammatory fibroblast"	NA	4.77882720480584
"SAM24422649_6215881"	3.84392217177126	-4.93468606500443	"P044"	"Inflamed UC"	"Inflammatory fibroblast"	NA	16.3815515250192
"SAM24422649_7535699"	4.05339602011415	-5.35358893899735	"P044"	"Inflamed UC"	"Inflammatory fibroblast"	NA	16.8212658336398
"SAM24422649_595284"	3.93304041403505	-4.56756770639237	"P044"	"Inflamed UC"	"Resting crypt-top fibroblast"	NA	16.0236248992604
"SAM24422649_2242201"	3.69671920317384	-4.04708373575028	"P044"	"Inflamed UC"	"Inflammatory fibroblast"	NA	15.4458043678009
"SAM24422649_7245770"	-1.62831279259947	0.0607250329989587	"P044"	"Inflamed UC"	"Inflammatory fibroblast"	NA	6.96831751445687
"SAM24422649_10472876"	3.24052504080507	-3.75159156350907	"P044"	"Inflamed UC"	"Resting crypt-top fibroblast"	NA	14.9546204307465
"SAM24422649_7231909"	3.67154458540651	-4.19987189798172	"P044"	"Inflamed UC"	"Inflammatory fibroblast"	NA	15.576963947639
"SAM24422649_10919461"	3.61668184775087	-3.86704623727616	"P044"	"Inflamed UC"	"Activated crypt-top fibroblast"	NA	15.2480032054161
"SAM24422649_177452"	3.52333501356813	-4.45434796838578	"P044"	"Inflamed UC"	"Inflammatory fibroblast"	NA	15.7704727047256
"SAM24422649_3694537"	3.70211342352602	-4.14543950586136	"P044"	"Inflamed UC"	"Inflammatory fibroblast"	NA	15.5360175351314
"SAM24422649_13588319"	-4.20805832368163	-0.891738534257969	"P044"	"Inflamed UC"	"Inflammatory fibroblast"	NA	4.0318542805723
"SAM24422649_12699355"	3.41463497656557	-3.7717145684224	"P044"	"Inflamed UC"	"Resting crypt-top fibroblast"	NA	15.0613037306059
"SAM24422649_11235074"	4.05570939558717	-5.44607532052811	"P044"	"Inflamed UC"	"Inflammatory fibroblast"	NA	16.9132165709468
"SAM24422649_1067560"	3.43886307257387	-3.81269300012406	"P044"	"Inflamed UC"	"Resting crypt-top fibroblast"	NA	15.111352312227
"SAM24422649_8264464"	-4.70554157716063	-3.6286743882161	"P044"	"Inflamed UC"	"Inflammatory fibroblast"	NA	1.80319200786659
"SAM24422649_11679401"	2.84814957159731	-3.69784009485062	"P044"	"Inflamed UC"	"Inflammatory fibroblast"	NA	14.6972132160986
"SAM24422657_6502724"	4.04615119475099	-5.35992610482987	"P046"	"Inflamed UC"	"Inflammatory fibroblast"	NA	16.8280664406029
"SAM24422657_3572355"	3.7414338924286	-5.03680360345658	"P046"	"Inflamed UC"	"Inflammatory fibroblast"	NA	16.4922254579205
"SAM24422657_1783362"	4.07951310652467	-5.33201348810013	"P046"	"Inflamed UC"	"Inflammatory fibroblast"	NA	16.7980169529104
"SAM24422657_2227982"	4.12632421034547	-5.142267585085	"P046"	"Inflamed UC"	"Inflammatory fibroblast"	NA	16.6108507200478
"SAM24422657_6491607"	4.13567665594789	-5.08146894006546	"P046"	"Inflamed UC"	"Inflammatory fibroblast"	NA	16.5499513373182
"SAM24422657_8717962"	4.09221914786073	-5.30468499688919	"P046"	"Inflamed UC"	"Inflammatory fibroblast"	NA	16.7710627093144
"SAM24422657_7817889"	4.11868718641969	-5.01657283334549	"P046"	"Inflamed UC"	"Inflammatory fibroblast"	NA	16.4907070105202
"SAM24422657_7675813"	4.12741259115907	-5.27593696145829	"P046"	"Inflamed UC"	"Inflammatory fibroblast"	NA	16.7406136343819
"SAM24422657_11959749"	-1.1026127002838	-0.209245115802845	"P046"	"Inflamed UC"	"Inflammatory fibroblast"	NA	7.02387649617378
"SAM24422657_5036969"	3.93584278601381	-4.46080100564774	"P046"	"Inflamed UC"	"Inflammatory fibroblast"	NA	15.9221673169419
"SAM24422657_13713863"	3.96320680159303	-5.56881129770096	"P046"	"Inflamed UC"	"Inflammatory fibroblast"	NA	17.042175272475
"SAM24422657_2664995"	3.99086001890871	-4.36386764077958	"P046"	"Inflamed UC"	"Inflammatory fibroblast"	NA	15.8518774958453
"SAM24417593_538479"	4.19181684035036	-4.43364274530228	"P036"	"Healthy"	"Activated crypt-top fibroblast"	NA	15.9697164740737
"SAM24419276_167419"	3.96458176153871	-4.73761403589066	"P038"	"Healthy"	"Activated crypt-top fibroblast"	NA	16.1984924532662
"SAM24419276_251720"	3.74491218107912	-4.94212520150956	"P038"	"Healthy"	"Activated crypt-top fibroblast"	NA	16.3764609788206
"SAM24419276_17371"	3.97391608732912	-4.65571773080643	"P038"	"Healthy"	"Activated crypt-top fibroblast"	NA	16.1203385486229
"SAM24419276_808686"	3.8165676929352	-4.51358592538651	"P038"	"Healthy"	"Resting crypt-top fibroblast"	NA	15.9384483324066
"SAM24419276_532385"	4.08316162604067	-4.86295545129593	"P038"	"Healthy"	"Activated crypt-top fibroblast"	NA	16.3405246724684
"SAM24419276_153317"	3.90914038199159	-4.76729667215165	"P038"	"Healthy"	"Resting crypt-top fibroblast"	NA	16.215971724234
"SAM24419276_836120"	3.97966507452699	-5.15125596551712	"P038"	"Healthy"	"Resting crypt-top fibroblast"	NA	16.6214778020843
"SAM24419276_541107"	3.81218865889284	-4.82569873361405	"P038"	"Healthy"	"Resting crypt-top fibroblast"	NA	16.2694352444982
"SAM24419276_626261"	4.15171507376405	-4.7580803635579	"P038"	"Healthy"	"Activated crypt-top fibroblast"	NA	16.2451191640434
"SAM24419276_684943"	3.8863690235016	-4.73063123254593	"P038"	"Healthy"	"Activated crypt-top fibroblast"	NA	16.1753663383059
"SAM24419276_636019"	3.9065437652466	-5.2122343781453	"P038"	"Healthy"	"Resting crypt-top fibroblast"	NA	16.6878837123346
"SAM24419276_836500"	4.08139828222963	-4.48718440561112	"P038"	"Healthy"	"Activated crypt-top fibroblast"	NA	15.9892674982058
"SAM24419276_357595"	3.95932320135805	-4.67899787454422	"P038"	"Healthy"	"Resting crypt-top fibroblast"	NA	16.1400671292991
"SAM24419276_813746"	3.96875408667299	-4.68843781976517	"P038"	"Healthy"	"Activated crypt-top fibroblast"	NA	16.1512649235077
"SAM24419276_261684"	3.69667628782961	-4.70828855066117	"P038"	"Healthy"	"Resting crypt-top fibroblast"	NA	16.1139892585822
