state,program,version,n,effect,se,low,high,p,p_signflip,same_sign,contrast,min_cells,q
CXCR4 neutrophil,NETosis,full_gene,3,-0.157859764887678,0.0280091048213655,-0.278373216205166,-0.037346313570191,0.0300688168184801,0.25,3,alpha_interaction,10,0.0526204294323402
CXCR4 neutrophil,NETosis,identity_markers_removed,3,-0.135700252368665,0.0149169705597982,-0.199882796467373,-0.0715177082699566,0.0118689965621616,0.25,3,alpha_interaction,10,0.0226996009584249
CXCR4 neutrophil,Degranulation,full_gene,3,0.0830274749600617,0.0636167881202305,-0.190693472103341,0.356748422023465,0.321806589379185,0.5,2,alpha_interaction,10,0.333725351948784
CXCR4 neutrophil,Degranulation,identity_markers_removed,3,0.0830274749600617,0.0636167881202305,-0.190693472103341,0.356748422023465,0.321806589379185,0.5,2,alpha_interaction,10,0.333725351948784
CXCR4 neutrophil,Oxidative_burst,full_gene,3,-0.11681347216988,0.0440610151190423,-0.30639271914736,0.0727657748075998,0.117682083107485,0.25,3,alpha_interaction,10,0.149761137274628
CXCR4 neutrophil,Oxidative_burst,identity_markers_removed,3,-0.11681347216988,0.0440610151190423,-0.30639271914736,0.0727657748075998,0.117682083107485,0.25,3,alpha_interaction,10,0.149761137274628
CXCR4 neutrophil,Phagocytosis,full_gene,3,-0.395876400087854,0.136859404452784,-0.984734890248509,0.192982090072802,0.101623566086019,0.25,3,alpha_interaction,10,0.142272992520427
CXCR4 neutrophil,Phagocytosis,identity_markers_removed,3,-0.395876400087854,0.136859404452784,-0.984734890248509,0.192982090072802,0.101623566086019,0.25,3,alpha_interaction,10,0.142272992520427
CXCR4 neutrophil,Chemotaxis,full_gene,3,-0.258917278433567,0.0733412329697734,-0.574479134674154,0.05664457780702,0.0717128988079634,0.25,3,alpha_interaction,10,0.105682166664367
CXCR4 neutrophil,Chemotaxis,identity_markers_removed,3,-0.293500336584864,0.0804611228042874,-0.639696606257437,0.05269593308771,0.0676204437519659,0.25,3,alpha_interaction,10,0.099651180266055
CXCR4 neutrophil,OSM_inflammation,full_gene,3,-0.269237946444076,0.0389397210672842,-0.436782043589909,-0.101693849298243,0.0202834128060259,0.25,3,alpha_interaction,10,0.0378623705712483
CXCR4 neutrophil,OSM_inflammation,identity_markers_removed,3,-0.239295647088058,0.0374462381456559,-0.400413805864313,-0.0781774883118032,0.023623368843291,0.25,3,alpha_interaction,10,0.0413408954757592
CXCR4 neutrophil,Type_I_interferon,full_gene,3,0.0440289814572506,0.0235962415125023,-0.0574974514983451,0.145555414412846,0.203037126823398,0.5,2,alpha_interaction,10,0.227401582042206
CXCR4 neutrophil,Type_I_interferon,identity_markers_removed,3,0.0474372790801663,0.0311120767669091,-0.0864271829491498,0.181301741109482,0.266822977708111,0.5,2,alpha_interaction,10,0.287347822147196
CXCR4 neutrophil,Immature_granulopoiesis,full_gene,3,0.219953014533796,0.0826603597310796,-0.135705807905206,0.575611836972798,0.11696640132416,0.25,3,alpha_interaction,10,0.149761137274628
CXCR4 neutrophil,Immature_granulopoiesis,identity_markers_removed,3,0.219953014533796,0.0826603597310796,-0.135705807905206,0.575611836972798,0.11696640132416,0.25,3,alpha_interaction,10,0.149761137274628
CXCR4 neutrophil,Survival_antiapoptosis,full_gene,3,-0.300041502084015,0.0274688960024638,-0.41823062245222,-0.181852381715809,0.0082775387402435,0.25,3,alpha_interaction,10,0.0206980613190552
CXCR4 neutrophil,Survival_antiapoptosis,identity_markers_removed,3,-0.300041502084015,0.0274688960024638,-0.41823062245222,-0.181852381715809,0.0082775387402435,0.25,3,alpha_interaction,10,0.0210700986115289
CXCR4 neutrophil,Hypoxia_glycolysis,full_gene,3,-0.071800287758442,0.0412915138354578,-0.249463332478062,0.105862756961178,0.224189021760736,0.25,3,alpha_interaction,10,0.241434331126946
CXCR4 neutrophil,Hypoxia_glycolysis,identity_markers_removed,3,-0.071800287758442,0.0412915138354578,-0.249463332478062,0.105862756961178,0.224189021760736,0.25,3,alpha_interaction,10,0.251091704372024
CXCR4 neutrophil,ER_stress,full_gene,3,-0.261772625625995,0.0644122129311903,-0.538916009423585,0.0153707581715942,0.0555494216782235,0.25,3,alpha_interaction,10,0.091493165117074
CXCR4 neutrophil,ER_stress,identity_markers_removed,3,-0.261772625625995,0.0644122129311903,-0.538916009423585,0.0153707581715942,0.0555494216782235,0.25,3,alpha_interaction,10,0.091493165117074
CXCR4 neutrophil,Proliferation_stress,full_gene,3,0.0334327911233657,0.0587577644441388,-0.219381464456184,0.286247046702916,0.626739250401636,0.75,2,alpha_interaction,10,0.626739250401636
CXCR4 neutrophil,Proliferation_stress,identity_markers_removed,3,0.0334327911233657,0.0587577644441388,-0.219381464456184,0.286247046702916,0.626739250401636,0.75,2,alpha_interaction,10,0.626739250401636
CXCR4 neutrophil,Integrin_adhesion,full_gene,3,-0.177259687381748,0.0686781917255772,-0.47275809648406,0.118238721720563,0.123018077047016,0.25,3,alpha_interaction,10,0.149761137274628
CXCR4 neutrophil,Integrin_adhesion,identity_markers_removed,3,-0.177259687381748,0.0686781917255772,-0.47275809648406,0.118238721720563,0.123018077047016,0.25,3,alpha_interaction,10,0.149761137274628
CXCR4 neutrophil,CXCR4_aging_retention,full_gene,3,-0.358022979533931,0.0344126091019081,-0.506088486024057,-0.209957473043805,0.00911266208962297,0.25,3,alpha_interaction,10,0.0206980613190552
CXCR4 neutrophil,CXCR4_aging_retention,identity_markers_removed,3,-0.42626040116582,0.0284413249939115,-0.548633545788566,-0.303887256543075,0.00442243296088952,0.25,3,alpha_interaction,10,0.0137586803227674
OSM neutrophil,NETosis,full_gene,4,-0.130253818737544,0.0204981146508594,-0.195487967973453,-0.0650196695016344,0.00788525125381053,0.125,4,alpha_interaction,10,0.0206980613190552
OSM neutrophil,NETosis,identity_markers_removed,4,-0.141844985268621,0.0241195474631854,-0.21860414997795,-0.0650858205592916,0.00981027284962069,0.125,4,alpha_interaction,10,0.0211298184453369
OSM neutrophil,Degranulation,full_gene,4,-0.0767198770122205,0.00870617491382848,-0.104426811199888,-0.0490129428245533,0.00307930837828761,0.125,4,alpha_interaction,10,0.0107775793240066
OSM neutrophil,Degranulation,identity_markers_removed,4,-0.0767198770122205,0.00870617491382848,-0.104426811199888,-0.0490129428245533,0.00307930837828761,0.125,4,alpha_interaction,10,0.0107775793240066
OSM neutrophil,Oxidative_burst,full_gene,4,-0.346503119445666,0.0584884619358509,-0.532639509035141,-0.16036672985619,0.00960981418384706,0.125,4,alpha_interaction,10,0.0206980613190552
OSM neutrophil,Oxidative_burst,identity_markers_removed,4,-0.346503119445666,0.0584884619358509,-0.532639509035141,-0.16036672985619,0.00960981418384706,0.125,4,alpha_interaction,10,0.0211298184453369
OSM neutrophil,Phagocytosis,full_gene,4,-0.530136164807542,0.0213489741261033,-0.598078128636757,-0.462194200978327,0.00014318903633799,0.125,4,alpha_interaction,10,0.00200464650873186
OSM neutrophil,Phagocytosis,identity_markers_removed,4,-0.530136164807542,0.0213489741261033,-0.598078128636757,-0.462194200978327,0.00014318903633799,0.125,4,alpha_interaction,10,0.00200464650873186
OSM neutrophil,Chemotaxis,full_gene,4,-0.591974797177599,0.00704415164793968,-0.614392431563443,-0.569557162791755,3.71386274574039e-06,0.125,4,alpha_interaction,10,0.000103988156880731
OSM neutrophil,Chemotaxis,identity_markers_removed,4,-0.560770229707839,0.0112077671897911,-0.59643834699147,-0.525102112424208,1.75812204809133e-05,0.125,4,alpha_interaction,10,0.000492274173465572
OSM neutrophil,OSM_inflammation,full_gene,4,-0.626878123315796,0.0392861021623236,-0.751904033991281,-0.501852212640311,0.000535219160157924,0.125,4,alpha_interaction,10,0.00272581150136071
OSM neutrophil,OSM_inflammation,identity_markers_removed,4,-0.616782042312069,0.0376131933188705,-0.73648401041963,-0.497080074204508,0.000493528434539536,0.125,4,alpha_interaction,10,0.00282727309536247
OSM neutrophil,Type_I_interferon,full_gene,4,-0.0428745848221741,0.00857924943826794,-0.0701775854990973,-0.015571584145251,0.0154137648068402,0.125,4,alpha_interaction,10,0.0308275296136804
OSM neutrophil,Type_I_interferon,identity_markers_removed,4,-0.0517231278665732,0.0094979874916476,-0.081949963066998,-0.0214962926661484,0.0121605005134419,0.125,4,alpha_interaction,10,0.0226996009584249
OSM neutrophil,Immature_granulopoiesis,full_gene,4,0.0402866306428817,0.0143314978584623,-0.00532259176596283,0.0858958530517263,0.0672339997855666,0.125,4,alpha_interaction,10,0.104586221888659
OSM neutrophil,Immature_granulopoiesis,identity_markers_removed,4,0.0402866306428817,0.0143314978584623,-0.00532259176596283,0.0858958530517263,0.0672339997855666,0.125,4,alpha_interaction,10,0.099651180266055
OSM neutrophil,Survival_antiapoptosis,full_gene,4,-0.374994804123415,0.0286834772727331,-0.466278430392714,-0.283711177854117,0.00096653545215092,0.125,4,alpha_interaction,10,0.00386614180860368
OSM neutrophil,Survival_antiapoptosis,identity_markers_removed,4,-0.374994804123415,0.0286834772727331,-0.466278430392714,-0.283711177854117,0.00096653545215092,0.125,4,alpha_interaction,10,0.00386614180860368
OSM neutrophil,Hypoxia_glycolysis,full_gene,4,-0.173247171994557,0.0251206176432528,-0.253192188799771,-0.0933021551893419,0.00624642177850599,0.125,4,alpha_interaction,10,0.0194333121997964
OSM neutrophil,Hypoxia_glycolysis,identity_markers_removed,4,-0.173247171994557,0.0251206176432528,-0.253192188799771,-0.0933021551893419,0.00624642177850599,0.125,4,alpha_interaction,10,0.0174899809798168
OSM neutrophil,ER_stress,full_gene,4,-0.446788061618514,0.0284179726059766,-0.537226733542058,-0.35634938969497,0.000559314542878147,0.125,4,alpha_interaction,10,0.00272581150136071
OSM neutrophil,ER_stress,identity_markers_removed,4,-0.446788061618514,0.0284179726059766,-0.537226733542058,-0.35634938969497,0.000559314542878147,0.125,4,alpha_interaction,10,0.00282727309536247
OSM neutrophil,Proliferation_stress,full_gene,4,0.0371709162138945,0.0199217354283075,-0.0262289370947623,0.100570769522551,0.158905948804957,0.125,4,alpha_interaction,10,0.185390273605783
OSM neutrophil,Proliferation_stress,identity_markers_removed,4,0.0371709162138945,0.0199217354283075,-0.0262289370947623,0.100570769522551,0.158905948804957,0.125,4,alpha_interaction,10,0.185390273605783
OSM neutrophil,Integrin_adhesion,full_gene,4,-0.26812566265485,0.0173049081636959,-0.323197603703678,-0.213053721606022,0.000584102464577295,0.125,4,alpha_interaction,10,0.00272581150136071
OSM neutrophil,Integrin_adhesion,identity_markers_removed,4,-0.26812566265485,0.0173049081636959,-0.323197603703678,-0.213053721606022,0.000584102464577295,0.125,4,alpha_interaction,10,0.00282727309536247
OSM neutrophil,CXCR4_aging_retention,full_gene,4,-0.66704728179414,0.0401986144444996,-0.794977213810562,-0.539117349777718,0.000476414638246048,0.125,4,alpha_interaction,10,0.00272581150136071
OSM neutrophil,CXCR4_aging_retention,identity_markers_removed,4,-0.638375384259786,0.0417110522515355,-0.771118568387181,-0.505632200132391,0.000605844234720529,0.125,4,alpha_interaction,10,0.00282727309536247
PADI4 neutrophil,NETosis,full_gene,2,0.513256595253695,,,,,,,alpha_interaction,10,
PADI4 neutrophil,NETosis,identity_markers_removed,2,0.6418678689089,,,,,,,alpha_interaction,10,
PADI4 neutrophil,Degranulation,full_gene,2,1.10854973240736,,,,,,,alpha_interaction,10,
PADI4 neutrophil,Degranulation,identity_markers_removed,2,1.10854973240736,,,,,,,alpha_interaction,10,
PADI4 neutrophil,Oxidative_burst,full_gene,2,0.763758821976082,,,,,,,alpha_interaction,10,
PADI4 neutrophil,Oxidative_burst,identity_markers_removed,2,0.763758821976082,,,,,,,alpha_interaction,10,
PADI4 neutrophil,Phagocytosis,full_gene,2,-0.478777226545599,,,,,,,alpha_interaction,10,
PADI4 neutrophil,Phagocytosis,identity_markers_removed,2,-0.478777226545599,,,,,,,alpha_interaction,10,
PADI4 neutrophil,Chemotaxis,full_gene,2,-0.396755978827107,,,,,,,alpha_interaction,10,
PADI4 neutrophil,Chemotaxis,identity_markers_removed,2,-0.422677385648454,,,,,,,alpha_interaction,10,
PADI4 neutrophil,OSM_inflammation,full_gene,2,-0.292115395309093,,,,,,,alpha_interaction,10,
PADI4 neutrophil,OSM_inflammation,identity_markers_removed,2,-0.266884871553028,,,,,,,alpha_interaction,10,
PADI4 neutrophil,Type_I_interferon,full_gene,2,0.0752856931920979,,,,,,,alpha_interaction,10,
PADI4 neutrophil,Type_I_interferon,identity_markers_removed,2,0.109886238661436,,,,,,,alpha_interaction,10,
PADI4 neutrophil,Immature_granulopoiesis,full_gene,2,1.49203090139939,,,,,,,alpha_interaction,10,
PADI4 neutrophil,Immature_granulopoiesis,identity_markers_removed,2,1.49203090139939,,,,,,,alpha_interaction,10,
PADI4 neutrophil,Survival_antiapoptosis,full_gene,2,-0.265382225123697,,,,,,,alpha_interaction,10,
PADI4 neutrophil,Survival_antiapoptosis,identity_markers_removed,2,-0.265382225123697,,,,,,,alpha_interaction,10,
PADI4 neutrophil,Hypoxia_glycolysis,full_gene,2,0.0813915369523243,,,,,,,alpha_interaction,10,
PADI4 neutrophil,Hypoxia_glycolysis,identity_markers_removed,2,0.0813915369523243,,,,,,,alpha_interaction,10,
PADI4 neutrophil,ER_stress,full_gene,2,-0.431608975849142,,,,,,,alpha_interaction,10,
PADI4 neutrophil,ER_stress,identity_markers_removed,2,-0.431608975849142,,,,,,,alpha_interaction,10,
PADI4 neutrophil,Proliferation_stress,full_gene,2,-0.100148790713913,,,,,,,alpha_interaction,10,
PADI4 neutrophil,Proliferation_stress,identity_markers_removed,2,-0.100148790713913,,,,,,,alpha_interaction,10,
PADI4 neutrophil,Integrin_adhesion,full_gene,2,-0.337085639754108,,,,,,,alpha_interaction,10,
PADI4 neutrophil,Integrin_adhesion,identity_markers_removed,2,-0.337085639754108,,,,,,,alpha_interaction,10,
PADI4 neutrophil,CXCR4_aging_retention,full_gene,2,-0.422819716292405,,,,,,,alpha_interaction,10,
PADI4 neutrophil,CXCR4_aging_retention,identity_markers_removed,2,-0.464322433335351,,,,,,,alpha_interaction,10,
CXCR4 neutrophil,NETosis,full_gene,5,-0.048396584817796,0.0344714068941455,-0.144104553758328,0.0473113841227358,0.233006356530011,0.25,3,alpha_in_UC,10,0.377037547839642
CXCR4 neutrophil,NETosis,identity_markers_removed,5,-0.0430180533420935,0.0332219237076975,-0.135256900805585,0.0492207941213977,0.265050672097033,0.3125,3,alpha_in_UC,10,0.424081075355253
CXCR4 neutrophil,Degranulation,full_gene,5,-0.00802166598352763,0.0208182600926391,-0.0658224223164699,0.0497790903494147,0.719614710051465,0.75,3,alpha_in_UC,10,0.822416811487389
CXCR4 neutrophil,Degranulation,identity_markers_removed,5,-0.00802166598352763,0.0208182600926391,-0.0658224223164699,0.0497790903494147,0.719614710051465,0.75,3,alpha_in_UC,10,0.841176634197435
CXCR4 neutrophil,Oxidative_burst,full_gene,5,-0.112809804161289,0.0538283641990501,-0.262261302462546,0.0366416941399677,0.104154062304557,0.1875,4,alpha_in_UC,10,0.29163137445276
CXCR4 neutrophil,Oxidative_burst,identity_markers_removed,5,-0.112809804161289,0.0538283641990501,-0.262261302462546,0.0366416941399677,0.104154062304557,0.1875,4,alpha_in_UC,10,0.313414504687547
CXCR4 neutrophil,Phagocytosis,full_gene,5,-0.141679344698917,0.0572975211566535,-0.300762766854275,0.0174040774564403,0.0687475519944523,0.125,4,alpha_in_UC,10,0.287106828497454
CXCR4 neutrophil,Phagocytosis,identity_markers_removed,5,-0.141679344698917,0.0572975211566535,-0.300762766854275,0.0174040774564403,0.0687475519944523,0.125,4,alpha_in_UC,10,0.313414504687547
CXCR4 neutrophil,Chemotaxis,full_gene,5,-0.176504358039276,0.047734410771851,-0.309036329176283,-0.0439723869022694,0.0208786340254813,0.0625,5,alpha_in_UC,10,0.16702907220385
CXCR4 neutrophil,Chemotaxis,identity_markers_removed,5,-0.16726026439235,0.0493704501649914,-0.304334609094352,-0.0301859196903483,0.0275843861831288,0.0625,5,alpha_in_UC,10,0.193090703281902
CXCR4 neutrophil,OSM_inflammation,full_gene,5,-0.0589770932153961,0.0301478784567656,-0.142681022788781,0.0247268363579887,0.122077119132273,0.125,4,alpha_in_UC,10,0.31074175779124
CXCR4 neutrophil,OSM_inflammation,identity_markers_removed,5,-0.0455234949210119,0.0227937697214245,-0.108809145293067,0.0177621554510428,0.116489700618167,0.125,4,alpha_in_UC,10,0.313414504687547
CXCR4 neutrophil,Type_I_interferon,full_gene,5,-0.0188309989254119,0.0129482225187918,-0.0547810279587232,0.0171190301078994,0.21953596300424,0.3125,4,alpha_in_UC,10,0.372545876613256
CXCR4 neutrophil,Type_I_interferon,identity_markers_removed,5,-0.0198473608999316,0.014902586910845,-0.0612235753833319,0.0215288535834687,0.253745292471718,0.375,3,alpha_in_UC,10,0.423704562026737
CXCR4 neutrophil,Immature_granulopoiesis,full_gene,5,0.0310151643502051,0.00409844950677357,0.0196360442782233,0.0423942844221869,0.00163453607191053,0.0625,5,alpha_in_UC,10,0.0915340200269897
CXCR4 neutrophil,Immature_granulopoiesis,identity_markers_removed,5,0.0310151643502051,0.00409844950677357,0.0196360442782233,0.0423942844221869,0.00163453607191053,0.0625,5,alpha_in_UC,10,0.0915340200269897
CXCR4 neutrophil,Survival_antiapoptosis,full_gene,5,-0.094248727169656,0.0276238017034763,-0.170944696196227,-0.0175527581430849,0.0269810442168202,0.0625,5,alpha_in_UC,10,0.179372459418414
CXCR4 neutrophil,Survival_antiapoptosis,identity_markers_removed,5,-0.094248727169656,0.0276238017034763,-0.170944696196227,-0.0175527581430849,0.0269810442168202,0.0625,5,alpha_in_UC,10,0.193090703281902
CXCR4 neutrophil,Hypoxia_glycolysis,full_gene,5,0.00168357562249722,0.0378040910022148,-0.103277407797054,0.106644559042048,0.966613130180111,1,2,alpha_in_UC,10,0.97984343302618
CXCR4 neutrophil,Hypoxia_glycolysis,identity_markers_removed,5,0.00168357562249722,0.0378040910022148,-0.103277407797054,0.106644559042048,0.966613130180111,1,2,alpha_in_UC,10,0.97984343302618
CXCR4 neutrophil,ER_stress,full_gene,5,-0.14679905223247,0.0296704027957259,-0.22917729684391,-0.0644208076210299,0.00777416921696287,0.0625,5,alpha_in_UC,10,0.102884866388738
CXCR4 neutrophil,ER_stress,identity_markers_removed,5,-0.14679905223247,0.0296704027957259,-0.22917729684391,-0.0644208076210299,0.00777416921696287,0.0625,5,alpha_in_UC,10,0.10883836903748
CXCR4 neutrophil,Proliferation_stress,full_gene,5,-0.00960456317988216,0.0186626419443586,-0.0614203640563558,0.0422112376965914,0.633934272156131,0.75,2,alpha_in_UC,10,0.771746070450942
CXCR4 neutrophil,Proliferation_stress,identity_markers_removed,5,-0.00960456317988216,0.0186626419443586,-0.0614203640563558,0.0422112376965914,0.633934272156131,0.75,2,alpha_in_UC,10,0.78889598312763
CXCR4 neutrophil,Integrin_adhesion,full_gene,5,-0.0848909770108255,0.0483984865727084,-0.219266718154603,0.0494847641329518,0.154293657802473,0.25,3,alpha_in_UC,10,0.313815437384698
CXCR4 neutrophil,Integrin_adhesion,identity_markers_removed,5,-0.0848909770108255,0.0483984865727084,-0.219266718154603,0.0494847641329518,0.154293657802473,0.25,3,alpha_in_UC,10,0.313967363059696
CXCR4 neutrophil,CXCR4_aging_retention,full_gene,5,-0.233850212511374,0.0495670755746165,-0.371470476869487,-0.0962299481532609,0.00918614878470877,0.0625,5,alpha_in_UC,10,0.102884866388738
CXCR4 neutrophil,CXCR4_aging_retention,identity_markers_removed,5,-0.232377652300098,0.0512723924459058,-0.374732635338314,-0.0900226692618826,0.0105594850457645,0.0625,5,alpha_in_UC,10,0.118266232512562
MX1/ISG neutrophil,NETosis,full_gene,4,0.0934970514673003,0.0348503934396454,-0.0174124543723827,0.204406557306983,0.0748697524430586,0.125,4,alpha_in_UC,10,0.287106828497454
MX1/ISG neutrophil,NETosis,identity_markers_removed,4,0.0938402124257766,0.0454491080536335,-0.0507991335779493,0.238479558429502,0.130900913252438,0.25,3,alpha_in_UC,10,0.313967363059696
MX1/ISG neutrophil,Degranulation,full_gene,4,0.102958745651037,0.0696066630027485,-0.118560721845188,0.324478213147262,0.235648467399776,0.125,4,alpha_in_UC,10,0.377037547839642
MX1/ISG neutrophil,Degranulation,identity_markers_removed,4,0.102958745651037,0.0696066630027485,-0.118560721845188,0.324478213147262,0.235648467399776,0.125,4,alpha_in_UC,10,0.412384817949608
MX1/ISG neutrophil,Oxidative_burst,full_gene,4,0.0477798548947896,0.0485174607198543,-0.106624358714858,0.202184068504437,0.397336470140151,0.5,3,alpha_in_UC,10,0.590770012770878
MX1/ISG neutrophil,Oxidative_burst,identity_markers_removed,4,0.0477798548947896,0.0485174607198543,-0.106624358714858,0.202184068504437,0.397336470140151,0.5,3,alpha_in_UC,10,0.601374116968877
MX1/ISG neutrophil,Phagocytosis,full_gene,4,0.060118946248555,0.080456674946504,-0.195930101670359,0.316167994167469,0.50916475963072,0.75,2,alpha_in_UC,10,0.712830663483008
MX1/ISG neutrophil,Phagocytosis,identity_markers_removed,4,0.060118946248555,0.080456674946504,-0.195930101670359,0.316167994167469,0.50916475963072,0.75,2,alpha_in_UC,10,0.731108372803085
MX1/ISG neutrophil,Chemotaxis,full_gene,4,-0.0584725820327862,0.0285783538116496,-0.149421658531761,0.0324764944661888,0.133269642465299,0.25,3,alpha_in_UC,10,0.313815437384698
MX1/ISG neutrophil,Chemotaxis,identity_markers_removed,4,-0.0395437276257705,0.0176381569056272,-0.0956762149020981,0.016588759650557,0.110761905023862,0.125,4,alpha_in_UC,10,0.313414504687547
MX1/ISG neutrophil,OSM_inflammation,full_gene,4,0.0132047326492607,0.0221925244883989,-0.0574217849137624,0.0838312502122839,0.593731756558647,0.75,2,alpha_in_UC,10,0.73886618593965
MX1/ISG neutrophil,OSM_inflammation,identity_markers_removed,4,0.00239187008589219,0.0191373652213626,-0.0585117671556981,0.0632955073274825,0.908440844708549,1,2,alpha_in_UC,10,0.959862024597712
MX1/ISG neutrophil,Type_I_interferon,full_gene,4,0.0856034643105521,0.0914784660374692,-0.205521841943413,0.376728770564517,0.41841953845208,0.875,2,alpha_in_UC,10,0.60080754239273
MX1/ISG neutrophil,Type_I_interferon,identity_markers_removed,4,0.0743410463652446,0.119241493462557,-0.305138603941182,0.453820696671671,0.577174916612235,1,1,alpha_in_UC,10,0.751669658843841
MX1/ISG neutrophil,Immature_granulopoiesis,full_gene,4,0.0975136599717192,0.041793431431854,-0.0354916914737125,0.230519011417151,0.101847620363654,0.125,4,alpha_in_UC,10,0.29163137445276
MX1/ISG neutrophil,Immature_granulopoiesis,identity_markers_removed,4,0.0975136599717192,0.041793431431854,-0.0354916914737125,0.230519011417151,0.101847620363654,0.125,4,alpha_in_UC,10,0.313414504687547
MX1/ISG neutrophil,Survival_antiapoptosis,full_gene,4,-0.0344159145154995,0.0496407976722221,-0.192395087658799,0.1235632586278,0.537976614171404,0.75,2,alpha_in_UC,10,0.717302152228539
MX1/ISG neutrophil,Survival_antiapoptosis,identity_markers_removed,4,-0.0344159145154995,0.0496407976722221,-0.192395087658799,0.1235632586278,0.537976614171404,0.75,2,alpha_in_UC,10,0.734797326673137
MX1/ISG neutrophil,Hypoxia_glycolysis,full_gene,4,0.0880724972844821,0.0131912874700273,0.0460919332135586,0.130053061355406,0.00685179414043502,0.125,4,alpha_in_UC,10,0.102884866388738
MX1/ISG neutrophil,Hypoxia_glycolysis,identity_markers_removed,4,0.0880724972844821,0.0131912874700273,0.0460919332135586,0.130053061355406,0.00685179414043502,0.125,4,alpha_in_UC,10,0.10883836903748
MX1/ISG neutrophil,ER_stress,full_gene,4,-0.079927446063915,0.0422531236570495,-0.214395743332988,0.0545408512051578,0.154904450418138,0.25,3,alpha_in_UC,10,0.313815437384698
MX1/ISG neutrophil,ER_stress,identity_markers_removed,4,-0.079927446063915,0.0422531236570495,-0.214395743332988,0.0545408512051578,0.154904450418138,0.25,3,alpha_in_UC,10,0.313967363059696
MX1/ISG neutrophil,Proliferation_stress,full_gene,4,0.00421063595428274,0.0244465638379202,-0.0735892408085887,0.0820105127171541,0.874214023580813,0.875,3,alpha_in_UC,10,0.941461256163952
MX1/ISG neutrophil,Proliferation_stress,identity_markers_removed,4,0.00421063595428274,0.0244465638379202,-0.0735892408085887,0.0820105127171541,0.874214023580813,0.875,3,alpha_in_UC,10,0.941461256163952
MX1/ISG neutrophil,Integrin_adhesion,full_gene,4,0.0912463890743966,0.0485833947511506,-0.0633676560495426,0.245860434198336,0.156983681529848,0.125,4,alpha_in_UC,10,0.313815437384698
MX1/ISG neutrophil,Integrin_adhesion,identity_markers_removed,4,0.0912463890743966,0.0485833947511506,-0.0633676560495426,0.245860434198336,0.156983681529848,0.125,4,alpha_in_UC,10,0.313967363059696
MX1/ISG neutrophil,CXCR4_aging_retention,full_gene,4,-0.12566795878684,0.0693803472570967,-0.346467188574488,0.0951312710008085,0.167773995962735,0.25,3,alpha_in_UC,10,0.313815437384698
MX1/ISG neutrophil,CXCR4_aging_retention,identity_markers_removed,4,-0.112606637967828,0.0567016478481783,-0.293056587665761,0.0678433117301046,0.141238306322121,0.125,4,alpha_in_UC,10,0.313967363059696
OSM neutrophil,NETosis,full_gene,5,0.0202782962984855,0.0215948745694883,-0.0396786874973307,0.0802352800943016,0.400879651523096,0.4375,3,alpha_in_UC,10,0.590770012770878
OSM neutrophil,NETosis,identity_markers_removed,5,0.0182497690433836,0.0221663570253922,-0.0432939044198332,0.0797934425066004,0.456585603189096,0.4375,3,alpha_in_UC,10,0.672862994173405
OSM neutrophil,Degranulation,full_gene,5,0.0316099037421638,0.0133430713190622,-0.00543640130995147,0.0686562087942791,0.0769036147761037,0.0625,5,alpha_in_UC,10,0.287106828497454
OSM neutrophil,Degranulation,identity_markers_removed,5,0.0316099037421638,0.0133430713190622,-0.00543640130995147,0.0686562087942791,0.0769036147761037,0.0625,5,alpha_in_UC,10,0.313414504687547
OSM neutrophil,Oxidative_burst,full_gene,5,-0.0119855723557587,0.0510497488816855,-0.153722397759891,0.129751253048373,0.825906675702801,0.9375,3,alpha_in_UC,10,0.906877918418762
OSM neutrophil,Oxidative_burst,identity_markers_removed,5,-0.0119855723557587,0.0510497488816855,-0.153722397759891,0.129751253048373,0.825906675702801,0.9375,3,alpha_in_UC,10,0.925015476787137
OSM neutrophil,Phagocytosis,full_gene,5,-0.0805099817837153,0.0491066040212452,-0.216851772151388,0.0558318085839573,0.176453619116953,0.25,3,alpha_in_UC,10,0.313815437384698
OSM neutrophil,Phagocytosis,identity_markers_removed,5,-0.0805099817837153,0.0491066040212452,-0.216851772151388,0.0558318085839573,0.176453619116953,0.25,3,alpha_in_UC,10,0.321288496831767
OSM neutrophil,Chemotaxis,full_gene,5,-0.117101044374373,0.0411876628602214,-0.231456329317172,-0.00274575943157451,0.0467203123668979,0.0625,5,alpha_in_UC,10,0.261633749254628
OSM neutrophil,Chemotaxis,identity_markers_removed,5,-0.0996085841015171,0.0376796144370203,-0.204223965170922,0.0050067969678881,0.0573660350770473,0.125,4,alpha_in_UC,10,0.29204526948315
OSM neutrophil,OSM_inflammation,full_gene,5,-0.0701513043222075,0.026174196260452,-0.142822523412026,0.00251991476761075,0.0552188095901739,0.0625,5,alpha_in_UC,10,0.281113939731794
OSM neutrophil,OSM_inflammation,identity_markers_removed,5,-0.0636510039976156,0.020546201802867,-0.120696405423592,-0.00660560257163954,0.0362933676033984,0.0625,5,alpha_in_UC,10,0.203242858579031
OSM neutrophil,Type_I_interferon,full_gene,5,-0.00211507478171233,0.00738972128347886,-0.0226322302680032,0.0184020807045785,0.788922690980071,0.875,3,alpha_in_UC,10,0.88359341389768
OSM neutrophil,Type_I_interferon,identity_markers_removed,5,0.00167748174111939,0.00829175090755257,-0.0213441094796743,0.0246990729619131,0.849549538622021,1,3,alpha_in_UC,10,0.93283870907516
OSM neutrophil,Immature_granulopoiesis,full_gene,5,0.0405181619572952,0.00761505390292176,0.0193753828227107,0.0616609410918797,0.00600233693938943,0.0625,5,alpha_in_UC,10,0.102884866388738
OSM neutrophil,Immature_granulopoiesis,identity_markers_removed,5,0.0405181619572952,0.00761505390292176,0.0193753828227107,0.0616609410918797,0.00600233693938943,0.0625,5,alpha_in_UC,10,0.10883836903748
OSM neutrophil,Survival_antiapoptosis,full_gene,5,-0.0173928380820927,0.0300098100731523,-0.100713428367612,0.0659277522034266,0.593279224993881,0.625,3,alpha_in_UC,10,0.73886618593965
OSM neutrophil,Survival_antiapoptosis,identity_markers_removed,5,-0.0173928380820927,0.0300098100731523,-0.100713428367612,0.0659277522034266,0.593279224993881,0.625,3,alpha_in_UC,10,0.755082649992212
OSM neutrophil,Hypoxia_glycolysis,full_gene,5,0.000868620519186696,0.0323153912534369,-0.0888532893489699,0.0905905303873432,0.97984343302618,1,2,alpha_in_UC,10,0.97984343302618
OSM neutrophil,Hypoxia_glycolysis,identity_markers_removed,5,0.000868620519186696,0.0323153912534369,-0.0888532893489699,0.0905905303873432,0.97984343302618,1,2,alpha_in_UC,10,0.97984343302618
OSM neutrophil,ER_stress,full_gene,5,-0.08337564986214,0.0382953868059508,-0.189700689111178,0.0229493893868981,0.0950445000333489,0.25,3,alpha_in_UC,10,0.29163137445276
OSM neutrophil,ER_stress,identity_markers_removed,5,-0.08337564986214,0.0382953868059508,-0.189700689111178,0.0229493893868981,0.0950445000333489,0.25,3,alpha_in_UC,10,0.313414504687547
OSM neutrophil,Proliferation_stress,full_gene,5,0.0341705893164336,0.0204222756816867,-0.0225307380369853,0.0908719166698525,0.169602538667603,0.1875,4,alpha_in_UC,10,0.313815437384698
OSM neutrophil,Proliferation_stress,identity_markers_removed,5,0.0341705893164336,0.0204222756816867,-0.0225307380369853,0.0908719166698525,0.169602538667603,0.1875,4,alpha_in_UC,10,0.321288496831767
OSM neutrophil,Integrin_adhesion,full_gene,5,-0.0133278480139483,0.030158249592797,-0.097060572477203,0.0704048764493063,0.681381127948678,0.6875,3,alpha_in_UC,10,0.794944649273458
OSM neutrophil,Integrin_adhesion,identity_markers_removed,5,-0.0133278480139483,0.030158249592797,-0.097060572477203,0.0704048764493063,0.681381127948678,0.6875,3,alpha_in_UC,10,0.829507460111434
OSM neutrophil,CXCR4_aging_retention,full_gene,5,-0.14915445755454,0.0446530096967467,-0.273131087759422,-0.0251778273496584,0.0288277166922451,0.0625,5,alpha_in_UC,10,0.179372459418414
OSM neutrophil,CXCR4_aging_retention,identity_markers_removed,5,-0.131075695808575,0.0402283559258961,-0.242767517709184,-0.0193838739079662,0.0311309806209476,0.0625,5,alpha_in_UC,10,0.19370387941923
PADI4 neutrophil,NETosis,full_gene,4,0.343144258978278,0.143307610159227,-0.11292451549199,0.799213033448546,0.0963536167972162,0.125,4,alpha_in_UC,10,0.29163137445276
PADI4 neutrophil,NETosis,identity_markers_removed,4,0.361433633422683,0.163815201206363,-0.159899448405815,0.882766715251181,0.114490912533857,0.125,4,alpha_in_UC,10,0.313414504687547
PADI4 neutrophil,Degranulation,full_gene,4,0.235145376066195,0.116583818387258,-0.135876366016203,0.606167118148592,0.13705753924717,0.25,3,alpha_in_UC,10,0.313815437384698
PADI4 neutrophil,Degranulation,identity_markers_removed,4,0.235145376066195,0.116583818387258,-0.135876366016203,0.606167118148592,0.13705753924717,0.25,3,alpha_in_UC,10,0.313967363059696
PADI4 neutrophil,Oxidative_burst,full_gene,4,0.0544019734523905,0.0211532320825348,-0.0129170518334813,0.121720998738262,0.0823638607890263,0.25,3,alpha_in_UC,10,0.288273512761592
PADI4 neutrophil,Oxidative_burst,identity_markers_removed,4,0.0544019734523905,0.0211532320825348,-0.0129170518334813,0.121720998738262,0.0823638607890263,0.25,3,alpha_in_UC,10,0.313414504687547
PADI4 neutrophil,Phagocytosis,full_gene,4,-0.093023960508966,0.053060481614453,-0.261886094179456,0.0758381731615241,0.177856132174728,0.25,3,alpha_in_UC,10,0.313815437384698
PADI4 neutrophil,Phagocytosis,identity_markers_removed,4,-0.093023960508966,0.053060481614453,-0.261886094179456,0.0758381731615241,0.177856132174728,0.25,3,alpha_in_UC,10,0.321288496831767
PADI4 neutrophil,Chemotaxis,full_gene,4,-0.0669140722279419,0.0231889965844971,-0.140711808731511,0.00688366427562732,0.0632396277559661,0.125,4,alpha_in_UC,10,0.287106828497454
PADI4 neutrophil,Chemotaxis,identity_markers_removed,4,-0.0518133924742579,0.024368673998611,-0.129365389005801,0.0257386040572849,0.123451268558683,0.25,3,alpha_in_UC,10,0.313967363059696
PADI4 neutrophil,OSM_inflammation,full_gene,4,-0.0284554027167679,0.0570842760090449,-0.210123045991548,0.153212240558012,0.652400119483761,0.75,2,alpha_in_UC,10,0.777327801938098
PADI4 neutrophil,OSM_inflammation,identity_markers_removed,4,-0.0257414756618827,0.0656072236949424,-0.234532942309774,0.183049990986008,0.721008543597801,0.75,2,alpha_in_UC,10,0.841176634197435
PADI4 neutrophil,Type_I_interferon,full_gene,4,0.00898081197394886,0.0685004943483531,-0.209018333175075,0.226979957122973,0.903989690178319,1,1,alpha_in_UC,10,0.955158917924262
PADI4 neutrophil,Type_I_interferon,identity_markers_removed,4,0.0236754451975177,0.0675888552776404,-0.191422457559164,0.2387733479542,0.749275124580822,1,1,alpha_in_UC,10,0.856314428092368
PADI4 neutrophil,Immature_granulopoiesis,full_gene,4,0.355425560466972,0.163162462763106,-0.163830216314466,0.874681337248411,0.11753043925783,0.125,4,alpha_in_UC,10,0.31074175779124
PADI4 neutrophil,Immature_granulopoiesis,identity_markers_removed,4,0.355425560466972,0.163162462763106,-0.163830216314466,0.874681337248411,0.11753043925783,0.125,4,alpha_in_UC,10,0.313414504687547
PADI4 neutrophil,Survival_antiapoptosis,full_gene,4,0.00225798430727487,0.0511723010478702,-0.160595116095385,0.165111084709935,0.967577415848065,0.875,2,alpha_in_UC,10,0.97984343302618
PADI4 neutrophil,Survival_antiapoptosis,identity_markers_removed,4,0.00225798430727487,0.0511723010478702,-0.160595116095385,0.165111084709935,0.967577415848065,0.875,2,alpha_in_UC,10,0.97984343302618
PADI4 neutrophil,Hypoxia_glycolysis,full_gene,4,0.0782148980148828,0.112024084008487,-0.278295734240717,0.434725530270483,0.535306963685941,0.5,3,alpha_in_UC,10,0.717302152228539
PADI4 neutrophil,Hypoxia_glycolysis,identity_markers_removed,4,0.0782148980148828,0.112024084008487,-0.278295734240717,0.434725530270483,0.535306963685941,0.5,3,alpha_in_UC,10,0.734797326673137
PADI4 neutrophil,ER_stress,full_gene,4,-0.0304190892524917,0.0477561010401669,-0.182400316562526,0.121562138057543,0.569425397781816,0.875,2,alpha_in_UC,10,0.73886618593965
PADI4 neutrophil,ER_stress,identity_markers_removed,4,-0.0304190892524917,0.0477561010401669,-0.182400316562526,0.121562138057543,0.569425397781816,0.875,2,alpha_in_UC,10,0.751669658843841
PADI4 neutrophil,Proliferation_stress,full_gene,4,-0.328485239033107,0.264803052619349,-1.1712067354694,0.514236257403187,0.302968126818916,0.5,2,alpha_in_UC,10,0.471283752829425
PADI4 neutrophil,Proliferation_stress,identity_markers_removed,4,-0.328485239033107,0.264803052619349,-1.1712067354694,0.514236257403187,0.302968126818916,0.5,2,alpha_in_UC,10,0.471283752829425
PADI4 neutrophil,Integrin_adhesion,full_gene,4,-0.120104738221899,0.0259773710942879,-0.202776326881899,-0.0374331495618986,0.0190491550336006,0.125,4,alpha_in_UC,10,0.16702907220385
PADI4 neutrophil,Integrin_adhesion,identity_markers_removed,4,-0.120104738221899,0.0259773710942879,-0.202776326881899,-0.0374331495618986,0.0190491550336006,0.125,4,alpha_in_UC,10,0.177792113646939
PADI4 neutrophil,CXCR4_aging_retention,full_gene,4,-0.083331431785528,0.047753653162371,-0.235304868855915,0.0686420052848593,0.17932310707697,0.25,3,alpha_in_UC,10,0.313815437384698
PADI4 neutrophil,CXCR4_aging_retention,identity_markers_removed,4,-0.0654739520418877,0.0469214781228661,-0.214799036732453,0.0838511326486777,0.257249198373376,0.375,3,alpha_in_UC,10,0.423704562026737
CXCR4 neutrophil,NETosis,full_gene,4,0.162919963954601,0.0112953702514382,0.1269730546311,0.198866873278102,0.000722411556575865,0.125,4,alpha_alone,10,0.00384892831592626
CXCR4 neutrophil,NETosis,identity_markers_removed,4,0.149140213951034,0.0169469072676174,0.0952075915312196,0.203072836370849,0.00309122182559493,0.125,4,alpha_alone,10,0.0086554211116658
CXCR4 neutrophil,Degranulation,full_gene,4,-0.0163294799610663,0.0582307082789724,-0.201645582377535,0.168986622455403,0.79737596899168,0.75,2,alpha_alone,10,0.85871258199104
CXCR4 neutrophil,Degranulation,identity_markers_removed,4,-0.0163294799610663,0.0582307082789724,-0.201645582377535,0.168986622455403,0.79737596899168,0.75,2,alpha_alone,10,0.85871258199104
CXCR4 neutrophil,Oxidative_burst,full_gene,4,0.101762669314718,0.06899219671731,-0.117801292221691,0.321326630851128,0.2366741395938,0.25,3,alpha_alone,10,0.2761198295261
CXCR4 neutrophil,Oxidative_burst,identity_markers_removed,4,0.101762669314718,0.06899219671731,-0.117801292221691,0.321326630851128,0.2366741395938,0.25,3,alpha_alone,10,0.2761198295261
CXCR4 neutrophil,Phagocytosis,full_gene,4,0.314477233754387,0.0465780130249689,0.166245208295618,0.462709259213156,0.00663695257510457,0.125,4,alpha_alone,10,0.0123889781401952
CXCR4 neutrophil,Phagocytosis,identity_markers_removed,4,0.314477233754387,0.0465780130249689,0.166245208295618,0.462709259213156,0.00663695257510457,0.125,4,alpha_alone,10,0.0123889781401952
CXCR4 neutrophil,Chemotaxis,full_gene,4,0.164715536832913,0.0539382985713211,-0.00694020216867672,0.336371275834504,0.055263218783086,0.125,4,alpha_alone,10,0.0859650069959116
CXCR4 neutrophil,Chemotaxis,identity_markers_removed,4,0.192887170889155,0.0537170159163037,0.021935652055448,0.363838689722862,0.0370021027973771,0.125,4,alpha_alone,10,0.0545294146487662
CXCR4 neutrophil,OSM_inflammation,full_gene,4,0.269138701401838,0.0347271913338775,0.158621279648459,0.379656123155217,0.00446801961475653,0.125,4,alpha_alone,10,0.010293050272216
CXCR4 neutrophil,OSM_inflammation,identity_markers_removed,4,0.237815882754413,0.0341297999599783,0.129199626971708,0.346432138537118,0.00606527137351205,0.125,4,alpha_alone,10,0.0121305427470241
CXCR4 neutrophil,Type_I_interferon,full_gene,4,-0.0462323941761108,0.026243645435404,-0.129751386629188,0.0372865982769664,0.176340520829643,0.25,3,alpha_alone,10,0.214675416662174
CXCR4 neutrophil,Type_I_interferon,identity_markers_removed,4,-0.0484864336839267,0.0321726762017341,-0.150874248193225,0.0539013808253712,0.228893968220712,0.375,3,alpha_alone,10,0.2761198295261
CXCR4 neutrophil,Immature_granulopoiesis,full_gene,4,-0.14216371396397,0.071441390952643,-0.369522104645537,0.0851946767175981,0.140692805745393,0.125,4,alpha_alone,10,0.179063570948682
CXCR4 neutrophil,Immature_granulopoiesis,identity_markers_removed,4,-0.14216371396397,0.071441390952643,-0.369522104645537,0.0851946767175981,0.140692805745393,0.125,4,alpha_alone,10,0.179063570948682
CXCR4 neutrophil,Survival_antiapoptosis,full_gene,4,0.266226123956738,0.0464689027304415,0.118341336151657,0.41411091176182,0.010556289344811,0.125,4,alpha_alone,10,0.0173868295091005
CXCR4 neutrophil,Survival_antiapoptosis,identity_markers_removed,4,0.266226123956738,0.0464689027304415,0.118341336151657,0.41411091176182,0.010556289344811,0.125,4,alpha_alone,10,0.0173868295091005
CXCR4 neutrophil,Hypoxia_glycolysis,full_gene,4,0.150297743906998,0.0231168669404576,0.0767295561226034,0.223865931691392,0.00738920054630679,0.125,4,alpha_alone,10,0.0129311009560369
CXCR4 neutrophil,Hypoxia_glycolysis,identity_markers_removed,4,0.150297743906998,0.0231168669404576,0.0767295561226034,0.223865931691392,0.00738920054630679,0.125,4,alpha_alone,10,0.0129311009560369
CXCR4 neutrophil,ER_stress,full_gene,4,0.189773767028633,0.0872927948967399,-0.0880308655683851,0.467578399625652,0.118012753831008,0.25,3,alpha_alone,10,0.157350338441344
CXCR4 neutrophil,ER_stress,identity_markers_removed,4,0.189773767028633,0.0872927948967399,-0.0880308655683851,0.467578399625652,0.118012753831008,0.25,3,alpha_alone,10,0.157350338441344
CXCR4 neutrophil,Proliferation_stress,full_gene,4,0.0106118913061836,0.0477367472434086,-0.141307743584864,0.162531526197232,0.838354286127088,1,2,alpha_alone,10,0.869404444872536
CXCR4 neutrophil,Proliferation_stress,identity_markers_removed,4,0.0106118913061836,0.0477367472434086,-0.141307743584864,0.162531526197232,0.838354286127088,1,2,alpha_alone,10,0.869404444872536
CXCR4 neutrophil,Integrin_adhesion,full_gene,4,0.153463819504901,0.0577601762911569,-0.0303548401254266,0.337282479135229,0.076540116828957,0.125,4,alpha_alone,10,0.10715616356054
CXCR4 neutrophil,Integrin_adhesion,identity_markers_removed,4,0.153463819504901,0.0577601762911569,-0.0303548401254266,0.337282479135229,0.076540116828957,0.125,4,alpha_alone,10,0.10715616356054
CXCR4 neutrophil,CXCR4_aging_retention,full_gene,4,0.249437605890144,0.090733567827448,-0.0393171018075266,0.538192313587814,0.0707943651501632,0.125,4,alpha_alone,10,0.10432853811603
CXCR4 neutrophil,CXCR4_aging_retention,identity_markers_removed,4,0.305822307380328,0.0743733994219241,0.0691329571786362,0.54251165758202,0.0260493632051567,0.125,4,alpha_alone,10,0.040521231652466
OSM neutrophil,NETosis,full_gene,5,0.151512425866876,0.0163294048362495,0.106174729738478,0.196850121995274,0.000750473911153497,0.0625,5,alpha_alone,10,0.00384892831592626
OSM neutrophil,NETosis,identity_markers_removed,5,0.16078639662733,0.0159544606583343,0.116489712426426,0.205083080828233,0.00054538049044364,0.0625,5,alpha_alone,10,0.00431026159966795
OSM neutrophil,Degranulation,full_gene,5,0.108410211086064,0.013774809556343,0.0701652085183238,0.146655213653804,0.00140882563691014,0.0625,5,alpha_alone,10,0.00419511351521441
OSM neutrophil,Degranulation,identity_markers_removed,5,0.108410211086064,0.013774809556343,0.0701652085183238,0.146655213653804,0.00140882563691014,0.0625,5,alpha_alone,10,0.00524389189401802
OSM neutrophil,Oxidative_burst,full_gene,5,0.336318474726033,0.0400426394722027,0.225142284364236,0.44749466508783,0.00109969380455036,0.0625,5,alpha_alone,10,0.00384892831592626
OSM neutrophil,Oxidative_burst,identity_markers_removed,5,0.336318474726033,0.0400426394722027,0.225142284364236,0.44749466508783,0.00109969380455036,0.0625,5,alpha_alone,10,0.00513190442123501
OSM neutrophil,Phagocytosis,full_gene,5,0.445598685479502,0.0519102687240001,0.30147267397125,0.589724696987755,0.00101177334257293,0.0625,5,alpha_alone,10,0.00384892831592626
OSM neutrophil,Phagocytosis,identity_markers_removed,5,0.445598685479502,0.0519102687240001,0.30147267397125,0.589724696987755,0.00101177334257293,0.0625,5,alpha_alone,10,0.00513190442123501
OSM neutrophil,Chemotaxis,full_gene,5,0.456214206398041,0.0513570118827501,0.313624282138594,0.598804130657487,0.000887252240230353,0.0625,5,alpha_alone,10,0.00384892831592626
OSM neutrophil,Chemotaxis,identity_markers_removed,5,0.442892944029439,0.0453473745349803,0.316988447968221,0.568797440090656,0.000615751657095422,0.0625,5,alpha_alone,10,0.00431026159966795
OSM neutrophil,OSM_inflammation,full_gene,5,0.570861051225529,0.0271192840432704,0.495565847787122,0.646156254663936,3.01048475752667e-05,0.0625,5,alpha_alone,10,0.000842935732107468
OSM neutrophil,OSM_inflammation,identity_markers_removed,5,0.567903411251917,0.0261900582604915,0.49518815218973,0.640618670314104,2.67587906736866e-05,0.0625,5,alpha_alone,10,0.000749246138863225
OSM neutrophil,Type_I_interferon,full_gene,5,0.0404340196971794,0.00406912171427995,0.0291363266311128,0.0517317127632461,0.000575968020756167,0.0625,5,alpha_alone,10,0.00384892831592626
OSM neutrophil,Type_I_interferon,identity_markers_removed,5,0.0506055466256665,0.00853755836204241,0.0269014845010333,0.0743096087502996,0.00405950610242164,0.0625,5,alpha_alone,10,0.0103332882607096
OSM neutrophil,Immature_granulopoiesis,full_gene,5,0.000405083060662925,0.0145125974842652,-0.039888347188231,0.0406985133095569,0.979069012776846,1,3,alpha_alone,10,0.979069012776846
OSM neutrophil,Immature_granulopoiesis,identity_markers_removed,5,0.000405083060662925,0.0145125974842652,-0.039888347188231,0.0406985133095569,0.979069012776846,1,3,alpha_alone,10,0.979069012776846
OSM neutrophil,Survival_antiapoptosis,full_gene,5,0.344402734940184,0.0310243565304349,0.258265312109346,0.430540157771021,0.000374592772512846,0.0625,5,alpha_alone,10,0.00384892831592626
OSM neutrophil,Survival_antiapoptosis,identity_markers_removed,5,0.344402734940184,0.0310243565304349,0.258265312109346,0.430540157771021,0.000374592772512846,0.0625,5,alpha_alone,10,0.00431026159966795
OSM neutrophil,Hypoxia_glycolysis,full_gene,5,0.180989330888147,0.032592725753235,0.0904974170055238,0.271481244770771,0.005146525136108,0.0625,5,alpha_alone,10,0.010293050272216
OSM neutrophil,Hypoxia_glycolysis,identity_markers_removed,5,0.180989330888147,0.032592725753235,0.0904974170055238,0.271481244770771,0.005146525136108,0.0625,5,alpha_alone,10,0.0110848233700788
OSM neutrophil,ER_stress,full_gene,5,0.356553671866237,0.0460452666905117,0.228711516545839,0.484395827186635,0.00149825482686229,0.0625,5,alpha_alone,10,0.00419511351521441
OSM neutrophil,ER_stress,identity_markers_removed,5,0.356553671866237,0.0460452666905117,0.228711516545839,0.484395827186635,0.00149825482686229,0.0625,5,alpha_alone,10,0.00524389189401802
OSM neutrophil,Proliferation_stress,full_gene,5,0.0143202438068694,0.0216195721363045,-0.045705311427444,0.0743457990411827,0.543947655088342,0.5625,3,alpha_alone,10,0.609221373698943
OSM neutrophil,Proliferation_stress,identity_markers_removed,5,0.0143202438068694,0.0216195721363045,-0.045705311427444,0.0743457990411827,0.543947655088342,0.5625,3,alpha_alone,10,0.609221373698943
OSM neutrophil,Integrin_adhesion,full_gene,5,0.2490856471251,0.0440703086719752,0.126726854328239,0.371444439921962,0.00482767073945832,0.0625,5,alpha_alone,10,0.010293050272216
OSM neutrophil,Integrin_adhesion,identity_markers_removed,5,0.2490856471251,0.0440703086719752,0.126726854328239,0.371444439921962,0.00482767073945832,0.0625,5,alpha_alone,10,0.0110848233700788
OSM neutrophil,CXCR4_aging_retention,full_gene,5,0.512706307857133,0.0736317160637049,0.308271890204746,0.717140725509521,0.00223594722057077,0.0625,5,alpha_alone,10,0.00569150201599832
OSM neutrophil,CXCR4_aging_retention,identity_markers_removed,5,0.50535496083291,0.071294980955628,0.307408359933487,0.703301561732333,0.00209153539228273,0.0625,5,alpha_alone,10,0.00650699899821294
PADI4 neutrophil,NETosis,full_gene,2,-0.196263318063147,,,,,,,alpha_alone,10,
PADI4 neutrophil,NETosis,identity_markers_removed,2,-0.346881709529491,,,,,,,alpha_alone,10,
PADI4 neutrophil,Degranulation,full_gene,2,-0.982663619006535,,,,,,,alpha_alone,10,
PADI4 neutrophil,Degranulation,identity_markers_removed,2,-0.982663619006535,,,,,,,alpha_alone,10,
PADI4 neutrophil,Oxidative_burst,full_gene,2,-0.705961855817659,,,,,,,alpha_alone,10,
PADI4 neutrophil,Oxidative_burst,identity_markers_removed,2,-0.705961855817659,,,,,,,alpha_alone,10,
PADI4 neutrophil,Phagocytosis,full_gene,2,0.373303448039718,,,,,,,alpha_alone,10,
PADI4 neutrophil,Phagocytosis,identity_markers_removed,2,0.373303448039718,,,,,,,alpha_alone,10,
PADI4 neutrophil,Chemotaxis,full_gene,2,0.305735070362621,,,,,,,alpha_alone,10,
PADI4 neutrophil,Chemotaxis,identity_markers_removed,2,0.336160232896904,,,,,,,alpha_alone,10,
PADI4 neutrophil,OSM_inflammation,full_gene,2,0.17105595042906,,,,,,,alpha_alone,10,
PADI4 neutrophil,OSM_inflammation,identity_markers_removed,2,0.138890070367618,,,,,,,alpha_alone,10,
PADI4 neutrophil,Type_I_interferon,full_gene,2,-0.0286512248291801,,,,,,,alpha_alone,10,
PADI4 neutrophil,Type_I_interferon,identity_markers_removed,2,-0.0312558816318328,,,,,,,alpha_alone,10,
PADI4 neutrophil,Immature_granulopoiesis,full_gene,2,-1.1512155973325,,,,,,,alpha_alone,10,
PADI4 neutrophil,Immature_granulopoiesis,identity_markers_removed,2,-1.1512155973325,,,,,,,alpha_alone,10,
PADI4 neutrophil,Survival_antiapoptosis,full_gene,2,0.199079718362784,,,,,,,alpha_alone,10,
PADI4 neutrophil,Survival_antiapoptosis,identity_markers_removed,2,0.199079718362784,,,,,,,alpha_alone,10,
PADI4 neutrophil,Hypoxia_glycolysis,full_gene,2,0.0398462567785246,,,,,,,alpha_alone,10,
PADI4 neutrophil,Hypoxia_glycolysis,identity_markers_removed,2,0.0398462567785246,,,,,,,alpha_alone,10,
PADI4 neutrophil,ER_stress,full_gene,2,0.364596177660818,,,,,,,alpha_alone,10,
PADI4 neutrophil,ER_stress,identity_markers_removed,2,0.364596177660818,,,,,,,alpha_alone,10,
PADI4 neutrophil,Proliferation_stress,full_gene,2,0.143991012999284,,,,,,,alpha_alone,10,
PADI4 neutrophil,Proliferation_stress,identity_markers_removed,2,0.143991012999284,,,,,,,alpha_alone,10,
PADI4 neutrophil,Integrin_adhesion,full_gene,2,0.260371498258185,,,,,,,alpha_alone,10,
PADI4 neutrophil,Integrin_adhesion,identity_markers_removed,2,0.260371498258185,,,,,,,alpha_alone,10,
PADI4 neutrophil,CXCR4_aging_retention,full_gene,2,0.321499095665067,,,,,,,alpha_alone,10,
PADI4 neutrophil,CXCR4_aging_retention,identity_markers_removed,2,0.367247128273551,,,,,,,alpha_alone,10,
CXCR4 neutrophil,NETosis,full_gene,5,-0.00338123589761051,0.0400495715708868,-0.114576672850868,0.107814201055647,0.93677414980411,0.9375,3,UC_vs_control_fibroblasts,10,0.952756509150638
CXCR4 neutrophil,NETosis,identity_markers_removed,5,-0.00206551251350866,0.0403289807356158,-0.114036713674525,0.109905688647508,0.961608541613887,1,3,UC_vs_control_fibroblasts,10,0.961608541613887
CXCR4 neutrophil,Degranulation,full_gene,5,-0.00842725179100657,0.019415298346039,-0.0623327618498213,0.0454782582678081,0.686636834961975,0.875,3,UC_vs_control_fibroblasts,10,0.932512896882331
CXCR4 neutrophil,Degranulation,identity_markers_removed,5,-0.00842725179100657,0.019415298346039,-0.0623327618498213,0.0454782582678081,0.686636834961975,0.875,3,UC_vs_control_fibroblasts,10,0.953706371811475
CXCR4 neutrophil,Oxidative_burst,full_gene,5,0.00483952486378516,0.049890434282047,-0.133678527194796,0.143357576922367,0.927389971166263,0.9375,3,UC_vs_control_fibroblasts,10,0.952756509150638
CXCR4 neutrophil,Oxidative_burst,identity_markers_removed,5,0.00483952486378516,0.049890434282047,-0.133678527194796,0.143357576922367,0.927389971166263,0.9375,3,UC_vs_control_fibroblasts,10,0.961608541613887
CXCR4 neutrophil,Phagocytosis,full_gene,5,-0.00834581723172481,0.0656619918125078,-0.1906527329971,0.17396109853365,0.904992448340701,0.875,3,UC_vs_control_fibroblasts,10,0.952756509150638
CXCR4 neutrophil,Phagocytosis,identity_markers_removed,5,-0.00834581723172481,0.0656619918125078,-0.1906527329971,0.17396109853365,0.904992448340701,0.875,3,UC_vs_control_fibroblasts,10,0.961608541613887
CXCR4 neutrophil,Chemotaxis,full_gene,5,0.068334318940833,0.0552859721669182,-0.0851641478681085,0.221832785749774,0.284075113025333,0.375,3,UC_vs_control_fibroblasts,10,0.821346141993239
CXCR4 neutrophil,Chemotaxis,identity_markers_removed,5,0.0498489688576555,0.0510338628946086,-0.0918437499754159,0.191541687690727,0.383985016298132,0.4375,3,UC_vs_control_fibroblasts,10,0.895965038028975
CXCR4 neutrophil,OSM_inflammation,full_gene,5,0.0239603263590004,0.0634181979465465,-0.152116818910153,0.200037471628154,0.724761546781716,0.9375,2,UC_vs_control_fibroblasts,10,0.932512896882331
CXCR4 neutrophil,OSM_inflammation,identity_markers_removed,5,0.0358063287196068,0.0566325202223638,-0.12143075484679,0.193043412286004,0.561555159752866,0.875,2,UC_vs_control_fibroblasts,10,0.921638162396817
CXCR4 neutrophil,Type_I_interferon,full_gene,5,0.00523922517944804,0.0131315421433035,-0.0312197807280256,0.0416982310869217,0.710290852613673,0.6875,3,UC_vs_control_fibroblasts,10,0.932512896882331
CXCR4 neutrophil,Type_I_interferon,identity_markers_removed,5,0.00583755895770601,0.0149095427652373,-0.0355579680735743,0.0472330859889864,0.715366939783917,0.75,2,UC_vs_control_fibroblasts,10,0.953706371811475
CXCR4 neutrophil,Immature_granulopoiesis,full_gene,5,0.0035552132844839,0.00692968882564386,-0.0156846873360188,0.0227951139049866,0.634957241934374,0.6875,3,UC_vs_control_fibroblasts,10,0.932512896882331
CXCR4 neutrophil,Immature_granulopoiesis,identity_markers_removed,5,0.0035552132844839,0.00692968882564386,-0.0156846873360188,0.0227951139049866,0.634957241934374,0.6875,3,UC_vs_control_fibroblasts,10,0.921638162396817
CXCR4 neutrophil,Survival_antiapoptosis,full_gene,5,-0.00550716144846112,0.0274199808855403,-0.0816372331627366,0.0706229102658144,0.850619022494222,0.9375,2,UC_vs_control_fibroblasts,10,0.952756509150638
CXCR4 neutrophil,Survival_antiapoptosis,identity_markers_removed,5,-0.00550716144846112,0.0274199808855403,-0.0816372331627366,0.0706229102658144,0.850619022494222,0.9375,2,UC_vs_control_fibroblasts,10,0.961608541613887
CXCR4 neutrophil,Hypoxia_glycolysis,full_gene,5,-0.0896716333879884,0.0221712673441168,-0.151228940081593,-0.0281143266943836,0.0155461534715841,0.0625,5,UC_vs_control_fibroblasts,10,0.246480328862904
CXCR4 neutrophil,Hypoxia_glycolysis,identity_markers_removed,5,-0.0896716333879884,0.0221712673441168,-0.151228940081593,-0.0281143266943836,0.0155461534715841,0.0625,5,UC_vs_control_fibroblasts,10,0.246480328862904
CXCR4 neutrophil,ER_stress,full_gene,5,0.00661852702143113,0.0492003031713714,-0.12998341389297,0.143220467935833,0.899487008535541,0.9375,2,UC_vs_control_fibroblasts,10,0.952756509150638
CXCR4 neutrophil,ER_stress,identity_markers_removed,5,0.00661852702143113,0.0492003031713714,-0.12998341389297,0.143220467935833,0.899487008535541,0.9375,2,UC_vs_control_fibroblasts,10,0.961608541613887
CXCR4 neutrophil,Proliferation_stress,full_gene,5,-0.0217742285150254,0.0534642198604973,-0.170214700049922,0.126666243019871,0.704664519970373,0.875,2,UC_vs_control_fibroblasts,10,0.932512896882331
CXCR4 neutrophil,Proliferation_stress,identity_markers_removed,5,-0.0217742285150254,0.0534642198604973,-0.170214700049922,0.126666243019871,0.704664519970373,0.875,2,UC_vs_control_fibroblasts,10,0.953706371811475
CXCR4 neutrophil,Integrin_adhesion,full_gene,5,-0.0308963294747192,0.0390844935863886,-0.139412280381782,0.0776196214323439,0.473463083229739,0.4375,3,UC_vs_control_fibroblasts,10,0.932512896882331
CXCR4 neutrophil,Integrin_adhesion,identity_markers_removed,5,-0.0308963294747192,0.0390844935863886,-0.139412280381782,0.0776196214323439,0.473463083229739,0.4375,3,UC_vs_control_fibroblasts,10,0.904119157708373
CXCR4 neutrophil,CXCR4_aging_retention,full_gene,5,0.038935463455438,0.0603632903061507,-0.128659898448707,0.206530825359584,0.554046825619224,0.625,3,UC_vs_control_fibroblasts,10,0.932512896882331
CXCR4 neutrophil,CXCR4_aging_retention,identity_markers_removed,5,0.00717620224191063,0.055279568508374,-0.14630448516061,0.160656889644432,0.902977920582869,1,2,UC_vs_control_fibroblasts,10,0.961608541613887
MX1/ISG neutrophil,NETosis,full_gene,3,-0.104765127455491,0.0164881623507754,-0.175707964202607,-0.0338222907083743,0.0238852931873273,0.25,3,UC_vs_control_fibroblasts,10,0.246480328862904
MX1/ISG neutrophil,NETosis,identity_markers_removed,3,-0.110275918630998,0.0136355934834477,-0.168945142154308,-0.0516066951076878,0.0149473288289397,0.25,3,UC_vs_control_fibroblasts,10,0.246480328862904
MX1/ISG neutrophil,Degranulation,full_gene,3,-0.0966490408781653,0.0278029245365017,-0.216275370030162,0.0229772882738318,0.073719347658697,0.25,3,UC_vs_control_fibroblasts,10,0.416296824420832
MX1/ISG neutrophil,Degranulation,identity_markers_removed,3,-0.0966490408781653,0.0278029245365017,-0.216275370030162,0.0229772882738318,0.073719347658697,0.25,3,UC_vs_control_fibroblasts,10,0.375138609311883
MX1/ISG neutrophil,Oxidative_burst,full_gene,3,-0.0954563491328539,0.0682099120734037,-0.388939913511455,0.198027215245747,0.296613204486135,0.5,2,UC_vs_control_fibroblasts,10,0.821346141993239
MX1/ISG neutrophil,Oxidative_burst,identity_markers_removed,3,-0.0954563491328539,0.0682099120734037,-0.388939913511455,0.198027215245747,0.296613204486135,0.5,2,UC_vs_control_fibroblasts,10,0.872953346723438
MX1/ISG neutrophil,Phagocytosis,full_gene,3,-0.212736816791422,0.0672541313762228,-0.502107988744256,0.0766343551614121,0.0870857485902585,0.25,3,UC_vs_control_fibroblasts,10,0.416296824420832
MX1/ISG neutrophil,Phagocytosis,identity_markers_removed,3,-0.212736816791422,0.0672541313762228,-0.502107988744256,0.0766343551614121,0.0870857485902585,0.25,3,UC_vs_control_fibroblasts,10,0.375138609311883
MX1/ISG neutrophil,Chemotaxis,full_gene,3,-0.11974920743692,0.0325209213080116,-0.259675438276804,0.0201770234029636,0.0664824805830096,0.25,3,UC_vs_control_fibroblasts,10,0.416296824420832
MX1/ISG neutrophil,Chemotaxis,identity_markers_removed,3,-0.114486046519755,0.035539375106648,-0.267399635835964,0.0384275427964538,0.0843503750983349,0.25,3,UC_vs_control_fibroblasts,10,0.375138609311883
MX1/ISG neutrophil,OSM_inflammation,full_gene,3,-0.00991541582433983,0.0251675274659508,-0.118202546576757,0.0983717149280778,0.73163564832749,0.75,2,UC_vs_control_fibroblasts,10,0.932512896882331
MX1/ISG neutrophil,OSM_inflammation,identity_markers_removed,3,0.0162753897800017,0.0199625549713288,-0.0696165518601597,0.102167331420163,0.500551739199935,0.5,2,UC_vs_control_fibroblasts,10,0.904119157708373
MX1/ISG neutrophil,Type_I_interferon,full_gene,3,-0.0993897736506,0.0881138353751863,-0.47851300795634,0.27973346065514,0.376451931009252,0.5,2,UC_vs_control_fibroblasts,10,0.878387839021588
MX1/ISG neutrophil,Type_I_interferon,identity_markers_removed,3,-0.0787617179084728,0.0773362175270321,-0.411512605359656,0.25398916954271,0.415620171990832,0.5,2,UC_vs_control_fibroblasts,10,0.904119157708373
MX1/ISG neutrophil,Immature_granulopoiesis,full_gene,3,-0.0388815252321255,0.0287935090210271,-0.162769995420513,0.0850069449562625,0.309410219857427,0.5,2,UC_vs_control_fibroblasts,10,0.821346141993239
MX1/ISG neutrophil,Immature_granulopoiesis,identity_markers_removed,3,-0.0388815252321255,0.0287935090210271,-0.162769995420513,0.0850069449562625,0.309410219857427,0.5,2,UC_vs_control_fibroblasts,10,0.872953346723438
MX1/ISG neutrophil,Survival_antiapoptosis,full_gene,3,0.0225718956373599,0.0228192524576105,-0.07561142324022,0.12075521451494,0.426844650848541,0.5,2,UC_vs_control_fibroblasts,10,0.932512896882331
MX1/ISG neutrophil,Survival_antiapoptosis,identity_markers_removed,3,0.0225718956373599,0.0228192524576105,-0.07561142324022,0.12075521451494,0.426844650848541,0.5,2,UC_vs_control_fibroblasts,10,0.904119157708373
MX1/ISG neutrophil,Hypoxia_glycolysis,full_gene,3,-0.124884453641656,0.0427187107748892,-0.30868823116861,0.0589193238852988,0.0997995433170696,0.25,3,UC_vs_control_fibroblasts,10,0.429905725058146
MX1/ISG neutrophil,Hypoxia_glycolysis,identity_markers_removed,3,-0.124884453641656,0.0427187107748892,-0.30868823116861,0.0589193238852988,0.0997995433170696,0.25,3,UC_vs_control_fibroblasts,10,0.399198173268278
MX1/ISG neutrophil,ER_stress,full_gene,3,-0.0662860687490672,0.0109908657827733,-0.113575947411627,-0.0189961900865077,0.0264086066638826,0.25,3,UC_vs_control_fibroblasts,10,0.246480328862904
MX1/ISG neutrophil,ER_stress,identity_markers_removed,3,-0.0662860687490672,0.0109908657827733,-0.113575947411627,-0.0189961900865077,0.0264086066638826,0.25,3,UC_vs_control_fibroblasts,10,0.246480328862904
MX1/ISG neutrophil,Proliferation_stress,full_gene,3,0.0116847317985758,0.0416491379381529,-0.16751704524273,0.190886508839881,0.805412085619423,1,1,UC_vs_control_fibroblasts,10,0.952756509150638
MX1/ISG neutrophil,Proliferation_stress,identity_markers_removed,3,0.0116847317985758,0.0416491379381529,-0.16751704524273,0.190886508839881,0.805412085619423,1,1,UC_vs_control_fibroblasts,10,0.961608541613887
MX1/ISG neutrophil,Integrin_adhesion,full_gene,3,-0.193456577877939,0.0603569303087355,-0.453151488830118,0.0662383330742402,0.085098090824955,0.25,3,UC_vs_control_fibroblasts,10,0.416296824420832
MX1/ISG neutrophil,Integrin_adhesion,identity_markers_removed,3,-0.193456577877939,0.0603569303087355,-0.453151488830118,0.0662383330742402,0.085098090824955,0.25,3,UC_vs_control_fibroblasts,10,0.375138609311883
MX1/ISG neutrophil,CXCR4_aging_retention,full_gene,3,-0.224694908880647,0.0359337811249734,-0.379305490328234,-0.0700843274330608,0.0246341137116799,0.25,3,UC_vs_control_fibroblasts,10,0.246480328862904
MX1/ISG neutrophil,CXCR4_aging_retention,identity_markers_removed,3,-0.238315623885362,0.0362651883289526,-0.394352135443808,-0.0822791123269161,0.0223820956421357,0.25,3,UC_vs_control_fibroblasts,10,0.246480328862904
OSM neutrophil,NETosis,full_gene,4,-0.0264718697297062,0.0209118501127259,-0.0930227098575973,0.0400789703981849,0.294926492558142,0.375,3,UC_vs_control_fibroblasts,10,0.821346141993239
OSM neutrophil,NETosis,identity_markers_removed,4,-0.0253685242745357,0.0240770335864337,-0.101992390853873,0.051255342304802,0.369411623745579,0.375,3,UC_vs_control_fibroblasts,10,0.895965038028975
OSM neutrophil,Degranulation,full_gene,4,-0.019983870480846,0.0123581472506424,-0.059313010538805,0.019345269577113,0.204289224574623,0.25,3,UC_vs_control_fibroblasts,10,0.817156898298492
OSM neutrophil,Degranulation,identity_markers_removed,4,-0.019983870480846,0.0123581472506424,-0.059313010538805,0.019345269577113,0.204289224574623,0.25,3,UC_vs_control_fibroblasts,10,0.762679771745259
OSM neutrophil,Oxidative_burst,full_gene,4,-0.0173496921120772,0.0495437176802671,-0.175019913393662,0.140320529169508,0.749340720709016,0.875,2,UC_vs_control_fibroblasts,10,0.932512896882331
OSM neutrophil,Oxidative_burst,identity_markers_removed,4,-0.0173496921120772,0.0495437176802671,-0.175019913393662,0.140320529169508,0.749340720709016,0.875,2,UC_vs_control_fibroblasts,10,0.953706371811475
OSM neutrophil,Phagocytosis,full_gene,4,-0.0140144071717661,0.0594712207879538,-0.203278374039101,0.175249559695569,0.82887496244254,0.875,2,UC_vs_control_fibroblasts,10,0.952756509150638
OSM neutrophil,Phagocytosis,identity_markers_removed,4,-0.0140144071717661,0.0594712207879538,-0.203278374039101,0.175249559695569,0.82887496244254,0.875,2,UC_vs_control_fibroblasts,10,0.961608541613887
OSM neutrophil,Chemotaxis,full_gene,4,0.0249159422132419,0.0478481389361312,-0.12735819075875,0.177190075185234,0.638547156333229,0.625,2,UC_vs_control_fibroblasts,10,0.932512896882331
OSM neutrophil,Chemotaxis,identity_markers_removed,4,0.0269781675004461,0.0488770290064033,-0.128570352874227,0.182526687875119,0.619431695692353,0.75,2,UC_vs_control_fibroblasts,10,0.921638162396817
OSM neutrophil,OSM_inflammation,full_gene,4,0.0751515765444996,0.0302932343644335,-0.0212550152336854,0.171558168322685,0.0892064623758926,0.25,3,UC_vs_control_fibroblasts,10,0.416296824420832
OSM neutrophil,OSM_inflammation,identity_markers_removed,4,0.096087492465796,0.0280083210579167,0.0069525145978291,0.185222470333763,0.0415175223278674,0.125,4,UC_vs_control_fibroblasts,10,0.332140178622939
OSM neutrophil,Type_I_interferon,full_gene,4,-0.00572928480164783,0.00376107001811503,-0.0176986881847113,0.00624011858141568,0.225062013961015,0.25,3,UC_vs_control_fibroblasts,10,0.821346141993239
OSM neutrophil,Type_I_interferon,identity_markers_removed,4,-0.0104358270411244,0.00398169891158798,-0.0231073700310597,0.00223571594881094,0.0789369970031799,0.125,4,UC_vs_control_fibroblasts,10,0.375138609311883
OSM neutrophil,Immature_granulopoiesis,full_gene,4,0.0194065410650621,0.00406105671285064,0.006482446133703,0.0323306359964212,0.017417648340077,0.125,4,UC_vs_control_fibroblasts,10,0.246480328862904
OSM neutrophil,Immature_granulopoiesis,identity_markers_removed,4,0.0194065410650621,0.00406105671285064,0.006482446133703,0.0323306359964212,0.017417648340077,0.125,4,UC_vs_control_fibroblasts,10,0.246480328862904
OSM neutrophil,Survival_antiapoptosis,full_gene,4,-0.0140725062248787,0.0238584565472982,-0.0900007631135996,0.0618557506638423,0.596780846787686,0.625,2,UC_vs_control_fibroblasts,10,0.932512896882331
OSM neutrophil,Survival_antiapoptosis,identity_markers_removed,4,-0.0140725062248787,0.0238584565472982,-0.0900007631135996,0.0618557506638423,0.596780846787686,0.625,2,UC_vs_control_fibroblasts,10,0.921638162396817
OSM neutrophil,Hypoxia_glycolysis,full_gene,4,0.00275999217241551,0.0429058314143938,-0.133785512487448,0.139305496832279,0.952756509150638,1,2,UC_vs_control_fibroblasts,10,0.952756509150638
OSM neutrophil,Hypoxia_glycolysis,identity_markers_removed,4,0.00275999217241551,0.0429058314143938,-0.133785512487448,0.139305496832279,0.952756509150638,1,2,UC_vs_control_fibroblasts,10,0.961608541613887
OSM neutrophil,ER_stress,full_gene,4,0.00752464118090153,0.0506487367805122,-0.153662244053527,0.16871152641533,0.89132106543384,0.875,2,UC_vs_control_fibroblasts,10,0.952756509150638
OSM neutrophil,ER_stress,identity_markers_removed,4,0.00752464118090153,0.0506487367805122,-0.153662244053527,0.16871152641533,0.89132106543384,0.875,2,UC_vs_control_fibroblasts,10,0.961608541613887
OSM neutrophil,Proliferation_stress,full_gene,4,0.0352746135501204,0.00797912204974569,0.00988148606349942,0.0606677410367413,0.0214893788497296,0.125,4,UC_vs_control_fibroblasts,10,0.246480328862904
OSM neutrophil,Proliferation_stress,identity_markers_removed,4,0.0352746135501204,0.00797912204974569,0.00988148606349942,0.0606677410367413,0.0214893788497296,0.125,4,UC_vs_control_fibroblasts,10,0.246480328862904
OSM neutrophil,Integrin_adhesion,full_gene,4,-0.0387427146624718,0.0286553407188066,-0.129936797859684,0.0524513685347401,0.269264044648152,0.5,2,UC_vs_control_fibroblasts,10,0.821346141993239
OSM neutrophil,Integrin_adhesion,identity_markers_removed,4,-0.0387427146624718,0.0286553407188066,-0.129936797859684,0.0524513685347401,0.269264044648152,0.5,2,UC_vs_control_fibroblasts,10,0.872953346723438
OSM neutrophil,CXCR4_aging_retention,full_gene,4,-0.0320992255994908,0.0512816464177249,-0.195300311770445,0.131101860571463,0.575741430298414,0.625,2,UC_vs_control_fibroblasts,10,0.932512896882331
OSM neutrophil,CXCR4_aging_retention,identity_markers_removed,4,-0.0406151437599519,0.0527681967210338,-0.20854709645129,0.127316808931386,0.497535532121551,0.5,2,UC_vs_control_fibroblasts,10,0.904119157708373
PADI4 neutrophil,NETosis,full_gene,3,-0.210706734333217,0.0452833917333088,-0.405545443386853,-0.0158680252795822,0.0432152000600161,0.25,3,UC_vs_control_fibroblasts,10,0.345721600480129
PADI4 neutrophil,NETosis,identity_markers_removed,3,-0.224663060014849,0.0580859390781388,-0.474586684349464,0.0252605643197661,0.0608125806874657,0.25,3,UC_vs_control_fibroblasts,10,0.375138609311883
PADI4 neutrophil,Degranulation,full_gene,3,0.0676598738636182,0.0866487315493188,-0.305159527466387,0.440479275193623,0.516639518690499,0.5,2,UC_vs_control_fibroblasts,10,0.932512896882331
PADI4 neutrophil,Degranulation,identity_markers_removed,3,0.0676598738636182,0.0866487315493188,-0.305159527466387,0.440479275193623,0.516639518690499,0.5,2,UC_vs_control_fibroblasts,10,0.904119157708373
PADI4 neutrophil,Oxidative_burst,full_gene,3,-0.0477033223847699,0.140998078322496,-0.654369088968484,0.558962444198945,0.767332762610989,1,2,UC_vs_control_fibroblasts,10,0.934144232743813
PADI4 neutrophil,Oxidative_burst,identity_markers_removed,3,-0.0477033223847699,0.140998078322496,-0.654369088968484,0.558962444198945,0.767332762610989,1,2,UC_vs_control_fibroblasts,10,0.954902993471453
PADI4 neutrophil,Phagocytosis,full_gene,3,-0.0585980635905659,0.152809638290709,-0.716084870914111,0.598888743732979,0.738295350984452,0.75,2,UC_vs_control_fibroblasts,10,0.932512896882331
PADI4 neutrophil,Phagocytosis,identity_markers_removed,3,-0.0585980635905659,0.152809638290709,-0.716084870914111,0.598888743732979,0.738295350984452,0.75,2,UC_vs_control_fibroblasts,10,0.953706371811475
PADI4 neutrophil,Chemotaxis,full_gene,3,-0.0471201672500561,0.0509079279360683,-0.266159302350069,0.171918967849957,0.452370316765748,0.5,2,UC_vs_control_fibroblasts,10,0.932512896882331
PADI4 neutrophil,Chemotaxis,identity_markers_removed,3,-0.0398955382550666,0.0467914857439736,-0.241223052120408,0.161431975610274,0.483681705393839,0.75,2,UC_vs_control_fibroblasts,10,0.904119157708373
PADI4 neutrophil,OSM_inflammation,full_gene,3,-0.0124909649571271,0.0338047445811685,-0.157941041507775,0.132959111593521,0.747207864005767,0.75,2,UC_vs_control_fibroblasts,10,0.932512896882331
PADI4 neutrophil,OSM_inflammation,identity_markers_removed,3,0.0179332343879684,0.0244757980505299,-0.0873776249069407,0.123244093682877,0.539981426423336,0.75,2,UC_vs_control_fibroblasts,10,0.916332117566873
PADI4 neutrophil,Type_I_interferon,full_gene,3,-0.02206996319027,0.0476305760425533,-0.227007791219301,0.182867864838761,0.688643206473124,0.75,2,UC_vs_control_fibroblasts,10,0.932512896882331
PADI4 neutrophil,Type_I_interferon,identity_markers_removed,3,-0.0425805845088167,0.0334993259715967,-0.186716550845274,0.101555381827641,0.331530639832048,0.5,2,UC_vs_control_fibroblasts,10,0.884081706218795
PADI4 neutrophil,Immature_granulopoiesis,full_gene,3,0.0084005748493429,0.117531082064211,-0.497294856224644,0.51409600592333,0.949523723836173,1,2,UC_vs_control_fibroblasts,10,0.952756509150638
PADI4 neutrophil,Immature_granulopoiesis,identity_markers_removed,3,0.0084005748493429,0.117531082064211,-0.497294856224644,0.51409600592333,0.949523723836173,1,2,UC_vs_control_fibroblasts,10,0.961608541613887
PADI4 neutrophil,Survival_antiapoptosis,full_gene,3,-0.0275384836841392,0.020526894879751,-0.11585858397178,0.0607816166035017,0.311769052401228,0.5,2,UC_vs_control_fibroblasts,10,0.821346141993239
PADI4 neutrophil,Survival_antiapoptosis,identity_markers_removed,3,-0.0275384836841392,0.020526894879751,-0.11585858397178,0.0607816166035017,0.311769052401228,0.5,2,UC_vs_control_fibroblasts,10,0.872953346723438
PADI4 neutrophil,Hypoxia_glycolysis,full_gene,3,-0.0750343217680261,0.0875307037934694,-0.451648543381889,0.301579899845837,0.481638504997554,0.5,2,UC_vs_control_fibroblasts,10,0.932512896882331
PADI4 neutrophil,Hypoxia_glycolysis,identity_markers_removed,3,-0.0750343217680261,0.0875307037934694,-0.451648543381889,0.301579899845837,0.481638504997554,0.5,2,UC_vs_control_fibroblasts,10,0.904119157708373
PADI4 neutrophil,ER_stress,full_gene,3,-0.0618308303301097,0.10360731432766,-0.507617124144026,0.383955463483807,0.611211447934768,1,1,UC_vs_control_fibroblasts,10,0.932512896882331
PADI4 neutrophil,ER_stress,identity_markers_removed,3,-0.0618308303301097,0.10360731432766,-0.507617124144026,0.383955463483807,0.611211447934768,1,1,UC_vs_control_fibroblasts,10,0.921638162396817
PADI4 neutrophil,Proliferation_stress,full_gene,3,0.456021314004121,0.378156298891784,-1.17105391769457,2.08309654570281,0.351157433483637,0.5,2,UC_vs_control_fibroblasts,10,0.85499201196016
PADI4 neutrophil,Proliferation_stress,identity_markers_removed,3,0.456021314004121,0.378156298891784,-1.17105391769457,2.08309654570281,0.351157433483637,0.5,2,UC_vs_control_fibroblasts,10,0.893855285231076
PADI4 neutrophil,Integrin_adhesion,full_gene,3,0.045852310193936,0.0845238114235311,-0.317824297756349,0.409528918144221,0.641855148812069,1,1,UC_vs_control_fibroblasts,10,0.932512896882331
PADI4 neutrophil,Integrin_adhesion,identity_markers_removed,3,0.045852310193936,0.0845238114235311,-0.317824297756349,0.409528918144221,0.641855148812069,1,1,UC_vs_control_fibroblasts,10,0.921638162396817
PADI4 neutrophil,CXCR4_aging_retention,full_gene,3,-0.126558958366624,0.0972004211261155,-0.544778615657702,0.291660698924454,0.322671698640201,0.5,2,UC_vs_control_fibroblasts,10,0.821346141993239
PADI4 neutrophil,CXCR4_aging_retention,identity_markers_removed,3,-0.132332235996952,0.0916705617791875,-0.52675882887384,0.262094356879936,0.285668872002326,0.5,2,UC_vs_control_fibroblasts,10,0.872953346723438
CXCR4 neutrophil,NETosis,full_gene,5,0.124016363520559,0.049918712232317,-0.0145802007146351,0.262612927755752,0.06789273947481,0.0625,5,UC_vs_alone,10,0.118078960120077
CXCR4 neutrophil,NETosis,identity_markers_removed,5,0.109300772308027,0.0478173749848356,-0.0234615444120271,0.242063089028082,0.0842464186379279,0.0625,5,UC_vs_alone,10,0.126369627956892
CXCR4 neutrophil,Degranulation,full_gene,5,-0.0323313063270744,0.0558036985671166,-0.187267212065678,0.12260459941153,0.593399431149332,0.5625,4,UC_vs_alone,10,0.655862529165051
CXCR4 neutrophil,Degranulation,identity_markers_removed,5,-0.0323313063270744,0.0558036985671166,-0.187267212065678,0.12260459941153,0.593399431149332,0.5625,4,UC_vs_alone,10,0.655862529165051
CXCR4 neutrophil,Oxidative_burst,full_gene,5,0.113743476961152,0.0856297330247469,-0.124002776154801,0.351489730077104,0.254792741306952,0.25,4,UC_vs_alone,10,0.324281670754303
CXCR4 neutrophil,Oxidative_burst,identity_markers_removed,5,0.113743476961152,0.0856297330247469,-0.124002776154801,0.351489730077104,0.254792741306952,0.25,4,UC_vs_alone,10,0.324281670754303
CXCR4 neutrophil,Phagocytosis,full_gene,5,0.236561485424579,0.0523256848387544,0.0912820938778967,0.381840876971261,0.0106506485052463,0.0625,5,UC_vs_alone,10,0.0298218158146896
CXCR4 neutrophil,Phagocytosis,identity_markers_removed,5,0.236561485424579,0.0523256848387544,0.0912820938778967,0.381840876971261,0.0106506485052463,0.0625,5,UC_vs_alone,10,0.0298218158146896
CXCR4 neutrophil,Chemotaxis,full_gene,5,0.131496675392057,0.0538516858376422,-0.0180195741585142,0.281012924942628,0.0710680474334689,0.125,4,UC_vs_alone,10,0.118078960120077
CXCR4 neutrophil,Chemotaxis,identity_markers_removed,5,0.148147598974472,0.053695408630697,-0.000934755489821998,0.297229953438766,0.0508999076279781,0.0625,5,UC_vs_alone,10,0.101799815255956
CXCR4 neutrophil,OSM_inflammation,full_gene,5,0.218400660778104,0.0379238447738579,0.113107187585445,0.323694133970763,0.00450988450185809,0.0625,5,UC_vs_alone,10,0.0157845957565033
CXCR4 neutrophil,OSM_inflammation,identity_markers_removed,5,0.206781129627905,0.0321783491788633,0.117439709556904,0.296122549698905,0.0030151676719176,0.0625,5,UC_vs_alone,10,0.0115124583836854
CXCR4 neutrophil,Type_I_interferon,full_gene,5,-0.0389152108482229,0.0208335176282432,-0.0967583288912106,0.0189279071947649,0.135156924145007,0.1875,4,UC_vs_alone,10,0.18921969380301
CXCR4 neutrophil,Type_I_interferon,identity_markers_removed,5,-0.041455925437539,0.0240295696069399,-0.108172706352737,0.025260855477659,0.159575201298177,0.1875,4,UC_vs_alone,10,0.216198659823337
CXCR4 neutrophil,Immature_granulopoiesis,full_gene,5,-0.142392420007647,0.0563522208439755,-0.298851267736928,0.0140664277216336,0.0648832223868062,0.125,4,UC_vs_alone,10,0.118078960120077
CXCR4 neutrophil,Immature_granulopoiesis,identity_markers_removed,5,-0.142392420007647,0.0563522208439755,-0.298851267736928,0.0140664277216336,0.0648832223868062,0.125,4,UC_vs_alone,10,0.118482406097646
CXCR4 neutrophil,Survival_antiapoptosis,full_gene,5,0.254461070321012,0.0560182855358821,0.0989293756433397,0.409992764998684,0.0104774483265171,0.0625,5,UC_vs_alone,10,0.0298218158146896
CXCR4 neutrophil,Survival_antiapoptosis,identity_markers_removed,5,0.254461070321012,0.0560182855358821,0.0989293756433397,0.409992764998684,0.0104774483265171,0.0625,5,UC_vs_alone,10,0.0298218158146896
CXCR4 neutrophil,Hypoxia_glycolysis,full_gene,5,0.0666346255258016,0.0346168371362618,-0.0294771224986016,0.162746373550205,0.126552895953587,0.0625,5,UC_vs_alone,10,0.183283504484505
CXCR4 neutrophil,Hypoxia_glycolysis,identity_markers_removed,5,0.0666346255258016,0.0346168371362618,-0.0294771224986016,0.162746373550205,0.126552895953587,0.0625,5,UC_vs_alone,10,0.177174054335022
CXCR4 neutrophil,ER_stress,full_gene,5,0.170113391962541,0.0498367816751896,0.0317443034216497,0.308482480503432,0.0269427796739959,0.0625,5,UC_vs_alone,10,0.0707247966442392
CXCR4 neutrophil,ER_stress,identity_markers_removed,5,0.170113391962541,0.0498367816751896,0.0317443034216497,0.308482480503432,0.0269427796739959,0.0625,5,UC_vs_alone,10,0.0700944814471546
CXCR4 neutrophil,Proliferation_stress,full_gene,5,0.0653652414036913,0.0715907065864757,-0.133402425475981,0.264132908283363,0.412874957366054,0.5,3,UC_vs_alone,10,0.495449948839265
CXCR4 neutrophil,Proliferation_stress,identity_markers_removed,5,0.0653652414036913,0.0715907065864757,-0.133402425475981,0.264132908283363,0.412874957366054,0.5,3,UC_vs_alone,10,0.495449948839265
CXCR4 neutrophil,Integrin_adhesion,full_gene,5,0.129045528934198,0.0525354124660441,-0.0168161598566972,0.274907217725093,0.0699652793532697,0.125,4,UC_vs_alone,10,0.118078960120077
CXCR4 neutrophil,Integrin_adhesion,identity_markers_removed,5,0.129045528934198,0.0525354124660441,-0.0168161598566972,0.274907217725093,0.0699652793532697,0.125,4,UC_vs_alone,10,0.122439238868222
CXCR4 neutrophil,CXCR4_aging_retention,full_gene,5,0.250291464402703,0.102487188478975,-0.0342585883952313,0.534841517200638,0.0710417798250741,0.0625,5,UC_vs_alone,10,0.118078960120077
CXCR4 neutrophil,CXCR4_aging_retention,identity_markers_removed,5,0.297361715220214,0.0989003169138517,0.02277041442224,0.571953016018188,0.0396798304017825,0.0625,5,UC_vs_alone,10,0.0877133093092034
MX1/ISG neutrophil,NETosis,full_gene,1,-0.145267571397066,,,,,,,UC_vs_alone,10,
MX1/ISG neutrophil,NETosis,identity_markers_removed,1,-0.11691312282592,,,,,,,UC_vs_alone,10,
MX1/ISG neutrophil,Degranulation,full_gene,1,-0.33438510313565,,,,,,,UC_vs_alone,10,
MX1/ISG neutrophil,Degranulation,identity_markers_removed,1,-0.33438510313565,,,,,,,UC_vs_alone,10,
MX1/ISG neutrophil,Oxidative_burst,full_gene,1,-0.0968852986752081,,,,,,,UC_vs_alone,10,
MX1/ISG neutrophil,Oxidative_burst,identity_markers_removed,1,-0.0968852986752081,,,,,,,UC_vs_alone,10,
MX1/ISG neutrophil,Phagocytosis,full_gene,1,-0.269204027097134,,,,,,,UC_vs_alone,10,
MX1/ISG neutrophil,Phagocytosis,identity_markers_removed,1,-0.269204027097134,,,,,,,UC_vs_alone,10,
MX1/ISG neutrophil,Chemotaxis,full_gene,1,-0.129959066835236,,,,,,,UC_vs_alone,10,
MX1/ISG neutrophil,Chemotaxis,identity_markers_removed,1,-0.0846468410450635,,,,,,,UC_vs_alone,10,
MX1/ISG neutrophil,OSM_inflammation,full_gene,1,0.260779496779923,,,,,,,UC_vs_alone,10,
MX1/ISG neutrophil,OSM_inflammation,identity_markers_removed,1,0.255857414377008,,,,,,,UC_vs_alone,10,
MX1/ISG neutrophil,Type_I_interferon,full_gene,1,-0.262040252223667,,,,,,,UC_vs_alone,10,
MX1/ISG neutrophil,Type_I_interferon,identity_markers_removed,1,-0.285862093334909,,,,,,,UC_vs_alone,10,
MX1/ISG neutrophil,Immature_granulopoiesis,full_gene,1,-0.260463229061497,,,,,,,UC_vs_alone,10,
MX1/ISG neutrophil,Immature_granulopoiesis,identity_markers_removed,1,-0.260463229061497,,,,,,,UC_vs_alone,10,
MX1/ISG neutrophil,Survival_antiapoptosis,full_gene,1,-0.101016288975026,,,,,,,UC_vs_alone,10,
MX1/ISG neutrophil,Survival_antiapoptosis,identity_markers_removed,1,-0.101016288975026,,,,,,,UC_vs_alone,10,
MX1/ISG neutrophil,Hypoxia_glycolysis,full_gene,1,-0.184551508637133,,,,,,,UC_vs_alone,10,
MX1/ISG neutrophil,Hypoxia_glycolysis,identity_markers_removed,1,-0.184551508637133,,,,,,,UC_vs_alone,10,
MX1/ISG neutrophil,ER_stress,full_gene,1,0.0325434241509995,,,,,,,UC_vs_alone,10,
MX1/ISG neutrophil,ER_stress,identity_markers_removed,1,0.0325434241509995,,,,,,,UC_vs_alone,10,
MX1/ISG neutrophil,Proliferation_stress,full_gene,1,-0.00656082821297479,,,,,,,UC_vs_alone,10,
MX1/ISG neutrophil,Proliferation_stress,identity_markers_removed,1,-0.00656082821297479,,,,,,,UC_vs_alone,10,
MX1/ISG neutrophil,Integrin_adhesion,full_gene,1,-0.177051138964806,,,,,,,UC_vs_alone,10,
MX1/ISG neutrophil,Integrin_adhesion,identity_markers_removed,1,-0.177051138964806,,,,,,,UC_vs_alone,10,
MX1/ISG neutrophil,CXCR4_aging_retention,full_gene,1,-0.298243678915061,,,,,,,UC_vs_alone,10,
MX1/ISG neutrophil,CXCR4_aging_retention,identity_markers_removed,1,-0.268463485224784,,,,,,,UC_vs_alone,10,
OSM neutrophil,NETosis,full_gene,6,0.146235516066075,0.0186053379316711,0.0984089723330457,0.194062059799104,0.000535438121913497,0.03125,6,UC_vs_alone,10,0.00249871123559632
OSM neutrophil,NETosis,identity_markers_removed,6,0.154313826703673,0.021067076043999,0.100159183695,0.208468469712346,0.000743470716368394,0.03125,6,UC_vs_alone,10,0.00346953000971917
OSM neutrophil,Degranulation,full_gene,6,0.064369846684127,0.0247314636004753,0.000795595584044517,0.12794409778421,0.0480892087576503,0.09375,5,UC_vs_alone,10,0.112208153767851
OSM neutrophil,Degranulation,identity_markers_removed,6,0.064369846684127,0.0247314636004753,0.000795595584044517,0.12794409778421,0.0480892087576503,0.09375,5,UC_vs_alone,10,0.100987338391066
OSM neutrophil,Oxidative_burst,full_gene,6,0.33757189516331,0.0406439664224229,0.233093253349618,0.442050536977003,0.00041329375499968,0.03125,6,UC_vs_alone,10,0.00216979221374832
OSM neutrophil,Oxidative_burst,identity_markers_removed,6,0.33757189516331,0.0406439664224229,0.233093253349618,0.442050536977003,0.00041329375499968,0.03125,6,UC_vs_alone,10,0.00216979221374832
OSM neutrophil,Phagocytosis,full_gene,6,0.493339249324686,0.0296396873901956,0.41714800730551,0.569530491343861,1.42985744457503e-05,0.03125,6,UC_vs_alone,10,0.000200180042240504
OSM neutrophil,Phagocytosis,identity_markers_removed,6,0.493339249324686,0.0296396873901956,0.41714800730551,0.569530491343861,1.42985744457503e-05,0.03125,6,UC_vs_alone,10,0.000200180042240504
OSM neutrophil,Chemotaxis,full_gene,6,0.531352767972214,0.0461499004377187,0.41272067219059,0.649984863753838,8.66497182334783e-05,0.03125,6,UC_vs_alone,10,0.00051989830940087
OSM neutrophil,Chemotaxis,identity_markers_removed,6,0.529331146438882,0.0532200863118608,0.392524559274616,0.666137733603148,0.000175436976876294,0.03125,6,UC_vs_alone,10,0.00105262186125776
OSM neutrophil,OSM_inflammation,full_gene,6,0.602957918210214,0.0209620033034849,0.549073373279727,0.656842463140701,9.51536039890814e-07,0.03125,6,UC_vs_alone,10,1.99822568377071e-05
OSM neutrophil,OSM_inflammation,identity_markers_removed,6,0.622556544285725,0.0212517115125804,0.567927280695302,0.677185807876147,8.6890523847807e-07,0.03125,6,UC_vs_alone,10,1.82470100080395e-05
OSM neutrophil,Type_I_interferon,full_gene,6,0.0269252310781507,0.0106176793721461,-0.000368382652498358,0.0542188448087998,0.0521544605639049,0.0625,5,UC_vs_alone,10,0.115288807562316
OSM neutrophil,Type_I_interferon,identity_markers_removed,6,0.0313495633806569,0.014404888516345,-0.00567938138382577,0.0683785081451395,0.0814910414430138,0.09375,5,UC_vs_alone,10,0.126369627956892
OSM neutrophil,Immature_granulopoiesis,full_gene,6,0.0174685512107071,0.0167529881564847,-0.0255963758369828,0.060533478258397,0.344850061383878,0.375,5,UC_vs_alone,10,0.425991252297732
OSM neutrophil,Immature_granulopoiesis,identity_markers_removed,6,0.0174685512107071,0.0167529881564847,-0.0255963758369828,0.060533478258397,0.344850061383878,0.375,5,UC_vs_alone,10,0.425991252297732
OSM neutrophil,Survival_antiapoptosis,full_gene,6,0.332964030397186,0.0213465652896245,0.278090937410453,0.38783712338392,1.96797561522469e-05,0.03125,6,UC_vs_alone,10,0.000206637439598592
OSM neutrophil,Survival_antiapoptosis,identity_markers_removed,6,0.332964030397186,0.0213465652896245,0.278090937410453,0.38783712338392,1.96797561522469e-05,0.03125,6,UC_vs_alone,10,0.000206637439598592
OSM neutrophil,Hypoxia_glycolysis,full_gene,6,0.175001671624608,0.00540732705996149,0.161101694904927,0.18890164834429,5.29143899356906e-07,0.03125,6,UC_vs_alone,10,1.99822568377071e-05
OSM neutrophil,Hypoxia_glycolysis,identity_markers_removed,6,0.175001671624608,0.00540732705996149,0.161101694904927,0.18890164834429,5.29143899356906e-07,0.03125,6,UC_vs_alone,10,1.82470100080395e-05
OSM neutrophil,ER_stress,full_gene,6,0.376734960183176,0.0279228166597042,0.304957074877937,0.448512845488415,4.00582805355689e-05,0.03125,6,UC_vs_alone,10,0.000336489556498779
OSM neutrophil,ER_stress,identity_markers_removed,6,0.376734960183176,0.0279228166597042,0.304957074877937,0.448512845488415,4.00582805355689e-05,0.03125,6,UC_vs_alone,10,0.000336489556498779
OSM neutrophil,Proliferation_stress,full_gene,6,0.0653486257005535,0.0133134360912353,0.0311253487145192,0.0995719026865879,0.00444167314760797,0.03125,6,UC_vs_alone,10,0.0157845957565033
OSM neutrophil,Proliferation_stress,identity_markers_removed,6,0.0653486257005535,0.0133134360912353,0.0311253487145192,0.0995719026865879,0.00444167314760797,0.03125,6,UC_vs_alone,10,0.0155458560166279
OSM neutrophil,Integrin_adhesion,full_gene,6,0.188473112442978,0.0313273885619544,0.107943496447697,0.269002728438258,0.0018239339291271,0.03125,6,UC_vs_alone,10,0.00766052250233382
OSM neutrophil,Integrin_adhesion,identity_markers_removed,6,0.188473112442978,0.0313273885619544,0.107943496447697,0.269002728438258,0.0018239339291271,0.03125,6,UC_vs_alone,10,0.00766052250233382
OSM neutrophil,CXCR4_aging_retention,full_gene,6,0.473767129325884,0.0370351641940806,0.378565208968772,0.568969049682996,5.19431643719783e-05,0.03125,6,UC_vs_alone,10,0.000363602150603848
OSM neutrophil,CXCR4_aging_retention,identity_markers_removed,6,0.459419731449955,0.042241501556954,0.350834494837646,0.568004968062264,0.000114129564758115,0.03125,6,UC_vs_alone,10,0.000798906953306805
PADI4 neutrophil,NETosis,full_gene,3,-0.492515811680692,0.173927101737239,-1.24086373074784,0.255832107386454,0.105363766859694,0.25,3,UC_vs_alone,10,0.158045650289541
PADI4 neutrophil,NETosis,identity_markers_removed,3,-0.679650512955505,0.167018709121933,-1.39827401767822,0.0389729917672119,0.0554169645061887,0.25,3,UC_vs_alone,10,0.105796023148178
PADI4 neutrophil,Degranulation,full_gene,3,-0.928752954636647,0.0869035000333598,-1.30266853627997,-0.554837372993329,0.00864203026643603,0.25,3,UC_vs_alone,10,0.0279204054761779
PADI4 neutrophil,Degranulation,identity_markers_removed,3,-0.928752954636647,0.0869035000333598,-1.30266853627997,-0.554837372993329,0.00864203026643603,0.25,3,UC_vs_alone,10,0.0279204054761779
PADI4 neutrophil,Oxidative_burst,full_gene,3,-0.656847242573562,0.192083717303729,-1.48331677317087,0.16962228802375,0.0759079029343355,0.25,3,UC_vs_alone,10,0.118078960120077
PADI4 neutrophil,Oxidative_burst,identity_markers_removed,3,-0.656847242573562,0.192083717303729,-1.48331677317087,0.16962228802375,0.0759079029343355,0.25,3,UC_vs_alone,10,0.122620458586234
PADI4 neutrophil,Phagocytosis,full_gene,3,0.195511398212411,0.0392017932663187,0.0268396954040106,0.364183101020811,0.037931129738274,0.25,3,UC_vs_alone,10,0.0937122028827946
PADI4 neutrophil,Phagocytosis,identity_markers_removed,3,0.195511398212411,0.0392017932663187,0.0268396954040106,0.364183101020811,0.037931129738274,0.25,3,UC_vs_alone,10,0.0877133093092034
PADI4 neutrophil,Chemotaxis,full_gene,3,0.120777008797016,0.0541956477576859,-0.112408042968131,0.353962060562163,0.155661952512642,0.25,3,UC_vs_alone,10,0.210896838888096
PADI4 neutrophil,Chemotaxis,identity_markers_removed,3,0.159510733397754,0.0525523761801846,-0.0666038914287384,0.385625358224246,0.0935599361126585,0.25,3,UC_vs_alone,10,0.135500597128678
PADI4 neutrophil,OSM_inflammation,full_gene,3,0.204951074194199,0.112639230805271,-0.279696419706981,0.689598568095378,0.210441598602338,0.25,3,UC_vs_alone,10,0.276204598165569
PADI4 neutrophil,OSM_inflammation,identity_markers_removed,3,0.216398667677801,0.130342568371936,-0.344420139930264,0.777217475285866,0.238743957655226,0.25,3,UC_vs_alone,10,0.313351444422484
PADI4 neutrophil,Type_I_interferon,full_gene,3,-0.00943324313946821,0.0430850851144753,-0.194813402218753,0.175946915939817,0.84700550353236,1,1,UC_vs_alone,10,0.84700550353236
PADI4 neutrophil,Type_I_interferon,identity_markers_removed,3,-0.0205316575281586,0.0699232384040429,-0.321387070120236,0.280323755063919,0.796706970098954,1,1,UC_vs_alone,10,0.816138847418441
PADI4 neutrophil,Immature_granulopoiesis,full_gene,3,-1.34719032274953,0.389526696650029,-3.02318842740107,0.328807781902011,0.074393011377228,0.25,3,UC_vs_alone,10,0.118078960120077
PADI4 neutrophil,Immature_granulopoiesis,identity_markers_removed,3,-1.34719032274953,0.389526696650029,-3.02318842740107,0.328807781902011,0.074393011377228,0.25,3,UC_vs_alone,10,0.122620458586234
PADI4 neutrophil,Survival_antiapoptosis,full_gene,3,0.09057638418912,0.103887649679786,-0.356416095292869,0.537568863671109,0.475211477117041,0.5,2,UC_vs_alone,10,0.53942924429502
PADI4 neutrophil,Survival_antiapoptosis,identity_markers_removed,3,0.09057638418912,0.103887649679786,-0.356416095292869,0.537568863671109,0.475211477117041,0.5,2,UC_vs_alone,10,0.53942924429502
PADI4 neutrophil,Hypoxia_glycolysis,full_gene,3,-0.150273612910983,0.154719294770831,-0.815977008901611,0.515429783079644,0.433869292387245,0.5,2,UC_vs_alone,10,0.506180841118453
PADI4 neutrophil,Hypoxia_glycolysis,identity_markers_removed,3,-0.150273612910983,0.154719294770831,-0.815977008901611,0.515429783079644,0.433869292387245,0.5,2,UC_vs_alone,10,0.506180841118453
PADI4 neutrophil,ER_stress,full_gene,3,0.0809434224159312,0.221415087197086,-0.871728806920326,1.03361565175219,0.749727347094276,1,1,UC_vs_alone,10,0.78721371444899
PADI4 neutrophil,ER_stress,identity_markers_removed,3,0.0809434224159312,0.221415087197086,-0.871728806920326,1.03361565175219,0.749727347094276,1,1,UC_vs_alone,10,0.78721371444899
PADI4 neutrophil,Proliferation_stress,full_gene,3,0.0522427976631369,0.207221515249547,-0.839359420588147,0.943845015914421,0.824497607382247,0.75,2,UC_vs_alone,10,0.844607305123278
PADI4 neutrophil,Proliferation_stress,identity_markers_removed,3,0.0522427976631369,0.207221515249547,-0.839359420588147,0.943845015914421,0.824497607382247,0.75,2,UC_vs_alone,10,0.824497607382247
PADI4 neutrophil,Integrin_adhesion,full_gene,3,0.0829740971189086,0.154113856028179,-0.580124306212952,0.74607250045077,0.644208527899266,0.75,2,UC_vs_alone,10,0.693763030045363
PADI4 neutrophil,Integrin_adhesion,identity_markers_removed,3,0.0829740971189086,0.154113856028179,-0.580124306212952,0.74607250045077,0.644208527899266,0.75,2,UC_vs_alone,10,0.693763030045363
PADI4 neutrophil,CXCR4_aging_retention,full_gene,3,0.0921513277213639,0.0246998447067602,-0.0141235265305659,0.198426181973294,0.0649247807212265,0.25,3,UC_vs_alone,10,0.118078960120077
PADI4 neutrophil,CXCR4_aging_retention,identity_markers_removed,3,0.140653405947266,0.0242096944615468,0.0364874979858917,0.244819313908641,0.0283715758238483,0.25,3,UC_vs_alone,10,0.0700944814471546
CXCR4 neutrophil,NETosis,full_gene,4,0.111752024704136,0.0455082273636189,-0.0330754653292238,0.256579514737496,0.0912200891235965,0.125,4,control_fibroblasts_vs_alone,10,0.154890457543033
CXCR4 neutrophil,NETosis,identity_markers_removed,4,0.100175121767045,0.0471565789202225,-0.0498981585874368,0.250248402121527,0.123676197695318,0.25,3,control_fibroblasts_vs_alone,10,0.185514296542977
CXCR4 neutrophil,Degranulation,full_gene,4,-0.0561156458531318,0.0278998756924324,-0.144905502168388,0.0326742104621244,0.137807067112206,0.125,4,control_fibroblasts_vs_alone,10,0.214366548841209
CXCR4 neutrophil,Degranulation,identity_markers_removed,4,-0.0561156458531318,0.0278998756924324,-0.144905502168388,0.0326742104621244,0.137807067112206,0.125,4,control_fibroblasts_vs_alone,10,0.199582648921126
CXCR4 neutrophil,Oxidative_burst,full_gene,4,0.0756989632256703,0.085174285197548,-0.195363626006447,0.346761552457788,0.439603968159116,0.375,3,control_fibroblasts_vs_alone,10,0.527524761790939
CXCR4 neutrophil,Oxidative_burst,identity_markers_removed,4,0.0756989632256703,0.085174285197548,-0.195363626006447,0.346761552457788,0.439603968159116,0.375,3,control_fibroblasts_vs_alone,10,0.534462992695432
CXCR4 neutrophil,Phagocytosis,full_gene,4,0.270312803530492,0.0382211356873514,0.148676091478534,0.391949515582451,0.00581265616037544,0.125,4,control_fibroblasts_vs_alone,10,0.026201767640775
CXCR4 neutrophil,Phagocytosis,identity_markers_removed,4,0.270312803530492,0.0382211356873514,0.148676091478534,0.391949515582451,0.00581265616037544,0.125,4,control_fibroblasts_vs_alone,10,0.027388672754555
CXCR4 neutrophil,Chemotaxis,full_gene,4,0.0882082184027162,0.0672514772473527,-0.125815996887993,0.302232433693425,0.280995627611478,0.25,3,control_fibroblasts_vs_alone,10,0.380703753538131
CXCR4 neutrophil,Chemotaxis,identity_markers_removed,4,0.134073161603582,0.0696724385600525,-0.0876556330719636,0.355801956279127,0.149997636022811,0.125,4,control_fibroblasts_vs_alone,10,0.209996690431935
CXCR4 neutrophil,OSM_inflammation,full_gene,4,0.227202473171094,0.0400975716549588,0.0995941044069215,0.354810841935266,0.0108871189430071,0.125,4,control_fibroblasts_vs_alone,10,0.0326613568290213
CXCR4 neutrophil,OSM_inflammation,identity_markers_removed,4,0.207781530566669,0.0379342442046738,0.0870578352537753,0.328505225879563,0.0119657724006,0.125,4,control_fibroblasts_vs_alone,10,0.0386586492942462
CXCR4 neutrophil,Type_I_interferon,full_gene,4,-0.0310788079952362,0.0321962932485818,-0.133541782488016,0.0713841664975438,0.40560453876787,0.5,2,control_fibroblasts_vs_alone,10,0.501040900830898
CXCR4 neutrophil,Type_I_interferon,identity_markers_removed,4,-0.03281041508749,0.0374430813659123,-0.151971011038875,0.0863501808638948,0.445385827246193,0.5,2,control_fibroblasts_vs_alone,10,0.534462992695432
CXCR4 neutrophil,Immature_granulopoiesis,full_gene,4,-0.191746390200144,0.0444437722336395,-0.333186308937961,-0.0503064714623273,0.0229357361725242,0.125,4,control_fibroblasts_vs_alone,10,0.0509149145737676
CXCR4 neutrophil,Immature_granulopoiesis,identity_markers_removed,4,-0.191746390200144,0.0444437722336395,-0.333186308937961,-0.0503064714623273,0.0229357361725242,0.125,4,control_fibroblasts_vs_alone,10,0.0509149145737676
CXCR4 neutrophil,Survival_antiapoptosis,full_gene,4,0.223648223100378,0.0186519864800346,0.16428927764079,0.283007168559966,0.00124790289490456,0.125,4,control_fibroblasts_vs_alone,10,0.026201767640775
CXCR4 neutrophil,Survival_antiapoptosis,identity_markers_removed,4,0.223648223100378,0.0186519864800346,0.16428927764079,0.283007168559966,0.00124790289490456,0.125,4,control_fibroblasts_vs_alone,10,0.0262059607929958
CXCR4 neutrophil,Hypoxia_glycolysis,full_gene,4,0.108152377693499,0.0144522181708906,0.0621589693723941,0.154145786014604,0.00494230569116037,0.125,4,control_fibroblasts_vs_alone,10,0.026201767640775
CXCR4 neutrophil,Hypoxia_glycolysis,identity_markers_removed,4,0.108152377693499,0.0144522181708906,0.0621589693723941,0.154145786014604,0.00494230569116037,0.125,4,control_fibroblasts_vs_alone,10,0.027388672754555
CXCR4 neutrophil,ER_stress,full_gene,4,0.168890249415706,0.0691129254595108,-0.0510579248602627,0.388838423691674,0.092196700918472,0.25,3,control_fibroblasts_vs_alone,10,0.154890457543033
CXCR4 neutrophil,ER_stress,identity_markers_removed,4,0.168890249415706,0.0691129254595108,-0.0510579248602627,0.388838423691674,0.092196700918472,0.25,3,control_fibroblasts_vs_alone,10,0.143417090317623
CXCR4 neutrophil,Proliferation_stress,full_gene,4,-0.0231434815945337,0.0427761506723868,-0.15927628425613,0.112989321067063,0.626073074940878,0.75,2,control_fibroblasts_vs_alone,10,0.674232542244023
CXCR4 neutrophil,Proliferation_stress,identity_markers_removed,4,-0.0231434815945337,0.0427761506723868,-0.15927628425613,0.112989321067063,0.626073074940878,0.75,2,control_fibroblasts_vs_alone,10,0.674232542244023
CXCR4 neutrophil,Integrin_adhesion,full_gene,4,0.14229077689631,0.0507463865582647,-0.0192068735125382,0.303788427305159,0.0676304626125948,0.125,4,control_fibroblasts_vs_alone,10,0.129112701351317
CXCR4 neutrophil,Integrin_adhesion,identity_markers_removed,4,0.14229077689631,0.0507463865582647,-0.0192068735125382,0.303788427305159,0.0676304626125948,0.125,4,control_fibroblasts_vs_alone,10,0.118353309572041
CXCR4 neutrophil,CXCR4_aging_retention,full_gene,4,0.165550721859567,0.0556999865690736,-0.011711494601534,0.342812938320667,0.05896473832888,0.125,4,control_fibroblasts_vs_alone,10,0.11792947665776
CXCR4 neutrophil,CXCR4_aging_retention,identity_markers_removed,4,0.245230143032148,0.0536952067560238,0.0743480306799957,0.416112255384301,0.0196903336507683,0.125,4,control_fibroblasts_vs_alone,10,0.0509149145737676
MX1/ISG neutrophil,NETosis,full_gene,1,-0.0692181160901933,,,,,,,control_fibroblasts_vs_alone,10,
MX1/ISG neutrophil,NETosis,identity_markers_removed,1,-0.0314009857833414,,,,,,,control_fibroblasts_vs_alone,10,
MX1/ISG neutrophil,Degranulation,full_gene,1,-0.183003061562584,,,,,,,control_fibroblasts_vs_alone,10,
MX1/ISG neutrophil,Degranulation,identity_markers_removed,1,-0.183003061562584,,,,,,,control_fibroblasts_vs_alone,10,
MX1/ISG neutrophil,Oxidative_burst,full_gene,1,-0.136532776010198,,,,,,,control_fibroblasts_vs_alone,10,
MX1/ISG neutrophil,Oxidative_burst,identity_markers_removed,1,-0.136532776010198,,,,,,,control_fibroblasts_vs_alone,10,
MX1/ISG neutrophil,Phagocytosis,full_gene,1,0.0769969446940744,,,,,,,control_fibroblasts_vs_alone,10,
MX1/ISG neutrophil,Phagocytosis,identity_markers_removed,1,0.0769969446940744,,,,,,,control_fibroblasts_vs_alone,10,
MX1/ISG neutrophil,Chemotaxis,full_gene,1,0.0548267950023612,,,,,,,control_fibroblasts_vs_alone,10,
MX1/ISG neutrophil,Chemotaxis,identity_markers_removed,1,0.0998972245516708,,,,,,,control_fibroblasts_vs_alone,10,
MX1/ISG neutrophil,OSM_inflammation,full_gene,1,0.261766079136538,,,,,,,control_fibroblasts_vs_alone,10,
MX1/ISG neutrophil,OSM_inflammation,identity_markers_removed,1,0.229567853976357,,,,,,,control_fibroblasts_vs_alone,10,
MX1/ISG neutrophil,Type_I_interferon,full_gene,1,-0.0224266410830305,,,,,,,control_fibroblasts_vs_alone,10,
MX1/ISG neutrophil,Type_I_interferon,identity_markers_removed,1,-0.0944133959863844,,,,,,,control_fibroblasts_vs_alone,10,
MX1/ISG neutrophil,Immature_granulopoiesis,full_gene,1,-0.165401227819369,,,,,,,control_fibroblasts_vs_alone,10,
MX1/ISG neutrophil,Immature_granulopoiesis,identity_markers_removed,1,-0.165401227819369,,,,,,,control_fibroblasts_vs_alone,10,
MX1/ISG neutrophil,Survival_antiapoptosis,full_gene,1,-0.145663632020842,,,,,,,control_fibroblasts_vs_alone,10,
MX1/ISG neutrophil,Survival_antiapoptosis,identity_markers_removed,1,-0.145663632020842,,,,,,,control_fibroblasts_vs_alone,10,
MX1/ISG neutrophil,Hypoxia_glycolysis,full_gene,1,0.0221738700100687,,,,,,,control_fibroblasts_vs_alone,10,
MX1/ISG neutrophil,Hypoxia_glycolysis,identity_markers_removed,1,0.0221738700100687,,,,,,,control_fibroblasts_vs_alone,10,
MX1/ISG neutrophil,ER_stress,full_gene,1,0.0873077053407441,,,,,,,control_fibroblasts_vs_alone,10,
MX1/ISG neutrophil,ER_stress,identity_markers_removed,1,0.0873077053407441,,,,,,,control_fibroblasts_vs_alone,10,
MX1/ISG neutrophil,Proliferation_stress,full_gene,1,0.0437821130769501,,,,,,,control_fibroblasts_vs_alone,10,
MX1/ISG neutrophil,Proliferation_stress,identity_markers_removed,1,0.0437821130769501,,,,,,,control_fibroblasts_vs_alone,10,
MX1/ISG neutrophil,Integrin_adhesion,full_gene,1,0.130607320737669,,,,,,,control_fibroblasts_vs_alone,10,
MX1/ISG neutrophil,Integrin_adhesion,identity_markers_removed,1,0.130607320737669,,,,,,,control_fibroblasts_vs_alone,10,
MX1/ISG neutrophil,CXCR4_aging_retention,full_gene,1,-0.0127931129404513,,,,,,,control_fibroblasts_vs_alone,10,
MX1/ISG neutrophil,CXCR4_aging_retention,identity_markers_removed,1,0.0367815068400199,,,,,,,control_fibroblasts_vs_alone,10,
OSM neutrophil,NETosis,full_gene,4,0.17849396903984,0.0208760958352209,0.112056914980293,0.244931023099387,0.00336174358534334,0.125,4,control_fibroblasts_vs_alone,10,0.026201767640775
OSM neutrophil,NETosis,identity_markers_removed,4,0.183719563749878,0.0226954563279285,0.111492492612334,0.255946634887422,0.00393969287080202,0.125,4,control_fibroblasts_vs_alone,10,0.027388672754555
OSM neutrophil,Degranulation,full_gene,4,0.100724164871229,0.0233833611914706,0.0263078734423193,0.175140456300139,0.0230329375452758,0.125,4,control_fibroblasts_vs_alone,10,0.0509149145737676
OSM neutrophil,Degranulation,identity_markers_removed,4,0.100724164871229,0.0233833611914706,0.0263078734423193,0.175140456300139,0.0230329375452758,0.125,4,control_fibroblasts_vs_alone,10,0.0509149145737676
OSM neutrophil,Oxidative_burst,full_gene,4,0.346312828536836,0.0512483102948785,0.183217832786867,0.509407824286805,0.00662038086709898,0.125,4,control_fibroblasts_vs_alone,10,0.026201767640775
OSM neutrophil,Oxidative_burst,identity_markers_removed,4,0.346312828536836,0.0512483102948785,0.183217832786867,0.509407824286805,0.00662038086709898,0.125,4,control_fibroblasts_vs_alone,10,0.027388672754555
OSM neutrophil,Phagocytosis,full_gene,4,0.482955756259624,0.0705772121556414,0.258347568197678,0.707563944321569,0.00638736676091382,0.125,4,control_fibroblasts_vs_alone,10,0.026201767640775
OSM neutrophil,Phagocytosis,identity_markers_removed,4,0.482955756259624,0.0705772121556414,0.258347568197678,0.707563944321569,0.00638736676091382,0.125,4,control_fibroblasts_vs_alone,10,0.027388672754555
OSM neutrophil,Chemotaxis,full_gene,4,0.4563813270064,0.0596538928113328,0.266536016233184,0.646226637779617,0.00463784446013609,0.125,4,control_fibroblasts_vs_alone,10,0.026201767640775
OSM neutrophil,Chemotaxis,identity_markers_removed,4,0.447494560953378,0.054881343691398,0.272837631493683,0.622151490413073,0.00385790825895353,0.125,4,control_fibroblasts_vs_alone,10,0.027388672754555
OSM neutrophil,OSM_inflammation,full_gene,4,0.546336833197099,0.0332796252480513,0.440426212785212,0.652247453608986,0.000491873636095072,0.125,4,control_fibroblasts_vs_alone,10,0.020658692715993
OSM neutrophil,OSM_inflammation,identity_markers_removed,4,0.535604254238373,0.0321181340998813,0.433390017039599,0.637818491437147,0.00046945708394981,0.125,4,control_fibroblasts_vs_alone,10,0.019717197525892
OSM neutrophil,Type_I_interferon,full_gene,4,0.0378284840808312,0.00584507986817747,0.0192268312502616,0.0564301369114007,0.0074862193259357,0.125,4,control_fibroblasts_vs_alone,10,0.026201767640775
OSM neutrophil,Type_I_interferon,identity_markers_removed,4,0.0484180113796995,0.0118830985920847,0.0106006881699975,0.0862353345894014,0.0266844165241092,0.125,4,control_fibroblasts_vs_alone,10,0.0560372747006293
OSM neutrophil,Immature_granulopoiesis,full_gene,4,-0.00331108063904104,0.00553547907879762,-0.0209274455813358,0.0143052843032537,0.5918824776352,0.75,2,control_fibroblasts_vs_alone,10,0.671866596234551
OSM neutrophil,Immature_granulopoiesis,identity_markers_removed,4,-0.00331108063904104,0.00553547907879762,-0.0209274455813358,0.0143052843032537,0.5918824776352,0.75,2,control_fibroblasts_vs_alone,10,0.671866596234551
OSM neutrophil,Survival_antiapoptosis,full_gene,4,0.36364305710178,0.0392362517993563,0.238775792529737,0.488510321673822,0.00265826818788519,0.125,4,control_fibroblasts_vs_alone,10,0.026201767640775
OSM neutrophil,Survival_antiapoptosis,identity_markers_removed,4,0.36364305710178,0.0392362517993563,0.238775792529737,0.488510321673822,0.00265826818788519,0.125,4,control_fibroblasts_vs_alone,10,0.027388672754555
OSM neutrophil,Hypoxia_glycolysis,full_gene,4,0.171441472720666,0.0392966721624979,0.0463819235871798,0.296501021854153,0.0222634737143644,0.125,4,control_fibroblasts_vs_alone,10,0.0509149145737676
OSM neutrophil,Hypoxia_glycolysis,identity_markers_removed,4,0.171441472720666,0.0392966721624979,0.0463819235871798,0.296501021854153,0.0222634737143644,0.125,4,control_fibroblasts_vs_alone,10,0.0509149145737676
OSM neutrophil,ER_stress,full_gene,4,0.361237458840722,0.0636091626479083,0.158804714189695,0.563670203491748,0.0108188183316686,0.125,4,control_fibroblasts_vs_alone,10,0.0326613568290213
OSM neutrophil,ER_stress,identity_markers_removed,4,0.361237458840722,0.0636091626479083,0.158804714189695,0.563670203491748,0.0108188183316686,0.125,4,control_fibroblasts_vs_alone,10,0.0378658641608401
OSM neutrophil,Proliferation_stress,full_gene,4,0.0273768797932109,0.0106432823850526,-0.00649479490919095,0.0612485544956127,0.0823340066013869,0.25,3,control_fibroblasts_vs_alone,10,0.150349055532967
OSM neutrophil,Proliferation_stress,identity_markers_removed,4,0.0273768797932109,0.0106432823850526,-0.00649479490919095,0.0612485544956127,0.0823340066013869,0.25,3,control_fibroblasts_vs_alone,10,0.133001087586856
OSM neutrophil,Integrin_adhesion,full_gene,4,0.260660215094803,0.0593014198442778,0.0719366306133031,0.449383799576303,0.0218226821940088,0.125,4,control_fibroblasts_vs_alone,10,0.0509149145737676
OSM neutrophil,Integrin_adhesion,identity_markers_removed,4,0.260660215094803,0.0593014198442778,0.0719366306133031,0.449383799576303,0.0218226821940088,0.125,4,control_fibroblasts_vs_alone,10,0.0509149145737676
OSM neutrophil,CXCR4_aging_retention,full_gene,4,0.541941569903067,0.0766984662759819,0.297852819282141,0.786030320523992,0.005827901348465,0.125,4,control_fibroblasts_vs_alone,10,0.026201767640775
OSM neutrophil,CXCR4_aging_retention,identity_markers_removed,4,0.546612146008171,0.0730940977597204,0.313994104654702,0.779230187361639,0.00495229015672883,0.125,4,control_fibroblasts_vs_alone,10,0.027388672754555
PADI4 neutrophil,NETosis,full_gene,3,-0.281809077347474,0.131028407446851,-0.845578812323391,0.281960657628442,0.164448767304685,0.25,3,control_fibroblasts_vs_alone,10,0.238167180234371
PADI4 neutrophil,NETosis,identity_markers_removed,3,-0.454987452940656,0.123537259640109,-0.986525380356941,0.0765504744756283,0.0664571613108183,0.25,3,control_fibroblasts_vs_alone,10,0.118353309572041
PADI4 neutrophil,Degranulation,full_gene,3,-0.996412828500265,0.126594995420196,-1.54110713111759,-0.451718525882938,0.0157612777950294,0.25,3,control_fibroblasts_vs_alone,10,0.0441315778260823
PADI4 neutrophil,Degranulation,identity_markers_removed,3,-0.996412828500265,0.126594995420196,-1.54110713111759,-0.451718525882938,0.0157612777950294,0.25,3,control_fibroblasts_vs_alone,10,0.0472838333850882
PADI4 neutrophil,Oxidative_burst,full_gene,3,-0.609143920188792,0.0518708542653526,-0.832326192888048,-0.385961647489536,0.00717322381666917,0.25,3,control_fibroblasts_vs_alone,10,0.026201767640775
PADI4 neutrophil,Oxidative_burst,identity_markers_removed,3,-0.609143920188792,0.0518708542653526,-0.832326192888048,-0.385961647489536,0.00717322381666917,0.25,3,control_fibroblasts_vs_alone,10,0.027388672754555
PADI4 neutrophil,Phagocytosis,full_gene,3,0.254109461802977,0.190543564028084,-0.56573332409865,1.0739522477046,0.313932227820141,0.5,2,control_fibroblasts_vs_alone,10,0.412036049013935
PADI4 neutrophil,Phagocytosis,identity_markers_removed,3,0.254109461802977,0.190543564028084,-0.56573332409865,1.0739522477046,0.313932227820141,0.5,2,control_fibroblasts_vs_alone,10,0.415436193285754
PADI4 neutrophil,Chemotaxis,full_gene,3,0.167897176047072,0.0740797997357112,-0.150842476505079,0.486636828599223,0.151613403821813,0.25,3,control_fibroblasts_vs_alone,10,0.227420105732719
PADI4 neutrophil,Chemotaxis,identity_markers_removed,3,0.19940627165282,0.0608609509219046,-0.0624572649664606,0.461269808272101,0.0818758704657532,0.25,3,control_fibroblasts_vs_alone,10,0.133001087586856
PADI4 neutrophil,OSM_inflammation,full_gene,3,0.217442039151326,0.14352218412268,-0.400084078143727,0.834968156446378,0.268986851439827,0.25,3,control_fibroblasts_vs_alone,10,0.376581592015758
PADI4 neutrophil,OSM_inflammation,identity_markers_removed,3,0.198465433289833,0.149882863878053,-0.446428480117738,0.843359346697404,0.316522813932003,0.25,3,control_fibroblasts_vs_alone,10,0.415436193285754
PADI4 neutrophil,Type_I_interferon,full_gene,3,0.0126367200508018,0.0906583268584661,-0.377434577481296,0.4027080175829,0.901912795664977,1,2,control_fibroblasts_vs_alone,10,0.901912795664977
PADI4 neutrophil,Type_I_interferon,identity_markers_removed,3,0.0220489269806581,0.103422089454763,-0.42294040852827,0.467038262489587,0.850933670628326,1,2,control_fibroblasts_vs_alone,10,0.871688150399749
PADI4 neutrophil,Immature_granulopoiesis,full_gene,3,-1.35559089759887,0.281647807517981,-2.56742360544406,-0.14375818975368,0.0405592259676852,0.25,3,control_fibroblasts_vs_alone,10,0.0851743745321389
PADI4 neutrophil,Immature_granulopoiesis,identity_markers_removed,3,-1.35559089759887,0.281647807517981,-2.56742360544406,-0.14375818975368,0.0405592259676852,0.25,3,control_fibroblasts_vs_alone,10,0.0811184519353704
PADI4 neutrophil,Survival_antiapoptosis,full_gene,3,0.118114867873259,0.0964045004037338,-0.296680218948999,0.532909954695518,0.34520711309221,0.5,2,control_fibroblasts_vs_alone,10,0.439354507571904
PADI4 neutrophil,Survival_antiapoptosis,identity_markers_removed,3,0.118114867873259,0.0964045004037338,-0.296680218948999,0.532909954695518,0.34520711309221,0.5,2,control_fibroblasts_vs_alone,10,0.439354507571904
PADI4 neutrophil,Hypoxia_glycolysis,full_gene,3,-0.0752392911429571,0.230320219442858,-1.06622721204526,0.91574862975935,0.774934078418229,0.75,2,control_fibroblasts_vs_alone,10,0.813680782339141
PADI4 neutrophil,Hypoxia_glycolysis,identity_markers_removed,3,-0.0752392911429571,0.230320219442858,-1.06622721204526,0.91574862975935,0.774934078418229,0.75,2,control_fibroblasts_vs_alone,10,0.813680782339141
PADI4 neutrophil,ER_stress,full_gene,3,0.142774252746041,0.237878094497239,-0.880732579890107,1.16628108538219,0.609323362255866,0.75,2,control_fibroblasts_vs_alone,10,0.673462663545957
PADI4 neutrophil,ER_stress,identity_markers_removed,3,0.142774252746041,0.237878094497239,-0.880732579890107,1.16628108538219,0.609323362255866,0.75,2,control_fibroblasts_vs_alone,10,0.673462663545957
PADI4 neutrophil,Proliferation_stress,full_gene,3,-0.403778516340984,0.561642021853542,-2.82032909481113,2.01277206212917,0.546836764083313,1,1,control_fibroblasts_vs_alone,10,0.637976224763865
PADI4 neutrophil,Proliferation_stress,identity_markers_removed,3,-0.403778516340984,0.561642021853542,-2.82032909481113,2.01277206212917,0.546836764083313,1,1,control_fibroblasts_vs_alone,10,0.637976224763865
PADI4 neutrophil,Integrin_adhesion,full_gene,3,0.0371217869249726,0.238600288028528,-0.989492393679982,1.06373596752993,0.890647025887305,1,2,control_fibroblasts_vs_alone,10,0.901912795664977
PADI4 neutrophil,Integrin_adhesion,identity_markers_removed,3,0.0371217869249726,0.238600288028528,-0.989492393679982,1.06373596752993,0.890647025887305,1,2,control_fibroblasts_vs_alone,10,0.890647025887305
PADI4 neutrophil,CXCR4_aging_retention,full_gene,3,0.218710286087988,0.0859141999125179,-0.150948680689849,0.588369252865824,0.125834769770632,0.25,3,control_fibroblasts_vs_alone,10,0.203271551167944
PADI4 neutrophil,CXCR4_aging_retention,identity_markers_removed,3,0.272985641944218,0.0706494221502532,-0.0309942871257907,0.576965571014227,0.0609221934273564,0.25,3,control_fibroblasts_vs_alone,10,0.116306005634044
