program,population,version,DonorID,delta,contrast,min_cells
NETosis,All annotated,full_gene,Donor1,0.00372281419826689,alpha_interaction,0
NETosis,All annotated,full_gene,Donor2,0.022335538253389,alpha_interaction,0
NETosis,All annotated,full_gene,Donor3,-0.0667407886886308,alpha_interaction,0
NETosis,All annotated,full_gene,Donor4,-0.157590962526809,alpha_interaction,0
NETosis,All annotated,full_gene,Donor5,0.0841744592415196,alpha_interaction,0
NETosis,All annotated,full_gene,Donor6,-0.102722407763592,alpha_interaction,0
NETosis,All annotated,identity_markers_removed,Donor1,0.0201962971564557,alpha_interaction,0
NETosis,All annotated,identity_markers_removed,Donor2,0.0283843530774081,alpha_interaction,0
NETosis,All annotated,identity_markers_removed,Donor3,-0.0605444686913657,alpha_interaction,0
NETosis,All annotated,identity_markers_removed,Donor4,-0.152203256829971,alpha_interaction,0
NETosis,All annotated,identity_markers_removed,Donor5,0.108793300834282,alpha_interaction,0
NETosis,All annotated,identity_markers_removed,Donor6,-0.132984186850071,alpha_interaction,0
NETosis,Resolved,full_gene,Donor1,-0.200853857342931,alpha_interaction,0
NETosis,Resolved,full_gene,Donor2,-0.143151020955687,alpha_interaction,0
NETosis,Resolved,full_gene,Donor3,-0.0159504074436431,alpha_interaction,0
NETosis,Resolved,full_gene,Donor4,-0.1063099247547,alpha_interaction,0
NETosis,Resolved,full_gene,Donor5,-0.362992998028565,alpha_interaction,0
NETosis,Resolved,full_gene,Donor6,-0.389080443748126,alpha_interaction,0
NETosis,Resolved,identity_markers_removed,Donor1,-0.198753227350151,alpha_interaction,0
NETosis,Resolved,identity_markers_removed,Donor2,-0.135622053568084,alpha_interaction,0
NETosis,Resolved,identity_markers_removed,Donor3,-0.0208528853577037,alpha_interaction,0
NETosis,Resolved,identity_markers_removed,Donor4,-0.10714017560308,alpha_interaction,0
NETosis,Resolved,identity_markers_removed,Donor5,-0.348855758292655,alpha_interaction,0
NETosis,Resolved,identity_markers_removed,Donor6,-0.448524292315953,alpha_interaction,0
NETosis,Resolved; >=100 genes,full_gene,Donor1,-0.169376934269883,alpha_interaction,0
NETosis,Resolved; >=100 genes,full_gene,Donor2,-0.146493449677854,alpha_interaction,0
NETosis,Resolved; >=100 genes,full_gene,Donor3,-0.026124974454719,alpha_interaction,0
NETosis,Resolved; >=100 genes,full_gene,Donor4,-0.0721382911277262,alpha_interaction,0
NETosis,Resolved; >=100 genes,full_gene,Donor5,-0.387338196555681,alpha_interaction,0
NETosis,Resolved; >=100 genes,full_gene,Donor6,-0.358212915333851,alpha_interaction,0
NETosis,Resolved; >=100 genes,identity_markers_removed,Donor1,-0.174635392657915,alpha_interaction,0
NETosis,Resolved; >=100 genes,identity_markers_removed,Donor2,-0.137302964143496,alpha_interaction,0
NETosis,Resolved; >=100 genes,identity_markers_removed,Donor3,-0.0340368458595737,alpha_interaction,0
NETosis,Resolved; >=100 genes,identity_markers_removed,Donor4,-0.0719245839236055,alpha_interaction,0
NETosis,Resolved; >=100 genes,identity_markers_removed,Donor5,-0.373263490393236,alpha_interaction,0
NETosis,Resolved; >=100 genes,identity_markers_removed,Donor6,-0.422316712082811,alpha_interaction,0
Degranulation,All annotated,full_gene,Donor1,0.0269450932926898,alpha_interaction,0
Degranulation,All annotated,full_gene,Donor2,0.0626059659911545,alpha_interaction,0
Degranulation,All annotated,full_gene,Donor3,0.141218259774627,alpha_interaction,0
Degranulation,All annotated,full_gene,Donor4,0.00535018115280376,alpha_interaction,0
Degranulation,All annotated,full_gene,Donor5,0.0777385580019376,alpha_interaction,0
Degranulation,All annotated,full_gene,Donor6,0.199583414956851,alpha_interaction,0
Degranulation,All annotated,identity_markers_removed,Donor1,0.0269450932926898,alpha_interaction,0
Degranulation,All annotated,identity_markers_removed,Donor2,0.0626059659911545,alpha_interaction,0
Degranulation,All annotated,identity_markers_removed,Donor3,0.141218259774627,alpha_interaction,0
Degranulation,All annotated,identity_markers_removed,Donor4,0.00535018115280376,alpha_interaction,0
Degranulation,All annotated,identity_markers_removed,Donor5,0.0777385580019376,alpha_interaction,0
Degranulation,All annotated,identity_markers_removed,Donor6,0.199583414956851,alpha_interaction,0
Degranulation,Resolved,full_gene,Donor1,-0.0690075864777625,alpha_interaction,0
Degranulation,Resolved,full_gene,Donor2,-0.0871335122973577,alpha_interaction,0
Degranulation,Resolved,full_gene,Donor3,0.164194267224185,alpha_interaction,0
Degranulation,Resolved,full_gene,Donor4,0.0155633975591608,alpha_interaction,0
Degranulation,Resolved,full_gene,Donor5,-0.239028903974756,alpha_interaction,0
Degranulation,Resolved,full_gene,Donor6,-0.00902118652473324,alpha_interaction,0
Degranulation,Resolved,identity_markers_removed,Donor1,-0.0690075864777625,alpha_interaction,0
Degranulation,Resolved,identity_markers_removed,Donor2,-0.0871335122973577,alpha_interaction,0
Degranulation,Resolved,identity_markers_removed,Donor3,0.164194267224185,alpha_interaction,0
Degranulation,Resolved,identity_markers_removed,Donor4,0.0155633975591608,alpha_interaction,0
Degranulation,Resolved,identity_markers_removed,Donor5,-0.239028903974756,alpha_interaction,0
Degranulation,Resolved,identity_markers_removed,Donor6,-0.00902118652473324,alpha_interaction,0
Degranulation,Resolved; >=100 genes,full_gene,Donor1,-0.0393810316724442,alpha_interaction,0
Degranulation,Resolved; >=100 genes,full_gene,Donor2,-0.0658749725593002,alpha_interaction,0
Degranulation,Resolved; >=100 genes,full_gene,Donor3,0.208852451041784,alpha_interaction,0
Degranulation,Resolved; >=100 genes,full_gene,Donor4,0.0796806708543277,alpha_interaction,0
Degranulation,Resolved; >=100 genes,full_gene,Donor5,-0.228178911586079,alpha_interaction,0
Degranulation,Resolved; >=100 genes,full_gene,Donor6,0.081798358151339,alpha_interaction,0
Degranulation,Resolved; >=100 genes,identity_markers_removed,Donor1,-0.0393810316724442,alpha_interaction,0
Degranulation,Resolved; >=100 genes,identity_markers_removed,Donor2,-0.0658749725593002,alpha_interaction,0
Degranulation,Resolved; >=100 genes,identity_markers_removed,Donor3,0.208852451041784,alpha_interaction,0
Degranulation,Resolved; >=100 genes,identity_markers_removed,Donor4,0.0796806708543277,alpha_interaction,0
Degranulation,Resolved; >=100 genes,identity_markers_removed,Donor5,-0.228178911586079,alpha_interaction,0
Degranulation,Resolved; >=100 genes,identity_markers_removed,Donor6,0.081798358151339,alpha_interaction,0
Oxidative_burst,All annotated,full_gene,Donor1,-0.0443934372941887,alpha_interaction,0
Oxidative_burst,All annotated,full_gene,Donor2,-0.0620123326451819,alpha_interaction,0
Oxidative_burst,All annotated,full_gene,Donor3,-0.206672021403066,alpha_interaction,0
Oxidative_burst,All annotated,full_gene,Donor4,-0.258315322731163,alpha_interaction,0
Oxidative_burst,All annotated,full_gene,Donor5,0.135559390103195,alpha_interaction,0
Oxidative_burst,All annotated,full_gene,Donor6,-0.39384497537906,alpha_interaction,0
Oxidative_burst,All annotated,identity_markers_removed,Donor1,-0.0443934372941887,alpha_interaction,0
Oxidative_burst,All annotated,identity_markers_removed,Donor2,-0.0620123326451819,alpha_interaction,0
Oxidative_burst,All annotated,identity_markers_removed,Donor3,-0.206672021403066,alpha_interaction,0
Oxidative_burst,All annotated,identity_markers_removed,Donor4,-0.258315322731163,alpha_interaction,0
Oxidative_burst,All annotated,identity_markers_removed,Donor5,0.135559390103195,alpha_interaction,0
Oxidative_burst,All annotated,identity_markers_removed,Donor6,-0.39384497537906,alpha_interaction,0
Oxidative_burst,Resolved,full_gene,Donor1,-0.4252471450448,alpha_interaction,0
Oxidative_burst,Resolved,full_gene,Donor2,-0.349241021775003,alpha_interaction,0
Oxidative_burst,Resolved,full_gene,Donor3,-0.171142516068351,alpha_interaction,0
Oxidative_burst,Resolved,full_gene,Donor4,-0.220331642433913,alpha_interaction,0
Oxidative_burst,Resolved,full_gene,Donor5,-0.466453559515862,alpha_interaction,0
Oxidative_burst,Resolved,full_gene,Donor6,-1.42377167979053,alpha_interaction,0
Oxidative_burst,Resolved,identity_markers_removed,Donor1,-0.4252471450448,alpha_interaction,0
Oxidative_burst,Resolved,identity_markers_removed,Donor2,-0.349241021775003,alpha_interaction,0
Oxidative_burst,Resolved,identity_markers_removed,Donor3,-0.171142516068351,alpha_interaction,0
Oxidative_burst,Resolved,identity_markers_removed,Donor4,-0.220331642433913,alpha_interaction,0
Oxidative_burst,Resolved,identity_markers_removed,Donor5,-0.466453559515862,alpha_interaction,0
Oxidative_burst,Resolved,identity_markers_removed,Donor6,-1.42377167979053,alpha_interaction,0
Oxidative_burst,Resolved; >=100 genes,full_gene,Donor1,-0.38584356768938,alpha_interaction,0
Oxidative_burst,Resolved; >=100 genes,full_gene,Donor2,-0.351934057430596,alpha_interaction,0
Oxidative_burst,Resolved; >=100 genes,full_gene,Donor3,-0.163061809527527,alpha_interaction,0
Oxidative_burst,Resolved; >=100 genes,full_gene,Donor4,-0.141786379368185,alpha_interaction,0
Oxidative_burst,Resolved; >=100 genes,full_gene,Donor5,-0.549225948452639,alpha_interaction,0
Oxidative_burst,Resolved; >=100 genes,full_gene,Donor6,-1.41398714679604,alpha_interaction,0
Oxidative_burst,Resolved; >=100 genes,identity_markers_removed,Donor1,-0.38584356768938,alpha_interaction,0
Oxidative_burst,Resolved; >=100 genes,identity_markers_removed,Donor2,-0.351934057430596,alpha_interaction,0
Oxidative_burst,Resolved; >=100 genes,identity_markers_removed,Donor3,-0.163061809527527,alpha_interaction,0
Oxidative_burst,Resolved; >=100 genes,identity_markers_removed,Donor4,-0.141786379368185,alpha_interaction,0
Oxidative_burst,Resolved; >=100 genes,identity_markers_removed,Donor5,-0.549225948452639,alpha_interaction,0
Oxidative_burst,Resolved; >=100 genes,identity_markers_removed,Donor6,-1.41398714679604,alpha_interaction,0
Phagocytosis,All annotated,full_gene,Donor1,-0.196112137740546,alpha_interaction,0
Phagocytosis,All annotated,full_gene,Donor2,-0.141674202344959,alpha_interaction,0
Phagocytosis,All annotated,full_gene,Donor3,-0.39472759983599,alpha_interaction,0
Phagocytosis,All annotated,full_gene,Donor4,-0.514115791800791,alpha_interaction,0
Phagocytosis,All annotated,full_gene,Donor5,-0.0803685955506708,alpha_interaction,0
Phagocytosis,All annotated,full_gene,Donor6,-0.650375445504346,alpha_interaction,0
Phagocytosis,All annotated,identity_markers_removed,Donor1,-0.196112137740546,alpha_interaction,0
Phagocytosis,All annotated,identity_markers_removed,Donor2,-0.141674202344959,alpha_interaction,0
Phagocytosis,All annotated,identity_markers_removed,Donor3,-0.39472759983599,alpha_interaction,0
Phagocytosis,All annotated,identity_markers_removed,Donor4,-0.514115791800791,alpha_interaction,0
Phagocytosis,All annotated,identity_markers_removed,Donor5,-0.0803685955506708,alpha_interaction,0
Phagocytosis,All annotated,identity_markers_removed,Donor6,-0.650375445504346,alpha_interaction,0
Phagocytosis,Resolved,full_gene,Donor1,-0.755004421214918,alpha_interaction,0
Phagocytosis,Resolved,full_gene,Donor2,-0.633005420343713,alpha_interaction,0
Phagocytosis,Resolved,full_gene,Donor3,-0.468506585459142,alpha_interaction,0
Phagocytosis,Resolved,full_gene,Donor4,-0.542960857085534,alpha_interaction,0
Phagocytosis,Resolved,full_gene,Donor5,-0.644532095411326,alpha_interaction,0
Phagocytosis,Resolved,full_gene,Donor6,-1.25864223724353,alpha_interaction,0
Phagocytosis,Resolved,identity_markers_removed,Donor1,-0.755004421214918,alpha_interaction,0
Phagocytosis,Resolved,identity_markers_removed,Donor2,-0.633005420343713,alpha_interaction,0
Phagocytosis,Resolved,identity_markers_removed,Donor3,-0.468506585459142,alpha_interaction,0
Phagocytosis,Resolved,identity_markers_removed,Donor4,-0.542960857085534,alpha_interaction,0
Phagocytosis,Resolved,identity_markers_removed,Donor5,-0.644532095411326,alpha_interaction,0
Phagocytosis,Resolved,identity_markers_removed,Donor6,-1.25864223724353,alpha_interaction,0
Phagocytosis,Resolved; >=100 genes,full_gene,Donor1,-0.73229090910803,alpha_interaction,0
Phagocytosis,Resolved; >=100 genes,full_gene,Donor2,-0.628448675539763,alpha_interaction,0
Phagocytosis,Resolved; >=100 genes,full_gene,Donor3,-0.447873345450134,alpha_interaction,0
Phagocytosis,Resolved; >=100 genes,full_gene,Donor4,-0.468055596176316,alpha_interaction,0
Phagocytosis,Resolved; >=100 genes,full_gene,Donor5,-0.755073679883846,alpha_interaction,0
Phagocytosis,Resolved; >=100 genes,full_gene,Donor6,-1.26043273780273,alpha_interaction,0
Phagocytosis,Resolved; >=100 genes,identity_markers_removed,Donor1,-0.73229090910803,alpha_interaction,0
Phagocytosis,Resolved; >=100 genes,identity_markers_removed,Donor2,-0.628448675539763,alpha_interaction,0
Phagocytosis,Resolved; >=100 genes,identity_markers_removed,Donor3,-0.447873345450134,alpha_interaction,0
Phagocytosis,Resolved; >=100 genes,identity_markers_removed,Donor4,-0.468055596176316,alpha_interaction,0
Phagocytosis,Resolved; >=100 genes,identity_markers_removed,Donor5,-0.755073679883846,alpha_interaction,0
Phagocytosis,Resolved; >=100 genes,identity_markers_removed,Donor6,-1.26043273780273,alpha_interaction,0
Chemotaxis,All annotated,full_gene,Donor1,-0.163502482152521,alpha_interaction,0
Chemotaxis,All annotated,full_gene,Donor2,-0.152085093316447,alpha_interaction,0
Chemotaxis,All annotated,full_gene,Donor3,-0.438207771521133,alpha_interaction,0
Chemotaxis,All annotated,full_gene,Donor4,-0.505668520950762,alpha_interaction,0
Chemotaxis,All annotated,full_gene,Donor5,-0.0933171776568893,alpha_interaction,0
Chemotaxis,All annotated,full_gene,Donor6,-0.511131557092392,alpha_interaction,0
Chemotaxis,All annotated,identity_markers_removed,Donor1,-0.167987131403826,alpha_interaction,0
Chemotaxis,All annotated,identity_markers_removed,Donor2,-0.177118326934232,alpha_interaction,0
Chemotaxis,All annotated,identity_markers_removed,Donor3,-0.431274713509023,alpha_interaction,0
Chemotaxis,All annotated,identity_markers_removed,Donor4,-0.477874867236844,alpha_interaction,0
Chemotaxis,All annotated,identity_markers_removed,Donor5,-0.0856351325538671,alpha_interaction,0
Chemotaxis,All annotated,identity_markers_removed,Donor6,-0.462717629974445,alpha_interaction,0
Chemotaxis,Resolved,full_gene,Donor1,-0.736240256057947,alpha_interaction,0
Chemotaxis,Resolved,full_gene,Donor2,-0.703042165231486,alpha_interaction,0
Chemotaxis,Resolved,full_gene,Donor3,-0.567397997332994,alpha_interaction,0
Chemotaxis,Resolved,full_gene,Donor4,-0.554378677727639,alpha_interaction,0
Chemotaxis,Resolved,full_gene,Donor5,-0.827531248974107,alpha_interaction,0
Chemotaxis,Resolved,full_gene,Donor6,-0.892811826210948,alpha_interaction,0
Chemotaxis,Resolved,identity_markers_removed,Donor1,-0.729700502436019,alpha_interaction,0
Chemotaxis,Resolved,identity_markers_removed,Donor2,-0.659377981524169,alpha_interaction,0
Chemotaxis,Resolved,identity_markers_removed,Donor3,-0.560657250020566,alpha_interaction,0
Chemotaxis,Resolved,identity_markers_removed,Donor4,-0.526815979554472,alpha_interaction,0
Chemotaxis,Resolved,identity_markers_removed,Donor5,-0.695331543643313,alpha_interaction,0
Chemotaxis,Resolved,identity_markers_removed,Donor6,-0.772282312720798,alpha_interaction,0
Chemotaxis,Resolved; >=100 genes,full_gene,Donor1,-0.709413076304606,alpha_interaction,0
Chemotaxis,Resolved; >=100 genes,full_gene,Donor2,-0.731982501793399,alpha_interaction,0
Chemotaxis,Resolved; >=100 genes,full_gene,Donor3,-0.572111289146987,alpha_interaction,0
Chemotaxis,Resolved; >=100 genes,full_gene,Donor4,-0.474325854845558,alpha_interaction,0
Chemotaxis,Resolved; >=100 genes,full_gene,Donor5,-0.91536784226133,alpha_interaction,0
Chemotaxis,Resolved; >=100 genes,full_gene,Donor6,-0.884413942083067,alpha_interaction,0
Chemotaxis,Resolved; >=100 genes,identity_markers_removed,Donor1,-0.715311370776283,alpha_interaction,0
Chemotaxis,Resolved; >=100 genes,identity_markers_removed,Donor2,-0.702963390966018,alpha_interaction,0
Chemotaxis,Resolved; >=100 genes,identity_markers_removed,Donor3,-0.569204170410766,alpha_interaction,0
Chemotaxis,Resolved; >=100 genes,identity_markers_removed,Donor4,-0.453475339080931,alpha_interaction,0
Chemotaxis,Resolved; >=100 genes,identity_markers_removed,Donor5,-0.81709092801166,alpha_interaction,0
Chemotaxis,Resolved; >=100 genes,identity_markers_removed,Donor6,-0.776114042850015,alpha_interaction,0
OSM_inflammation,All annotated,full_gene,Donor1,-0.0950013224913619,alpha_interaction,0
OSM_inflammation,All annotated,full_gene,Donor2,-0.0429233142925198,alpha_interaction,0
OSM_inflammation,All annotated,full_gene,Donor3,-0.370797970322734,alpha_interaction,0
OSM_inflammation,All annotated,full_gene,Donor4,-0.501709223277392,alpha_interaction,0
OSM_inflammation,All annotated,full_gene,Donor5,0.0589751438898441,alpha_interaction,0
OSM_inflammation,All annotated,full_gene,Donor6,-0.10558071459666,alpha_interaction,0
OSM_inflammation,All annotated,identity_markers_removed,Donor1,-0.077874865127585,alpha_interaction,0
OSM_inflammation,All annotated,identity_markers_removed,Donor2,-0.0319243620831107,alpha_interaction,0
OSM_inflammation,All annotated,identity_markers_removed,Donor3,-0.354196471810349,alpha_interaction,0
OSM_inflammation,All annotated,identity_markers_removed,Donor4,-0.487901300511949,alpha_interaction,0
OSM_inflammation,All annotated,identity_markers_removed,Donor5,0.0852804652776401,alpha_interaction,0
OSM_inflammation,All annotated,identity_markers_removed,Donor6,-0.0727434556780681,alpha_interaction,0
OSM_inflammation,Resolved,full_gene,Donor1,-0.402605129490992,alpha_interaction,0
OSM_inflammation,Resolved,full_gene,Donor2,-0.347469537786034,alpha_interaction,0
OSM_inflammation,Resolved,full_gene,Donor3,-0.381163479470305,alpha_interaction,0
OSM_inflammation,Resolved,full_gene,Donor4,-0.444505245584319,alpha_interaction,0
OSM_inflammation,Resolved,full_gene,Donor5,-0.499598622259771,alpha_interaction,0
OSM_inflammation,Resolved,full_gene,Donor6,-0.991618608484797,alpha_interaction,0
OSM_inflammation,Resolved,identity_markers_removed,Donor1,-0.35953746864792,alpha_interaction,0
OSM_inflammation,Resolved,identity_markers_removed,Donor2,-0.309487106221225,alpha_interaction,0
OSM_inflammation,Resolved,identity_markers_removed,Donor3,-0.355102403888882,alpha_interaction,0
OSM_inflammation,Resolved,identity_markers_removed,Donor4,-0.420639464090454,alpha_interaction,0
OSM_inflammation,Resolved,identity_markers_removed,Donor5,-0.461388722149361,alpha_interaction,0
OSM_inflammation,Resolved,identity_markers_removed,Donor6,-0.91663048879341,alpha_interaction,0
OSM_inflammation,Resolved; >=100 genes,full_gene,Donor1,-0.391387458184205,alpha_interaction,0
OSM_inflammation,Resolved; >=100 genes,full_gene,Donor2,-0.412152408492723,alpha_interaction,0
OSM_inflammation,Resolved; >=100 genes,full_gene,Donor3,-0.370800722742284,alpha_interaction,0
OSM_inflammation,Resolved; >=100 genes,full_gene,Donor4,-0.387060996392371,alpha_interaction,0
OSM_inflammation,Resolved; >=100 genes,full_gene,Donor5,-0.593342914437509,alpha_interaction,0
OSM_inflammation,Resolved; >=100 genes,full_gene,Donor6,-1.009389590046,alpha_interaction,0
OSM_inflammation,Resolved; >=100 genes,identity_markers_removed,Donor1,-0.33862703091309,alpha_interaction,0
OSM_inflammation,Resolved; >=100 genes,identity_markers_removed,Donor2,-0.374137791789476,alpha_interaction,0
OSM_inflammation,Resolved; >=100 genes,identity_markers_removed,Donor3,-0.33336761249774,alpha_interaction,0
OSM_inflammation,Resolved; >=100 genes,identity_markers_removed,Donor4,-0.368946595464419,alpha_interaction,0
OSM_inflammation,Resolved; >=100 genes,identity_markers_removed,Donor5,-0.536070919692608,alpha_interaction,0
OSM_inflammation,Resolved; >=100 genes,identity_markers_removed,Donor6,-0.936421046663295,alpha_interaction,0
Type_I_interferon,All annotated,full_gene,Donor1,0.0115757973984877,alpha_interaction,0
Type_I_interferon,All annotated,full_gene,Donor2,-0.0204131644094731,alpha_interaction,0
Type_I_interferon,All annotated,full_gene,Donor3,-0.0487273036931687,alpha_interaction,0
Type_I_interferon,All annotated,full_gene,Donor4,-0.0338721137114574,alpha_interaction,0
Type_I_interferon,All annotated,full_gene,Donor5,0.0199287062255611,alpha_interaction,0
Type_I_interferon,All annotated,full_gene,Donor6,-0.0275661298966051,alpha_interaction,0
Type_I_interferon,All annotated,identity_markers_removed,Donor1,0.0197108516277662,alpha_interaction,0
Type_I_interferon,All annotated,identity_markers_removed,Donor2,-0.0422491252325695,alpha_interaction,0
Type_I_interferon,All annotated,identity_markers_removed,Donor3,-0.053328598478439,alpha_interaction,0
Type_I_interferon,All annotated,identity_markers_removed,Donor4,-0.038914386693829,alpha_interaction,0
Type_I_interferon,All annotated,identity_markers_removed,Donor5,0.0126677351577653,alpha_interaction,0
Type_I_interferon,All annotated,identity_markers_removed,Donor6,-0.0298008627351171,alpha_interaction,0
Type_I_interferon,Resolved,full_gene,Donor1,-0.0108397638474747,alpha_interaction,0
Type_I_interferon,Resolved,full_gene,Donor2,-0.0708490652968366,alpha_interaction,0
Type_I_interferon,Resolved,full_gene,Donor3,-0.0302759773359475,alpha_interaction,0
Type_I_interferon,Resolved,full_gene,Donor4,-0.0461112629359647,alpha_interaction,0
Type_I_interferon,Resolved,full_gene,Donor5,-0.00637513871777898,alpha_interaction,0
Type_I_interferon,Resolved,full_gene,Donor6,-0.363791852060435,alpha_interaction,0
Type_I_interferon,Resolved,identity_markers_removed,Donor1,0.00234797276083679,alpha_interaction,0
Type_I_interferon,Resolved,identity_markers_removed,Donor2,-0.0704492518771403,alpha_interaction,0
Type_I_interferon,Resolved,identity_markers_removed,Donor3,-0.039343548724963,alpha_interaction,0
Type_I_interferon,Resolved,identity_markers_removed,Donor4,-0.0609154461373441,alpha_interaction,0
Type_I_interferon,Resolved,identity_markers_removed,Donor5,-0.00279226642734157,alpha_interaction,0
Type_I_interferon,Resolved,identity_markers_removed,Donor6,-0.399151430782882,alpha_interaction,0
Type_I_interferon,Resolved; >=100 genes,full_gene,Donor1,0.00838149743537707,alpha_interaction,0
Type_I_interferon,Resolved; >=100 genes,full_gene,Donor2,-0.0779857798504299,alpha_interaction,0
Type_I_interferon,Resolved; >=100 genes,full_gene,Donor3,-0.0311670815981845,alpha_interaction,0
Type_I_interferon,Resolved; >=100 genes,full_gene,Donor4,-0.0236198258150322,alpha_interaction,0
Type_I_interferon,Resolved; >=100 genes,full_gene,Donor5,-0.00346798849852269,alpha_interaction,0
Type_I_interferon,Resolved; >=100 genes,full_gene,Donor6,-0.363463066973325,alpha_interaction,0
Type_I_interferon,Resolved; >=100 genes,identity_markers_removed,Donor1,0.0249728353539618,alpha_interaction,0
Type_I_interferon,Resolved; >=100 genes,identity_markers_removed,Donor2,-0.0795571958812955,alpha_interaction,0
Type_I_interferon,Resolved; >=100 genes,identity_markers_removed,Donor3,-0.0418735157462321,alpha_interaction,0
Type_I_interferon,Resolved; >=100 genes,identity_markers_removed,Donor4,-0.0408724208537427,alpha_interaction,0
Type_I_interferon,Resolved; >=100 genes,identity_markers_removed,Donor5,0.00109470811093482,alpha_interaction,0
Type_I_interferon,Resolved; >=100 genes,identity_markers_removed,Donor6,-0.399274760343555,alpha_interaction,0
Immature_granulopoiesis,All annotated,full_gene,Donor1,0.105480980803723,alpha_interaction,0
Immature_granulopoiesis,All annotated,full_gene,Donor2,0.103687367124398,alpha_interaction,0
Immature_granulopoiesis,All annotated,full_gene,Donor3,0.280870536813426,alpha_interaction,0
Immature_granulopoiesis,All annotated,full_gene,Donor4,0.165691454882621,alpha_interaction,0
Immature_granulopoiesis,All annotated,full_gene,Donor5,0.122055913607948,alpha_interaction,0
Immature_granulopoiesis,All annotated,full_gene,Donor6,0.350825797102674,alpha_interaction,0
Immature_granulopoiesis,All annotated,identity_markers_removed,Donor1,0.105480980803723,alpha_interaction,0
Immature_granulopoiesis,All annotated,identity_markers_removed,Donor2,0.103687367124398,alpha_interaction,0
Immature_granulopoiesis,All annotated,identity_markers_removed,Donor3,0.280870536813426,alpha_interaction,0
Immature_granulopoiesis,All annotated,identity_markers_removed,Donor4,0.165691454882621,alpha_interaction,0
Immature_granulopoiesis,All annotated,identity_markers_removed,Donor5,0.122055913607948,alpha_interaction,0
Immature_granulopoiesis,All annotated,identity_markers_removed,Donor6,0.350825797102674,alpha_interaction,0
Immature_granulopoiesis,Resolved,full_gene,Donor1,0.127103591579583,alpha_interaction,0
Immature_granulopoiesis,Resolved,full_gene,Donor2,0.0422850483224462,alpha_interaction,0
Immature_granulopoiesis,Resolved,full_gene,Donor3,0.345330877214728,alpha_interaction,0
Immature_granulopoiesis,Resolved,full_gene,Donor4,0.186744998632166,alpha_interaction,0
Immature_granulopoiesis,Resolved,full_gene,Donor5,-0.0656485603893647,alpha_interaction,0
Immature_granulopoiesis,Resolved,full_gene,Donor6,0.279659293632814,alpha_interaction,0
Immature_granulopoiesis,Resolved,identity_markers_removed,Donor1,0.127103591579583,alpha_interaction,0
Immature_granulopoiesis,Resolved,identity_markers_removed,Donor2,0.0422850483224462,alpha_interaction,0
Immature_granulopoiesis,Resolved,identity_markers_removed,Donor3,0.345330877214728,alpha_interaction,0
Immature_granulopoiesis,Resolved,identity_markers_removed,Donor4,0.186744998632166,alpha_interaction,0
Immature_granulopoiesis,Resolved,identity_markers_removed,Donor5,-0.0656485603893647,alpha_interaction,0
Immature_granulopoiesis,Resolved,identity_markers_removed,Donor6,0.279659293632814,alpha_interaction,0
Immature_granulopoiesis,Resolved; >=100 genes,full_gene,Donor1,0.176797268344583,alpha_interaction,0
Immature_granulopoiesis,Resolved; >=100 genes,full_gene,Donor2,0.0679847232766478,alpha_interaction,0
Immature_granulopoiesis,Resolved; >=100 genes,full_gene,Donor3,0.386908983157326,alpha_interaction,0
Immature_granulopoiesis,Resolved; >=100 genes,full_gene,Donor4,0.26226822086047,alpha_interaction,0
Immature_granulopoiesis,Resolved; >=100 genes,full_gene,Donor5,-0.023895973636113,alpha_interaction,0
Immature_granulopoiesis,Resolved; >=100 genes,full_gene,Donor6,0.390835505060299,alpha_interaction,0
Immature_granulopoiesis,Resolved; >=100 genes,identity_markers_removed,Donor1,0.176797268344583,alpha_interaction,0
Immature_granulopoiesis,Resolved; >=100 genes,identity_markers_removed,Donor2,0.0679847232766478,alpha_interaction,0
Immature_granulopoiesis,Resolved; >=100 genes,identity_markers_removed,Donor3,0.386908983157326,alpha_interaction,0
Immature_granulopoiesis,Resolved; >=100 genes,identity_markers_removed,Donor4,0.26226822086047,alpha_interaction,0
Immature_granulopoiesis,Resolved; >=100 genes,identity_markers_removed,Donor5,-0.023895973636113,alpha_interaction,0
Immature_granulopoiesis,Resolved; >=100 genes,identity_markers_removed,Donor6,0.390835505060299,alpha_interaction,0
Survival_antiapoptosis,All annotated,full_gene,Donor1,-0.105412239425905,alpha_interaction,0
Survival_antiapoptosis,All annotated,full_gene,Donor2,-0.0564431690654886,alpha_interaction,0
Survival_antiapoptosis,All annotated,full_gene,Donor3,-0.258286048168661,alpha_interaction,0
Survival_antiapoptosis,All annotated,full_gene,Donor4,-0.377496860406566,alpha_interaction,0
Survival_antiapoptosis,All annotated,full_gene,Donor5,-0.120684271176238,alpha_interaction,0
Survival_antiapoptosis,All annotated,full_gene,Donor6,-0.41452357741966,alpha_interaction,0
Survival_antiapoptosis,All annotated,identity_markers_removed,Donor1,-0.105412239425905,alpha_interaction,0
Survival_antiapoptosis,All annotated,identity_markers_removed,Donor2,-0.0564431690654886,alpha_interaction,0
Survival_antiapoptosis,All annotated,identity_markers_removed,Donor3,-0.258286048168661,alpha_interaction,0
Survival_antiapoptosis,All annotated,identity_markers_removed,Donor4,-0.377496860406566,alpha_interaction,0
Survival_antiapoptosis,All annotated,identity_markers_removed,Donor5,-0.120684271176238,alpha_interaction,0
Survival_antiapoptosis,All annotated,identity_markers_removed,Donor6,-0.41452357741966,alpha_interaction,0
Survival_antiapoptosis,Resolved,full_gene,Donor1,-0.424328493641013,alpha_interaction,0
Survival_antiapoptosis,Resolved,full_gene,Donor2,-0.352864693827611,alpha_interaction,0
Survival_antiapoptosis,Resolved,full_gene,Donor3,-0.288425997893368,alpha_interaction,0
Survival_antiapoptosis,Resolved,full_gene,Donor4,-0.387270589750949,alpha_interaction,0
Survival_antiapoptosis,Resolved,full_gene,Donor5,-0.356358775282259,alpha_interaction,0
Survival_antiapoptosis,Resolved,full_gene,Donor6,-1.04284423147559,alpha_interaction,0
Survival_antiapoptosis,Resolved,identity_markers_removed,Donor1,-0.424328493641013,alpha_interaction,0
Survival_antiapoptosis,Resolved,identity_markers_removed,Donor2,-0.352864693827611,alpha_interaction,0
Survival_antiapoptosis,Resolved,identity_markers_removed,Donor3,-0.288425997893368,alpha_interaction,0
Survival_antiapoptosis,Resolved,identity_markers_removed,Donor4,-0.387270589750949,alpha_interaction,0
Survival_antiapoptosis,Resolved,identity_markers_removed,Donor5,-0.356358775282259,alpha_interaction,0
Survival_antiapoptosis,Resolved,identity_markers_removed,Donor6,-1.04284423147559,alpha_interaction,0
Survival_antiapoptosis,Resolved; >=100 genes,full_gene,Donor1,-0.43553237981151,alpha_interaction,0
Survival_antiapoptosis,Resolved; >=100 genes,full_gene,Donor2,-0.340992986546002,alpha_interaction,0
Survival_antiapoptosis,Resolved; >=100 genes,full_gene,Donor3,-0.281168663823155,alpha_interaction,0
Survival_antiapoptosis,Resolved; >=100 genes,full_gene,Donor4,-0.347946008709784,alpha_interaction,0
Survival_antiapoptosis,Resolved; >=100 genes,full_gene,Donor5,-0.467666223433779,alpha_interaction,0
Survival_antiapoptosis,Resolved; >=100 genes,full_gene,Donor6,-1.03841024824499,alpha_interaction,0
Survival_antiapoptosis,Resolved; >=100 genes,identity_markers_removed,Donor1,-0.43553237981151,alpha_interaction,0
Survival_antiapoptosis,Resolved; >=100 genes,identity_markers_removed,Donor2,-0.340992986546002,alpha_interaction,0
Survival_antiapoptosis,Resolved; >=100 genes,identity_markers_removed,Donor3,-0.281168663823155,alpha_interaction,0
Survival_antiapoptosis,Resolved; >=100 genes,identity_markers_removed,Donor4,-0.347946008709784,alpha_interaction,0
Survival_antiapoptosis,Resolved; >=100 genes,identity_markers_removed,Donor5,-0.467666223433779,alpha_interaction,0
Survival_antiapoptosis,Resolved; >=100 genes,identity_markers_removed,Donor6,-1.03841024824499,alpha_interaction,0
Hypoxia_glycolysis,All annotated,full_gene,Donor1,0.0153101254346088,alpha_interaction,0
Hypoxia_glycolysis,All annotated,full_gene,Donor2,-0.0431372376570766,alpha_interaction,0
Hypoxia_glycolysis,All annotated,full_gene,Donor3,-0.0947848635939344,alpha_interaction,0
Hypoxia_glycolysis,All annotated,full_gene,Donor4,-0.118121503823799,alpha_interaction,0
Hypoxia_glycolysis,All annotated,full_gene,Donor5,-0.0278035945642824,alpha_interaction,0
Hypoxia_glycolysis,All annotated,full_gene,Donor6,0.006205290045037,alpha_interaction,0
Hypoxia_glycolysis,All annotated,identity_markers_removed,Donor1,0.0153101254346088,alpha_interaction,0
Hypoxia_glycolysis,All annotated,identity_markers_removed,Donor2,-0.0431372376570766,alpha_interaction,0
Hypoxia_glycolysis,All annotated,identity_markers_removed,Donor3,-0.0947848635939344,alpha_interaction,0
Hypoxia_glycolysis,All annotated,identity_markers_removed,Donor4,-0.118121503823799,alpha_interaction,0
Hypoxia_glycolysis,All annotated,identity_markers_removed,Donor5,-0.0278035945642824,alpha_interaction,0
Hypoxia_glycolysis,All annotated,identity_markers_removed,Donor6,0.006205290045037,alpha_interaction,0
Hypoxia_glycolysis,Resolved,full_gene,Donor1,-0.205397787162915,alpha_interaction,0
Hypoxia_glycolysis,Resolved,full_gene,Donor2,-0.249931869894048,alpha_interaction,0
Hypoxia_glycolysis,Resolved,full_gene,Donor3,-0.11661246743078,alpha_interaction,0
Hypoxia_glycolysis,Resolved,full_gene,Donor4,-0.138271220311084,alpha_interaction,0
Hypoxia_glycolysis,Resolved,full_gene,Donor5,-0.325180741994299,alpha_interaction,0
Hypoxia_glycolysis,Resolved,full_gene,Donor6,0.127224778026587,alpha_interaction,0
Hypoxia_glycolysis,Resolved,identity_markers_removed,Donor1,-0.205397787162915,alpha_interaction,0
Hypoxia_glycolysis,Resolved,identity_markers_removed,Donor2,-0.249931869894048,alpha_interaction,0
Hypoxia_glycolysis,Resolved,identity_markers_removed,Donor3,-0.11661246743078,alpha_interaction,0
Hypoxia_glycolysis,Resolved,identity_markers_removed,Donor4,-0.138271220311084,alpha_interaction,0
Hypoxia_glycolysis,Resolved,identity_markers_removed,Donor5,-0.325180741994299,alpha_interaction,0
Hypoxia_glycolysis,Resolved,identity_markers_removed,Donor6,0.127224778026587,alpha_interaction,0
Hypoxia_glycolysis,Resolved; >=100 genes,full_gene,Donor1,-0.169296549009833,alpha_interaction,0
Hypoxia_glycolysis,Resolved; >=100 genes,full_gene,Donor2,-0.258562884776761,alpha_interaction,0
Hypoxia_glycolysis,Resolved; >=100 genes,full_gene,Donor3,-0.129769583760629,alpha_interaction,0
Hypoxia_glycolysis,Resolved; >=100 genes,full_gene,Donor4,-0.0985192729851265,alpha_interaction,0
Hypoxia_glycolysis,Resolved; >=100 genes,full_gene,Donor5,-0.369957907255113,alpha_interaction,0
Hypoxia_glycolysis,Resolved; >=100 genes,full_gene,Donor6,0.146705311397366,alpha_interaction,0
Hypoxia_glycolysis,Resolved; >=100 genes,identity_markers_removed,Donor1,-0.169296549009833,alpha_interaction,0
Hypoxia_glycolysis,Resolved; >=100 genes,identity_markers_removed,Donor2,-0.258562884776761,alpha_interaction,0
Hypoxia_glycolysis,Resolved; >=100 genes,identity_markers_removed,Donor3,-0.129769583760629,alpha_interaction,0
Hypoxia_glycolysis,Resolved; >=100 genes,identity_markers_removed,Donor4,-0.0985192729851265,alpha_interaction,0
Hypoxia_glycolysis,Resolved; >=100 genes,identity_markers_removed,Donor5,-0.369957907255113,alpha_interaction,0
Hypoxia_glycolysis,Resolved; >=100 genes,identity_markers_removed,Donor6,0.146705311397366,alpha_interaction,0
ER_stress,All annotated,full_gene,Donor1,-0.101825860615378,alpha_interaction,0
ER_stress,All annotated,full_gene,Donor2,-0.0554553986636041,alpha_interaction,0
ER_stress,All annotated,full_gene,Donor3,-0.321729652458833,alpha_interaction,0
ER_stress,All annotated,full_gene,Donor4,-0.387952597497448,alpha_interaction,0
ER_stress,All annotated,full_gene,Donor5,0.00884335394782498,alpha_interaction,0
ER_stress,All annotated,full_gene,Donor6,-0.777935489740576,alpha_interaction,0
ER_stress,All annotated,identity_markers_removed,Donor1,-0.101825860615378,alpha_interaction,0
ER_stress,All annotated,identity_markers_removed,Donor2,-0.0554553986636041,alpha_interaction,0
ER_stress,All annotated,identity_markers_removed,Donor3,-0.321729652458833,alpha_interaction,0
ER_stress,All annotated,identity_markers_removed,Donor4,-0.387952597497448,alpha_interaction,0
ER_stress,All annotated,identity_markers_removed,Donor5,0.00884335394782498,alpha_interaction,0
ER_stress,All annotated,identity_markers_removed,Donor6,-0.777935489740576,alpha_interaction,0
ER_stress,Resolved,full_gene,Donor1,-0.41809943204954,alpha_interaction,0
ER_stress,Resolved,full_gene,Donor2,-0.345471030129658,alpha_interaction,0
ER_stress,Resolved,full_gene,Donor3,-0.417748306708914,alpha_interaction,0
ER_stress,Resolved,full_gene,Donor4,-0.411870492349078,alpha_interaction,0
ER_stress,Resolved,full_gene,Donor5,-0.0401725352302297,alpha_interaction,0
ER_stress,Resolved,full_gene,Donor6,-0.438983317723334,alpha_interaction,0
ER_stress,Resolved,identity_markers_removed,Donor1,-0.41809943204954,alpha_interaction,0
ER_stress,Resolved,identity_markers_removed,Donor2,-0.345471030129658,alpha_interaction,0
ER_stress,Resolved,identity_markers_removed,Donor3,-0.417748306708914,alpha_interaction,0
ER_stress,Resolved,identity_markers_removed,Donor4,-0.411870492349078,alpha_interaction,0
ER_stress,Resolved,identity_markers_removed,Donor5,-0.0401725352302297,alpha_interaction,0
ER_stress,Resolved,identity_markers_removed,Donor6,-0.438983317723334,alpha_interaction,0
ER_stress,Resolved; >=100 genes,full_gene,Donor1,-0.394633652356304,alpha_interaction,0
ER_stress,Resolved; >=100 genes,full_gene,Donor2,-0.352372245867331,alpha_interaction,0
ER_stress,Resolved; >=100 genes,full_gene,Donor3,-0.408576201620622,alpha_interaction,0
ER_stress,Resolved; >=100 genes,full_gene,Donor4,-0.371956639087362,alpha_interaction,0
ER_stress,Resolved; >=100 genes,full_gene,Donor5,-0.163330378224711,alpha_interaction,0
ER_stress,Resolved; >=100 genes,full_gene,Donor6,-0.438390889789328,alpha_interaction,0
ER_stress,Resolved; >=100 genes,identity_markers_removed,Donor1,-0.394633652356304,alpha_interaction,0
ER_stress,Resolved; >=100 genes,identity_markers_removed,Donor2,-0.352372245867331,alpha_interaction,0
ER_stress,Resolved; >=100 genes,identity_markers_removed,Donor3,-0.408576201620622,alpha_interaction,0
ER_stress,Resolved; >=100 genes,identity_markers_removed,Donor4,-0.371956639087362,alpha_interaction,0
ER_stress,Resolved; >=100 genes,identity_markers_removed,Donor5,-0.163330378224711,alpha_interaction,0
ER_stress,Resolved; >=100 genes,identity_markers_removed,Donor6,-0.438390889789328,alpha_interaction,0
Proliferation_stress,All annotated,full_gene,Donor1,0.0152827014030522,alpha_interaction,0
Proliferation_stress,All annotated,full_gene,Donor2,-0.0337440549746575,alpha_interaction,0
Proliferation_stress,All annotated,full_gene,Donor3,-0.0192228515230952,alpha_interaction,0
Proliferation_stress,All annotated,full_gene,Donor4,-0.00267804328753801,alpha_interaction,0
Proliferation_stress,All annotated,full_gene,Donor5,0.168946342158441,alpha_interaction,0
Proliferation_stress,All annotated,full_gene,Donor6,0.01322673641247,alpha_interaction,0
Proliferation_stress,All annotated,identity_markers_removed,Donor1,0.0152827014030522,alpha_interaction,0
Proliferation_stress,All annotated,identity_markers_removed,Donor2,-0.0337440549746575,alpha_interaction,0
Proliferation_stress,All annotated,identity_markers_removed,Donor3,-0.0192228515230952,alpha_interaction,0
Proliferation_stress,All annotated,identity_markers_removed,Donor4,-0.00267804328753801,alpha_interaction,0
Proliferation_stress,All annotated,identity_markers_removed,Donor5,0.168946342158441,alpha_interaction,0
Proliferation_stress,All annotated,identity_markers_removed,Donor6,0.01322673641247,alpha_interaction,0
Proliferation_stress,Resolved,full_gene,Donor1,0.0108917990558551,alpha_interaction,0
Proliferation_stress,Resolved,full_gene,Donor2,-0.0754503428244834,alpha_interaction,0
Proliferation_stress,Resolved,full_gene,Donor3,-0.0117064024705041,alpha_interaction,0
Proliferation_stress,Resolved,full_gene,Donor4,0.0197663987548197,alpha_interaction,0
Proliferation_stress,Resolved,full_gene,Donor5,-0.115392640219528,alpha_interaction,0
Proliferation_stress,Resolved,full_gene,Donor6,-0.277385314691165,alpha_interaction,0
Proliferation_stress,Resolved,identity_markers_removed,Donor1,0.0108917990558551,alpha_interaction,0
Proliferation_stress,Resolved,identity_markers_removed,Donor2,-0.0754503428244834,alpha_interaction,0
Proliferation_stress,Resolved,identity_markers_removed,Donor3,-0.0117064024705041,alpha_interaction,0
Proliferation_stress,Resolved,identity_markers_removed,Donor4,0.0197663987548197,alpha_interaction,0
Proliferation_stress,Resolved,identity_markers_removed,Donor5,-0.115392640219528,alpha_interaction,0
Proliferation_stress,Resolved,identity_markers_removed,Donor6,-0.277385314691165,alpha_interaction,0
Proliferation_stress,Resolved; >=100 genes,full_gene,Donor1,0.0429889551857548,alpha_interaction,0
Proliferation_stress,Resolved; >=100 genes,full_gene,Donor2,-0.0796855446814158,alpha_interaction,0
Proliferation_stress,Resolved; >=100 genes,full_gene,Donor3,-0.00136905079785926,alpha_interaction,0
Proliferation_stress,Resolved; >=100 genes,full_gene,Donor4,0.0368261507286331,alpha_interaction,0
Proliferation_stress,Resolved; >=100 genes,full_gene,Donor5,-0.119962797548094,alpha_interaction,0
Proliferation_stress,Resolved; >=100 genes,full_gene,Donor6,-0.234399668440983,alpha_interaction,0
Proliferation_stress,Resolved; >=100 genes,identity_markers_removed,Donor1,0.0429889551857548,alpha_interaction,0
Proliferation_stress,Resolved; >=100 genes,identity_markers_removed,Donor2,-0.0796855446814158,alpha_interaction,0
Proliferation_stress,Resolved; >=100 genes,identity_markers_removed,Donor3,-0.00136905079785926,alpha_interaction,0
Proliferation_stress,Resolved; >=100 genes,identity_markers_removed,Donor4,0.0368261507286331,alpha_interaction,0
Proliferation_stress,Resolved; >=100 genes,identity_markers_removed,Donor5,-0.119962797548094,alpha_interaction,0
Proliferation_stress,Resolved; >=100 genes,identity_markers_removed,Donor6,-0.234399668440983,alpha_interaction,0
Integrin_adhesion,All annotated,full_gene,Donor1,-0.0987376458420778,alpha_interaction,0
Integrin_adhesion,All annotated,full_gene,Donor2,-0.0420223110334811,alpha_interaction,0
Integrin_adhesion,All annotated,full_gene,Donor3,-0.21591911084184,alpha_interaction,0
Integrin_adhesion,All annotated,full_gene,Donor4,-0.295345985172813,alpha_interaction,0
Integrin_adhesion,All annotated,full_gene,Donor5,-0.0642709414386786,alpha_interaction,0
Integrin_adhesion,All annotated,full_gene,Donor6,-0.681793891282956,alpha_interaction,0
Integrin_adhesion,All annotated,identity_markers_removed,Donor1,-0.0987376458420778,alpha_interaction,0
Integrin_adhesion,All annotated,identity_markers_removed,Donor2,-0.0420223110334811,alpha_interaction,0
Integrin_adhesion,All annotated,identity_markers_removed,Donor3,-0.21591911084184,alpha_interaction,0
Integrin_adhesion,All annotated,identity_markers_removed,Donor4,-0.295345985172813,alpha_interaction,0
Integrin_adhesion,All annotated,identity_markers_removed,Donor5,-0.0642709414386786,alpha_interaction,0
Integrin_adhesion,All annotated,identity_markers_removed,Donor6,-0.681793891282956,alpha_interaction,0
Integrin_adhesion,Resolved,full_gene,Donor1,-0.290917232310607,alpha_interaction,0
Integrin_adhesion,Resolved,full_gene,Donor2,-0.254363638614235,alpha_interaction,0
Integrin_adhesion,Resolved,full_gene,Donor3,-0.220857981102322,alpha_interaction,0
Integrin_adhesion,Resolved,full_gene,Donor4,-0.341306725832141,alpha_interaction,0
Integrin_adhesion,Resolved,full_gene,Donor5,-0.387889283655762,alpha_interaction,0
Integrin_adhesion,Resolved,full_gene,Donor6,-1.19336448041593,alpha_interaction,0
Integrin_adhesion,Resolved,identity_markers_removed,Donor1,-0.290917232310607,alpha_interaction,0
Integrin_adhesion,Resolved,identity_markers_removed,Donor2,-0.254363638614235,alpha_interaction,0
Integrin_adhesion,Resolved,identity_markers_removed,Donor3,-0.220857981102322,alpha_interaction,0
Integrin_adhesion,Resolved,identity_markers_removed,Donor4,-0.341306725832141,alpha_interaction,0
Integrin_adhesion,Resolved,identity_markers_removed,Donor5,-0.387889283655762,alpha_interaction,0
Integrin_adhesion,Resolved,identity_markers_removed,Donor6,-1.19336448041593,alpha_interaction,0
Integrin_adhesion,Resolved; >=100 genes,full_gene,Donor1,-0.273389619651483,alpha_interaction,0
Integrin_adhesion,Resolved; >=100 genes,full_gene,Donor2,-0.294626668132847,alpha_interaction,0
Integrin_adhesion,Resolved; >=100 genes,full_gene,Donor3,-0.205164071290711,alpha_interaction,0
Integrin_adhesion,Resolved; >=100 genes,full_gene,Donor4,-0.311793960116348,alpha_interaction,0
Integrin_adhesion,Resolved; >=100 genes,full_gene,Donor5,-0.432893661369621,alpha_interaction,0
Integrin_adhesion,Resolved; >=100 genes,full_gene,Donor6,-1.18873895131525,alpha_interaction,0
Integrin_adhesion,Resolved; >=100 genes,identity_markers_removed,Donor1,-0.273389619651483,alpha_interaction,0
Integrin_adhesion,Resolved; >=100 genes,identity_markers_removed,Donor2,-0.294626668132847,alpha_interaction,0
Integrin_adhesion,Resolved; >=100 genes,identity_markers_removed,Donor3,-0.205164071290711,alpha_interaction,0
Integrin_adhesion,Resolved; >=100 genes,identity_markers_removed,Donor4,-0.311793960116348,alpha_interaction,0
Integrin_adhesion,Resolved; >=100 genes,identity_markers_removed,Donor5,-0.432893661369621,alpha_interaction,0
Integrin_adhesion,Resolved; >=100 genes,identity_markers_removed,Donor6,-1.18873895131525,alpha_interaction,0
CXCR4_aging_retention,All annotated,full_gene,Donor1,-0.190964817503892,alpha_interaction,0
CXCR4_aging_retention,All annotated,full_gene,Donor2,-0.119312326295874,alpha_interaction,0
CXCR4_aging_retention,All annotated,full_gene,Donor3,-0.54112990614356,alpha_interaction,0
CXCR4_aging_retention,All annotated,full_gene,Donor4,-0.694468293020507,alpha_interaction,0
CXCR4_aging_retention,All annotated,full_gene,Donor5,-0.206132557289819,alpha_interaction,0
CXCR4_aging_retention,All annotated,full_gene,Donor6,-0.462253681075897,alpha_interaction,0
CXCR4_aging_retention,All annotated,identity_markers_removed,Donor1,-0.202735793525993,alpha_interaction,0
CXCR4_aging_retention,All annotated,identity_markers_removed,Donor2,-0.147804299956658,alpha_interaction,0
CXCR4_aging_retention,All annotated,identity_markers_removed,Donor3,-0.552008051851091,alpha_interaction,0
CXCR4_aging_retention,All annotated,identity_markers_removed,Donor4,-0.693317132234971,alpha_interaction,0
CXCR4_aging_retention,All annotated,identity_markers_removed,Donor5,-0.217940770072174,alpha_interaction,0
CXCR4_aging_retention,All annotated,identity_markers_removed,Donor6,-0.384698607907473,alpha_interaction,0
CXCR4_aging_retention,Resolved,full_gene,Donor1,-0.860365695316086,alpha_interaction,0
CXCR4_aging_retention,Resolved,full_gene,Donor2,-0.800952365493896,alpha_interaction,0
CXCR4_aging_retention,Resolved,full_gene,Donor3,-0.681586831513054,alpha_interaction,0
CXCR4_aging_retention,Resolved,full_gene,Donor4,-0.780131772429614,alpha_interaction,0
CXCR4_aging_retention,Resolved,full_gene,Donor5,-1.14915194056037,alpha_interaction,0
CXCR4_aging_retention,Resolved,full_gene,Donor6,-1.1290983253857,alpha_interaction,0
CXCR4_aging_retention,Resolved,identity_markers_removed,Donor1,-0.876035128097015,alpha_interaction,0
CXCR4_aging_retention,Resolved,identity_markers_removed,Donor2,-0.759404548356135,alpha_interaction,0
CXCR4_aging_retention,Resolved,identity_markers_removed,Donor3,-0.694987552111668,alpha_interaction,0
CXCR4_aging_retention,Resolved,identity_markers_removed,Donor4,-0.786694613927574,alpha_interaction,0
CXCR4_aging_retention,Resolved,identity_markers_removed,Donor5,-1.02839649141451,alpha_interaction,0
CXCR4_aging_retention,Resolved,identity_markers_removed,Donor6,-1.00761430633444,alpha_interaction,0
CXCR4_aging_retention,Resolved; >=100 genes,full_gene,Donor1,-0.857879312442167,alpha_interaction,0
CXCR4_aging_retention,Resolved; >=100 genes,full_gene,Donor2,-0.766166739094826,alpha_interaction,0
CXCR4_aging_retention,Resolved; >=100 genes,full_gene,Donor3,-0.649524867151154,alpha_interaction,0
CXCR4_aging_retention,Resolved; >=100 genes,full_gene,Donor4,-0.692253586891932,alpha_interaction,0
CXCR4_aging_retention,Resolved; >=100 genes,full_gene,Donor5,-1.21775536749629,alpha_interaction,0
CXCR4_aging_retention,Resolved; >=100 genes,full_gene,Donor6,-1.10016583679143,alpha_interaction,0
CXCR4_aging_retention,Resolved; >=100 genes,identity_markers_removed,Donor1,-0.895830171930028,alpha_interaction,0
CXCR4_aging_retention,Resolved; >=100 genes,identity_markers_removed,Donor2,-0.732376831396778,alpha_interaction,0
CXCR4_aging_retention,Resolved; >=100 genes,identity_markers_removed,Donor3,-0.660937616521278,alpha_interaction,0
CXCR4_aging_retention,Resolved; >=100 genes,identity_markers_removed,Donor4,-0.706648411230728,alpha_interaction,0
CXCR4_aging_retention,Resolved; >=100 genes,identity_markers_removed,Donor5,-1.14064519259375,alpha_interaction,0
CXCR4_aging_retention,Resolved; >=100 genes,identity_markers_removed,Donor6,-0.991696356806827,alpha_interaction,0
NETosis,All annotated,full_gene,Donor1,0.015415499249153,alpha_in_UC,0
NETosis,All annotated,full_gene,Donor2,0.0250456693247106,alpha_in_UC,0
NETosis,All annotated,full_gene,Donor3,0.00539555042268181,alpha_in_UC,0
NETosis,All annotated,full_gene,Donor4,0.0396688974668058,alpha_in_UC,0
NETosis,All annotated,full_gene,Donor5,0.0513874969918351,alpha_in_UC,0
NETosis,All annotated,full_gene,Donor6,0.0137065707766161,alpha_in_UC,0
NETosis,All annotated,identity_markers_removed,Donor1,0.0236784275249814,alpha_in_UC,0
NETosis,All annotated,identity_markers_removed,Donor2,0.0312533326068613,alpha_in_UC,0
NETosis,All annotated,identity_markers_removed,Donor3,0.00774454607219617,alpha_in_UC,0
NETosis,All annotated,identity_markers_removed,Donor4,0.0405677890908407,alpha_in_UC,0
NETosis,All annotated,identity_markers_removed,Donor5,0.0744294605746546,alpha_in_UC,0
NETosis,All annotated,identity_markers_removed,Donor6,0.0163684196895518,alpha_in_UC,0
NETosis,Resolved,full_gene,Donor1,-0.0167866818582018,alpha_in_UC,0
NETosis,Resolved,full_gene,Donor2,0.0258031723319584,alpha_in_UC,0
NETosis,Resolved,full_gene,Donor3,0.0532689823202964,alpha_in_UC,0
NETosis,Resolved,full_gene,Donor4,0.0876713291170201,alpha_in_UC,0
NETosis,Resolved,full_gene,Donor5,-0.159914466951335,alpha_in_UC,0
NETosis,Resolved,full_gene,Donor6,-0.0316156974555074,alpha_in_UC,0
NETosis,Resolved,identity_markers_removed,Donor1,-0.00723484134828826,alpha_in_UC,0
NETosis,Resolved,identity_markers_removed,Donor2,0.030759568684156,alpha_in_UC,0
NETosis,Resolved,identity_markers_removed,Donor3,0.0472558052506883,alpha_in_UC,0
NETosis,Resolved,identity_markers_removed,Donor4,0.0830070222556886,alpha_in_UC,0
NETosis,Resolved,identity_markers_removed,Donor5,-0.137835354844019,alpha_in_UC,0
NETosis,Resolved,identity_markers_removed,Donor6,-0.0372288296237413,alpha_in_UC,0
NETosis,Resolved; >=100 genes,full_gene,Donor1,-0.025853002621805,alpha_in_UC,0
NETosis,Resolved; >=100 genes,full_gene,Donor2,0.016088774221696,alpha_in_UC,0
NETosis,Resolved; >=100 genes,full_gene,Donor3,0.0519243902314787,alpha_in_UC,0
NETosis,Resolved; >=100 genes,full_gene,Donor4,0.0843681503329746,alpha_in_UC,0
NETosis,Resolved; >=100 genes,full_gene,Donor5,-0.199934680910042,alpha_in_UC,0
NETosis,Resolved; >=100 genes,full_gene,Donor6,-0.0660127541330192,alpha_in_UC,0
NETosis,Resolved; >=100 genes,identity_markers_removed,Donor1,-0.0210937709697312,alpha_in_UC,0
NETosis,Resolved; >=100 genes,identity_markers_removed,Donor2,0.0213786183629571,alpha_in_UC,0
NETosis,Resolved; >=100 genes,identity_markers_removed,Donor3,0.045869411178673,alpha_in_UC,0
NETosis,Resolved; >=100 genes,identity_markers_removed,Donor4,0.0793215600002956,alpha_in_UC,0
NETosis,Resolved; >=100 genes,identity_markers_removed,Donor5,-0.177289123142303,alpha_in_UC,0
NETosis,Resolved; >=100 genes,identity_markers_removed,Donor6,-0.0760926346625196,alpha_in_UC,0
Degranulation,All annotated,full_gene,Donor1,0.0510948364631542,alpha_in_UC,0
Degranulation,All annotated,full_gene,Donor2,0.0558196172092674,alpha_in_UC,0
Degranulation,All annotated,full_gene,Donor3,0.0401601949598736,alpha_in_UC,0
Degranulation,All annotated,full_gene,Donor4,0.0495761766721438,alpha_in_UC,0
Degranulation,All annotated,full_gene,Donor5,0.020546216886461,alpha_in_UC,0
Degranulation,All annotated,full_gene,Donor6,0.0720945480459567,alpha_in_UC,0
Degranulation,All annotated,identity_markers_removed,Donor1,0.0510948364631542,alpha_in_UC,0
Degranulation,All annotated,identity_markers_removed,Donor2,0.0558196172092674,alpha_in_UC,0
Degranulation,All annotated,identity_markers_removed,Donor3,0.0401601949598736,alpha_in_UC,0
Degranulation,All annotated,identity_markers_removed,Donor4,0.0495761766721438,alpha_in_UC,0
Degranulation,All annotated,identity_markers_removed,Donor5,0.020546216886461,alpha_in_UC,0
Degranulation,All annotated,identity_markers_removed,Donor6,0.0720945480459567,alpha_in_UC,0
Degranulation,Resolved,full_gene,Donor1,0.0619565965715012,alpha_in_UC,0
Degranulation,Resolved,full_gene,Donor2,0.0600191624224168,alpha_in_UC,0
Degranulation,Resolved,full_gene,Donor3,0.0646400565930108,alpha_in_UC,0
Degranulation,Resolved,full_gene,Donor4,0.0661699995139811,alpha_in_UC,0
Degranulation,Resolved,full_gene,Donor5,-0.10339027574377,alpha_in_UC,0
Degranulation,Resolved,full_gene,Donor6,0.0607122116250892,alpha_in_UC,0
Degranulation,Resolved,identity_markers_removed,Donor1,0.0619565965715012,alpha_in_UC,0
Degranulation,Resolved,identity_markers_removed,Donor2,0.0600191624224168,alpha_in_UC,0
Degranulation,Resolved,identity_markers_removed,Donor3,0.0646400565930108,alpha_in_UC,0
Degranulation,Resolved,identity_markers_removed,Donor4,0.0661699995139811,alpha_in_UC,0
Degranulation,Resolved,identity_markers_removed,Donor5,-0.10339027574377,alpha_in_UC,0
Degranulation,Resolved,identity_markers_removed,Donor6,0.0607122116250892,alpha_in_UC,0
Degranulation,Resolved; >=100 genes,full_gene,Donor1,0.057774706130497,alpha_in_UC,0
Degranulation,Resolved; >=100 genes,full_gene,Donor2,0.0574881306103386,alpha_in_UC,0
Degranulation,Resolved; >=100 genes,full_gene,Donor3,0.0650438173724903,alpha_in_UC,0
Degranulation,Resolved; >=100 genes,full_gene,Donor4,0.066550008218743,alpha_in_UC,0
Degranulation,Resolved; >=100 genes,full_gene,Donor5,-0.128156190313224,alpha_in_UC,0
Degranulation,Resolved; >=100 genes,full_gene,Donor6,0.0446068200181525,alpha_in_UC,0
Degranulation,Resolved; >=100 genes,identity_markers_removed,Donor1,0.057774706130497,alpha_in_UC,0
Degranulation,Resolved; >=100 genes,identity_markers_removed,Donor2,0.0574881306103386,alpha_in_UC,0
Degranulation,Resolved; >=100 genes,identity_markers_removed,Donor3,0.0650438173724903,alpha_in_UC,0
Degranulation,Resolved; >=100 genes,identity_markers_removed,Donor4,0.066550008218743,alpha_in_UC,0
Degranulation,Resolved; >=100 genes,identity_markers_removed,Donor5,-0.128156190313224,alpha_in_UC,0
Degranulation,Resolved; >=100 genes,identity_markers_removed,Donor6,0.0446068200181525,alpha_in_UC,0
Oxidative_burst,All annotated,full_gene,Donor1,-0.053565394132659,alpha_in_UC,0
Oxidative_burst,All annotated,full_gene,Donor2,-0.0299471944772867,alpha_in_UC,0
Oxidative_burst,All annotated,full_gene,Donor3,-0.0230113763802421,alpha_in_UC,0
Oxidative_burst,All annotated,full_gene,Donor4,0.0172307554681337,alpha_in_UC,0
Oxidative_burst,All annotated,full_gene,Donor5,0.0972490538314499,alpha_in_UC,0
Oxidative_burst,All annotated,full_gene,Donor6,-0.0268954397614898,alpha_in_UC,0
Oxidative_burst,All annotated,identity_markers_removed,Donor1,-0.053565394132659,alpha_in_UC,0
Oxidative_burst,All annotated,identity_markers_removed,Donor2,-0.0299471944772867,alpha_in_UC,0
Oxidative_burst,All annotated,identity_markers_removed,Donor3,-0.0230113763802421,alpha_in_UC,0
Oxidative_burst,All annotated,identity_markers_removed,Donor4,0.0172307554681337,alpha_in_UC,0
Oxidative_burst,All annotated,identity_markers_removed,Donor5,0.0972490538314499,alpha_in_UC,0
Oxidative_burst,All annotated,identity_markers_removed,Donor6,-0.0268954397614898,alpha_in_UC,0
Oxidative_burst,Resolved,full_gene,Donor1,-0.129569674309321,alpha_in_UC,0
Oxidative_burst,Resolved,full_gene,Donor2,-0.104557902426348,alpha_in_UC,0
Oxidative_burst,Resolved,full_gene,Donor3,0.0514083001357922,alpha_in_UC,0
Oxidative_burst,Resolved,full_gene,Donor4,0.103105962733186,alpha_in_UC,0
Oxidative_burst,Resolved,full_gene,Donor5,-0.171393052237811,alpha_in_UC,0
Oxidative_burst,Resolved,full_gene,Donor6,-0.157173476697216,alpha_in_UC,0
Oxidative_burst,Resolved,identity_markers_removed,Donor1,-0.129569674309321,alpha_in_UC,0
Oxidative_burst,Resolved,identity_markers_removed,Donor2,-0.104557902426348,alpha_in_UC,0
Oxidative_burst,Resolved,identity_markers_removed,Donor3,0.0514083001357922,alpha_in_UC,0
Oxidative_burst,Resolved,identity_markers_removed,Donor4,0.103105962733186,alpha_in_UC,0
Oxidative_burst,Resolved,identity_markers_removed,Donor5,-0.171393052237811,alpha_in_UC,0
Oxidative_burst,Resolved,identity_markers_removed,Donor6,-0.157173476697216,alpha_in_UC,0
Oxidative_burst,Resolved; >=100 genes,full_gene,Donor1,-0.158467523170298,alpha_in_UC,0
Oxidative_burst,Resolved; >=100 genes,full_gene,Donor2,-0.121296004229319,alpha_in_UC,0
Oxidative_burst,Resolved; >=100 genes,full_gene,Donor3,0.0489717673242416,alpha_in_UC,0
Oxidative_burst,Resolved; >=100 genes,full_gene,Donor4,0.096997616653372,alpha_in_UC,0
Oxidative_burst,Resolved; >=100 genes,full_gene,Donor5,-0.239234626454236,alpha_in_UC,0
Oxidative_burst,Resolved; >=100 genes,full_gene,Donor6,-0.211984827749485,alpha_in_UC,0
Oxidative_burst,Resolved; >=100 genes,identity_markers_removed,Donor1,-0.158467523170298,alpha_in_UC,0
Oxidative_burst,Resolved; >=100 genes,identity_markers_removed,Donor2,-0.121296004229319,alpha_in_UC,0
Oxidative_burst,Resolved; >=100 genes,identity_markers_removed,Donor3,0.0489717673242416,alpha_in_UC,0
Oxidative_burst,Resolved; >=100 genes,identity_markers_removed,Donor4,0.096997616653372,alpha_in_UC,0
Oxidative_burst,Resolved; >=100 genes,identity_markers_removed,Donor5,-0.239234626454236,alpha_in_UC,0
Oxidative_burst,Resolved; >=100 genes,identity_markers_removed,Donor6,-0.211984827749485,alpha_in_UC,0
Phagocytosis,All annotated,full_gene,Donor1,-0.0728625302116774,alpha_in_UC,0
Phagocytosis,All annotated,full_gene,Donor2,-0.0697203746340916,alpha_in_UC,0
Phagocytosis,All annotated,full_gene,Donor3,-0.0769007592855434,alpha_in_UC,0
Phagocytosis,All annotated,full_gene,Donor4,-0.0445062684357766,alpha_in_UC,0
Phagocytosis,All annotated,full_gene,Donor5,-0.0307433310425241,alpha_in_UC,0
Phagocytosis,All annotated,full_gene,Donor6,-0.0425616163833584,alpha_in_UC,0
Phagocytosis,All annotated,identity_markers_removed,Donor1,-0.0728625302116774,alpha_in_UC,0
Phagocytosis,All annotated,identity_markers_removed,Donor2,-0.0697203746340916,alpha_in_UC,0
Phagocytosis,All annotated,identity_markers_removed,Donor3,-0.0769007592855434,alpha_in_UC,0
Phagocytosis,All annotated,identity_markers_removed,Donor4,-0.0445062684357766,alpha_in_UC,0
Phagocytosis,All annotated,identity_markers_removed,Donor5,-0.0307433310425241,alpha_in_UC,0
Phagocytosis,All annotated,identity_markers_removed,Donor6,-0.0425616163833584,alpha_in_UC,0
Phagocytosis,Resolved,full_gene,Donor1,-0.185936083311045,alpha_in_UC,0
Phagocytosis,Resolved,full_gene,Donor2,-0.179380292856195,alpha_in_UC,0
Phagocytosis,Resolved,full_gene,Donor3,-0.00118400529871823,alpha_in_UC,0
Phagocytosis,Resolved,full_gene,Donor4,0.0437790554309548,alpha_in_UC,0
Phagocytosis,Resolved,full_gene,Donor5,-0.206193109463946,alpha_in_UC,0
Phagocytosis,Resolved,full_gene,Donor6,-0.177750307083072,alpha_in_UC,0
Phagocytosis,Resolved,identity_markers_removed,Donor1,-0.185936083311045,alpha_in_UC,0
Phagocytosis,Resolved,identity_markers_removed,Donor2,-0.179380292856195,alpha_in_UC,0
Phagocytosis,Resolved,identity_markers_removed,Donor3,-0.00118400529871823,alpha_in_UC,0
Phagocytosis,Resolved,identity_markers_removed,Donor4,0.0437790554309548,alpha_in_UC,0
Phagocytosis,Resolved,identity_markers_removed,Donor5,-0.206193109463946,alpha_in_UC,0
Phagocytosis,Resolved,identity_markers_removed,Donor6,-0.177750307083072,alpha_in_UC,0
Phagocytosis,Resolved; >=100 genes,full_gene,Donor1,-0.21087376979408,alpha_in_UC,0
Phagocytosis,Resolved; >=100 genes,full_gene,Donor2,-0.200231334010793,alpha_in_UC,0
Phagocytosis,Resolved; >=100 genes,full_gene,Donor3,-0.00531689264102828,alpha_in_UC,0
Phagocytosis,Resolved; >=100 genes,full_gene,Donor4,0.0370871058754154,alpha_in_UC,0
Phagocytosis,Resolved; >=100 genes,full_gene,Donor5,-0.268339248273138,alpha_in_UC,0
Phagocytosis,Resolved; >=100 genes,full_gene,Donor6,-0.241743704422285,alpha_in_UC,0
Phagocytosis,Resolved; >=100 genes,identity_markers_removed,Donor1,-0.21087376979408,alpha_in_UC,0
Phagocytosis,Resolved; >=100 genes,identity_markers_removed,Donor2,-0.200231334010793,alpha_in_UC,0
Phagocytosis,Resolved; >=100 genes,identity_markers_removed,Donor3,-0.00531689264102828,alpha_in_UC,0
Phagocytosis,Resolved; >=100 genes,identity_markers_removed,Donor4,0.0370871058754154,alpha_in_UC,0
Phagocytosis,Resolved; >=100 genes,identity_markers_removed,Donor5,-0.268339248273138,alpha_in_UC,0
Phagocytosis,Resolved; >=100 genes,identity_markers_removed,Donor6,-0.241743704422285,alpha_in_UC,0
Chemotaxis,All annotated,full_gene,Donor1,-0.079635865988557,alpha_in_UC,0
Chemotaxis,All annotated,full_gene,Donor2,-0.0742918228639725,alpha_in_UC,0
Chemotaxis,All annotated,full_gene,Donor3,-0.114894820333351,alpha_in_UC,0
Chemotaxis,All annotated,full_gene,Donor4,-0.0760051310987037,alpha_in_UC,0
Chemotaxis,All annotated,full_gene,Donor5,-0.102724239092012,alpha_in_UC,0
Chemotaxis,All annotated,full_gene,Donor6,-0.0468310604232108,alpha_in_UC,0
Chemotaxis,All annotated,identity_markers_removed,Donor1,-0.0720398527492107,alpha_in_UC,0
Chemotaxis,All annotated,identity_markers_removed,Donor2,-0.0695984136264174,alpha_in_UC,0
Chemotaxis,All annotated,identity_markers_removed,Donor3,-0.0980158104465784,alpha_in_UC,0
Chemotaxis,All annotated,identity_markers_removed,Donor4,-0.0667881317405935,alpha_in_UC,0
Chemotaxis,All annotated,identity_markers_removed,Donor5,-0.0732598936112391,alpha_in_UC,0
Chemotaxis,All annotated,identity_markers_removed,Donor6,-0.0442177599867624,alpha_in_UC,0
Chemotaxis,Resolved,full_gene,Donor1,-0.167235847632033,alpha_in_UC,0
Chemotaxis,Resolved,full_gene,Donor2,-0.197474765547845,alpha_in_UC,0
Chemotaxis,Resolved,full_gene,Donor3,-0.0648110056944146,alpha_in_UC,0
Chemotaxis,Resolved,full_gene,Donor4,-0.0223858202373186,alpha_in_UC,0
Chemotaxis,Resolved,full_gene,Donor5,-0.411712567489202,alpha_in_UC,0
Chemotaxis,Resolved,full_gene,Donor6,-0.230670943268595,alpha_in_UC,0
Chemotaxis,Resolved,identity_markers_removed,Donor1,-0.153094255701968,alpha_in_UC,0
Chemotaxis,Resolved,identity_markers_removed,Donor2,-0.177521127529844,alpha_in_UC,0
Chemotaxis,Resolved,identity_markers_removed,Donor3,-0.052544096768408,alpha_in_UC,0
Chemotaxis,Resolved,identity_markers_removed,Donor4,-0.0150247748687015,alpha_in_UC,0
Chemotaxis,Resolved,identity_markers_removed,Donor5,-0.30078361776718,alpha_in_UC,0
Chemotaxis,Resolved,identity_markers_removed,Donor6,-0.219032185918135,alpha_in_UC,0
Chemotaxis,Resolved; >=100 genes,full_gene,Donor1,-0.190738897583296,alpha_in_UC,0
Chemotaxis,Resolved; >=100 genes,full_gene,Donor2,-0.221477918284564,alpha_in_UC,0
Chemotaxis,Resolved; >=100 genes,full_gene,Donor3,-0.0689766444971786,alpha_in_UC,0
Chemotaxis,Resolved; >=100 genes,full_gene,Donor4,-0.0276735261864166,alpha_in_UC,0
Chemotaxis,Resolved; >=100 genes,full_gene,Donor5,-0.473576334745853,alpha_in_UC,0
Chemotaxis,Resolved; >=100 genes,full_gene,Donor6,-0.293358143364023,alpha_in_UC,0
Chemotaxis,Resolved; >=100 genes,identity_markers_removed,Donor1,-0.183141430984291,alpha_in_UC,0
Chemotaxis,Resolved; >=100 genes,identity_markers_removed,Donor2,-0.200888668021672,alpha_in_UC,0
Chemotaxis,Resolved; >=100 genes,identity_markers_removed,Donor3,-0.0572667244482968,alpha_in_UC,0
Chemotaxis,Resolved; >=100 genes,identity_markers_removed,Donor4,-0.0208489858858528,alpha_in_UC,0
Chemotaxis,Resolved; >=100 genes,identity_markers_removed,Donor5,-0.373157106645052,alpha_in_UC,0
Chemotaxis,Resolved; >=100 genes,identity_markers_removed,Donor6,-0.28299897925335,alpha_in_UC,0
OSM_inflammation,All annotated,full_gene,Donor1,0.000290245730540761,alpha_in_UC,0
OSM_inflammation,All annotated,full_gene,Donor2,-0.00178854217367019,alpha_in_UC,0
OSM_inflammation,All annotated,full_gene,Donor3,-0.0910012748936133,alpha_in_UC,0
OSM_inflammation,All annotated,full_gene,Donor4,-0.0840904152874666,alpha_in_UC,0
OSM_inflammation,All annotated,full_gene,Donor5,0.0472861146833909,alpha_in_UC,0
OSM_inflammation,All annotated,full_gene,Donor6,-0.00377517012174872,alpha_in_UC,0
OSM_inflammation,All annotated,identity_markers_removed,Donor1,0.00997909896172589,alpha_in_UC,0
OSM_inflammation,All annotated,identity_markers_removed,Donor2,0.0107678080493327,alpha_in_UC,0
OSM_inflammation,All annotated,identity_markers_removed,Donor3,-0.0907755425801103,alpha_in_UC,0
OSM_inflammation,All annotated,identity_markers_removed,Donor4,-0.0881198061850311,alpha_in_UC,0
OSM_inflammation,All annotated,identity_markers_removed,Donor5,0.072247246855521,alpha_in_UC,0
OSM_inflammation,All annotated,identity_markers_removed,Donor6,0.0032262467157988,alpha_in_UC,0
OSM_inflammation,Resolved,full_gene,Donor1,-0.0539333718571338,alpha_in_UC,0
OSM_inflammation,Resolved,full_gene,Donor2,-0.0742362702108873,alpha_in_UC,0
OSM_inflammation,Resolved,full_gene,Donor3,-0.0135083006541677,alpha_in_UC,0
OSM_inflammation,Resolved,full_gene,Donor4,-0.0364726150493403,alpha_in_UC,0
OSM_inflammation,Resolved,full_gene,Donor5,-0.153062031922426,alpha_in_UC,0
OSM_inflammation,Resolved,full_gene,Donor6,-0.189023049273225,alpha_in_UC,0
OSM_inflammation,Resolved,identity_markers_removed,Donor1,-0.0422314933501682,alpha_in_UC,0
OSM_inflammation,Resolved,identity_markers_removed,Donor2,-0.0512627139325338,alpha_in_UC,0
OSM_inflammation,Resolved,identity_markers_removed,Donor3,-0.022529724160045,alpha_in_UC,0
OSM_inflammation,Resolved,identity_markers_removed,Donor4,-0.0453273784008734,alpha_in_UC,0
OSM_inflammation,Resolved,identity_markers_removed,Donor5,-0.133278800498328,alpha_in_UC,0
OSM_inflammation,Resolved,identity_markers_removed,Donor6,-0.167355282155337,alpha_in_UC,0
OSM_inflammation,Resolved; >=100 genes,full_gene,Donor1,-0.0946867402598768,alpha_in_UC,0
OSM_inflammation,Resolved; >=100 genes,full_gene,Donor2,-0.097940971862355,alpha_in_UC,0
OSM_inflammation,Resolved; >=100 genes,full_gene,Donor3,-0.0191681058340584,alpha_in_UC,0
OSM_inflammation,Resolved; >=100 genes,full_gene,Donor4,-0.0467239599109258,alpha_in_UC,0
OSM_inflammation,Resolved; >=100 genes,full_gene,Donor5,-0.192027910783267,alpha_in_UC,0
OSM_inflammation,Resolved; >=100 genes,full_gene,Donor6,-0.245182632156119,alpha_in_UC,0
OSM_inflammation,Resolved; >=100 genes,identity_markers_removed,Donor1,-0.0814463056163908,alpha_in_UC,0
OSM_inflammation,Resolved; >=100 genes,identity_markers_removed,Donor2,-0.0718331767789983,alpha_in_UC,0
OSM_inflammation,Resolved; >=100 genes,identity_markers_removed,Donor3,-0.0282805520435463,alpha_in_UC,0
OSM_inflammation,Resolved; >=100 genes,identity_markers_removed,Donor4,-0.055346239959398,alpha_in_UC,0
OSM_inflammation,Resolved; >=100 genes,identity_markers_removed,Donor5,-0.1647188920605,alpha_in_UC,0
OSM_inflammation,Resolved; >=100 genes,identity_markers_removed,Donor6,-0.220131583620094,alpha_in_UC,0
Type_I_interferon,All annotated,full_gene,Donor1,-0.00236854274813504,alpha_in_UC,0
Type_I_interferon,All annotated,full_gene,Donor2,0.00375539773148124,alpha_in_UC,0
Type_I_interferon,All annotated,full_gene,Donor3,-0.0053426304814378,alpha_in_UC,0
Type_I_interferon,All annotated,full_gene,Donor4,0.0194129907064127,alpha_in_UC,0
Type_I_interferon,All annotated,full_gene,Donor5,-0.030243225810266,alpha_in_UC,0
Type_I_interferon,All annotated,full_gene,Donor6,0.0122091199468955,alpha_in_UC,0
Type_I_interferon,All annotated,identity_markers_removed,Donor1,0.00449884419508678,alpha_in_UC,0
Type_I_interferon,All annotated,identity_markers_removed,Donor2,0.00568555816794255,alpha_in_UC,0
Type_I_interferon,All annotated,identity_markers_removed,Donor3,-0.00405047484447443,alpha_in_UC,0
Type_I_interferon,All annotated,identity_markers_removed,Donor4,0.0182339099873329,alpha_in_UC,0
Type_I_interferon,All annotated,identity_markers_removed,Donor5,-0.0329926099748356,alpha_in_UC,0
Type_I_interferon,All annotated,identity_markers_removed,Donor6,0.0145592700660382,alpha_in_UC,0
Type_I_interferon,Resolved,full_gene,Donor1,0.0141802334237274,alpha_in_UC,0
Type_I_interferon,Resolved,full_gene,Donor2,0.0157673248358169,alpha_in_UC,0
Type_I_interferon,Resolved,full_gene,Donor3,0.0113188247641197,alpha_in_UC,0
Type_I_interferon,Resolved,full_gene,Donor4,0.0390458300363167,alpha_in_UC,0
Type_I_interferon,Resolved,full_gene,Donor5,0.0612457347496086,alpha_in_UC,0
Type_I_interferon,Resolved,full_gene,Donor6,-0.0499318558693581,alpha_in_UC,0
Type_I_interferon,Resolved,identity_markers_removed,Donor1,0.0296425152385118,alpha_in_UC,0
Type_I_interferon,Resolved,identity_markers_removed,Donor2,0.0156858658464788,alpha_in_UC,0
Type_I_interferon,Resolved,identity_markers_removed,Donor3,0.0131442181376114,alpha_in_UC,0
Type_I_interferon,Resolved,identity_markers_removed,Donor4,0.037025654791663,alpha_in_UC,0
Type_I_interferon,Resolved,identity_markers_removed,Donor5,0.0668135288177548,alpha_in_UC,0
Type_I_interferon,Resolved,identity_markers_removed,Donor6,-0.0547470150703326,alpha_in_UC,0
Type_I_interferon,Resolved; >=100 genes,full_gene,Donor1,0.00984972003313123,alpha_in_UC,0
Type_I_interferon,Resolved; >=100 genes,full_gene,Donor2,0.0136089687169385,alpha_in_UC,0
Type_I_interferon,Resolved; >=100 genes,full_gene,Donor3,0.0104226260919112,alpha_in_UC,0
Type_I_interferon,Resolved; >=100 genes,full_gene,Donor4,0.0379712326328652,alpha_in_UC,0
Type_I_interferon,Resolved; >=100 genes,full_gene,Donor5,0.0581289835547345,alpha_in_UC,0
Type_I_interferon,Resolved; >=100 genes,full_gene,Donor6,-0.065599798928319,alpha_in_UC,0
Type_I_interferon,Resolved; >=100 genes,identity_markers_removed,Donor1,0.02657453273333,alpha_in_UC,0
Type_I_interferon,Resolved; >=100 genes,identity_markers_removed,Donor2,0.0133501399198288,alpha_in_UC,0
Type_I_interferon,Resolved; >=100 genes,identity_markers_removed,Donor3,0.0122377099788969,alpha_in_UC,0
Type_I_interferon,Resolved; >=100 genes,identity_markers_removed,Donor4,0.0359266386674899,alpha_in_UC,0
Type_I_interferon,Resolved; >=100 genes,identity_markers_removed,Donor5,0.0634134366051649,alpha_in_UC,0
Type_I_interferon,Resolved; >=100 genes,identity_markers_removed,Donor6,-0.0715738254254298,alpha_in_UC,0
Immature_granulopoiesis,All annotated,full_gene,Donor1,0.0861795268117178,alpha_in_UC,0
Immature_granulopoiesis,All annotated,full_gene,Donor2,0.0770429641514937,alpha_in_UC,0
Immature_granulopoiesis,All annotated,full_gene,Donor3,0.0651080716296648,alpha_in_UC,0
Immature_granulopoiesis,All annotated,full_gene,Donor4,0.0633146809850086,alpha_in_UC,0
Immature_granulopoiesis,All annotated,full_gene,Donor5,-0.00242128494050069,alpha_in_UC,0
Immature_granulopoiesis,All annotated,full_gene,Donor6,0.0919097688830976,alpha_in_UC,0
Immature_granulopoiesis,All annotated,identity_markers_removed,Donor1,0.0861795268117178,alpha_in_UC,0
Immature_granulopoiesis,All annotated,identity_markers_removed,Donor2,0.0770429641514937,alpha_in_UC,0
Immature_granulopoiesis,All annotated,identity_markers_removed,Donor3,0.0651080716296648,alpha_in_UC,0
Immature_granulopoiesis,All annotated,identity_markers_removed,Donor4,0.0633146809850086,alpha_in_UC,0
Immature_granulopoiesis,All annotated,identity_markers_removed,Donor5,-0.00242128494050069,alpha_in_UC,0
Immature_granulopoiesis,All annotated,identity_markers_removed,Donor6,0.0919097688830976,alpha_in_UC,0
Immature_granulopoiesis,Resolved,full_gene,Donor1,0.108644647622761,alpha_in_UC,0
Immature_granulopoiesis,Resolved,full_gene,Donor2,0.102014065411786,alpha_in_UC,0
Immature_granulopoiesis,Resolved,full_gene,Donor3,0.0816612618671542,alpha_in_UC,0
Immature_granulopoiesis,Resolved,full_gene,Donor4,0.0547466045691923,alpha_in_UC,0
Immature_granulopoiesis,Resolved,full_gene,Donor5,-0.0771415851420273,alpha_in_UC,0
Immature_granulopoiesis,Resolved,full_gene,Donor6,0.135272840510875,alpha_in_UC,0
Immature_granulopoiesis,Resolved,identity_markers_removed,Donor1,0.108644647622761,alpha_in_UC,0
Immature_granulopoiesis,Resolved,identity_markers_removed,Donor2,0.102014065411786,alpha_in_UC,0
Immature_granulopoiesis,Resolved,identity_markers_removed,Donor3,0.0816612618671542,alpha_in_UC,0
Immature_granulopoiesis,Resolved,identity_markers_removed,Donor4,0.0547466045691923,alpha_in_UC,0
Immature_granulopoiesis,Resolved,identity_markers_removed,Donor5,-0.0771415851420273,alpha_in_UC,0
Immature_granulopoiesis,Resolved,identity_markers_removed,Donor6,0.135272840510875,alpha_in_UC,0
Immature_granulopoiesis,Resolved; >=100 genes,full_gene,Donor1,0.114937954042068,alpha_in_UC,0
Immature_granulopoiesis,Resolved; >=100 genes,full_gene,Donor2,0.109991846062405,alpha_in_UC,0
Immature_granulopoiesis,Resolved; >=100 genes,full_gene,Donor3,0.0823719041703107,alpha_in_UC,0
Immature_granulopoiesis,Resolved; >=100 genes,full_gene,Donor4,0.0567816249744393,alpha_in_UC,0
Immature_granulopoiesis,Resolved; >=100 genes,full_gene,Donor5,-0.0863985753590706,alpha_in_UC,0
Immature_granulopoiesis,Resolved; >=100 genes,full_gene,Donor6,0.131418874600963,alpha_in_UC,0
Immature_granulopoiesis,Resolved; >=100 genes,identity_markers_removed,Donor1,0.114937954042068,alpha_in_UC,0
Immature_granulopoiesis,Resolved; >=100 genes,identity_markers_removed,Donor2,0.109991846062405,alpha_in_UC,0
Immature_granulopoiesis,Resolved; >=100 genes,identity_markers_removed,Donor3,0.0823719041703107,alpha_in_UC,0
Immature_granulopoiesis,Resolved; >=100 genes,identity_markers_removed,Donor4,0.0567816249744393,alpha_in_UC,0
Immature_granulopoiesis,Resolved; >=100 genes,identity_markers_removed,Donor5,-0.0863985753590706,alpha_in_UC,0
Immature_granulopoiesis,Resolved; >=100 genes,identity_markers_removed,Donor6,0.131418874600963,alpha_in_UC,0
Survival_antiapoptosis,All annotated,full_gene,Donor1,-0.0287262731664475,alpha_in_UC,0
Survival_antiapoptosis,All annotated,full_gene,Donor2,-0.0363291167136656,alpha_in_UC,0
Survival_antiapoptosis,All annotated,full_gene,Donor3,-0.0444309383530255,alpha_in_UC,0
Survival_antiapoptosis,All annotated,full_gene,Donor4,-0.0352876721096937,alpha_in_UC,0
Survival_antiapoptosis,All annotated,full_gene,Donor5,-0.0727572717915058,alpha_in_UC,0
Survival_antiapoptosis,All annotated,full_gene,Donor6,0.0527357115696962,alpha_in_UC,0
Survival_antiapoptosis,All annotated,identity_markers_removed,Donor1,-0.0287262731664475,alpha_in_UC,0
Survival_antiapoptosis,All annotated,identity_markers_removed,Donor2,-0.0363291167136656,alpha_in_UC,0
Survival_antiapoptosis,All annotated,identity_markers_removed,Donor3,-0.0444309383530255,alpha_in_UC,0
Survival_antiapoptosis,All annotated,identity_markers_removed,Donor4,-0.0352876721096937,alpha_in_UC,0
Survival_antiapoptosis,All annotated,identity_markers_removed,Donor5,-0.0727572717915058,alpha_in_UC,0
Survival_antiapoptosis,All annotated,identity_markers_removed,Donor6,0.0527357115696962,alpha_in_UC,0
Survival_antiapoptosis,Resolved,full_gene,Donor1,-0.115646005420083,alpha_in_UC,0
Survival_antiapoptosis,Resolved,full_gene,Donor2,-0.100899650844963,alpha_in_UC,0
Survival_antiapoptosis,Resolved,full_gene,Donor3,0.018887993211241,alpha_in_UC,0
Survival_antiapoptosis,Resolved,full_gene,Donor4,0.0159066649898538,alpha_in_UC,0
Survival_antiapoptosis,Resolved,full_gene,Donor5,-0.0319237415105381,alpha_in_UC,0
Survival_antiapoptosis,Resolved,full_gene,Donor6,-0.0879436665511494,alpha_in_UC,0
Survival_antiapoptosis,Resolved,identity_markers_removed,Donor1,-0.115646005420083,alpha_in_UC,0
Survival_antiapoptosis,Resolved,identity_markers_removed,Donor2,-0.100899650844963,alpha_in_UC,0
Survival_antiapoptosis,Resolved,identity_markers_removed,Donor3,0.018887993211241,alpha_in_UC,0
Survival_antiapoptosis,Resolved,identity_markers_removed,Donor4,0.0159066649898538,alpha_in_UC,0
Survival_antiapoptosis,Resolved,identity_markers_removed,Donor5,-0.0319237415105381,alpha_in_UC,0
Survival_antiapoptosis,Resolved,identity_markers_removed,Donor6,-0.0879436665511494,alpha_in_UC,0
Survival_antiapoptosis,Resolved; >=100 genes,full_gene,Donor1,-0.141797053134834,alpha_in_UC,0
Survival_antiapoptosis,Resolved; >=100 genes,full_gene,Donor2,-0.120103838869499,alpha_in_UC,0
Survival_antiapoptosis,Resolved; >=100 genes,full_gene,Donor3,0.0147924225707327,alpha_in_UC,0
Survival_antiapoptosis,Resolved; >=100 genes,full_gene,Donor4,0.00702938574641951,alpha_in_UC,0
Survival_antiapoptosis,Resolved; >=100 genes,full_gene,Donor5,-0.0688548367298107,alpha_in_UC,0
Survival_antiapoptosis,Resolved; >=100 genes,full_gene,Donor6,-0.138722418472852,alpha_in_UC,0
Survival_antiapoptosis,Resolved; >=100 genes,identity_markers_removed,Donor1,-0.141797053134834,alpha_in_UC,0
Survival_antiapoptosis,Resolved; >=100 genes,identity_markers_removed,Donor2,-0.120103838869499,alpha_in_UC,0
Survival_antiapoptosis,Resolved; >=100 genes,identity_markers_removed,Donor3,0.0147924225707327,alpha_in_UC,0
Survival_antiapoptosis,Resolved; >=100 genes,identity_markers_removed,Donor4,0.00702938574641951,alpha_in_UC,0
Survival_antiapoptosis,Resolved; >=100 genes,identity_markers_removed,Donor5,-0.0688548367298107,alpha_in_UC,0
Survival_antiapoptosis,Resolved; >=100 genes,identity_markers_removed,Donor6,-0.138722418472852,alpha_in_UC,0
Hypoxia_glycolysis,All annotated,full_gene,Donor1,0.0038226169993319,alpha_in_UC,0
Hypoxia_glycolysis,All annotated,full_gene,Donor2,-0.0103118209507184,alpha_in_UC,0
Hypoxia_glycolysis,All annotated,full_gene,Donor3,0.0244002977129342,alpha_in_UC,0
Hypoxia_glycolysis,All annotated,full_gene,Donor4,0.0372674549551219,alpha_in_UC,0
Hypoxia_glycolysis,All annotated,full_gene,Donor5,-0.0127001421064826,alpha_in_UC,0
Hypoxia_glycolysis,All annotated,full_gene,Donor6,0.00158240958808098,alpha_in_UC,0
Hypoxia_glycolysis,All annotated,identity_markers_removed,Donor1,0.0038226169993319,alpha_in_UC,0
Hypoxia_glycolysis,All annotated,identity_markers_removed,Donor2,-0.0103118209507184,alpha_in_UC,0
Hypoxia_glycolysis,All annotated,identity_markers_removed,Donor3,0.0244002977129342,alpha_in_UC,0
Hypoxia_glycolysis,All annotated,identity_markers_removed,Donor4,0.0372674549551219,alpha_in_UC,0
Hypoxia_glycolysis,All annotated,identity_markers_removed,Donor5,-0.0127001421064826,alpha_in_UC,0
Hypoxia_glycolysis,All annotated,identity_markers_removed,Donor6,0.00158240958808098,alpha_in_UC,0
Hypoxia_glycolysis,Resolved,full_gene,Donor1,-0.00493608665797974,alpha_in_UC,0
Hypoxia_glycolysis,Resolved,full_gene,Donor2,-0.0369862478688496,alpha_in_UC,0
Hypoxia_glycolysis,Resolved,full_gene,Donor3,0.0773709839840597,alpha_in_UC,0
Hypoxia_glycolysis,Resolved,full_gene,Donor4,0.0833060094844421,alpha_in_UC,0
Hypoxia_glycolysis,Resolved,full_gene,Donor5,-0.174654716057966,alpha_in_UC,0
Hypoxia_glycolysis,Resolved,full_gene,Donor6,-0.0621009079823229,alpha_in_UC,0
Hypoxia_glycolysis,Resolved,identity_markers_removed,Donor1,-0.00493608665797974,alpha_in_UC,0
Hypoxia_glycolysis,Resolved,identity_markers_removed,Donor2,-0.0369862478688496,alpha_in_UC,0
Hypoxia_glycolysis,Resolved,identity_markers_removed,Donor3,0.0773709839840597,alpha_in_UC,0
Hypoxia_glycolysis,Resolved,identity_markers_removed,Donor4,0.0833060094844421,alpha_in_UC,0
Hypoxia_glycolysis,Resolved,identity_markers_removed,Donor5,-0.174654716057966,alpha_in_UC,0
Hypoxia_glycolysis,Resolved,identity_markers_removed,Donor6,-0.0621009079823229,alpha_in_UC,0
Hypoxia_glycolysis,Resolved; >=100 genes,full_gene,Donor1,-0.0219705452842894,alpha_in_UC,0
Hypoxia_glycolysis,Resolved; >=100 genes,full_gene,Donor2,-0.0519753353218924,alpha_in_UC,0
Hypoxia_glycolysis,Resolved; >=100 genes,full_gene,Donor3,0.0762919512120513,alpha_in_UC,0
Hypoxia_glycolysis,Resolved; >=100 genes,full_gene,Donor4,0.0803957644095192,alpha_in_UC,0
Hypoxia_glycolysis,Resolved; >=100 genes,full_gene,Donor5,-0.213712403627087,alpha_in_UC,0
Hypoxia_glycolysis,Resolved; >=100 genes,full_gene,Donor6,-0.0912881502430663,alpha_in_UC,0
Hypoxia_glycolysis,Resolved; >=100 genes,identity_markers_removed,Donor1,-0.0219705452842894,alpha_in_UC,0
Hypoxia_glycolysis,Resolved; >=100 genes,identity_markers_removed,Donor2,-0.0519753353218924,alpha_in_UC,0
Hypoxia_glycolysis,Resolved; >=100 genes,identity_markers_removed,Donor3,0.0762919512120513,alpha_in_UC,0
Hypoxia_glycolysis,Resolved; >=100 genes,identity_markers_removed,Donor4,0.0803957644095192,alpha_in_UC,0
Hypoxia_glycolysis,Resolved; >=100 genes,identity_markers_removed,Donor5,-0.213712403627087,alpha_in_UC,0
Hypoxia_glycolysis,Resolved; >=100 genes,identity_markers_removed,Donor6,-0.0912881502430663,alpha_in_UC,0
ER_stress,All annotated,full_gene,Donor1,-0.0717844911160696,alpha_in_UC,0
ER_stress,All annotated,full_gene,Donor2,-0.0522556787893619,alpha_in_UC,0
ER_stress,All annotated,full_gene,Donor3,-0.0765881676509671,alpha_in_UC,0
ER_stress,All annotated,full_gene,Donor4,-0.0558988068939612,alpha_in_UC,0
ER_stress,All annotated,full_gene,Donor5,0.0152858199081356,alpha_in_UC,0
ER_stress,All annotated,full_gene,Donor6,-0.0318472631606009,alpha_in_UC,0
ER_stress,All annotated,identity_markers_removed,Donor1,-0.0717844911160696,alpha_in_UC,0
ER_stress,All annotated,identity_markers_removed,Donor2,-0.0522556787893619,alpha_in_UC,0
ER_stress,All annotated,identity_markers_removed,Donor3,-0.0765881676509671,alpha_in_UC,0
ER_stress,All annotated,identity_markers_removed,Donor4,-0.0558988068939612,alpha_in_UC,0
ER_stress,All annotated,identity_markers_removed,Donor5,0.0152858199081356,alpha_in_UC,0
ER_stress,All annotated,identity_markers_removed,Donor6,-0.0318472631606009,alpha_in_UC,0
ER_stress,Resolved,full_gene,Donor1,-0.162026761196944,alpha_in_UC,0
ER_stress,Resolved,full_gene,Donor2,-0.173991497799739,alpha_in_UC,0
ER_stress,Resolved,full_gene,Donor3,-0.0315629778856843,alpha_in_UC,0
ER_stress,Resolved,full_gene,Donor4,-0.0113383412172549,alpha_in_UC,0
ER_stress,Resolved,full_gene,Donor5,0.278095902199094,alpha_in_UC,0
ER_stress,Resolved,full_gene,Donor6,-0.154231440762665,alpha_in_UC,0
ER_stress,Resolved,identity_markers_removed,Donor1,-0.162026761196944,alpha_in_UC,0
ER_stress,Resolved,identity_markers_removed,Donor2,-0.173991497799739,alpha_in_UC,0
ER_stress,Resolved,identity_markers_removed,Donor3,-0.0315629778856843,alpha_in_UC,0
ER_stress,Resolved,identity_markers_removed,Donor4,-0.0113383412172549,alpha_in_UC,0
ER_stress,Resolved,identity_markers_removed,Donor5,0.278095902199094,alpha_in_UC,0
ER_stress,Resolved,identity_markers_removed,Donor6,-0.154231440762665,alpha_in_UC,0
ER_stress,Resolved; >=100 genes,full_gene,Donor1,-0.198228739872033,alpha_in_UC,0
ER_stress,Resolved; >=100 genes,full_gene,Donor2,-0.202485615390833,alpha_in_UC,0
ER_stress,Resolved; >=100 genes,full_gene,Donor3,-0.0351307322785221,alpha_in_UC,0
ER_stress,Resolved; >=100 genes,full_gene,Donor4,-0.0178538939567112,alpha_in_UC,0
ER_stress,Resolved; >=100 genes,full_gene,Donor5,0.219069343467462,alpha_in_UC,0
ER_stress,Resolved; >=100 genes,full_gene,Donor6,-0.198936591860054,alpha_in_UC,0
ER_stress,Resolved; >=100 genes,identity_markers_removed,Donor1,-0.198228739872033,alpha_in_UC,0
ER_stress,Resolved; >=100 genes,identity_markers_removed,Donor2,-0.202485615390833,alpha_in_UC,0
ER_stress,Resolved; >=100 genes,identity_markers_removed,Donor3,-0.0351307322785221,alpha_in_UC,0
ER_stress,Resolved; >=100 genes,identity_markers_removed,Donor4,-0.0178538939567112,alpha_in_UC,0
ER_stress,Resolved; >=100 genes,identity_markers_removed,Donor5,0.219069343467462,alpha_in_UC,0
ER_stress,Resolved; >=100 genes,identity_markers_removed,Donor6,-0.198936591860054,alpha_in_UC,0
Proliferation_stress,All annotated,full_gene,Donor1,0.0248876951436024,alpha_in_UC,0
Proliferation_stress,All annotated,full_gene,Donor2,0.0182139811069276,alpha_in_UC,0
Proliferation_stress,All annotated,full_gene,Donor3,0.0253761152164285,alpha_in_UC,0
Proliferation_stress,All annotated,full_gene,Donor4,0.0297035173573756,alpha_in_UC,0
Proliferation_stress,All annotated,full_gene,Donor5,0.128525343372344,alpha_in_UC,0
Proliferation_stress,All annotated,full_gene,Donor6,-0.00298655362958554,alpha_in_UC,0
Proliferation_stress,All annotated,identity_markers_removed,Donor1,0.0248876951436024,alpha_in_UC,0
Proliferation_stress,All annotated,identity_markers_removed,Donor2,0.0182139811069276,alpha_in_UC,0
Proliferation_stress,All annotated,identity_markers_removed,Donor3,0.0253761152164285,alpha_in_UC,0
Proliferation_stress,All annotated,identity_markers_removed,Donor4,0.0297035173573756,alpha_in_UC,0
Proliferation_stress,All annotated,identity_markers_removed,Donor5,0.128525343372344,alpha_in_UC,0
Proliferation_stress,All annotated,identity_markers_removed,Donor6,-0.00298655362958554,alpha_in_UC,0
Proliferation_stress,Resolved,full_gene,Donor1,0.0393559195774845,alpha_in_UC,0
Proliferation_stress,Resolved,full_gene,Donor2,0.0151655559821567,alpha_in_UC,0
Proliferation_stress,Resolved,full_gene,Donor3,0.0305731262957651,alpha_in_UC,0
Proliferation_stress,Resolved,full_gene,Donor4,0.0446611995867557,alpha_in_UC,0
Proliferation_stress,Resolved,full_gene,Donor5,-0.0776275384538462,alpha_in_UC,0
Proliferation_stress,Resolved,full_gene,Donor6,-0.0727270773673384,alpha_in_UC,0
Proliferation_stress,Resolved,identity_markers_removed,Donor1,0.0393559195774845,alpha_in_UC,0
Proliferation_stress,Resolved,identity_markers_removed,Donor2,0.0151655559821567,alpha_in_UC,0
Proliferation_stress,Resolved,identity_markers_removed,Donor3,0.0305731262957651,alpha_in_UC,0
Proliferation_stress,Resolved,identity_markers_removed,Donor4,0.0446611995867557,alpha_in_UC,0
Proliferation_stress,Resolved,identity_markers_removed,Donor5,-0.0776275384538462,alpha_in_UC,0
Proliferation_stress,Resolved,identity_markers_removed,Donor6,-0.0727270773673384,alpha_in_UC,0
Proliferation_stress,Resolved; >=100 genes,full_gene,Donor1,0.0322942932657826,alpha_in_UC,0
Proliferation_stress,Resolved; >=100 genes,full_gene,Donor2,0.00470867630361225,alpha_in_UC,0
Proliferation_stress,Resolved; >=100 genes,full_gene,Donor3,0.03024763001701,alpha_in_UC,0
Proliferation_stress,Resolved; >=100 genes,full_gene,Donor4,0.0440732213419111,alpha_in_UC,0
Proliferation_stress,Resolved; >=100 genes,full_gene,Donor5,-0.108972463072106,alpha_in_UC,0
Proliferation_stress,Resolved; >=100 genes,full_gene,Donor6,-0.0992304214519548,alpha_in_UC,0
Proliferation_stress,Resolved; >=100 genes,identity_markers_removed,Donor1,0.0322942932657826,alpha_in_UC,0
Proliferation_stress,Resolved; >=100 genes,identity_markers_removed,Donor2,0.00470867630361225,alpha_in_UC,0
Proliferation_stress,Resolved; >=100 genes,identity_markers_removed,Donor3,0.03024763001701,alpha_in_UC,0
Proliferation_stress,Resolved; >=100 genes,identity_markers_removed,Donor4,0.0440732213419111,alpha_in_UC,0
Proliferation_stress,Resolved; >=100 genes,identity_markers_removed,Donor5,-0.108972463072106,alpha_in_UC,0
Proliferation_stress,Resolved; >=100 genes,identity_markers_removed,Donor6,-0.0992304214519548,alpha_in_UC,0
Integrin_adhesion,All annotated,full_gene,Donor1,-0.0378458126894169,alpha_in_UC,0
Integrin_adhesion,All annotated,full_gene,Donor2,-0.0307847732367277,alpha_in_UC,0
Integrin_adhesion,All annotated,full_gene,Donor3,-0.0252505776386531,alpha_in_UC,0
Integrin_adhesion,All annotated,full_gene,Donor4,-0.0121182108841096,alpha_in_UC,0
Integrin_adhesion,All annotated,full_gene,Donor5,-0.0156490774163493,alpha_in_UC,0
Integrin_adhesion,All annotated,full_gene,Donor6,-0.0302210498269081,alpha_in_UC,0
Integrin_adhesion,All annotated,identity_markers_removed,Donor1,-0.0378458126894169,alpha_in_UC,0
Integrin_adhesion,All annotated,identity_markers_removed,Donor2,-0.0307847732367277,alpha_in_UC,0
Integrin_adhesion,All annotated,identity_markers_removed,Donor3,-0.0252505776386531,alpha_in_UC,0
Integrin_adhesion,All annotated,identity_markers_removed,Donor4,-0.0121182108841096,alpha_in_UC,0
Integrin_adhesion,All annotated,identity_markers_removed,Donor5,-0.0156490774163493,alpha_in_UC,0
Integrin_adhesion,All annotated,identity_markers_removed,Donor6,-0.0302210498269081,alpha_in_UC,0
Integrin_adhesion,Resolved,full_gene,Donor1,-0.106693144921841,alpha_in_UC,0
Integrin_adhesion,Resolved,full_gene,Donor2,-0.0826732834399602,alpha_in_UC,0
Integrin_adhesion,Resolved,full_gene,Donor3,0.0397677922075942,alpha_in_UC,0
Integrin_adhesion,Resolved,full_gene,Donor4,0.0456831020820759,alpha_in_UC,0
Integrin_adhesion,Resolved,full_gene,Donor5,-0.174561378783831,alpha_in_UC,0
Integrin_adhesion,Resolved,full_gene,Donor6,-0.11904926710054,alpha_in_UC,0
Integrin_adhesion,Resolved,identity_markers_removed,Donor1,-0.106693144921841,alpha_in_UC,0
Integrin_adhesion,Resolved,identity_markers_removed,Donor2,-0.0826732834399602,alpha_in_UC,0
Integrin_adhesion,Resolved,identity_markers_removed,Donor3,0.0397677922075942,alpha_in_UC,0
Integrin_adhesion,Resolved,identity_markers_removed,Donor4,0.0456831020820759,alpha_in_UC,0
Integrin_adhesion,Resolved,identity_markers_removed,Donor5,-0.174561378783831,alpha_in_UC,0
Integrin_adhesion,Resolved,identity_markers_removed,Donor6,-0.11904926710054,alpha_in_UC,0
Integrin_adhesion,Resolved; >=100 genes,full_gene,Donor1,-0.118042735431285,alpha_in_UC,0
Integrin_adhesion,Resolved; >=100 genes,full_gene,Donor2,-0.0925156282066561,alpha_in_UC,0
Integrin_adhesion,Resolved; >=100 genes,full_gene,Donor3,0.0371571103951007,alpha_in_UC,0
Integrin_adhesion,Resolved; >=100 genes,full_gene,Donor4,0.042114745820052,alpha_in_UC,0
Integrin_adhesion,Resolved; >=100 genes,full_gene,Donor5,-0.203732386575464,alpha_in_UC,0
Integrin_adhesion,Resolved; >=100 genes,full_gene,Donor6,-0.15550310324951,alpha_in_UC,0
Integrin_adhesion,Resolved; >=100 genes,identity_markers_removed,Donor1,-0.118042735431285,alpha_in_UC,0
Integrin_adhesion,Resolved; >=100 genes,identity_markers_removed,Donor2,-0.0925156282066561,alpha_in_UC,0
Integrin_adhesion,Resolved; >=100 genes,identity_markers_removed,Donor3,0.0371571103951007,alpha_in_UC,0
Integrin_adhesion,Resolved; >=100 genes,identity_markers_removed,Donor4,0.042114745820052,alpha_in_UC,0
Integrin_adhesion,Resolved; >=100 genes,identity_markers_removed,Donor5,-0.203732386575464,alpha_in_UC,0
Integrin_adhesion,Resolved; >=100 genes,identity_markers_removed,Donor6,-0.15550310324951,alpha_in_UC,0
CXCR4_aging_retention,All annotated,full_gene,Donor1,-0.0922467415041678,alpha_in_UC,0
CXCR4_aging_retention,All annotated,full_gene,Donor2,-0.0841108541765471,alpha_in_UC,0
CXCR4_aging_retention,All annotated,full_gene,Donor3,-0.163777334299655,alpha_in_UC,0
CXCR4_aging_retention,All annotated,full_gene,Donor4,-0.104311597470552,alpha_in_UC,0
CXCR4_aging_retention,All annotated,full_gene,Donor5,-0.178678316675067,alpha_in_UC,0
CXCR4_aging_retention,All annotated,full_gene,Donor6,-0.0493248665542979,alpha_in_UC,0
CXCR4_aging_retention,All annotated,identity_markers_removed,Donor1,-0.084134498072205,alpha_in_UC,0
CXCR4_aging_retention,All annotated,identity_markers_removed,Donor2,-0.079503887506485,alpha_in_UC,0
CXCR4_aging_retention,All annotated,identity_markers_removed,Donor3,-0.149923223251434,alpha_in_UC,0
CXCR4_aging_retention,All annotated,identity_markers_removed,Donor4,-0.097069091643568,alpha_in_UC,0
CXCR4_aging_retention,All annotated,identity_markers_removed,Donor5,-0.152619048518596,alpha_in_UC,0
CXCR4_aging_retention,All annotated,identity_markers_removed,Donor6,-0.0461650071694874,alpha_in_UC,0
CXCR4_aging_retention,Resolved,full_gene,Donor1,-0.231065944342467,alpha_in_UC,0
CXCR4_aging_retention,Resolved,full_gene,Donor2,-0.244276402815042,alpha_in_UC,0
CXCR4_aging_retention,Resolved,full_gene,Donor3,-0.107109181743222,alpha_in_UC,0
CXCR4_aging_retention,Resolved,full_gene,Donor4,-0.0484612296425038,alpha_in_UC,0
CXCR4_aging_retention,Resolved,full_gene,Donor5,-0.509967135709169,alpha_in_UC,0
CXCR4_aging_retention,Resolved,full_gene,Donor6,-0.259800989780914,alpha_in_UC,0
CXCR4_aging_retention,Resolved,identity_markers_removed,Donor1,-0.224033734982464,alpha_in_UC,0
CXCR4_aging_retention,Resolved,identity_markers_removed,Donor2,-0.225701637043279,alpha_in_UC,0
CXCR4_aging_retention,Resolved,identity_markers_removed,Donor3,-0.0983951444565741,alpha_in_UC,0
CXCR4_aging_retention,Resolved,identity_markers_removed,Donor4,-0.043370848007477,alpha_in_UC,0
CXCR4_aging_retention,Resolved,identity_markers_removed,Donor5,-0.374317519742331,alpha_in_UC,0
CXCR4_aging_retention,Resolved,identity_markers_removed,Donor6,-0.249332738792733,alpha_in_UC,0
CXCR4_aging_retention,Resolved; >=100 genes,full_gene,Donor1,-0.267444183640534,alpha_in_UC,0
CXCR4_aging_retention,Resolved; >=100 genes,full_gene,Donor2,-0.269155115683244,alpha_in_UC,0
CXCR4_aging_retention,Resolved; >=100 genes,full_gene,Donor3,-0.110745261131582,alpha_in_UC,0
CXCR4_aging_retention,Resolved; >=100 genes,full_gene,Donor4,-0.0532618662807684,alpha_in_UC,0
CXCR4_aging_retention,Resolved; >=100 genes,full_gene,Donor5,-0.555612139838909,alpha_in_UC,0
CXCR4_aging_retention,Resolved; >=100 genes,full_gene,Donor6,-0.334156053965807,alpha_in_UC,0
CXCR4_aging_retention,Resolved; >=100 genes,identity_markers_removed,Donor1,-0.272148787613374,alpha_in_UC,0
CXCR4_aging_retention,Resolved; >=100 genes,identity_markers_removed,Donor2,-0.249865604794931,alpha_in_UC,0
CXCR4_aging_retention,Resolved; >=100 genes,identity_markers_removed,Donor3,-0.102705096390028,alpha_in_UC,0
CXCR4_aging_retention,Resolved; >=100 genes,identity_markers_removed,Donor4,-0.0488251778788495,alpha_in_UC,0
CXCR4_aging_retention,Resolved; >=100 genes,identity_markers_removed,Donor5,-0.431432381516398,alpha_in_UC,0
CXCR4_aging_retention,Resolved; >=100 genes,identity_markers_removed,Donor6,-0.327812806331223,alpha_in_UC,0
NETosis,All annotated,full_gene,Donor1,0.0116926850508861,alpha_alone,0
NETosis,All annotated,full_gene,Donor2,0.00271013107132159,alpha_alone,0
NETosis,All annotated,full_gene,Donor3,0.0721363391113126,alpha_alone,0
NETosis,All annotated,full_gene,Donor4,0.197259859993615,alpha_alone,0
NETosis,All annotated,full_gene,Donor5,-0.0327869622496845,alpha_alone,0
NETosis,All annotated,full_gene,Donor6,0.116428978540208,alpha_alone,0
NETosis,All annotated,identity_markers_removed,Donor1,0.00348213036852571,alpha_alone,0
NETosis,All annotated,identity_markers_removed,Donor2,0.00286897952945325,alpha_alone,0
NETosis,All annotated,identity_markers_removed,Donor3,0.0682890147635619,alpha_alone,0
NETosis,All annotated,identity_markers_removed,Donor4,0.192771045920811,alpha_alone,0
NETosis,All annotated,identity_markers_removed,Donor5,-0.034363840259627,alpha_alone,0
NETosis,All annotated,identity_markers_removed,Donor6,0.149352606539622,alpha_alone,0
NETosis,Resolved,full_gene,Donor1,0.18406717548473,alpha_alone,0
NETosis,Resolved,full_gene,Donor2,0.168954193287646,alpha_alone,0
NETosis,Resolved,full_gene,Donor3,0.0692193897639395,alpha_alone,0
NETosis,Resolved,full_gene,Donor4,0.193981253871721,alpha_alone,0
NETosis,Resolved,full_gene,Donor5,0.20307853107723,alpha_alone,0
NETosis,Resolved,full_gene,Donor6,0.357464746292618,alpha_alone,0
NETosis,Resolved,identity_markers_removed,Donor1,0.191518386001863,alpha_alone,0
NETosis,Resolved,identity_markers_removed,Donor2,0.16638162225224,alpha_alone,0
NETosis,Resolved,identity_markers_removed,Donor3,0.068108690608392,alpha_alone,0
NETosis,Resolved,identity_markers_removed,Donor4,0.190147197858769,alpha_alone,0
NETosis,Resolved,identity_markers_removed,Donor5,0.211020403448636,alpha_alone,0
NETosis,Resolved,identity_markers_removed,Donor6,0.411295462692212,alpha_alone,0
NETosis,Resolved; >=100 genes,full_gene,Donor1,0.143523931648078,alpha_alone,0
NETosis,Resolved; >=100 genes,full_gene,Donor2,0.16258222389955,alpha_alone,0
NETosis,Resolved; >=100 genes,full_gene,Donor3,0.0780493646861977,alpha_alone,0
NETosis,Resolved; >=100 genes,full_gene,Donor4,0.156506441460701,alpha_alone,0
NETosis,Resolved; >=100 genes,full_gene,Donor5,0.187403515645639,alpha_alone,0
NETosis,Resolved; >=100 genes,full_gene,Donor6,0.292200161200832,alpha_alone,0
NETosis,Resolved; >=100 genes,identity_markers_removed,Donor1,0.153541621688183,alpha_alone,0
NETosis,Resolved; >=100 genes,identity_markers_removed,Donor2,0.158681582506453,alpha_alone,0
NETosis,Resolved; >=100 genes,identity_markers_removed,Donor3,0.0799062570382467,alpha_alone,0
NETosis,Resolved; >=100 genes,identity_markers_removed,Donor4,0.151246143923901,alpha_alone,0
NETosis,Resolved; >=100 genes,identity_markers_removed,Donor5,0.195974367250934,alpha_alone,0
NETosis,Resolved; >=100 genes,identity_markers_removed,Donor6,0.346224077420291,alpha_alone,0
Degranulation,All annotated,full_gene,Donor1,0.0241497431704645,alpha_alone,0
Degranulation,All annotated,full_gene,Donor2,-0.00678634878188711,alpha_alone,0
Degranulation,All annotated,full_gene,Donor3,-0.101058064814753,alpha_alone,0
Degranulation,All annotated,full_gene,Donor4,0.04422599551934,alpha_alone,0
Degranulation,All annotated,full_gene,Donor5,-0.0571923411154766,alpha_alone,0
Degranulation,All annotated,full_gene,Donor6,-0.127488866910894,alpha_alone,0
Degranulation,All annotated,identity_markers_removed,Donor1,0.0241497431704645,alpha_alone,0
Degranulation,All annotated,identity_markers_removed,Donor2,-0.00678634878188711,alpha_alone,0
Degranulation,All annotated,identity_markers_removed,Donor3,-0.101058064814753,alpha_alone,0
Degranulation,All annotated,identity_markers_removed,Donor4,0.04422599551934,alpha_alone,0
Degranulation,All annotated,identity_markers_removed,Donor5,-0.0571923411154766,alpha_alone,0
Degranulation,All annotated,identity_markers_removed,Donor6,-0.127488866910894,alpha_alone,0
Degranulation,Resolved,full_gene,Donor1,0.130964183049264,alpha_alone,0
Degranulation,Resolved,full_gene,Donor2,0.147152674719775,alpha_alone,0
Degranulation,Resolved,full_gene,Donor3,-0.0995542106311738,alpha_alone,0
Degranulation,Resolved,full_gene,Donor4,0.0506066019548203,alpha_alone,0
Degranulation,Resolved,full_gene,Donor5,0.135638628230986,alpha_alone,0
Degranulation,Resolved,full_gene,Donor6,0.0697333981498224,alpha_alone,0
Degranulation,Resolved,identity_markers_removed,Donor1,0.130964183049264,alpha_alone,0
Degranulation,Resolved,identity_markers_removed,Donor2,0.147152674719775,alpha_alone,0
Degranulation,Resolved,identity_markers_removed,Donor3,-0.0995542106311738,alpha_alone,0
Degranulation,Resolved,identity_markers_removed,Donor4,0.0506066019548203,alpha_alone,0
Degranulation,Resolved,identity_markers_removed,Donor5,0.135638628230986,alpha_alone,0
Degranulation,Resolved,identity_markers_removed,Donor6,0.0697333981498224,alpha_alone,0
Degranulation,Resolved; >=100 genes,full_gene,Donor1,0.0971557378029412,alpha_alone,0
Degranulation,Resolved; >=100 genes,full_gene,Donor2,0.123363103169639,alpha_alone,0
Degranulation,Resolved; >=100 genes,full_gene,Donor3,-0.143808633669294,alpha_alone,0
Degranulation,Resolved; >=100 genes,full_gene,Donor4,-0.0131306626355847,alpha_alone,0
Degranulation,Resolved; >=100 genes,full_gene,Donor5,0.100022721272855,alpha_alone,0
Degranulation,Resolved; >=100 genes,full_gene,Donor6,-0.0371915381331865,alpha_alone,0
Degranulation,Resolved; >=100 genes,identity_markers_removed,Donor1,0.0971557378029412,alpha_alone,0
Degranulation,Resolved; >=100 genes,identity_markers_removed,Donor2,0.123363103169639,alpha_alone,0
Degranulation,Resolved; >=100 genes,identity_markers_removed,Donor3,-0.143808633669294,alpha_alone,0
Degranulation,Resolved; >=100 genes,identity_markers_removed,Donor4,-0.0131306626355847,alpha_alone,0
Degranulation,Resolved; >=100 genes,identity_markers_removed,Donor5,0.100022721272855,alpha_alone,0
Degranulation,Resolved; >=100 genes,identity_markers_removed,Donor6,-0.0371915381331865,alpha_alone,0
Oxidative_burst,All annotated,full_gene,Donor1,-0.00917195683847039,alpha_alone,0
Oxidative_burst,All annotated,full_gene,Donor2,0.0320651381678951,alpha_alone,0
Oxidative_burst,All annotated,full_gene,Donor3,0.183660645022824,alpha_alone,0
Oxidative_burst,All annotated,full_gene,Donor4,0.275546078199297,alpha_alone,0
Oxidative_burst,All annotated,full_gene,Donor5,-0.0383103362717455,alpha_alone,0
Oxidative_burst,All annotated,full_gene,Donor6,0.366949535617571,alpha_alone,0
Oxidative_burst,All annotated,identity_markers_removed,Donor1,-0.00917195683847039,alpha_alone,0
Oxidative_burst,All annotated,identity_markers_removed,Donor2,0.0320651381678951,alpha_alone,0
Oxidative_burst,All annotated,identity_markers_removed,Donor3,0.183660645022824,alpha_alone,0
Oxidative_burst,All annotated,identity_markers_removed,Donor4,0.275546078199297,alpha_alone,0
Oxidative_burst,All annotated,identity_markers_removed,Donor5,-0.0383103362717455,alpha_alone,0
Oxidative_burst,All annotated,identity_markers_removed,Donor6,0.366949535617571,alpha_alone,0
Oxidative_burst,Resolved,full_gene,Donor1,0.295677470735479,alpha_alone,0
Oxidative_burst,Resolved,full_gene,Donor2,0.244683119348656,alpha_alone,0
Oxidative_burst,Resolved,full_gene,Donor3,0.222550816204144,alpha_alone,0
Oxidative_burst,Resolved,full_gene,Donor4,0.323437605167099,alpha_alone,0
Oxidative_burst,Resolved,full_gene,Donor5,0.295060507278052,alpha_alone,0
Oxidative_burst,Resolved,full_gene,Donor6,1.26659820309332,alpha_alone,0
Oxidative_burst,Resolved,identity_markers_removed,Donor1,0.295677470735479,alpha_alone,0
Oxidative_burst,Resolved,identity_markers_removed,Donor2,0.244683119348656,alpha_alone,0
Oxidative_burst,Resolved,identity_markers_removed,Donor3,0.222550816204144,alpha_alone,0
Oxidative_burst,Resolved,identity_markers_removed,Donor4,0.323437605167099,alpha_alone,0
Oxidative_burst,Resolved,identity_markers_removed,Donor5,0.295060507278052,alpha_alone,0
Oxidative_burst,Resolved,identity_markers_removed,Donor6,1.26659820309332,alpha_alone,0
Oxidative_burst,Resolved; >=100 genes,full_gene,Donor1,0.227376044519081,alpha_alone,0
Oxidative_burst,Resolved; >=100 genes,full_gene,Donor2,0.230638053201277,alpha_alone,0
Oxidative_burst,Resolved; >=100 genes,full_gene,Donor3,0.212033576851769,alpha_alone,0
Oxidative_burst,Resolved; >=100 genes,full_gene,Donor4,0.238783996021557,alpha_alone,0
Oxidative_burst,Resolved; >=100 genes,full_gene,Donor5,0.309991321998403,alpha_alone,0
Oxidative_burst,Resolved; >=100 genes,full_gene,Donor6,1.20200231904656,alpha_alone,0
Oxidative_burst,Resolved; >=100 genes,identity_markers_removed,Donor1,0.227376044519081,alpha_alone,0
Oxidative_burst,Resolved; >=100 genes,identity_markers_removed,Donor2,0.230638053201277,alpha_alone,0
Oxidative_burst,Resolved; >=100 genes,identity_markers_removed,Donor3,0.212033576851769,alpha_alone,0
Oxidative_burst,Resolved; >=100 genes,identity_markers_removed,Donor4,0.238783996021557,alpha_alone,0
Oxidative_burst,Resolved; >=100 genes,identity_markers_removed,Donor5,0.309991321998403,alpha_alone,0
Oxidative_burst,Resolved; >=100 genes,identity_markers_removed,Donor6,1.20200231904656,alpha_alone,0
Phagocytosis,All annotated,full_gene,Donor1,0.123249607528869,alpha_alone,0
Phagocytosis,All annotated,full_gene,Donor2,0.0719538277108671,alpha_alone,0
Phagocytosis,All annotated,full_gene,Donor3,0.317826840550446,alpha_alone,0
Phagocytosis,All annotated,full_gene,Donor4,0.469609523365014,alpha_alone,0
Phagocytosis,All annotated,full_gene,Donor5,0.0496252645081466,alpha_alone,0
Phagocytosis,All annotated,full_gene,Donor6,0.607813829120988,alpha_alone,0
Phagocytosis,All annotated,identity_markers_removed,Donor1,0.123249607528869,alpha_alone,0
Phagocytosis,All annotated,identity_markers_removed,Donor2,0.0719538277108671,alpha_alone,0
Phagocytosis,All annotated,identity_markers_removed,Donor3,0.317826840550446,alpha_alone,0
Phagocytosis,All annotated,identity_markers_removed,Donor4,0.469609523365014,alpha_alone,0
Phagocytosis,All annotated,identity_markers_removed,Donor5,0.0496252645081466,alpha_alone,0
Phagocytosis,All annotated,identity_markers_removed,Donor6,0.607813829120988,alpha_alone,0
Phagocytosis,Resolved,full_gene,Donor1,0.569068337903874,alpha_alone,0
Phagocytosis,Resolved,full_gene,Donor2,0.453625127487519,alpha_alone,0
Phagocytosis,Resolved,full_gene,Donor3,0.467322580160424,alpha_alone,0
Phagocytosis,Resolved,full_gene,Donor4,0.586739912516488,alpha_alone,0
Phagocytosis,Resolved,full_gene,Donor5,0.438338985947381,alpha_alone,0
Phagocytosis,Resolved,full_gene,Donor6,1.08089193016046,alpha_alone,0
Phagocytosis,Resolved,identity_markers_removed,Donor1,0.569068337903874,alpha_alone,0
Phagocytosis,Resolved,identity_markers_removed,Donor2,0.453625127487519,alpha_alone,0
Phagocytosis,Resolved,identity_markers_removed,Donor3,0.467322580160424,alpha_alone,0
Phagocytosis,Resolved,identity_markers_removed,Donor4,0.586739912516488,alpha_alone,0
Phagocytosis,Resolved,identity_markers_removed,Donor5,0.438338985947381,alpha_alone,0
Phagocytosis,Resolved,identity_markers_removed,Donor6,1.08089193016046,alpha_alone,0
Phagocytosis,Resolved; >=100 genes,full_gene,Donor1,0.52141713931395,alpha_alone,0
Phagocytosis,Resolved; >=100 genes,full_gene,Donor2,0.42821734152897,alpha_alone,0
Phagocytosis,Resolved; >=100 genes,full_gene,Donor3,0.442556452809106,alpha_alone,0
Phagocytosis,Resolved; >=100 genes,full_gene,Donor4,0.505142702051731,alpha_alone,0
Phagocytosis,Resolved; >=100 genes,full_gene,Donor5,0.486734431610707,alpha_alone,0
Phagocytosis,Resolved; >=100 genes,full_gene,Donor6,1.01868903338044,alpha_alone,0
Phagocytosis,Resolved; >=100 genes,identity_markers_removed,Donor1,0.52141713931395,alpha_alone,0
Phagocytosis,Resolved; >=100 genes,identity_markers_removed,Donor2,0.42821734152897,alpha_alone,0
Phagocytosis,Resolved; >=100 genes,identity_markers_removed,Donor3,0.442556452809106,alpha_alone,0
Phagocytosis,Resolved; >=100 genes,identity_markers_removed,Donor4,0.505142702051731,alpha_alone,0
Phagocytosis,Resolved; >=100 genes,identity_markers_removed,Donor5,0.486734431610707,alpha_alone,0
Phagocytosis,Resolved; >=100 genes,identity_markers_removed,Donor6,1.01868903338044,alpha_alone,0
Chemotaxis,All annotated,full_gene,Donor1,0.0838666161639642,alpha_alone,0
Chemotaxis,All annotated,full_gene,Donor2,0.0777932704524744,alpha_alone,0
Chemotaxis,All annotated,full_gene,Donor3,0.323312951187781,alpha_alone,0
Chemotaxis,All annotated,full_gene,Donor4,0.429663389852059,alpha_alone,0
Chemotaxis,All annotated,full_gene,Donor5,-0.00940706143512288,alpha_alone,0
Chemotaxis,All annotated,full_gene,Donor6,0.464300496669181,alpha_alone,0
Chemotaxis,All annotated,identity_markers_removed,Donor1,0.095947278654615,alpha_alone,0
Chemotaxis,All annotated,identity_markers_removed,Donor2,0.107519913307814,alpha_alone,0
Chemotaxis,All annotated,identity_markers_removed,Donor3,0.333258903062444,alpha_alone,0
Chemotaxis,All annotated,identity_markers_removed,Donor4,0.411086735496251,alpha_alone,0
Chemotaxis,All annotated,identity_markers_removed,Donor5,0.012375238942628,alpha_alone,0
Chemotaxis,All annotated,identity_markers_removed,Donor6,0.418499869987683,alpha_alone,0
Chemotaxis,Resolved,full_gene,Donor1,0.569004408425915,alpha_alone,0
Chemotaxis,Resolved,full_gene,Donor2,0.505567399683641,alpha_alone,0
Chemotaxis,Resolved,full_gene,Donor3,0.502586991638579,alpha_alone,0
Chemotaxis,Resolved,full_gene,Donor4,0.531992857490321,alpha_alone,0
Chemotaxis,Resolved,full_gene,Donor5,0.415818681484905,alpha_alone,0
Chemotaxis,Resolved,full_gene,Donor6,0.662140882942352,alpha_alone,0
Chemotaxis,Resolved,identity_markers_removed,Donor1,0.576606246734052,alpha_alone,0
Chemotaxis,Resolved,identity_markers_removed,Donor2,0.481856853994326,alpha_alone,0
Chemotaxis,Resolved,identity_markers_removed,Donor3,0.508113153252159,alpha_alone,0
Chemotaxis,Resolved,identity_markers_removed,Donor4,0.51179120468577,alpha_alone,0
Chemotaxis,Resolved,identity_markers_removed,Donor5,0.394547925876134,alpha_alone,0
Chemotaxis,Resolved,identity_markers_removed,Donor6,0.553250126802663,alpha_alone,0
Chemotaxis,Resolved; >=100 genes,full_gene,Donor1,0.518674178721309,alpha_alone,0
Chemotaxis,Resolved; >=100 genes,full_gene,Donor2,0.510504583508835,alpha_alone,0
Chemotaxis,Resolved; >=100 genes,full_gene,Donor3,0.503134644649808,alpha_alone,0
Chemotaxis,Resolved; >=100 genes,full_gene,Donor4,0.446652328659142,alpha_alone,0
Chemotaxis,Resolved; >=100 genes,full_gene,Donor5,0.441791507515477,alpha_alone,0
Chemotaxis,Resolved; >=100 genes,full_gene,Donor6,0.591055798719044,alpha_alone,0
Chemotaxis,Resolved; >=100 genes,identity_markers_removed,Donor1,0.532169939791992,alpha_alone,0
Chemotaxis,Resolved; >=100 genes,identity_markers_removed,Donor2,0.502074722944346,alpha_alone,0
Chemotaxis,Resolved; >=100 genes,identity_markers_removed,Donor3,0.511937445962469,alpha_alone,0
Chemotaxis,Resolved; >=100 genes,identity_markers_removed,Donor4,0.432626353195078,alpha_alone,0
Chemotaxis,Resolved; >=100 genes,identity_markers_removed,Donor5,0.443933821366608,alpha_alone,0
Chemotaxis,Resolved; >=100 genes,identity_markers_removed,Donor6,0.493115063596665,alpha_alone,0
OSM_inflammation,All annotated,full_gene,Donor1,0.0952915682219026,alpha_alone,0
OSM_inflammation,All annotated,full_gene,Donor2,0.0411347721188496,alpha_alone,0
OSM_inflammation,All annotated,full_gene,Donor3,0.279796695429121,alpha_alone,0
OSM_inflammation,All annotated,full_gene,Donor4,0.417618807989926,alpha_alone,0
OSM_inflammation,All annotated,full_gene,Donor5,-0.0116890292064532,alpha_alone,0
OSM_inflammation,All annotated,full_gene,Donor6,0.101805544474911,alpha_alone,0
OSM_inflammation,All annotated,identity_markers_removed,Donor1,0.0878539640893109,alpha_alone,0
OSM_inflammation,All annotated,identity_markers_removed,Donor2,0.0426921701324433,alpha_alone,0
OSM_inflammation,All annotated,identity_markers_removed,Donor3,0.263420929230239,alpha_alone,0
OSM_inflammation,All annotated,identity_markers_removed,Donor4,0.399781494326918,alpha_alone,0
OSM_inflammation,All annotated,identity_markers_removed,Donor5,-0.013033218422119,alpha_alone,0
OSM_inflammation,All annotated,identity_markers_removed,Donor6,0.0759697023938669,alpha_alone,0
OSM_inflammation,Resolved,full_gene,Donor1,0.348671757633858,alpha_alone,0
OSM_inflammation,Resolved,full_gene,Donor2,0.273233267575147,alpha_alone,0
OSM_inflammation,Resolved,full_gene,Donor3,0.367655178816137,alpha_alone,0
OSM_inflammation,Resolved,full_gene,Donor4,0.408032630534979,alpha_alone,0
OSM_inflammation,Resolved,full_gene,Donor5,0.346536590337345,alpha_alone,0
OSM_inflammation,Resolved,full_gene,Donor6,0.802595559211571,alpha_alone,0
OSM_inflammation,Resolved,identity_markers_removed,Donor1,0.317305975297752,alpha_alone,0
OSM_inflammation,Resolved,identity_markers_removed,Donor2,0.258224392288691,alpha_alone,0
OSM_inflammation,Resolved,identity_markers_removed,Donor3,0.332572679728837,alpha_alone,0
OSM_inflammation,Resolved,identity_markers_removed,Donor4,0.375312085689581,alpha_alone,0
OSM_inflammation,Resolved,identity_markers_removed,Donor5,0.328109921651033,alpha_alone,0
OSM_inflammation,Resolved,identity_markers_removed,Donor6,0.749275206638073,alpha_alone,0
OSM_inflammation,Resolved; >=100 genes,full_gene,Donor1,0.296700717924328,alpha_alone,0
OSM_inflammation,Resolved; >=100 genes,full_gene,Donor2,0.314211436630368,alpha_alone,0
OSM_inflammation,Resolved; >=100 genes,full_gene,Donor3,0.351632616908226,alpha_alone,0
OSM_inflammation,Resolved; >=100 genes,full_gene,Donor4,0.340337036481445,alpha_alone,0
OSM_inflammation,Resolved; >=100 genes,full_gene,Donor5,0.401315003654242,alpha_alone,0
OSM_inflammation,Resolved; >=100 genes,full_gene,Donor6,0.764206957889885,alpha_alone,0
OSM_inflammation,Resolved; >=100 genes,identity_markers_removed,Donor1,0.257180725296699,alpha_alone,0
OSM_inflammation,Resolved; >=100 genes,identity_markers_removed,Donor2,0.302304615010478,alpha_alone,0
OSM_inflammation,Resolved; >=100 genes,identity_markers_removed,Donor3,0.305087060454194,alpha_alone,0
OSM_inflammation,Resolved; >=100 genes,identity_markers_removed,Donor4,0.313600355505021,alpha_alone,0
OSM_inflammation,Resolved; >=100 genes,identity_markers_removed,Donor5,0.371352027632109,alpha_alone,0
OSM_inflammation,Resolved; >=100 genes,identity_markers_removed,Donor6,0.7162894630432,alpha_alone,0
Type_I_interferon,All annotated,full_gene,Donor1,-0.0139443401466228,alpha_alone,0
Type_I_interferon,All annotated,full_gene,Donor2,0.0241685621409544,alpha_alone,0
Type_I_interferon,All annotated,full_gene,Donor3,0.0433846732117309,alpha_alone,0
Type_I_interferon,All annotated,full_gene,Donor4,0.0532851044178701,alpha_alone,0
Type_I_interferon,All annotated,full_gene,Donor5,-0.0501719320358271,alpha_alone,0
Type_I_interferon,All annotated,full_gene,Donor6,0.0397752498435005,alpha_alone,0
Type_I_interferon,All annotated,identity_markers_removed,Donor1,-0.0152120074326794,alpha_alone,0
Type_I_interferon,All annotated,identity_markers_removed,Donor2,0.0479346834005121,alpha_alone,0
Type_I_interferon,All annotated,identity_markers_removed,Donor3,0.0492781236339645,alpha_alone,0
Type_I_interferon,All annotated,identity_markers_removed,Donor4,0.0571482966811619,alpha_alone,0
Type_I_interferon,All annotated,identity_markers_removed,Donor5,-0.0456603451326009,alpha_alone,0
Type_I_interferon,All annotated,identity_markers_removed,Donor6,0.0443601328011552,alpha_alone,0
Type_I_interferon,Resolved,full_gene,Donor1,0.0250199972712021,alpha_alone,0
Type_I_interferon,Resolved,full_gene,Donor2,0.0866163901326534,alpha_alone,0
Type_I_interferon,Resolved,full_gene,Donor3,0.0415948021000672,alpha_alone,0
Type_I_interferon,Resolved,full_gene,Donor4,0.0851570929722814,alpha_alone,0
Type_I_interferon,Resolved,full_gene,Donor5,0.0676208734673875,alpha_alone,0
Type_I_interferon,Resolved,full_gene,Donor6,0.313859996191077,alpha_alone,0
Type_I_interferon,Resolved,identity_markers_removed,Donor1,0.027294542477675,alpha_alone,0
Type_I_interferon,Resolved,identity_markers_removed,Donor2,0.086135117723619,alpha_alone,0
Type_I_interferon,Resolved,identity_markers_removed,Donor3,0.0524877668625744,alpha_alone,0
Type_I_interferon,Resolved,identity_markers_removed,Donor4,0.097941100929007,alpha_alone,0
Type_I_interferon,Resolved,identity_markers_removed,Donor5,0.0696057952450964,alpha_alone,0
Type_I_interferon,Resolved,identity_markers_removed,Donor6,0.344404415712549,alpha_alone,0
Type_I_interferon,Resolved; >=100 genes,full_gene,Donor1,0.00146822259775416,alpha_alone,0
Type_I_interferon,Resolved; >=100 genes,full_gene,Donor2,0.0915947485673684,alpha_alone,0
Type_I_interferon,Resolved; >=100 genes,full_gene,Donor3,0.0415897076900957,alpha_alone,0
Type_I_interferon,Resolved; >=100 genes,full_gene,Donor4,0.0615910584478974,alpha_alone,0
Type_I_interferon,Resolved; >=100 genes,full_gene,Donor5,0.0615969720532572,alpha_alone,0
Type_I_interferon,Resolved; >=100 genes,full_gene,Donor6,0.297863268045006,alpha_alone,0
Type_I_interferon,Resolved; >=100 genes,identity_markers_removed,Donor1,0.00160169737936817,alpha_alone,0
Type_I_interferon,Resolved; >=100 genes,identity_markers_removed,Donor2,0.0929073358011243,alpha_alone,0
Type_I_interferon,Resolved; >=100 genes,identity_markers_removed,Donor3,0.054111225725129,alpha_alone,0
Type_I_interferon,Resolved; >=100 genes,identity_markers_removed,Donor4,0.0767990595212326,alpha_alone,0
Type_I_interferon,Resolved; >=100 genes,identity_markers_removed,Donor5,0.0623187284942301,alpha_alone,0
Type_I_interferon,Resolved; >=100 genes,identity_markers_removed,Donor6,0.327700934918125,alpha_alone,0
Immature_granulopoiesis,All annotated,full_gene,Donor1,-0.0193014539920049,alpha_alone,0
Immature_granulopoiesis,All annotated,full_gene,Donor2,-0.0266444029729041,alpha_alone,0
Immature_granulopoiesis,All annotated,full_gene,Donor3,-0.215762465183761,alpha_alone,0
Immature_granulopoiesis,All annotated,full_gene,Donor4,-0.102376773897612,alpha_alone,0
Immature_granulopoiesis,All annotated,full_gene,Donor5,-0.124477198548449,alpha_alone,0
Immature_granulopoiesis,All annotated,full_gene,Donor6,-0.258916028219576,alpha_alone,0
Immature_granulopoiesis,All annotated,identity_markers_removed,Donor1,-0.0193014539920049,alpha_alone,0
Immature_granulopoiesis,All annotated,identity_markers_removed,Donor2,-0.0266444029729041,alpha_alone,0
Immature_granulopoiesis,All annotated,identity_markers_removed,Donor3,-0.215762465183761,alpha_alone,0
Immature_granulopoiesis,All annotated,identity_markers_removed,Donor4,-0.102376773897612,alpha_alone,0
Immature_granulopoiesis,All annotated,identity_markers_removed,Donor5,-0.124477198548449,alpha_alone,0
Immature_granulopoiesis,All annotated,identity_markers_removed,Donor6,-0.258916028219576,alpha_alone,0
Immature_granulopoiesis,Resolved,full_gene,Donor1,-0.0184589439568218,alpha_alone,0
Immature_granulopoiesis,Resolved,full_gene,Donor2,0.0597290170893396,alpha_alone,0
Immature_granulopoiesis,Resolved,full_gene,Donor3,-0.263669615347574,alpha_alone,0
Immature_granulopoiesis,Resolved,full_gene,Donor4,-0.131998394062974,alpha_alone,0
Immature_granulopoiesis,Resolved,full_gene,Donor5,-0.0114930247526626,alpha_alone,0
Immature_granulopoiesis,Resolved,full_gene,Donor6,-0.144386453121938,alpha_alone,0
Immature_granulopoiesis,Resolved,identity_markers_removed,Donor1,-0.0184589439568218,alpha_alone,0
Immature_granulopoiesis,Resolved,identity_markers_removed,Donor2,0.0597290170893396,alpha_alone,0
Immature_granulopoiesis,Resolved,identity_markers_removed,Donor3,-0.263669615347574,alpha_alone,0
Immature_granulopoiesis,Resolved,identity_markers_removed,Donor4,-0.131998394062974,alpha_alone,0
Immature_granulopoiesis,Resolved,identity_markers_removed,Donor5,-0.0114930247526626,alpha_alone,0
Immature_granulopoiesis,Resolved,identity_markers_removed,Donor6,-0.144386453121938,alpha_alone,0
Immature_granulopoiesis,Resolved; >=100 genes,full_gene,Donor1,-0.0618593143025155,alpha_alone,0
Immature_granulopoiesis,Resolved; >=100 genes,full_gene,Donor2,0.0420071227857574,alpha_alone,0
Immature_granulopoiesis,Resolved; >=100 genes,full_gene,Donor3,-0.304537078987015,alpha_alone,0
Immature_granulopoiesis,Resolved; >=100 genes,full_gene,Donor4,-0.205486595886031,alpha_alone,0
Immature_granulopoiesis,Resolved; >=100 genes,full_gene,Donor5,-0.0625026017229576,alpha_alone,0
Immature_granulopoiesis,Resolved; >=100 genes,full_gene,Donor6,-0.259416630459336,alpha_alone,0
Immature_granulopoiesis,Resolved; >=100 genes,identity_markers_removed,Donor1,-0.0618593143025155,alpha_alone,0
Immature_granulopoiesis,Resolved; >=100 genes,identity_markers_removed,Donor2,0.0420071227857574,alpha_alone,0
Immature_granulopoiesis,Resolved; >=100 genes,identity_markers_removed,Donor3,-0.304537078987015,alpha_alone,0
Immature_granulopoiesis,Resolved; >=100 genes,identity_markers_removed,Donor4,-0.205486595886031,alpha_alone,0
Immature_granulopoiesis,Resolved; >=100 genes,identity_markers_removed,Donor5,-0.0625026017229576,alpha_alone,0
Immature_granulopoiesis,Resolved; >=100 genes,identity_markers_removed,Donor6,-0.259416630459336,alpha_alone,0
Survival_antiapoptosis,All annotated,full_gene,Donor1,0.0766859662594579,alpha_alone,0
Survival_antiapoptosis,All annotated,full_gene,Donor2,0.020114052351823,alpha_alone,0
Survival_antiapoptosis,All annotated,full_gene,Donor3,0.213855109815635,alpha_alone,0
Survival_antiapoptosis,All annotated,full_gene,Donor4,0.342209188296873,alpha_alone,0
Survival_antiapoptosis,All annotated,full_gene,Donor5,0.0479269993847327,alpha_alone,0
Survival_antiapoptosis,All annotated,full_gene,Donor6,0.467259288989356,alpha_alone,0
Survival_antiapoptosis,All annotated,identity_markers_removed,Donor1,0.0766859662594579,alpha_alone,0
Survival_antiapoptosis,All annotated,identity_markers_removed,Donor2,0.020114052351823,alpha_alone,0
Survival_antiapoptosis,All annotated,identity_markers_removed,Donor3,0.213855109815635,alpha_alone,0
Survival_antiapoptosis,All annotated,identity_markers_removed,Donor4,0.342209188296873,alpha_alone,0
Survival_antiapoptosis,All annotated,identity_markers_removed,Donor5,0.0479269993847327,alpha_alone,0
Survival_antiapoptosis,All annotated,identity_markers_removed,Donor6,0.467259288989356,alpha_alone,0
Survival_antiapoptosis,Resolved,full_gene,Donor1,0.308682488220931,alpha_alone,0
Survival_antiapoptosis,Resolved,full_gene,Donor2,0.251965042982648,alpha_alone,0
Survival_antiapoptosis,Resolved,full_gene,Donor3,0.307313991104609,alpha_alone,0
Survival_antiapoptosis,Resolved,full_gene,Donor4,0.403177254740803,alpha_alone,0
Survival_antiapoptosis,Resolved,full_gene,Donor5,0.324435033771721,alpha_alone,0
Survival_antiapoptosis,Resolved,full_gene,Donor6,0.954900564924436,alpha_alone,0
Survival_antiapoptosis,Resolved,identity_markers_removed,Donor1,0.308682488220931,alpha_alone,0
Survival_antiapoptosis,Resolved,identity_markers_removed,Donor2,0.251965042982648,alpha_alone,0
Survival_antiapoptosis,Resolved,identity_markers_removed,Donor3,0.307313991104609,alpha_alone,0
Survival_antiapoptosis,Resolved,identity_markers_removed,Donor4,0.403177254740803,alpha_alone,0
Survival_antiapoptosis,Resolved,identity_markers_removed,Donor5,0.324435033771721,alpha_alone,0
Survival_antiapoptosis,Resolved,identity_markers_removed,Donor6,0.954900564924436,alpha_alone,0
Survival_antiapoptosis,Resolved; >=100 genes,full_gene,Donor1,0.293735326676676,alpha_alone,0
Survival_antiapoptosis,Resolved; >=100 genes,full_gene,Donor2,0.220889147676504,alpha_alone,0
Survival_antiapoptosis,Resolved; >=100 genes,full_gene,Donor3,0.295961086393887,alpha_alone,0
Survival_antiapoptosis,Resolved; >=100 genes,full_gene,Donor4,0.354975394456203,alpha_alone,0
Survival_antiapoptosis,Resolved; >=100 genes,full_gene,Donor5,0.398811386703968,alpha_alone,0
Survival_antiapoptosis,Resolved; >=100 genes,full_gene,Donor6,0.899687829772135,alpha_alone,0
Survival_antiapoptosis,Resolved; >=100 genes,identity_markers_removed,Donor1,0.293735326676676,alpha_alone,0
Survival_antiapoptosis,Resolved; >=100 genes,identity_markers_removed,Donor2,0.220889147676504,alpha_alone,0
Survival_antiapoptosis,Resolved; >=100 genes,identity_markers_removed,Donor3,0.295961086393887,alpha_alone,0
Survival_antiapoptosis,Resolved; >=100 genes,identity_markers_removed,Donor4,0.354975394456203,alpha_alone,0
Survival_antiapoptosis,Resolved; >=100 genes,identity_markers_removed,Donor5,0.398811386703968,alpha_alone,0
Survival_antiapoptosis,Resolved; >=100 genes,identity_markers_removed,Donor6,0.899687829772135,alpha_alone,0
Hypoxia_glycolysis,All annotated,full_gene,Donor1,-0.0114875084352769,alpha_alone,0
Hypoxia_glycolysis,All annotated,full_gene,Donor2,0.0328254167063582,alpha_alone,0
Hypoxia_glycolysis,All annotated,full_gene,Donor3,0.119185161306869,alpha_alone,0
Hypoxia_glycolysis,All annotated,full_gene,Donor4,0.155388958778921,alpha_alone,0
Hypoxia_glycolysis,All annotated,full_gene,Donor5,0.0151034524577997,alpha_alone,0
Hypoxia_glycolysis,All annotated,full_gene,Donor6,-0.00462288045695602,alpha_alone,0
Hypoxia_glycolysis,All annotated,identity_markers_removed,Donor1,-0.0114875084352769,alpha_alone,0
Hypoxia_glycolysis,All annotated,identity_markers_removed,Donor2,0.0328254167063582,alpha_alone,0
Hypoxia_glycolysis,All annotated,identity_markers_removed,Donor3,0.119185161306869,alpha_alone,0
Hypoxia_glycolysis,All annotated,identity_markers_removed,Donor4,0.155388958778921,alpha_alone,0
Hypoxia_glycolysis,All annotated,identity_markers_removed,Donor5,0.0151034524577997,alpha_alone,0
Hypoxia_glycolysis,All annotated,identity_markers_removed,Donor6,-0.00462288045695602,alpha_alone,0
Hypoxia_glycolysis,Resolved,full_gene,Donor1,0.200461700504936,alpha_alone,0
Hypoxia_glycolysis,Resolved,full_gene,Donor2,0.212945622025198,alpha_alone,0
Hypoxia_glycolysis,Resolved,full_gene,Donor3,0.19398345141484,alpha_alone,0
Hypoxia_glycolysis,Resolved,full_gene,Donor4,0.221577229795526,alpha_alone,0
Hypoxia_glycolysis,Resolved,full_gene,Donor5,0.150526025936333,alpha_alone,0
Hypoxia_glycolysis,Resolved,full_gene,Donor6,-0.18932568600891,alpha_alone,0
Hypoxia_glycolysis,Resolved,identity_markers_removed,Donor1,0.200461700504936,alpha_alone,0
Hypoxia_glycolysis,Resolved,identity_markers_removed,Donor2,0.212945622025198,alpha_alone,0
Hypoxia_glycolysis,Resolved,identity_markers_removed,Donor3,0.19398345141484,alpha_alone,0
Hypoxia_glycolysis,Resolved,identity_markers_removed,Donor4,0.221577229795526,alpha_alone,0
Hypoxia_glycolysis,Resolved,identity_markers_removed,Donor5,0.150526025936333,alpha_alone,0
Hypoxia_glycolysis,Resolved,identity_markers_removed,Donor6,-0.18932568600891,alpha_alone,0
Hypoxia_glycolysis,Resolved; >=100 genes,full_gene,Donor1,0.147326003725544,alpha_alone,0
Hypoxia_glycolysis,Resolved; >=100 genes,full_gene,Donor2,0.206587549454868,alpha_alone,0
Hypoxia_glycolysis,Resolved; >=100 genes,full_gene,Donor3,0.206061534972681,alpha_alone,0
Hypoxia_glycolysis,Resolved; >=100 genes,full_gene,Donor4,0.178915037394646,alpha_alone,0
Hypoxia_glycolysis,Resolved; >=100 genes,full_gene,Donor5,0.156245503628026,alpha_alone,0
Hypoxia_glycolysis,Resolved; >=100 genes,full_gene,Donor6,-0.237993461640432,alpha_alone,0
Hypoxia_glycolysis,Resolved; >=100 genes,identity_markers_removed,Donor1,0.147326003725544,alpha_alone,0
Hypoxia_glycolysis,Resolved; >=100 genes,identity_markers_removed,Donor2,0.206587549454868,alpha_alone,0
Hypoxia_glycolysis,Resolved; >=100 genes,identity_markers_removed,Donor3,0.206061534972681,alpha_alone,0
Hypoxia_glycolysis,Resolved; >=100 genes,identity_markers_removed,Donor4,0.178915037394646,alpha_alone,0
Hypoxia_glycolysis,Resolved; >=100 genes,identity_markers_removed,Donor5,0.156245503628026,alpha_alone,0
Hypoxia_glycolysis,Resolved; >=100 genes,identity_markers_removed,Donor6,-0.237993461640432,alpha_alone,0
ER_stress,All annotated,full_gene,Donor1,0.0300413694993087,alpha_alone,0
ER_stress,All annotated,full_gene,Donor2,0.00319971987424222,alpha_alone,0
ER_stress,All annotated,full_gene,Donor3,0.245141484807866,alpha_alone,0
ER_stress,All annotated,full_gene,Donor4,0.332053790603487,alpha_alone,0
ER_stress,All annotated,full_gene,Donor5,0.00644246596031062,alpha_alone,0
ER_stress,All annotated,full_gene,Donor6,0.746088226579975,alpha_alone,0
ER_stress,All annotated,identity_markers_removed,Donor1,0.0300413694993087,alpha_alone,0
ER_stress,All annotated,identity_markers_removed,Donor2,0.00319971987424222,alpha_alone,0
ER_stress,All annotated,identity_markers_removed,Donor3,0.245141484807866,alpha_alone,0
ER_stress,All annotated,identity_markers_removed,Donor4,0.332053790603487,alpha_alone,0
ER_stress,All annotated,identity_markers_removed,Donor5,0.00644246596031062,alpha_alone,0
ER_stress,All annotated,identity_markers_removed,Donor6,0.746088226579975,alpha_alone,0
ER_stress,Resolved,full_gene,Donor1,0.256072670852597,alpha_alone,0
ER_stress,Resolved,full_gene,Donor2,0.171479532329919,alpha_alone,0
ER_stress,Resolved,full_gene,Donor3,0.38618532882323,alpha_alone,0
ER_stress,Resolved,full_gene,Donor4,0.400532151131823,alpha_alone,0
ER_stress,Resolved,full_gene,Donor5,0.318268437429324,alpha_alone,0
ER_stress,Resolved,full_gene,Donor6,0.284751876960668,alpha_alone,0
ER_stress,Resolved,identity_markers_removed,Donor1,0.256072670852597,alpha_alone,0
ER_stress,Resolved,identity_markers_removed,Donor2,0.171479532329919,alpha_alone,0
ER_stress,Resolved,identity_markers_removed,Donor3,0.38618532882323,alpha_alone,0
ER_stress,Resolved,identity_markers_removed,Donor4,0.400532151131823,alpha_alone,0
ER_stress,Resolved,identity_markers_removed,Donor5,0.318268437429324,alpha_alone,0
ER_stress,Resolved,identity_markers_removed,Donor6,0.284751876960668,alpha_alone,0
ER_stress,Resolved; >=100 genes,full_gene,Donor1,0.196404912484271,alpha_alone,0
ER_stress,Resolved; >=100 genes,full_gene,Donor2,0.149886630476498,alpha_alone,0
ER_stress,Resolved; >=100 genes,full_gene,Donor3,0.3734454693421,alpha_alone,0
ER_stress,Resolved; >=100 genes,full_gene,Donor4,0.354102745130651,alpha_alone,0
ER_stress,Resolved; >=100 genes,full_gene,Donor5,0.382399721692174,alpha_alone,0
ER_stress,Resolved; >=100 genes,full_gene,Donor6,0.239454297929274,alpha_alone,0
ER_stress,Resolved; >=100 genes,identity_markers_removed,Donor1,0.196404912484271,alpha_alone,0
ER_stress,Resolved; >=100 genes,identity_markers_removed,Donor2,0.149886630476498,alpha_alone,0
ER_stress,Resolved; >=100 genes,identity_markers_removed,Donor3,0.3734454693421,alpha_alone,0
ER_stress,Resolved; >=100 genes,identity_markers_removed,Donor4,0.354102745130651,alpha_alone,0
ER_stress,Resolved; >=100 genes,identity_markers_removed,Donor5,0.382399721692174,alpha_alone,0
ER_stress,Resolved; >=100 genes,identity_markers_removed,Donor6,0.239454297929274,alpha_alone,0
Proliferation_stress,All annotated,full_gene,Donor1,0.0096049937405502,alpha_alone,0
Proliferation_stress,All annotated,full_gene,Donor2,0.0519580360815851,alpha_alone,0
Proliferation_stress,All annotated,full_gene,Donor3,0.0445989667395237,alpha_alone,0
Proliferation_stress,All annotated,full_gene,Donor4,0.0323815606449136,alpha_alone,0
Proliferation_stress,All annotated,full_gene,Donor5,-0.0404209987860971,alpha_alone,0
Proliferation_stress,All annotated,full_gene,Donor6,-0.0162132900420555,alpha_alone,0
Proliferation_stress,All annotated,identity_markers_removed,Donor1,0.0096049937405502,alpha_alone,0
Proliferation_stress,All annotated,identity_markers_removed,Donor2,0.0519580360815851,alpha_alone,0
Proliferation_stress,All annotated,identity_markers_removed,Donor3,0.0445989667395237,alpha_alone,0
Proliferation_stress,All annotated,identity_markers_removed,Donor4,0.0323815606449136,alpha_alone,0
Proliferation_stress,All annotated,identity_markers_removed,Donor5,-0.0404209987860971,alpha_alone,0
Proliferation_stress,All annotated,identity_markers_removed,Donor6,-0.0162132900420555,alpha_alone,0
Proliferation_stress,Resolved,full_gene,Donor1,0.0284641205216294,alpha_alone,0
Proliferation_stress,Resolved,full_gene,Donor2,0.0906158988066401,alpha_alone,0
Proliferation_stress,Resolved,full_gene,Donor3,0.0422795287662692,alpha_alone,0
Proliferation_stress,Resolved,full_gene,Donor4,0.0248948008319361,alpha_alone,0
Proliferation_stress,Resolved,full_gene,Donor5,0.0377651017656821,alpha_alone,0
Proliferation_stress,Resolved,full_gene,Donor6,0.204658237323826,alpha_alone,0
Proliferation_stress,Resolved,identity_markers_removed,Donor1,0.0284641205216294,alpha_alone,0
Proliferation_stress,Resolved,identity_markers_removed,Donor2,0.0906158988066401,alpha_alone,0
Proliferation_stress,Resolved,identity_markers_removed,Donor3,0.0422795287662692,alpha_alone,0
Proliferation_stress,Resolved,identity_markers_removed,Donor4,0.0248948008319361,alpha_alone,0
Proliferation_stress,Resolved,identity_markers_removed,Donor5,0.0377651017656821,alpha_alone,0
Proliferation_stress,Resolved,identity_markers_removed,Donor6,0.204658237323826,alpha_alone,0
Proliferation_stress,Resolved; >=100 genes,full_gene,Donor1,-0.0106946619199722,alpha_alone,0
Proliferation_stress,Resolved; >=100 genes,full_gene,Donor2,0.0843942209850281,alpha_alone,0
Proliferation_stress,Resolved; >=100 genes,full_gene,Donor3,0.0316166808148693,alpha_alone,0
Proliferation_stress,Resolved; >=100 genes,full_gene,Donor4,0.00724707061327795,alpha_alone,0
Proliferation_stress,Resolved; >=100 genes,full_gene,Donor5,0.0109903344759875,alpha_alone,0
Proliferation_stress,Resolved; >=100 genes,full_gene,Donor6,0.135169246989028,alpha_alone,0
Proliferation_stress,Resolved; >=100 genes,identity_markers_removed,Donor1,-0.0106946619199722,alpha_alone,0
Proliferation_stress,Resolved; >=100 genes,identity_markers_removed,Donor2,0.0843942209850281,alpha_alone,0
Proliferation_stress,Resolved; >=100 genes,identity_markers_removed,Donor3,0.0316166808148693,alpha_alone,0
Proliferation_stress,Resolved; >=100 genes,identity_markers_removed,Donor4,0.00724707061327795,alpha_alone,0
Proliferation_stress,Resolved; >=100 genes,identity_markers_removed,Donor5,0.0109903344759875,alpha_alone,0
Proliferation_stress,Resolved; >=100 genes,identity_markers_removed,Donor6,0.135169246989028,alpha_alone,0
Integrin_adhesion,All annotated,full_gene,Donor1,0.0608918331526609,alpha_alone,0
Integrin_adhesion,All annotated,full_gene,Donor2,0.0112375377967534,alpha_alone,0
Integrin_adhesion,All annotated,full_gene,Donor3,0.190668533203187,alpha_alone,0
Integrin_adhesion,All annotated,full_gene,Donor4,0.283227774288704,alpha_alone,0
Integrin_adhesion,All annotated,full_gene,Donor5,0.0486218640223293,alpha_alone,0
Integrin_adhesion,All annotated,full_gene,Donor6,0.651572841456048,alpha_alone,0
Integrin_adhesion,All annotated,identity_markers_removed,Donor1,0.0608918331526609,alpha_alone,0
Integrin_adhesion,All annotated,identity_markers_removed,Donor2,0.0112375377967534,alpha_alone,0
Integrin_adhesion,All annotated,identity_markers_removed,Donor3,0.190668533203187,alpha_alone,0
Integrin_adhesion,All annotated,identity_markers_removed,Donor4,0.283227774288704,alpha_alone,0
Integrin_adhesion,All annotated,identity_markers_removed,Donor5,0.0486218640223293,alpha_alone,0
Integrin_adhesion,All annotated,identity_markers_removed,Donor6,0.651572841456048,alpha_alone,0
Integrin_adhesion,Resolved,full_gene,Donor1,0.184224087388766,alpha_alone,0
Integrin_adhesion,Resolved,full_gene,Donor2,0.171690355174274,alpha_alone,0
Integrin_adhesion,Resolved,full_gene,Donor3,0.260625773309916,alpha_alone,0
Integrin_adhesion,Resolved,full_gene,Donor4,0.386989827914217,alpha_alone,0
Integrin_adhesion,Resolved,full_gene,Donor5,0.213327904871931,alpha_alone,0
Integrin_adhesion,Resolved,full_gene,Donor6,1.07431521331539,alpha_alone,0
Integrin_adhesion,Resolved,identity_markers_removed,Donor1,0.184224087388766,alpha_alone,0
Integrin_adhesion,Resolved,identity_markers_removed,Donor2,0.171690355174274,alpha_alone,0
Integrin_adhesion,Resolved,identity_markers_removed,Donor3,0.260625773309916,alpha_alone,0
Integrin_adhesion,Resolved,identity_markers_removed,Donor4,0.386989827914217,alpha_alone,0
Integrin_adhesion,Resolved,identity_markers_removed,Donor5,0.213327904871931,alpha_alone,0
Integrin_adhesion,Resolved,identity_markers_removed,Donor6,1.07431521331539,alpha_alone,0
Integrin_adhesion,Resolved; >=100 genes,full_gene,Donor1,0.155346884220197,alpha_alone,0
Integrin_adhesion,Resolved; >=100 genes,full_gene,Donor2,0.202111039926191,alpha_alone,0
Integrin_adhesion,Resolved; >=100 genes,full_gene,Donor3,0.242321181685812,alpha_alone,0
Integrin_adhesion,Resolved; >=100 genes,full_gene,Donor4,0.3539087059364,alpha_alone,0
Integrin_adhesion,Resolved; >=100 genes,full_gene,Donor5,0.229161274794157,alpha_alone,0
Integrin_adhesion,Resolved; >=100 genes,full_gene,Donor6,1.03323584806574,alpha_alone,0
Integrin_adhesion,Resolved; >=100 genes,identity_markers_removed,Donor1,0.155346884220197,alpha_alone,0
Integrin_adhesion,Resolved; >=100 genes,identity_markers_removed,Donor2,0.202111039926191,alpha_alone,0
Integrin_adhesion,Resolved; >=100 genes,identity_markers_removed,Donor3,0.242321181685812,alpha_alone,0
Integrin_adhesion,Resolved; >=100 genes,identity_markers_removed,Donor4,0.3539087059364,alpha_alone,0
Integrin_adhesion,Resolved; >=100 genes,identity_markers_removed,Donor5,0.229161274794157,alpha_alone,0
Integrin_adhesion,Resolved; >=100 genes,identity_markers_removed,Donor6,1.03323584806574,alpha_alone,0
CXCR4_aging_retention,All annotated,full_gene,Donor1,0.0987180759997246,alpha_alone,0
CXCR4_aging_retention,All annotated,full_gene,Donor2,0.0352014721193272,alpha_alone,0
CXCR4_aging_retention,All annotated,full_gene,Donor3,0.377352571843904,alpha_alone,0
CXCR4_aging_retention,All annotated,full_gene,Donor4,0.590156695549955,alpha_alone,0
CXCR4_aging_retention,All annotated,full_gene,Donor5,0.0274542406147519,alpha_alone,0
CXCR4_aging_retention,All annotated,full_gene,Donor6,0.412928814521599,alpha_alone,0
CXCR4_aging_retention,All annotated,identity_markers_removed,Donor1,0.118601295453788,alpha_alone,0
CXCR4_aging_retention,All annotated,identity_markers_removed,Donor2,0.0683004124501734,alpha_alone,0
CXCR4_aging_retention,All annotated,identity_markers_removed,Donor3,0.402084828599657,alpha_alone,0
CXCR4_aging_retention,All annotated,identity_markers_removed,Donor4,0.596248040591403,alpha_alone,0
CXCR4_aging_retention,All annotated,identity_markers_removed,Donor5,0.0653217215535781,alpha_alone,0
CXCR4_aging_retention,All annotated,identity_markers_removed,Donor6,0.338533600737986,alpha_alone,0
CXCR4_aging_retention,Resolved,full_gene,Donor1,0.629299750973619,alpha_alone,0
CXCR4_aging_retention,Resolved,full_gene,Donor2,0.556675962678854,alpha_alone,0
CXCR4_aging_retention,Resolved,full_gene,Donor3,0.574477649769832,alpha_alone,0
CXCR4_aging_retention,Resolved,full_gene,Donor4,0.73167054278711,alpha_alone,0
CXCR4_aging_retention,Resolved,full_gene,Donor5,0.6391848048512,alpha_alone,0
CXCR4_aging_retention,Resolved,full_gene,Donor6,0.869297335604784,alpha_alone,0
CXCR4_aging_retention,Resolved,identity_markers_removed,Donor1,0.652001393114551,alpha_alone,0
CXCR4_aging_retention,Resolved,identity_markers_removed,Donor2,0.533702911312855,alpha_alone,0
CXCR4_aging_retention,Resolved,identity_markers_removed,Donor3,0.596592407655094,alpha_alone,0
CXCR4_aging_retention,Resolved,identity_markers_removed,Donor4,0.743323765920097,alpha_alone,0
CXCR4_aging_retention,Resolved,identity_markers_removed,Donor5,0.654078971672179,alpha_alone,0
CXCR4_aging_retention,Resolved,identity_markers_removed,Donor6,0.758281567541706,alpha_alone,0
CXCR4_aging_retention,Resolved; >=100 genes,full_gene,Donor1,0.590435128801633,alpha_alone,0
CXCR4_aging_retention,Resolved; >=100 genes,full_gene,Donor2,0.497011623411582,alpha_alone,0
CXCR4_aging_retention,Resolved; >=100 genes,full_gene,Donor3,0.538779606019572,alpha_alone,0
CXCR4_aging_retention,Resolved; >=100 genes,full_gene,Donor4,0.638991720611164,alpha_alone,0
CXCR4_aging_retention,Resolved; >=100 genes,full_gene,Donor5,0.662143227657384,alpha_alone,0
CXCR4_aging_retention,Resolved; >=100 genes,full_gene,Donor6,0.766009782825619,alpha_alone,0
CXCR4_aging_retention,Resolved; >=100 genes,identity_markers_removed,Donor1,0.623681384316654,alpha_alone,0
CXCR4_aging_retention,Resolved; >=100 genes,identity_markers_removed,Donor2,0.482511226601847,alpha_alone,0
CXCR4_aging_retention,Resolved; >=100 genes,identity_markers_removed,Donor3,0.55823252013125,alpha_alone,0
CXCR4_aging_retention,Resolved; >=100 genes,identity_markers_removed,Donor4,0.657823233351879,alpha_alone,0
CXCR4_aging_retention,Resolved; >=100 genes,identity_markers_removed,Donor5,0.709212811077349,alpha_alone,0
CXCR4_aging_retention,Resolved; >=100 genes,identity_markers_removed,Donor6,0.663883550475603,alpha_alone,0
NETosis,All annotated,full_gene,Donor1,0.00734085380079599,UC_vs_control_fibroblasts,0
NETosis,All annotated,full_gene,Donor2,0.0140960957179722,UC_vs_control_fibroblasts,0
NETosis,All annotated,full_gene,Donor3,-0.0889023167778767,UC_vs_control_fibroblasts,0
NETosis,All annotated,full_gene,Donor4,-0.0705896351312229,UC_vs_control_fibroblasts,0
NETosis,All annotated,full_gene,Donor5,-0.187549276950012,UC_vs_control_fibroblasts,0
NETosis,All annotated,full_gene,Donor6,0.0157763453763536,UC_vs_control_fibroblasts,0
NETosis,All annotated,identity_markers_removed,Donor1,0.00494922275210497,UC_vs_control_fibroblasts,0
NETosis,All annotated,identity_markers_removed,Donor2,0.0122661749516977,UC_vs_control_fibroblasts,0
NETosis,All annotated,identity_markers_removed,Donor3,-0.0915307901766012,UC_vs_control_fibroblasts,0
NETosis,All annotated,identity_markers_removed,Donor4,-0.0720023779070569,UC_vs_control_fibroblasts,0
NETosis,All annotated,identity_markers_removed,Donor5,-0.205520751880258,UC_vs_control_fibroblasts,0
NETosis,All annotated,identity_markers_removed,Donor6,0.0169880607673845,UC_vs_control_fibroblasts,0
NETosis,Resolved,full_gene,Donor1,-0.00685586836011861,UC_vs_control_fibroblasts,0
NETosis,Resolved,full_gene,Donor2,0.129937539027514,UC_vs_control_fibroblasts,0
NETosis,Resolved,full_gene,Donor3,-0.10493988480733,UC_vs_control_fibroblasts,0
NETosis,Resolved,full_gene,Donor4,-0.0777091176761608,UC_vs_control_fibroblasts,0
NETosis,Resolved,full_gene,Donor5,-0.058427581785001,UC_vs_control_fibroblasts,0
NETosis,Resolved,full_gene,Donor6,0.00959865706932754,UC_vs_control_fibroblasts,0
NETosis,Resolved,identity_markers_removed,Donor1,-0.0111345998438993,UC_vs_control_fibroblasts,0
NETosis,Resolved,identity_markers_removed,Donor2,0.123233131589747,UC_vs_control_fibroblasts,0
NETosis,Resolved,identity_markers_removed,Donor3,-0.104473273493393,UC_vs_control_fibroblasts,0
NETosis,Resolved,identity_markers_removed,Donor4,-0.079270346180729,UC_vs_control_fibroblasts,0
NETosis,Resolved,identity_markers_removed,Donor5,-0.0445821109436521,UC_vs_control_fibroblasts,0
NETosis,Resolved,identity_markers_removed,Donor6,0.00398182021698998,UC_vs_control_fibroblasts,0
NETosis,Resolved; >=100 genes,full_gene,Donor1,-0.0178686273903116,UC_vs_control_fibroblasts,0
NETosis,Resolved; >=100 genes,full_gene,Donor2,0.158569066118867,UC_vs_control_fibroblasts,0
NETosis,Resolved; >=100 genes,full_gene,Donor3,-0.106646930754902,UC_vs_control_fibroblasts,0
NETosis,Resolved; >=100 genes,full_gene,Donor4,-0.0767635503600694,UC_vs_control_fibroblasts,0
NETosis,Resolved; >=100 genes,full_gene,Donor5,-0.018407367826294,UC_vs_control_fibroblasts,0
NETosis,Resolved; >=100 genes,full_gene,Donor6,0.00598199541313457,UC_vs_control_fibroblasts,0
NETosis,Resolved; >=100 genes,identity_markers_removed,Donor1,-0.0173731767693278,UC_vs_control_fibroblasts,0
NETosis,Resolved; >=100 genes,identity_markers_removed,Donor2,0.153989323056191,UC_vs_control_fibroblasts,0
NETosis,Resolved; >=100 genes,identity_markers_removed,Donor3,-0.10621918247336,UC_vs_control_fibroblasts,0
NETosis,Resolved; >=100 genes,identity_markers_removed,Donor4,-0.0780254213151086,UC_vs_control_fibroblasts,0
NETosis,Resolved; >=100 genes,identity_markers_removed,Donor5,-0.00512834264536841,UC_vs_control_fibroblasts,0
NETosis,Resolved; >=100 genes,identity_markers_removed,Donor6,0.00514518950243598,UC_vs_control_fibroblasts,0
Degranulation,All annotated,full_gene,Donor1,0.0118296340762517,UC_vs_control_fibroblasts,0
Degranulation,All annotated,full_gene,Donor2,-0.0623982237020199,UC_vs_control_fibroblasts,0
Degranulation,All annotated,full_gene,Donor3,-0.0566285185624012,UC_vs_control_fibroblasts,0
Degranulation,All annotated,full_gene,Donor4,-0.0473576288270017,UC_vs_control_fibroblasts,0
Degranulation,All annotated,full_gene,Donor5,-0.0971729604844334,UC_vs_control_fibroblasts,0
Degranulation,All annotated,full_gene,Donor6,-0.00963217782861253,UC_vs_control_fibroblasts,0
Degranulation,All annotated,identity_markers_removed,Donor1,0.0118296340762517,UC_vs_control_fibroblasts,0
Degranulation,All annotated,identity_markers_removed,Donor2,-0.0623982237020199,UC_vs_control_fibroblasts,0
Degranulation,All annotated,identity_markers_removed,Donor3,-0.0566285185624012,UC_vs_control_fibroblasts,0
Degranulation,All annotated,identity_markers_removed,Donor4,-0.0473576288270017,UC_vs_control_fibroblasts,0
Degranulation,All annotated,identity_markers_removed,Donor5,-0.0971729604844334,UC_vs_control_fibroblasts,0
Degranulation,All annotated,identity_markers_removed,Donor6,-0.00963217782861253,UC_vs_control_fibroblasts,0
Degranulation,Resolved,full_gene,Donor1,-0.0271511878840139,UC_vs_control_fibroblasts,0
Degranulation,Resolved,full_gene,Donor2,0.0464182625715469,UC_vs_control_fibroblasts,0
Degranulation,Resolved,full_gene,Donor3,-0.0583291797325058,UC_vs_control_fibroblasts,0
Degranulation,Resolved,full_gene,Donor4,-0.058608227152432,UC_vs_control_fibroblasts,0
Degranulation,Resolved,full_gene,Donor5,-0.191581345298341,UC_vs_control_fibroblasts,0
Degranulation,Resolved,full_gene,Donor6,0.0122524038578185,UC_vs_control_fibroblasts,0
Degranulation,Resolved,identity_markers_removed,Donor1,-0.0271511878840139,UC_vs_control_fibroblasts,0
Degranulation,Resolved,identity_markers_removed,Donor2,0.0464182625715469,UC_vs_control_fibroblasts,0
Degranulation,Resolved,identity_markers_removed,Donor3,-0.0583291797325058,UC_vs_control_fibroblasts,0
Degranulation,Resolved,identity_markers_removed,Donor4,-0.058608227152432,UC_vs_control_fibroblasts,0
Degranulation,Resolved,identity_markers_removed,Donor5,-0.191581345298341,UC_vs_control_fibroblasts,0
Degranulation,Resolved,identity_markers_removed,Donor6,0.0122524038578185,UC_vs_control_fibroblasts,0
Degranulation,Resolved; >=100 genes,full_gene,Donor1,-0.0266498391481323,UC_vs_control_fibroblasts,0
Degranulation,Resolved; >=100 genes,full_gene,Donor2,0.0584582809726977,UC_vs_control_fibroblasts,0
Degranulation,Resolved; >=100 genes,full_gene,Donor3,-0.0595508969668075,UC_vs_control_fibroblasts,0
Degranulation,Resolved; >=100 genes,full_gene,Donor4,-0.0598973540137246,UC_vs_control_fibroblasts,0
Degranulation,Resolved; >=100 genes,full_gene,Donor5,-0.166815430728887,UC_vs_control_fibroblasts,0
Degranulation,Resolved; >=100 genes,full_gene,Donor6,0.0118035900660045,UC_vs_control_fibroblasts,0
Degranulation,Resolved; >=100 genes,identity_markers_removed,Donor1,-0.0266498391481323,UC_vs_control_fibroblasts,0
Degranulation,Resolved; >=100 genes,identity_markers_removed,Donor2,0.0584582809726977,UC_vs_control_fibroblasts,0
Degranulation,Resolved; >=100 genes,identity_markers_removed,Donor3,-0.0595508969668075,UC_vs_control_fibroblasts,0
Degranulation,Resolved; >=100 genes,identity_markers_removed,Donor4,-0.0598973540137246,UC_vs_control_fibroblasts,0
Degranulation,Resolved; >=100 genes,identity_markers_removed,Donor5,-0.166815430728887,UC_vs_control_fibroblasts,0
Degranulation,Resolved; >=100 genes,identity_markers_removed,Donor6,0.0118035900660045,UC_vs_control_fibroblasts,0
Oxidative_burst,All annotated,full_gene,Donor1,0.038495268279234,UC_vs_control_fibroblasts,0
Oxidative_burst,All annotated,full_gene,Donor2,-0.0244284181310902,UC_vs_control_fibroblasts,0
Oxidative_burst,All annotated,full_gene,Donor3,-0.125783949272649,UC_vs_control_fibroblasts,0
Oxidative_burst,All annotated,full_gene,Donor4,-0.112136393586496,UC_vs_control_fibroblasts,0
Oxidative_burst,All annotated,full_gene,Donor5,-0.184054852771601,UC_vs_control_fibroblasts,0
Oxidative_burst,All annotated,full_gene,Donor6,0.00868018438353363,UC_vs_control_fibroblasts,0
Oxidative_burst,All annotated,identity_markers_removed,Donor1,0.038495268279234,UC_vs_control_fibroblasts,0
Oxidative_burst,All annotated,identity_markers_removed,Donor2,-0.0244284181310902,UC_vs_control_fibroblasts,0
Oxidative_burst,All annotated,identity_markers_removed,Donor3,-0.125783949272649,UC_vs_control_fibroblasts,0
Oxidative_burst,All annotated,identity_markers_removed,Donor4,-0.112136393586496,UC_vs_control_fibroblasts,0
Oxidative_burst,All annotated,identity_markers_removed,Donor5,-0.184054852771601,UC_vs_control_fibroblasts,0
Oxidative_burst,All annotated,identity_markers_removed,Donor6,0.00868018438353363,UC_vs_control_fibroblasts,0
Oxidative_burst,Resolved,full_gene,Donor1,0.0474855682960228,UC_vs_control_fibroblasts,0
Oxidative_burst,Resolved,full_gene,Donor2,0.0469155187213234,UC_vs_control_fibroblasts,0
Oxidative_burst,Resolved,full_gene,Donor3,-0.130112382279421,UC_vs_control_fibroblasts,0
Oxidative_burst,Resolved,full_gene,Donor4,-0.111263046793379,UC_vs_control_fibroblasts,0
Oxidative_burst,Resolved,full_gene,Donor5,-0.0636287055248794,UC_vs_control_fibroblasts,0
Oxidative_burst,Resolved,full_gene,Donor6,0.0314747428475484,UC_vs_control_fibroblasts,0
Oxidative_burst,Resolved,identity_markers_removed,Donor1,0.0474855682960228,UC_vs_control_fibroblasts,0
Oxidative_burst,Resolved,identity_markers_removed,Donor2,0.0469155187213234,UC_vs_control_fibroblasts,0
Oxidative_burst,Resolved,identity_markers_removed,Donor3,-0.130112382279421,UC_vs_control_fibroblasts,0
Oxidative_burst,Resolved,identity_markers_removed,Donor4,-0.111263046793379,UC_vs_control_fibroblasts,0
Oxidative_burst,Resolved,identity_markers_removed,Donor5,-0.0636287055248794,UC_vs_control_fibroblasts,0
Oxidative_burst,Resolved,identity_markers_removed,Donor6,0.0314747428475484,UC_vs_control_fibroblasts,0
Oxidative_burst,Resolved; >=100 genes,full_gene,Donor1,0.0393829225498808,UC_vs_control_fibroblasts,0
Oxidative_burst,Resolved; >=100 genes,full_gene,Donor2,0.0945844588944675,UC_vs_control_fibroblasts,0
Oxidative_burst,Resolved; >=100 genes,full_gene,Donor3,-0.13218781850474,UC_vs_control_fibroblasts,0
Oxidative_burst,Resolved; >=100 genes,full_gene,Donor4,-0.108988292471526,UC_vs_control_fibroblasts,0
Oxidative_burst,Resolved; >=100 genes,full_gene,Donor5,0.0042128686915458,UC_vs_control_fibroblasts,0
Oxidative_burst,Resolved; >=100 genes,full_gene,Donor6,0.0308734643952046,UC_vs_control_fibroblasts,0
Oxidative_burst,Resolved; >=100 genes,identity_markers_removed,Donor1,0.0393829225498808,UC_vs_control_fibroblasts,0
Oxidative_burst,Resolved; >=100 genes,identity_markers_removed,Donor2,0.0945844588944675,UC_vs_control_fibroblasts,0
Oxidative_burst,Resolved; >=100 genes,identity_markers_removed,Donor3,-0.13218781850474,UC_vs_control_fibroblasts,0
Oxidative_burst,Resolved; >=100 genes,identity_markers_removed,Donor4,-0.108988292471526,UC_vs_control_fibroblasts,0
Oxidative_burst,Resolved; >=100 genes,identity_markers_removed,Donor5,0.0042128686915458,UC_vs_control_fibroblasts,0
Oxidative_burst,Resolved; >=100 genes,identity_markers_removed,Donor6,0.0308734643952046,UC_vs_control_fibroblasts,0
Phagocytosis,All annotated,full_gene,Donor1,0.0344966154400606,UC_vs_control_fibroblasts,0
Phagocytosis,All annotated,full_gene,Donor2,-0.060742116738528,UC_vs_control_fibroblasts,0
Phagocytosis,All annotated,full_gene,Donor3,-0.152491745235654,UC_vs_control_fibroblasts,0
Phagocytosis,All annotated,full_gene,Donor4,-0.147017955859744,UC_vs_control_fibroblasts,0
Phagocytosis,All annotated,full_gene,Donor5,-0.202003733794998,UC_vs_control_fibroblasts,0
Phagocytosis,All annotated,full_gene,Donor6,-0.00859073446945591,UC_vs_control_fibroblasts,0
Phagocytosis,All annotated,identity_markers_removed,Donor1,0.0344966154400606,UC_vs_control_fibroblasts,0
Phagocytosis,All annotated,identity_markers_removed,Donor2,-0.060742116738528,UC_vs_control_fibroblasts,0
Phagocytosis,All annotated,identity_markers_removed,Donor3,-0.152491745235654,UC_vs_control_fibroblasts,0
Phagocytosis,All annotated,identity_markers_removed,Donor4,-0.147017955859744,UC_vs_control_fibroblasts,0
Phagocytosis,All annotated,identity_markers_removed,Donor5,-0.202003733794998,UC_vs_control_fibroblasts,0
Phagocytosis,All annotated,identity_markers_removed,Donor6,-0.00859073446945591,UC_vs_control_fibroblasts,0
Phagocytosis,Resolved,full_gene,Donor1,0.0218567030957758,UC_vs_control_fibroblasts,0
Phagocytosis,Resolved,full_gene,Donor2,0.0541162856324891,UC_vs_control_fibroblasts,0
Phagocytosis,Resolved,full_gene,Donor3,-0.146510452847676,UC_vs_control_fibroblasts,0
Phagocytosis,Resolved,full_gene,Donor4,-0.161428141454934,UC_vs_control_fibroblasts,0
Phagocytosis,Resolved,full_gene,Donor5,-0.0939957898462719,UC_vs_control_fibroblasts,0
Phagocytosis,Resolved,full_gene,Donor6,-0.033289224101127,UC_vs_control_fibroblasts,0
Phagocytosis,Resolved,identity_markers_removed,Donor1,0.0218567030957758,UC_vs_control_fibroblasts,0
Phagocytosis,Resolved,identity_markers_removed,Donor2,0.0541162856324891,UC_vs_control_fibroblasts,0
Phagocytosis,Resolved,identity_markers_removed,Donor3,-0.146510452847676,UC_vs_control_fibroblasts,0
Phagocytosis,Resolved,identity_markers_removed,Donor4,-0.161428141454934,UC_vs_control_fibroblasts,0
Phagocytosis,Resolved,identity_markers_removed,Donor5,-0.0939957898462719,UC_vs_control_fibroblasts,0
Phagocytosis,Resolved,identity_markers_removed,Donor6,-0.033289224101127,UC_vs_control_fibroblasts,0
Phagocytosis,Resolved; >=100 genes,full_gene,Donor1,0.0087946503941565,UC_vs_control_fibroblasts,0
Phagocytosis,Resolved; >=100 genes,full_gene,Donor2,0.105855013896613,UC_vs_control_fibroblasts,0
Phagocytosis,Resolved; >=100 genes,full_gene,Donor3,-0.148477804050034,UC_vs_control_fibroblasts,0
Phagocytosis,Resolved; >=100 genes,full_gene,Donor4,-0.158885988206885,UC_vs_control_fibroblasts,0
Phagocytosis,Resolved; >=100 genes,full_gene,Donor5,-0.0318496510370791,UC_vs_control_fibroblasts,0
Phagocytosis,Resolved; >=100 genes,full_gene,Donor6,-0.0361115566196991,UC_vs_control_fibroblasts,0
Phagocytosis,Resolved; >=100 genes,identity_markers_removed,Donor1,0.0087946503941565,UC_vs_control_fibroblasts,0
Phagocytosis,Resolved; >=100 genes,identity_markers_removed,Donor2,0.105855013896613,UC_vs_control_fibroblasts,0
Phagocytosis,Resolved; >=100 genes,identity_markers_removed,Donor3,-0.148477804050034,UC_vs_control_fibroblasts,0
Phagocytosis,Resolved; >=100 genes,identity_markers_removed,Donor4,-0.158885988206885,UC_vs_control_fibroblasts,0
Phagocytosis,Resolved; >=100 genes,identity_markers_removed,Donor5,-0.0318496510370791,UC_vs_control_fibroblasts,0
Phagocytosis,Resolved; >=100 genes,identity_markers_removed,Donor6,-0.0361115566196991,UC_vs_control_fibroblasts,0
Chemotaxis,All annotated,full_gene,Donor1,0.0560727029132893,UC_vs_control_fibroblasts,0
Chemotaxis,All annotated,full_gene,Donor2,-0.0494419665392459,UC_vs_control_fibroblasts,0
Chemotaxis,All annotated,full_gene,Donor3,-0.100165688361483,UC_vs_control_fibroblasts,0
Chemotaxis,All annotated,full_gene,Donor4,-0.103655578133497,UC_vs_control_fibroblasts,0
Chemotaxis,All annotated,full_gene,Donor5,-0.10374428240756,UC_vs_control_fibroblasts,0
Chemotaxis,All annotated,full_gene,Donor6,0.00577282857667105,UC_vs_control_fibroblasts,0
Chemotaxis,All annotated,identity_markers_removed,Donor1,0.0465359920797593,UC_vs_control_fibroblasts,0
Chemotaxis,All annotated,identity_markers_removed,Donor2,-0.0633153629629081,UC_vs_control_fibroblasts,0
Chemotaxis,All annotated,identity_markers_removed,Donor3,-0.0972687849999623,UC_vs_control_fibroblasts,0
Chemotaxis,All annotated,identity_markers_removed,Donor4,-0.0978796781777306,UC_vs_control_fibroblasts,0
Chemotaxis,All annotated,identity_markers_removed,Donor5,-0.0805299968603869,UC_vs_control_fibroblasts,0
Chemotaxis,All annotated,identity_markers_removed,Donor6,0.00223234191010807,UC_vs_control_fibroblasts,0
Chemotaxis,Resolved,full_gene,Donor1,0.032421945889773,UC_vs_control_fibroblasts,0
Chemotaxis,Resolved,full_gene,Donor2,0.0954573224500404,UC_vs_control_fibroblasts,0
Chemotaxis,Resolved,full_gene,Donor3,-0.0741539281554203,UC_vs_control_fibroblasts,0
Chemotaxis,Resolved,full_gene,Donor4,-0.0973010423325905,UC_vs_control_fibroblasts,0
Chemotaxis,Resolved,full_gene,Donor5,-0.020566889230795,UC_vs_control_fibroblasts,0
Chemotaxis,Resolved,full_gene,Donor6,0.0261472822361409,UC_vs_control_fibroblasts,0
Chemotaxis,Resolved,identity_markers_removed,Donor1,0.0289767156751051,UC_vs_control_fibroblasts,0
Chemotaxis,Resolved,identity_markers_removed,Donor2,0.0752913025508803,UC_vs_control_fibroblasts,0
Chemotaxis,Resolved,identity_markers_removed,Donor3,-0.0754070432276325,UC_vs_control_fibroblasts,0
Chemotaxis,Resolved,identity_markers_removed,Donor4,-0.0927327741798026,UC_vs_control_fibroblasts,0
Chemotaxis,Resolved,identity_markers_removed,Donor5,0.0367228857599967,UC_vs_control_fibroblasts,0
Chemotaxis,Resolved,identity_markers_removed,Donor6,0.0184448785007341,UC_vs_control_fibroblasts,0
Chemotaxis,Resolved; >=100 genes,full_gene,Donor1,0.0152802814665159,UC_vs_control_fibroblasts,0
Chemotaxis,Resolved; >=100 genes,full_gene,Donor2,0.147820764670144,UC_vs_control_fibroblasts,0
Chemotaxis,Resolved; >=100 genes,full_gene,Donor3,-0.0750593788509404,UC_vs_control_fibroblasts,0
Chemotaxis,Resolved; >=100 genes,full_gene,Donor4,-0.0954759240984467,UC_vs_control_fibroblasts,0
Chemotaxis,Resolved; >=100 genes,full_gene,Donor5,0.0412968780258559,UC_vs_control_fibroblasts,0
Chemotaxis,Resolved; >=100 genes,full_gene,Donor6,0.0219556366385981,UC_vs_control_fibroblasts,0
Chemotaxis,Resolved; >=100 genes,identity_markers_removed,Donor1,0.020466994459033,UC_vs_control_fibroblasts,0
Chemotaxis,Resolved; >=100 genes,identity_markers_removed,Donor2,0.126728312703241,UC_vs_control_fibroblasts,0
Chemotaxis,Resolved; >=100 genes,identity_markers_removed,Donor3,-0.0758074281651869,UC_vs_control_fibroblasts,0
Chemotaxis,Resolved; >=100 genes,identity_markers_removed,Donor4,-0.0908864076702802,UC_vs_control_fibroblasts,0
Chemotaxis,Resolved; >=100 genes,identity_markers_removed,Donor5,0.109096374637869,UC_vs_control_fibroblasts,0
Chemotaxis,Resolved; >=100 genes,identity_markers_removed,Donor6,0.0208550613418849,UC_vs_control_fibroblasts,0
OSM_inflammation,All annotated,full_gene,Donor1,0.0846001007648032,UC_vs_control_fibroblasts,0
OSM_inflammation,All annotated,full_gene,Donor2,0.0340231113331464,UC_vs_control_fibroblasts,0
OSM_inflammation,All annotated,full_gene,Donor3,-0.0462440317669877,UC_vs_control_fibroblasts,0
OSM_inflammation,All annotated,full_gene,Donor4,0.0245816781223707,UC_vs_control_fibroblasts,0
OSM_inflammation,All annotated,full_gene,Donor5,-0.204301070666007,UC_vs_control_fibroblasts,0
OSM_inflammation,All annotated,full_gene,Donor6,0.052044048131604,UC_vs_control_fibroblasts,0
OSM_inflammation,All annotated,identity_markers_removed,Donor1,0.0906817702014202,UC_vs_control_fibroblasts,0
OSM_inflammation,All annotated,identity_markers_removed,Donor2,0.0623760783443882,UC_vs_control_fibroblasts,0
OSM_inflammation,All annotated,identity_markers_removed,Donor3,-0.0256614120905048,UC_vs_control_fibroblasts,0
OSM_inflammation,All annotated,identity_markers_removed,Donor4,0.0560134567566785,UC_vs_control_fibroblasts,0
OSM_inflammation,All annotated,identity_markers_removed,Donor5,-0.201619844889749,UC_vs_control_fibroblasts,0
OSM_inflammation,All annotated,identity_markers_removed,Donor6,0.0593534030923548,UC_vs_control_fibroblasts,0
OSM_inflammation,Resolved,full_gene,Donor1,0.0710090075110514,UC_vs_control_fibroblasts,0
OSM_inflammation,Resolved,full_gene,Donor2,0.193063194457062,UC_vs_control_fibroblasts,0
OSM_inflammation,Resolved,full_gene,Donor3,-0.011999264249613,UC_vs_control_fibroblasts,0
OSM_inflammation,Resolved,full_gene,Donor4,0.0857054710750155,UC_vs_control_fibroblasts,0
OSM_inflammation,Resolved,full_gene,Donor5,-0.294481873890573,UC_vs_control_fibroblasts,0
OSM_inflammation,Resolved,full_gene,Donor6,0.0857873089431219,UC_vs_control_fibroblasts,0
OSM_inflammation,Resolved,identity_markers_removed,Donor1,0.0888472810184715,UC_vs_control_fibroblasts,0
OSM_inflammation,Resolved,identity_markers_removed,Donor2,0.234608897720163,UC_vs_control_fibroblasts,0
OSM_inflammation,Resolved,identity_markers_removed,Donor3,0.0160834408602559,UC_vs_control_fibroblasts,0
OSM_inflammation,Resolved,identity_markers_removed,Donor4,0.125756090083627,UC_vs_control_fibroblasts,0
OSM_inflammation,Resolved,identity_markers_removed,Donor5,-0.314642942836513,UC_vs_control_fibroblasts,0
OSM_inflammation,Resolved,identity_markers_removed,Donor6,0.0976493761744942,UC_vs_control_fibroblasts,0
OSM_inflammation,Resolved; >=100 genes,full_gene,Donor1,0.0712171377409671,UC_vs_control_fibroblasts,0
OSM_inflammation,Resolved; >=100 genes,full_gene,Donor2,0.245273886768016,UC_vs_control_fibroblasts,0
OSM_inflammation,Resolved; >=100 genes,full_gene,Donor3,-0.0126640129929748,UC_vs_control_fibroblasts,0
OSM_inflammation,Resolved; >=100 genes,full_gene,Donor4,0.0908502938449206,UC_vs_control_fibroblasts,0
OSM_inflammation,Resolved; >=100 genes,full_gene,Donor5,-0.255515995029732,UC_vs_control_fibroblasts,0
OSM_inflammation,Resolved; >=100 genes,full_gene,Donor6,0.0877756206928498,UC_vs_control_fibroblasts,0
OSM_inflammation,Resolved; >=100 genes,identity_markers_removed,Donor1,0.0900934304893906,UC_vs_control_fibroblasts,0
OSM_inflammation,Resolved; >=100 genes,identity_markers_removed,Donor2,0.282825763951342,UC_vs_control_fibroblasts,0
OSM_inflammation,Resolved; >=100 genes,identity_markers_removed,Donor3,0.01576510539191,UC_vs_control_fibroblasts,0
OSM_inflammation,Resolved; >=100 genes,identity_markers_removed,Donor4,0.130887512265475,UC_vs_control_fibroblasts,0
OSM_inflammation,Resolved; >=100 genes,identity_markers_removed,Donor5,-0.283202851274341,UC_vs_control_fibroblasts,0
OSM_inflammation,Resolved; >=100 genes,identity_markers_removed,Donor6,0.101757287569208,UC_vs_control_fibroblasts,0
Type_I_interferon,All annotated,full_gene,Donor1,0.00580702595917331,UC_vs_control_fibroblasts,0
Type_I_interferon,All annotated,full_gene,Donor2,-0.0152246847994846,UC_vs_control_fibroblasts,0
Type_I_interferon,All annotated,full_gene,Donor3,0.00251027919366557,UC_vs_control_fibroblasts,0
Type_I_interferon,All annotated,full_gene,Donor4,-0.0289703830649696,UC_vs_control_fibroblasts,0
Type_I_interferon,All annotated,full_gene,Donor5,-0.000112612398200148,UC_vs_control_fibroblasts,0
Type_I_interferon,All annotated,full_gene,Donor6,-0.0020897740270746,UC_vs_control_fibroblasts,0
Type_I_interferon,All annotated,identity_markers_removed,Donor1,0.000823486132817609,UC_vs_control_fibroblasts,0
Type_I_interferon,All annotated,identity_markers_removed,Donor2,-0.0209928225512907,UC_vs_control_fibroblasts,0
Type_I_interferon,All annotated,identity_markers_removed,Donor3,0.00253862312273446,UC_vs_control_fibroblasts,0
Type_I_interferon,All annotated,identity_markers_removed,Donor4,-0.0323790096621986,UC_vs_control_fibroblasts,0
Type_I_interferon,All annotated,identity_markers_removed,Donor5,-0.00012284988894562,UC_vs_control_fibroblasts,0
Type_I_interferon,All annotated,identity_markers_removed,Donor6,-0.00230270956147757,UC_vs_control_fibroblasts,0
Type_I_interferon,Resolved,full_gene,Donor1,-0.0241585244690184,UC_vs_control_fibroblasts,0
Type_I_interferon,Resolved,full_gene,Donor2,0.00459397179339389,UC_vs_control_fibroblasts,0
Type_I_interferon,Resolved,full_gene,Donor3,0.00217746087237347,UC_vs_control_fibroblasts,0
Type_I_interferon,Resolved,full_gene,Donor4,-0.0418288123375821,UC_vs_control_fibroblasts,0
Type_I_interferon,Resolved,full_gene,Donor5,-0.134369741266904,UC_vs_control_fibroblasts,0
Type_I_interferon,Resolved,full_gene,Donor6,-0.0122047312064868,UC_vs_control_fibroblasts,0
Type_I_interferon,Resolved,identity_markers_removed,Donor1,-0.037200548333219,UC_vs_control_fibroblasts,0
Type_I_interferon,Resolved,identity_markers_removed,Donor2,-0.000450671207625317,UC_vs_control_fibroblasts,0
Type_I_interferon,Resolved,identity_markers_removed,Donor3,0.00159496031724038,UC_vs_control_fibroblasts,0
Type_I_interferon,Resolved,identity_markers_removed,Donor4,-0.0445867588915958,UC_vs_control_fibroblasts,0
Type_I_interferon,Resolved,identity_markers_removed,Donor5,-0.146585172291168,UC_vs_control_fibroblasts,0
Type_I_interferon,Resolved,identity_markers_removed,Donor6,-0.00781730086918229,UC_vs_control_fibroblasts,0
Type_I_interferon,Resolved; >=100 genes,full_gene,Donor1,-0.027687340666682,UC_vs_control_fibroblasts,0
Type_I_interferon,Resolved; >=100 genes,full_gene,Donor2,0.0152114054887945,UC_vs_control_fibroblasts,0
Type_I_interferon,Resolved; >=100 genes,full_gene,Donor3,0.0021842378381594,UC_vs_control_fibroblasts,0
Type_I_interferon,Resolved; >=100 genes,full_gene,Donor4,-0.0416271270459353,UC_vs_control_fibroblasts,0
Type_I_interferon,Resolved; >=100 genes,full_gene,Donor5,-0.13125299007203,UC_vs_control_fibroblasts,0
Type_I_interferon,Resolved; >=100 genes,full_gene,Donor6,-0.0123505150921153,UC_vs_control_fibroblasts,0
Type_I_interferon,Resolved; >=100 genes,identity_markers_removed,Donor1,-0.045068027735615,UC_vs_control_fibroblasts,0
Type_I_interferon,Resolved; >=100 genes,identity_markers_removed,Donor2,0.0105715357303186,UC_vs_control_fibroblasts,0
Type_I_interferon,Resolved; >=100 genes,identity_markers_removed,Donor3,0.00159450555013629,UC_vs_control_fibroblasts,0
Type_I_interferon,Resolved; >=100 genes,identity_markers_removed,Donor4,-0.0444080899336561,UC_vs_control_fibroblasts,0
Type_I_interferon,Resolved; >=100 genes,identity_markers_removed,Donor5,-0.143185080078578,UC_vs_control_fibroblasts,0
Type_I_interferon,Resolved; >=100 genes,identity_markers_removed,Donor6,-0.00717472751779118,UC_vs_control_fibroblasts,0
Immature_granulopoiesis,All annotated,full_gene,Donor1,0.0191601069859554,UC_vs_control_fibroblasts,0
Immature_granulopoiesis,All annotated,full_gene,Donor2,-0.0194236965903674,UC_vs_control_fibroblasts,0
Immature_granulopoiesis,All annotated,full_gene,Donor3,0.00505986976411337,UC_vs_control_fibroblasts,0
Immature_granulopoiesis,All annotated,full_gene,Donor4,0.0137227748639462,UC_vs_control_fibroblasts,0
Immature_granulopoiesis,All annotated,full_gene,Donor5,-0.0179061696184339,UC_vs_control_fibroblasts,0
Immature_granulopoiesis,All annotated,full_gene,Donor6,0.00459687645421453,UC_vs_control_fibroblasts,0
Immature_granulopoiesis,All annotated,identity_markers_removed,Donor1,0.0191601069859554,UC_vs_control_fibroblasts,0
Immature_granulopoiesis,All annotated,identity_markers_removed,Donor2,-0.0194236965903674,UC_vs_control_fibroblasts,0
Immature_granulopoiesis,All annotated,identity_markers_removed,Donor3,0.00505986976411337,UC_vs_control_fibroblasts,0
Immature_granulopoiesis,All annotated,identity_markers_removed,Donor4,0.0137227748639462,UC_vs_control_fibroblasts,0
Immature_granulopoiesis,All annotated,identity_markers_removed,Donor5,-0.0179061696184339,UC_vs_control_fibroblasts,0
Immature_granulopoiesis,All annotated,identity_markers_removed,Donor6,0.00459687645421453,UC_vs_control_fibroblasts,0
Immature_granulopoiesis,Resolved,full_gene,Donor1,0.0138314817271068,UC_vs_control_fibroblasts,0
Immature_granulopoiesis,Resolved,full_gene,Donor2,0.0936563406161412,UC_vs_control_fibroblasts,0
Immature_granulopoiesis,Resolved,full_gene,Donor3,0.00482518161730236,UC_vs_control_fibroblasts,0
Immature_granulopoiesis,Resolved,full_gene,Donor4,0.0139508799734657,UC_vs_control_fibroblasts,0
Immature_granulopoiesis,Resolved,full_gene,Donor5,-0.0726657437786719,UC_vs_control_fibroblasts,0
Immature_granulopoiesis,Resolved,full_gene,Donor6,0.0370807904362829,UC_vs_control_fibroblasts,0
Immature_granulopoiesis,Resolved,identity_markers_removed,Donor1,0.0138314817271068,UC_vs_control_fibroblasts,0
Immature_granulopoiesis,Resolved,identity_markers_removed,Donor2,0.0936563406161412,UC_vs_control_fibroblasts,0
Immature_granulopoiesis,Resolved,identity_markers_removed,Donor3,0.00482518161730236,UC_vs_control_fibroblasts,0
Immature_granulopoiesis,Resolved,identity_markers_removed,Donor4,0.0139508799734657,UC_vs_control_fibroblasts,0
Immature_granulopoiesis,Resolved,identity_markers_removed,Donor5,-0.0726657437786719,UC_vs_control_fibroblasts,0
Immature_granulopoiesis,Resolved,identity_markers_removed,Donor6,0.0370807904362829,UC_vs_control_fibroblasts,0
Immature_granulopoiesis,Resolved; >=100 genes,full_gene,Donor1,0.00991967429002297,UC_vs_control_fibroblasts,0
Immature_granulopoiesis,Resolved; >=100 genes,full_gene,Donor2,0.0908313623525663,UC_vs_control_fibroblasts,0
Immature_granulopoiesis,Resolved; >=100 genes,full_gene,Donor3,0.00464906934919598,UC_vs_control_fibroblasts,0
Immature_granulopoiesis,Resolved; >=100 genes,full_gene,Donor4,0.0117104365555985,UC_vs_control_fibroblasts,0
Immature_granulopoiesis,Resolved; >=100 genes,full_gene,Donor5,-0.0634087535616286,UC_vs_control_fibroblasts,0
Immature_granulopoiesis,Resolved; >=100 genes,full_gene,Donor6,0.0360293950983578,UC_vs_control_fibroblasts,0
Immature_granulopoiesis,Resolved; >=100 genes,identity_markers_removed,Donor1,0.00991967429002297,UC_vs_control_fibroblasts,0
Immature_granulopoiesis,Resolved; >=100 genes,identity_markers_removed,Donor2,0.0908313623525663,UC_vs_control_fibroblasts,0
Immature_granulopoiesis,Resolved; >=100 genes,identity_markers_removed,Donor3,0.00464906934919598,UC_vs_control_fibroblasts,0
Immature_granulopoiesis,Resolved; >=100 genes,identity_markers_removed,Donor4,0.0117104365555985,UC_vs_control_fibroblasts,0
Immature_granulopoiesis,Resolved; >=100 genes,identity_markers_removed,Donor5,-0.0634087535616286,UC_vs_control_fibroblasts,0
Immature_granulopoiesis,Resolved; >=100 genes,identity_markers_removed,Donor6,0.0360293950983578,UC_vs_control_fibroblasts,0
Survival_antiapoptosis,All annotated,full_gene,Donor1,0.0207448492643395,UC_vs_control_fibroblasts,0
Survival_antiapoptosis,All annotated,full_gene,Donor2,0.012356815404099,UC_vs_control_fibroblasts,0
Survival_antiapoptosis,All annotated,full_gene,Donor3,-0.0629052552823548,UC_vs_control_fibroblasts,0
Survival_antiapoptosis,All annotated,full_gene,Donor4,-0.0686270837355221,UC_vs_control_fibroblasts,0
Survival_antiapoptosis,All annotated,full_gene,Donor5,-0.0872949193335137,UC_vs_control_fibroblasts,0
Survival_antiapoptosis,All annotated,full_gene,Donor6,-0.0105570154445082,UC_vs_control_fibroblasts,0
Survival_antiapoptosis,All annotated,identity_markers_removed,Donor1,0.0207448492643395,UC_vs_control_fibroblasts,0
Survival_antiapoptosis,All annotated,identity_markers_removed,Donor2,0.012356815404099,UC_vs_control_fibroblasts,0
Survival_antiapoptosis,All annotated,identity_markers_removed,Donor3,-0.0629052552823548,UC_vs_control_fibroblasts,0
Survival_antiapoptosis,All annotated,identity_markers_removed,Donor4,-0.0686270837355221,UC_vs_control_fibroblasts,0
Survival_antiapoptosis,All annotated,identity_markers_removed,Donor5,-0.0872949193335137,UC_vs_control_fibroblasts,0
Survival_antiapoptosis,All annotated,identity_markers_removed,Donor6,-0.0105570154445082,UC_vs_control_fibroblasts,0
Survival_antiapoptosis,Resolved,full_gene,Donor1,0.0294414720641581,UC_vs_control_fibroblasts,0
Survival_antiapoptosis,Resolved,full_gene,Donor2,0.0948986647157182,UC_vs_control_fibroblasts,0
Survival_antiapoptosis,Resolved,full_gene,Donor3,-0.057426375947806,UC_vs_control_fibroblasts,0
Survival_antiapoptosis,Resolved,full_gene,Donor4,-0.0536551898925994,UC_vs_control_fibroblasts,0
Survival_antiapoptosis,Resolved,full_gene,Donor5,-0.107802679691868,UC_vs_control_fibroblasts,0
Survival_antiapoptosis,Resolved,full_gene,Donor6,0.0114594035963785,UC_vs_control_fibroblasts,0
Survival_antiapoptosis,Resolved,identity_markers_removed,Donor1,0.0294414720641581,UC_vs_control_fibroblasts,0
Survival_antiapoptosis,Resolved,identity_markers_removed,Donor2,0.0948986647157182,UC_vs_control_fibroblasts,0
Survival_antiapoptosis,Resolved,identity_markers_removed,Donor3,-0.057426375947806,UC_vs_control_fibroblasts,0
Survival_antiapoptosis,Resolved,identity_markers_removed,Donor4,-0.0536551898925994,UC_vs_control_fibroblasts,0
Survival_antiapoptosis,Resolved,identity_markers_removed,Donor5,-0.107802679691868,UC_vs_control_fibroblasts,0
Survival_antiapoptosis,Resolved,identity_markers_removed,Donor6,0.0114594035963785,UC_vs_control_fibroblasts,0
Survival_antiapoptosis,Resolved; >=100 genes,full_gene,Donor1,0.0245857443243913,UC_vs_control_fibroblasts,0
Survival_antiapoptosis,Resolved; >=100 genes,full_gene,Donor2,0.141246561339554,UC_vs_control_fibroblasts,0
Survival_antiapoptosis,Resolved; >=100 genes,full_gene,Donor3,-0.0578268850704955,UC_vs_control_fibroblasts,0
Survival_antiapoptosis,Resolved; >=100 genes,full_gene,Donor4,-0.0501346116963901,UC_vs_control_fibroblasts,0
Survival_antiapoptosis,Resolved; >=100 genes,full_gene,Donor5,-0.0708715844725951,UC_vs_control_fibroblasts,0
Survival_antiapoptosis,Resolved; >=100 genes,full_gene,Donor6,0.00794968419642311,UC_vs_control_fibroblasts,0
Survival_antiapoptosis,Resolved; >=100 genes,identity_markers_removed,Donor1,0.0245857443243913,UC_vs_control_fibroblasts,0
Survival_antiapoptosis,Resolved; >=100 genes,identity_markers_removed,Donor2,0.141246561339554,UC_vs_control_fibroblasts,0
Survival_antiapoptosis,Resolved; >=100 genes,identity_markers_removed,Donor3,-0.0578268850704955,UC_vs_control_fibroblasts,0
Survival_antiapoptosis,Resolved; >=100 genes,identity_markers_removed,Donor4,-0.0501346116963901,UC_vs_control_fibroblasts,0
Survival_antiapoptosis,Resolved; >=100 genes,identity_markers_removed,Donor5,-0.0708715844725951,UC_vs_control_fibroblasts,0
Survival_antiapoptosis,Resolved; >=100 genes,identity_markers_removed,Donor6,0.00794968419642311,UC_vs_control_fibroblasts,0
Hypoxia_glycolysis,All annotated,full_gene,Donor1,0.0110906892592588,UC_vs_control_fibroblasts,0
Hypoxia_glycolysis,All annotated,full_gene,Donor2,-0.0887464930130646,UC_vs_control_fibroblasts,0
Hypoxia_glycolysis,All annotated,full_gene,Donor3,-0.0852965228355043,UC_vs_control_fibroblasts,0
Hypoxia_glycolysis,All annotated,full_gene,Donor4,-0.0836161415567627,UC_vs_control_fibroblasts,0
Hypoxia_glycolysis,All annotated,full_gene,Donor5,-0.018384880463971,UC_vs_control_fibroblasts,0
Hypoxia_glycolysis,All annotated,full_gene,Donor6,0.00254271571258699,UC_vs_control_fibroblasts,0
Hypoxia_glycolysis,All annotated,identity_markers_removed,Donor1,0.0110906892592588,UC_vs_control_fibroblasts,0
Hypoxia_glycolysis,All annotated,identity_markers_removed,Donor2,-0.0887464930130646,UC_vs_control_fibroblasts,0
Hypoxia_glycolysis,All annotated,identity_markers_removed,Donor3,-0.0852965228355043,UC_vs_control_fibroblasts,0
Hypoxia_glycolysis,All annotated,identity_markers_removed,Donor4,-0.0836161415567627,UC_vs_control_fibroblasts,0
Hypoxia_glycolysis,All annotated,identity_markers_removed,Donor5,-0.018384880463971,UC_vs_control_fibroblasts,0
Hypoxia_glycolysis,All annotated,identity_markers_removed,Donor6,0.00254271571258699,UC_vs_control_fibroblasts,0
Hypoxia_glycolysis,Resolved,full_gene,Donor1,-0.0140739612165544,UC_vs_control_fibroblasts,0
Hypoxia_glycolysis,Resolved,full_gene,Donor2,-0.0964916921537466,UC_vs_control_fibroblasts,0
Hypoxia_glycolysis,Resolved,full_gene,Donor3,-0.0894420512727342,UC_vs_control_fibroblasts,0
Hypoxia_glycolysis,Resolved,full_gene,Donor4,-0.0981889050829328,UC_vs_control_fibroblasts,0
Hypoxia_glycolysis,Resolved,full_gene,Donor5,-0.0621289604364538,UC_vs_control_fibroblasts,0
Hypoxia_glycolysis,Resolved,full_gene,Donor6,0.00884598399088212,UC_vs_control_fibroblasts,0
Hypoxia_glycolysis,Resolved,identity_markers_removed,Donor1,-0.0140739612165544,UC_vs_control_fibroblasts,0
Hypoxia_glycolysis,Resolved,identity_markers_removed,Donor2,-0.0964916921537466,UC_vs_control_fibroblasts,0
Hypoxia_glycolysis,Resolved,identity_markers_removed,Donor3,-0.0894420512727342,UC_vs_control_fibroblasts,0
Hypoxia_glycolysis,Resolved,identity_markers_removed,Donor4,-0.0981889050829328,UC_vs_control_fibroblasts,0
Hypoxia_glycolysis,Resolved,identity_markers_removed,Donor5,-0.0621289604364538,UC_vs_control_fibroblasts,0
Hypoxia_glycolysis,Resolved,identity_markers_removed,Donor6,0.00884598399088212,UC_vs_control_fibroblasts,0
Hypoxia_glycolysis,Resolved; >=100 genes,full_gene,Donor1,-0.022093376718264,UC_vs_control_fibroblasts,0
Hypoxia_glycolysis,Resolved; >=100 genes,full_gene,Donor2,-0.0652590593350424,UC_vs_control_fibroblasts,0
Hypoxia_glycolysis,Resolved; >=100 genes,full_gene,Donor3,-0.0912621398487779,UC_vs_control_fibroblasts,0
Hypoxia_glycolysis,Resolved; >=100 genes,full_gene,Donor4,-0.0984588189716586,UC_vs_control_fibroblasts,0
Hypoxia_glycolysis,Resolved; >=100 genes,full_gene,Donor5,-0.0230712728673331,UC_vs_control_fibroblasts,0
Hypoxia_glycolysis,Resolved; >=100 genes,full_gene,Donor6,0.00810868768190252,UC_vs_control_fibroblasts,0
Hypoxia_glycolysis,Resolved; >=100 genes,identity_markers_removed,Donor1,-0.022093376718264,UC_vs_control_fibroblasts,0
Hypoxia_glycolysis,Resolved; >=100 genes,identity_markers_removed,Donor2,-0.0652590593350424,UC_vs_control_fibroblasts,0
Hypoxia_glycolysis,Resolved; >=100 genes,identity_markers_removed,Donor3,-0.0912621398487779,UC_vs_control_fibroblasts,0
Hypoxia_glycolysis,Resolved; >=100 genes,identity_markers_removed,Donor4,-0.0984588189716586,UC_vs_control_fibroblasts,0
Hypoxia_glycolysis,Resolved; >=100 genes,identity_markers_removed,Donor5,-0.0230712728673331,UC_vs_control_fibroblasts,0
Hypoxia_glycolysis,Resolved; >=100 genes,identity_markers_removed,Donor6,0.00810868768190252,UC_vs_control_fibroblasts,0
ER_stress,All annotated,full_gene,Donor1,0.0583396750674408,UC_vs_control_fibroblasts,0
ER_stress,All annotated,full_gene,Donor2,-0.0431507453081959,UC_vs_control_fibroblasts,0
ER_stress,All annotated,full_gene,Donor3,-0.0750932572686952,UC_vs_control_fibroblasts,0
ER_stress,All annotated,full_gene,Donor4,-0.0905527134165406,UC_vs_control_fibroblasts,0
ER_stress,All annotated,full_gene,Donor5,-0.0700780590589878,UC_vs_control_fibroblasts,0
ER_stress,All annotated,full_gene,Donor6,-0.00121565180549782,UC_vs_control_fibroblasts,0
ER_stress,All annotated,identity_markers_removed,Donor1,0.0583396750674408,UC_vs_control_fibroblasts,0
ER_stress,All annotated,identity_markers_removed,Donor2,-0.0431507453081959,UC_vs_control_fibroblasts,0
ER_stress,All annotated,identity_markers_removed,Donor3,-0.0750932572686952,UC_vs_control_fibroblasts,0
ER_stress,All annotated,identity_markers_removed,Donor4,-0.0905527134165406,UC_vs_control_fibroblasts,0
ER_stress,All annotated,identity_markers_removed,Donor5,-0.0700780590589878,UC_vs_control_fibroblasts,0
ER_stress,All annotated,identity_markers_removed,Donor6,-0.00121565180549782,UC_vs_control_fibroblasts,0
ER_stress,Resolved,full_gene,Donor1,0.0841644274713119,UC_vs_control_fibroblasts,0
ER_stress,Resolved,full_gene,Donor2,-0.0131964871536388,UC_vs_control_fibroblasts,0
ER_stress,Resolved,full_gene,Donor3,-0.0659341278908353,UC_vs_control_fibroblasts,0
ER_stress,Resolved,full_gene,Donor4,-0.08809147352528,UC_vs_control_fibroblasts,0
ER_stress,Resolved,full_gene,Donor5,-0.134659713087491,UC_vs_control_fibroblasts,0
ER_stress,Resolved,full_gene,Donor6,-0.0150815846860496,UC_vs_control_fibroblasts,0
ER_stress,Resolved,identity_markers_removed,Donor1,0.0841644274713119,UC_vs_control_fibroblasts,0
ER_stress,Resolved,identity_markers_removed,Donor2,-0.0131964871536388,UC_vs_control_fibroblasts,0
ER_stress,Resolved,identity_markers_removed,Donor3,-0.0659341278908353,UC_vs_control_fibroblasts,0
ER_stress,Resolved,identity_markers_removed,Donor4,-0.08809147352528,UC_vs_control_fibroblasts,0
ER_stress,Resolved,identity_markers_removed,Donor5,-0.134659713087491,UC_vs_control_fibroblasts,0
ER_stress,Resolved,identity_markers_removed,Donor6,-0.0150815846860496,UC_vs_control_fibroblasts,0
ER_stress,Resolved; >=100 genes,full_gene,Donor1,0.0868351798641766,UC_vs_control_fibroblasts,0
ER_stress,Resolved; >=100 genes,full_gene,Donor2,0.035650783987586,UC_vs_control_fibroblasts,0
ER_stress,Resolved; >=100 genes,full_gene,Donor3,-0.0666805675337619,UC_vs_control_fibroblasts,0
ER_stress,Resolved; >=100 genes,full_gene,Donor4,-0.0854467388868526,UC_vs_control_fibroblasts,0
ER_stress,Resolved; >=100 genes,full_gene,Donor5,-0.075633154355859,UC_vs_control_fibroblasts,0
ER_stress,Resolved; >=100 genes,full_gene,Donor6,-0.00937579535306299,UC_vs_control_fibroblasts,0
ER_stress,Resolved; >=100 genes,identity_markers_removed,Donor1,0.0868351798641766,UC_vs_control_fibroblasts,0
ER_stress,Resolved; >=100 genes,identity_markers_removed,Donor2,0.035650783987586,UC_vs_control_fibroblasts,0
ER_stress,Resolved; >=100 genes,identity_markers_removed,Donor3,-0.0666805675337619,UC_vs_control_fibroblasts,0
ER_stress,Resolved; >=100 genes,identity_markers_removed,Donor4,-0.0854467388868526,UC_vs_control_fibroblasts,0
ER_stress,Resolved; >=100 genes,identity_markers_removed,Donor5,-0.075633154355859,UC_vs_control_fibroblasts,0
ER_stress,Resolved; >=100 genes,identity_markers_removed,Donor6,-0.00937579535306299,UC_vs_control_fibroblasts,0
Proliferation_stress,All annotated,full_gene,Donor1,0.0210129958453052,UC_vs_control_fibroblasts,0
Proliferation_stress,All annotated,full_gene,Donor2,-0.154247753946103,UC_vs_control_fibroblasts,0
Proliferation_stress,All annotated,full_gene,Donor3,0.0162361419939214,UC_vs_control_fibroblasts,0
Proliferation_stress,All annotated,full_gene,Donor4,0.00951546061467142,UC_vs_control_fibroblasts,0
Proliferation_stress,All annotated,full_gene,Donor5,-0.0403842743821593,UC_vs_control_fibroblasts,0
Proliferation_stress,All annotated,full_gene,Donor6,0.040756910731301,UC_vs_control_fibroblasts,0
Proliferation_stress,All annotated,identity_markers_removed,Donor1,0.0210129958453052,UC_vs_control_fibroblasts,0
Proliferation_stress,All annotated,identity_markers_removed,Donor2,-0.154247753946103,UC_vs_control_fibroblasts,0
Proliferation_stress,All annotated,identity_markers_removed,Donor3,0.0162361419939214,UC_vs_control_fibroblasts,0
Proliferation_stress,All annotated,identity_markers_removed,Donor4,0.00951546061467142,UC_vs_control_fibroblasts,0
Proliferation_stress,All annotated,identity_markers_removed,Donor5,-0.0403842743821593,UC_vs_control_fibroblasts,0
Proliferation_stress,All annotated,identity_markers_removed,Donor6,0.040756910731301,UC_vs_control_fibroblasts,0
Proliferation_stress,Resolved,full_gene,Donor1,0.0205704124468783,UC_vs_control_fibroblasts,0
Proliferation_stress,Resolved,full_gene,Donor2,-0.0916145762899964,UC_vs_control_fibroblasts,0
Proliferation_stress,Resolved,full_gene,Donor3,0.0229917186092663,UC_vs_control_fibroblasts,0
Proliferation_stress,Resolved,full_gene,Donor4,0.000362186007984662,UC_vs_control_fibroblasts,0
Proliferation_stress,Resolved,full_gene,Donor5,-0.0283968107360329,UC_vs_control_fibroblasts,0
Proliferation_stress,Resolved,full_gene,Donor6,0.107850529906896,UC_vs_control_fibroblasts,0
Proliferation_stress,Resolved,identity_markers_removed,Donor1,0.0205704124468783,UC_vs_control_fibroblasts,0
Proliferation_stress,Resolved,identity_markers_removed,Donor2,-0.0916145762899964,UC_vs_control_fibroblasts,0
Proliferation_stress,Resolved,identity_markers_removed,Donor3,0.0229917186092663,UC_vs_control_fibroblasts,0
Proliferation_stress,Resolved,identity_markers_removed,Donor4,0.000362186007984662,UC_vs_control_fibroblasts,0
Proliferation_stress,Resolved,identity_markers_removed,Donor5,-0.0283968107360329,UC_vs_control_fibroblasts,0
Proliferation_stress,Resolved,identity_markers_removed,Donor6,0.107850529906896,UC_vs_control_fibroblasts,0
Proliferation_stress,Resolved; >=100 genes,full_gene,Donor1,0.0203870830998255,UC_vs_control_fibroblasts,0
Proliferation_stress,Resolved; >=100 genes,full_gene,Donor2,-0.0737199239869631,UC_vs_control_fibroblasts,0
Proliferation_stress,Resolved; >=100 genes,full_gene,Donor3,0.0230779761352831,UC_vs_control_fibroblasts,0
Proliferation_stress,Resolved; >=100 genes,full_gene,Donor4,0.000250772226508784,UC_vs_control_fibroblasts,0
Proliferation_stress,Resolved; >=100 genes,full_gene,Donor5,0.00294811388222704,UC_vs_control_fibroblasts,0
Proliferation_stress,Resolved; >=100 genes,full_gene,Donor6,0.127207443185035,UC_vs_control_fibroblasts,0
Proliferation_stress,Resolved; >=100 genes,identity_markers_removed,Donor1,0.0203870830998255,UC_vs_control_fibroblasts,0
Proliferation_stress,Resolved; >=100 genes,identity_markers_removed,Donor2,-0.0737199239869631,UC_vs_control_fibroblasts,0
Proliferation_stress,Resolved; >=100 genes,identity_markers_removed,Donor3,0.0230779761352831,UC_vs_control_fibroblasts,0
Proliferation_stress,Resolved; >=100 genes,identity_markers_removed,Donor4,0.000250772226508784,UC_vs_control_fibroblasts,0
Proliferation_stress,Resolved; >=100 genes,identity_markers_removed,Donor5,0.00294811388222704,UC_vs_control_fibroblasts,0
Proliferation_stress,Resolved; >=100 genes,identity_markers_removed,Donor6,0.127207443185035,UC_vs_control_fibroblasts,0
Integrin_adhesion,All annotated,full_gene,Donor1,0.000428821655390127,UC_vs_control_fibroblasts,0
Integrin_adhesion,All annotated,full_gene,Donor2,-0.0425488480083291,UC_vs_control_fibroblasts,0
Integrin_adhesion,All annotated,full_gene,Donor3,-0.0929145828631221,UC_vs_control_fibroblasts,0
Integrin_adhesion,All annotated,full_gene,Donor4,-0.0995768162083131,UC_vs_control_fibroblasts,0
Integrin_adhesion,All annotated,full_gene,Donor5,-0.271599414384601,UC_vs_control_fibroblasts,0
Integrin_adhesion,All annotated,full_gene,Donor6,-0.00963641719817721,UC_vs_control_fibroblasts,0
Integrin_adhesion,All annotated,identity_markers_removed,Donor1,0.000428821655390127,UC_vs_control_fibroblasts,0
Integrin_adhesion,All annotated,identity_markers_removed,Donor2,-0.0425488480083291,UC_vs_control_fibroblasts,0
Integrin_adhesion,All annotated,identity_markers_removed,Donor3,-0.0929145828631221,UC_vs_control_fibroblasts,0
Integrin_adhesion,All annotated,identity_markers_removed,Donor4,-0.0995768162083131,UC_vs_control_fibroblasts,0
Integrin_adhesion,All annotated,identity_markers_removed,Donor5,-0.271599414384601,UC_vs_control_fibroblasts,0
Integrin_adhesion,All annotated,identity_markers_removed,Donor6,-0.00963641719817721,UC_vs_control_fibroblasts,0
Integrin_adhesion,Resolved,full_gene,Donor1,-0.0114132170954831,UC_vs_control_fibroblasts,0
Integrin_adhesion,Resolved,full_gene,Donor2,-0.0254962329247263,UC_vs_control_fibroblasts,0
Integrin_adhesion,Resolved,full_gene,Donor3,-0.10672216986336,UC_vs_control_fibroblasts,0
Integrin_adhesion,Resolved,full_gene,Donor4,-0.124334778590407,UC_vs_control_fibroblasts,0
Integrin_adhesion,Resolved,full_gene,Donor5,-0.202647581483969,UC_vs_control_fibroblasts,0
Integrin_adhesion,Resolved,full_gene,Donor6,-0.010998306112814,UC_vs_control_fibroblasts,0
Integrin_adhesion,Resolved,identity_markers_removed,Donor1,-0.0114132170954831,UC_vs_control_fibroblasts,0
Integrin_adhesion,Resolved,identity_markers_removed,Donor2,-0.0254962329247263,UC_vs_control_fibroblasts,0
Integrin_adhesion,Resolved,identity_markers_removed,Donor3,-0.10672216986336,UC_vs_control_fibroblasts,0
Integrin_adhesion,Resolved,identity_markers_removed,Donor4,-0.124334778590407,UC_vs_control_fibroblasts,0
Integrin_adhesion,Resolved,identity_markers_removed,Donor5,-0.202647581483969,UC_vs_control_fibroblasts,0
Integrin_adhesion,Resolved,identity_markers_removed,Donor6,-0.010998306112814,UC_vs_control_fibroblasts,0
Integrin_adhesion,Resolved; >=100 genes,full_gene,Donor1,-0.0274261499956682,UC_vs_control_fibroblasts,0
Integrin_adhesion,Resolved; >=100 genes,full_gene,Donor2,0.00198694399908309,UC_vs_control_fibroblasts,0
Integrin_adhesion,Resolved; >=100 genes,full_gene,Donor3,-0.107815479396992,UC_vs_control_fibroblasts,0
Integrin_adhesion,Resolved; >=100 genes,full_gene,Donor4,-0.124391848560227,UC_vs_control_fibroblasts,0
Integrin_adhesion,Resolved; >=100 genes,full_gene,Donor5,-0.173476573692336,UC_vs_control_fibroblasts,0
Integrin_adhesion,Resolved; >=100 genes,full_gene,Donor6,-0.0150607816580649,UC_vs_control_fibroblasts,0
Integrin_adhesion,Resolved; >=100 genes,identity_markers_removed,Donor1,-0.0274261499956682,UC_vs_control_fibroblasts,0
Integrin_adhesion,Resolved; >=100 genes,identity_markers_removed,Donor2,0.00198694399908309,UC_vs_control_fibroblasts,0
Integrin_adhesion,Resolved; >=100 genes,identity_markers_removed,Donor3,-0.107815479396992,UC_vs_control_fibroblasts,0
Integrin_adhesion,Resolved; >=100 genes,identity_markers_removed,Donor4,-0.124391848560227,UC_vs_control_fibroblasts,0
Integrin_adhesion,Resolved; >=100 genes,identity_markers_removed,Donor5,-0.173476573692336,UC_vs_control_fibroblasts,0
Integrin_adhesion,Resolved; >=100 genes,identity_markers_removed,Donor6,-0.0150607816580649,UC_vs_control_fibroblasts,0
CXCR4_aging_retention,All annotated,full_gene,Donor1,0.0427996448978036,UC_vs_control_fibroblasts,0
CXCR4_aging_retention,All annotated,full_gene,Donor2,-0.060229122886404,UC_vs_control_fibroblasts,0
CXCR4_aging_retention,All annotated,full_gene,Donor3,-0.161400019718195,UC_vs_control_fibroblasts,0
CXCR4_aging_retention,All annotated,full_gene,Donor4,-0.184771001465638,UC_vs_control_fibroblasts,0
CXCR4_aging_retention,All annotated,full_gene,Donor5,-0.252980805759583,UC_vs_control_fibroblasts,0
CXCR4_aging_retention,All annotated,full_gene,Donor6,-0.0114916722502442,UC_vs_control_fibroblasts,0
CXCR4_aging_retention,All annotated,identity_markers_removed,Donor1,0.0267936381277645,UC_vs_control_fibroblasts,0
CXCR4_aging_retention,All annotated,identity_markers_removed,Donor2,-0.0818093091489627,UC_vs_control_fibroblasts,0
CXCR4_aging_retention,All annotated,identity_markers_removed,Donor3,-0.169591221283408,UC_vs_control_fibroblasts,0
CXCR4_aging_retention,All annotated,identity_markers_removed,Donor4,-0.192907826193993,UC_vs_control_fibroblasts,0
CXCR4_aging_retention,All annotated,identity_markers_removed,Donor5,-0.250328110663946,UC_vs_control_fibroblasts,0
CXCR4_aging_retention,All annotated,identity_markers_removed,Donor6,-0.0199012537488155,UC_vs_control_fibroblasts,0
CXCR4_aging_retention,Resolved,full_gene,Donor1,-0.0154509590854415,UC_vs_control_fibroblasts,0
CXCR4_aging_retention,Resolved,full_gene,Donor2,0.0644856595869312,UC_vs_control_fibroblasts,0
CXCR4_aging_retention,Resolved,full_gene,Donor3,-0.138603321806767,UC_vs_control_fibroblasts,0
CXCR4_aging_retention,Resolved,full_gene,Donor4,-0.197279275879031,UC_vs_control_fibroblasts,0
CXCR4_aging_retention,Resolved,full_gene,Donor5,-0.237250728929445,UC_vs_control_fibroblasts,0
CXCR4_aging_retention,Resolved,full_gene,Donor6,-0.0213251028464048,UC_vs_control_fibroblasts,0
CXCR4_aging_retention,Resolved,identity_markers_removed,Donor1,-0.0298488623810195,UC_vs_control_fibroblasts,0
CXCR4_aging_retention,Resolved,identity_markers_removed,Donor2,0.0300588991554852,UC_vs_control_fibroblasts,0
CXCR4_aging_retention,Resolved,identity_markers_removed,Donor3,-0.153247561638134,UC_vs_control_fibroblasts,0
CXCR4_aging_retention,Resolved,identity_markers_removed,Donor4,-0.210879347174417,UC_vs_control_fibroblasts,0
CXCR4_aging_retention,Resolved,identity_markers_removed,Donor5,-0.200381811882067,UC_vs_control_fibroblasts,0
CXCR4_aging_retention,Resolved,identity_markers_removed,Donor6,-0.0416029450924835,UC_vs_control_fibroblasts,0
CXCR4_aging_retention,Resolved; >=100 genes,full_gene,Donor1,-0.0206105104780975,UC_vs_control_fibroblasts,0
CXCR4_aging_retention,Resolved; >=100 genes,full_gene,Donor2,0.120674715247957,UC_vs_control_fibroblasts,0
CXCR4_aging_retention,Resolved; >=100 genes,full_gene,Donor3,-0.139648737040222,UC_vs_control_fibroblasts,0
CXCR4_aging_retention,Resolved; >=100 genes,full_gene,Donor4,-0.196041587276679,UC_vs_control_fibroblasts,0
CXCR4_aging_retention,Resolved; >=100 genes,full_gene,Donor5,-0.191605724799706,UC_vs_control_fibroblasts,0
CXCR4_aging_retention,Resolved; >=100 genes,full_gene,Donor6,-0.0236708506337713,UC_vs_control_fibroblasts,0
CXCR4_aging_retention,Resolved; >=100 genes,identity_markers_removed,Donor1,-0.0205272706774962,UC_vs_control_fibroblasts,0
CXCR4_aging_retention,Resolved; >=100 genes,identity_markers_removed,Donor2,0.0857160726098563,UC_vs_control_fibroblasts,0
CXCR4_aging_retention,Resolved; >=100 genes,identity_markers_removed,Donor3,-0.153613877718024,UC_vs_control_fibroblasts,0
CXCR4_aging_retention,Resolved; >=100 genes,identity_markers_removed,Donor4,-0.209729396912892,UC_vs_control_fibroblasts,0
CXCR4_aging_retention,Resolved; >=100 genes,identity_markers_removed,Donor5,-0.143266950108,UC_vs_control_fibroblasts,0
CXCR4_aging_retention,Resolved; >=100 genes,identity_markers_removed,Donor6,-0.0343369535036435,UC_vs_control_fibroblasts,0
NETosis,All annotated,full_gene,Donor1,0.0137677349372947,UC_vs_alone,0
NETosis,All annotated,full_gene,Donor2,0.0127627285492924,UC_vs_alone,0
NETosis,All annotated,full_gene,Donor3,0.0501703040000859,UC_vs_alone,0
NETosis,All annotated,full_gene,Donor4,0.11609810485713,UC_vs_alone,0
NETosis,All annotated,full_gene,Donor5,-0.0438236040053502,UC_vs_alone,0
NETosis,All annotated,full_gene,Donor6,-0.0708542434823459,UC_vs_alone,0
NETosis,All annotated,identity_markers_removed,Donor1,0.00105342331237621,UC_vs_alone,0
NETosis,All annotated,identity_markers_removed,Donor2,0.0113341215780344,UC_vs_alone,0
NETosis,All annotated,identity_markers_removed,Donor3,0.0428319904495111,UC_vs_alone,0
NETosis,All annotated,identity_markers_removed,Donor4,0.10935943496651,UC_vs_alone,0
NETosis,All annotated,identity_markers_removed,Donor5,-0.0481572672778717,UC_vs_alone,0
NETosis,All annotated,identity_markers_removed,Donor6,-0.0709965430363607,UC_vs_alone,0
NETosis,Resolved,full_gene,Donor1,0.160727083117074,UC_vs_alone,0
NETosis,Resolved,full_gene,Donor2,0.161078486009589,UC_vs_alone,0
NETosis,Resolved,full_gene,Donor3,-0.0141609903913133,UC_vs_alone,0
NETosis,Resolved,full_gene,Donor4,0.12905082848175,UC_vs_alone,0
NETosis,Resolved,full_gene,Donor5,0.275111287859416,UC_vs_alone,0
NETosis,Resolved,full_gene,Donor6,0.0808198564221783,UC_vs_alone,0
NETosis,Resolved,identity_markers_removed,Donor1,0.159926386889106,UC_vs_alone,0
NETosis,Resolved,identity_markers_removed,Donor2,0.151958513878401,UC_vs_alone,0
NETosis,Resolved,identity_markers_removed,Donor3,-0.0144800889916401,UC_vs_alone,0
NETosis,Resolved,identity_markers_removed,Donor4,0.12470181828073,UC_vs_alone,0
NETosis,Resolved,identity_markers_removed,Donor5,0.275835019127312,UC_vs_alone,0
NETosis,Resolved,identity_markers_removed,Donor6,0.0780387347829613,UC_vs_alone,0
NETosis,Resolved; >=100 genes,full_gene,Donor1,0.118228936510201,UC_vs_alone,0
NETosis,Resolved; >=100 genes,full_gene,Donor2,0.137773045455356,UC_vs_alone,0
NETosis,Resolved; >=100 genes,full_gene,Donor3,-0.0102497639585691,UC_vs_alone,0
NETosis,Resolved; >=100 genes,full_gene,Donor4,0.0912931796731005,UC_vs_alone,0
NETosis,Resolved; >=100 genes,full_gene,Donor5,0.252638566121947,UC_vs_alone,0
NETosis,Resolved; >=100 genes,full_gene,Donor6,0.0529199963728087,UC_vs_alone,0
NETosis,Resolved; >=100 genes,identity_markers_removed,Donor1,0.124806469179942,UC_vs_alone,0
NETosis,Resolved; >=100 genes,identity_markers_removed,Donor2,0.128821424555724,UC_vs_alone,0
NETosis,Resolved; >=100 genes,identity_markers_removed,Donor3,-0.00764104043338339,UC_vs_alone,0
NETosis,Resolved; >=100 genes,identity_markers_removed,Donor4,0.0858120899349485,UC_vs_alone,0
NETosis,Resolved; >=100 genes,identity_markers_removed,Donor5,0.251650845407508,UC_vs_alone,0
NETosis,Resolved; >=100 genes,identity_markers_removed,Donor6,0.0559704988434044,UC_vs_alone,0
Degranulation,All annotated,full_gene,Donor1,0.0233020897463039,UC_vs_alone,0
Degranulation,All annotated,full_gene,Donor2,0.0117286905748717,UC_vs_alone,0
Degranulation,All annotated,full_gene,Donor3,-0.12550292167828,UC_vs_alone,0
Degranulation,All annotated,full_gene,Donor4,-0.010094127482677,UC_vs_alone,0
Degranulation,All annotated,full_gene,Donor5,-0.0801229651592283,UC_vs_alone,0
Degranulation,All annotated,full_gene,Donor6,-0.212642481374458,UC_vs_alone,0
Degranulation,All annotated,identity_markers_removed,Donor1,0.0233020897463039,UC_vs_alone,0
Degranulation,All annotated,identity_markers_removed,Donor2,0.0117286905748717,UC_vs_alone,0
Degranulation,All annotated,identity_markers_removed,Donor3,-0.12550292167828,UC_vs_alone,0
Degranulation,All annotated,identity_markers_removed,Donor4,-0.010094127482677,UC_vs_alone,0
Degranulation,All annotated,identity_markers_removed,Donor5,-0.0801229651592283,UC_vs_alone,0
Degranulation,All annotated,identity_markers_removed,Donor6,-0.212642481374458,UC_vs_alone,0
Degranulation,Resolved,full_gene,Donor1,0.119473879740496,UC_vs_alone,0
Degranulation,Resolved,full_gene,Donor2,0.159711606896579,UC_vs_alone,0
Degranulation,Resolved,full_gene,Donor3,-0.152036504566777,UC_vs_alone,0
Degranulation,Resolved,full_gene,Donor4,-0.0114115181100727,UC_vs_alone,0
Degranulation,Resolved,full_gene,Donor5,0.0818398358761513,UC_vs_alone,0
Degranulation,Resolved,full_gene,Donor6,-0.106143237185911,UC_vs_alone,0
Degranulation,Resolved,identity_markers_removed,Donor1,0.119473879740496,UC_vs_alone,0
Degranulation,Resolved,identity_markers_removed,Donor2,0.159711606896579,UC_vs_alone,0
Degranulation,Resolved,identity_markers_removed,Donor3,-0.152036504566777,UC_vs_alone,0
Degranulation,Resolved,identity_markers_removed,Donor4,-0.0114115181100727,UC_vs_alone,0
Degranulation,Resolved,identity_markers_removed,Donor5,0.0818398358761513,UC_vs_alone,0
Degranulation,Resolved,identity_markers_removed,Donor6,-0.106143237185911,UC_vs_alone,0
Degranulation,Resolved; >=100 genes,full_gene,Donor1,0.0897141394490642,UC_vs_alone,0
Degranulation,Resolved; >=100 genes,full_gene,Donor2,0.124131761221307,UC_vs_alone,0
Degranulation,Resolved; >=100 genes,full_gene,Donor3,-0.199589547802831,UC_vs_alone,0
Degranulation,Resolved; >=100 genes,full_gene,Donor4,-0.0772844174969424,UC_vs_alone,0
Degranulation,Resolved; >=100 genes,full_gene,Donor5,0.0502649665126685,UC_vs_alone,0
Degranulation,Resolved; >=100 genes,full_gene,Donor6,-0.192206224609603,UC_vs_alone,0
Degranulation,Resolved; >=100 genes,identity_markers_removed,Donor1,0.0897141394490642,UC_vs_alone,0
Degranulation,Resolved; >=100 genes,identity_markers_removed,Donor2,0.124131761221307,UC_vs_alone,0
Degranulation,Resolved; >=100 genes,identity_markers_removed,Donor3,-0.199589547802831,UC_vs_alone,0
Degranulation,Resolved; >=100 genes,identity_markers_removed,Donor4,-0.0772844174969424,UC_vs_alone,0
Degranulation,Resolved; >=100 genes,identity_markers_removed,Donor5,0.0502649665126685,UC_vs_alone,0
Degranulation,Resolved; >=100 genes,identity_markers_removed,Donor6,-0.192206224609603,UC_vs_alone,0
Oxidative_burst,All annotated,full_gene,Donor1,0.0110979101280252,UC_vs_alone,0
Oxidative_burst,All annotated,full_gene,Donor2,0.0525361539532692,UC_vs_alone,0
Oxidative_burst,All annotated,full_gene,Donor3,0.156077909520686,UC_vs_alone,0
Oxidative_burst,All annotated,full_gene,Donor4,0.167964468643341,UC_vs_alone,0
Oxidative_burst,All annotated,full_gene,Donor5,-0.00595457193752252,UC_vs_alone,0
Oxidative_burst,All annotated,full_gene,Donor6,-0.0418739328166501,UC_vs_alone,0
Oxidative_burst,All annotated,identity_markers_removed,Donor1,0.0110979101280252,UC_vs_alone,0
Oxidative_burst,All annotated,identity_markers_removed,Donor2,0.0525361539532692,UC_vs_alone,0
Oxidative_burst,All annotated,identity_markers_removed,Donor3,0.156077909520686,UC_vs_alone,0
Oxidative_burst,All annotated,identity_markers_removed,Donor4,0.167964468643341,UC_vs_alone,0
Oxidative_burst,All annotated,identity_markers_removed,Donor5,-0.00595457193752252,UC_vs_alone,0
Oxidative_burst,All annotated,identity_markers_removed,Donor6,-0.0418739328166501,UC_vs_alone,0
Oxidative_burst,Resolved,full_gene,Donor1,0.300410497789221,UC_vs_alone,0
Oxidative_burst,Resolved,full_gene,Donor2,0.275854010698508,UC_vs_alone,0
Oxidative_burst,Resolved,full_gene,Donor3,0.123483421806301,UC_vs_alone,0
Oxidative_burst,Resolved,full_gene,Donor4,0.234026154022839,UC_vs_alone,0
Oxidative_burst,Resolved,full_gene,Donor5,0.517031532644223,UC_vs_alone,0
Oxidative_burst,Resolved,full_gene,Donor6,0.219687081869289,UC_vs_alone,0
Oxidative_burst,Resolved,identity_markers_removed,Donor1,0.300410497789221,UC_vs_alone,0
Oxidative_burst,Resolved,identity_markers_removed,Donor2,0.275854010698508,UC_vs_alone,0
Oxidative_burst,Resolved,identity_markers_removed,Donor3,0.123483421806301,UC_vs_alone,0
Oxidative_burst,Resolved,identity_markers_removed,Donor4,0.234026154022839,UC_vs_alone,0
Oxidative_burst,Resolved,identity_markers_removed,Donor5,0.517031532644223,UC_vs_alone,0
Oxidative_burst,Resolved,identity_markers_removed,Donor6,0.219687081869289,UC_vs_alone,0
Oxidative_burst,Resolved; >=100 genes,full_gene,Donor1,0.250627567203687,UC_vs_alone,0
Oxidative_burst,Resolved; >=100 genes,full_gene,Donor2,0.241107260896452,UC_vs_alone,0
Oxidative_burst,Resolved; >=100 genes,full_gene,Donor3,0.103939004799556,UC_vs_alone,0
Oxidative_burst,Resolved; >=100 genes,full_gene,Donor4,0.149489789881503,UC_vs_alone,0
Oxidative_burst,Resolved; >=100 genes,full_gene,Donor5,0.529114621017208,UC_vs_alone,0
Oxidative_burst,Resolved; >=100 genes,full_gene,Donor6,0.216008334765118,UC_vs_alone,0
Oxidative_burst,Resolved; >=100 genes,identity_markers_removed,Donor1,0.250627567203687,UC_vs_alone,0
Oxidative_burst,Resolved; >=100 genes,identity_markers_removed,Donor2,0.241107260896452,UC_vs_alone,0
Oxidative_burst,Resolved; >=100 genes,identity_markers_removed,Donor3,0.103939004799556,UC_vs_alone,0
Oxidative_burst,Resolved; >=100 genes,identity_markers_removed,Donor4,0.149489789881503,UC_vs_alone,0
Oxidative_burst,Resolved; >=100 genes,identity_markers_removed,Donor5,0.529114621017208,UC_vs_alone,0
Oxidative_burst,Resolved; >=100 genes,identity_markers_removed,Donor6,0.216008334765118,UC_vs_alone,0
Phagocytosis,All annotated,full_gene,Donor1,0.122715071202993,UC_vs_alone,0
Phagocytosis,All annotated,full_gene,Donor2,0.09202521702854,UC_vs_alone,0
Phagocytosis,All annotated,full_gene,Donor3,0.282724483581784,UC_vs_alone,0
Phagocytosis,All annotated,full_gene,Donor4,0.311671049432414,UC_vs_alone,0
Phagocytosis,All annotated,full_gene,Donor5,0.0634320662756852,UC_vs_alone,0
Phagocytosis,All annotated,full_gene,Donor6,0.00395982928991367,UC_vs_alone,0
Phagocytosis,All annotated,identity_markers_removed,Donor1,0.122715071202993,UC_vs_alone,0
Phagocytosis,All annotated,identity_markers_removed,Donor2,0.09202521702854,UC_vs_alone,0
Phagocytosis,All annotated,identity_markers_removed,Donor3,0.282724483581784,UC_vs_alone,0
Phagocytosis,All annotated,identity_markers_removed,Donor4,0.311671049432414,UC_vs_alone,0
Phagocytosis,All annotated,identity_markers_removed,Donor5,0.0634320662756852,UC_vs_alone,0
Phagocytosis,All annotated,identity_markers_removed,Donor6,0.00395982928991367,UC_vs_alone,0
Phagocytosis,Resolved,full_gene,Donor1,0.520272440943313,UC_vs_alone,0
Phagocytosis,Resolved,full_gene,Donor2,0.493710485081111,UC_vs_alone,0
Phagocytosis,Resolved,full_gene,Donor3,0.344064163145491,UC_vs_alone,0
Phagocytosis,Resolved,full_gene,Donor4,0.430867779904349,UC_vs_alone,0
Phagocytosis,Resolved,full_gene,Donor5,0.591171971055118,UC_vs_alone,0
Phagocytosis,Resolved,full_gene,Donor6,0.37372161275681,UC_vs_alone,0
Phagocytosis,Resolved,identity_markers_removed,Donor1,0.520272440943313,UC_vs_alone,0
Phagocytosis,Resolved,identity_markers_removed,Donor2,0.493710485081111,UC_vs_alone,0
Phagocytosis,Resolved,identity_markers_removed,Donor3,0.344064163145491,UC_vs_alone,0
Phagocytosis,Resolved,identity_markers_removed,Donor4,0.430867779904349,UC_vs_alone,0
Phagocytosis,Resolved,identity_markers_removed,Donor5,0.591171971055118,UC_vs_alone,0
Phagocytosis,Resolved,identity_markers_removed,Donor6,0.37372161275681,UC_vs_alone,0
Phagocytosis,Resolved; >=100 genes,full_gene,Donor1,0.474195987454922,UC_vs_alone,0
Phagocytosis,Resolved; >=100 genes,full_gene,Donor2,0.445669586470141,UC_vs_alone,0
Phagocytosis,Resolved; >=100 genes,full_gene,Donor3,0.308736449871539,UC_vs_alone,0
Phagocytosis,Resolved; >=100 genes,full_gene,Donor4,0.349268863558283,UC_vs_alone,0
Phagocytosis,Resolved; >=100 genes,full_gene,Donor5,0.618182323672645,UC_vs_alone,0
Phagocytosis,Resolved; >=100 genes,full_gene,Donor6,0.381306522788694,UC_vs_alone,0
Phagocytosis,Resolved; >=100 genes,identity_markers_removed,Donor1,0.474195987454922,UC_vs_alone,0
Phagocytosis,Resolved; >=100 genes,identity_markers_removed,Donor2,0.445669586470141,UC_vs_alone,0
Phagocytosis,Resolved; >=100 genes,identity_markers_removed,Donor3,0.308736449871539,UC_vs_alone,0
Phagocytosis,Resolved; >=100 genes,identity_markers_removed,Donor4,0.349268863558283,UC_vs_alone,0
Phagocytosis,Resolved; >=100 genes,identity_markers_removed,Donor5,0.618182323672645,UC_vs_alone,0
Phagocytosis,Resolved; >=100 genes,identity_markers_removed,Donor6,0.381306522788694,UC_vs_alone,0
Chemotaxis,All annotated,full_gene,Donor1,0.103476267608962,UC_vs_alone,0
Chemotaxis,All annotated,full_gene,Donor2,0.117777409773974,UC_vs_alone,0
Chemotaxis,All annotated,full_gene,Donor3,0.303316243466427,UC_vs_alone,0
Chemotaxis,All annotated,full_gene,Donor4,0.282886416039155,UC_vs_alone,0
Chemotaxis,All annotated,full_gene,Donor5,0.0286565576944199,UC_vs_alone,0
Chemotaxis,All annotated,full_gene,Donor6,-0.0218416951779955,UC_vs_alone,0
Chemotaxis,All annotated,identity_markers_removed,Donor1,0.103328728287062,UC_vs_alone,0
Chemotaxis,All annotated,identity_markers_removed,Donor2,0.139972419795177,UC_vs_alone,0
Chemotaxis,All annotated,identity_markers_removed,Donor3,0.309810941207394,UC_vs_alone,0
Chemotaxis,All annotated,identity_markers_removed,Donor4,0.274909038139542,UC_vs_alone,0
Chemotaxis,All annotated,identity_markers_removed,Donor5,0.0487217050015747,UC_vs_alone,0
Chemotaxis,All annotated,identity_markers_removed,Donor6,0.0110018553921068,UC_vs_alone,0
Chemotaxis,Resolved,full_gene,Donor1,0.477358905330843,UC_vs_alone,0
Chemotaxis,Resolved,full_gene,Donor2,0.578111873460745,UC_vs_alone,0
Chemotaxis,Resolved,full_gene,Donor3,0.401704750666865,UC_vs_alone,0
Chemotaxis,Resolved,full_gene,Donor4,0.391867375113506,UC_vs_alone,0
Chemotaxis,Resolved,full_gene,Donor5,0.604765578602206,UC_vs_alone,0
Chemotaxis,Resolved,full_gene,Donor6,0.435558308990161,UC_vs_alone,0
Chemotaxis,Resolved,identity_markers_removed,Donor1,0.473022432576672,UC_vs_alone,0
Chemotaxis,Resolved,identity_markers_removed,Donor2,0.549369570315644,UC_vs_alone,0
Chemotaxis,Resolved,identity_markers_removed,Donor3,0.411813822235887,UC_vs_alone,0
Chemotaxis,Resolved,identity_markers_removed,Donor4,0.379820780909446,UC_vs_alone,0
Chemotaxis,Resolved,identity_markers_removed,Donor5,0.58578774312147,UC_vs_alone,0
Chemotaxis,Resolved,identity_markers_removed,Donor6,0.424180976367722,UC_vs_alone,0
Chemotaxis,Resolved; >=100 genes,full_gene,Donor1,0.421797533792799,UC_vs_alone,0
Chemotaxis,Resolved; >=100 genes,full_gene,Donor2,0.562729560063131,UC_vs_alone,0
Chemotaxis,Resolved; >=100 genes,full_gene,Donor3,0.391773805509265,UC_vs_alone,0
Chemotaxis,Resolved; >=100 genes,full_gene,Donor4,0.306867889016865,UC_vs_alone,0
Chemotaxis,Resolved; >=100 genes,full_gene,Donor5,0.612684670232908,UC_vs_alone,0
Chemotaxis,Resolved; >=100 genes,full_gene,Donor6,0.433854323174154,UC_vs_alone,0
Chemotaxis,Resolved; >=100 genes,identity_markers_removed,Donor1,0.438206907429193,UC_vs_alone,0
Chemotaxis,Resolved; >=100 genes,identity_markers_removed,Donor2,0.550932471686505,UC_vs_alone,0
Chemotaxis,Resolved; >=100 genes,identity_markers_removed,Donor3,0.406230040389444,UC_vs_alone,0
Chemotaxis,Resolved; >=100 genes,identity_markers_removed,Donor4,0.301683681895836,UC_vs_alone,0
Chemotaxis,Resolved; >=100 genes,identity_markers_removed,Donor5,0.631277970463021,UC_vs_alone,0
Chemotaxis,Resolved; >=100 genes,identity_markers_removed,Donor6,0.43427348114338,UC_vs_alone,0
OSM_inflammation,All annotated,full_gene,Donor1,0.136815568744191,UC_vs_alone,0
OSM_inflammation,All annotated,full_gene,Donor2,0.112658669394626,UC_vs_alone,0
OSM_inflammation,All annotated,full_gene,Donor3,0.379084906879798,UC_vs_alone,0
OSM_inflammation,All annotated,full_gene,Donor4,0.451394954785863,UC_vs_alone,0
OSM_inflammation,All annotated,full_gene,Donor5,-0.00707854905438143,UC_vs_alone,0
OSM_inflammation,All annotated,full_gene,Donor6,0.0123109284664761,UC_vs_alone,0
OSM_inflammation,All annotated,identity_markers_removed,Donor1,0.136473963695801,UC_vs_alone,0
OSM_inflammation,All annotated,identity_markers_removed,Donor2,0.116794262421854,UC_vs_alone,0
OSM_inflammation,All annotated,identity_markers_removed,Donor3,0.385809103534664,UC_vs_alone,0
OSM_inflammation,All annotated,identity_markers_removed,Donor4,0.470053471295475,UC_vs_alone,0
OSM_inflammation,All annotated,identity_markers_removed,Donor5,-0.00965352315776846,UC_vs_alone,0
OSM_inflammation,All annotated,identity_markers_removed,Donor6,0.0141143716265323,UC_vs_alone,0
OSM_inflammation,Resolved,full_gene,Donor1,0.346281932139862,UC_vs_alone,0
OSM_inflammation,Resolved,full_gene,Donor2,0.343462088316816,UC_vs_alone,0
OSM_inflammation,Resolved,full_gene,Donor3,0.421941480475914,UC_vs_alone,0
OSM_inflammation,Resolved,full_gene,Donor4,0.536848280673064,UC_vs_alone,0
OSM_inflammation,Resolved,full_gene,Donor5,0.34590220330704,UC_vs_alone,0
OSM_inflammation,Resolved,full_gene,Donor6,0.378637009082478,UC_vs_alone,0
OSM_inflammation,Resolved,identity_markers_removed,Donor1,0.3342162673014,UC_vs_alone,0
OSM_inflammation,Resolved,identity_markers_removed,Donor2,0.332543163650398,UC_vs_alone,0
OSM_inflammation,Resolved,identity_markers_removed,Donor3,0.424286638169523,UC_vs_alone,0
OSM_inflammation,Resolved,identity_markers_removed,Donor4,0.556047182964926,UC_vs_alone,0
OSM_inflammation,Resolved,identity_markers_removed,Donor5,0.330154881053872,UC_vs_alone,0
OSM_inflammation,Resolved,identity_markers_removed,Donor6,0.366546830870752,UC_vs_alone,0
OSM_inflammation,Resolved; >=100 genes,full_gene,Donor1,0.331920770026202,UC_vs_alone,0
OSM_inflammation,Resolved; >=100 genes,full_gene,Donor2,0.369097465218645,UC_vs_alone,0
OSM_inflammation,Resolved; >=100 genes,full_gene,Donor3,0.399270393273661,UC_vs_alone,0
OSM_inflammation,Resolved; >=100 genes,full_gene,Donor4,0.471802954408809,UC_vs_alone,0
OSM_inflammation,Resolved; >=100 genes,full_gene,Donor5,0.365996781608247,UC_vs_alone,0
OSM_inflammation,Resolved; >=100 genes,full_gene,Donor6,0.403651828048552,UC_vs_alone,0
OSM_inflammation,Resolved; >=100 genes,identity_markers_removed,Donor1,0.314340428494694,UC_vs_alone,0
OSM_inflammation,Resolved; >=100 genes,identity_markers_removed,Donor2,0.361478378984731,UC_vs_alone,0
OSM_inflammation,Resolved; >=100 genes,identity_markers_removed,Donor3,0.391381808172407,UC_vs_alone,0
OSM_inflammation,Resolved; >=100 genes,identity_markers_removed,Donor4,0.497518758978153,UC_vs_alone,0
OSM_inflammation,Resolved; >=100 genes,identity_markers_removed,Donor5,0.337144960600983,UC_vs_alone,0
OSM_inflammation,Resolved; >=100 genes,identity_markers_removed,Donor6,0.393118987935197,UC_vs_alone,0
Type_I_interferon,All annotated,full_gene,Donor1,-0.00363617430626866,UC_vs_alone,0
Type_I_interferon,All annotated,full_gene,Donor2,0.0316270322300746,UC_vs_alone,0
Type_I_interferon,All annotated,full_gene,Donor3,0.0450460726562106,UC_vs_alone,0
Type_I_interferon,All annotated,full_gene,Donor4,0.00909752156761796,UC_vs_alone,0
Type_I_interferon,All annotated,full_gene,Donor5,-0.0453689290039264,UC_vs_alone,0
Type_I_interferon,All annotated,full_gene,Donor6,-0.0200240930733049,UC_vs_alone,0
Type_I_interferon,All annotated,identity_markers_removed,Donor1,-0.01367316160671,UC_vs_alone,0
Type_I_interferon,All annotated,identity_markers_removed,Donor2,0.0565605669713043,UC_vs_alone,0
Type_I_interferon,All annotated,identity_markers_removed,Donor3,0.0481302030802569,UC_vs_alone,0
Type_I_interferon,All annotated,identity_markers_removed,Donor4,0.00987514322872138,UC_vs_alone,0
Type_I_interferon,All annotated,identity_markers_removed,Donor5,-0.0376417347480632,UC_vs_alone,0
Type_I_interferon,All annotated,identity_markers_removed,Donor6,-0.0240250370027285,UC_vs_alone,0
Type_I_interferon,Resolved,full_gene,Donor1,0.0224351576930107,UC_vs_alone,0
Type_I_interferon,Resolved,full_gene,Donor2,0.0874101369969671,UC_vs_alone,0
Type_I_interferon,Resolved,full_gene,Donor3,0.0287714446652048,UC_vs_alone,0
Type_I_interferon,Resolved,full_gene,Donor4,0.0228614013563354,UC_vs_alone,0
Type_I_interferon,Resolved,full_gene,Donor5,-0.0202062479550487,UC_vs_alone,0
Type_I_interferon,Resolved,full_gene,Donor6,0.0792017053978576,UC_vs_alone,0
Type_I_interferon,Resolved,identity_markers_removed,Donor1,0.00818271688408001,UC_vs_alone,0
Type_I_interferon,Resolved,identity_markers_removed,Donor2,0.0898942362871818,UC_vs_alone,0
Type_I_interferon,Resolved,identity_markers_removed,Donor3,0.0363480537326246,UC_vs_alone,0
Type_I_interferon,Resolved,identity_markers_removed,Donor4,0.0312841026041486,UC_vs_alone,0
Type_I_interferon,Resolved,identity_markers_removed,Donor5,-0.0220431795873258,UC_vs_alone,0
Type_I_interferon,Resolved,identity_markers_removed,Donor6,0.0861134951047304,UC_vs_alone,0
Type_I_interferon,Resolved; >=100 genes,full_gene,Donor1,0.00190166922942878,UC_vs_alone,0
Type_I_interferon,Resolved; >=100 genes,full_gene,Donor2,0.089733261405513,UC_vs_alone,0
Type_I_interferon,Resolved; >=100 genes,full_gene,Donor3,0.0280472672814509,UC_vs_alone,0
Type_I_interferon,Resolved; >=100 genes,full_gene,Donor4,-0.00135336769474253,UC_vs_alone,0
Type_I_interferon,Resolved; >=100 genes,full_gene,Donor5,-0.0379800757363886,UC_vs_alone,0
Type_I_interferon,Resolved; >=100 genes,full_gene,Donor6,0.0806155938530256,UC_vs_alone,0
Type_I_interferon,Resolved; >=100 genes,identity_markers_removed,Donor1,-0.016027674637719,UC_vs_alone,0
Type_I_interferon,Resolved; >=100 genes,identity_markers_removed,Donor2,0.0918681058212842,UC_vs_alone,0
Type_I_interferon,Resolved; >=100 genes,identity_markers_removed,Donor3,0.037249158337272,UC_vs_alone,0
Type_I_interferon,Resolved; >=100 genes,identity_markers_removed,Donor4,0.00943190919613327,UC_vs_alone,0
Type_I_interferon,Resolved; >=100 genes,identity_markers_removed,Donor5,-0.0414328098942421,UC_vs_alone,0
Type_I_interferon,Resolved; >=100 genes,identity_markers_removed,Donor6,0.0880758518100828,UC_vs_alone,0
Immature_granulopoiesis,All annotated,full_gene,Donor1,-0.0177178838187685,UC_vs_alone,0
Immature_granulopoiesis,All annotated,full_gene,Donor2,-0.00120161576767795,UC_vs_alone,0
Immature_granulopoiesis,All annotated,full_gene,Donor3,-0.201733606103023,UC_vs_alone,0
Immature_granulopoiesis,All annotated,full_gene,Donor4,-0.0889500622581266,UC_vs_alone,0
Immature_granulopoiesis,All annotated,full_gene,Donor5,-0.126210234976708,UC_vs_alone,0
Immature_granulopoiesis,All annotated,full_gene,Donor6,-0.262242469369287,UC_vs_alone,0
Immature_granulopoiesis,All annotated,identity_markers_removed,Donor1,-0.0177178838187685,UC_vs_alone,0
Immature_granulopoiesis,All annotated,identity_markers_removed,Donor2,-0.00120161576767795,UC_vs_alone,0
Immature_granulopoiesis,All annotated,identity_markers_removed,Donor3,-0.201733606103023,UC_vs_alone,0
Immature_granulopoiesis,All annotated,identity_markers_removed,Donor4,-0.0889500622581266,UC_vs_alone,0
Immature_granulopoiesis,All annotated,identity_markers_removed,Donor5,-0.126210234976708,UC_vs_alone,0
Immature_granulopoiesis,All annotated,identity_markers_removed,Donor6,-0.262242469369287,UC_vs_alone,0
Immature_granulopoiesis,Resolved,full_gene,Donor1,0.0128220614217607,UC_vs_alone,0
Immature_granulopoiesis,Resolved,full_gene,Donor2,0.116819680680468,UC_vs_alone,0
Immature_granulopoiesis,Resolved,full_gene,Donor3,-0.254192863049535,UC_vs_alone,0
Immature_granulopoiesis,Resolved,full_gene,Donor4,-0.120850137561473,UC_vs_alone,0
Immature_granulopoiesis,Resolved,full_gene,Donor5,-0.0428140826606394,UC_vs_alone,0
Immature_granulopoiesis,Resolved,full_gene,Donor6,-0.261432383513093,UC_vs_alone,0
Immature_granulopoiesis,Resolved,identity_markers_removed,Donor1,0.0128220614217607,UC_vs_alone,0
Immature_granulopoiesis,Resolved,identity_markers_removed,Donor2,0.116819680680468,UC_vs_alone,0
Immature_granulopoiesis,Resolved,identity_markers_removed,Donor3,-0.254192863049535,UC_vs_alone,0
Immature_granulopoiesis,Resolved,identity_markers_removed,Donor4,-0.120850137561473,UC_vs_alone,0
Immature_granulopoiesis,Resolved,identity_markers_removed,Donor5,-0.0428140826606394,UC_vs_alone,0
Immature_granulopoiesis,Resolved,identity_markers_removed,Donor6,-0.261432383513093,UC_vs_alone,0
Immature_granulopoiesis,Resolved; >=100 genes,full_gene,Donor1,-0.0337237170785366,UC_vs_alone,0
Immature_granulopoiesis,Resolved; >=100 genes,full_gene,Donor2,0.0904351759136029,UC_vs_alone,0
Immature_granulopoiesis,Resolved; >=100 genes,full_gene,Donor3,-0.29696045104799,UC_vs_alone,0
Immature_granulopoiesis,Resolved; >=100 genes,full_gene,Donor4,-0.195794657132204,UC_vs_alone,0
Immature_granulopoiesis,Resolved; >=100 genes,full_gene,Donor5,-0.0878227516876596,UC_vs_alone,0
Immature_granulopoiesis,Resolved; >=100 genes,full_gene,Donor6,-0.367868450169452,UC_vs_alone,0
Immature_granulopoiesis,Resolved; >=100 genes,identity_markers_removed,Donor1,-0.0337237170785366,UC_vs_alone,0
Immature_granulopoiesis,Resolved; >=100 genes,identity_markers_removed,Donor2,0.0904351759136029,UC_vs_alone,0
Immature_granulopoiesis,Resolved; >=100 genes,identity_markers_removed,Donor3,-0.29696045104799,UC_vs_alone,0
Immature_granulopoiesis,Resolved; >=100 genes,identity_markers_removed,Donor4,-0.195794657132204,UC_vs_alone,0
Immature_granulopoiesis,Resolved; >=100 genes,identity_markers_removed,Donor5,-0.0878227516876596,UC_vs_alone,0
Immature_granulopoiesis,Resolved; >=100 genes,identity_markers_removed,Donor6,-0.367868450169452,UC_vs_alone,0
Survival_antiapoptosis,All annotated,full_gene,Donor1,0.0548853557344891,UC_vs_alone,0
Survival_antiapoptosis,All annotated,full_gene,Donor2,0.0325191924127305,UC_vs_alone,0
Survival_antiapoptosis,All annotated,full_gene,Donor3,0.228044514225341,UC_vs_alone,0
Survival_antiapoptosis,All annotated,full_gene,Donor4,0.26084197679428,UC_vs_alone,0
Survival_antiapoptosis,All annotated,full_gene,Donor5,0.0308598081006479,UC_vs_alone,0
Survival_antiapoptosis,All annotated,full_gene,Donor6,0.0204616160901454,UC_vs_alone,0
Survival_antiapoptosis,All annotated,identity_markers_removed,Donor1,0.0548853557344891,UC_vs_alone,0
Survival_antiapoptosis,All annotated,identity_markers_removed,Donor2,0.0325191924127305,UC_vs_alone,0
Survival_antiapoptosis,All annotated,identity_markers_removed,Donor3,0.228044514225341,UC_vs_alone,0
Survival_antiapoptosis,All annotated,identity_markers_removed,Donor4,0.26084197679428,UC_vs_alone,0
Survival_antiapoptosis,All annotated,identity_markers_removed,Donor5,0.0308598081006479,UC_vs_alone,0
Survival_antiapoptosis,All annotated,identity_markers_removed,Donor6,0.0204616160901454,UC_vs_alone,0
Survival_antiapoptosis,Resolved,full_gene,Donor1,0.340357718465008,UC_vs_alone,0
Survival_antiapoptosis,Resolved,full_gene,Donor2,0.252130668146953,UC_vs_alone,0
Survival_antiapoptosis,Resolved,full_gene,Donor3,0.269325573568438,UC_vs_alone,0
Survival_antiapoptosis,Resolved,full_gene,Donor4,0.348249061190423,UC_vs_alone,0
Survival_antiapoptosis,Resolved,full_gene,Donor5,0.38613728504538,UC_vs_alone,0
Survival_antiapoptosis,Resolved,full_gene,Donor6,0.269365986888478,UC_vs_alone,0
Survival_antiapoptosis,Resolved,identity_markers_removed,Donor1,0.340357718465008,UC_vs_alone,0
Survival_antiapoptosis,Resolved,identity_markers_removed,Donor2,0.252130668146953,UC_vs_alone,0
Survival_antiapoptosis,Resolved,identity_markers_removed,Donor3,0.269325573568438,UC_vs_alone,0
Survival_antiapoptosis,Resolved,identity_markers_removed,Donor4,0.348249061190423,UC_vs_alone,0
Survival_antiapoptosis,Resolved,identity_markers_removed,Donor5,0.38613728504538,UC_vs_alone,0
Survival_antiapoptosis,Resolved,identity_markers_removed,Donor6,0.269365986888478,UC_vs_alone,0
Survival_antiapoptosis,Resolved; >=100 genes,full_gene,Donor1,0.345686494307396,UC_vs_alone,0
Survival_antiapoptosis,Resolved; >=100 genes,full_gene,Donor2,0.202577125967693,UC_vs_alone,0
Survival_antiapoptosis,Resolved; >=100 genes,full_gene,Donor3,0.251157781708046,UC_vs_alone,0
Survival_antiapoptosis,Resolved; >=100 genes,full_gene,Donor4,0.302560550810245,UC_vs_alone,0
Survival_antiapoptosis,Resolved; >=100 genes,full_gene,Donor5,0.42491260780653,UC_vs_alone,0
Survival_antiapoptosis,Resolved; >=100 genes,full_gene,Donor6,0.27324785689558,UC_vs_alone,0
Survival_antiapoptosis,Resolved; >=100 genes,identity_markers_removed,Donor1,0.345686494307396,UC_vs_alone,0
Survival_antiapoptosis,Resolved; >=100 genes,identity_markers_removed,Donor2,0.202577125967693,UC_vs_alone,0
Survival_antiapoptosis,Resolved; >=100 genes,identity_markers_removed,Donor3,0.251157781708046,UC_vs_alone,0
Survival_antiapoptosis,Resolved; >=100 genes,identity_markers_removed,Donor4,0.302560550810245,UC_vs_alone,0
Survival_antiapoptosis,Resolved; >=100 genes,identity_markers_removed,Donor5,0.42491260780653,UC_vs_alone,0
Survival_antiapoptosis,Resolved; >=100 genes,identity_markers_removed,Donor6,0.27324785689558,UC_vs_alone,0
Hypoxia_glycolysis,All annotated,full_gene,Donor1,-0.00945931516729492,UC_vs_alone,0
Hypoxia_glycolysis,All annotated,full_gene,Donor2,0.0484202045173825,UC_vs_alone,0
Hypoxia_glycolysis,All annotated,full_gene,Donor3,0.0812907230081226,UC_vs_alone,0
Hypoxia_glycolysis,All annotated,full_gene,Donor4,0.0626773270963295,UC_vs_alone,0
Hypoxia_glycolysis,All annotated,full_gene,Donor5,0.0542203231305973,UC_vs_alone,0
Hypoxia_glycolysis,All annotated,full_gene,Donor6,-0.0224264554798273,UC_vs_alone,0
Hypoxia_glycolysis,All annotated,identity_markers_removed,Donor1,-0.00945931516729492,UC_vs_alone,0
Hypoxia_glycolysis,All annotated,identity_markers_removed,Donor2,0.0484202045173825,UC_vs_alone,0
Hypoxia_glycolysis,All annotated,identity_markers_removed,Donor3,0.0812907230081226,UC_vs_alone,0
Hypoxia_glycolysis,All annotated,identity_markers_removed,Donor4,0.0626773270963295,UC_vs_alone,0
Hypoxia_glycolysis,All annotated,identity_markers_removed,Donor5,0.0542203231305973,UC_vs_alone,0
Hypoxia_glycolysis,All annotated,identity_markers_removed,Donor6,-0.0224264554798273,UC_vs_alone,0
Hypoxia_glycolysis,Resolved,full_gene,Donor1,0.127188141916712,UC_vs_alone,0
Hypoxia_glycolysis,Resolved,full_gene,Donor2,0.195643988941497,UC_vs_alone,0
Hypoxia_glycolysis,Resolved,full_gene,Donor3,0.101513455969339,UC_vs_alone,0
Hypoxia_glycolysis,Resolved,full_gene,Donor4,0.125439141660784,UC_vs_alone,0
Hypoxia_glycolysis,Resolved,full_gene,Donor5,0.15935664540053,UC_vs_alone,0
Hypoxia_glycolysis,Resolved,full_gene,Donor6,0.118768286556493,UC_vs_alone,0
Hypoxia_glycolysis,Resolved,identity_markers_removed,Donor1,0.127188141916712,UC_vs_alone,0
Hypoxia_glycolysis,Resolved,identity_markers_removed,Donor2,0.195643988941497,UC_vs_alone,0
Hypoxia_glycolysis,Resolved,identity_markers_removed,Donor3,0.101513455969339,UC_vs_alone,0
Hypoxia_glycolysis,Resolved,identity_markers_removed,Donor4,0.125439141660784,UC_vs_alone,0
Hypoxia_glycolysis,Resolved,identity_markers_removed,Donor5,0.15935664540053,UC_vs_alone,0
Hypoxia_glycolysis,Resolved,identity_markers_removed,Donor6,0.118768286556493,UC_vs_alone,0
Hypoxia_glycolysis,Resolved; >=100 genes,full_gene,Donor1,0.0833080265028103,UC_vs_alone,0
Hypoxia_glycolysis,Resolved; >=100 genes,full_gene,Donor2,0.187244782278995,UC_vs_alone,0
Hypoxia_glycolysis,Resolved; >=100 genes,full_gene,Donor3,0.107594698828,UC_vs_alone,0
Hypoxia_glycolysis,Resolved; >=100 genes,full_gene,Donor4,0.0816469422134891,UC_vs_alone,0
Hypoxia_glycolysis,Resolved; >=100 genes,full_gene,Donor5,0.157972592588216,UC_vs_alone,0
Hypoxia_glycolysis,Resolved; >=100 genes,full_gene,Donor6,0.105215296910607,UC_vs_alone,0
Hypoxia_glycolysis,Resolved; >=100 genes,identity_markers_removed,Donor1,0.0833080265028103,UC_vs_alone,0
Hypoxia_glycolysis,Resolved; >=100 genes,identity_markers_removed,Donor2,0.187244782278995,UC_vs_alone,0
Hypoxia_glycolysis,Resolved; >=100 genes,identity_markers_removed,Donor3,0.107594698828,UC_vs_alone,0
Hypoxia_glycolysis,Resolved; >=100 genes,identity_markers_removed,Donor4,0.0816469422134891,UC_vs_alone,0
Hypoxia_glycolysis,Resolved; >=100 genes,identity_markers_removed,Donor5,0.157972592588216,UC_vs_alone,0
Hypoxia_glycolysis,Resolved; >=100 genes,identity_markers_removed,Donor6,0.105215296910607,UC_vs_alone,0
ER_stress,All annotated,full_gene,Donor1,0.0635121268550822,UC_vs_alone,0
ER_stress,All annotated,full_gene,Donor2,0.0262304494641804,UC_vs_alone,0
ER_stress,All annotated,full_gene,Donor3,0.251762765246991,UC_vs_alone,0
ER_stress,All annotated,full_gene,Donor4,0.219594505293438,UC_vs_alone,0
ER_stress,All annotated,full_gene,Donor5,0.0242054937739941,UC_vs_alone,0
ER_stress,All annotated,full_gene,Donor6,0.00683598403468921,UC_vs_alone,0
ER_stress,All annotated,identity_markers_removed,Donor1,0.0635121268550822,UC_vs_alone,0
ER_stress,All annotated,identity_markers_removed,Donor2,0.0262304494641804,UC_vs_alone,0
ER_stress,All annotated,identity_markers_removed,Donor3,0.251762765246991,UC_vs_alone,0
ER_stress,All annotated,identity_markers_removed,Donor4,0.219594505293438,UC_vs_alone,0
ER_stress,All annotated,identity_markers_removed,Donor5,0.0242054937739941,UC_vs_alone,0
ER_stress,All annotated,identity_markers_removed,Donor6,0.00683598403468921,UC_vs_alone,0
ER_stress,Resolved,full_gene,Donor1,0.314524441318912,UC_vs_alone,0
ER_stress,Resolved,full_gene,Donor2,0.241597989135186,UC_vs_alone,0
ER_stress,Resolved,full_gene,Donor3,0.347979809330161,UC_vs_alone,0
ER_stress,Resolved,full_gene,Donor4,0.296585765416705,UC_vs_alone,0
ER_stress,Resolved,full_gene,Donor5,0.379453142292581,UC_vs_alone,0
ER_stress,Resolved,full_gene,Donor6,0.242729635694223,UC_vs_alone,0
ER_stress,Resolved,identity_markers_removed,Donor1,0.314524441318912,UC_vs_alone,0
ER_stress,Resolved,identity_markers_removed,Donor2,0.241597989135186,UC_vs_alone,0
ER_stress,Resolved,identity_markers_removed,Donor3,0.347979809330161,UC_vs_alone,0
ER_stress,Resolved,identity_markers_removed,Donor4,0.296585765416705,UC_vs_alone,0
ER_stress,Resolved,identity_markers_removed,Donor5,0.379453142292581,UC_vs_alone,0
ER_stress,Resolved,identity_markers_removed,Donor6,0.242729635694223,UC_vs_alone,0
ER_stress,Resolved; >=100 genes,full_gene,Donor1,0.29406103271649,UC_vs_alone,0
ER_stress,Resolved; >=100 genes,full_gene,Donor2,0.209850456711446,UC_vs_alone,0
ER_stress,Resolved; >=100 genes,full_gene,Donor3,0.32872708529036,UC_vs_alone,0
ER_stress,Resolved; >=100 genes,full_gene,Donor4,0.251018872944175,UC_vs_alone,0
ER_stress,Resolved; >=100 genes,full_gene,Donor5,0.436960824367152,UC_vs_alone,0
ER_stress,Resolved; >=100 genes,full_gene,Donor6,0.248675795873834,UC_vs_alone,0
ER_stress,Resolved; >=100 genes,identity_markers_removed,Donor1,0.29406103271649,UC_vs_alone,0
ER_stress,Resolved; >=100 genes,identity_markers_removed,Donor2,0.209850456711446,UC_vs_alone,0
ER_stress,Resolved; >=100 genes,identity_markers_removed,Donor3,0.32872708529036,UC_vs_alone,0
ER_stress,Resolved; >=100 genes,identity_markers_removed,Donor4,0.251018872944175,UC_vs_alone,0
ER_stress,Resolved; >=100 genes,identity_markers_removed,Donor5,0.436960824367152,UC_vs_alone,0
ER_stress,Resolved; >=100 genes,identity_markers_removed,Donor6,0.248675795873834,UC_vs_alone,0
Proliferation_stress,All annotated,full_gene,Donor1,0.0392677647633139,UC_vs_alone,0
Proliferation_stress,All annotated,full_gene,Donor2,0.0820558461028725,UC_vs_alone,0
Proliferation_stress,All annotated,full_gene,Donor3,0.0711816821707952,UC_vs_alone,0
Proliferation_stress,All annotated,full_gene,Donor4,0.0453250551211077,UC_vs_alone,0
Proliferation_stress,All annotated,full_gene,Donor5,0.0188013424398109,UC_vs_alone,0
Proliferation_stress,All annotated,full_gene,Donor6,-0.0638128437000039,UC_vs_alone,0
Proliferation_stress,All annotated,identity_markers_removed,Donor1,0.0392677647633139,UC_vs_alone,0
Proliferation_stress,All annotated,identity_markers_removed,Donor2,0.0820558461028725,UC_vs_alone,0
Proliferation_stress,All annotated,identity_markers_removed,Donor3,0.0711816821707952,UC_vs_alone,0
Proliferation_stress,All annotated,identity_markers_removed,Donor4,0.0453250551211077,UC_vs_alone,0
Proliferation_stress,All annotated,identity_markers_removed,Donor5,0.0188013424398109,UC_vs_alone,0
Proliferation_stress,All annotated,identity_markers_removed,Donor6,-0.0638128437000039,UC_vs_alone,0
Proliferation_stress,Resolved,full_gene,Donor1,0.0378496050169604,UC_vs_alone,0
Proliferation_stress,Resolved,full_gene,Donor2,0.123021273542365,UC_vs_alone,0
Proliferation_stress,Resolved,full_gene,Donor3,0.0589286161340097,UC_vs_alone,0
Proliferation_stress,Resolved,full_gene,Donor4,0.0317681331143948,UC_vs_alone,0
Proliferation_stress,Resolved,full_gene,Donor5,0.174397804213781,UC_vs_alone,0
Proliferation_stress,Resolved,full_gene,Donor6,0.00236052886140738,UC_vs_alone,0
Proliferation_stress,Resolved,identity_markers_removed,Donor1,0.0378496050169604,UC_vs_alone,0
Proliferation_stress,Resolved,identity_markers_removed,Donor2,0.123021273542365,UC_vs_alone,0
Proliferation_stress,Resolved,identity_markers_removed,Donor3,0.0589286161340097,UC_vs_alone,0
Proliferation_stress,Resolved,identity_markers_removed,Donor4,0.0317681331143948,UC_vs_alone,0
Proliferation_stress,Resolved,identity_markers_removed,Donor5,0.174397804213781,UC_vs_alone,0
Proliferation_stress,Resolved,identity_markers_removed,Donor6,0.00236052886140738,UC_vs_alone,0
Proliferation_stress,Resolved; >=100 genes,full_gene,Donor1,0.00467051630023589,UC_vs_alone,0
Proliferation_stress,Resolved; >=100 genes,full_gene,Donor2,0.114394730840739,UC_vs_alone,0
Proliferation_stress,Resolved; >=100 genes,full_gene,Donor3,0.045954363785414,UC_vs_alone,0
Proliferation_stress,Resolved; >=100 genes,full_gene,Donor4,0.0135121614595877,UC_vs_alone,0
Proliferation_stress,Resolved; >=100 genes,full_gene,Donor5,0.166471583169438,UC_vs_alone,0
Proliferation_stress,Resolved; >=100 genes,full_gene,Donor6,-0.0367916496545973,UC_vs_alone,0
Proliferation_stress,Resolved; >=100 genes,identity_markers_removed,Donor1,0.00467051630023589,UC_vs_alone,0
Proliferation_stress,Resolved; >=100 genes,identity_markers_removed,Donor2,0.114394730840739,UC_vs_alone,0
Proliferation_stress,Resolved; >=100 genes,identity_markers_removed,Donor3,0.045954363785414,UC_vs_alone,0
Proliferation_stress,Resolved; >=100 genes,identity_markers_removed,Donor4,0.0135121614595877,UC_vs_alone,0
Proliferation_stress,Resolved; >=100 genes,identity_markers_removed,Donor5,0.166471583169438,UC_vs_alone,0
Proliferation_stress,Resolved; >=100 genes,identity_markers_removed,Donor6,-0.0367916496545973,UC_vs_alone,0
Integrin_adhesion,All annotated,full_gene,Donor1,0.0413512789549089,UC_vs_alone,0
Integrin_adhesion,All annotated,full_gene,Donor2,0.00660521361084784,UC_vs_alone,0
Integrin_adhesion,All annotated,full_gene,Donor3,0.151843430456822,UC_vs_alone,0
Integrin_adhesion,All annotated,full_gene,Donor4,0.1645635229296,UC_vs_alone,0
Integrin_adhesion,All annotated,full_gene,Donor5,0.0050075786790863,UC_vs_alone,0
Integrin_adhesion,All annotated,full_gene,Donor6,-0.00405668140765184,UC_vs_alone,0
Integrin_adhesion,All annotated,identity_markers_removed,Donor1,0.0413512789549089,UC_vs_alone,0
Integrin_adhesion,All annotated,identity_markers_removed,Donor2,0.00660521361084784,UC_vs_alone,0
Integrin_adhesion,All annotated,identity_markers_removed,Donor3,0.151843430456822,UC_vs_alone,0
Integrin_adhesion,All annotated,identity_markers_removed,Donor4,0.1645635229296,UC_vs_alone,0
Integrin_adhesion,All annotated,identity_markers_removed,Donor5,0.0050075786790863,UC_vs_alone,0
Integrin_adhesion,All annotated,identity_markers_removed,Donor6,-0.00405668140765184,UC_vs_alone,0
Integrin_adhesion,Resolved,full_gene,Donor1,0.155126406631343,UC_vs_alone,0
Integrin_adhesion,Resolved,full_gene,Donor2,0.169702036591978,UC_vs_alone,0
Integrin_adhesion,Resolved,full_gene,Donor3,0.15493710519714,UC_vs_alone,0
Integrin_adhesion,Resolved,full_gene,Donor4,0.25840399974493,UC_vs_alone,0
Integrin_adhesion,Resolved,full_gene,Donor5,0.242052616458929,UC_vs_alone,0
Integrin_adhesion,Resolved,full_gene,Donor6,0.178806137047375,UC_vs_alone,0
Integrin_adhesion,Resolved,identity_markers_removed,Donor1,0.155126406631343,UC_vs_alone,0
Integrin_adhesion,Resolved,identity_markers_removed,Donor2,0.169702036591978,UC_vs_alone,0
Integrin_adhesion,Resolved,identity_markers_removed,Donor3,0.15493710519714,UC_vs_alone,0
Integrin_adhesion,Resolved,identity_markers_removed,Donor4,0.25840399974493,UC_vs_alone,0
Integrin_adhesion,Resolved,identity_markers_removed,Donor5,0.242052616458929,UC_vs_alone,0
Integrin_adhesion,Resolved,identity_markers_removed,Donor6,0.178806137047375,UC_vs_alone,0
Integrin_adhesion,Resolved; >=100 genes,full_gene,Donor1,0.128239461057269,UC_vs_alone,0
Integrin_adhesion,Resolved; >=100 genes,full_gene,Donor2,0.183736258906981,UC_vs_alone,0
Integrin_adhesion,Resolved; >=100 genes,full_gene,Donor3,0.130030481192723,UC_vs_alone,0
Integrin_adhesion,Resolved; >=100 genes,full_gene,Donor4,0.223508359899239,UC_vs_alone,0
Integrin_adhesion,Resolved; >=100 genes,full_gene,Donor5,0.231119278329934,UC_vs_alone,0
Integrin_adhesion,Resolved; >=100 genes,full_gene,Donor6,0.179054646825828,UC_vs_alone,0
Integrin_adhesion,Resolved; >=100 genes,identity_markers_removed,Donor1,0.128239461057269,UC_vs_alone,0
Integrin_adhesion,Resolved; >=100 genes,identity_markers_removed,Donor2,0.183736258906981,UC_vs_alone,0
Integrin_adhesion,Resolved; >=100 genes,identity_markers_removed,Donor3,0.130030481192723,UC_vs_alone,0
Integrin_adhesion,Resolved; >=100 genes,identity_markers_removed,Donor4,0.223508359899239,UC_vs_alone,0
Integrin_adhesion,Resolved; >=100 genes,identity_markers_removed,Donor5,0.231119278329934,UC_vs_alone,0
Integrin_adhesion,Resolved; >=100 genes,identity_markers_removed,Donor6,0.179054646825828,UC_vs_alone,0
CXCR4_aging_retention,All annotated,full_gene,Donor1,0.131949454119379,UC_vs_alone,0
CXCR4_aging_retention,All annotated,full_gene,Donor2,0.0653210521468275,UC_vs_alone,0
CXCR4_aging_retention,All annotated,full_gene,Donor3,0.320995105462398,UC_vs_alone,0
CXCR4_aging_retention,All annotated,full_gene,Donor4,0.342000587552608,UC_vs_alone,0
CXCR4_aging_retention,All annotated,full_gene,Donor5,0.0278538443801329,UC_vs_alone,0
CXCR4_aging_retention,All annotated,full_gene,Donor6,-0.0534015052303813,UC_vs_alone,0
CXCR4_aging_retention,All annotated,identity_markers_removed,Donor1,0.137437536370804,UC_vs_alone,0
CXCR4_aging_retention,All annotated,identity_markers_removed,Donor2,0.0859027946510824,UC_vs_alone,0
CXCR4_aging_retention,All annotated,identity_markers_removed,Donor3,0.333623454698947,UC_vs_alone,0
CXCR4_aging_retention,All annotated,identity_markers_removed,Donor4,0.342655092795841,UC_vs_alone,0
CXCR4_aging_retention,All annotated,identity_markers_removed,Donor5,0.0557845079472923,UC_vs_alone,0
CXCR4_aging_retention,All annotated,identity_markers_removed,Donor6,-0.0137324964427152,UC_vs_alone,0
CXCR4_aging_retention,Resolved,full_gene,Donor1,0.57370418111478,UC_vs_alone,0
CXCR4_aging_retention,Resolved,full_gene,Donor2,0.556597911591488,UC_vs_alone,0
CXCR4_aging_retention,Resolved,full_gene,Donor3,0.404257129902776,UC_vs_alone,0
CXCR4_aging_retention,Resolved,full_gene,Donor4,0.476270750370933,UC_vs_alone,0
CXCR4_aging_retention,Resolved,full_gene,Donor5,0.756800829493279,UC_vs_alone,0
CXCR4_aging_retention,Resolved,full_gene,Donor6,0.504620192987966,UC_vs_alone,0
CXCR4_aging_retention,Resolved,identity_markers_removed,Donor1,0.586902174415728,UC_vs_alone,0
CXCR4_aging_retention,Resolved,identity_markers_removed,Donor2,0.512055894814494,UC_vs_alone,0
CXCR4_aging_retention,Resolved,identity_markers_removed,Donor3,0.418920305946589,UC_vs_alone,0
CXCR4_aging_retention,Resolved,identity_markers_removed,Donor4,0.476286193536734,UC_vs_alone,0
CXCR4_aging_retention,Resolved,identity_markers_removed,Donor5,0.760638909998463,UC_vs_alone,0
CXCR4_aging_retention,Resolved,identity_markers_removed,Donor6,0.502504304116113,UC_vs_alone,0
CXCR4_aging_retention,Resolved; >=100 genes,full_gene,Donor1,0.524437269582257,UC_vs_alone,0
CXCR4_aging_retention,Resolved; >=100 genes,full_gene,Donor2,0.468778256136634,UC_vs_alone,0
CXCR4_aging_retention,Resolved; >=100 genes,full_gene,Donor3,0.355896138462253,UC_vs_alone,0
CXCR4_aging_retention,Resolved; >=100 genes,full_gene,Donor4,0.382098743032846,UC_vs_alone,0
CXCR4_aging_retention,Resolved; >=100 genes,full_gene,Donor5,0.727867714004565,UC_vs_alone,0
CXCR4_aging_retention,Resolved; >=100 genes,full_gene,Donor6,0.481600679924589,UC_vs_alone,0
CXCR4_aging_retention,Resolved; >=100 genes,identity_markers_removed,Donor1,0.567938339831101,UC_vs_alone,0
CXCR4_aging_retention,Resolved; >=100 genes,identity_markers_removed,Donor2,0.433472071624059,UC_vs_alone,0
CXCR4_aging_retention,Resolved; >=100 genes,identity_markers_removed,Donor3,0.368959333885102,UC_vs_alone,0
CXCR4_aging_retention,Resolved; >=100 genes,identity_markers_removed,Donor4,0.389887023866602,UC_vs_alone,0
CXCR4_aging_retention,Resolved; >=100 genes,identity_markers_removed,Donor5,0.776934943081056,UC_vs_alone,0
CXCR4_aging_retention,Resolved; >=100 genes,identity_markers_removed,Donor6,0.491736772431592,UC_vs_alone,0
NETosis,All annotated,full_gene,Donor1,0.0064268811364987,control_fibroblasts_vs_alone,0
NETosis,All annotated,full_gene,Donor2,-0.00133336716867971,control_fibroblasts_vs_alone,0
NETosis,All annotated,full_gene,Donor3,0.139072620777963,control_fibroblasts_vs_alone,0
NETosis,All annotated,full_gene,Donor4,0.186687739988353,control_fibroblasts_vs_alone,0
NETosis,All annotated,full_gene,Donor5,0.143725672944661,control_fibroblasts_vs_alone,0
NETosis,All annotated,full_gene,Donor6,-0.0866305888586995,control_fibroblasts_vs_alone,0
NETosis,All annotated,identity_markers_removed,Donor1,-0.00389579943972876,control_fibroblasts_vs_alone,0
NETosis,All annotated,identity_markers_removed,Donor2,-0.000932053373663255,control_fibroblasts_vs_alone,0
NETosis,All annotated,identity_markers_removed,Donor3,0.134362780626112,control_fibroblasts_vs_alone,0
NETosis,All annotated,identity_markers_removed,Donor4,0.181361812873567,control_fibroblasts_vs_alone,0
NETosis,All annotated,identity_markers_removed,Donor5,0.157363484602386,control_fibroblasts_vs_alone,0
NETosis,All annotated,identity_markers_removed,Donor6,-0.0879846038037452,control_fibroblasts_vs_alone,0
NETosis,Resolved,full_gene,Donor1,0.167582951477193,control_fibroblasts_vs_alone,0
NETosis,Resolved,full_gene,Donor2,0.0311409469820751,control_fibroblasts_vs_alone,0
NETosis,Resolved,full_gene,Donor3,0.0907788944160166,control_fibroblasts_vs_alone,0
NETosis,Resolved,full_gene,Donor4,0.206759946157911,control_fibroblasts_vs_alone,0
NETosis,Resolved,full_gene,Donor5,0.333538869644417,control_fibroblasts_vs_alone,0
NETosis,Resolved,full_gene,Donor6,0.0712211993528508,control_fibroblasts_vs_alone,0
NETosis,Resolved,identity_markers_removed,Donor1,0.171060986733005,control_fibroblasts_vs_alone,0
NETosis,Resolved,identity_markers_removed,Donor2,0.0287253822886546,control_fibroblasts_vs_alone,0
NETosis,Resolved,identity_markers_removed,Donor3,0.0899931845017534,control_fibroblasts_vs_alone,0
NETosis,Resolved,identity_markers_removed,Donor4,0.203972164461459,control_fibroblasts_vs_alone,0
NETosis,Resolved,identity_markers_removed,Donor5,0.320417130070964,control_fibroblasts_vs_alone,0
NETosis,Resolved,identity_markers_removed,Donor6,0.0740569145659713,control_fibroblasts_vs_alone,0
NETosis,Resolved; >=100 genes,full_gene,Donor1,0.136097563900513,control_fibroblasts_vs_alone,0
NETosis,Resolved; >=100 genes,full_gene,Donor2,-0.0207960206635107,control_fibroblasts_vs_alone,0
NETosis,Resolved; >=100 genes,full_gene,Donor3,0.0963971667963325,control_fibroblasts_vs_alone,0
NETosis,Resolved; >=100 genes,full_gene,Donor4,0.16805673003317,control_fibroblasts_vs_alone,0
NETosis,Resolved; >=100 genes,full_gene,Donor5,0.271045933948241,control_fibroblasts_vs_alone,0
NETosis,Resolved; >=100 genes,full_gene,Donor6,0.0469380009596741,control_fibroblasts_vs_alone,0
NETosis,Resolved; >=100 genes,identity_markers_removed,Donor1,0.14217964594927,control_fibroblasts_vs_alone,0
NETosis,Resolved; >=100 genes,identity_markers_removed,Donor2,-0.0251678985004671,control_fibroblasts_vs_alone,0
NETosis,Resolved; >=100 genes,identity_markers_removed,Donor3,0.0985781420399762,control_fibroblasts_vs_alone,0
NETosis,Resolved; >=100 genes,identity_markers_removed,Donor4,0.163837511250057,control_fibroblasts_vs_alone,0
NETosis,Resolved; >=100 genes,identity_markers_removed,Donor5,0.256779188052876,control_fibroblasts_vs_alone,0
NETosis,Resolved; >=100 genes,identity_markers_removed,Donor6,0.0508253093409684,control_fibroblasts_vs_alone,0
Degranulation,All annotated,full_gene,Donor1,0.0114724556700523,control_fibroblasts_vs_alone,0
Degranulation,All annotated,full_gene,Donor2,0.0741269142768916,control_fibroblasts_vs_alone,0
Degranulation,All annotated,full_gene,Donor3,-0.0688744031158783,control_fibroblasts_vs_alone,0
Degranulation,All annotated,full_gene,Donor4,0.0372635013443247,control_fibroblasts_vs_alone,0
Degranulation,All annotated,full_gene,Donor5,0.0170499953252051,control_fibroblasts_vs_alone,0
Degranulation,All annotated,full_gene,Donor6,-0.203010303545845,control_fibroblasts_vs_alone,0
Degranulation,All annotated,identity_markers_removed,Donor1,0.0114724556700523,control_fibroblasts_vs_alone,0
Degranulation,All annotated,identity_markers_removed,Donor2,0.0741269142768916,control_fibroblasts_vs_alone,0
Degranulation,All annotated,identity_markers_removed,Donor3,-0.0688744031158783,control_fibroblasts_vs_alone,0
Degranulation,All annotated,identity_markers_removed,Donor4,0.0372635013443247,control_fibroblasts_vs_alone,0
Degranulation,All annotated,identity_markers_removed,Donor5,0.0170499953252051,control_fibroblasts_vs_alone,0
Degranulation,All annotated,identity_markers_removed,Donor6,-0.203010303545845,control_fibroblasts_vs_alone,0
Degranulation,Resolved,full_gene,Donor1,0.14662506762451,control_fibroblasts_vs_alone,0
Degranulation,Resolved,full_gene,Donor2,0.113293344325032,control_fibroblasts_vs_alone,0
Degranulation,Resolved,full_gene,Donor3,-0.0937073248342707,control_fibroblasts_vs_alone,0
Degranulation,Resolved,full_gene,Donor4,0.0471967090423593,control_fibroblasts_vs_alone,0
Degranulation,Resolved,full_gene,Donor5,0.273421181174492,control_fibroblasts_vs_alone,0
Degranulation,Resolved,full_gene,Donor6,-0.118395641043729,control_fibroblasts_vs_alone,0
Degranulation,Resolved,identity_markers_removed,Donor1,0.14662506762451,control_fibroblasts_vs_alone,0
Degranulation,Resolved,identity_markers_removed,Donor2,0.113293344325032,control_fibroblasts_vs_alone,0
Degranulation,Resolved,identity_markers_removed,Donor3,-0.0937073248342707,control_fibroblasts_vs_alone,0
Degranulation,Resolved,identity_markers_removed,Donor4,0.0471967090423593,control_fibroblasts_vs_alone,0
Degranulation,Resolved,identity_markers_removed,Donor5,0.273421181174492,control_fibroblasts_vs_alone,0
Degranulation,Resolved,identity_markers_removed,Donor6,-0.118395641043729,control_fibroblasts_vs_alone,0
Degranulation,Resolved; >=100 genes,full_gene,Donor1,0.116363978597196,control_fibroblasts_vs_alone,0
Degranulation,Resolved; >=100 genes,full_gene,Donor2,0.0656734802486094,control_fibroblasts_vs_alone,0
Degranulation,Resolved; >=100 genes,full_gene,Donor3,-0.140038650836023,control_fibroblasts_vs_alone,0
Degranulation,Resolved; >=100 genes,full_gene,Donor4,-0.0173870634832178,control_fibroblasts_vs_alone,0
Degranulation,Resolved; >=100 genes,full_gene,Donor5,0.217080397241555,control_fibroblasts_vs_alone,0
Degranulation,Resolved; >=100 genes,full_gene,Donor6,-0.204009814675608,control_fibroblasts_vs_alone,0
Degranulation,Resolved; >=100 genes,identity_markers_removed,Donor1,0.116363978597196,control_fibroblasts_vs_alone,0
Degranulation,Resolved; >=100 genes,identity_markers_removed,Donor2,0.0656734802486094,control_fibroblasts_vs_alone,0
Degranulation,Resolved; >=100 genes,identity_markers_removed,Donor3,-0.140038650836023,control_fibroblasts_vs_alone,0
Degranulation,Resolved; >=100 genes,identity_markers_removed,Donor4,-0.0173870634832178,control_fibroblasts_vs_alone,0
Degranulation,Resolved; >=100 genes,identity_markers_removed,Donor5,0.217080397241555,control_fibroblasts_vs_alone,0
Degranulation,Resolved; >=100 genes,identity_markers_removed,Donor6,-0.204009814675608,control_fibroblasts_vs_alone,0
Oxidative_burst,All annotated,full_gene,Donor1,-0.0273973581512088,control_fibroblasts_vs_alone,0
Oxidative_burst,All annotated,full_gene,Donor2,0.0769645720843594,control_fibroblasts_vs_alone,0
Oxidative_burst,All annotated,full_gene,Donor3,0.281861858793336,control_fibroblasts_vs_alone,0
Oxidative_burst,All annotated,full_gene,Donor4,0.280100862229837,control_fibroblasts_vs_alone,0
Oxidative_burst,All annotated,full_gene,Donor5,0.178100280834078,control_fibroblasts_vs_alone,0
Oxidative_burst,All annotated,full_gene,Donor6,-0.0505541172001838,control_fibroblasts_vs_alone,0
Oxidative_burst,All annotated,identity_markers_removed,Donor1,-0.0273973581512088,control_fibroblasts_vs_alone,0
Oxidative_burst,All annotated,identity_markers_removed,Donor2,0.0769645720843594,control_fibroblasts_vs_alone,0
Oxidative_burst,All annotated,identity_markers_removed,Donor3,0.281861858793336,control_fibroblasts_vs_alone,0
Oxidative_burst,All annotated,identity_markers_removed,Donor4,0.280100862229837,control_fibroblasts_vs_alone,0
Oxidative_burst,All annotated,identity_markers_removed,Donor5,0.178100280834078,control_fibroblasts_vs_alone,0
Oxidative_burst,All annotated,identity_markers_removed,Donor6,-0.0505541172001838,control_fibroblasts_vs_alone,0
Oxidative_burst,Resolved,full_gene,Donor1,0.252924929493198,control_fibroblasts_vs_alone,0
Oxidative_burst,Resolved,full_gene,Donor2,0.228938491977185,control_fibroblasts_vs_alone,0
Oxidative_burst,Resolved,full_gene,Donor3,0.253595804085722,control_fibroblasts_vs_alone,0
Oxidative_burst,Resolved,full_gene,Donor4,0.345289200816218,control_fibroblasts_vs_alone,0
Oxidative_burst,Resolved,full_gene,Donor5,0.580660238169103,control_fibroblasts_vs_alone,0
Oxidative_burst,Resolved,full_gene,Donor6,0.18821233902174,control_fibroblasts_vs_alone,0
Oxidative_burst,Resolved,identity_markers_removed,Donor1,0.252924929493198,control_fibroblasts_vs_alone,0
Oxidative_burst,Resolved,identity_markers_removed,Donor2,0.228938491977185,control_fibroblasts_vs_alone,0
Oxidative_burst,Resolved,identity_markers_removed,Donor3,0.253595804085722,control_fibroblasts_vs_alone,0
Oxidative_burst,Resolved,identity_markers_removed,Donor4,0.345289200816218,control_fibroblasts_vs_alone,0
Oxidative_burst,Resolved,identity_markers_removed,Donor5,0.580660238169103,control_fibroblasts_vs_alone,0
Oxidative_burst,Resolved,identity_markers_removed,Donor6,0.18821233902174,control_fibroblasts_vs_alone,0
Oxidative_burst,Resolved; >=100 genes,full_gene,Donor1,0.211244644653806,control_fibroblasts_vs_alone,0
Oxidative_burst,Resolved; >=100 genes,full_gene,Donor2,0.146522802001985,control_fibroblasts_vs_alone,0
Oxidative_burst,Resolved; >=100 genes,full_gene,Donor3,0.236126823304296,control_fibroblasts_vs_alone,0
Oxidative_burst,Resolved; >=100 genes,full_gene,Donor4,0.258478082353029,control_fibroblasts_vs_alone,0
Oxidative_burst,Resolved; >=100 genes,full_gene,Donor5,0.524901752325662,control_fibroblasts_vs_alone,0
Oxidative_burst,Resolved; >=100 genes,full_gene,Donor6,0.185134870369913,control_fibroblasts_vs_alone,0
Oxidative_burst,Resolved; >=100 genes,identity_markers_removed,Donor1,0.211244644653806,control_fibroblasts_vs_alone,0
Oxidative_burst,Resolved; >=100 genes,identity_markers_removed,Donor2,0.146522802001985,control_fibroblasts_vs_alone,0
Oxidative_burst,Resolved; >=100 genes,identity_markers_removed,Donor3,0.236126823304296,control_fibroblasts_vs_alone,0
Oxidative_burst,Resolved; >=100 genes,identity_markers_removed,Donor4,0.258478082353029,control_fibroblasts_vs_alone,0
Oxidative_burst,Resolved; >=100 genes,identity_markers_removed,Donor5,0.524901752325662,control_fibroblasts_vs_alone,0
Oxidative_burst,Resolved; >=100 genes,identity_markers_removed,Donor6,0.185134870369913,control_fibroblasts_vs_alone,0
Phagocytosis,All annotated,full_gene,Donor1,0.0882184557629324,control_fibroblasts_vs_alone,0
Phagocytosis,All annotated,full_gene,Donor2,0.152767333767068,control_fibroblasts_vs_alone,0
Phagocytosis,All annotated,full_gene,Donor3,0.435216228817438,control_fibroblasts_vs_alone,0
Phagocytosis,All annotated,full_gene,Donor4,0.458689005292158,control_fibroblasts_vs_alone,0
Phagocytosis,All annotated,full_gene,Donor5,0.265435800070684,control_fibroblasts_vs_alone,0
Phagocytosis,All annotated,full_gene,Donor6,0.0125505637593696,control_fibroblasts_vs_alone,0
Phagocytosis,All annotated,identity_markers_removed,Donor1,0.0882184557629324,control_fibroblasts_vs_alone,0
Phagocytosis,All annotated,identity_markers_removed,Donor2,0.152767333767068,control_fibroblasts_vs_alone,0
Phagocytosis,All annotated,identity_markers_removed,Donor3,0.435216228817438,control_fibroblasts_vs_alone,0
Phagocytosis,All annotated,identity_markers_removed,Donor4,0.458689005292158,control_fibroblasts_vs_alone,0
Phagocytosis,All annotated,identity_markers_removed,Donor5,0.265435800070684,control_fibroblasts_vs_alone,0
Phagocytosis,All annotated,identity_markers_removed,Donor6,0.0125505637593696,control_fibroblasts_vs_alone,0
Phagocytosis,Resolved,full_gene,Donor1,0.498415737847537,control_fibroblasts_vs_alone,0
Phagocytosis,Resolved,full_gene,Donor2,0.439594199448622,control_fibroblasts_vs_alone,0
Phagocytosis,Resolved,full_gene,Donor3,0.490574615993168,control_fibroblasts_vs_alone,0
Phagocytosis,Resolved,full_gene,Donor4,0.592295921359283,control_fibroblasts_vs_alone,0
Phagocytosis,Resolved,full_gene,Donor5,0.68516776090139,control_fibroblasts_vs_alone,0
Phagocytosis,Resolved,full_gene,Donor6,0.407010836857937,control_fibroblasts_vs_alone,0
Phagocytosis,Resolved,identity_markers_removed,Donor1,0.498415737847537,control_fibroblasts_vs_alone,0
Phagocytosis,Resolved,identity_markers_removed,Donor2,0.439594199448622,control_fibroblasts_vs_alone,0
Phagocytosis,Resolved,identity_markers_removed,Donor3,0.490574615993168,control_fibroblasts_vs_alone,0
Phagocytosis,Resolved,identity_markers_removed,Donor4,0.592295921359283,control_fibroblasts_vs_alone,0
Phagocytosis,Resolved,identity_markers_removed,Donor5,0.68516776090139,control_fibroblasts_vs_alone,0
Phagocytosis,Resolved,identity_markers_removed,Donor6,0.407010836857937,control_fibroblasts_vs_alone,0
Phagocytosis,Resolved; >=100 genes,full_gene,Donor1,0.465401337060765,control_fibroblasts_vs_alone,0
Phagocytosis,Resolved; >=100 genes,full_gene,Donor2,0.339814572573528,control_fibroblasts_vs_alone,0
Phagocytosis,Resolved; >=100 genes,full_gene,Donor3,0.457214253921573,control_fibroblasts_vs_alone,0
Phagocytosis,Resolved; >=100 genes,full_gene,Donor4,0.508154851765167,control_fibroblasts_vs_alone,0
Phagocytosis,Resolved; >=100 genes,full_gene,Donor5,0.650031974709724,control_fibroblasts_vs_alone,0
Phagocytosis,Resolved; >=100 genes,full_gene,Donor6,0.417418079408393,control_fibroblasts_vs_alone,0
Phagocytosis,Resolved; >=100 genes,identity_markers_removed,Donor1,0.465401337060765,control_fibroblasts_vs_alone,0
Phagocytosis,Resolved; >=100 genes,identity_markers_removed,Donor2,0.339814572573528,control_fibroblasts_vs_alone,0
Phagocytosis,Resolved; >=100 genes,identity_markers_removed,Donor3,0.457214253921573,control_fibroblasts_vs_alone,0
Phagocytosis,Resolved; >=100 genes,identity_markers_removed,Donor4,0.508154851765167,control_fibroblasts_vs_alone,0
Phagocytosis,Resolved; >=100 genes,identity_markers_removed,Donor5,0.650031974709724,control_fibroblasts_vs_alone,0
Phagocytosis,Resolved; >=100 genes,identity_markers_removed,Donor6,0.417418079408393,control_fibroblasts_vs_alone,0
Chemotaxis,All annotated,full_gene,Donor1,0.0474035646956724,control_fibroblasts_vs_alone,0
Chemotaxis,All annotated,full_gene,Donor2,0.16721937631322,control_fibroblasts_vs_alone,0
Chemotaxis,All annotated,full_gene,Donor3,0.40348193182791,control_fibroblasts_vs_alone,0
Chemotaxis,All annotated,full_gene,Donor4,0.386541994172651,control_fibroblasts_vs_alone,0
Chemotaxis,All annotated,full_gene,Donor5,0.132400840101979,control_fibroblasts_vs_alone,0
Chemotaxis,All annotated,full_gene,Donor6,-0.0276145237546666,control_fibroblasts_vs_alone,0
Chemotaxis,All annotated,identity_markers_removed,Donor1,0.0567927362073031,control_fibroblasts_vs_alone,0
Chemotaxis,All annotated,identity_markers_removed,Donor2,0.203287782758085,control_fibroblasts_vs_alone,0
Chemotaxis,All annotated,identity_markers_removed,Donor3,0.407079726207357,control_fibroblasts_vs_alone,0
Chemotaxis,All annotated,identity_markers_removed,Donor4,0.372788716317273,control_fibroblasts_vs_alone,0
Chemotaxis,All annotated,identity_markers_removed,Donor5,0.129251701861962,control_fibroblasts_vs_alone,0
Chemotaxis,All annotated,identity_markers_removed,Donor6,0.00876951348199873,control_fibroblasts_vs_alone,0
Chemotaxis,Resolved,full_gene,Donor1,0.44493695944107,control_fibroblasts_vs_alone,0
Chemotaxis,Resolved,full_gene,Donor2,0.482654551010705,control_fibroblasts_vs_alone,0
Chemotaxis,Resolved,full_gene,Donor3,0.475858678822286,control_fibroblasts_vs_alone,0
Chemotaxis,Resolved,full_gene,Donor4,0.489168417446097,control_fibroblasts_vs_alone,0
Chemotaxis,Resolved,full_gene,Donor5,0.625332467833001,control_fibroblasts_vs_alone,0
Chemotaxis,Resolved,full_gene,Donor6,0.40941102675402,control_fibroblasts_vs_alone,0
Chemotaxis,Resolved,identity_markers_removed,Donor1,0.444045716901567,control_fibroblasts_vs_alone,0
Chemotaxis,Resolved,identity_markers_removed,Donor2,0.474078267764764,control_fibroblasts_vs_alone,0
Chemotaxis,Resolved,identity_markers_removed,Donor3,0.48722086546352,control_fibroblasts_vs_alone,0
Chemotaxis,Resolved,identity_markers_removed,Donor4,0.472553555089249,control_fibroblasts_vs_alone,0
Chemotaxis,Resolved,identity_markers_removed,Donor5,0.549064857361474,control_fibroblasts_vs_alone,0
Chemotaxis,Resolved,identity_markers_removed,Donor6,0.405736097866988,control_fibroblasts_vs_alone,0
Chemotaxis,Resolved; >=100 genes,full_gene,Donor1,0.406517252326283,control_fibroblasts_vs_alone,0
Chemotaxis,Resolved; >=100 genes,full_gene,Donor2,0.414908795392987,control_fibroblasts_vs_alone,0
Chemotaxis,Resolved; >=100 genes,full_gene,Donor3,0.466833184360205,control_fibroblasts_vs_alone,0
Chemotaxis,Resolved; >=100 genes,full_gene,Donor4,0.402343813115312,control_fibroblasts_vs_alone,0
Chemotaxis,Resolved; >=100 genes,full_gene,Donor5,0.571387792207052,control_fibroblasts_vs_alone,0
Chemotaxis,Resolved; >=100 genes,full_gene,Donor6,0.411898686535556,control_fibroblasts_vs_alone,0
Chemotaxis,Resolved; >=100 genes,identity_markers_removed,Donor1,0.41773991297016,control_fibroblasts_vs_alone,0
Chemotaxis,Resolved; >=100 genes,identity_markers_removed,Donor2,0.424204158983264,control_fibroblasts_vs_alone,0
Chemotaxis,Resolved; >=100 genes,identity_markers_removed,Donor3,0.482037468554631,control_fibroblasts_vs_alone,0
Chemotaxis,Resolved; >=100 genes,identity_markers_removed,Donor4,0.392570089566116,control_fibroblasts_vs_alone,0
Chemotaxis,Resolved; >=100 genes,identity_markers_removed,Donor5,0.522181595825153,control_fibroblasts_vs_alone,0
Chemotaxis,Resolved; >=100 genes,identity_markers_removed,Donor6,0.413418419801495,control_fibroblasts_vs_alone,0
OSM_inflammation,All annotated,full_gene,Donor1,0.0522154679793879,control_fibroblasts_vs_alone,0
OSM_inflammation,All annotated,full_gene,Donor2,0.0786355580614798,control_fibroblasts_vs_alone,0
OSM_inflammation,All annotated,full_gene,Donor3,0.425328938646786,control_fibroblasts_vs_alone,0
OSM_inflammation,All annotated,full_gene,Donor4,0.426813276663493,control_fibroblasts_vs_alone,0
OSM_inflammation,All annotated,full_gene,Donor5,0.197222521611626,control_fibroblasts_vs_alone,0
OSM_inflammation,All annotated,full_gene,Donor6,-0.0397331196651278,control_fibroblasts_vs_alone,0
OSM_inflammation,All annotated,identity_markers_removed,Donor1,0.0457921934943809,control_fibroblasts_vs_alone,0
OSM_inflammation,All annotated,identity_markers_removed,Donor2,0.0544181840774654,control_fibroblasts_vs_alone,0
OSM_inflammation,All annotated,identity_markers_removed,Donor3,0.411470515625169,control_fibroblasts_vs_alone,0
OSM_inflammation,All annotated,identity_markers_removed,Donor4,0.414040014538796,control_fibroblasts_vs_alone,0
OSM_inflammation,All annotated,identity_markers_removed,Donor5,0.19196632173198,control_fibroblasts_vs_alone,0
OSM_inflammation,All annotated,identity_markers_removed,Donor6,-0.0452390314658225,control_fibroblasts_vs_alone,0
OSM_inflammation,Resolved,full_gene,Donor1,0.27527292462881,control_fibroblasts_vs_alone,0
OSM_inflammation,Resolved,full_gene,Donor2,0.150398893859754,control_fibroblasts_vs_alone,0
OSM_inflammation,Resolved,full_gene,Donor3,0.433940744725527,control_fibroblasts_vs_alone,0
OSM_inflammation,Resolved,full_gene,Donor4,0.451142809598048,control_fibroblasts_vs_alone,0
OSM_inflammation,Resolved,full_gene,Donor5,0.640384077197612,control_fibroblasts_vs_alone,0
OSM_inflammation,Resolved,full_gene,Donor6,0.292849700139357,control_fibroblasts_vs_alone,0
OSM_inflammation,Resolved,identity_markers_removed,Donor1,0.245368986282929,control_fibroblasts_vs_alone,0
OSM_inflammation,Resolved,identity_markers_removed,Donor2,0.097934265930235,control_fibroblasts_vs_alone,0
OSM_inflammation,Resolved,identity_markers_removed,Donor3,0.408203197309267,control_fibroblasts_vs_alone,0
OSM_inflammation,Resolved,identity_markers_removed,Donor4,0.430291092881299,control_fibroblasts_vs_alone,0
OSM_inflammation,Resolved,identity_markers_removed,Donor5,0.644797823890385,control_fibroblasts_vs_alone,0
OSM_inflammation,Resolved,identity_markers_removed,Donor6,0.268897454696257,control_fibroblasts_vs_alone,0
OSM_inflammation,Resolved; >=100 genes,full_gene,Donor1,0.260703632285235,control_fibroblasts_vs_alone,0
OSM_inflammation,Resolved; >=100 genes,full_gene,Donor2,0.123823578450629,control_fibroblasts_vs_alone,0
OSM_inflammation,Resolved; >=100 genes,full_gene,Donor3,0.411934406266636,control_fibroblasts_vs_alone,0
OSM_inflammation,Resolved; >=100 genes,full_gene,Donor4,0.380952660563888,control_fibroblasts_vs_alone,0
OSM_inflammation,Resolved; >=100 genes,full_gene,Donor5,0.621512776637979,control_fibroblasts_vs_alone,0
OSM_inflammation,Resolved; >=100 genes,full_gene,Donor6,0.315876207355702,control_fibroblasts_vs_alone,0
OSM_inflammation,Resolved; >=100 genes,identity_markers_removed,Donor1,0.224246998005304,control_fibroblasts_vs_alone,0
OSM_inflammation,Resolved; >=100 genes,identity_markers_removed,Donor2,0.0786526150333891,control_fibroblasts_vs_alone,0
OSM_inflammation,Resolved; >=100 genes,identity_markers_removed,Donor3,0.375616702780497,control_fibroblasts_vs_alone,0
OSM_inflammation,Resolved; >=100 genes,identity_markers_removed,Donor4,0.366631246712678,control_fibroblasts_vs_alone,0
OSM_inflammation,Resolved; >=100 genes,identity_markers_removed,Donor5,0.620347811875325,control_fibroblasts_vs_alone,0
OSM_inflammation,Resolved; >=100 genes,identity_markers_removed,Donor6,0.291361700365988,control_fibroblasts_vs_alone,0
Type_I_interferon,All annotated,full_gene,Donor1,-0.00944320026544197,control_fibroblasts_vs_alone,0
Type_I_interferon,All annotated,full_gene,Donor2,0.0468517170295592,control_fibroblasts_vs_alone,0
Type_I_interferon,All annotated,full_gene,Donor3,0.042535793462545,control_fibroblasts_vs_alone,0
Type_I_interferon,All annotated,full_gene,Donor4,0.0380679046325875,control_fibroblasts_vs_alone,0
Type_I_interferon,All annotated,full_gene,Donor5,-0.0452563166057263,control_fibroblasts_vs_alone,0
Type_I_interferon,All annotated,full_gene,Donor6,-0.0179343190462303,control_fibroblasts_vs_alone,0
Type_I_interferon,All annotated,identity_markers_removed,Donor1,-0.0144966477395276,control_fibroblasts_vs_alone,0
Type_I_interferon,All annotated,identity_markers_removed,Donor2,0.0775533895225951,control_fibroblasts_vs_alone,0
Type_I_interferon,All annotated,identity_markers_removed,Donor3,0.0455915799575224,control_fibroblasts_vs_alone,0
Type_I_interferon,All annotated,identity_markers_removed,Donor4,0.0422541528909199,control_fibroblasts_vs_alone,0
Type_I_interferon,All annotated,identity_markers_removed,Donor5,-0.0375188848591176,control_fibroblasts_vs_alone,0
Type_I_interferon,All annotated,identity_markers_removed,Donor6,-0.021722327441251,control_fibroblasts_vs_alone,0
Type_I_interferon,Resolved,full_gene,Donor1,0.0465936821620291,control_fibroblasts_vs_alone,0
Type_I_interferon,Resolved,full_gene,Donor2,0.0828161652035732,control_fibroblasts_vs_alone,0
Type_I_interferon,Resolved,full_gene,Donor3,0.0265939837928313,control_fibroblasts_vs_alone,0
Type_I_interferon,Resolved,full_gene,Donor4,0.0646902136939174,control_fibroblasts_vs_alone,0
Type_I_interferon,Resolved,full_gene,Donor5,0.114163493311855,control_fibroblasts_vs_alone,0
Type_I_interferon,Resolved,full_gene,Donor6,0.0914064366043444,control_fibroblasts_vs_alone,0
Type_I_interferon,Resolved,identity_markers_removed,Donor1,0.045383265217299,control_fibroblasts_vs_alone,0
Type_I_interferon,Resolved,identity_markers_removed,Donor2,0.0903449074948071,control_fibroblasts_vs_alone,0
Type_I_interferon,Resolved,identity_markers_removed,Donor3,0.0347530934153842,control_fibroblasts_vs_alone,0
Type_I_interferon,Resolved,identity_markers_removed,Donor4,0.0758708614957443,control_fibroblasts_vs_alone,0
Type_I_interferon,Resolved,identity_markers_removed,Donor5,0.124541992703842,control_fibroblasts_vs_alone,0
Type_I_interferon,Resolved,identity_markers_removed,Donor6,0.0939307959739127,control_fibroblasts_vs_alone,0
Type_I_interferon,Resolved; >=100 genes,full_gene,Donor1,0.0295890098961108,control_fibroblasts_vs_alone,0
Type_I_interferon,Resolved; >=100 genes,full_gene,Donor2,0.0745218559167185,control_fibroblasts_vs_alone,0
Type_I_interferon,Resolved; >=100 genes,full_gene,Donor3,0.0258630294432915,control_fibroblasts_vs_alone,0
Type_I_interferon,Resolved; >=100 genes,full_gene,Donor4,0.0402737593511928,control_fibroblasts_vs_alone,0
Type_I_interferon,Resolved; >=100 genes,full_gene,Donor5,0.0932729143356412,control_fibroblasts_vs_alone,0
Type_I_interferon,Resolved; >=100 genes,full_gene,Donor6,0.0929661089451409,control_fibroblasts_vs_alone,0
Type_I_interferon,Resolved; >=100 genes,identity_markers_removed,Donor1,0.029040353097896,control_fibroblasts_vs_alone,0
Type_I_interferon,Resolved; >=100 genes,identity_markers_removed,Donor2,0.0812965700909656,control_fibroblasts_vs_alone,0
Type_I_interferon,Resolved; >=100 genes,identity_markers_removed,Donor3,0.0356546527871357,control_fibroblasts_vs_alone,0
Type_I_interferon,Resolved; >=100 genes,identity_markers_removed,Donor4,0.0538399991297893,control_fibroblasts_vs_alone,0
Type_I_interferon,Resolved; >=100 genes,identity_markers_removed,Donor5,0.101752270184336,control_fibroblasts_vs_alone,0
Type_I_interferon,Resolved; >=100 genes,identity_markers_removed,Donor6,0.0952505793278739,control_fibroblasts_vs_alone,0
Immature_granulopoiesis,All annotated,full_gene,Donor1,-0.0368779908047238,control_fibroblasts_vs_alone,0
Immature_granulopoiesis,All annotated,full_gene,Donor2,0.0182220808226895,control_fibroblasts_vs_alone,0
Immature_granulopoiesis,All annotated,full_gene,Donor3,-0.206793475867136,control_fibroblasts_vs_alone,0
Immature_granulopoiesis,All annotated,full_gene,Donor4,-0.102672837122073,control_fibroblasts_vs_alone,0
Immature_granulopoiesis,All annotated,full_gene,Donor5,-0.108304065358274,control_fibroblasts_vs_alone,0
Immature_granulopoiesis,All annotated,full_gene,Donor6,-0.266839345823502,control_fibroblasts_vs_alone,0
Immature_granulopoiesis,All annotated,identity_markers_removed,Donor1,-0.0368779908047238,control_fibroblasts_vs_alone,0
Immature_granulopoiesis,All annotated,identity_markers_removed,Donor2,0.0182220808226895,control_fibroblasts_vs_alone,0
Immature_granulopoiesis,All annotated,identity_markers_removed,Donor3,-0.206793475867136,control_fibroblasts_vs_alone,0
Immature_granulopoiesis,All annotated,identity_markers_removed,Donor4,-0.102672837122073,control_fibroblasts_vs_alone,0
Immature_granulopoiesis,All annotated,identity_markers_removed,Donor5,-0.108304065358274,control_fibroblasts_vs_alone,0
Immature_granulopoiesis,All annotated,identity_markers_removed,Donor6,-0.266839345823502,control_fibroblasts_vs_alone,0
Immature_granulopoiesis,Resolved,full_gene,Donor1,-0.00100942030534613,control_fibroblasts_vs_alone,0
Immature_granulopoiesis,Resolved,full_gene,Donor2,0.0231633400643267,control_fibroblasts_vs_alone,0
Immature_granulopoiesis,Resolved,full_gene,Donor3,-0.259018044666838,control_fibroblasts_vs_alone,0
Immature_granulopoiesis,Resolved,full_gene,Donor4,-0.134801017534939,control_fibroblasts_vs_alone,0
Immature_granulopoiesis,Resolved,full_gene,Donor5,0.0298516611180325,control_fibroblasts_vs_alone,0
Immature_granulopoiesis,Resolved,full_gene,Donor6,-0.298513173949376,control_fibroblasts_vs_alone,0
Immature_granulopoiesis,Resolved,identity_markers_removed,Donor1,-0.00100942030534613,control_fibroblasts_vs_alone,0
Immature_granulopoiesis,Resolved,identity_markers_removed,Donor2,0.0231633400643267,control_fibroblasts_vs_alone,0
Immature_granulopoiesis,Resolved,identity_markers_removed,Donor3,-0.259018044666838,control_fibroblasts_vs_alone,0
Immature_granulopoiesis,Resolved,identity_markers_removed,Donor4,-0.134801017534939,control_fibroblasts_vs_alone,0
Immature_granulopoiesis,Resolved,identity_markers_removed,Donor5,0.0298516611180325,control_fibroblasts_vs_alone,0
Immature_granulopoiesis,Resolved,identity_markers_removed,Donor6,-0.298513173949376,control_fibroblasts_vs_alone,0
Immature_granulopoiesis,Resolved; >=100 genes,full_gene,Donor1,-0.0436433913685595,control_fibroblasts_vs_alone,0
Immature_granulopoiesis,Resolved; >=100 genes,full_gene,Donor2,-0.000396186438963331,control_fibroblasts_vs_alone,0
Immature_granulopoiesis,Resolved; >=100 genes,full_gene,Donor3,-0.301609520397186,control_fibroblasts_vs_alone,0
Immature_granulopoiesis,Resolved; >=100 genes,full_gene,Donor4,-0.207505093687802,control_fibroblasts_vs_alone,0
Immature_granulopoiesis,Resolved; >=100 genes,full_gene,Donor5,-0.024413998126031,control_fibroblasts_vs_alone,0
Immature_granulopoiesis,Resolved; >=100 genes,full_gene,Donor6,-0.40389784526781,control_fibroblasts_vs_alone,0
Immature_granulopoiesis,Resolved; >=100 genes,identity_markers_removed,Donor1,-0.0436433913685595,control_fibroblasts_vs_alone,0
Immature_granulopoiesis,Resolved; >=100 genes,identity_markers_removed,Donor2,-0.000396186438963331,control_fibroblasts_vs_alone,0
Immature_granulopoiesis,Resolved; >=100 genes,identity_markers_removed,Donor3,-0.301609520397186,control_fibroblasts_vs_alone,0
Immature_granulopoiesis,Resolved; >=100 genes,identity_markers_removed,Donor4,-0.207505093687802,control_fibroblasts_vs_alone,0
Immature_granulopoiesis,Resolved; >=100 genes,identity_markers_removed,Donor5,-0.024413998126031,control_fibroblasts_vs_alone,0
Immature_granulopoiesis,Resolved; >=100 genes,identity_markers_removed,Donor6,-0.40389784526781,control_fibroblasts_vs_alone,0
Survival_antiapoptosis,All annotated,full_gene,Donor1,0.0341405064701497,control_fibroblasts_vs_alone,0
Survival_antiapoptosis,All annotated,full_gene,Donor2,0.0201623770086315,control_fibroblasts_vs_alone,0
Survival_antiapoptosis,All annotated,full_gene,Donor3,0.290949769507696,control_fibroblasts_vs_alone,0
Survival_antiapoptosis,All annotated,full_gene,Donor4,0.329469060529802,control_fibroblasts_vs_alone,0
Survival_antiapoptosis,All annotated,full_gene,Donor5,0.118154727434162,control_fibroblasts_vs_alone,0
Survival_antiapoptosis,All annotated,full_gene,Donor6,0.0310186315346536,control_fibroblasts_vs_alone,0
Survival_antiapoptosis,All annotated,identity_markers_removed,Donor1,0.0341405064701497,control_fibroblasts_vs_alone,0
Survival_antiapoptosis,All annotated,identity_markers_removed,Donor2,0.0201623770086315,control_fibroblasts_vs_alone,0
Survival_antiapoptosis,All annotated,identity_markers_removed,Donor3,0.290949769507696,control_fibroblasts_vs_alone,0
Survival_antiapoptosis,All annotated,identity_markers_removed,Donor4,0.329469060529802,control_fibroblasts_vs_alone,0
Survival_antiapoptosis,All annotated,identity_markers_removed,Donor5,0.118154727434162,control_fibroblasts_vs_alone,0
Survival_antiapoptosis,All annotated,identity_markers_removed,Donor6,0.0310186315346536,control_fibroblasts_vs_alone,0
Survival_antiapoptosis,Resolved,full_gene,Donor1,0.310916246400849,control_fibroblasts_vs_alone,0
Survival_antiapoptosis,Resolved,full_gene,Donor2,0.157232003431235,control_fibroblasts_vs_alone,0
Survival_antiapoptosis,Resolved,full_gene,Donor3,0.326751949516244,control_fibroblasts_vs_alone,0
Survival_antiapoptosis,Resolved,full_gene,Donor4,0.401904251083023,control_fibroblasts_vs_alone,0
Survival_antiapoptosis,Resolved,full_gene,Donor5,0.493939964737248,control_fibroblasts_vs_alone,0
Survival_antiapoptosis,Resolved,full_gene,Donor6,0.2579065832921,control_fibroblasts_vs_alone,0
Survival_antiapoptosis,Resolved,identity_markers_removed,Donor1,0.310916246400849,control_fibroblasts_vs_alone,0
Survival_antiapoptosis,Resolved,identity_markers_removed,Donor2,0.157232003431235,control_fibroblasts_vs_alone,0
Survival_antiapoptosis,Resolved,identity_markers_removed,Donor3,0.326751949516244,control_fibroblasts_vs_alone,0
Survival_antiapoptosis,Resolved,identity_markers_removed,Donor4,0.401904251083023,control_fibroblasts_vs_alone,0
Survival_antiapoptosis,Resolved,identity_markers_removed,Donor5,0.493939964737248,control_fibroblasts_vs_alone,0
Survival_antiapoptosis,Resolved,identity_markers_removed,Donor6,0.2579065832921,control_fibroblasts_vs_alone,0
Survival_antiapoptosis,Resolved; >=100 genes,full_gene,Donor1,0.321100749983005,control_fibroblasts_vs_alone,0
Survival_antiapoptosis,Resolved; >=100 genes,full_gene,Donor2,0.0613305646281385,control_fibroblasts_vs_alone,0
Survival_antiapoptosis,Resolved; >=100 genes,full_gene,Donor3,0.308984666778541,control_fibroblasts_vs_alone,0
Survival_antiapoptosis,Resolved; >=100 genes,full_gene,Donor4,0.352695162506635,control_fibroblasts_vs_alone,0
Survival_antiapoptosis,Resolved; >=100 genes,full_gene,Donor5,0.495784192279125,control_fibroblasts_vs_alone,0
Survival_antiapoptosis,Resolved; >=100 genes,full_gene,Donor6,0.265298172699156,control_fibroblasts_vs_alone,0
Survival_antiapoptosis,Resolved; >=100 genes,identity_markers_removed,Donor1,0.321100749983005,control_fibroblasts_vs_alone,0
Survival_antiapoptosis,Resolved; >=100 genes,identity_markers_removed,Donor2,0.0613305646281385,control_fibroblasts_vs_alone,0
Survival_antiapoptosis,Resolved; >=100 genes,identity_markers_removed,Donor3,0.308984666778541,control_fibroblasts_vs_alone,0
Survival_antiapoptosis,Resolved; >=100 genes,identity_markers_removed,Donor4,0.352695162506635,control_fibroblasts_vs_alone,0
Survival_antiapoptosis,Resolved; >=100 genes,identity_markers_removed,Donor5,0.495784192279125,control_fibroblasts_vs_alone,0
Survival_antiapoptosis,Resolved; >=100 genes,identity_markers_removed,Donor6,0.265298172699156,control_fibroblasts_vs_alone,0
Hypoxia_glycolysis,All annotated,full_gene,Donor1,-0.0205500044265537,control_fibroblasts_vs_alone,0
Hypoxia_glycolysis,All annotated,full_gene,Donor2,0.137166697530447,control_fibroblasts_vs_alone,0
Hypoxia_glycolysis,All annotated,full_gene,Donor3,0.166587245843627,control_fibroblasts_vs_alone,0
Hypoxia_glycolysis,All annotated,full_gene,Donor4,0.146293468653092,control_fibroblasts_vs_alone,0
Hypoxia_glycolysis,All annotated,full_gene,Donor5,0.0726052035945683,control_fibroblasts_vs_alone,0
Hypoxia_glycolysis,All annotated,full_gene,Donor6,-0.0249691711924143,control_fibroblasts_vs_alone,0
Hypoxia_glycolysis,All annotated,identity_markers_removed,Donor1,-0.0205500044265537,control_fibroblasts_vs_alone,0
Hypoxia_glycolysis,All annotated,identity_markers_removed,Donor2,0.137166697530447,control_fibroblasts_vs_alone,0
Hypoxia_glycolysis,All annotated,identity_markers_removed,Donor3,0.166587245843627,control_fibroblasts_vs_alone,0
Hypoxia_glycolysis,All annotated,identity_markers_removed,Donor4,0.146293468653092,control_fibroblasts_vs_alone,0
Hypoxia_glycolysis,All annotated,identity_markers_removed,Donor5,0.0726052035945683,control_fibroblasts_vs_alone,0
Hypoxia_glycolysis,All annotated,identity_markers_removed,Donor6,-0.0249691711924143,control_fibroblasts_vs_alone,0
Hypoxia_glycolysis,Resolved,full_gene,Donor1,0.141262103133266,control_fibroblasts_vs_alone,0
Hypoxia_glycolysis,Resolved,full_gene,Donor2,0.292135681095244,control_fibroblasts_vs_alone,0
Hypoxia_glycolysis,Resolved,full_gene,Donor3,0.190955507242074,control_fibroblasts_vs_alone,0
Hypoxia_glycolysis,Resolved,full_gene,Donor4,0.223628046743717,control_fibroblasts_vs_alone,0
Hypoxia_glycolysis,Resolved,full_gene,Donor5,0.221485605836983,control_fibroblasts_vs_alone,0
Hypoxia_glycolysis,Resolved,full_gene,Donor6,0.109922302565611,control_fibroblasts_vs_alone,0
Hypoxia_glycolysis,Resolved,identity_markers_removed,Donor1,0.141262103133266,control_fibroblasts_vs_alone,0
Hypoxia_glycolysis,Resolved,identity_markers_removed,Donor2,0.292135681095244,control_fibroblasts_vs_alone,0
Hypoxia_glycolysis,Resolved,identity_markers_removed,Donor3,0.190955507242074,control_fibroblasts_vs_alone,0
Hypoxia_glycolysis,Resolved,identity_markers_removed,Donor4,0.223628046743717,control_fibroblasts_vs_alone,0
Hypoxia_glycolysis,Resolved,identity_markers_removed,Donor5,0.221485605836983,control_fibroblasts_vs_alone,0
Hypoxia_glycolysis,Resolved,identity_markers_removed,Donor6,0.109922302565611,control_fibroblasts_vs_alone,0
Hypoxia_glycolysis,Resolved; >=100 genes,full_gene,Donor1,0.105401403221074,control_fibroblasts_vs_alone,0
Hypoxia_glycolysis,Resolved; >=100 genes,full_gene,Donor2,0.252503841614037,control_fibroblasts_vs_alone,0
Hypoxia_glycolysis,Resolved; >=100 genes,full_gene,Donor3,0.198856838676778,control_fibroblasts_vs_alone,0
Hypoxia_glycolysis,Resolved; >=100 genes,full_gene,Donor4,0.180105761185148,control_fibroblasts_vs_alone,0
Hypoxia_glycolysis,Resolved; >=100 genes,full_gene,Donor5,0.181043865455549,control_fibroblasts_vs_alone,0
Hypoxia_glycolysis,Resolved; >=100 genes,full_gene,Donor6,0.0971066092287049,control_fibroblasts_vs_alone,0
Hypoxia_glycolysis,Resolved; >=100 genes,identity_markers_removed,Donor1,0.105401403221074,control_fibroblasts_vs_alone,0
Hypoxia_glycolysis,Resolved; >=100 genes,identity_markers_removed,Donor2,0.252503841614037,control_fibroblasts_vs_alone,0
Hypoxia_glycolysis,Resolved; >=100 genes,identity_markers_removed,Donor3,0.198856838676778,control_fibroblasts_vs_alone,0
Hypoxia_glycolysis,Resolved; >=100 genes,identity_markers_removed,Donor4,0.180105761185148,control_fibroblasts_vs_alone,0
Hypoxia_glycolysis,Resolved; >=100 genes,identity_markers_removed,Donor5,0.181043865455549,control_fibroblasts_vs_alone,0
Hypoxia_glycolysis,Resolved; >=100 genes,identity_markers_removed,Donor6,0.0971066092287049,control_fibroblasts_vs_alone,0
ER_stress,All annotated,full_gene,Donor1,0.00517245178764136,control_fibroblasts_vs_alone,0
ER_stress,All annotated,full_gene,Donor2,0.0693811947723763,control_fibroblasts_vs_alone,0
ER_stress,All annotated,full_gene,Donor3,0.326856022515686,control_fibroblasts_vs_alone,0
ER_stress,All annotated,full_gene,Donor4,0.310147218709979,control_fibroblasts_vs_alone,0
ER_stress,All annotated,full_gene,Donor5,0.0942835528329818,control_fibroblasts_vs_alone,0
ER_stress,All annotated,full_gene,Donor6,0.00805163584018703,control_fibroblasts_vs_alone,0
ER_stress,All annotated,identity_markers_removed,Donor1,0.00517245178764136,control_fibroblasts_vs_alone,0
ER_stress,All annotated,identity_markers_removed,Donor2,0.0693811947723763,control_fibroblasts_vs_alone,0
ER_stress,All annotated,identity_markers_removed,Donor3,0.326856022515686,control_fibroblasts_vs_alone,0
ER_stress,All annotated,identity_markers_removed,Donor4,0.310147218709979,control_fibroblasts_vs_alone,0
ER_stress,All annotated,identity_markers_removed,Donor5,0.0942835528329818,control_fibroblasts_vs_alone,0
ER_stress,All annotated,identity_markers_removed,Donor6,0.00805163584018703,control_fibroblasts_vs_alone,0
ER_stress,Resolved,full_gene,Donor1,0.2303600138476,control_fibroblasts_vs_alone,0
ER_stress,Resolved,full_gene,Donor2,0.254794476288825,control_fibroblasts_vs_alone,0
ER_stress,Resolved,full_gene,Donor3,0.413913937220997,control_fibroblasts_vs_alone,0
ER_stress,Resolved,full_gene,Donor4,0.384677238941985,control_fibroblasts_vs_alone,0
ER_stress,Resolved,full_gene,Donor5,0.514112855380072,control_fibroblasts_vs_alone,0
ER_stress,Resolved,full_gene,Donor6,0.257811220380273,control_fibroblasts_vs_alone,0
ER_stress,Resolved,identity_markers_removed,Donor1,0.2303600138476,control_fibroblasts_vs_alone,0
ER_stress,Resolved,identity_markers_removed,Donor2,0.254794476288825,control_fibroblasts_vs_alone,0
ER_stress,Resolved,identity_markers_removed,Donor3,0.413913937220997,control_fibroblasts_vs_alone,0
ER_stress,Resolved,identity_markers_removed,Donor4,0.384677238941985,control_fibroblasts_vs_alone,0
ER_stress,Resolved,identity_markers_removed,Donor5,0.514112855380072,control_fibroblasts_vs_alone,0
ER_stress,Resolved,identity_markers_removed,Donor6,0.257811220380273,control_fibroblasts_vs_alone,0
ER_stress,Resolved; >=100 genes,full_gene,Donor1,0.207225852852313,control_fibroblasts_vs_alone,0
ER_stress,Resolved; >=100 genes,full_gene,Donor2,0.17419967272386,control_fibroblasts_vs_alone,0
ER_stress,Resolved; >=100 genes,full_gene,Donor3,0.395407652824122,control_fibroblasts_vs_alone,0
ER_stress,Resolved; >=100 genes,full_gene,Donor4,0.336465611831027,control_fibroblasts_vs_alone,0
ER_stress,Resolved; >=100 genes,full_gene,Donor5,0.512593978723011,control_fibroblasts_vs_alone,0
ER_stress,Resolved; >=100 genes,full_gene,Donor6,0.258051591226897,control_fibroblasts_vs_alone,0
ER_stress,Resolved; >=100 genes,identity_markers_removed,Donor1,0.207225852852313,control_fibroblasts_vs_alone,0
ER_stress,Resolved; >=100 genes,identity_markers_removed,Donor2,0.17419967272386,control_fibroblasts_vs_alone,0
ER_stress,Resolved; >=100 genes,identity_markers_removed,Donor3,0.395407652824122,control_fibroblasts_vs_alone,0
ER_stress,Resolved; >=100 genes,identity_markers_removed,Donor4,0.336465611831027,control_fibroblasts_vs_alone,0
ER_stress,Resolved; >=100 genes,identity_markers_removed,Donor5,0.512593978723011,control_fibroblasts_vs_alone,0
ER_stress,Resolved; >=100 genes,identity_markers_removed,Donor6,0.258051591226897,control_fibroblasts_vs_alone,0
Proliferation_stress,All annotated,full_gene,Donor1,0.0182547689180087,control_fibroblasts_vs_alone,0
Proliferation_stress,All annotated,full_gene,Donor2,0.236303600048975,control_fibroblasts_vs_alone,0
Proliferation_stress,All annotated,full_gene,Donor3,0.0549455401768738,control_fibroblasts_vs_alone,0
Proliferation_stress,All annotated,full_gene,Donor4,0.0358095945064363,control_fibroblasts_vs_alone,0
Proliferation_stress,All annotated,full_gene,Donor5,0.0591856168219702,control_fibroblasts_vs_alone,0
Proliferation_stress,All annotated,full_gene,Donor6,-0.104569754431305,control_fibroblasts_vs_alone,0
Proliferation_stress,All annotated,identity_markers_removed,Donor1,0.0182547689180087,control_fibroblasts_vs_alone,0
Proliferation_stress,All annotated,identity_markers_removed,Donor2,0.236303600048975,control_fibroblasts_vs_alone,0
Proliferation_stress,All annotated,identity_markers_removed,Donor3,0.0549455401768738,control_fibroblasts_vs_alone,0
Proliferation_stress,All annotated,identity_markers_removed,Donor4,0.0358095945064363,control_fibroblasts_vs_alone,0
Proliferation_stress,All annotated,identity_markers_removed,Donor5,0.0591856168219702,control_fibroblasts_vs_alone,0
Proliferation_stress,All annotated,identity_markers_removed,Donor6,-0.104569754431305,control_fibroblasts_vs_alone,0
Proliferation_stress,Resolved,full_gene,Donor1,0.0172791925700822,control_fibroblasts_vs_alone,0
Proliferation_stress,Resolved,full_gene,Donor2,0.214635849832361,control_fibroblasts_vs_alone,0
Proliferation_stress,Resolved,full_gene,Donor3,0.0359368975247434,control_fibroblasts_vs_alone,0
Proliferation_stress,Resolved,full_gene,Donor4,0.0314059471064101,control_fibroblasts_vs_alone,0
Proliferation_stress,Resolved,full_gene,Donor5,0.202794614949814,control_fibroblasts_vs_alone,0
Proliferation_stress,Resolved,full_gene,Donor6,-0.105490001045488,control_fibroblasts_vs_alone,0
Proliferation_stress,Resolved,identity_markers_removed,Donor1,0.0172791925700822,control_fibroblasts_vs_alone,0
Proliferation_stress,Resolved,identity_markers_removed,Donor2,0.214635849832361,control_fibroblasts_vs_alone,0
Proliferation_stress,Resolved,identity_markers_removed,Donor3,0.0359368975247434,control_fibroblasts_vs_alone,0
Proliferation_stress,Resolved,identity_markers_removed,Donor4,0.0314059471064101,control_fibroblasts_vs_alone,0
Proliferation_stress,Resolved,identity_markers_removed,Donor5,0.202794614949814,control_fibroblasts_vs_alone,0
Proliferation_stress,Resolved,identity_markers_removed,Donor6,-0.105490001045488,control_fibroblasts_vs_alone,0
Proliferation_stress,Resolved; >=100 genes,full_gene,Donor1,-0.0157165667995896,control_fibroblasts_vs_alone,0
Proliferation_stress,Resolved; >=100 genes,full_gene,Donor2,0.188114654827702,control_fibroblasts_vs_alone,0
Proliferation_stress,Resolved; >=100 genes,full_gene,Donor3,0.022876387650131,control_fibroblasts_vs_alone,0
Proliferation_stress,Resolved; >=100 genes,full_gene,Donor4,0.0132613892330789,control_fibroblasts_vs_alone,0
Proliferation_stress,Resolved; >=100 genes,full_gene,Donor5,0.163523469287211,control_fibroblasts_vs_alone,0
Proliferation_stress,Resolved; >=100 genes,full_gene,Donor6,-0.163999092839632,control_fibroblasts_vs_alone,0
Proliferation_stress,Resolved; >=100 genes,identity_markers_removed,Donor1,-0.0157165667995896,control_fibroblasts_vs_alone,0
Proliferation_stress,Resolved; >=100 genes,identity_markers_removed,Donor2,0.188114654827702,control_fibroblasts_vs_alone,0
Proliferation_stress,Resolved; >=100 genes,identity_markers_removed,Donor3,0.022876387650131,control_fibroblasts_vs_alone,0
Proliferation_stress,Resolved; >=100 genes,identity_markers_removed,Donor4,0.0132613892330789,control_fibroblasts_vs_alone,0
Proliferation_stress,Resolved; >=100 genes,identity_markers_removed,Donor5,0.163523469287211,control_fibroblasts_vs_alone,0
Proliferation_stress,Resolved; >=100 genes,identity_markers_removed,Donor6,-0.163999092839632,control_fibroblasts_vs_alone,0
Integrin_adhesion,All annotated,full_gene,Donor1,0.0409224572995188,control_fibroblasts_vs_alone,0
Integrin_adhesion,All annotated,full_gene,Donor2,0.049154061619177,control_fibroblasts_vs_alone,0
Integrin_adhesion,All annotated,full_gene,Donor3,0.244758013319944,control_fibroblasts_vs_alone,0
Integrin_adhesion,All annotated,full_gene,Donor4,0.264140339137913,control_fibroblasts_vs_alone,0
Integrin_adhesion,All annotated,full_gene,Donor5,0.276606993063687,control_fibroblasts_vs_alone,0
Integrin_adhesion,All annotated,full_gene,Donor6,0.00557973579052537,control_fibroblasts_vs_alone,0
Integrin_adhesion,All annotated,identity_markers_removed,Donor1,0.0409224572995188,control_fibroblasts_vs_alone,0
Integrin_adhesion,All annotated,identity_markers_removed,Donor2,0.049154061619177,control_fibroblasts_vs_alone,0
Integrin_adhesion,All annotated,identity_markers_removed,Donor3,0.244758013319944,control_fibroblasts_vs_alone,0
Integrin_adhesion,All annotated,identity_markers_removed,Donor4,0.264140339137913,control_fibroblasts_vs_alone,0
Integrin_adhesion,All annotated,identity_markers_removed,Donor5,0.276606993063687,control_fibroblasts_vs_alone,0
Integrin_adhesion,All annotated,identity_markers_removed,Donor6,0.00557973579052537,control_fibroblasts_vs_alone,0
Integrin_adhesion,Resolved,full_gene,Donor1,0.166539623726826,control_fibroblasts_vs_alone,0
Integrin_adhesion,Resolved,full_gene,Donor2,0.195198269516704,control_fibroblasts_vs_alone,0
Integrin_adhesion,Resolved,full_gene,Donor3,0.2616592750605,control_fibroblasts_vs_alone,0
Integrin_adhesion,Resolved,full_gene,Donor4,0.382738778335337,control_fibroblasts_vs_alone,0
Integrin_adhesion,Resolved,full_gene,Donor5,0.444700197942898,control_fibroblasts_vs_alone,0
Integrin_adhesion,Resolved,full_gene,Donor6,0.189804443160189,control_fibroblasts_vs_alone,0
Integrin_adhesion,Resolved,identity_markers_removed,Donor1,0.166539623726826,control_fibroblasts_vs_alone,0
Integrin_adhesion,Resolved,identity_markers_removed,Donor2,0.195198269516704,control_fibroblasts_vs_alone,0
Integrin_adhesion,Resolved,identity_markers_removed,Donor3,0.2616592750605,control_fibroblasts_vs_alone,0
Integrin_adhesion,Resolved,identity_markers_removed,Donor4,0.382738778335337,control_fibroblasts_vs_alone,0
Integrin_adhesion,Resolved,identity_markers_removed,Donor5,0.444700197942898,control_fibroblasts_vs_alone,0
Integrin_adhesion,Resolved,identity_markers_removed,Donor6,0.189804443160189,control_fibroblasts_vs_alone,0
Integrin_adhesion,Resolved; >=100 genes,full_gene,Donor1,0.155665611052937,control_fibroblasts_vs_alone,0
Integrin_adhesion,Resolved; >=100 genes,full_gene,Donor2,0.181749314907898,control_fibroblasts_vs_alone,0
Integrin_adhesion,Resolved; >=100 genes,full_gene,Donor3,0.237845960589714,control_fibroblasts_vs_alone,0
Integrin_adhesion,Resolved; >=100 genes,full_gene,Donor4,0.347900208459466,control_fibroblasts_vs_alone,0
Integrin_adhesion,Resolved; >=100 genes,full_gene,Donor5,0.40459585202227,control_fibroblasts_vs_alone,0
Integrin_adhesion,Resolved; >=100 genes,full_gene,Donor6,0.194115428483893,control_fibroblasts_vs_alone,0
Integrin_adhesion,Resolved; >=100 genes,identity_markers_removed,Donor1,0.155665611052937,control_fibroblasts_vs_alone,0
Integrin_adhesion,Resolved; >=100 genes,identity_markers_removed,Donor2,0.181749314907898,control_fibroblasts_vs_alone,0
Integrin_adhesion,Resolved; >=100 genes,identity_markers_removed,Donor3,0.237845960589714,control_fibroblasts_vs_alone,0
Integrin_adhesion,Resolved; >=100 genes,identity_markers_removed,Donor4,0.347900208459466,control_fibroblasts_vs_alone,0
Integrin_adhesion,Resolved; >=100 genes,identity_markers_removed,Donor5,0.40459585202227,control_fibroblasts_vs_alone,0
Integrin_adhesion,Resolved; >=100 genes,identity_markers_removed,Donor6,0.194115428483893,control_fibroblasts_vs_alone,0
CXCR4_aging_retention,All annotated,full_gene,Donor1,0.0891498092215757,control_fibroblasts_vs_alone,0
CXCR4_aging_retention,All annotated,full_gene,Donor2,0.125550175033232,control_fibroblasts_vs_alone,0
CXCR4_aging_retention,All annotated,full_gene,Donor3,0.482395125180593,control_fibroblasts_vs_alone,0
CXCR4_aging_retention,All annotated,full_gene,Donor4,0.526771589018245,control_fibroblasts_vs_alone,0
CXCR4_aging_retention,All annotated,full_gene,Donor5,0.280834650139716,control_fibroblasts_vs_alone,0
CXCR4_aging_retention,All annotated,full_gene,Donor6,-0.0419098329801372,control_fibroblasts_vs_alone,0
CXCR4_aging_retention,All annotated,identity_markers_removed,Donor1,0.110643898243039,control_fibroblasts_vs_alone,0
CXCR4_aging_retention,All annotated,identity_markers_removed,Donor2,0.167712103800045,control_fibroblasts_vs_alone,0
CXCR4_aging_retention,All annotated,identity_markers_removed,Donor3,0.503214675982355,control_fibroblasts_vs_alone,0
CXCR4_aging_retention,All annotated,identity_markers_removed,Donor4,0.535562918989834,control_fibroblasts_vs_alone,0
CXCR4_aging_retention,All annotated,identity_markers_removed,Donor5,0.306112618611239,control_fibroblasts_vs_alone,0
CXCR4_aging_retention,All annotated,identity_markers_removed,Donor6,0.00616875730610023,control_fibroblasts_vs_alone,0
CXCR4_aging_retention,Resolved,full_gene,Donor1,0.589155140200222,control_fibroblasts_vs_alone,0
CXCR4_aging_retention,Resolved,full_gene,Donor2,0.492112252004556,control_fibroblasts_vs_alone,0
CXCR4_aging_retention,Resolved,full_gene,Donor3,0.542860451709544,control_fibroblasts_vs_alone,0
CXCR4_aging_retention,Resolved,full_gene,Donor4,0.673550026249964,control_fibroblasts_vs_alone,0
CXCR4_aging_retention,Resolved,full_gene,Donor5,0.994051558422724,control_fibroblasts_vs_alone,0
CXCR4_aging_retention,Resolved,full_gene,Donor6,0.525945295834371,control_fibroblasts_vs_alone,0
CXCR4_aging_retention,Resolved,identity_markers_removed,Donor1,0.616751036796748,control_fibroblasts_vs_alone,0
CXCR4_aging_retention,Resolved,identity_markers_removed,Donor2,0.481996995659009,control_fibroblasts_vs_alone,0
CXCR4_aging_retention,Resolved,identity_markers_removed,Donor3,0.572167867584723,control_fibroblasts_vs_alone,0
CXCR4_aging_retention,Resolved,identity_markers_removed,Donor4,0.68716554071115,control_fibroblasts_vs_alone,0
CXCR4_aging_retention,Resolved,identity_markers_removed,Donor5,0.96102072188053,control_fibroblasts_vs_alone,0
CXCR4_aging_retention,Resolved,identity_markers_removed,Donor6,0.544107249208596,control_fibroblasts_vs_alone,0
CXCR4_aging_retention,Resolved; >=100 genes,full_gene,Donor1,0.545047780060355,control_fibroblasts_vs_alone,0
CXCR4_aging_retention,Resolved; >=100 genes,full_gene,Donor2,0.348103540888677,control_fibroblasts_vs_alone,0
CXCR4_aging_retention,Resolved; >=100 genes,full_gene,Donor3,0.495544875502476,control_fibroblasts_vs_alone,0
CXCR4_aging_retention,Resolved; >=100 genes,full_gene,Donor4,0.578140330309526,control_fibroblasts_vs_alone,0
CXCR4_aging_retention,Resolved; >=100 genes,full_gene,Donor5,0.919473438804271,control_fibroblasts_vs_alone,0
CXCR4_aging_retention,Resolved; >=100 genes,full_gene,Donor6,0.50527153055836,control_fibroblasts_vs_alone,0
CXCR4_aging_retention,Resolved; >=100 genes,identity_markers_removed,Donor1,0.588465610508597,control_fibroblasts_vs_alone,0
CXCR4_aging_retention,Resolved; >=100 genes,identity_markers_removed,Donor2,0.347755999014203,control_fibroblasts_vs_alone,0
CXCR4_aging_retention,Resolved; >=100 genes,identity_markers_removed,Donor3,0.522573211603126,control_fibroblasts_vs_alone,0
CXCR4_aging_retention,Resolved; >=100 genes,identity_markers_removed,Donor4,0.599616420779495,control_fibroblasts_vs_alone,0
CXCR4_aging_retention,Resolved; >=100 genes,identity_markers_removed,Donor5,0.920201893189055,control_fibroblasts_vs_alone,0
CXCR4_aging_retention,Resolved; >=100 genes,identity_markers_removed,Donor6,0.526073725935236,control_fibroblasts_vs_alone,0
NETosis,All annotated,full_gene,Donor1,0.00372281419826689,alpha_interaction,20
NETosis,All annotated,full_gene,Donor2,0.022335538253389,alpha_interaction,20
NETosis,All annotated,full_gene,Donor3,-0.0667407886886308,alpha_interaction,20
NETosis,All annotated,full_gene,Donor4,-0.157590962526809,alpha_interaction,20
NETosis,All annotated,identity_markers_removed,Donor1,0.0201962971564557,alpha_interaction,20
NETosis,All annotated,identity_markers_removed,Donor2,0.0283843530774081,alpha_interaction,20
NETosis,All annotated,identity_markers_removed,Donor3,-0.0605444686913657,alpha_interaction,20
NETosis,All annotated,identity_markers_removed,Donor4,-0.152203256829971,alpha_interaction,20
NETosis,Resolved,full_gene,Donor1,-0.200853857342931,alpha_interaction,20
NETosis,Resolved,full_gene,Donor2,-0.143151020955687,alpha_interaction,20
NETosis,Resolved,full_gene,Donor3,-0.0159504074436431,alpha_interaction,20
NETosis,Resolved,full_gene,Donor4,-0.1063099247547,alpha_interaction,20
NETosis,Resolved,identity_markers_removed,Donor1,-0.198753227350151,alpha_interaction,20
NETosis,Resolved,identity_markers_removed,Donor2,-0.135622053568084,alpha_interaction,20
NETosis,Resolved,identity_markers_removed,Donor3,-0.0208528853577037,alpha_interaction,20
NETosis,Resolved,identity_markers_removed,Donor4,-0.10714017560308,alpha_interaction,20
NETosis,Resolved; >=100 genes,full_gene,Donor1,-0.169376934269883,alpha_interaction,20
NETosis,Resolved; >=100 genes,full_gene,Donor2,-0.146493449677854,alpha_interaction,20
NETosis,Resolved; >=100 genes,full_gene,Donor3,-0.026124974454719,alpha_interaction,20
NETosis,Resolved; >=100 genes,full_gene,Donor4,-0.0721382911277262,alpha_interaction,20
NETosis,Resolved; >=100 genes,identity_markers_removed,Donor1,-0.174635392657915,alpha_interaction,20
NETosis,Resolved; >=100 genes,identity_markers_removed,Donor2,-0.137302964143496,alpha_interaction,20
NETosis,Resolved; >=100 genes,identity_markers_removed,Donor3,-0.0340368458595737,alpha_interaction,20
NETosis,Resolved; >=100 genes,identity_markers_removed,Donor4,-0.0719245839236055,alpha_interaction,20
Degranulation,All annotated,full_gene,Donor1,0.0269450932926898,alpha_interaction,20
Degranulation,All annotated,full_gene,Donor2,0.0626059659911545,alpha_interaction,20
Degranulation,All annotated,full_gene,Donor3,0.141218259774627,alpha_interaction,20
Degranulation,All annotated,full_gene,Donor4,0.00535018115280376,alpha_interaction,20
Degranulation,All annotated,identity_markers_removed,Donor1,0.0269450932926898,alpha_interaction,20
Degranulation,All annotated,identity_markers_removed,Donor2,0.0626059659911545,alpha_interaction,20
Degranulation,All annotated,identity_markers_removed,Donor3,0.141218259774627,alpha_interaction,20
Degranulation,All annotated,identity_markers_removed,Donor4,0.00535018115280376,alpha_interaction,20
Degranulation,Resolved,full_gene,Donor1,-0.0690075864777625,alpha_interaction,20
Degranulation,Resolved,full_gene,Donor2,-0.0871335122973577,alpha_interaction,20
Degranulation,Resolved,full_gene,Donor3,0.164194267224185,alpha_interaction,20
Degranulation,Resolved,full_gene,Donor4,0.0155633975591608,alpha_interaction,20
Degranulation,Resolved,identity_markers_removed,Donor1,-0.0690075864777625,alpha_interaction,20
Degranulation,Resolved,identity_markers_removed,Donor2,-0.0871335122973577,alpha_interaction,20
Degranulation,Resolved,identity_markers_removed,Donor3,0.164194267224185,alpha_interaction,20
Degranulation,Resolved,identity_markers_removed,Donor4,0.0155633975591608,alpha_interaction,20
Degranulation,Resolved; >=100 genes,full_gene,Donor1,-0.0393810316724442,alpha_interaction,20
Degranulation,Resolved; >=100 genes,full_gene,Donor2,-0.0658749725593002,alpha_interaction,20
Degranulation,Resolved; >=100 genes,full_gene,Donor3,0.208852451041784,alpha_interaction,20
Degranulation,Resolved; >=100 genes,full_gene,Donor4,0.0796806708543277,alpha_interaction,20
Degranulation,Resolved; >=100 genes,identity_markers_removed,Donor1,-0.0393810316724442,alpha_interaction,20
Degranulation,Resolved; >=100 genes,identity_markers_removed,Donor2,-0.0658749725593002,alpha_interaction,20
Degranulation,Resolved; >=100 genes,identity_markers_removed,Donor3,0.208852451041784,alpha_interaction,20
Degranulation,Resolved; >=100 genes,identity_markers_removed,Donor4,0.0796806708543277,alpha_interaction,20
Oxidative_burst,All annotated,full_gene,Donor1,-0.0443934372941887,alpha_interaction,20
Oxidative_burst,All annotated,full_gene,Donor2,-0.0620123326451819,alpha_interaction,20
Oxidative_burst,All annotated,full_gene,Donor3,-0.206672021403066,alpha_interaction,20
Oxidative_burst,All annotated,full_gene,Donor4,-0.258315322731163,alpha_interaction,20
Oxidative_burst,All annotated,identity_markers_removed,Donor1,-0.0443934372941887,alpha_interaction,20
Oxidative_burst,All annotated,identity_markers_removed,Donor2,-0.0620123326451819,alpha_interaction,20
Oxidative_burst,All annotated,identity_markers_removed,Donor3,-0.206672021403066,alpha_interaction,20
Oxidative_burst,All annotated,identity_markers_removed,Donor4,-0.258315322731163,alpha_interaction,20
Oxidative_burst,Resolved,full_gene,Donor1,-0.4252471450448,alpha_interaction,20
Oxidative_burst,Resolved,full_gene,Donor2,-0.349241021775003,alpha_interaction,20
Oxidative_burst,Resolved,full_gene,Donor3,-0.171142516068351,alpha_interaction,20
Oxidative_burst,Resolved,full_gene,Donor4,-0.220331642433913,alpha_interaction,20
Oxidative_burst,Resolved,identity_markers_removed,Donor1,-0.4252471450448,alpha_interaction,20
Oxidative_burst,Resolved,identity_markers_removed,Donor2,-0.349241021775003,alpha_interaction,20
Oxidative_burst,Resolved,identity_markers_removed,Donor3,-0.171142516068351,alpha_interaction,20
Oxidative_burst,Resolved,identity_markers_removed,Donor4,-0.220331642433913,alpha_interaction,20
Oxidative_burst,Resolved; >=100 genes,full_gene,Donor1,-0.38584356768938,alpha_interaction,20
Oxidative_burst,Resolved; >=100 genes,full_gene,Donor2,-0.351934057430596,alpha_interaction,20
Oxidative_burst,Resolved; >=100 genes,full_gene,Donor3,-0.163061809527527,alpha_interaction,20
Oxidative_burst,Resolved; >=100 genes,full_gene,Donor4,-0.141786379368185,alpha_interaction,20
Oxidative_burst,Resolved; >=100 genes,identity_markers_removed,Donor1,-0.38584356768938,alpha_interaction,20
Oxidative_burst,Resolved; >=100 genes,identity_markers_removed,Donor2,-0.351934057430596,alpha_interaction,20
Oxidative_burst,Resolved; >=100 genes,identity_markers_removed,Donor3,-0.163061809527527,alpha_interaction,20
Oxidative_burst,Resolved; >=100 genes,identity_markers_removed,Donor4,-0.141786379368185,alpha_interaction,20
Phagocytosis,All annotated,full_gene,Donor1,-0.196112137740546,alpha_interaction,20
Phagocytosis,All annotated,full_gene,Donor2,-0.141674202344959,alpha_interaction,20
Phagocytosis,All annotated,full_gene,Donor3,-0.39472759983599,alpha_interaction,20
Phagocytosis,All annotated,full_gene,Donor4,-0.514115791800791,alpha_interaction,20
Phagocytosis,All annotated,identity_markers_removed,Donor1,-0.196112137740546,alpha_interaction,20
Phagocytosis,All annotated,identity_markers_removed,Donor2,-0.141674202344959,alpha_interaction,20
Phagocytosis,All annotated,identity_markers_removed,Donor3,-0.39472759983599,alpha_interaction,20
Phagocytosis,All annotated,identity_markers_removed,Donor4,-0.514115791800791,alpha_interaction,20
Phagocytosis,Resolved,full_gene,Donor1,-0.755004421214918,alpha_interaction,20
Phagocytosis,Resolved,full_gene,Donor2,-0.633005420343713,alpha_interaction,20
Phagocytosis,Resolved,full_gene,Donor3,-0.468506585459142,alpha_interaction,20
Phagocytosis,Resolved,full_gene,Donor4,-0.542960857085534,alpha_interaction,20
Phagocytosis,Resolved,identity_markers_removed,Donor1,-0.755004421214918,alpha_interaction,20
Phagocytosis,Resolved,identity_markers_removed,Donor2,-0.633005420343713,alpha_interaction,20
Phagocytosis,Resolved,identity_markers_removed,Donor3,-0.468506585459142,alpha_interaction,20
Phagocytosis,Resolved,identity_markers_removed,Donor4,-0.542960857085534,alpha_interaction,20
Phagocytosis,Resolved; >=100 genes,full_gene,Donor1,-0.73229090910803,alpha_interaction,20
Phagocytosis,Resolved; >=100 genes,full_gene,Donor2,-0.628448675539763,alpha_interaction,20
Phagocytosis,Resolved; >=100 genes,full_gene,Donor3,-0.447873345450134,alpha_interaction,20
Phagocytosis,Resolved; >=100 genes,full_gene,Donor4,-0.468055596176316,alpha_interaction,20
Phagocytosis,Resolved; >=100 genes,identity_markers_removed,Donor1,-0.73229090910803,alpha_interaction,20
Phagocytosis,Resolved; >=100 genes,identity_markers_removed,Donor2,-0.628448675539763,alpha_interaction,20
Phagocytosis,Resolved; >=100 genes,identity_markers_removed,Donor3,-0.447873345450134,alpha_interaction,20
Phagocytosis,Resolved; >=100 genes,identity_markers_removed,Donor4,-0.468055596176316,alpha_interaction,20
Chemotaxis,All annotated,full_gene,Donor1,-0.163502482152521,alpha_interaction,20
Chemotaxis,All annotated,full_gene,Donor2,-0.152085093316447,alpha_interaction,20
Chemotaxis,All annotated,full_gene,Donor3,-0.438207771521133,alpha_interaction,20
Chemotaxis,All annotated,full_gene,Donor4,-0.505668520950762,alpha_interaction,20
Chemotaxis,All annotated,identity_markers_removed,Donor1,-0.167987131403826,alpha_interaction,20
Chemotaxis,All annotated,identity_markers_removed,Donor2,-0.177118326934232,alpha_interaction,20
Chemotaxis,All annotated,identity_markers_removed,Donor3,-0.431274713509023,alpha_interaction,20
Chemotaxis,All annotated,identity_markers_removed,Donor4,-0.477874867236844,alpha_interaction,20
Chemotaxis,Resolved,full_gene,Donor1,-0.736240256057947,alpha_interaction,20
Chemotaxis,Resolved,full_gene,Donor2,-0.703042165231486,alpha_interaction,20
Chemotaxis,Resolved,full_gene,Donor3,-0.567397997332994,alpha_interaction,20
Chemotaxis,Resolved,full_gene,Donor4,-0.554378677727639,alpha_interaction,20
Chemotaxis,Resolved,identity_markers_removed,Donor1,-0.729700502436019,alpha_interaction,20
Chemotaxis,Resolved,identity_markers_removed,Donor2,-0.659377981524169,alpha_interaction,20
Chemotaxis,Resolved,identity_markers_removed,Donor3,-0.560657250020566,alpha_interaction,20
Chemotaxis,Resolved,identity_markers_removed,Donor4,-0.526815979554472,alpha_interaction,20
Chemotaxis,Resolved; >=100 genes,full_gene,Donor1,-0.709413076304606,alpha_interaction,20
Chemotaxis,Resolved; >=100 genes,full_gene,Donor2,-0.731982501793399,alpha_interaction,20
Chemotaxis,Resolved; >=100 genes,full_gene,Donor3,-0.572111289146987,alpha_interaction,20
Chemotaxis,Resolved; >=100 genes,full_gene,Donor4,-0.474325854845558,alpha_interaction,20
Chemotaxis,Resolved; >=100 genes,identity_markers_removed,Donor1,-0.715311370776283,alpha_interaction,20
Chemotaxis,Resolved; >=100 genes,identity_markers_removed,Donor2,-0.702963390966018,alpha_interaction,20
Chemotaxis,Resolved; >=100 genes,identity_markers_removed,Donor3,-0.569204170410766,alpha_interaction,20
Chemotaxis,Resolved; >=100 genes,identity_markers_removed,Donor4,-0.453475339080931,alpha_interaction,20
OSM_inflammation,All annotated,full_gene,Donor1,-0.0950013224913619,alpha_interaction,20
OSM_inflammation,All annotated,full_gene,Donor2,-0.0429233142925198,alpha_interaction,20
OSM_inflammation,All annotated,full_gene,Donor3,-0.370797970322734,alpha_interaction,20
OSM_inflammation,All annotated,full_gene,Donor4,-0.501709223277392,alpha_interaction,20
OSM_inflammation,All annotated,identity_markers_removed,Donor1,-0.077874865127585,alpha_interaction,20
OSM_inflammation,All annotated,identity_markers_removed,Donor2,-0.0319243620831107,alpha_interaction,20
OSM_inflammation,All annotated,identity_markers_removed,Donor3,-0.354196471810349,alpha_interaction,20
OSM_inflammation,All annotated,identity_markers_removed,Donor4,-0.487901300511949,alpha_interaction,20
OSM_inflammation,Resolved,full_gene,Donor1,-0.402605129490992,alpha_interaction,20
OSM_inflammation,Resolved,full_gene,Donor2,-0.347469537786034,alpha_interaction,20
OSM_inflammation,Resolved,full_gene,Donor3,-0.381163479470305,alpha_interaction,20
OSM_inflammation,Resolved,full_gene,Donor4,-0.444505245584319,alpha_interaction,20
OSM_inflammation,Resolved,identity_markers_removed,Donor1,-0.35953746864792,alpha_interaction,20
OSM_inflammation,Resolved,identity_markers_removed,Donor2,-0.309487106221225,alpha_interaction,20
OSM_inflammation,Resolved,identity_markers_removed,Donor3,-0.355102403888882,alpha_interaction,20
OSM_inflammation,Resolved,identity_markers_removed,Donor4,-0.420639464090454,alpha_interaction,20
OSM_inflammation,Resolved; >=100 genes,full_gene,Donor1,-0.391387458184205,alpha_interaction,20
OSM_inflammation,Resolved; >=100 genes,full_gene,Donor2,-0.412152408492723,alpha_interaction,20
OSM_inflammation,Resolved; >=100 genes,full_gene,Donor3,-0.370800722742284,alpha_interaction,20
OSM_inflammation,Resolved; >=100 genes,full_gene,Donor4,-0.387060996392371,alpha_interaction,20
OSM_inflammation,Resolved; >=100 genes,identity_markers_removed,Donor1,-0.33862703091309,alpha_interaction,20
OSM_inflammation,Resolved; >=100 genes,identity_markers_removed,Donor2,-0.374137791789476,alpha_interaction,20
OSM_inflammation,Resolved; >=100 genes,identity_markers_removed,Donor3,-0.33336761249774,alpha_interaction,20
OSM_inflammation,Resolved; >=100 genes,identity_markers_removed,Donor4,-0.368946595464419,alpha_interaction,20
Type_I_interferon,All annotated,full_gene,Donor1,0.0115757973984877,alpha_interaction,20
Type_I_interferon,All annotated,full_gene,Donor2,-0.0204131644094731,alpha_interaction,20
Type_I_interferon,All annotated,full_gene,Donor3,-0.0487273036931687,alpha_interaction,20
Type_I_interferon,All annotated,full_gene,Donor4,-0.0338721137114574,alpha_interaction,20
Type_I_interferon,All annotated,identity_markers_removed,Donor1,0.0197108516277662,alpha_interaction,20
Type_I_interferon,All annotated,identity_markers_removed,Donor2,-0.0422491252325695,alpha_interaction,20
Type_I_interferon,All annotated,identity_markers_removed,Donor3,-0.053328598478439,alpha_interaction,20
Type_I_interferon,All annotated,identity_markers_removed,Donor4,-0.038914386693829,alpha_interaction,20
Type_I_interferon,Resolved,full_gene,Donor1,-0.0108397638474747,alpha_interaction,20
Type_I_interferon,Resolved,full_gene,Donor2,-0.0708490652968366,alpha_interaction,20
Type_I_interferon,Resolved,full_gene,Donor3,-0.0302759773359475,alpha_interaction,20
Type_I_interferon,Resolved,full_gene,Donor4,-0.0461112629359647,alpha_interaction,20
Type_I_interferon,Resolved,identity_markers_removed,Donor1,0.00234797276083679,alpha_interaction,20
Type_I_interferon,Resolved,identity_markers_removed,Donor2,-0.0704492518771403,alpha_interaction,20
Type_I_interferon,Resolved,identity_markers_removed,Donor3,-0.039343548724963,alpha_interaction,20
Type_I_interferon,Resolved,identity_markers_removed,Donor4,-0.0609154461373441,alpha_interaction,20
Type_I_interferon,Resolved; >=100 genes,full_gene,Donor1,0.00838149743537707,alpha_interaction,20
Type_I_interferon,Resolved; >=100 genes,full_gene,Donor2,-0.0779857798504299,alpha_interaction,20
Type_I_interferon,Resolved; >=100 genes,full_gene,Donor3,-0.0311670815981845,alpha_interaction,20
Type_I_interferon,Resolved; >=100 genes,full_gene,Donor4,-0.0236198258150322,alpha_interaction,20
Type_I_interferon,Resolved; >=100 genes,identity_markers_removed,Donor1,0.0249728353539618,alpha_interaction,20
Type_I_interferon,Resolved; >=100 genes,identity_markers_removed,Donor2,-0.0795571958812955,alpha_interaction,20
Type_I_interferon,Resolved; >=100 genes,identity_markers_removed,Donor3,-0.0418735157462321,alpha_interaction,20
Type_I_interferon,Resolved; >=100 genes,identity_markers_removed,Donor4,-0.0408724208537427,alpha_interaction,20
Immature_granulopoiesis,All annotated,full_gene,Donor1,0.105480980803723,alpha_interaction,20
Immature_granulopoiesis,All annotated,full_gene,Donor2,0.103687367124398,alpha_interaction,20
Immature_granulopoiesis,All annotated,full_gene,Donor3,0.280870536813426,alpha_interaction,20
Immature_granulopoiesis,All annotated,full_gene,Donor4,0.165691454882621,alpha_interaction,20
Immature_granulopoiesis,All annotated,identity_markers_removed,Donor1,0.105480980803723,alpha_interaction,20
Immature_granulopoiesis,All annotated,identity_markers_removed,Donor2,0.103687367124398,alpha_interaction,20
Immature_granulopoiesis,All annotated,identity_markers_removed,Donor3,0.280870536813426,alpha_interaction,20
Immature_granulopoiesis,All annotated,identity_markers_removed,Donor4,0.165691454882621,alpha_interaction,20
Immature_granulopoiesis,Resolved,full_gene,Donor1,0.127103591579583,alpha_interaction,20
Immature_granulopoiesis,Resolved,full_gene,Donor2,0.0422850483224462,alpha_interaction,20
Immature_granulopoiesis,Resolved,full_gene,Donor3,0.345330877214728,alpha_interaction,20
Immature_granulopoiesis,Resolved,full_gene,Donor4,0.186744998632166,alpha_interaction,20
Immature_granulopoiesis,Resolved,identity_markers_removed,Donor1,0.127103591579583,alpha_interaction,20
Immature_granulopoiesis,Resolved,identity_markers_removed,Donor2,0.0422850483224462,alpha_interaction,20
Immature_granulopoiesis,Resolved,identity_markers_removed,Donor3,0.345330877214728,alpha_interaction,20
Immature_granulopoiesis,Resolved,identity_markers_removed,Donor4,0.186744998632166,alpha_interaction,20
Immature_granulopoiesis,Resolved; >=100 genes,full_gene,Donor1,0.176797268344583,alpha_interaction,20
Immature_granulopoiesis,Resolved; >=100 genes,full_gene,Donor2,0.0679847232766478,alpha_interaction,20
Immature_granulopoiesis,Resolved; >=100 genes,full_gene,Donor3,0.386908983157326,alpha_interaction,20
Immature_granulopoiesis,Resolved; >=100 genes,full_gene,Donor4,0.26226822086047,alpha_interaction,20
Immature_granulopoiesis,Resolved; >=100 genes,identity_markers_removed,Donor1,0.176797268344583,alpha_interaction,20
Immature_granulopoiesis,Resolved; >=100 genes,identity_markers_removed,Donor2,0.0679847232766478,alpha_interaction,20
Immature_granulopoiesis,Resolved; >=100 genes,identity_markers_removed,Donor3,0.386908983157326,alpha_interaction,20
Immature_granulopoiesis,Resolved; >=100 genes,identity_markers_removed,Donor4,0.26226822086047,alpha_interaction,20
Survival_antiapoptosis,All annotated,full_gene,Donor1,-0.105412239425905,alpha_interaction,20
Survival_antiapoptosis,All annotated,full_gene,Donor2,-0.0564431690654886,alpha_interaction,20
Survival_antiapoptosis,All annotated,full_gene,Donor3,-0.258286048168661,alpha_interaction,20
Survival_antiapoptosis,All annotated,full_gene,Donor4,-0.377496860406566,alpha_interaction,20
Survival_antiapoptosis,All annotated,identity_markers_removed,Donor1,-0.105412239425905,alpha_interaction,20
Survival_antiapoptosis,All annotated,identity_markers_removed,Donor2,-0.0564431690654886,alpha_interaction,20
Survival_antiapoptosis,All annotated,identity_markers_removed,Donor3,-0.258286048168661,alpha_interaction,20
Survival_antiapoptosis,All annotated,identity_markers_removed,Donor4,-0.377496860406566,alpha_interaction,20
Survival_antiapoptosis,Resolved,full_gene,Donor1,-0.424328493641013,alpha_interaction,20
Survival_antiapoptosis,Resolved,full_gene,Donor2,-0.352864693827611,alpha_interaction,20
Survival_antiapoptosis,Resolved,full_gene,Donor3,-0.288425997893368,alpha_interaction,20
Survival_antiapoptosis,Resolved,full_gene,Donor4,-0.387270589750949,alpha_interaction,20
Survival_antiapoptosis,Resolved,identity_markers_removed,Donor1,-0.424328493641013,alpha_interaction,20
Survival_antiapoptosis,Resolved,identity_markers_removed,Donor2,-0.352864693827611,alpha_interaction,20
Survival_antiapoptosis,Resolved,identity_markers_removed,Donor3,-0.288425997893368,alpha_interaction,20
Survival_antiapoptosis,Resolved,identity_markers_removed,Donor4,-0.387270589750949,alpha_interaction,20
Survival_antiapoptosis,Resolved; >=100 genes,full_gene,Donor1,-0.43553237981151,alpha_interaction,20
Survival_antiapoptosis,Resolved; >=100 genes,full_gene,Donor2,-0.340992986546002,alpha_interaction,20
Survival_antiapoptosis,Resolved; >=100 genes,full_gene,Donor3,-0.281168663823155,alpha_interaction,20
Survival_antiapoptosis,Resolved; >=100 genes,full_gene,Donor4,-0.347946008709784,alpha_interaction,20
Survival_antiapoptosis,Resolved; >=100 genes,identity_markers_removed,Donor1,-0.43553237981151,alpha_interaction,20
Survival_antiapoptosis,Resolved; >=100 genes,identity_markers_removed,Donor2,-0.340992986546002,alpha_interaction,20
Survival_antiapoptosis,Resolved; >=100 genes,identity_markers_removed,Donor3,-0.281168663823155,alpha_interaction,20
Survival_antiapoptosis,Resolved; >=100 genes,identity_markers_removed,Donor4,-0.347946008709784,alpha_interaction,20
Hypoxia_glycolysis,All annotated,full_gene,Donor1,0.0153101254346088,alpha_interaction,20
Hypoxia_glycolysis,All annotated,full_gene,Donor2,-0.0431372376570766,alpha_interaction,20
Hypoxia_glycolysis,All annotated,full_gene,Donor3,-0.0947848635939344,alpha_interaction,20
Hypoxia_glycolysis,All annotated,full_gene,Donor4,-0.118121503823799,alpha_interaction,20
Hypoxia_glycolysis,All annotated,identity_markers_removed,Donor1,0.0153101254346088,alpha_interaction,20
Hypoxia_glycolysis,All annotated,identity_markers_removed,Donor2,-0.0431372376570766,alpha_interaction,20
Hypoxia_glycolysis,All annotated,identity_markers_removed,Donor3,-0.0947848635939344,alpha_interaction,20
Hypoxia_glycolysis,All annotated,identity_markers_removed,Donor4,-0.118121503823799,alpha_interaction,20
Hypoxia_glycolysis,Resolved,full_gene,Donor1,-0.205397787162915,alpha_interaction,20
Hypoxia_glycolysis,Resolved,full_gene,Donor2,-0.249931869894048,alpha_interaction,20
Hypoxia_glycolysis,Resolved,full_gene,Donor3,-0.11661246743078,alpha_interaction,20
Hypoxia_glycolysis,Resolved,full_gene,Donor4,-0.138271220311084,alpha_interaction,20
Hypoxia_glycolysis,Resolved,identity_markers_removed,Donor1,-0.205397787162915,alpha_interaction,20
Hypoxia_glycolysis,Resolved,identity_markers_removed,Donor2,-0.249931869894048,alpha_interaction,20
Hypoxia_glycolysis,Resolved,identity_markers_removed,Donor3,-0.11661246743078,alpha_interaction,20
Hypoxia_glycolysis,Resolved,identity_markers_removed,Donor4,-0.138271220311084,alpha_interaction,20
Hypoxia_glycolysis,Resolved; >=100 genes,full_gene,Donor1,-0.169296549009833,alpha_interaction,20
Hypoxia_glycolysis,Resolved; >=100 genes,full_gene,Donor2,-0.258562884776761,alpha_interaction,20
Hypoxia_glycolysis,Resolved; >=100 genes,full_gene,Donor3,-0.129769583760629,alpha_interaction,20
Hypoxia_glycolysis,Resolved; >=100 genes,full_gene,Donor4,-0.0985192729851265,alpha_interaction,20
Hypoxia_glycolysis,Resolved; >=100 genes,identity_markers_removed,Donor1,-0.169296549009833,alpha_interaction,20
Hypoxia_glycolysis,Resolved; >=100 genes,identity_markers_removed,Donor2,-0.258562884776761,alpha_interaction,20
Hypoxia_glycolysis,Resolved; >=100 genes,identity_markers_removed,Donor3,-0.129769583760629,alpha_interaction,20
Hypoxia_glycolysis,Resolved; >=100 genes,identity_markers_removed,Donor4,-0.0985192729851265,alpha_interaction,20
ER_stress,All annotated,full_gene,Donor1,-0.101825860615378,alpha_interaction,20
ER_stress,All annotated,full_gene,Donor2,-0.0554553986636041,alpha_interaction,20
ER_stress,All annotated,full_gene,Donor3,-0.321729652458833,alpha_interaction,20
ER_stress,All annotated,full_gene,Donor4,-0.387952597497448,alpha_interaction,20
ER_stress,All annotated,identity_markers_removed,Donor1,-0.101825860615378,alpha_interaction,20
ER_stress,All annotated,identity_markers_removed,Donor2,-0.0554553986636041,alpha_interaction,20
ER_stress,All annotated,identity_markers_removed,Donor3,-0.321729652458833,alpha_interaction,20
ER_stress,All annotated,identity_markers_removed,Donor4,-0.387952597497448,alpha_interaction,20
ER_stress,Resolved,full_gene,Donor1,-0.41809943204954,alpha_interaction,20
ER_stress,Resolved,full_gene,Donor2,-0.345471030129658,alpha_interaction,20
ER_stress,Resolved,full_gene,Donor3,-0.417748306708914,alpha_interaction,20
ER_stress,Resolved,full_gene,Donor4,-0.411870492349078,alpha_interaction,20
ER_stress,Resolved,identity_markers_removed,Donor1,-0.41809943204954,alpha_interaction,20
ER_stress,Resolved,identity_markers_removed,Donor2,-0.345471030129658,alpha_interaction,20
ER_stress,Resolved,identity_markers_removed,Donor3,-0.417748306708914,alpha_interaction,20
ER_stress,Resolved,identity_markers_removed,Donor4,-0.411870492349078,alpha_interaction,20
ER_stress,Resolved; >=100 genes,full_gene,Donor1,-0.394633652356304,alpha_interaction,20
ER_stress,Resolved; >=100 genes,full_gene,Donor2,-0.352372245867331,alpha_interaction,20
ER_stress,Resolved; >=100 genes,full_gene,Donor3,-0.408576201620622,alpha_interaction,20
ER_stress,Resolved; >=100 genes,full_gene,Donor4,-0.371956639087362,alpha_interaction,20
ER_stress,Resolved; >=100 genes,identity_markers_removed,Donor1,-0.394633652356304,alpha_interaction,20
ER_stress,Resolved; >=100 genes,identity_markers_removed,Donor2,-0.352372245867331,alpha_interaction,20
ER_stress,Resolved; >=100 genes,identity_markers_removed,Donor3,-0.408576201620622,alpha_interaction,20
ER_stress,Resolved; >=100 genes,identity_markers_removed,Donor4,-0.371956639087362,alpha_interaction,20
Proliferation_stress,All annotated,full_gene,Donor1,0.0152827014030522,alpha_interaction,20
Proliferation_stress,All annotated,full_gene,Donor2,-0.0337440549746575,alpha_interaction,20
Proliferation_stress,All annotated,full_gene,Donor3,-0.0192228515230952,alpha_interaction,20
Proliferation_stress,All annotated,full_gene,Donor4,-0.00267804328753801,alpha_interaction,20
Proliferation_stress,All annotated,identity_markers_removed,Donor1,0.0152827014030522,alpha_interaction,20
Proliferation_stress,All annotated,identity_markers_removed,Donor2,-0.0337440549746575,alpha_interaction,20
Proliferation_stress,All annotated,identity_markers_removed,Donor3,-0.0192228515230952,alpha_interaction,20
Proliferation_stress,All annotated,identity_markers_removed,Donor4,-0.00267804328753801,alpha_interaction,20
Proliferation_stress,Resolved,full_gene,Donor1,0.0108917990558551,alpha_interaction,20
Proliferation_stress,Resolved,full_gene,Donor2,-0.0754503428244834,alpha_interaction,20
Proliferation_stress,Resolved,full_gene,Donor3,-0.0117064024705041,alpha_interaction,20
Proliferation_stress,Resolved,full_gene,Donor4,0.0197663987548197,alpha_interaction,20
Proliferation_stress,Resolved,identity_markers_removed,Donor1,0.0108917990558551,alpha_interaction,20
Proliferation_stress,Resolved,identity_markers_removed,Donor2,-0.0754503428244834,alpha_interaction,20
Proliferation_stress,Resolved,identity_markers_removed,Donor3,-0.0117064024705041,alpha_interaction,20
Proliferation_stress,Resolved,identity_markers_removed,Donor4,0.0197663987548197,alpha_interaction,20
Proliferation_stress,Resolved; >=100 genes,full_gene,Donor1,0.0429889551857548,alpha_interaction,20
Proliferation_stress,Resolved; >=100 genes,full_gene,Donor2,-0.0796855446814158,alpha_interaction,20
Proliferation_stress,Resolved; >=100 genes,full_gene,Donor3,-0.00136905079785926,alpha_interaction,20
Proliferation_stress,Resolved; >=100 genes,full_gene,Donor4,0.0368261507286331,alpha_interaction,20
Proliferation_stress,Resolved; >=100 genes,identity_markers_removed,Donor1,0.0429889551857548,alpha_interaction,20
Proliferation_stress,Resolved; >=100 genes,identity_markers_removed,Donor2,-0.0796855446814158,alpha_interaction,20
Proliferation_stress,Resolved; >=100 genes,identity_markers_removed,Donor3,-0.00136905079785926,alpha_interaction,20
Proliferation_stress,Resolved; >=100 genes,identity_markers_removed,Donor4,0.0368261507286331,alpha_interaction,20
Integrin_adhesion,All annotated,full_gene,Donor1,-0.0987376458420778,alpha_interaction,20
Integrin_adhesion,All annotated,full_gene,Donor2,-0.0420223110334811,alpha_interaction,20
Integrin_adhesion,All annotated,full_gene,Donor3,-0.21591911084184,alpha_interaction,20
Integrin_adhesion,All annotated,full_gene,Donor4,-0.295345985172813,alpha_interaction,20
Integrin_adhesion,All annotated,identity_markers_removed,Donor1,-0.0987376458420778,alpha_interaction,20
Integrin_adhesion,All annotated,identity_markers_removed,Donor2,-0.0420223110334811,alpha_interaction,20
Integrin_adhesion,All annotated,identity_markers_removed,Donor3,-0.21591911084184,alpha_interaction,20
Integrin_adhesion,All annotated,identity_markers_removed,Donor4,-0.295345985172813,alpha_interaction,20
Integrin_adhesion,Resolved,full_gene,Donor1,-0.290917232310607,alpha_interaction,20
Integrin_adhesion,Resolved,full_gene,Donor2,-0.254363638614235,alpha_interaction,20
Integrin_adhesion,Resolved,full_gene,Donor3,-0.220857981102322,alpha_interaction,20
Integrin_adhesion,Resolved,full_gene,Donor4,-0.341306725832141,alpha_interaction,20
Integrin_adhesion,Resolved,identity_markers_removed,Donor1,-0.290917232310607,alpha_interaction,20
Integrin_adhesion,Resolved,identity_markers_removed,Donor2,-0.254363638614235,alpha_interaction,20
Integrin_adhesion,Resolved,identity_markers_removed,Donor3,-0.220857981102322,alpha_interaction,20
Integrin_adhesion,Resolved,identity_markers_removed,Donor4,-0.341306725832141,alpha_interaction,20
Integrin_adhesion,Resolved; >=100 genes,full_gene,Donor1,-0.273389619651483,alpha_interaction,20
Integrin_adhesion,Resolved; >=100 genes,full_gene,Donor2,-0.294626668132847,alpha_interaction,20
Integrin_adhesion,Resolved; >=100 genes,full_gene,Donor3,-0.205164071290711,alpha_interaction,20
Integrin_adhesion,Resolved; >=100 genes,full_gene,Donor4,-0.311793960116348,alpha_interaction,20
Integrin_adhesion,Resolved; >=100 genes,identity_markers_removed,Donor1,-0.273389619651483,alpha_interaction,20
Integrin_adhesion,Resolved; >=100 genes,identity_markers_removed,Donor2,-0.294626668132847,alpha_interaction,20
Integrin_adhesion,Resolved; >=100 genes,identity_markers_removed,Donor3,-0.205164071290711,alpha_interaction,20
Integrin_adhesion,Resolved; >=100 genes,identity_markers_removed,Donor4,-0.311793960116348,alpha_interaction,20
CXCR4_aging_retention,All annotated,full_gene,Donor1,-0.190964817503892,alpha_interaction,20
CXCR4_aging_retention,All annotated,full_gene,Donor2,-0.119312326295874,alpha_interaction,20
CXCR4_aging_retention,All annotated,full_gene,Donor3,-0.54112990614356,alpha_interaction,20
CXCR4_aging_retention,All annotated,full_gene,Donor4,-0.694468293020507,alpha_interaction,20
CXCR4_aging_retention,All annotated,identity_markers_removed,Donor1,-0.202735793525993,alpha_interaction,20
CXCR4_aging_retention,All annotated,identity_markers_removed,Donor2,-0.147804299956658,alpha_interaction,20
CXCR4_aging_retention,All annotated,identity_markers_removed,Donor3,-0.552008051851091,alpha_interaction,20
CXCR4_aging_retention,All annotated,identity_markers_removed,Donor4,-0.693317132234971,alpha_interaction,20
CXCR4_aging_retention,Resolved,full_gene,Donor1,-0.860365695316086,alpha_interaction,20
CXCR4_aging_retention,Resolved,full_gene,Donor2,-0.800952365493896,alpha_interaction,20
CXCR4_aging_retention,Resolved,full_gene,Donor3,-0.681586831513054,alpha_interaction,20
CXCR4_aging_retention,Resolved,full_gene,Donor4,-0.780131772429614,alpha_interaction,20
CXCR4_aging_retention,Resolved,identity_markers_removed,Donor1,-0.876035128097015,alpha_interaction,20
CXCR4_aging_retention,Resolved,identity_markers_removed,Donor2,-0.759404548356135,alpha_interaction,20
CXCR4_aging_retention,Resolved,identity_markers_removed,Donor3,-0.694987552111668,alpha_interaction,20
CXCR4_aging_retention,Resolved,identity_markers_removed,Donor4,-0.786694613927574,alpha_interaction,20
CXCR4_aging_retention,Resolved; >=100 genes,full_gene,Donor1,-0.857879312442167,alpha_interaction,20
CXCR4_aging_retention,Resolved; >=100 genes,full_gene,Donor2,-0.766166739094826,alpha_interaction,20
CXCR4_aging_retention,Resolved; >=100 genes,full_gene,Donor3,-0.649524867151154,alpha_interaction,20
CXCR4_aging_retention,Resolved; >=100 genes,full_gene,Donor4,-0.692253586891932,alpha_interaction,20
CXCR4_aging_retention,Resolved; >=100 genes,identity_markers_removed,Donor1,-0.895830171930028,alpha_interaction,20
CXCR4_aging_retention,Resolved; >=100 genes,identity_markers_removed,Donor2,-0.732376831396778,alpha_interaction,20
CXCR4_aging_retention,Resolved; >=100 genes,identity_markers_removed,Donor3,-0.660937616521278,alpha_interaction,20
CXCR4_aging_retention,Resolved; >=100 genes,identity_markers_removed,Donor4,-0.706648411230728,alpha_interaction,20
NETosis,All annotated,full_gene,Donor1,0.015415499249153,alpha_in_UC,20
NETosis,All annotated,full_gene,Donor2,0.0250456693247106,alpha_in_UC,20
NETosis,All annotated,full_gene,Donor3,0.00539555042268181,alpha_in_UC,20
NETosis,All annotated,full_gene,Donor4,0.0396688974668058,alpha_in_UC,20
NETosis,All annotated,full_gene,Donor6,0.0137065707766161,alpha_in_UC,20
NETosis,All annotated,identity_markers_removed,Donor1,0.0236784275249814,alpha_in_UC,20
NETosis,All annotated,identity_markers_removed,Donor2,0.0312533326068613,alpha_in_UC,20
NETosis,All annotated,identity_markers_removed,Donor3,0.00774454607219617,alpha_in_UC,20
NETosis,All annotated,identity_markers_removed,Donor4,0.0405677890908407,alpha_in_UC,20
NETosis,All annotated,identity_markers_removed,Donor6,0.0163684196895518,alpha_in_UC,20
NETosis,Resolved,full_gene,Donor1,-0.0167866818582018,alpha_in_UC,20
NETosis,Resolved,full_gene,Donor2,0.0258031723319584,alpha_in_UC,20
NETosis,Resolved,full_gene,Donor3,0.0532689823202964,alpha_in_UC,20
NETosis,Resolved,full_gene,Donor4,0.0876713291170201,alpha_in_UC,20
NETosis,Resolved,full_gene,Donor6,-0.0316156974555074,alpha_in_UC,20
NETosis,Resolved,identity_markers_removed,Donor1,-0.00723484134828826,alpha_in_UC,20
NETosis,Resolved,identity_markers_removed,Donor2,0.030759568684156,alpha_in_UC,20
NETosis,Resolved,identity_markers_removed,Donor3,0.0472558052506883,alpha_in_UC,20
NETosis,Resolved,identity_markers_removed,Donor4,0.0830070222556886,alpha_in_UC,20
NETosis,Resolved,identity_markers_removed,Donor6,-0.0372288296237413,alpha_in_UC,20
NETosis,Resolved; >=100 genes,full_gene,Donor1,-0.025853002621805,alpha_in_UC,20
NETosis,Resolved; >=100 genes,full_gene,Donor2,0.016088774221696,alpha_in_UC,20
NETosis,Resolved; >=100 genes,full_gene,Donor3,0.0519243902314787,alpha_in_UC,20
NETosis,Resolved; >=100 genes,full_gene,Donor4,0.0843681503329746,alpha_in_UC,20
NETosis,Resolved; >=100 genes,full_gene,Donor6,-0.0660127541330192,alpha_in_UC,20
NETosis,Resolved; >=100 genes,identity_markers_removed,Donor1,-0.0210937709697312,alpha_in_UC,20
NETosis,Resolved; >=100 genes,identity_markers_removed,Donor2,0.0213786183629571,alpha_in_UC,20
NETosis,Resolved; >=100 genes,identity_markers_removed,Donor3,0.045869411178673,alpha_in_UC,20
NETosis,Resolved; >=100 genes,identity_markers_removed,Donor4,0.0793215600002956,alpha_in_UC,20
NETosis,Resolved; >=100 genes,identity_markers_removed,Donor6,-0.0760926346625196,alpha_in_UC,20
Degranulation,All annotated,full_gene,Donor1,0.0510948364631542,alpha_in_UC,20
Degranulation,All annotated,full_gene,Donor2,0.0558196172092674,alpha_in_UC,20
Degranulation,All annotated,full_gene,Donor3,0.0401601949598736,alpha_in_UC,20
Degranulation,All annotated,full_gene,Donor4,0.0495761766721438,alpha_in_UC,20
Degranulation,All annotated,full_gene,Donor6,0.0720945480459567,alpha_in_UC,20
Degranulation,All annotated,identity_markers_removed,Donor1,0.0510948364631542,alpha_in_UC,20
Degranulation,All annotated,identity_markers_removed,Donor2,0.0558196172092674,alpha_in_UC,20
Degranulation,All annotated,identity_markers_removed,Donor3,0.0401601949598736,alpha_in_UC,20
Degranulation,All annotated,identity_markers_removed,Donor4,0.0495761766721438,alpha_in_UC,20
Degranulation,All annotated,identity_markers_removed,Donor6,0.0720945480459567,alpha_in_UC,20
Degranulation,Resolved,full_gene,Donor1,0.0619565965715012,alpha_in_UC,20
Degranulation,Resolved,full_gene,Donor2,0.0600191624224168,alpha_in_UC,20
Degranulation,Resolved,full_gene,Donor3,0.0646400565930108,alpha_in_UC,20
Degranulation,Resolved,full_gene,Donor4,0.0661699995139811,alpha_in_UC,20
Degranulation,Resolved,full_gene,Donor6,0.0607122116250892,alpha_in_UC,20
Degranulation,Resolved,identity_markers_removed,Donor1,0.0619565965715012,alpha_in_UC,20
Degranulation,Resolved,identity_markers_removed,Donor2,0.0600191624224168,alpha_in_UC,20
Degranulation,Resolved,identity_markers_removed,Donor3,0.0646400565930108,alpha_in_UC,20
Degranulation,Resolved,identity_markers_removed,Donor4,0.0661699995139811,alpha_in_UC,20
Degranulation,Resolved,identity_markers_removed,Donor6,0.0607122116250892,alpha_in_UC,20
Degranulation,Resolved; >=100 genes,full_gene,Donor1,0.057774706130497,alpha_in_UC,20
Degranulation,Resolved; >=100 genes,full_gene,Donor2,0.0574881306103386,alpha_in_UC,20
Degranulation,Resolved; >=100 genes,full_gene,Donor3,0.0650438173724903,alpha_in_UC,20
Degranulation,Resolved; >=100 genes,full_gene,Donor4,0.066550008218743,alpha_in_UC,20
Degranulation,Resolved; >=100 genes,full_gene,Donor6,0.0446068200181525,alpha_in_UC,20
Degranulation,Resolved; >=100 genes,identity_markers_removed,Donor1,0.057774706130497,alpha_in_UC,20
Degranulation,Resolved; >=100 genes,identity_markers_removed,Donor2,0.0574881306103386,alpha_in_UC,20
Degranulation,Resolved; >=100 genes,identity_markers_removed,Donor3,0.0650438173724903,alpha_in_UC,20
Degranulation,Resolved; >=100 genes,identity_markers_removed,Donor4,0.066550008218743,alpha_in_UC,20
Degranulation,Resolved; >=100 genes,identity_markers_removed,Donor6,0.0446068200181525,alpha_in_UC,20
Oxidative_burst,All annotated,full_gene,Donor1,-0.053565394132659,alpha_in_UC,20
Oxidative_burst,All annotated,full_gene,Donor2,-0.0299471944772867,alpha_in_UC,20
Oxidative_burst,All annotated,full_gene,Donor3,-0.0230113763802421,alpha_in_UC,20
Oxidative_burst,All annotated,full_gene,Donor4,0.0172307554681337,alpha_in_UC,20
Oxidative_burst,All annotated,full_gene,Donor6,-0.0268954397614898,alpha_in_UC,20
Oxidative_burst,All annotated,identity_markers_removed,Donor1,-0.053565394132659,alpha_in_UC,20
Oxidative_burst,All annotated,identity_markers_removed,Donor2,-0.0299471944772867,alpha_in_UC,20
Oxidative_burst,All annotated,identity_markers_removed,Donor3,-0.0230113763802421,alpha_in_UC,20
Oxidative_burst,All annotated,identity_markers_removed,Donor4,0.0172307554681337,alpha_in_UC,20
Oxidative_burst,All annotated,identity_markers_removed,Donor6,-0.0268954397614898,alpha_in_UC,20
Oxidative_burst,Resolved,full_gene,Donor1,-0.129569674309321,alpha_in_UC,20
Oxidative_burst,Resolved,full_gene,Donor2,-0.104557902426348,alpha_in_UC,20
Oxidative_burst,Resolved,full_gene,Donor3,0.0514083001357922,alpha_in_UC,20
Oxidative_burst,Resolved,full_gene,Donor4,0.103105962733186,alpha_in_UC,20
Oxidative_burst,Resolved,full_gene,Donor6,-0.157173476697216,alpha_in_UC,20
Oxidative_burst,Resolved,identity_markers_removed,Donor1,-0.129569674309321,alpha_in_UC,20
Oxidative_burst,Resolved,identity_markers_removed,Donor2,-0.104557902426348,alpha_in_UC,20
Oxidative_burst,Resolved,identity_markers_removed,Donor3,0.0514083001357922,alpha_in_UC,20
Oxidative_burst,Resolved,identity_markers_removed,Donor4,0.103105962733186,alpha_in_UC,20
Oxidative_burst,Resolved,identity_markers_removed,Donor6,-0.157173476697216,alpha_in_UC,20
Oxidative_burst,Resolved; >=100 genes,full_gene,Donor1,-0.158467523170298,alpha_in_UC,20
Oxidative_burst,Resolved; >=100 genes,full_gene,Donor2,-0.121296004229319,alpha_in_UC,20
Oxidative_burst,Resolved; >=100 genes,full_gene,Donor3,0.0489717673242416,alpha_in_UC,20
Oxidative_burst,Resolved; >=100 genes,full_gene,Donor4,0.096997616653372,alpha_in_UC,20
Oxidative_burst,Resolved; >=100 genes,full_gene,Donor6,-0.211984827749485,alpha_in_UC,20
Oxidative_burst,Resolved; >=100 genes,identity_markers_removed,Donor1,-0.158467523170298,alpha_in_UC,20
Oxidative_burst,Resolved; >=100 genes,identity_markers_removed,Donor2,-0.121296004229319,alpha_in_UC,20
Oxidative_burst,Resolved; >=100 genes,identity_markers_removed,Donor3,0.0489717673242416,alpha_in_UC,20
Oxidative_burst,Resolved; >=100 genes,identity_markers_removed,Donor4,0.096997616653372,alpha_in_UC,20
Oxidative_burst,Resolved; >=100 genes,identity_markers_removed,Donor6,-0.211984827749485,alpha_in_UC,20
Phagocytosis,All annotated,full_gene,Donor1,-0.0728625302116774,alpha_in_UC,20
Phagocytosis,All annotated,full_gene,Donor2,-0.0697203746340916,alpha_in_UC,20
Phagocytosis,All annotated,full_gene,Donor3,-0.0769007592855434,alpha_in_UC,20
Phagocytosis,All annotated,full_gene,Donor4,-0.0445062684357766,alpha_in_UC,20
Phagocytosis,All annotated,full_gene,Donor6,-0.0425616163833584,alpha_in_UC,20
Phagocytosis,All annotated,identity_markers_removed,Donor1,-0.0728625302116774,alpha_in_UC,20
Phagocytosis,All annotated,identity_markers_removed,Donor2,-0.0697203746340916,alpha_in_UC,20
Phagocytosis,All annotated,identity_markers_removed,Donor3,-0.0769007592855434,alpha_in_UC,20
Phagocytosis,All annotated,identity_markers_removed,Donor4,-0.0445062684357766,alpha_in_UC,20
Phagocytosis,All annotated,identity_markers_removed,Donor6,-0.0425616163833584,alpha_in_UC,20
Phagocytosis,Resolved,full_gene,Donor1,-0.185936083311045,alpha_in_UC,20
Phagocytosis,Resolved,full_gene,Donor2,-0.179380292856195,alpha_in_UC,20
Phagocytosis,Resolved,full_gene,Donor3,-0.00118400529871823,alpha_in_UC,20
Phagocytosis,Resolved,full_gene,Donor4,0.0437790554309548,alpha_in_UC,20
Phagocytosis,Resolved,full_gene,Donor6,-0.177750307083072,alpha_in_UC,20
Phagocytosis,Resolved,identity_markers_removed,Donor1,-0.185936083311045,alpha_in_UC,20
Phagocytosis,Resolved,identity_markers_removed,Donor2,-0.179380292856195,alpha_in_UC,20
Phagocytosis,Resolved,identity_markers_removed,Donor3,-0.00118400529871823,alpha_in_UC,20
Phagocytosis,Resolved,identity_markers_removed,Donor4,0.0437790554309548,alpha_in_UC,20
Phagocytosis,Resolved,identity_markers_removed,Donor6,-0.177750307083072,alpha_in_UC,20
Phagocytosis,Resolved; >=100 genes,full_gene,Donor1,-0.21087376979408,alpha_in_UC,20
Phagocytosis,Resolved; >=100 genes,full_gene,Donor2,-0.200231334010793,alpha_in_UC,20
Phagocytosis,Resolved; >=100 genes,full_gene,Donor3,-0.00531689264102828,alpha_in_UC,20
Phagocytosis,Resolved; >=100 genes,full_gene,Donor4,0.0370871058754154,alpha_in_UC,20
Phagocytosis,Resolved; >=100 genes,full_gene,Donor6,-0.241743704422285,alpha_in_UC,20
Phagocytosis,Resolved; >=100 genes,identity_markers_removed,Donor1,-0.21087376979408,alpha_in_UC,20
Phagocytosis,Resolved; >=100 genes,identity_markers_removed,Donor2,-0.200231334010793,alpha_in_UC,20
Phagocytosis,Resolved; >=100 genes,identity_markers_removed,Donor3,-0.00531689264102828,alpha_in_UC,20
Phagocytosis,Resolved; >=100 genes,identity_markers_removed,Donor4,0.0370871058754154,alpha_in_UC,20
Phagocytosis,Resolved; >=100 genes,identity_markers_removed,Donor6,-0.241743704422285,alpha_in_UC,20
Chemotaxis,All annotated,full_gene,Donor1,-0.079635865988557,alpha_in_UC,20
Chemotaxis,All annotated,full_gene,Donor2,-0.0742918228639725,alpha_in_UC,20
Chemotaxis,All annotated,full_gene,Donor3,-0.114894820333351,alpha_in_UC,20
Chemotaxis,All annotated,full_gene,Donor4,-0.0760051310987037,alpha_in_UC,20
Chemotaxis,All annotated,full_gene,Donor6,-0.0468310604232108,alpha_in_UC,20
Chemotaxis,All annotated,identity_markers_removed,Donor1,-0.0720398527492107,alpha_in_UC,20
Chemotaxis,All annotated,identity_markers_removed,Donor2,-0.0695984136264174,alpha_in_UC,20
Chemotaxis,All annotated,identity_markers_removed,Donor3,-0.0980158104465784,alpha_in_UC,20
Chemotaxis,All annotated,identity_markers_removed,Donor4,-0.0667881317405935,alpha_in_UC,20
Chemotaxis,All annotated,identity_markers_removed,Donor6,-0.0442177599867624,alpha_in_UC,20
Chemotaxis,Resolved,full_gene,Donor1,-0.167235847632033,alpha_in_UC,20
Chemotaxis,Resolved,full_gene,Donor2,-0.197474765547845,alpha_in_UC,20
Chemotaxis,Resolved,full_gene,Donor3,-0.0648110056944146,alpha_in_UC,20
Chemotaxis,Resolved,full_gene,Donor4,-0.0223858202373186,alpha_in_UC,20
Chemotaxis,Resolved,full_gene,Donor6,-0.230670943268595,alpha_in_UC,20
Chemotaxis,Resolved,identity_markers_removed,Donor1,-0.153094255701968,alpha_in_UC,20
Chemotaxis,Resolved,identity_markers_removed,Donor2,-0.177521127529844,alpha_in_UC,20
Chemotaxis,Resolved,identity_markers_removed,Donor3,-0.052544096768408,alpha_in_UC,20
Chemotaxis,Resolved,identity_markers_removed,Donor4,-0.0150247748687015,alpha_in_UC,20
Chemotaxis,Resolved,identity_markers_removed,Donor6,-0.219032185918135,alpha_in_UC,20
Chemotaxis,Resolved; >=100 genes,full_gene,Donor1,-0.190738897583296,alpha_in_UC,20
Chemotaxis,Resolved; >=100 genes,full_gene,Donor2,-0.221477918284564,alpha_in_UC,20
Chemotaxis,Resolved; >=100 genes,full_gene,Donor3,-0.0689766444971786,alpha_in_UC,20
Chemotaxis,Resolved; >=100 genes,full_gene,Donor4,-0.0276735261864166,alpha_in_UC,20
Chemotaxis,Resolved; >=100 genes,full_gene,Donor6,-0.293358143364023,alpha_in_UC,20
Chemotaxis,Resolved; >=100 genes,identity_markers_removed,Donor1,-0.183141430984291,alpha_in_UC,20
Chemotaxis,Resolved; >=100 genes,identity_markers_removed,Donor2,-0.200888668021672,alpha_in_UC,20
Chemotaxis,Resolved; >=100 genes,identity_markers_removed,Donor3,-0.0572667244482968,alpha_in_UC,20
Chemotaxis,Resolved; >=100 genes,identity_markers_removed,Donor4,-0.0208489858858528,alpha_in_UC,20
Chemotaxis,Resolved; >=100 genes,identity_markers_removed,Donor6,-0.28299897925335,alpha_in_UC,20
OSM_inflammation,All annotated,full_gene,Donor1,0.000290245730540761,alpha_in_UC,20
OSM_inflammation,All annotated,full_gene,Donor2,-0.00178854217367019,alpha_in_UC,20
OSM_inflammation,All annotated,full_gene,Donor3,-0.0910012748936133,alpha_in_UC,20
OSM_inflammation,All annotated,full_gene,Donor4,-0.0840904152874666,alpha_in_UC,20
OSM_inflammation,All annotated,full_gene,Donor6,-0.00377517012174872,alpha_in_UC,20
OSM_inflammation,All annotated,identity_markers_removed,Donor1,0.00997909896172589,alpha_in_UC,20
OSM_inflammation,All annotated,identity_markers_removed,Donor2,0.0107678080493327,alpha_in_UC,20
OSM_inflammation,All annotated,identity_markers_removed,Donor3,-0.0907755425801103,alpha_in_UC,20
OSM_inflammation,All annotated,identity_markers_removed,Donor4,-0.0881198061850311,alpha_in_UC,20
OSM_inflammation,All annotated,identity_markers_removed,Donor6,0.0032262467157988,alpha_in_UC,20
OSM_inflammation,Resolved,full_gene,Donor1,-0.0539333718571338,alpha_in_UC,20
OSM_inflammation,Resolved,full_gene,Donor2,-0.0742362702108873,alpha_in_UC,20
OSM_inflammation,Resolved,full_gene,Donor3,-0.0135083006541677,alpha_in_UC,20
OSM_inflammation,Resolved,full_gene,Donor4,-0.0364726150493403,alpha_in_UC,20
OSM_inflammation,Resolved,full_gene,Donor6,-0.189023049273225,alpha_in_UC,20
OSM_inflammation,Resolved,identity_markers_removed,Donor1,-0.0422314933501682,alpha_in_UC,20
OSM_inflammation,Resolved,identity_markers_removed,Donor2,-0.0512627139325338,alpha_in_UC,20
OSM_inflammation,Resolved,identity_markers_removed,Donor3,-0.022529724160045,alpha_in_UC,20
OSM_inflammation,Resolved,identity_markers_removed,Donor4,-0.0453273784008734,alpha_in_UC,20
OSM_inflammation,Resolved,identity_markers_removed,Donor6,-0.167355282155337,alpha_in_UC,20
OSM_inflammation,Resolved; >=100 genes,full_gene,Donor1,-0.0946867402598768,alpha_in_UC,20
OSM_inflammation,Resolved; >=100 genes,full_gene,Donor2,-0.097940971862355,alpha_in_UC,20
OSM_inflammation,Resolved; >=100 genes,full_gene,Donor3,-0.0191681058340584,alpha_in_UC,20
OSM_inflammation,Resolved; >=100 genes,full_gene,Donor4,-0.0467239599109258,alpha_in_UC,20
OSM_inflammation,Resolved; >=100 genes,full_gene,Donor6,-0.245182632156119,alpha_in_UC,20
OSM_inflammation,Resolved; >=100 genes,identity_markers_removed,Donor1,-0.0814463056163908,alpha_in_UC,20
OSM_inflammation,Resolved; >=100 genes,identity_markers_removed,Donor2,-0.0718331767789983,alpha_in_UC,20
OSM_inflammation,Resolved; >=100 genes,identity_markers_removed,Donor3,-0.0282805520435463,alpha_in_UC,20
OSM_inflammation,Resolved; >=100 genes,identity_markers_removed,Donor4,-0.055346239959398,alpha_in_UC,20
OSM_inflammation,Resolved; >=100 genes,identity_markers_removed,Donor6,-0.220131583620094,alpha_in_UC,20
Type_I_interferon,All annotated,full_gene,Donor1,-0.00236854274813504,alpha_in_UC,20
Type_I_interferon,All annotated,full_gene,Donor2,0.00375539773148124,alpha_in_UC,20
Type_I_interferon,All annotated,full_gene,Donor3,-0.0053426304814378,alpha_in_UC,20
Type_I_interferon,All annotated,full_gene,Donor4,0.0194129907064127,alpha_in_UC,20
Type_I_interferon,All annotated,full_gene,Donor6,0.0122091199468955,alpha_in_UC,20
Type_I_interferon,All annotated,identity_markers_removed,Donor1,0.00449884419508678,alpha_in_UC,20
Type_I_interferon,All annotated,identity_markers_removed,Donor2,0.00568555816794255,alpha_in_UC,20
Type_I_interferon,All annotated,identity_markers_removed,Donor3,-0.00405047484447443,alpha_in_UC,20
Type_I_interferon,All annotated,identity_markers_removed,Donor4,0.0182339099873329,alpha_in_UC,20
Type_I_interferon,All annotated,identity_markers_removed,Donor6,0.0145592700660382,alpha_in_UC,20
Type_I_interferon,Resolved,full_gene,Donor1,0.0141802334237274,alpha_in_UC,20
Type_I_interferon,Resolved,full_gene,Donor2,0.0157673248358169,alpha_in_UC,20
Type_I_interferon,Resolved,full_gene,Donor3,0.0113188247641197,alpha_in_UC,20
Type_I_interferon,Resolved,full_gene,Donor4,0.0390458300363167,alpha_in_UC,20
Type_I_interferon,Resolved,full_gene,Donor6,-0.0499318558693581,alpha_in_UC,20
Type_I_interferon,Resolved,identity_markers_removed,Donor1,0.0296425152385118,alpha_in_UC,20
Type_I_interferon,Resolved,identity_markers_removed,Donor2,0.0156858658464788,alpha_in_UC,20
Type_I_interferon,Resolved,identity_markers_removed,Donor3,0.0131442181376114,alpha_in_UC,20
Type_I_interferon,Resolved,identity_markers_removed,Donor4,0.037025654791663,alpha_in_UC,20
Type_I_interferon,Resolved,identity_markers_removed,Donor6,-0.0547470150703326,alpha_in_UC,20
Type_I_interferon,Resolved; >=100 genes,full_gene,Donor1,0.00984972003313123,alpha_in_UC,20
Type_I_interferon,Resolved; >=100 genes,full_gene,Donor2,0.0136089687169385,alpha_in_UC,20
Type_I_interferon,Resolved; >=100 genes,full_gene,Donor3,0.0104226260919112,alpha_in_UC,20
Type_I_interferon,Resolved; >=100 genes,full_gene,Donor4,0.0379712326328652,alpha_in_UC,20
Type_I_interferon,Resolved; >=100 genes,full_gene,Donor6,-0.065599798928319,alpha_in_UC,20
Type_I_interferon,Resolved; >=100 genes,identity_markers_removed,Donor1,0.02657453273333,alpha_in_UC,20
Type_I_interferon,Resolved; >=100 genes,identity_markers_removed,Donor2,0.0133501399198288,alpha_in_UC,20
Type_I_interferon,Resolved; >=100 genes,identity_markers_removed,Donor3,0.0122377099788969,alpha_in_UC,20
Type_I_interferon,Resolved; >=100 genes,identity_markers_removed,Donor4,0.0359266386674899,alpha_in_UC,20
Type_I_interferon,Resolved; >=100 genes,identity_markers_removed,Donor6,-0.0715738254254298,alpha_in_UC,20
Immature_granulopoiesis,All annotated,full_gene,Donor1,0.0861795268117178,alpha_in_UC,20
Immature_granulopoiesis,All annotated,full_gene,Donor2,0.0770429641514937,alpha_in_UC,20
Immature_granulopoiesis,All annotated,full_gene,Donor3,0.0651080716296648,alpha_in_UC,20
Immature_granulopoiesis,All annotated,full_gene,Donor4,0.0633146809850086,alpha_in_UC,20
Immature_granulopoiesis,All annotated,full_gene,Donor6,0.0919097688830976,alpha_in_UC,20
Immature_granulopoiesis,All annotated,identity_markers_removed,Donor1,0.0861795268117178,alpha_in_UC,20
Immature_granulopoiesis,All annotated,identity_markers_removed,Donor2,0.0770429641514937,alpha_in_UC,20
Immature_granulopoiesis,All annotated,identity_markers_removed,Donor3,0.0651080716296648,alpha_in_UC,20
Immature_granulopoiesis,All annotated,identity_markers_removed,Donor4,0.0633146809850086,alpha_in_UC,20
Immature_granulopoiesis,All annotated,identity_markers_removed,Donor6,0.0919097688830976,alpha_in_UC,20
Immature_granulopoiesis,Resolved,full_gene,Donor1,0.108644647622761,alpha_in_UC,20
Immature_granulopoiesis,Resolved,full_gene,Donor2,0.102014065411786,alpha_in_UC,20
Immature_granulopoiesis,Resolved,full_gene,Donor3,0.0816612618671542,alpha_in_UC,20
Immature_granulopoiesis,Resolved,full_gene,Donor4,0.0547466045691923,alpha_in_UC,20
Immature_granulopoiesis,Resolved,full_gene,Donor6,0.135272840510875,alpha_in_UC,20
Immature_granulopoiesis,Resolved,identity_markers_removed,Donor1,0.108644647622761,alpha_in_UC,20
Immature_granulopoiesis,Resolved,identity_markers_removed,Donor2,0.102014065411786,alpha_in_UC,20
Immature_granulopoiesis,Resolved,identity_markers_removed,Donor3,0.0816612618671542,alpha_in_UC,20
Immature_granulopoiesis,Resolved,identity_markers_removed,Donor4,0.0547466045691923,alpha_in_UC,20
Immature_granulopoiesis,Resolved,identity_markers_removed,Donor6,0.135272840510875,alpha_in_UC,20
Immature_granulopoiesis,Resolved; >=100 genes,full_gene,Donor1,0.114937954042068,alpha_in_UC,20
Immature_granulopoiesis,Resolved; >=100 genes,full_gene,Donor2,0.109991846062405,alpha_in_UC,20
Immature_granulopoiesis,Resolved; >=100 genes,full_gene,Donor3,0.0823719041703107,alpha_in_UC,20
Immature_granulopoiesis,Resolved; >=100 genes,full_gene,Donor4,0.0567816249744393,alpha_in_UC,20
Immature_granulopoiesis,Resolved; >=100 genes,full_gene,Donor6,0.131418874600963,alpha_in_UC,20
Immature_granulopoiesis,Resolved; >=100 genes,identity_markers_removed,Donor1,0.114937954042068,alpha_in_UC,20
Immature_granulopoiesis,Resolved; >=100 genes,identity_markers_removed,Donor2,0.109991846062405,alpha_in_UC,20
Immature_granulopoiesis,Resolved; >=100 genes,identity_markers_removed,Donor3,0.0823719041703107,alpha_in_UC,20
Immature_granulopoiesis,Resolved; >=100 genes,identity_markers_removed,Donor4,0.0567816249744393,alpha_in_UC,20
Immature_granulopoiesis,Resolved; >=100 genes,identity_markers_removed,Donor6,0.131418874600963,alpha_in_UC,20
Survival_antiapoptosis,All annotated,full_gene,Donor1,-0.0287262731664475,alpha_in_UC,20
Survival_antiapoptosis,All annotated,full_gene,Donor2,-0.0363291167136656,alpha_in_UC,20
Survival_antiapoptosis,All annotated,full_gene,Donor3,-0.0444309383530255,alpha_in_UC,20
Survival_antiapoptosis,All annotated,full_gene,Donor4,-0.0352876721096937,alpha_in_UC,20
Survival_antiapoptosis,All annotated,full_gene,Donor6,0.0527357115696962,alpha_in_UC,20
Survival_antiapoptosis,All annotated,identity_markers_removed,Donor1,-0.0287262731664475,alpha_in_UC,20
Survival_antiapoptosis,All annotated,identity_markers_removed,Donor2,-0.0363291167136656,alpha_in_UC,20
Survival_antiapoptosis,All annotated,identity_markers_removed,Donor3,-0.0444309383530255,alpha_in_UC,20
Survival_antiapoptosis,All annotated,identity_markers_removed,Donor4,-0.0352876721096937,alpha_in_UC,20
Survival_antiapoptosis,All annotated,identity_markers_removed,Donor6,0.0527357115696962,alpha_in_UC,20
Survival_antiapoptosis,Resolved,full_gene,Donor1,-0.115646005420083,alpha_in_UC,20
Survival_antiapoptosis,Resolved,full_gene,Donor2,-0.100899650844963,alpha_in_UC,20
Survival_antiapoptosis,Resolved,full_gene,Donor3,0.018887993211241,alpha_in_UC,20
Survival_antiapoptosis,Resolved,full_gene,Donor4,0.0159066649898538,alpha_in_UC,20
Survival_antiapoptosis,Resolved,full_gene,Donor6,-0.0879436665511494,alpha_in_UC,20
Survival_antiapoptosis,Resolved,identity_markers_removed,Donor1,-0.115646005420083,alpha_in_UC,20
Survival_antiapoptosis,Resolved,identity_markers_removed,Donor2,-0.100899650844963,alpha_in_UC,20
Survival_antiapoptosis,Resolved,identity_markers_removed,Donor3,0.018887993211241,alpha_in_UC,20
Survival_antiapoptosis,Resolved,identity_markers_removed,Donor4,0.0159066649898538,alpha_in_UC,20
Survival_antiapoptosis,Resolved,identity_markers_removed,Donor6,-0.0879436665511494,alpha_in_UC,20
Survival_antiapoptosis,Resolved; >=100 genes,full_gene,Donor1,-0.141797053134834,alpha_in_UC,20
Survival_antiapoptosis,Resolved; >=100 genes,full_gene,Donor2,-0.120103838869499,alpha_in_UC,20
Survival_antiapoptosis,Resolved; >=100 genes,full_gene,Donor3,0.0147924225707327,alpha_in_UC,20
Survival_antiapoptosis,Resolved; >=100 genes,full_gene,Donor4,0.00702938574641951,alpha_in_UC,20
Survival_antiapoptosis,Resolved; >=100 genes,full_gene,Donor6,-0.138722418472852,alpha_in_UC,20
Survival_antiapoptosis,Resolved; >=100 genes,identity_markers_removed,Donor1,-0.141797053134834,alpha_in_UC,20
Survival_antiapoptosis,Resolved; >=100 genes,identity_markers_removed,Donor2,-0.120103838869499,alpha_in_UC,20
Survival_antiapoptosis,Resolved; >=100 genes,identity_markers_removed,Donor3,0.0147924225707327,alpha_in_UC,20
Survival_antiapoptosis,Resolved; >=100 genes,identity_markers_removed,Donor4,0.00702938574641951,alpha_in_UC,20
Survival_antiapoptosis,Resolved; >=100 genes,identity_markers_removed,Donor6,-0.138722418472852,alpha_in_UC,20
Hypoxia_glycolysis,All annotated,full_gene,Donor1,0.0038226169993319,alpha_in_UC,20
Hypoxia_glycolysis,All annotated,full_gene,Donor2,-0.0103118209507184,alpha_in_UC,20
Hypoxia_glycolysis,All annotated,full_gene,Donor3,0.0244002977129342,alpha_in_UC,20
Hypoxia_glycolysis,All annotated,full_gene,Donor4,0.0372674549551219,alpha_in_UC,20
Hypoxia_glycolysis,All annotated,full_gene,Donor6,0.00158240958808098,alpha_in_UC,20
Hypoxia_glycolysis,All annotated,identity_markers_removed,Donor1,0.0038226169993319,alpha_in_UC,20
Hypoxia_glycolysis,All annotated,identity_markers_removed,Donor2,-0.0103118209507184,alpha_in_UC,20
Hypoxia_glycolysis,All annotated,identity_markers_removed,Donor3,0.0244002977129342,alpha_in_UC,20
Hypoxia_glycolysis,All annotated,identity_markers_removed,Donor4,0.0372674549551219,alpha_in_UC,20
Hypoxia_glycolysis,All annotated,identity_markers_removed,Donor6,0.00158240958808098,alpha_in_UC,20
Hypoxia_glycolysis,Resolved,full_gene,Donor1,-0.00493608665797974,alpha_in_UC,20
Hypoxia_glycolysis,Resolved,full_gene,Donor2,-0.0369862478688496,alpha_in_UC,20
Hypoxia_glycolysis,Resolved,full_gene,Donor3,0.0773709839840597,alpha_in_UC,20
Hypoxia_glycolysis,Resolved,full_gene,Donor4,0.0833060094844421,alpha_in_UC,20
Hypoxia_glycolysis,Resolved,full_gene,Donor6,-0.0621009079823229,alpha_in_UC,20
Hypoxia_glycolysis,Resolved,identity_markers_removed,Donor1,-0.00493608665797974,alpha_in_UC,20
Hypoxia_glycolysis,Resolved,identity_markers_removed,Donor2,-0.0369862478688496,alpha_in_UC,20
Hypoxia_glycolysis,Resolved,identity_markers_removed,Donor3,0.0773709839840597,alpha_in_UC,20
Hypoxia_glycolysis,Resolved,identity_markers_removed,Donor4,0.0833060094844421,alpha_in_UC,20
Hypoxia_glycolysis,Resolved,identity_markers_removed,Donor6,-0.0621009079823229,alpha_in_UC,20
Hypoxia_glycolysis,Resolved; >=100 genes,full_gene,Donor1,-0.0219705452842894,alpha_in_UC,20
Hypoxia_glycolysis,Resolved; >=100 genes,full_gene,Donor2,-0.0519753353218924,alpha_in_UC,20
Hypoxia_glycolysis,Resolved; >=100 genes,full_gene,Donor3,0.0762919512120513,alpha_in_UC,20
Hypoxia_glycolysis,Resolved; >=100 genes,full_gene,Donor4,0.0803957644095192,alpha_in_UC,20
Hypoxia_glycolysis,Resolved; >=100 genes,full_gene,Donor6,-0.0912881502430663,alpha_in_UC,20
Hypoxia_glycolysis,Resolved; >=100 genes,identity_markers_removed,Donor1,-0.0219705452842894,alpha_in_UC,20
Hypoxia_glycolysis,Resolved; >=100 genes,identity_markers_removed,Donor2,-0.0519753353218924,alpha_in_UC,20
Hypoxia_glycolysis,Resolved; >=100 genes,identity_markers_removed,Donor3,0.0762919512120513,alpha_in_UC,20
Hypoxia_glycolysis,Resolved; >=100 genes,identity_markers_removed,Donor4,0.0803957644095192,alpha_in_UC,20
Hypoxia_glycolysis,Resolved; >=100 genes,identity_markers_removed,Donor6,-0.0912881502430663,alpha_in_UC,20
ER_stress,All annotated,full_gene,Donor1,-0.0717844911160696,alpha_in_UC,20
ER_stress,All annotated,full_gene,Donor2,-0.0522556787893619,alpha_in_UC,20
ER_stress,All annotated,full_gene,Donor3,-0.0765881676509671,alpha_in_UC,20
ER_stress,All annotated,full_gene,Donor4,-0.0558988068939612,alpha_in_UC,20
ER_stress,All annotated,full_gene,Donor6,-0.0318472631606009,alpha_in_UC,20
ER_stress,All annotated,identity_markers_removed,Donor1,-0.0717844911160696,alpha_in_UC,20
ER_stress,All annotated,identity_markers_removed,Donor2,-0.0522556787893619,alpha_in_UC,20
ER_stress,All annotated,identity_markers_removed,Donor3,-0.0765881676509671,alpha_in_UC,20
ER_stress,All annotated,identity_markers_removed,Donor4,-0.0558988068939612,alpha_in_UC,20
ER_stress,All annotated,identity_markers_removed,Donor6,-0.0318472631606009,alpha_in_UC,20
ER_stress,Resolved,full_gene,Donor1,-0.162026761196944,alpha_in_UC,20
ER_stress,Resolved,full_gene,Donor2,-0.173991497799739,alpha_in_UC,20
ER_stress,Resolved,full_gene,Donor3,-0.0315629778856843,alpha_in_UC,20
ER_stress,Resolved,full_gene,Donor4,-0.0113383412172549,alpha_in_UC,20
ER_stress,Resolved,full_gene,Donor6,-0.154231440762665,alpha_in_UC,20
ER_stress,Resolved,identity_markers_removed,Donor1,-0.162026761196944,alpha_in_UC,20
ER_stress,Resolved,identity_markers_removed,Donor2,-0.173991497799739,alpha_in_UC,20
ER_stress,Resolved,identity_markers_removed,Donor3,-0.0315629778856843,alpha_in_UC,20
ER_stress,Resolved,identity_markers_removed,Donor4,-0.0113383412172549,alpha_in_UC,20
ER_stress,Resolved,identity_markers_removed,Donor6,-0.154231440762665,alpha_in_UC,20
ER_stress,Resolved; >=100 genes,full_gene,Donor1,-0.198228739872033,alpha_in_UC,20
ER_stress,Resolved; >=100 genes,full_gene,Donor2,-0.202485615390833,alpha_in_UC,20
ER_stress,Resolved; >=100 genes,full_gene,Donor3,-0.0351307322785221,alpha_in_UC,20
ER_stress,Resolved; >=100 genes,full_gene,Donor4,-0.0178538939567112,alpha_in_UC,20
ER_stress,Resolved; >=100 genes,full_gene,Donor6,-0.198936591860054,alpha_in_UC,20
ER_stress,Resolved; >=100 genes,identity_markers_removed,Donor1,-0.198228739872033,alpha_in_UC,20
ER_stress,Resolved; >=100 genes,identity_markers_removed,Donor2,-0.202485615390833,alpha_in_UC,20
ER_stress,Resolved; >=100 genes,identity_markers_removed,Donor3,-0.0351307322785221,alpha_in_UC,20
ER_stress,Resolved; >=100 genes,identity_markers_removed,Donor4,-0.0178538939567112,alpha_in_UC,20
ER_stress,Resolved; >=100 genes,identity_markers_removed,Donor6,-0.198936591860054,alpha_in_UC,20
Proliferation_stress,All annotated,full_gene,Donor1,0.0248876951436024,alpha_in_UC,20
Proliferation_stress,All annotated,full_gene,Donor2,0.0182139811069276,alpha_in_UC,20
Proliferation_stress,All annotated,full_gene,Donor3,0.0253761152164285,alpha_in_UC,20
Proliferation_stress,All annotated,full_gene,Donor4,0.0297035173573756,alpha_in_UC,20
Proliferation_stress,All annotated,full_gene,Donor6,-0.00298655362958554,alpha_in_UC,20
Proliferation_stress,All annotated,identity_markers_removed,Donor1,0.0248876951436024,alpha_in_UC,20
Proliferation_stress,All annotated,identity_markers_removed,Donor2,0.0182139811069276,alpha_in_UC,20
Proliferation_stress,All annotated,identity_markers_removed,Donor3,0.0253761152164285,alpha_in_UC,20
Proliferation_stress,All annotated,identity_markers_removed,Donor4,0.0297035173573756,alpha_in_UC,20
Proliferation_stress,All annotated,identity_markers_removed,Donor6,-0.00298655362958554,alpha_in_UC,20
Proliferation_stress,Resolved,full_gene,Donor1,0.0393559195774845,alpha_in_UC,20
Proliferation_stress,Resolved,full_gene,Donor2,0.0151655559821567,alpha_in_UC,20
Proliferation_stress,Resolved,full_gene,Donor3,0.0305731262957651,alpha_in_UC,20
Proliferation_stress,Resolved,full_gene,Donor4,0.0446611995867557,alpha_in_UC,20
Proliferation_stress,Resolved,full_gene,Donor6,-0.0727270773673384,alpha_in_UC,20
Proliferation_stress,Resolved,identity_markers_removed,Donor1,0.0393559195774845,alpha_in_UC,20
Proliferation_stress,Resolved,identity_markers_removed,Donor2,0.0151655559821567,alpha_in_UC,20
Proliferation_stress,Resolved,identity_markers_removed,Donor3,0.0305731262957651,alpha_in_UC,20
Proliferation_stress,Resolved,identity_markers_removed,Donor4,0.0446611995867557,alpha_in_UC,20
Proliferation_stress,Resolved,identity_markers_removed,Donor6,-0.0727270773673384,alpha_in_UC,20
Proliferation_stress,Resolved; >=100 genes,full_gene,Donor1,0.0322942932657826,alpha_in_UC,20
Proliferation_stress,Resolved; >=100 genes,full_gene,Donor2,0.00470867630361225,alpha_in_UC,20
Proliferation_stress,Resolved; >=100 genes,full_gene,Donor3,0.03024763001701,alpha_in_UC,20
Proliferation_stress,Resolved; >=100 genes,full_gene,Donor4,0.0440732213419111,alpha_in_UC,20
Proliferation_stress,Resolved; >=100 genes,full_gene,Donor6,-0.0992304214519548,alpha_in_UC,20
Proliferation_stress,Resolved; >=100 genes,identity_markers_removed,Donor1,0.0322942932657826,alpha_in_UC,20
Proliferation_stress,Resolved; >=100 genes,identity_markers_removed,Donor2,0.00470867630361225,alpha_in_UC,20
Proliferation_stress,Resolved; >=100 genes,identity_markers_removed,Donor3,0.03024763001701,alpha_in_UC,20
Proliferation_stress,Resolved; >=100 genes,identity_markers_removed,Donor4,0.0440732213419111,alpha_in_UC,20
Proliferation_stress,Resolved; >=100 genes,identity_markers_removed,Donor6,-0.0992304214519548,alpha_in_UC,20
Integrin_adhesion,All annotated,full_gene,Donor1,-0.0378458126894169,alpha_in_UC,20
Integrin_adhesion,All annotated,full_gene,Donor2,-0.0307847732367277,alpha_in_UC,20
Integrin_adhesion,All annotated,full_gene,Donor3,-0.0252505776386531,alpha_in_UC,20
Integrin_adhesion,All annotated,full_gene,Donor4,-0.0121182108841096,alpha_in_UC,20
Integrin_adhesion,All annotated,full_gene,Donor6,-0.0302210498269081,alpha_in_UC,20
Integrin_adhesion,All annotated,identity_markers_removed,Donor1,-0.0378458126894169,alpha_in_UC,20
Integrin_adhesion,All annotated,identity_markers_removed,Donor2,-0.0307847732367277,alpha_in_UC,20
Integrin_adhesion,All annotated,identity_markers_removed,Donor3,-0.0252505776386531,alpha_in_UC,20
Integrin_adhesion,All annotated,identity_markers_removed,Donor4,-0.0121182108841096,alpha_in_UC,20
Integrin_adhesion,All annotated,identity_markers_removed,Donor6,-0.0302210498269081,alpha_in_UC,20
Integrin_adhesion,Resolved,full_gene,Donor1,-0.106693144921841,alpha_in_UC,20
Integrin_adhesion,Resolved,full_gene,Donor2,-0.0826732834399602,alpha_in_UC,20
Integrin_adhesion,Resolved,full_gene,Donor3,0.0397677922075942,alpha_in_UC,20
Integrin_adhesion,Resolved,full_gene,Donor4,0.0456831020820759,alpha_in_UC,20
Integrin_adhesion,Resolved,full_gene,Donor6,-0.11904926710054,alpha_in_UC,20
Integrin_adhesion,Resolved,identity_markers_removed,Donor1,-0.106693144921841,alpha_in_UC,20
Integrin_adhesion,Resolved,identity_markers_removed,Donor2,-0.0826732834399602,alpha_in_UC,20
Integrin_adhesion,Resolved,identity_markers_removed,Donor3,0.0397677922075942,alpha_in_UC,20
Integrin_adhesion,Resolved,identity_markers_removed,Donor4,0.0456831020820759,alpha_in_UC,20
Integrin_adhesion,Resolved,identity_markers_removed,Donor6,-0.11904926710054,alpha_in_UC,20
Integrin_adhesion,Resolved; >=100 genes,full_gene,Donor1,-0.118042735431285,alpha_in_UC,20
Integrin_adhesion,Resolved; >=100 genes,full_gene,Donor2,-0.0925156282066561,alpha_in_UC,20
Integrin_adhesion,Resolved; >=100 genes,full_gene,Donor3,0.0371571103951007,alpha_in_UC,20
Integrin_adhesion,Resolved; >=100 genes,full_gene,Donor4,0.042114745820052,alpha_in_UC,20
Integrin_adhesion,Resolved; >=100 genes,full_gene,Donor6,-0.15550310324951,alpha_in_UC,20
Integrin_adhesion,Resolved; >=100 genes,identity_markers_removed,Donor1,-0.118042735431285,alpha_in_UC,20
Integrin_adhesion,Resolved; >=100 genes,identity_markers_removed,Donor2,-0.0925156282066561,alpha_in_UC,20
Integrin_adhesion,Resolved; >=100 genes,identity_markers_removed,Donor3,0.0371571103951007,alpha_in_UC,20
Integrin_adhesion,Resolved; >=100 genes,identity_markers_removed,Donor4,0.042114745820052,alpha_in_UC,20
Integrin_adhesion,Resolved; >=100 genes,identity_markers_removed,Donor6,-0.15550310324951,alpha_in_UC,20
CXCR4_aging_retention,All annotated,full_gene,Donor1,-0.0922467415041678,alpha_in_UC,20
CXCR4_aging_retention,All annotated,full_gene,Donor2,-0.0841108541765471,alpha_in_UC,20
CXCR4_aging_retention,All annotated,full_gene,Donor3,-0.163777334299655,alpha_in_UC,20
CXCR4_aging_retention,All annotated,full_gene,Donor4,-0.104311597470552,alpha_in_UC,20
CXCR4_aging_retention,All annotated,full_gene,Donor6,-0.0493248665542979,alpha_in_UC,20
CXCR4_aging_retention,All annotated,identity_markers_removed,Donor1,-0.084134498072205,alpha_in_UC,20
CXCR4_aging_retention,All annotated,identity_markers_removed,Donor2,-0.079503887506485,alpha_in_UC,20
CXCR4_aging_retention,All annotated,identity_markers_removed,Donor3,-0.149923223251434,alpha_in_UC,20
CXCR4_aging_retention,All annotated,identity_markers_removed,Donor4,-0.097069091643568,alpha_in_UC,20
CXCR4_aging_retention,All annotated,identity_markers_removed,Donor6,-0.0461650071694874,alpha_in_UC,20
CXCR4_aging_retention,Resolved,full_gene,Donor1,-0.231065944342467,alpha_in_UC,20
CXCR4_aging_retention,Resolved,full_gene,Donor2,-0.244276402815042,alpha_in_UC,20
CXCR4_aging_retention,Resolved,full_gene,Donor3,-0.107109181743222,alpha_in_UC,20
CXCR4_aging_retention,Resolved,full_gene,Donor4,-0.0484612296425038,alpha_in_UC,20
CXCR4_aging_retention,Resolved,full_gene,Donor6,-0.259800989780914,alpha_in_UC,20
CXCR4_aging_retention,Resolved,identity_markers_removed,Donor1,-0.224033734982464,alpha_in_UC,20
CXCR4_aging_retention,Resolved,identity_markers_removed,Donor2,-0.225701637043279,alpha_in_UC,20
CXCR4_aging_retention,Resolved,identity_markers_removed,Donor3,-0.0983951444565741,alpha_in_UC,20
CXCR4_aging_retention,Resolved,identity_markers_removed,Donor4,-0.043370848007477,alpha_in_UC,20
CXCR4_aging_retention,Resolved,identity_markers_removed,Donor6,-0.249332738792733,alpha_in_UC,20
CXCR4_aging_retention,Resolved; >=100 genes,full_gene,Donor1,-0.267444183640534,alpha_in_UC,20
CXCR4_aging_retention,Resolved; >=100 genes,full_gene,Donor2,-0.269155115683244,alpha_in_UC,20
CXCR4_aging_retention,Resolved; >=100 genes,full_gene,Donor3,-0.110745261131582,alpha_in_UC,20
CXCR4_aging_retention,Resolved; >=100 genes,full_gene,Donor4,-0.0532618662807684,alpha_in_UC,20
CXCR4_aging_retention,Resolved; >=100 genes,full_gene,Donor6,-0.334156053965807,alpha_in_UC,20
CXCR4_aging_retention,Resolved; >=100 genes,identity_markers_removed,Donor1,-0.272148787613374,alpha_in_UC,20
CXCR4_aging_retention,Resolved; >=100 genes,identity_markers_removed,Donor2,-0.249865604794931,alpha_in_UC,20
CXCR4_aging_retention,Resolved; >=100 genes,identity_markers_removed,Donor3,-0.102705096390028,alpha_in_UC,20
CXCR4_aging_retention,Resolved; >=100 genes,identity_markers_removed,Donor4,-0.0488251778788495,alpha_in_UC,20
CXCR4_aging_retention,Resolved; >=100 genes,identity_markers_removed,Donor6,-0.327812806331223,alpha_in_UC,20
NETosis,All annotated,full_gene,Donor1,0.0116926850508861,alpha_alone,20
NETosis,All annotated,full_gene,Donor2,0.00271013107132159,alpha_alone,20
NETosis,All annotated,full_gene,Donor3,0.0721363391113126,alpha_alone,20
NETosis,All annotated,full_gene,Donor4,0.197259859993615,alpha_alone,20
NETosis,All annotated,full_gene,Donor5,-0.0327869622496845,alpha_alone,20
NETosis,All annotated,identity_markers_removed,Donor1,0.00348213036852571,alpha_alone,20
NETosis,All annotated,identity_markers_removed,Donor2,0.00286897952945325,alpha_alone,20
NETosis,All annotated,identity_markers_removed,Donor3,0.0682890147635619,alpha_alone,20
NETosis,All annotated,identity_markers_removed,Donor4,0.192771045920811,alpha_alone,20
NETosis,All annotated,identity_markers_removed,Donor5,-0.034363840259627,alpha_alone,20
NETosis,Resolved,full_gene,Donor1,0.18406717548473,alpha_alone,20
NETosis,Resolved,full_gene,Donor2,0.168954193287646,alpha_alone,20
NETosis,Resolved,full_gene,Donor3,0.0692193897639395,alpha_alone,20
NETosis,Resolved,full_gene,Donor4,0.193981253871721,alpha_alone,20
NETosis,Resolved,full_gene,Donor5,0.20307853107723,alpha_alone,20
NETosis,Resolved,identity_markers_removed,Donor1,0.191518386001863,alpha_alone,20
NETosis,Resolved,identity_markers_removed,Donor2,0.16638162225224,alpha_alone,20
NETosis,Resolved,identity_markers_removed,Donor3,0.068108690608392,alpha_alone,20
NETosis,Resolved,identity_markers_removed,Donor4,0.190147197858769,alpha_alone,20
NETosis,Resolved,identity_markers_removed,Donor5,0.211020403448636,alpha_alone,20
NETosis,Resolved; >=100 genes,full_gene,Donor1,0.143523931648078,alpha_alone,20
NETosis,Resolved; >=100 genes,full_gene,Donor2,0.16258222389955,alpha_alone,20
NETosis,Resolved; >=100 genes,full_gene,Donor3,0.0780493646861977,alpha_alone,20
NETosis,Resolved; >=100 genes,full_gene,Donor4,0.156506441460701,alpha_alone,20
NETosis,Resolved; >=100 genes,full_gene,Donor5,0.187403515645639,alpha_alone,20
NETosis,Resolved; >=100 genes,identity_markers_removed,Donor1,0.153541621688183,alpha_alone,20
NETosis,Resolved; >=100 genes,identity_markers_removed,Donor2,0.158681582506453,alpha_alone,20
NETosis,Resolved; >=100 genes,identity_markers_removed,Donor3,0.0799062570382467,alpha_alone,20
NETosis,Resolved; >=100 genes,identity_markers_removed,Donor4,0.151246143923901,alpha_alone,20
NETosis,Resolved; >=100 genes,identity_markers_removed,Donor5,0.195974367250934,alpha_alone,20
Degranulation,All annotated,full_gene,Donor1,0.0241497431704645,alpha_alone,20
Degranulation,All annotated,full_gene,Donor2,-0.00678634878188711,alpha_alone,20
Degranulation,All annotated,full_gene,Donor3,-0.101058064814753,alpha_alone,20
Degranulation,All annotated,full_gene,Donor4,0.04422599551934,alpha_alone,20
Degranulation,All annotated,full_gene,Donor5,-0.0571923411154766,alpha_alone,20
Degranulation,All annotated,identity_markers_removed,Donor1,0.0241497431704645,alpha_alone,20
Degranulation,All annotated,identity_markers_removed,Donor2,-0.00678634878188711,alpha_alone,20
Degranulation,All annotated,identity_markers_removed,Donor3,-0.101058064814753,alpha_alone,20
Degranulation,All annotated,identity_markers_removed,Donor4,0.04422599551934,alpha_alone,20
Degranulation,All annotated,identity_markers_removed,Donor5,-0.0571923411154766,alpha_alone,20
Degranulation,Resolved,full_gene,Donor1,0.130964183049264,alpha_alone,20
Degranulation,Resolved,full_gene,Donor2,0.147152674719775,alpha_alone,20
Degranulation,Resolved,full_gene,Donor3,-0.0995542106311738,alpha_alone,20
Degranulation,Resolved,full_gene,Donor4,0.0506066019548203,alpha_alone,20
Degranulation,Resolved,full_gene,Donor5,0.135638628230986,alpha_alone,20
Degranulation,Resolved,identity_markers_removed,Donor1,0.130964183049264,alpha_alone,20
Degranulation,Resolved,identity_markers_removed,Donor2,0.147152674719775,alpha_alone,20
Degranulation,Resolved,identity_markers_removed,Donor3,-0.0995542106311738,alpha_alone,20
Degranulation,Resolved,identity_markers_removed,Donor4,0.0506066019548203,alpha_alone,20
Degranulation,Resolved,identity_markers_removed,Donor5,0.135638628230986,alpha_alone,20
Degranulation,Resolved; >=100 genes,full_gene,Donor1,0.0971557378029412,alpha_alone,20
Degranulation,Resolved; >=100 genes,full_gene,Donor2,0.123363103169639,alpha_alone,20
Degranulation,Resolved; >=100 genes,full_gene,Donor3,-0.143808633669294,alpha_alone,20
Degranulation,Resolved; >=100 genes,full_gene,Donor4,-0.0131306626355847,alpha_alone,20
Degranulation,Resolved; >=100 genes,full_gene,Donor5,0.100022721272855,alpha_alone,20
Degranulation,Resolved; >=100 genes,identity_markers_removed,Donor1,0.0971557378029412,alpha_alone,20
Degranulation,Resolved; >=100 genes,identity_markers_removed,Donor2,0.123363103169639,alpha_alone,20
Degranulation,Resolved; >=100 genes,identity_markers_removed,Donor3,-0.143808633669294,alpha_alone,20
Degranulation,Resolved; >=100 genes,identity_markers_removed,Donor4,-0.0131306626355847,alpha_alone,20
Degranulation,Resolved; >=100 genes,identity_markers_removed,Donor5,0.100022721272855,alpha_alone,20
Oxidative_burst,All annotated,full_gene,Donor1,-0.00917195683847039,alpha_alone,20
Oxidative_burst,All annotated,full_gene,Donor2,0.0320651381678951,alpha_alone,20
Oxidative_burst,All annotated,full_gene,Donor3,0.183660645022824,alpha_alone,20
Oxidative_burst,All annotated,full_gene,Donor4,0.275546078199297,alpha_alone,20
Oxidative_burst,All annotated,full_gene,Donor5,-0.0383103362717455,alpha_alone,20
Oxidative_burst,All annotated,identity_markers_removed,Donor1,-0.00917195683847039,alpha_alone,20
Oxidative_burst,All annotated,identity_markers_removed,Donor2,0.0320651381678951,alpha_alone,20
Oxidative_burst,All annotated,identity_markers_removed,Donor3,0.183660645022824,alpha_alone,20
Oxidative_burst,All annotated,identity_markers_removed,Donor4,0.275546078199297,alpha_alone,20
Oxidative_burst,All annotated,identity_markers_removed,Donor5,-0.0383103362717455,alpha_alone,20
Oxidative_burst,Resolved,full_gene,Donor1,0.295677470735479,alpha_alone,20
Oxidative_burst,Resolved,full_gene,Donor2,0.244683119348656,alpha_alone,20
Oxidative_burst,Resolved,full_gene,Donor3,0.222550816204144,alpha_alone,20
Oxidative_burst,Resolved,full_gene,Donor4,0.323437605167099,alpha_alone,20
Oxidative_burst,Resolved,full_gene,Donor5,0.295060507278052,alpha_alone,20
Oxidative_burst,Resolved,identity_markers_removed,Donor1,0.295677470735479,alpha_alone,20
Oxidative_burst,Resolved,identity_markers_removed,Donor2,0.244683119348656,alpha_alone,20
Oxidative_burst,Resolved,identity_markers_removed,Donor3,0.222550816204144,alpha_alone,20
Oxidative_burst,Resolved,identity_markers_removed,Donor4,0.323437605167099,alpha_alone,20
Oxidative_burst,Resolved,identity_markers_removed,Donor5,0.295060507278052,alpha_alone,20
Oxidative_burst,Resolved; >=100 genes,full_gene,Donor1,0.227376044519081,alpha_alone,20
Oxidative_burst,Resolved; >=100 genes,full_gene,Donor2,0.230638053201277,alpha_alone,20
Oxidative_burst,Resolved; >=100 genes,full_gene,Donor3,0.212033576851769,alpha_alone,20
Oxidative_burst,Resolved; >=100 genes,full_gene,Donor4,0.238783996021557,alpha_alone,20
Oxidative_burst,Resolved; >=100 genes,full_gene,Donor5,0.309991321998403,alpha_alone,20
Oxidative_burst,Resolved; >=100 genes,identity_markers_removed,Donor1,0.227376044519081,alpha_alone,20
Oxidative_burst,Resolved; >=100 genes,identity_markers_removed,Donor2,0.230638053201277,alpha_alone,20
Oxidative_burst,Resolved; >=100 genes,identity_markers_removed,Donor3,0.212033576851769,alpha_alone,20
Oxidative_burst,Resolved; >=100 genes,identity_markers_removed,Donor4,0.238783996021557,alpha_alone,20
Oxidative_burst,Resolved; >=100 genes,identity_markers_removed,Donor5,0.309991321998403,alpha_alone,20
Phagocytosis,All annotated,full_gene,Donor1,0.123249607528869,alpha_alone,20
Phagocytosis,All annotated,full_gene,Donor2,0.0719538277108671,alpha_alone,20
Phagocytosis,All annotated,full_gene,Donor3,0.317826840550446,alpha_alone,20
Phagocytosis,All annotated,full_gene,Donor4,0.469609523365014,alpha_alone,20
Phagocytosis,All annotated,full_gene,Donor5,0.0496252645081466,alpha_alone,20
Phagocytosis,All annotated,identity_markers_removed,Donor1,0.123249607528869,alpha_alone,20
Phagocytosis,All annotated,identity_markers_removed,Donor2,0.0719538277108671,alpha_alone,20
Phagocytosis,All annotated,identity_markers_removed,Donor3,0.317826840550446,alpha_alone,20
Phagocytosis,All annotated,identity_markers_removed,Donor4,0.469609523365014,alpha_alone,20
Phagocytosis,All annotated,identity_markers_removed,Donor5,0.0496252645081466,alpha_alone,20
Phagocytosis,Resolved,full_gene,Donor1,0.569068337903874,alpha_alone,20
Phagocytosis,Resolved,full_gene,Donor2,0.453625127487519,alpha_alone,20
Phagocytosis,Resolved,full_gene,Donor3,0.467322580160424,alpha_alone,20
Phagocytosis,Resolved,full_gene,Donor4,0.586739912516488,alpha_alone,20
Phagocytosis,Resolved,full_gene,Donor5,0.438338985947381,alpha_alone,20
Phagocytosis,Resolved,identity_markers_removed,Donor1,0.569068337903874,alpha_alone,20
Phagocytosis,Resolved,identity_markers_removed,Donor2,0.453625127487519,alpha_alone,20
Phagocytosis,Resolved,identity_markers_removed,Donor3,0.467322580160424,alpha_alone,20
Phagocytosis,Resolved,identity_markers_removed,Donor4,0.586739912516488,alpha_alone,20
Phagocytosis,Resolved,identity_markers_removed,Donor5,0.438338985947381,alpha_alone,20
Phagocytosis,Resolved; >=100 genes,full_gene,Donor1,0.52141713931395,alpha_alone,20
Phagocytosis,Resolved; >=100 genes,full_gene,Donor2,0.42821734152897,alpha_alone,20
Phagocytosis,Resolved; >=100 genes,full_gene,Donor3,0.442556452809106,alpha_alone,20
Phagocytosis,Resolved; >=100 genes,full_gene,Donor4,0.505142702051731,alpha_alone,20
Phagocytosis,Resolved; >=100 genes,full_gene,Donor5,0.486734431610707,alpha_alone,20
Phagocytosis,Resolved; >=100 genes,identity_markers_removed,Donor1,0.52141713931395,alpha_alone,20
Phagocytosis,Resolved; >=100 genes,identity_markers_removed,Donor2,0.42821734152897,alpha_alone,20
Phagocytosis,Resolved; >=100 genes,identity_markers_removed,Donor3,0.442556452809106,alpha_alone,20
Phagocytosis,Resolved; >=100 genes,identity_markers_removed,Donor4,0.505142702051731,alpha_alone,20
Phagocytosis,Resolved; >=100 genes,identity_markers_removed,Donor5,0.486734431610707,alpha_alone,20
Chemotaxis,All annotated,full_gene,Donor1,0.0838666161639642,alpha_alone,20
Chemotaxis,All annotated,full_gene,Donor2,0.0777932704524744,alpha_alone,20
Chemotaxis,All annotated,full_gene,Donor3,0.323312951187781,alpha_alone,20
Chemotaxis,All annotated,full_gene,Donor4,0.429663389852059,alpha_alone,20
Chemotaxis,All annotated,full_gene,Donor5,-0.00940706143512288,alpha_alone,20
Chemotaxis,All annotated,identity_markers_removed,Donor1,0.095947278654615,alpha_alone,20
Chemotaxis,All annotated,identity_markers_removed,Donor2,0.107519913307814,alpha_alone,20
Chemotaxis,All annotated,identity_markers_removed,Donor3,0.333258903062444,alpha_alone,20
Chemotaxis,All annotated,identity_markers_removed,Donor4,0.411086735496251,alpha_alone,20
Chemotaxis,All annotated,identity_markers_removed,Donor5,0.012375238942628,alpha_alone,20
Chemotaxis,Resolved,full_gene,Donor1,0.569004408425915,alpha_alone,20
Chemotaxis,Resolved,full_gene,Donor2,0.505567399683641,alpha_alone,20
Chemotaxis,Resolved,full_gene,Donor3,0.502586991638579,alpha_alone,20
Chemotaxis,Resolved,full_gene,Donor4,0.531992857490321,alpha_alone,20
Chemotaxis,Resolved,full_gene,Donor5,0.415818681484905,alpha_alone,20
Chemotaxis,Resolved,identity_markers_removed,Donor1,0.576606246734052,alpha_alone,20
Chemotaxis,Resolved,identity_markers_removed,Donor2,0.481856853994326,alpha_alone,20
Chemotaxis,Resolved,identity_markers_removed,Donor3,0.508113153252159,alpha_alone,20
Chemotaxis,Resolved,identity_markers_removed,Donor4,0.51179120468577,alpha_alone,20
Chemotaxis,Resolved,identity_markers_removed,Donor5,0.394547925876134,alpha_alone,20
Chemotaxis,Resolved; >=100 genes,full_gene,Donor1,0.518674178721309,alpha_alone,20
Chemotaxis,Resolved; >=100 genes,full_gene,Donor2,0.510504583508835,alpha_alone,20
Chemotaxis,Resolved; >=100 genes,full_gene,Donor3,0.503134644649808,alpha_alone,20
Chemotaxis,Resolved; >=100 genes,full_gene,Donor4,0.446652328659142,alpha_alone,20
Chemotaxis,Resolved; >=100 genes,full_gene,Donor5,0.441791507515477,alpha_alone,20
Chemotaxis,Resolved; >=100 genes,identity_markers_removed,Donor1,0.532169939791992,alpha_alone,20
Chemotaxis,Resolved; >=100 genes,identity_markers_removed,Donor2,0.502074722944346,alpha_alone,20
Chemotaxis,Resolved; >=100 genes,identity_markers_removed,Donor3,0.511937445962469,alpha_alone,20
Chemotaxis,Resolved; >=100 genes,identity_markers_removed,Donor4,0.432626353195078,alpha_alone,20
Chemotaxis,Resolved; >=100 genes,identity_markers_removed,Donor5,0.443933821366608,alpha_alone,20
OSM_inflammation,All annotated,full_gene,Donor1,0.0952915682219026,alpha_alone,20
OSM_inflammation,All annotated,full_gene,Donor2,0.0411347721188496,alpha_alone,20
OSM_inflammation,All annotated,full_gene,Donor3,0.279796695429121,alpha_alone,20
OSM_inflammation,All annotated,full_gene,Donor4,0.417618807989926,alpha_alone,20
OSM_inflammation,All annotated,full_gene,Donor5,-0.0116890292064532,alpha_alone,20
OSM_inflammation,All annotated,identity_markers_removed,Donor1,0.0878539640893109,alpha_alone,20
OSM_inflammation,All annotated,identity_markers_removed,Donor2,0.0426921701324433,alpha_alone,20
OSM_inflammation,All annotated,identity_markers_removed,Donor3,0.263420929230239,alpha_alone,20
OSM_inflammation,All annotated,identity_markers_removed,Donor4,0.399781494326918,alpha_alone,20
OSM_inflammation,All annotated,identity_markers_removed,Donor5,-0.013033218422119,alpha_alone,20
OSM_inflammation,Resolved,full_gene,Donor1,0.348671757633858,alpha_alone,20
OSM_inflammation,Resolved,full_gene,Donor2,0.273233267575147,alpha_alone,20
OSM_inflammation,Resolved,full_gene,Donor3,0.367655178816137,alpha_alone,20
OSM_inflammation,Resolved,full_gene,Donor4,0.408032630534979,alpha_alone,20
OSM_inflammation,Resolved,full_gene,Donor5,0.346536590337345,alpha_alone,20
OSM_inflammation,Resolved,identity_markers_removed,Donor1,0.317305975297752,alpha_alone,20
OSM_inflammation,Resolved,identity_markers_removed,Donor2,0.258224392288691,alpha_alone,20
OSM_inflammation,Resolved,identity_markers_removed,Donor3,0.332572679728837,alpha_alone,20
OSM_inflammation,Resolved,identity_markers_removed,Donor4,0.375312085689581,alpha_alone,20
OSM_inflammation,Resolved,identity_markers_removed,Donor5,0.328109921651033,alpha_alone,20
OSM_inflammation,Resolved; >=100 genes,full_gene,Donor1,0.296700717924328,alpha_alone,20
OSM_inflammation,Resolved; >=100 genes,full_gene,Donor2,0.314211436630368,alpha_alone,20
OSM_inflammation,Resolved; >=100 genes,full_gene,Donor3,0.351632616908226,alpha_alone,20
OSM_inflammation,Resolved; >=100 genes,full_gene,Donor4,0.340337036481445,alpha_alone,20
OSM_inflammation,Resolved; >=100 genes,full_gene,Donor5,0.401315003654242,alpha_alone,20
OSM_inflammation,Resolved; >=100 genes,identity_markers_removed,Donor1,0.257180725296699,alpha_alone,20
OSM_inflammation,Resolved; >=100 genes,identity_markers_removed,Donor2,0.302304615010478,alpha_alone,20
OSM_inflammation,Resolved; >=100 genes,identity_markers_removed,Donor3,0.305087060454194,alpha_alone,20
OSM_inflammation,Resolved; >=100 genes,identity_markers_removed,Donor4,0.313600355505021,alpha_alone,20
OSM_inflammation,Resolved; >=100 genes,identity_markers_removed,Donor5,0.371352027632109,alpha_alone,20
Type_I_interferon,All annotated,full_gene,Donor1,-0.0139443401466228,alpha_alone,20
Type_I_interferon,All annotated,full_gene,Donor2,0.0241685621409544,alpha_alone,20
Type_I_interferon,All annotated,full_gene,Donor3,0.0433846732117309,alpha_alone,20
Type_I_interferon,All annotated,full_gene,Donor4,0.0532851044178701,alpha_alone,20
Type_I_interferon,All annotated,full_gene,Donor5,-0.0501719320358271,alpha_alone,20
Type_I_interferon,All annotated,identity_markers_removed,Donor1,-0.0152120074326794,alpha_alone,20
Type_I_interferon,All annotated,identity_markers_removed,Donor2,0.0479346834005121,alpha_alone,20
Type_I_interferon,All annotated,identity_markers_removed,Donor3,0.0492781236339645,alpha_alone,20
Type_I_interferon,All annotated,identity_markers_removed,Donor4,0.0571482966811619,alpha_alone,20
Type_I_interferon,All annotated,identity_markers_removed,Donor5,-0.0456603451326009,alpha_alone,20
Type_I_interferon,Resolved,full_gene,Donor1,0.0250199972712021,alpha_alone,20
Type_I_interferon,Resolved,full_gene,Donor2,0.0866163901326534,alpha_alone,20
Type_I_interferon,Resolved,full_gene,Donor3,0.0415948021000672,alpha_alone,20
Type_I_interferon,Resolved,full_gene,Donor4,0.0851570929722814,alpha_alone,20
Type_I_interferon,Resolved,full_gene,Donor5,0.0676208734673875,alpha_alone,20
Type_I_interferon,Resolved,identity_markers_removed,Donor1,0.027294542477675,alpha_alone,20
Type_I_interferon,Resolved,identity_markers_removed,Donor2,0.086135117723619,alpha_alone,20
Type_I_interferon,Resolved,identity_markers_removed,Donor3,0.0524877668625744,alpha_alone,20
Type_I_interferon,Resolved,identity_markers_removed,Donor4,0.097941100929007,alpha_alone,20
Type_I_interferon,Resolved,identity_markers_removed,Donor5,0.0696057952450964,alpha_alone,20
Type_I_interferon,Resolved; >=100 genes,full_gene,Donor1,0.00146822259775416,alpha_alone,20
Type_I_interferon,Resolved; >=100 genes,full_gene,Donor2,0.0915947485673684,alpha_alone,20
Type_I_interferon,Resolved; >=100 genes,full_gene,Donor3,0.0415897076900957,alpha_alone,20
Type_I_interferon,Resolved; >=100 genes,full_gene,Donor4,0.0615910584478974,alpha_alone,20
Type_I_interferon,Resolved; >=100 genes,full_gene,Donor5,0.0615969720532572,alpha_alone,20
Type_I_interferon,Resolved; >=100 genes,identity_markers_removed,Donor1,0.00160169737936817,alpha_alone,20
Type_I_interferon,Resolved; >=100 genes,identity_markers_removed,Donor2,0.0929073358011243,alpha_alone,20
Type_I_interferon,Resolved; >=100 genes,identity_markers_removed,Donor3,0.054111225725129,alpha_alone,20
Type_I_interferon,Resolved; >=100 genes,identity_markers_removed,Donor4,0.0767990595212326,alpha_alone,20
Type_I_interferon,Resolved; >=100 genes,identity_markers_removed,Donor5,0.0623187284942301,alpha_alone,20
Immature_granulopoiesis,All annotated,full_gene,Donor1,-0.0193014539920049,alpha_alone,20
Immature_granulopoiesis,All annotated,full_gene,Donor2,-0.0266444029729041,alpha_alone,20
Immature_granulopoiesis,All annotated,full_gene,Donor3,-0.215762465183761,alpha_alone,20
Immature_granulopoiesis,All annotated,full_gene,Donor4,-0.102376773897612,alpha_alone,20
Immature_granulopoiesis,All annotated,full_gene,Donor5,-0.124477198548449,alpha_alone,20
Immature_granulopoiesis,All annotated,identity_markers_removed,Donor1,-0.0193014539920049,alpha_alone,20
Immature_granulopoiesis,All annotated,identity_markers_removed,Donor2,-0.0266444029729041,alpha_alone,20
Immature_granulopoiesis,All annotated,identity_markers_removed,Donor3,-0.215762465183761,alpha_alone,20
Immature_granulopoiesis,All annotated,identity_markers_removed,Donor4,-0.102376773897612,alpha_alone,20
Immature_granulopoiesis,All annotated,identity_markers_removed,Donor5,-0.124477198548449,alpha_alone,20
Immature_granulopoiesis,Resolved,full_gene,Donor1,-0.0184589439568218,alpha_alone,20
Immature_granulopoiesis,Resolved,full_gene,Donor2,0.0597290170893396,alpha_alone,20
Immature_granulopoiesis,Resolved,full_gene,Donor3,-0.263669615347574,alpha_alone,20
Immature_granulopoiesis,Resolved,full_gene,Donor4,-0.131998394062974,alpha_alone,20
Immature_granulopoiesis,Resolved,full_gene,Donor5,-0.0114930247526626,alpha_alone,20
Immature_granulopoiesis,Resolved,identity_markers_removed,Donor1,-0.0184589439568218,alpha_alone,20
Immature_granulopoiesis,Resolved,identity_markers_removed,Donor2,0.0597290170893396,alpha_alone,20
Immature_granulopoiesis,Resolved,identity_markers_removed,Donor3,-0.263669615347574,alpha_alone,20
Immature_granulopoiesis,Resolved,identity_markers_removed,Donor4,-0.131998394062974,alpha_alone,20
Immature_granulopoiesis,Resolved,identity_markers_removed,Donor5,-0.0114930247526626,alpha_alone,20
Immature_granulopoiesis,Resolved; >=100 genes,full_gene,Donor1,-0.0618593143025155,alpha_alone,20
Immature_granulopoiesis,Resolved; >=100 genes,full_gene,Donor2,0.0420071227857574,alpha_alone,20
Immature_granulopoiesis,Resolved; >=100 genes,full_gene,Donor3,-0.304537078987015,alpha_alone,20
Immature_granulopoiesis,Resolved; >=100 genes,full_gene,Donor4,-0.205486595886031,alpha_alone,20
Immature_granulopoiesis,Resolved; >=100 genes,full_gene,Donor5,-0.0625026017229576,alpha_alone,20
Immature_granulopoiesis,Resolved; >=100 genes,identity_markers_removed,Donor1,-0.0618593143025155,alpha_alone,20
Immature_granulopoiesis,Resolved; >=100 genes,identity_markers_removed,Donor2,0.0420071227857574,alpha_alone,20
Immature_granulopoiesis,Resolved; >=100 genes,identity_markers_removed,Donor3,-0.304537078987015,alpha_alone,20
Immature_granulopoiesis,Resolved; >=100 genes,identity_markers_removed,Donor4,-0.205486595886031,alpha_alone,20
Immature_granulopoiesis,Resolved; >=100 genes,identity_markers_removed,Donor5,-0.0625026017229576,alpha_alone,20
Survival_antiapoptosis,All annotated,full_gene,Donor1,0.0766859662594579,alpha_alone,20
Survival_antiapoptosis,All annotated,full_gene,Donor2,0.020114052351823,alpha_alone,20
Survival_antiapoptosis,All annotated,full_gene,Donor3,0.213855109815635,alpha_alone,20
Survival_antiapoptosis,All annotated,full_gene,Donor4,0.342209188296873,alpha_alone,20
Survival_antiapoptosis,All annotated,full_gene,Donor5,0.0479269993847327,alpha_alone,20
Survival_antiapoptosis,All annotated,identity_markers_removed,Donor1,0.0766859662594579,alpha_alone,20
Survival_antiapoptosis,All annotated,identity_markers_removed,Donor2,0.020114052351823,alpha_alone,20
Survival_antiapoptosis,All annotated,identity_markers_removed,Donor3,0.213855109815635,alpha_alone,20
Survival_antiapoptosis,All annotated,identity_markers_removed,Donor4,0.342209188296873,alpha_alone,20
Survival_antiapoptosis,All annotated,identity_markers_removed,Donor5,0.0479269993847327,alpha_alone,20
Survival_antiapoptosis,Resolved,full_gene,Donor1,0.308682488220931,alpha_alone,20
Survival_antiapoptosis,Resolved,full_gene,Donor2,0.251965042982648,alpha_alone,20
Survival_antiapoptosis,Resolved,full_gene,Donor3,0.307313991104609,alpha_alone,20
Survival_antiapoptosis,Resolved,full_gene,Donor4,0.403177254740803,alpha_alone,20
Survival_antiapoptosis,Resolved,full_gene,Donor5,0.324435033771721,alpha_alone,20
Survival_antiapoptosis,Resolved,identity_markers_removed,Donor1,0.308682488220931,alpha_alone,20
Survival_antiapoptosis,Resolved,identity_markers_removed,Donor2,0.251965042982648,alpha_alone,20
Survival_antiapoptosis,Resolved,identity_markers_removed,Donor3,0.307313991104609,alpha_alone,20
Survival_antiapoptosis,Resolved,identity_markers_removed,Donor4,0.403177254740803,alpha_alone,20
Survival_antiapoptosis,Resolved,identity_markers_removed,Donor5,0.324435033771721,alpha_alone,20
Survival_antiapoptosis,Resolved; >=100 genes,full_gene,Donor1,0.293735326676676,alpha_alone,20
Survival_antiapoptosis,Resolved; >=100 genes,full_gene,Donor2,0.220889147676504,alpha_alone,20
Survival_antiapoptosis,Resolved; >=100 genes,full_gene,Donor3,0.295961086393887,alpha_alone,20
Survival_antiapoptosis,Resolved; >=100 genes,full_gene,Donor4,0.354975394456203,alpha_alone,20
Survival_antiapoptosis,Resolved; >=100 genes,full_gene,Donor5,0.398811386703968,alpha_alone,20
Survival_antiapoptosis,Resolved; >=100 genes,identity_markers_removed,Donor1,0.293735326676676,alpha_alone,20
Survival_antiapoptosis,Resolved; >=100 genes,identity_markers_removed,Donor2,0.220889147676504,alpha_alone,20
Survival_antiapoptosis,Resolved; >=100 genes,identity_markers_removed,Donor3,0.295961086393887,alpha_alone,20
Survival_antiapoptosis,Resolved; >=100 genes,identity_markers_removed,Donor4,0.354975394456203,alpha_alone,20
Survival_antiapoptosis,Resolved; >=100 genes,identity_markers_removed,Donor5,0.398811386703968,alpha_alone,20
Hypoxia_glycolysis,All annotated,full_gene,Donor1,-0.0114875084352769,alpha_alone,20
Hypoxia_glycolysis,All annotated,full_gene,Donor2,0.0328254167063582,alpha_alone,20
Hypoxia_glycolysis,All annotated,full_gene,Donor3,0.119185161306869,alpha_alone,20
Hypoxia_glycolysis,All annotated,full_gene,Donor4,0.155388958778921,alpha_alone,20
Hypoxia_glycolysis,All annotated,full_gene,Donor5,0.0151034524577997,alpha_alone,20
Hypoxia_glycolysis,All annotated,identity_markers_removed,Donor1,-0.0114875084352769,alpha_alone,20
Hypoxia_glycolysis,All annotated,identity_markers_removed,Donor2,0.0328254167063582,alpha_alone,20
Hypoxia_glycolysis,All annotated,identity_markers_removed,Donor3,0.119185161306869,alpha_alone,20
Hypoxia_glycolysis,All annotated,identity_markers_removed,Donor4,0.155388958778921,alpha_alone,20
Hypoxia_glycolysis,All annotated,identity_markers_removed,Donor5,0.0151034524577997,alpha_alone,20
Hypoxia_glycolysis,Resolved,full_gene,Donor1,0.200461700504936,alpha_alone,20
Hypoxia_glycolysis,Resolved,full_gene,Donor2,0.212945622025198,alpha_alone,20
Hypoxia_glycolysis,Resolved,full_gene,Donor3,0.19398345141484,alpha_alone,20
Hypoxia_glycolysis,Resolved,full_gene,Donor4,0.221577229795526,alpha_alone,20
Hypoxia_glycolysis,Resolved,full_gene,Donor5,0.150526025936333,alpha_alone,20
Hypoxia_glycolysis,Resolved,identity_markers_removed,Donor1,0.200461700504936,alpha_alone,20
Hypoxia_glycolysis,Resolved,identity_markers_removed,Donor2,0.212945622025198,alpha_alone,20
Hypoxia_glycolysis,Resolved,identity_markers_removed,Donor3,0.19398345141484,alpha_alone,20
Hypoxia_glycolysis,Resolved,identity_markers_removed,Donor4,0.221577229795526,alpha_alone,20
Hypoxia_glycolysis,Resolved,identity_markers_removed,Donor5,0.150526025936333,alpha_alone,20
Hypoxia_glycolysis,Resolved; >=100 genes,full_gene,Donor1,0.147326003725544,alpha_alone,20
Hypoxia_glycolysis,Resolved; >=100 genes,full_gene,Donor2,0.206587549454868,alpha_alone,20
Hypoxia_glycolysis,Resolved; >=100 genes,full_gene,Donor3,0.206061534972681,alpha_alone,20
Hypoxia_glycolysis,Resolved; >=100 genes,full_gene,Donor4,0.178915037394646,alpha_alone,20
Hypoxia_glycolysis,Resolved; >=100 genes,full_gene,Donor5,0.156245503628026,alpha_alone,20
Hypoxia_glycolysis,Resolved; >=100 genes,identity_markers_removed,Donor1,0.147326003725544,alpha_alone,20
Hypoxia_glycolysis,Resolved; >=100 genes,identity_markers_removed,Donor2,0.206587549454868,alpha_alone,20
Hypoxia_glycolysis,Resolved; >=100 genes,identity_markers_removed,Donor3,0.206061534972681,alpha_alone,20
Hypoxia_glycolysis,Resolved; >=100 genes,identity_markers_removed,Donor4,0.178915037394646,alpha_alone,20
Hypoxia_glycolysis,Resolved; >=100 genes,identity_markers_removed,Donor5,0.156245503628026,alpha_alone,20
ER_stress,All annotated,full_gene,Donor1,0.0300413694993087,alpha_alone,20
ER_stress,All annotated,full_gene,Donor2,0.00319971987424222,alpha_alone,20
ER_stress,All annotated,full_gene,Donor3,0.245141484807866,alpha_alone,20
ER_stress,All annotated,full_gene,Donor4,0.332053790603487,alpha_alone,20
ER_stress,All annotated,full_gene,Donor5,0.00644246596031062,alpha_alone,20
ER_stress,All annotated,identity_markers_removed,Donor1,0.0300413694993087,alpha_alone,20
ER_stress,All annotated,identity_markers_removed,Donor2,0.00319971987424222,alpha_alone,20
ER_stress,All annotated,identity_markers_removed,Donor3,0.245141484807866,alpha_alone,20
ER_stress,All annotated,identity_markers_removed,Donor4,0.332053790603487,alpha_alone,20
ER_stress,All annotated,identity_markers_removed,Donor5,0.00644246596031062,alpha_alone,20
ER_stress,Resolved,full_gene,Donor1,0.256072670852597,alpha_alone,20
ER_stress,Resolved,full_gene,Donor2,0.171479532329919,alpha_alone,20
ER_stress,Resolved,full_gene,Donor3,0.38618532882323,alpha_alone,20
ER_stress,Resolved,full_gene,Donor4,0.400532151131823,alpha_alone,20
ER_stress,Resolved,full_gene,Donor5,0.318268437429324,alpha_alone,20
ER_stress,Resolved,identity_markers_removed,Donor1,0.256072670852597,alpha_alone,20
ER_stress,Resolved,identity_markers_removed,Donor2,0.171479532329919,alpha_alone,20
ER_stress,Resolved,identity_markers_removed,Donor3,0.38618532882323,alpha_alone,20
ER_stress,Resolved,identity_markers_removed,Donor4,0.400532151131823,alpha_alone,20
ER_stress,Resolved,identity_markers_removed,Donor5,0.318268437429324,alpha_alone,20
ER_stress,Resolved; >=100 genes,full_gene,Donor1,0.196404912484271,alpha_alone,20
ER_stress,Resolved; >=100 genes,full_gene,Donor2,0.149886630476498,alpha_alone,20
ER_stress,Resolved; >=100 genes,full_gene,Donor3,0.3734454693421,alpha_alone,20
ER_stress,Resolved; >=100 genes,full_gene,Donor4,0.354102745130651,alpha_alone,20
ER_stress,Resolved; >=100 genes,full_gene,Donor5,0.382399721692174,alpha_alone,20
ER_stress,Resolved; >=100 genes,identity_markers_removed,Donor1,0.196404912484271,alpha_alone,20
ER_stress,Resolved; >=100 genes,identity_markers_removed,Donor2,0.149886630476498,alpha_alone,20
ER_stress,Resolved; >=100 genes,identity_markers_removed,Donor3,0.3734454693421,alpha_alone,20
ER_stress,Resolved; >=100 genes,identity_markers_removed,Donor4,0.354102745130651,alpha_alone,20
ER_stress,Resolved; >=100 genes,identity_markers_removed,Donor5,0.382399721692174,alpha_alone,20
Proliferation_stress,All annotated,full_gene,Donor1,0.0096049937405502,alpha_alone,20
Proliferation_stress,All annotated,full_gene,Donor2,0.0519580360815851,alpha_alone,20
Proliferation_stress,All annotated,full_gene,Donor3,0.0445989667395237,alpha_alone,20
Proliferation_stress,All annotated,full_gene,Donor4,0.0323815606449136,alpha_alone,20
Proliferation_stress,All annotated,full_gene,Donor5,-0.0404209987860971,alpha_alone,20
Proliferation_stress,All annotated,identity_markers_removed,Donor1,0.0096049937405502,alpha_alone,20
Proliferation_stress,All annotated,identity_markers_removed,Donor2,0.0519580360815851,alpha_alone,20
Proliferation_stress,All annotated,identity_markers_removed,Donor3,0.0445989667395237,alpha_alone,20
Proliferation_stress,All annotated,identity_markers_removed,Donor4,0.0323815606449136,alpha_alone,20
Proliferation_stress,All annotated,identity_markers_removed,Donor5,-0.0404209987860971,alpha_alone,20
Proliferation_stress,Resolved,full_gene,Donor1,0.0284641205216294,alpha_alone,20
Proliferation_stress,Resolved,full_gene,Donor2,0.0906158988066401,alpha_alone,20
Proliferation_stress,Resolved,full_gene,Donor3,0.0422795287662692,alpha_alone,20
Proliferation_stress,Resolved,full_gene,Donor4,0.0248948008319361,alpha_alone,20
Proliferation_stress,Resolved,full_gene,Donor5,0.0377651017656821,alpha_alone,20
Proliferation_stress,Resolved,identity_markers_removed,Donor1,0.0284641205216294,alpha_alone,20
Proliferation_stress,Resolved,identity_markers_removed,Donor2,0.0906158988066401,alpha_alone,20
Proliferation_stress,Resolved,identity_markers_removed,Donor3,0.0422795287662692,alpha_alone,20
Proliferation_stress,Resolved,identity_markers_removed,Donor4,0.0248948008319361,alpha_alone,20
Proliferation_stress,Resolved,identity_markers_removed,Donor5,0.0377651017656821,alpha_alone,20
Proliferation_stress,Resolved; >=100 genes,full_gene,Donor1,-0.0106946619199722,alpha_alone,20
Proliferation_stress,Resolved; >=100 genes,full_gene,Donor2,0.0843942209850281,alpha_alone,20
Proliferation_stress,Resolved; >=100 genes,full_gene,Donor3,0.0316166808148693,alpha_alone,20
Proliferation_stress,Resolved; >=100 genes,full_gene,Donor4,0.00724707061327795,alpha_alone,20
Proliferation_stress,Resolved; >=100 genes,full_gene,Donor5,0.0109903344759875,alpha_alone,20
Proliferation_stress,Resolved; >=100 genes,identity_markers_removed,Donor1,-0.0106946619199722,alpha_alone,20
Proliferation_stress,Resolved; >=100 genes,identity_markers_removed,Donor2,0.0843942209850281,alpha_alone,20
Proliferation_stress,Resolved; >=100 genes,identity_markers_removed,Donor3,0.0316166808148693,alpha_alone,20
Proliferation_stress,Resolved; >=100 genes,identity_markers_removed,Donor4,0.00724707061327795,alpha_alone,20
Proliferation_stress,Resolved; >=100 genes,identity_markers_removed,Donor5,0.0109903344759875,alpha_alone,20
Integrin_adhesion,All annotated,full_gene,Donor1,0.0608918331526609,alpha_alone,20
Integrin_adhesion,All annotated,full_gene,Donor2,0.0112375377967534,alpha_alone,20
Integrin_adhesion,All annotated,full_gene,Donor3,0.190668533203187,alpha_alone,20
Integrin_adhesion,All annotated,full_gene,Donor4,0.283227774288704,alpha_alone,20
Integrin_adhesion,All annotated,full_gene,Donor5,0.0486218640223293,alpha_alone,20
Integrin_adhesion,All annotated,identity_markers_removed,Donor1,0.0608918331526609,alpha_alone,20
Integrin_adhesion,All annotated,identity_markers_removed,Donor2,0.0112375377967534,alpha_alone,20
Integrin_adhesion,All annotated,identity_markers_removed,Donor3,0.190668533203187,alpha_alone,20
Integrin_adhesion,All annotated,identity_markers_removed,Donor4,0.283227774288704,alpha_alone,20
Integrin_adhesion,All annotated,identity_markers_removed,Donor5,0.0486218640223293,alpha_alone,20
Integrin_adhesion,Resolved,full_gene,Donor1,0.184224087388766,alpha_alone,20
Integrin_adhesion,Resolved,full_gene,Donor2,0.171690355174274,alpha_alone,20
Integrin_adhesion,Resolved,full_gene,Donor3,0.260625773309916,alpha_alone,20
Integrin_adhesion,Resolved,full_gene,Donor4,0.386989827914217,alpha_alone,20
Integrin_adhesion,Resolved,full_gene,Donor5,0.213327904871931,alpha_alone,20
Integrin_adhesion,Resolved,identity_markers_removed,Donor1,0.184224087388766,alpha_alone,20
Integrin_adhesion,Resolved,identity_markers_removed,Donor2,0.171690355174274,alpha_alone,20
Integrin_adhesion,Resolved,identity_markers_removed,Donor3,0.260625773309916,alpha_alone,20
Integrin_adhesion,Resolved,identity_markers_removed,Donor4,0.386989827914217,alpha_alone,20
Integrin_adhesion,Resolved,identity_markers_removed,Donor5,0.213327904871931,alpha_alone,20
Integrin_adhesion,Resolved; >=100 genes,full_gene,Donor1,0.155346884220197,alpha_alone,20
Integrin_adhesion,Resolved; >=100 genes,full_gene,Donor2,0.202111039926191,alpha_alone,20
Integrin_adhesion,Resolved; >=100 genes,full_gene,Donor3,0.242321181685812,alpha_alone,20
Integrin_adhesion,Resolved; >=100 genes,full_gene,Donor4,0.3539087059364,alpha_alone,20
Integrin_adhesion,Resolved; >=100 genes,full_gene,Donor5,0.229161274794157,alpha_alone,20
Integrin_adhesion,Resolved; >=100 genes,identity_markers_removed,Donor1,0.155346884220197,alpha_alone,20
Integrin_adhesion,Resolved; >=100 genes,identity_markers_removed,Donor2,0.202111039926191,alpha_alone,20
Integrin_adhesion,Resolved; >=100 genes,identity_markers_removed,Donor3,0.242321181685812,alpha_alone,20
Integrin_adhesion,Resolved; >=100 genes,identity_markers_removed,Donor4,0.3539087059364,alpha_alone,20
Integrin_adhesion,Resolved; >=100 genes,identity_markers_removed,Donor5,0.229161274794157,alpha_alone,20
CXCR4_aging_retention,All annotated,full_gene,Donor1,0.0987180759997246,alpha_alone,20
CXCR4_aging_retention,All annotated,full_gene,Donor2,0.0352014721193272,alpha_alone,20
CXCR4_aging_retention,All annotated,full_gene,Donor3,0.377352571843904,alpha_alone,20
CXCR4_aging_retention,All annotated,full_gene,Donor4,0.590156695549955,alpha_alone,20
CXCR4_aging_retention,All annotated,full_gene,Donor5,0.0274542406147519,alpha_alone,20
CXCR4_aging_retention,All annotated,identity_markers_removed,Donor1,0.118601295453788,alpha_alone,20
CXCR4_aging_retention,All annotated,identity_markers_removed,Donor2,0.0683004124501734,alpha_alone,20
CXCR4_aging_retention,All annotated,identity_markers_removed,Donor3,0.402084828599657,alpha_alone,20
CXCR4_aging_retention,All annotated,identity_markers_removed,Donor4,0.596248040591403,alpha_alone,20
CXCR4_aging_retention,All annotated,identity_markers_removed,Donor5,0.0653217215535781,alpha_alone,20
CXCR4_aging_retention,Resolved,full_gene,Donor1,0.629299750973619,alpha_alone,20
CXCR4_aging_retention,Resolved,full_gene,Donor2,0.556675962678854,alpha_alone,20
CXCR4_aging_retention,Resolved,full_gene,Donor3,0.574477649769832,alpha_alone,20
CXCR4_aging_retention,Resolved,full_gene,Donor4,0.73167054278711,alpha_alone,20
CXCR4_aging_retention,Resolved,full_gene,Donor5,0.6391848048512,alpha_alone,20
CXCR4_aging_retention,Resolved,identity_markers_removed,Donor1,0.652001393114551,alpha_alone,20
CXCR4_aging_retention,Resolved,identity_markers_removed,Donor2,0.533702911312855,alpha_alone,20
CXCR4_aging_retention,Resolved,identity_markers_removed,Donor3,0.596592407655094,alpha_alone,20
CXCR4_aging_retention,Resolved,identity_markers_removed,Donor4,0.743323765920097,alpha_alone,20
CXCR4_aging_retention,Resolved,identity_markers_removed,Donor5,0.654078971672179,alpha_alone,20
CXCR4_aging_retention,Resolved; >=100 genes,full_gene,Donor1,0.590435128801633,alpha_alone,20
CXCR4_aging_retention,Resolved; >=100 genes,full_gene,Donor2,0.497011623411582,alpha_alone,20
CXCR4_aging_retention,Resolved; >=100 genes,full_gene,Donor3,0.538779606019572,alpha_alone,20
CXCR4_aging_retention,Resolved; >=100 genes,full_gene,Donor4,0.638991720611164,alpha_alone,20
CXCR4_aging_retention,Resolved; >=100 genes,full_gene,Donor5,0.662143227657384,alpha_alone,20
CXCR4_aging_retention,Resolved; >=100 genes,identity_markers_removed,Donor1,0.623681384316654,alpha_alone,20
CXCR4_aging_retention,Resolved; >=100 genes,identity_markers_removed,Donor2,0.482511226601847,alpha_alone,20
CXCR4_aging_retention,Resolved; >=100 genes,identity_markers_removed,Donor3,0.55823252013125,alpha_alone,20
CXCR4_aging_retention,Resolved; >=100 genes,identity_markers_removed,Donor4,0.657823233351879,alpha_alone,20
CXCR4_aging_retention,Resolved; >=100 genes,identity_markers_removed,Donor5,0.709212811077349,alpha_alone,20
NETosis,All annotated,full_gene,Donor1,0.00734085380079599,UC_vs_control_fibroblasts,20
NETosis,All annotated,full_gene,Donor2,0.0140960957179722,UC_vs_control_fibroblasts,20
NETosis,All annotated,full_gene,Donor3,-0.0889023167778767,UC_vs_control_fibroblasts,20
NETosis,All annotated,full_gene,Donor4,-0.0705896351312229,UC_vs_control_fibroblasts,20
NETosis,All annotated,full_gene,Donor5,-0.187549276950012,UC_vs_control_fibroblasts,20
NETosis,All annotated,full_gene,Donor6,0.0157763453763536,UC_vs_control_fibroblasts,20
NETosis,All annotated,identity_markers_removed,Donor1,0.00494922275210497,UC_vs_control_fibroblasts,20
NETosis,All annotated,identity_markers_removed,Donor2,0.0122661749516977,UC_vs_control_fibroblasts,20
NETosis,All annotated,identity_markers_removed,Donor3,-0.0915307901766012,UC_vs_control_fibroblasts,20
NETosis,All annotated,identity_markers_removed,Donor4,-0.0720023779070569,UC_vs_control_fibroblasts,20
NETosis,All annotated,identity_markers_removed,Donor5,-0.205520751880258,UC_vs_control_fibroblasts,20
NETosis,All annotated,identity_markers_removed,Donor6,0.0169880607673845,UC_vs_control_fibroblasts,20
NETosis,Resolved,full_gene,Donor1,-0.00685586836011861,UC_vs_control_fibroblasts,20
NETosis,Resolved,full_gene,Donor2,0.129937539027514,UC_vs_control_fibroblasts,20
NETosis,Resolved,full_gene,Donor3,-0.10493988480733,UC_vs_control_fibroblasts,20
NETosis,Resolved,full_gene,Donor4,-0.0777091176761608,UC_vs_control_fibroblasts,20
NETosis,Resolved,full_gene,Donor6,0.00959865706932754,UC_vs_control_fibroblasts,20
NETosis,Resolved,identity_markers_removed,Donor1,-0.0111345998438993,UC_vs_control_fibroblasts,20
NETosis,Resolved,identity_markers_removed,Donor2,0.123233131589747,UC_vs_control_fibroblasts,20
NETosis,Resolved,identity_markers_removed,Donor3,-0.104473273493393,UC_vs_control_fibroblasts,20
NETosis,Resolved,identity_markers_removed,Donor4,-0.079270346180729,UC_vs_control_fibroblasts,20
NETosis,Resolved,identity_markers_removed,Donor6,0.00398182021698998,UC_vs_control_fibroblasts,20
NETosis,Resolved; >=100 genes,full_gene,Donor1,-0.0178686273903116,UC_vs_control_fibroblasts,20
NETosis,Resolved; >=100 genes,full_gene,Donor2,0.158569066118867,UC_vs_control_fibroblasts,20
NETosis,Resolved; >=100 genes,full_gene,Donor3,-0.106646930754902,UC_vs_control_fibroblasts,20
NETosis,Resolved; >=100 genes,full_gene,Donor4,-0.0767635503600694,UC_vs_control_fibroblasts,20
NETosis,Resolved; >=100 genes,full_gene,Donor6,0.00598199541313457,UC_vs_control_fibroblasts,20
NETosis,Resolved; >=100 genes,identity_markers_removed,Donor1,-0.0173731767693278,UC_vs_control_fibroblasts,20
NETosis,Resolved; >=100 genes,identity_markers_removed,Donor2,0.153989323056191,UC_vs_control_fibroblasts,20
NETosis,Resolved; >=100 genes,identity_markers_removed,Donor3,-0.10621918247336,UC_vs_control_fibroblasts,20
NETosis,Resolved; >=100 genes,identity_markers_removed,Donor4,-0.0780254213151086,UC_vs_control_fibroblasts,20
NETosis,Resolved; >=100 genes,identity_markers_removed,Donor6,0.00514518950243598,UC_vs_control_fibroblasts,20
Degranulation,All annotated,full_gene,Donor1,0.0118296340762517,UC_vs_control_fibroblasts,20
Degranulation,All annotated,full_gene,Donor2,-0.0623982237020199,UC_vs_control_fibroblasts,20
Degranulation,All annotated,full_gene,Donor3,-0.0566285185624012,UC_vs_control_fibroblasts,20
Degranulation,All annotated,full_gene,Donor4,-0.0473576288270017,UC_vs_control_fibroblasts,20
Degranulation,All annotated,full_gene,Donor5,-0.0971729604844334,UC_vs_control_fibroblasts,20
Degranulation,All annotated,full_gene,Donor6,-0.00963217782861253,UC_vs_control_fibroblasts,20
Degranulation,All annotated,identity_markers_removed,Donor1,0.0118296340762517,UC_vs_control_fibroblasts,20
Degranulation,All annotated,identity_markers_removed,Donor2,-0.0623982237020199,UC_vs_control_fibroblasts,20
Degranulation,All annotated,identity_markers_removed,Donor3,-0.0566285185624012,UC_vs_control_fibroblasts,20
Degranulation,All annotated,identity_markers_removed,Donor4,-0.0473576288270017,UC_vs_control_fibroblasts,20
Degranulation,All annotated,identity_markers_removed,Donor5,-0.0971729604844334,UC_vs_control_fibroblasts,20
Degranulation,All annotated,identity_markers_removed,Donor6,-0.00963217782861253,UC_vs_control_fibroblasts,20
Degranulation,Resolved,full_gene,Donor1,-0.0271511878840139,UC_vs_control_fibroblasts,20
Degranulation,Resolved,full_gene,Donor2,0.0464182625715469,UC_vs_control_fibroblasts,20
Degranulation,Resolved,full_gene,Donor3,-0.0583291797325058,UC_vs_control_fibroblasts,20
Degranulation,Resolved,full_gene,Donor4,-0.058608227152432,UC_vs_control_fibroblasts,20
Degranulation,Resolved,full_gene,Donor6,0.0122524038578185,UC_vs_control_fibroblasts,20
Degranulation,Resolved,identity_markers_removed,Donor1,-0.0271511878840139,UC_vs_control_fibroblasts,20
Degranulation,Resolved,identity_markers_removed,Donor2,0.0464182625715469,UC_vs_control_fibroblasts,20
Degranulation,Resolved,identity_markers_removed,Donor3,-0.0583291797325058,UC_vs_control_fibroblasts,20
Degranulation,Resolved,identity_markers_removed,Donor4,-0.058608227152432,UC_vs_control_fibroblasts,20
Degranulation,Resolved,identity_markers_removed,Donor6,0.0122524038578185,UC_vs_control_fibroblasts,20
Degranulation,Resolved; >=100 genes,full_gene,Donor1,-0.0266498391481323,UC_vs_control_fibroblasts,20
Degranulation,Resolved; >=100 genes,full_gene,Donor2,0.0584582809726977,UC_vs_control_fibroblasts,20
Degranulation,Resolved; >=100 genes,full_gene,Donor3,-0.0595508969668075,UC_vs_control_fibroblasts,20
Degranulation,Resolved; >=100 genes,full_gene,Donor4,-0.0598973540137246,UC_vs_control_fibroblasts,20
Degranulation,Resolved; >=100 genes,full_gene,Donor6,0.0118035900660045,UC_vs_control_fibroblasts,20
Degranulation,Resolved; >=100 genes,identity_markers_removed,Donor1,-0.0266498391481323,UC_vs_control_fibroblasts,20
Degranulation,Resolved; >=100 genes,identity_markers_removed,Donor2,0.0584582809726977,UC_vs_control_fibroblasts,20
Degranulation,Resolved; >=100 genes,identity_markers_removed,Donor3,-0.0595508969668075,UC_vs_control_fibroblasts,20
Degranulation,Resolved; >=100 genes,identity_markers_removed,Donor4,-0.0598973540137246,UC_vs_control_fibroblasts,20
Degranulation,Resolved; >=100 genes,identity_markers_removed,Donor6,0.0118035900660045,UC_vs_control_fibroblasts,20
Oxidative_burst,All annotated,full_gene,Donor1,0.038495268279234,UC_vs_control_fibroblasts,20
Oxidative_burst,All annotated,full_gene,Donor2,-0.0244284181310902,UC_vs_control_fibroblasts,20
Oxidative_burst,All annotated,full_gene,Donor3,-0.125783949272649,UC_vs_control_fibroblasts,20
Oxidative_burst,All annotated,full_gene,Donor4,-0.112136393586496,UC_vs_control_fibroblasts,20
Oxidative_burst,All annotated,full_gene,Donor5,-0.184054852771601,UC_vs_control_fibroblasts,20
Oxidative_burst,All annotated,full_gene,Donor6,0.00868018438353363,UC_vs_control_fibroblasts,20
Oxidative_burst,All annotated,identity_markers_removed,Donor1,0.038495268279234,UC_vs_control_fibroblasts,20
Oxidative_burst,All annotated,identity_markers_removed,Donor2,-0.0244284181310902,UC_vs_control_fibroblasts,20
Oxidative_burst,All annotated,identity_markers_removed,Donor3,-0.125783949272649,UC_vs_control_fibroblasts,20
Oxidative_burst,All annotated,identity_markers_removed,Donor4,-0.112136393586496,UC_vs_control_fibroblasts,20
Oxidative_burst,All annotated,identity_markers_removed,Donor5,-0.184054852771601,UC_vs_control_fibroblasts,20
Oxidative_burst,All annotated,identity_markers_removed,Donor6,0.00868018438353363,UC_vs_control_fibroblasts,20
Oxidative_burst,Resolved,full_gene,Donor1,0.0474855682960228,UC_vs_control_fibroblasts,20
Oxidative_burst,Resolved,full_gene,Donor2,0.0469155187213234,UC_vs_control_fibroblasts,20
Oxidative_burst,Resolved,full_gene,Donor3,-0.130112382279421,UC_vs_control_fibroblasts,20
Oxidative_burst,Resolved,full_gene,Donor4,-0.111263046793379,UC_vs_control_fibroblasts,20
Oxidative_burst,Resolved,full_gene,Donor6,0.0314747428475484,UC_vs_control_fibroblasts,20
Oxidative_burst,Resolved,identity_markers_removed,Donor1,0.0474855682960228,UC_vs_control_fibroblasts,20
Oxidative_burst,Resolved,identity_markers_removed,Donor2,0.0469155187213234,UC_vs_control_fibroblasts,20
Oxidative_burst,Resolved,identity_markers_removed,Donor3,-0.130112382279421,UC_vs_control_fibroblasts,20
Oxidative_burst,Resolved,identity_markers_removed,Donor4,-0.111263046793379,UC_vs_control_fibroblasts,20
Oxidative_burst,Resolved,identity_markers_removed,Donor6,0.0314747428475484,UC_vs_control_fibroblasts,20
Oxidative_burst,Resolved; >=100 genes,full_gene,Donor1,0.0393829225498808,UC_vs_control_fibroblasts,20
Oxidative_burst,Resolved; >=100 genes,full_gene,Donor2,0.0945844588944675,UC_vs_control_fibroblasts,20
Oxidative_burst,Resolved; >=100 genes,full_gene,Donor3,-0.13218781850474,UC_vs_control_fibroblasts,20
Oxidative_burst,Resolved; >=100 genes,full_gene,Donor4,-0.108988292471526,UC_vs_control_fibroblasts,20
Oxidative_burst,Resolved; >=100 genes,full_gene,Donor6,0.0308734643952046,UC_vs_control_fibroblasts,20
Oxidative_burst,Resolved; >=100 genes,identity_markers_removed,Donor1,0.0393829225498808,UC_vs_control_fibroblasts,20
Oxidative_burst,Resolved; >=100 genes,identity_markers_removed,Donor2,0.0945844588944675,UC_vs_control_fibroblasts,20
Oxidative_burst,Resolved; >=100 genes,identity_markers_removed,Donor3,-0.13218781850474,UC_vs_control_fibroblasts,20
Oxidative_burst,Resolved; >=100 genes,identity_markers_removed,Donor4,-0.108988292471526,UC_vs_control_fibroblasts,20
Oxidative_burst,Resolved; >=100 genes,identity_markers_removed,Donor6,0.0308734643952046,UC_vs_control_fibroblasts,20
Phagocytosis,All annotated,full_gene,Donor1,0.0344966154400606,UC_vs_control_fibroblasts,20
Phagocytosis,All annotated,full_gene,Donor2,-0.060742116738528,UC_vs_control_fibroblasts,20
Phagocytosis,All annotated,full_gene,Donor3,-0.152491745235654,UC_vs_control_fibroblasts,20
Phagocytosis,All annotated,full_gene,Donor4,-0.147017955859744,UC_vs_control_fibroblasts,20
Phagocytosis,All annotated,full_gene,Donor5,-0.202003733794998,UC_vs_control_fibroblasts,20
Phagocytosis,All annotated,full_gene,Donor6,-0.00859073446945591,UC_vs_control_fibroblasts,20
Phagocytosis,All annotated,identity_markers_removed,Donor1,0.0344966154400606,UC_vs_control_fibroblasts,20
Phagocytosis,All annotated,identity_markers_removed,Donor2,-0.060742116738528,UC_vs_control_fibroblasts,20
Phagocytosis,All annotated,identity_markers_removed,Donor3,-0.152491745235654,UC_vs_control_fibroblasts,20
Phagocytosis,All annotated,identity_markers_removed,Donor4,-0.147017955859744,UC_vs_control_fibroblasts,20
Phagocytosis,All annotated,identity_markers_removed,Donor5,-0.202003733794998,UC_vs_control_fibroblasts,20
Phagocytosis,All annotated,identity_markers_removed,Donor6,-0.00859073446945591,UC_vs_control_fibroblasts,20
Phagocytosis,Resolved,full_gene,Donor1,0.0218567030957758,UC_vs_control_fibroblasts,20
Phagocytosis,Resolved,full_gene,Donor2,0.0541162856324891,UC_vs_control_fibroblasts,20
Phagocytosis,Resolved,full_gene,Donor3,-0.146510452847676,UC_vs_control_fibroblasts,20
Phagocytosis,Resolved,full_gene,Donor4,-0.161428141454934,UC_vs_control_fibroblasts,20
Phagocytosis,Resolved,full_gene,Donor6,-0.033289224101127,UC_vs_control_fibroblasts,20
Phagocytosis,Resolved,identity_markers_removed,Donor1,0.0218567030957758,UC_vs_control_fibroblasts,20
Phagocytosis,Resolved,identity_markers_removed,Donor2,0.0541162856324891,UC_vs_control_fibroblasts,20
Phagocytosis,Resolved,identity_markers_removed,Donor3,-0.146510452847676,UC_vs_control_fibroblasts,20
Phagocytosis,Resolved,identity_markers_removed,Donor4,-0.161428141454934,UC_vs_control_fibroblasts,20
Phagocytosis,Resolved,identity_markers_removed,Donor6,-0.033289224101127,UC_vs_control_fibroblasts,20
Phagocytosis,Resolved; >=100 genes,full_gene,Donor1,0.0087946503941565,UC_vs_control_fibroblasts,20
Phagocytosis,Resolved; >=100 genes,full_gene,Donor2,0.105855013896613,UC_vs_control_fibroblasts,20
Phagocytosis,Resolved; >=100 genes,full_gene,Donor3,-0.148477804050034,UC_vs_control_fibroblasts,20
Phagocytosis,Resolved; >=100 genes,full_gene,Donor4,-0.158885988206885,UC_vs_control_fibroblasts,20
Phagocytosis,Resolved; >=100 genes,full_gene,Donor6,-0.0361115566196991,UC_vs_control_fibroblasts,20
Phagocytosis,Resolved; >=100 genes,identity_markers_removed,Donor1,0.0087946503941565,UC_vs_control_fibroblasts,20
Phagocytosis,Resolved; >=100 genes,identity_markers_removed,Donor2,0.105855013896613,UC_vs_control_fibroblasts,20
Phagocytosis,Resolved; >=100 genes,identity_markers_removed,Donor3,-0.148477804050034,UC_vs_control_fibroblasts,20
Phagocytosis,Resolved; >=100 genes,identity_markers_removed,Donor4,-0.158885988206885,UC_vs_control_fibroblasts,20
Phagocytosis,Resolved; >=100 genes,identity_markers_removed,Donor6,-0.0361115566196991,UC_vs_control_fibroblasts,20
Chemotaxis,All annotated,full_gene,Donor1,0.0560727029132893,UC_vs_control_fibroblasts,20
Chemotaxis,All annotated,full_gene,Donor2,-0.0494419665392459,UC_vs_control_fibroblasts,20
Chemotaxis,All annotated,full_gene,Donor3,-0.100165688361483,UC_vs_control_fibroblasts,20
Chemotaxis,All annotated,full_gene,Donor4,-0.103655578133497,UC_vs_control_fibroblasts,20
Chemotaxis,All annotated,full_gene,Donor5,-0.10374428240756,UC_vs_control_fibroblasts,20
Chemotaxis,All annotated,full_gene,Donor6,0.00577282857667105,UC_vs_control_fibroblasts,20
Chemotaxis,All annotated,identity_markers_removed,Donor1,0.0465359920797593,UC_vs_control_fibroblasts,20
Chemotaxis,All annotated,identity_markers_removed,Donor2,-0.0633153629629081,UC_vs_control_fibroblasts,20
Chemotaxis,All annotated,identity_markers_removed,Donor3,-0.0972687849999623,UC_vs_control_fibroblasts,20
Chemotaxis,All annotated,identity_markers_removed,Donor4,-0.0978796781777306,UC_vs_control_fibroblasts,20
Chemotaxis,All annotated,identity_markers_removed,Donor5,-0.0805299968603869,UC_vs_control_fibroblasts,20
Chemotaxis,All annotated,identity_markers_removed,Donor6,0.00223234191010807,UC_vs_control_fibroblasts,20
Chemotaxis,Resolved,full_gene,Donor1,0.032421945889773,UC_vs_control_fibroblasts,20
Chemotaxis,Resolved,full_gene,Donor2,0.0954573224500404,UC_vs_control_fibroblasts,20
Chemotaxis,Resolved,full_gene,Donor3,-0.0741539281554203,UC_vs_control_fibroblasts,20
Chemotaxis,Resolved,full_gene,Donor4,-0.0973010423325905,UC_vs_control_fibroblasts,20
Chemotaxis,Resolved,full_gene,Donor6,0.0261472822361409,UC_vs_control_fibroblasts,20
Chemotaxis,Resolved,identity_markers_removed,Donor1,0.0289767156751051,UC_vs_control_fibroblasts,20
Chemotaxis,Resolved,identity_markers_removed,Donor2,0.0752913025508803,UC_vs_control_fibroblasts,20
Chemotaxis,Resolved,identity_markers_removed,Donor3,-0.0754070432276325,UC_vs_control_fibroblasts,20
Chemotaxis,Resolved,identity_markers_removed,Donor4,-0.0927327741798026,UC_vs_control_fibroblasts,20
Chemotaxis,Resolved,identity_markers_removed,Donor6,0.0184448785007341,UC_vs_control_fibroblasts,20
Chemotaxis,Resolved; >=100 genes,full_gene,Donor1,0.0152802814665159,UC_vs_control_fibroblasts,20
Chemotaxis,Resolved; >=100 genes,full_gene,Donor2,0.147820764670144,UC_vs_control_fibroblasts,20
Chemotaxis,Resolved; >=100 genes,full_gene,Donor3,-0.0750593788509404,UC_vs_control_fibroblasts,20
Chemotaxis,Resolved; >=100 genes,full_gene,Donor4,-0.0954759240984467,UC_vs_control_fibroblasts,20
Chemotaxis,Resolved; >=100 genes,full_gene,Donor6,0.0219556366385981,UC_vs_control_fibroblasts,20
Chemotaxis,Resolved; >=100 genes,identity_markers_removed,Donor1,0.020466994459033,UC_vs_control_fibroblasts,20
Chemotaxis,Resolved; >=100 genes,identity_markers_removed,Donor2,0.126728312703241,UC_vs_control_fibroblasts,20
Chemotaxis,Resolved; >=100 genes,identity_markers_removed,Donor3,-0.0758074281651869,UC_vs_control_fibroblasts,20
Chemotaxis,Resolved; >=100 genes,identity_markers_removed,Donor4,-0.0908864076702802,UC_vs_control_fibroblasts,20
Chemotaxis,Resolved; >=100 genes,identity_markers_removed,Donor6,0.0208550613418849,UC_vs_control_fibroblasts,20
OSM_inflammation,All annotated,full_gene,Donor1,0.0846001007648032,UC_vs_control_fibroblasts,20
OSM_inflammation,All annotated,full_gene,Donor2,0.0340231113331464,UC_vs_control_fibroblasts,20
OSM_inflammation,All annotated,full_gene,Donor3,-0.0462440317669877,UC_vs_control_fibroblasts,20
OSM_inflammation,All annotated,full_gene,Donor4,0.0245816781223707,UC_vs_control_fibroblasts,20
OSM_inflammation,All annotated,full_gene,Donor5,-0.204301070666007,UC_vs_control_fibroblasts,20
OSM_inflammation,All annotated,full_gene,Donor6,0.052044048131604,UC_vs_control_fibroblasts,20
OSM_inflammation,All annotated,identity_markers_removed,Donor1,0.0906817702014202,UC_vs_control_fibroblasts,20
OSM_inflammation,All annotated,identity_markers_removed,Donor2,0.0623760783443882,UC_vs_control_fibroblasts,20
OSM_inflammation,All annotated,identity_markers_removed,Donor3,-0.0256614120905048,UC_vs_control_fibroblasts,20
OSM_inflammation,All annotated,identity_markers_removed,Donor4,0.0560134567566785,UC_vs_control_fibroblasts,20
OSM_inflammation,All annotated,identity_markers_removed,Donor5,-0.201619844889749,UC_vs_control_fibroblasts,20
OSM_inflammation,All annotated,identity_markers_removed,Donor6,0.0593534030923548,UC_vs_control_fibroblasts,20
OSM_inflammation,Resolved,full_gene,Donor1,0.0710090075110514,UC_vs_control_fibroblasts,20
OSM_inflammation,Resolved,full_gene,Donor2,0.193063194457062,UC_vs_control_fibroblasts,20
OSM_inflammation,Resolved,full_gene,Donor3,-0.011999264249613,UC_vs_control_fibroblasts,20
OSM_inflammation,Resolved,full_gene,Donor4,0.0857054710750155,UC_vs_control_fibroblasts,20
OSM_inflammation,Resolved,full_gene,Donor6,0.0857873089431219,UC_vs_control_fibroblasts,20
OSM_inflammation,Resolved,identity_markers_removed,Donor1,0.0888472810184715,UC_vs_control_fibroblasts,20
OSM_inflammation,Resolved,identity_markers_removed,Donor2,0.234608897720163,UC_vs_control_fibroblasts,20
OSM_inflammation,Resolved,identity_markers_removed,Donor3,0.0160834408602559,UC_vs_control_fibroblasts,20
OSM_inflammation,Resolved,identity_markers_removed,Donor4,0.125756090083627,UC_vs_control_fibroblasts,20
OSM_inflammation,Resolved,identity_markers_removed,Donor6,0.0976493761744942,UC_vs_control_fibroblasts,20
OSM_inflammation,Resolved; >=100 genes,full_gene,Donor1,0.0712171377409671,UC_vs_control_fibroblasts,20
OSM_inflammation,Resolved; >=100 genes,full_gene,Donor2,0.245273886768016,UC_vs_control_fibroblasts,20
OSM_inflammation,Resolved; >=100 genes,full_gene,Donor3,-0.0126640129929748,UC_vs_control_fibroblasts,20
OSM_inflammation,Resolved; >=100 genes,full_gene,Donor4,0.0908502938449206,UC_vs_control_fibroblasts,20
OSM_inflammation,Resolved; >=100 genes,full_gene,Donor6,0.0877756206928498,UC_vs_control_fibroblasts,20
OSM_inflammation,Resolved; >=100 genes,identity_markers_removed,Donor1,0.0900934304893906,UC_vs_control_fibroblasts,20
OSM_inflammation,Resolved; >=100 genes,identity_markers_removed,Donor2,0.282825763951342,UC_vs_control_fibroblasts,20
OSM_inflammation,Resolved; >=100 genes,identity_markers_removed,Donor3,0.01576510539191,UC_vs_control_fibroblasts,20
OSM_inflammation,Resolved; >=100 genes,identity_markers_removed,Donor4,0.130887512265475,UC_vs_control_fibroblasts,20
OSM_inflammation,Resolved; >=100 genes,identity_markers_removed,Donor6,0.101757287569208,UC_vs_control_fibroblasts,20
Type_I_interferon,All annotated,full_gene,Donor1,0.00580702595917331,UC_vs_control_fibroblasts,20
Type_I_interferon,All annotated,full_gene,Donor2,-0.0152246847994846,UC_vs_control_fibroblasts,20
Type_I_interferon,All annotated,full_gene,Donor3,0.00251027919366557,UC_vs_control_fibroblasts,20
Type_I_interferon,All annotated,full_gene,Donor4,-0.0289703830649696,UC_vs_control_fibroblasts,20
Type_I_interferon,All annotated,full_gene,Donor5,-0.000112612398200148,UC_vs_control_fibroblasts,20
Type_I_interferon,All annotated,full_gene,Donor6,-0.0020897740270746,UC_vs_control_fibroblasts,20
Type_I_interferon,All annotated,identity_markers_removed,Donor1,0.000823486132817609,UC_vs_control_fibroblasts,20
Type_I_interferon,All annotated,identity_markers_removed,Donor2,-0.0209928225512907,UC_vs_control_fibroblasts,20
Type_I_interferon,All annotated,identity_markers_removed,Donor3,0.00253862312273446,UC_vs_control_fibroblasts,20
Type_I_interferon,All annotated,identity_markers_removed,Donor4,-0.0323790096621986,UC_vs_control_fibroblasts,20
Type_I_interferon,All annotated,identity_markers_removed,Donor5,-0.00012284988894562,UC_vs_control_fibroblasts,20
Type_I_interferon,All annotated,identity_markers_removed,Donor6,-0.00230270956147757,UC_vs_control_fibroblasts,20
Type_I_interferon,Resolved,full_gene,Donor1,-0.0241585244690184,UC_vs_control_fibroblasts,20
Type_I_interferon,Resolved,full_gene,Donor2,0.00459397179339389,UC_vs_control_fibroblasts,20
Type_I_interferon,Resolved,full_gene,Donor3,0.00217746087237347,UC_vs_control_fibroblasts,20
Type_I_interferon,Resolved,full_gene,Donor4,-0.0418288123375821,UC_vs_control_fibroblasts,20
Type_I_interferon,Resolved,full_gene,Donor6,-0.0122047312064868,UC_vs_control_fibroblasts,20
Type_I_interferon,Resolved,identity_markers_removed,Donor1,-0.037200548333219,UC_vs_control_fibroblasts,20
Type_I_interferon,Resolved,identity_markers_removed,Donor2,-0.000450671207625317,UC_vs_control_fibroblasts,20
Type_I_interferon,Resolved,identity_markers_removed,Donor3,0.00159496031724038,UC_vs_control_fibroblasts,20
Type_I_interferon,Resolved,identity_markers_removed,Donor4,-0.0445867588915958,UC_vs_control_fibroblasts,20
Type_I_interferon,Resolved,identity_markers_removed,Donor6,-0.00781730086918229,UC_vs_control_fibroblasts,20
Type_I_interferon,Resolved; >=100 genes,full_gene,Donor1,-0.027687340666682,UC_vs_control_fibroblasts,20
Type_I_interferon,Resolved; >=100 genes,full_gene,Donor2,0.0152114054887945,UC_vs_control_fibroblasts,20
Type_I_interferon,Resolved; >=100 genes,full_gene,Donor3,0.0021842378381594,UC_vs_control_fibroblasts,20
Type_I_interferon,Resolved; >=100 genes,full_gene,Donor4,-0.0416271270459353,UC_vs_control_fibroblasts,20
Type_I_interferon,Resolved; >=100 genes,full_gene,Donor6,-0.0123505150921153,UC_vs_control_fibroblasts,20
Type_I_interferon,Resolved; >=100 genes,identity_markers_removed,Donor1,-0.045068027735615,UC_vs_control_fibroblasts,20
Type_I_interferon,Resolved; >=100 genes,identity_markers_removed,Donor2,0.0105715357303186,UC_vs_control_fibroblasts,20
Type_I_interferon,Resolved; >=100 genes,identity_markers_removed,Donor3,0.00159450555013629,UC_vs_control_fibroblasts,20
Type_I_interferon,Resolved; >=100 genes,identity_markers_removed,Donor4,-0.0444080899336561,UC_vs_control_fibroblasts,20
Type_I_interferon,Resolved; >=100 genes,identity_markers_removed,Donor6,-0.00717472751779118,UC_vs_control_fibroblasts,20
Immature_granulopoiesis,All annotated,full_gene,Donor1,0.0191601069859554,UC_vs_control_fibroblasts,20
Immature_granulopoiesis,All annotated,full_gene,Donor2,-0.0194236965903674,UC_vs_control_fibroblasts,20
Immature_granulopoiesis,All annotated,full_gene,Donor3,0.00505986976411337,UC_vs_control_fibroblasts,20
Immature_granulopoiesis,All annotated,full_gene,Donor4,0.0137227748639462,UC_vs_control_fibroblasts,20
Immature_granulopoiesis,All annotated,full_gene,Donor5,-0.0179061696184339,UC_vs_control_fibroblasts,20
Immature_granulopoiesis,All annotated,full_gene,Donor6,0.00459687645421453,UC_vs_control_fibroblasts,20
Immature_granulopoiesis,All annotated,identity_markers_removed,Donor1,0.0191601069859554,UC_vs_control_fibroblasts,20
Immature_granulopoiesis,All annotated,identity_markers_removed,Donor2,-0.0194236965903674,UC_vs_control_fibroblasts,20
Immature_granulopoiesis,All annotated,identity_markers_removed,Donor3,0.00505986976411337,UC_vs_control_fibroblasts,20
Immature_granulopoiesis,All annotated,identity_markers_removed,Donor4,0.0137227748639462,UC_vs_control_fibroblasts,20
Immature_granulopoiesis,All annotated,identity_markers_removed,Donor5,-0.0179061696184339,UC_vs_control_fibroblasts,20
Immature_granulopoiesis,All annotated,identity_markers_removed,Donor6,0.00459687645421453,UC_vs_control_fibroblasts,20
Immature_granulopoiesis,Resolved,full_gene,Donor1,0.0138314817271068,UC_vs_control_fibroblasts,20
Immature_granulopoiesis,Resolved,full_gene,Donor2,0.0936563406161412,UC_vs_control_fibroblasts,20
Immature_granulopoiesis,Resolved,full_gene,Donor3,0.00482518161730236,UC_vs_control_fibroblasts,20
Immature_granulopoiesis,Resolved,full_gene,Donor4,0.0139508799734657,UC_vs_control_fibroblasts,20
Immature_granulopoiesis,Resolved,full_gene,Donor6,0.0370807904362829,UC_vs_control_fibroblasts,20
Immature_granulopoiesis,Resolved,identity_markers_removed,Donor1,0.0138314817271068,UC_vs_control_fibroblasts,20
Immature_granulopoiesis,Resolved,identity_markers_removed,Donor2,0.0936563406161412,UC_vs_control_fibroblasts,20
Immature_granulopoiesis,Resolved,identity_markers_removed,Donor3,0.00482518161730236,UC_vs_control_fibroblasts,20
Immature_granulopoiesis,Resolved,identity_markers_removed,Donor4,0.0139508799734657,UC_vs_control_fibroblasts,20
Immature_granulopoiesis,Resolved,identity_markers_removed,Donor6,0.0370807904362829,UC_vs_control_fibroblasts,20
Immature_granulopoiesis,Resolved; >=100 genes,full_gene,Donor1,0.00991967429002297,UC_vs_control_fibroblasts,20
Immature_granulopoiesis,Resolved; >=100 genes,full_gene,Donor2,0.0908313623525663,UC_vs_control_fibroblasts,20
Immature_granulopoiesis,Resolved; >=100 genes,full_gene,Donor3,0.00464906934919598,UC_vs_control_fibroblasts,20
Immature_granulopoiesis,Resolved; >=100 genes,full_gene,Donor4,0.0117104365555985,UC_vs_control_fibroblasts,20
Immature_granulopoiesis,Resolved; >=100 genes,full_gene,Donor6,0.0360293950983578,UC_vs_control_fibroblasts,20
Immature_granulopoiesis,Resolved; >=100 genes,identity_markers_removed,Donor1,0.00991967429002297,UC_vs_control_fibroblasts,20
Immature_granulopoiesis,Resolved; >=100 genes,identity_markers_removed,Donor2,0.0908313623525663,UC_vs_control_fibroblasts,20
Immature_granulopoiesis,Resolved; >=100 genes,identity_markers_removed,Donor3,0.00464906934919598,UC_vs_control_fibroblasts,20
Immature_granulopoiesis,Resolved; >=100 genes,identity_markers_removed,Donor4,0.0117104365555985,UC_vs_control_fibroblasts,20
Immature_granulopoiesis,Resolved; >=100 genes,identity_markers_removed,Donor6,0.0360293950983578,UC_vs_control_fibroblasts,20
Survival_antiapoptosis,All annotated,full_gene,Donor1,0.0207448492643395,UC_vs_control_fibroblasts,20
Survival_antiapoptosis,All annotated,full_gene,Donor2,0.012356815404099,UC_vs_control_fibroblasts,20
Survival_antiapoptosis,All annotated,full_gene,Donor3,-0.0629052552823548,UC_vs_control_fibroblasts,20
Survival_antiapoptosis,All annotated,full_gene,Donor4,-0.0686270837355221,UC_vs_control_fibroblasts,20
Survival_antiapoptosis,All annotated,full_gene,Donor5,-0.0872949193335137,UC_vs_control_fibroblasts,20
Survival_antiapoptosis,All annotated,full_gene,Donor6,-0.0105570154445082,UC_vs_control_fibroblasts,20
Survival_antiapoptosis,All annotated,identity_markers_removed,Donor1,0.0207448492643395,UC_vs_control_fibroblasts,20
Survival_antiapoptosis,All annotated,identity_markers_removed,Donor2,0.012356815404099,UC_vs_control_fibroblasts,20
Survival_antiapoptosis,All annotated,identity_markers_removed,Donor3,-0.0629052552823548,UC_vs_control_fibroblasts,20
Survival_antiapoptosis,All annotated,identity_markers_removed,Donor4,-0.0686270837355221,UC_vs_control_fibroblasts,20
Survival_antiapoptosis,All annotated,identity_markers_removed,Donor5,-0.0872949193335137,UC_vs_control_fibroblasts,20
Survival_antiapoptosis,All annotated,identity_markers_removed,Donor6,-0.0105570154445082,UC_vs_control_fibroblasts,20
Survival_antiapoptosis,Resolved,full_gene,Donor1,0.0294414720641581,UC_vs_control_fibroblasts,20
Survival_antiapoptosis,Resolved,full_gene,Donor2,0.0948986647157182,UC_vs_control_fibroblasts,20
Survival_antiapoptosis,Resolved,full_gene,Donor3,-0.057426375947806,UC_vs_control_fibroblasts,20
Survival_antiapoptosis,Resolved,full_gene,Donor4,-0.0536551898925994,UC_vs_control_fibroblasts,20
Survival_antiapoptosis,Resolved,full_gene,Donor6,0.0114594035963785,UC_vs_control_fibroblasts,20
Survival_antiapoptosis,Resolved,identity_markers_removed,Donor1,0.0294414720641581,UC_vs_control_fibroblasts,20
Survival_antiapoptosis,Resolved,identity_markers_removed,Donor2,0.0948986647157182,UC_vs_control_fibroblasts,20
Survival_antiapoptosis,Resolved,identity_markers_removed,Donor3,-0.057426375947806,UC_vs_control_fibroblasts,20
Survival_antiapoptosis,Resolved,identity_markers_removed,Donor4,-0.0536551898925994,UC_vs_control_fibroblasts,20
Survival_antiapoptosis,Resolved,identity_markers_removed,Donor6,0.0114594035963785,UC_vs_control_fibroblasts,20
Survival_antiapoptosis,Resolved; >=100 genes,full_gene,Donor1,0.0245857443243913,UC_vs_control_fibroblasts,20
Survival_antiapoptosis,Resolved; >=100 genes,full_gene,Donor2,0.141246561339554,UC_vs_control_fibroblasts,20
Survival_antiapoptosis,Resolved; >=100 genes,full_gene,Donor3,-0.0578268850704955,UC_vs_control_fibroblasts,20
Survival_antiapoptosis,Resolved; >=100 genes,full_gene,Donor4,-0.0501346116963901,UC_vs_control_fibroblasts,20
Survival_antiapoptosis,Resolved; >=100 genes,full_gene,Donor6,0.00794968419642311,UC_vs_control_fibroblasts,20
Survival_antiapoptosis,Resolved; >=100 genes,identity_markers_removed,Donor1,0.0245857443243913,UC_vs_control_fibroblasts,20
Survival_antiapoptosis,Resolved; >=100 genes,identity_markers_removed,Donor2,0.141246561339554,UC_vs_control_fibroblasts,20
Survival_antiapoptosis,Resolved; >=100 genes,identity_markers_removed,Donor3,-0.0578268850704955,UC_vs_control_fibroblasts,20
Survival_antiapoptosis,Resolved; >=100 genes,identity_markers_removed,Donor4,-0.0501346116963901,UC_vs_control_fibroblasts,20
Survival_antiapoptosis,Resolved; >=100 genes,identity_markers_removed,Donor6,0.00794968419642311,UC_vs_control_fibroblasts,20
Hypoxia_glycolysis,All annotated,full_gene,Donor1,0.0110906892592588,UC_vs_control_fibroblasts,20
Hypoxia_glycolysis,All annotated,full_gene,Donor2,-0.0887464930130646,UC_vs_control_fibroblasts,20
Hypoxia_glycolysis,All annotated,full_gene,Donor3,-0.0852965228355043,UC_vs_control_fibroblasts,20
Hypoxia_glycolysis,All annotated,full_gene,Donor4,-0.0836161415567627,UC_vs_control_fibroblasts,20
Hypoxia_glycolysis,All annotated,full_gene,Donor5,-0.018384880463971,UC_vs_control_fibroblasts,20
Hypoxia_glycolysis,All annotated,full_gene,Donor6,0.00254271571258699,UC_vs_control_fibroblasts,20
Hypoxia_glycolysis,All annotated,identity_markers_removed,Donor1,0.0110906892592588,UC_vs_control_fibroblasts,20
Hypoxia_glycolysis,All annotated,identity_markers_removed,Donor2,-0.0887464930130646,UC_vs_control_fibroblasts,20
Hypoxia_glycolysis,All annotated,identity_markers_removed,Donor3,-0.0852965228355043,UC_vs_control_fibroblasts,20
Hypoxia_glycolysis,All annotated,identity_markers_removed,Donor4,-0.0836161415567627,UC_vs_control_fibroblasts,20
Hypoxia_glycolysis,All annotated,identity_markers_removed,Donor5,-0.018384880463971,UC_vs_control_fibroblasts,20
Hypoxia_glycolysis,All annotated,identity_markers_removed,Donor6,0.00254271571258699,UC_vs_control_fibroblasts,20
Hypoxia_glycolysis,Resolved,full_gene,Donor1,-0.0140739612165544,UC_vs_control_fibroblasts,20
Hypoxia_glycolysis,Resolved,full_gene,Donor2,-0.0964916921537466,UC_vs_control_fibroblasts,20
Hypoxia_glycolysis,Resolved,full_gene,Donor3,-0.0894420512727342,UC_vs_control_fibroblasts,20
Hypoxia_glycolysis,Resolved,full_gene,Donor4,-0.0981889050829328,UC_vs_control_fibroblasts,20
Hypoxia_glycolysis,Resolved,full_gene,Donor6,0.00884598399088212,UC_vs_control_fibroblasts,20
Hypoxia_glycolysis,Resolved,identity_markers_removed,Donor1,-0.0140739612165544,UC_vs_control_fibroblasts,20
Hypoxia_glycolysis,Resolved,identity_markers_removed,Donor2,-0.0964916921537466,UC_vs_control_fibroblasts,20
Hypoxia_glycolysis,Resolved,identity_markers_removed,Donor3,-0.0894420512727342,UC_vs_control_fibroblasts,20
Hypoxia_glycolysis,Resolved,identity_markers_removed,Donor4,-0.0981889050829328,UC_vs_control_fibroblasts,20
Hypoxia_glycolysis,Resolved,identity_markers_removed,Donor6,0.00884598399088212,UC_vs_control_fibroblasts,20
Hypoxia_glycolysis,Resolved; >=100 genes,full_gene,Donor1,-0.022093376718264,UC_vs_control_fibroblasts,20
Hypoxia_glycolysis,Resolved; >=100 genes,full_gene,Donor2,-0.0652590593350424,UC_vs_control_fibroblasts,20
Hypoxia_glycolysis,Resolved; >=100 genes,full_gene,Donor3,-0.0912621398487779,UC_vs_control_fibroblasts,20
Hypoxia_glycolysis,Resolved; >=100 genes,full_gene,Donor4,-0.0984588189716586,UC_vs_control_fibroblasts,20
Hypoxia_glycolysis,Resolved; >=100 genes,full_gene,Donor6,0.00810868768190252,UC_vs_control_fibroblasts,20
Hypoxia_glycolysis,Resolved; >=100 genes,identity_markers_removed,Donor1,-0.022093376718264,UC_vs_control_fibroblasts,20
Hypoxia_glycolysis,Resolved; >=100 genes,identity_markers_removed,Donor2,-0.0652590593350424,UC_vs_control_fibroblasts,20
Hypoxia_glycolysis,Resolved; >=100 genes,identity_markers_removed,Donor3,-0.0912621398487779,UC_vs_control_fibroblasts,20
Hypoxia_glycolysis,Resolved; >=100 genes,identity_markers_removed,Donor4,-0.0984588189716586,UC_vs_control_fibroblasts,20
Hypoxia_glycolysis,Resolved; >=100 genes,identity_markers_removed,Donor6,0.00810868768190252,UC_vs_control_fibroblasts,20
ER_stress,All annotated,full_gene,Donor1,0.0583396750674408,UC_vs_control_fibroblasts,20
ER_stress,All annotated,full_gene,Donor2,-0.0431507453081959,UC_vs_control_fibroblasts,20
ER_stress,All annotated,full_gene,Donor3,-0.0750932572686952,UC_vs_control_fibroblasts,20
ER_stress,All annotated,full_gene,Donor4,-0.0905527134165406,UC_vs_control_fibroblasts,20
ER_stress,All annotated,full_gene,Donor5,-0.0700780590589878,UC_vs_control_fibroblasts,20
ER_stress,All annotated,full_gene,Donor6,-0.00121565180549782,UC_vs_control_fibroblasts,20
ER_stress,All annotated,identity_markers_removed,Donor1,0.0583396750674408,UC_vs_control_fibroblasts,20
ER_stress,All annotated,identity_markers_removed,Donor2,-0.0431507453081959,UC_vs_control_fibroblasts,20
ER_stress,All annotated,identity_markers_removed,Donor3,-0.0750932572686952,UC_vs_control_fibroblasts,20
ER_stress,All annotated,identity_markers_removed,Donor4,-0.0905527134165406,UC_vs_control_fibroblasts,20
ER_stress,All annotated,identity_markers_removed,Donor5,-0.0700780590589878,UC_vs_control_fibroblasts,20
ER_stress,All annotated,identity_markers_removed,Donor6,-0.00121565180549782,UC_vs_control_fibroblasts,20
ER_stress,Resolved,full_gene,Donor1,0.0841644274713119,UC_vs_control_fibroblasts,20
ER_stress,Resolved,full_gene,Donor2,-0.0131964871536388,UC_vs_control_fibroblasts,20
ER_stress,Resolved,full_gene,Donor3,-0.0659341278908353,UC_vs_control_fibroblasts,20
ER_stress,Resolved,full_gene,Donor4,-0.08809147352528,UC_vs_control_fibroblasts,20
ER_stress,Resolved,full_gene,Donor6,-0.0150815846860496,UC_vs_control_fibroblasts,20
ER_stress,Resolved,identity_markers_removed,Donor1,0.0841644274713119,UC_vs_control_fibroblasts,20
ER_stress,Resolved,identity_markers_removed,Donor2,-0.0131964871536388,UC_vs_control_fibroblasts,20
ER_stress,Resolved,identity_markers_removed,Donor3,-0.0659341278908353,UC_vs_control_fibroblasts,20
ER_stress,Resolved,identity_markers_removed,Donor4,-0.08809147352528,UC_vs_control_fibroblasts,20
ER_stress,Resolved,identity_markers_removed,Donor6,-0.0150815846860496,UC_vs_control_fibroblasts,20
ER_stress,Resolved; >=100 genes,full_gene,Donor1,0.0868351798641766,UC_vs_control_fibroblasts,20
ER_stress,Resolved; >=100 genes,full_gene,Donor2,0.035650783987586,UC_vs_control_fibroblasts,20
ER_stress,Resolved; >=100 genes,full_gene,Donor3,-0.0666805675337619,UC_vs_control_fibroblasts,20
ER_stress,Resolved; >=100 genes,full_gene,Donor4,-0.0854467388868526,UC_vs_control_fibroblasts,20
ER_stress,Resolved; >=100 genes,full_gene,Donor6,-0.00937579535306299,UC_vs_control_fibroblasts,20
ER_stress,Resolved; >=100 genes,identity_markers_removed,Donor1,0.0868351798641766,UC_vs_control_fibroblasts,20
ER_stress,Resolved; >=100 genes,identity_markers_removed,Donor2,0.035650783987586,UC_vs_control_fibroblasts,20
ER_stress,Resolved; >=100 genes,identity_markers_removed,Donor3,-0.0666805675337619,UC_vs_control_fibroblasts,20
ER_stress,Resolved; >=100 genes,identity_markers_removed,Donor4,-0.0854467388868526,UC_vs_control_fibroblasts,20
ER_stress,Resolved; >=100 genes,identity_markers_removed,Donor6,-0.00937579535306299,UC_vs_control_fibroblasts,20
Proliferation_stress,All annotated,full_gene,Donor1,0.0210129958453052,UC_vs_control_fibroblasts,20
Proliferation_stress,All annotated,full_gene,Donor2,-0.154247753946103,UC_vs_control_fibroblasts,20
Proliferation_stress,All annotated,full_gene,Donor3,0.0162361419939214,UC_vs_control_fibroblasts,20
Proliferation_stress,All annotated,full_gene,Donor4,0.00951546061467142,UC_vs_control_fibroblasts,20
Proliferation_stress,All annotated,full_gene,Donor5,-0.0403842743821593,UC_vs_control_fibroblasts,20
Proliferation_stress,All annotated,full_gene,Donor6,0.040756910731301,UC_vs_control_fibroblasts,20
Proliferation_stress,All annotated,identity_markers_removed,Donor1,0.0210129958453052,UC_vs_control_fibroblasts,20
Proliferation_stress,All annotated,identity_markers_removed,Donor2,-0.154247753946103,UC_vs_control_fibroblasts,20
Proliferation_stress,All annotated,identity_markers_removed,Donor3,0.0162361419939214,UC_vs_control_fibroblasts,20
Proliferation_stress,All annotated,identity_markers_removed,Donor4,0.00951546061467142,UC_vs_control_fibroblasts,20
Proliferation_stress,All annotated,identity_markers_removed,Donor5,-0.0403842743821593,UC_vs_control_fibroblasts,20
Proliferation_stress,All annotated,identity_markers_removed,Donor6,0.040756910731301,UC_vs_control_fibroblasts,20
Proliferation_stress,Resolved,full_gene,Donor1,0.0205704124468783,UC_vs_control_fibroblasts,20
Proliferation_stress,Resolved,full_gene,Donor2,-0.0916145762899964,UC_vs_control_fibroblasts,20
Proliferation_stress,Resolved,full_gene,Donor3,0.0229917186092663,UC_vs_control_fibroblasts,20
Proliferation_stress,Resolved,full_gene,Donor4,0.000362186007984662,UC_vs_control_fibroblasts,20
Proliferation_stress,Resolved,full_gene,Donor6,0.107850529906896,UC_vs_control_fibroblasts,20
Proliferation_stress,Resolved,identity_markers_removed,Donor1,0.0205704124468783,UC_vs_control_fibroblasts,20
Proliferation_stress,Resolved,identity_markers_removed,Donor2,-0.0916145762899964,UC_vs_control_fibroblasts,20
Proliferation_stress,Resolved,identity_markers_removed,Donor3,0.0229917186092663,UC_vs_control_fibroblasts,20
Proliferation_stress,Resolved,identity_markers_removed,Donor4,0.000362186007984662,UC_vs_control_fibroblasts,20
Proliferation_stress,Resolved,identity_markers_removed,Donor6,0.107850529906896,UC_vs_control_fibroblasts,20
Proliferation_stress,Resolved; >=100 genes,full_gene,Donor1,0.0203870830998255,UC_vs_control_fibroblasts,20
Proliferation_stress,Resolved; >=100 genes,full_gene,Donor2,-0.0737199239869631,UC_vs_control_fibroblasts,20
Proliferation_stress,Resolved; >=100 genes,full_gene,Donor3,0.0230779761352831,UC_vs_control_fibroblasts,20
Proliferation_stress,Resolved; >=100 genes,full_gene,Donor4,0.000250772226508784,UC_vs_control_fibroblasts,20
Proliferation_stress,Resolved; >=100 genes,full_gene,Donor6,0.127207443185035,UC_vs_control_fibroblasts,20
Proliferation_stress,Resolved; >=100 genes,identity_markers_removed,Donor1,0.0203870830998255,UC_vs_control_fibroblasts,20
Proliferation_stress,Resolved; >=100 genes,identity_markers_removed,Donor2,-0.0737199239869631,UC_vs_control_fibroblasts,20
Proliferation_stress,Resolved; >=100 genes,identity_markers_removed,Donor3,0.0230779761352831,UC_vs_control_fibroblasts,20
Proliferation_stress,Resolved; >=100 genes,identity_markers_removed,Donor4,0.000250772226508784,UC_vs_control_fibroblasts,20
Proliferation_stress,Resolved; >=100 genes,identity_markers_removed,Donor6,0.127207443185035,UC_vs_control_fibroblasts,20
Integrin_adhesion,All annotated,full_gene,Donor1,0.000428821655390127,UC_vs_control_fibroblasts,20
Integrin_adhesion,All annotated,full_gene,Donor2,-0.0425488480083291,UC_vs_control_fibroblasts,20
Integrin_adhesion,All annotated,full_gene,Donor3,-0.0929145828631221,UC_vs_control_fibroblasts,20
Integrin_adhesion,All annotated,full_gene,Donor4,-0.0995768162083131,UC_vs_control_fibroblasts,20
Integrin_adhesion,All annotated,full_gene,Donor5,-0.271599414384601,UC_vs_control_fibroblasts,20
Integrin_adhesion,All annotated,full_gene,Donor6,-0.00963641719817721,UC_vs_control_fibroblasts,20
Integrin_adhesion,All annotated,identity_markers_removed,Donor1,0.000428821655390127,UC_vs_control_fibroblasts,20
Integrin_adhesion,All annotated,identity_markers_removed,Donor2,-0.0425488480083291,UC_vs_control_fibroblasts,20
Integrin_adhesion,All annotated,identity_markers_removed,Donor3,-0.0929145828631221,UC_vs_control_fibroblasts,20
Integrin_adhesion,All annotated,identity_markers_removed,Donor4,-0.0995768162083131,UC_vs_control_fibroblasts,20
Integrin_adhesion,All annotated,identity_markers_removed,Donor5,-0.271599414384601,UC_vs_control_fibroblasts,20
Integrin_adhesion,All annotated,identity_markers_removed,Donor6,-0.00963641719817721,UC_vs_control_fibroblasts,20
Integrin_adhesion,Resolved,full_gene,Donor1,-0.0114132170954831,UC_vs_control_fibroblasts,20
Integrin_adhesion,Resolved,full_gene,Donor2,-0.0254962329247263,UC_vs_control_fibroblasts,20
Integrin_adhesion,Resolved,full_gene,Donor3,-0.10672216986336,UC_vs_control_fibroblasts,20
Integrin_adhesion,Resolved,full_gene,Donor4,-0.124334778590407,UC_vs_control_fibroblasts,20
Integrin_adhesion,Resolved,full_gene,Donor6,-0.010998306112814,UC_vs_control_fibroblasts,20
Integrin_adhesion,Resolved,identity_markers_removed,Donor1,-0.0114132170954831,UC_vs_control_fibroblasts,20
Integrin_adhesion,Resolved,identity_markers_removed,Donor2,-0.0254962329247263,UC_vs_control_fibroblasts,20
Integrin_adhesion,Resolved,identity_markers_removed,Donor3,-0.10672216986336,UC_vs_control_fibroblasts,20
Integrin_adhesion,Resolved,identity_markers_removed,Donor4,-0.124334778590407,UC_vs_control_fibroblasts,20
Integrin_adhesion,Resolved,identity_markers_removed,Donor6,-0.010998306112814,UC_vs_control_fibroblasts,20
Integrin_adhesion,Resolved; >=100 genes,full_gene,Donor1,-0.0274261499956682,UC_vs_control_fibroblasts,20
Integrin_adhesion,Resolved; >=100 genes,full_gene,Donor2,0.00198694399908309,UC_vs_control_fibroblasts,20
Integrin_adhesion,Resolved; >=100 genes,full_gene,Donor3,-0.107815479396992,UC_vs_control_fibroblasts,20
Integrin_adhesion,Resolved; >=100 genes,full_gene,Donor4,-0.124391848560227,UC_vs_control_fibroblasts,20
Integrin_adhesion,Resolved; >=100 genes,full_gene,Donor6,-0.0150607816580649,UC_vs_control_fibroblasts,20
Integrin_adhesion,Resolved; >=100 genes,identity_markers_removed,Donor1,-0.0274261499956682,UC_vs_control_fibroblasts,20
Integrin_adhesion,Resolved; >=100 genes,identity_markers_removed,Donor2,0.00198694399908309,UC_vs_control_fibroblasts,20
Integrin_adhesion,Resolved; >=100 genes,identity_markers_removed,Donor3,-0.107815479396992,UC_vs_control_fibroblasts,20
Integrin_adhesion,Resolved; >=100 genes,identity_markers_removed,Donor4,-0.124391848560227,UC_vs_control_fibroblasts,20
Integrin_adhesion,Resolved; >=100 genes,identity_markers_removed,Donor6,-0.0150607816580649,UC_vs_control_fibroblasts,20
CXCR4_aging_retention,All annotated,full_gene,Donor1,0.0427996448978036,UC_vs_control_fibroblasts,20
CXCR4_aging_retention,All annotated,full_gene,Donor2,-0.060229122886404,UC_vs_control_fibroblasts,20
CXCR4_aging_retention,All annotated,full_gene,Donor3,-0.161400019718195,UC_vs_control_fibroblasts,20
CXCR4_aging_retention,All annotated,full_gene,Donor4,-0.184771001465638,UC_vs_control_fibroblasts,20
CXCR4_aging_retention,All annotated,full_gene,Donor5,-0.252980805759583,UC_vs_control_fibroblasts,20
CXCR4_aging_retention,All annotated,full_gene,Donor6,-0.0114916722502442,UC_vs_control_fibroblasts,20
CXCR4_aging_retention,All annotated,identity_markers_removed,Donor1,0.0267936381277645,UC_vs_control_fibroblasts,20
CXCR4_aging_retention,All annotated,identity_markers_removed,Donor2,-0.0818093091489627,UC_vs_control_fibroblasts,20
CXCR4_aging_retention,All annotated,identity_markers_removed,Donor3,-0.169591221283408,UC_vs_control_fibroblasts,20
CXCR4_aging_retention,All annotated,identity_markers_removed,Donor4,-0.192907826193993,UC_vs_control_fibroblasts,20
CXCR4_aging_retention,All annotated,identity_markers_removed,Donor5,-0.250328110663946,UC_vs_control_fibroblasts,20
CXCR4_aging_retention,All annotated,identity_markers_removed,Donor6,-0.0199012537488155,UC_vs_control_fibroblasts,20
CXCR4_aging_retention,Resolved,full_gene,Donor1,-0.0154509590854415,UC_vs_control_fibroblasts,20
CXCR4_aging_retention,Resolved,full_gene,Donor2,0.0644856595869312,UC_vs_control_fibroblasts,20
CXCR4_aging_retention,Resolved,full_gene,Donor3,-0.138603321806767,UC_vs_control_fibroblasts,20
CXCR4_aging_retention,Resolved,full_gene,Donor4,-0.197279275879031,UC_vs_control_fibroblasts,20
CXCR4_aging_retention,Resolved,full_gene,Donor6,-0.0213251028464048,UC_vs_control_fibroblasts,20
CXCR4_aging_retention,Resolved,identity_markers_removed,Donor1,-0.0298488623810195,UC_vs_control_fibroblasts,20
CXCR4_aging_retention,Resolved,identity_markers_removed,Donor2,0.0300588991554852,UC_vs_control_fibroblasts,20
CXCR4_aging_retention,Resolved,identity_markers_removed,Donor3,-0.153247561638134,UC_vs_control_fibroblasts,20
CXCR4_aging_retention,Resolved,identity_markers_removed,Donor4,-0.210879347174417,UC_vs_control_fibroblasts,20
CXCR4_aging_retention,Resolved,identity_markers_removed,Donor6,-0.0416029450924835,UC_vs_control_fibroblasts,20
CXCR4_aging_retention,Resolved; >=100 genes,full_gene,Donor1,-0.0206105104780975,UC_vs_control_fibroblasts,20
CXCR4_aging_retention,Resolved; >=100 genes,full_gene,Donor2,0.120674715247957,UC_vs_control_fibroblasts,20
CXCR4_aging_retention,Resolved; >=100 genes,full_gene,Donor3,-0.139648737040222,UC_vs_control_fibroblasts,20
CXCR4_aging_retention,Resolved; >=100 genes,full_gene,Donor4,-0.196041587276679,UC_vs_control_fibroblasts,20
CXCR4_aging_retention,Resolved; >=100 genes,full_gene,Donor6,-0.0236708506337713,UC_vs_control_fibroblasts,20
CXCR4_aging_retention,Resolved; >=100 genes,identity_markers_removed,Donor1,-0.0205272706774962,UC_vs_control_fibroblasts,20
CXCR4_aging_retention,Resolved; >=100 genes,identity_markers_removed,Donor2,0.0857160726098563,UC_vs_control_fibroblasts,20
CXCR4_aging_retention,Resolved; >=100 genes,identity_markers_removed,Donor3,-0.153613877718024,UC_vs_control_fibroblasts,20
CXCR4_aging_retention,Resolved; >=100 genes,identity_markers_removed,Donor4,-0.209729396912892,UC_vs_control_fibroblasts,20
CXCR4_aging_retention,Resolved; >=100 genes,identity_markers_removed,Donor6,-0.0343369535036435,UC_vs_control_fibroblasts,20
NETosis,All annotated,full_gene,Donor1,0.0137677349372947,UC_vs_alone,20
NETosis,All annotated,full_gene,Donor2,0.0127627285492924,UC_vs_alone,20
NETosis,All annotated,full_gene,Donor3,0.0501703040000859,UC_vs_alone,20
NETosis,All annotated,full_gene,Donor4,0.11609810485713,UC_vs_alone,20
NETosis,All annotated,full_gene,Donor5,-0.0438236040053502,UC_vs_alone,20
NETosis,All annotated,full_gene,Donor6,-0.0708542434823459,UC_vs_alone,20
NETosis,All annotated,identity_markers_removed,Donor1,0.00105342331237621,UC_vs_alone,20
NETosis,All annotated,identity_markers_removed,Donor2,0.0113341215780344,UC_vs_alone,20
NETosis,All annotated,identity_markers_removed,Donor3,0.0428319904495111,UC_vs_alone,20
NETosis,All annotated,identity_markers_removed,Donor4,0.10935943496651,UC_vs_alone,20
NETosis,All annotated,identity_markers_removed,Donor5,-0.0481572672778717,UC_vs_alone,20
NETosis,All annotated,identity_markers_removed,Donor6,-0.0709965430363607,UC_vs_alone,20
NETosis,Resolved,full_gene,Donor1,0.160727083117074,UC_vs_alone,20
NETosis,Resolved,full_gene,Donor2,0.161078486009589,UC_vs_alone,20
NETosis,Resolved,full_gene,Donor3,-0.0141609903913133,UC_vs_alone,20
NETosis,Resolved,full_gene,Donor4,0.12905082848175,UC_vs_alone,20
NETosis,Resolved,full_gene,Donor5,0.275111287859416,UC_vs_alone,20
NETosis,Resolved,full_gene,Donor6,0.0808198564221783,UC_vs_alone,20
NETosis,Resolved,identity_markers_removed,Donor1,0.159926386889106,UC_vs_alone,20
NETosis,Resolved,identity_markers_removed,Donor2,0.151958513878401,UC_vs_alone,20
NETosis,Resolved,identity_markers_removed,Donor3,-0.0144800889916401,UC_vs_alone,20
NETosis,Resolved,identity_markers_removed,Donor4,0.12470181828073,UC_vs_alone,20
NETosis,Resolved,identity_markers_removed,Donor5,0.275835019127312,UC_vs_alone,20
NETosis,Resolved,identity_markers_removed,Donor6,0.0780387347829613,UC_vs_alone,20
NETosis,Resolved; >=100 genes,full_gene,Donor1,0.118228936510201,UC_vs_alone,20
NETosis,Resolved; >=100 genes,full_gene,Donor2,0.137773045455356,UC_vs_alone,20
NETosis,Resolved; >=100 genes,full_gene,Donor3,-0.0102497639585691,UC_vs_alone,20
NETosis,Resolved; >=100 genes,full_gene,Donor4,0.0912931796731005,UC_vs_alone,20
NETosis,Resolved; >=100 genes,full_gene,Donor5,0.252638566121947,UC_vs_alone,20
NETosis,Resolved; >=100 genes,full_gene,Donor6,0.0529199963728087,UC_vs_alone,20
NETosis,Resolved; >=100 genes,identity_markers_removed,Donor1,0.124806469179942,UC_vs_alone,20
NETosis,Resolved; >=100 genes,identity_markers_removed,Donor2,0.128821424555724,UC_vs_alone,20
NETosis,Resolved; >=100 genes,identity_markers_removed,Donor3,-0.00764104043338339,UC_vs_alone,20
NETosis,Resolved; >=100 genes,identity_markers_removed,Donor4,0.0858120899349485,UC_vs_alone,20
NETosis,Resolved; >=100 genes,identity_markers_removed,Donor5,0.251650845407508,UC_vs_alone,20
NETosis,Resolved; >=100 genes,identity_markers_removed,Donor6,0.0559704988434044,UC_vs_alone,20
Degranulation,All annotated,full_gene,Donor1,0.0233020897463039,UC_vs_alone,20
Degranulation,All annotated,full_gene,Donor2,0.0117286905748717,UC_vs_alone,20
Degranulation,All annotated,full_gene,Donor3,-0.12550292167828,UC_vs_alone,20
Degranulation,All annotated,full_gene,Donor4,-0.010094127482677,UC_vs_alone,20
Degranulation,All annotated,full_gene,Donor5,-0.0801229651592283,UC_vs_alone,20
Degranulation,All annotated,full_gene,Donor6,-0.212642481374458,UC_vs_alone,20
Degranulation,All annotated,identity_markers_removed,Donor1,0.0233020897463039,UC_vs_alone,20
Degranulation,All annotated,identity_markers_removed,Donor2,0.0117286905748717,UC_vs_alone,20
Degranulation,All annotated,identity_markers_removed,Donor3,-0.12550292167828,UC_vs_alone,20
Degranulation,All annotated,identity_markers_removed,Donor4,-0.010094127482677,UC_vs_alone,20
Degranulation,All annotated,identity_markers_removed,Donor5,-0.0801229651592283,UC_vs_alone,20
Degranulation,All annotated,identity_markers_removed,Donor6,-0.212642481374458,UC_vs_alone,20
Degranulation,Resolved,full_gene,Donor1,0.119473879740496,UC_vs_alone,20
Degranulation,Resolved,full_gene,Donor2,0.159711606896579,UC_vs_alone,20
Degranulation,Resolved,full_gene,Donor3,-0.152036504566777,UC_vs_alone,20
Degranulation,Resolved,full_gene,Donor4,-0.0114115181100727,UC_vs_alone,20
Degranulation,Resolved,full_gene,Donor5,0.0818398358761513,UC_vs_alone,20
Degranulation,Resolved,full_gene,Donor6,-0.106143237185911,UC_vs_alone,20
Degranulation,Resolved,identity_markers_removed,Donor1,0.119473879740496,UC_vs_alone,20
Degranulation,Resolved,identity_markers_removed,Donor2,0.159711606896579,UC_vs_alone,20
Degranulation,Resolved,identity_markers_removed,Donor3,-0.152036504566777,UC_vs_alone,20
Degranulation,Resolved,identity_markers_removed,Donor4,-0.0114115181100727,UC_vs_alone,20
Degranulation,Resolved,identity_markers_removed,Donor5,0.0818398358761513,UC_vs_alone,20
Degranulation,Resolved,identity_markers_removed,Donor6,-0.106143237185911,UC_vs_alone,20
Degranulation,Resolved; >=100 genes,full_gene,Donor1,0.0897141394490642,UC_vs_alone,20
Degranulation,Resolved; >=100 genes,full_gene,Donor2,0.124131761221307,UC_vs_alone,20
Degranulation,Resolved; >=100 genes,full_gene,Donor3,-0.199589547802831,UC_vs_alone,20
Degranulation,Resolved; >=100 genes,full_gene,Donor4,-0.0772844174969424,UC_vs_alone,20
Degranulation,Resolved; >=100 genes,full_gene,Donor5,0.0502649665126685,UC_vs_alone,20
Degranulation,Resolved; >=100 genes,full_gene,Donor6,-0.192206224609603,UC_vs_alone,20
Degranulation,Resolved; >=100 genes,identity_markers_removed,Donor1,0.0897141394490642,UC_vs_alone,20
Degranulation,Resolved; >=100 genes,identity_markers_removed,Donor2,0.124131761221307,UC_vs_alone,20
Degranulation,Resolved; >=100 genes,identity_markers_removed,Donor3,-0.199589547802831,UC_vs_alone,20
Degranulation,Resolved; >=100 genes,identity_markers_removed,Donor4,-0.0772844174969424,UC_vs_alone,20
Degranulation,Resolved; >=100 genes,identity_markers_removed,Donor5,0.0502649665126685,UC_vs_alone,20
Degranulation,Resolved; >=100 genes,identity_markers_removed,Donor6,-0.192206224609603,UC_vs_alone,20
Oxidative_burst,All annotated,full_gene,Donor1,0.0110979101280252,UC_vs_alone,20
Oxidative_burst,All annotated,full_gene,Donor2,0.0525361539532692,UC_vs_alone,20
Oxidative_burst,All annotated,full_gene,Donor3,0.156077909520686,UC_vs_alone,20
Oxidative_burst,All annotated,full_gene,Donor4,0.167964468643341,UC_vs_alone,20
Oxidative_burst,All annotated,full_gene,Donor5,-0.00595457193752252,UC_vs_alone,20
Oxidative_burst,All annotated,full_gene,Donor6,-0.0418739328166501,UC_vs_alone,20
Oxidative_burst,All annotated,identity_markers_removed,Donor1,0.0110979101280252,UC_vs_alone,20
Oxidative_burst,All annotated,identity_markers_removed,Donor2,0.0525361539532692,UC_vs_alone,20
Oxidative_burst,All annotated,identity_markers_removed,Donor3,0.156077909520686,UC_vs_alone,20
Oxidative_burst,All annotated,identity_markers_removed,Donor4,0.167964468643341,UC_vs_alone,20
Oxidative_burst,All annotated,identity_markers_removed,Donor5,-0.00595457193752252,UC_vs_alone,20
Oxidative_burst,All annotated,identity_markers_removed,Donor6,-0.0418739328166501,UC_vs_alone,20
Oxidative_burst,Resolved,full_gene,Donor1,0.300410497789221,UC_vs_alone,20
Oxidative_burst,Resolved,full_gene,Donor2,0.275854010698508,UC_vs_alone,20
Oxidative_burst,Resolved,full_gene,Donor3,0.123483421806301,UC_vs_alone,20
Oxidative_burst,Resolved,full_gene,Donor4,0.234026154022839,UC_vs_alone,20
Oxidative_burst,Resolved,full_gene,Donor5,0.517031532644223,UC_vs_alone,20
Oxidative_burst,Resolved,full_gene,Donor6,0.219687081869289,UC_vs_alone,20
Oxidative_burst,Resolved,identity_markers_removed,Donor1,0.300410497789221,UC_vs_alone,20
Oxidative_burst,Resolved,identity_markers_removed,Donor2,0.275854010698508,UC_vs_alone,20
Oxidative_burst,Resolved,identity_markers_removed,Donor3,0.123483421806301,UC_vs_alone,20
Oxidative_burst,Resolved,identity_markers_removed,Donor4,0.234026154022839,UC_vs_alone,20
Oxidative_burst,Resolved,identity_markers_removed,Donor5,0.517031532644223,UC_vs_alone,20
Oxidative_burst,Resolved,identity_markers_removed,Donor6,0.219687081869289,UC_vs_alone,20
Oxidative_burst,Resolved; >=100 genes,full_gene,Donor1,0.250627567203687,UC_vs_alone,20
Oxidative_burst,Resolved; >=100 genes,full_gene,Donor2,0.241107260896452,UC_vs_alone,20
Oxidative_burst,Resolved; >=100 genes,full_gene,Donor3,0.103939004799556,UC_vs_alone,20
Oxidative_burst,Resolved; >=100 genes,full_gene,Donor4,0.149489789881503,UC_vs_alone,20
Oxidative_burst,Resolved; >=100 genes,full_gene,Donor5,0.529114621017208,UC_vs_alone,20
Oxidative_burst,Resolved; >=100 genes,full_gene,Donor6,0.216008334765118,UC_vs_alone,20
Oxidative_burst,Resolved; >=100 genes,identity_markers_removed,Donor1,0.250627567203687,UC_vs_alone,20
Oxidative_burst,Resolved; >=100 genes,identity_markers_removed,Donor2,0.241107260896452,UC_vs_alone,20
Oxidative_burst,Resolved; >=100 genes,identity_markers_removed,Donor3,0.103939004799556,UC_vs_alone,20
Oxidative_burst,Resolved; >=100 genes,identity_markers_removed,Donor4,0.149489789881503,UC_vs_alone,20
Oxidative_burst,Resolved; >=100 genes,identity_markers_removed,Donor5,0.529114621017208,UC_vs_alone,20
Oxidative_burst,Resolved; >=100 genes,identity_markers_removed,Donor6,0.216008334765118,UC_vs_alone,20
Phagocytosis,All annotated,full_gene,Donor1,0.122715071202993,UC_vs_alone,20
Phagocytosis,All annotated,full_gene,Donor2,0.09202521702854,UC_vs_alone,20
Phagocytosis,All annotated,full_gene,Donor3,0.282724483581784,UC_vs_alone,20
Phagocytosis,All annotated,full_gene,Donor4,0.311671049432414,UC_vs_alone,20
Phagocytosis,All annotated,full_gene,Donor5,0.0634320662756852,UC_vs_alone,20
Phagocytosis,All annotated,full_gene,Donor6,0.00395982928991367,UC_vs_alone,20
Phagocytosis,All annotated,identity_markers_removed,Donor1,0.122715071202993,UC_vs_alone,20
Phagocytosis,All annotated,identity_markers_removed,Donor2,0.09202521702854,UC_vs_alone,20
Phagocytosis,All annotated,identity_markers_removed,Donor3,0.282724483581784,UC_vs_alone,20
Phagocytosis,All annotated,identity_markers_removed,Donor4,0.311671049432414,UC_vs_alone,20
Phagocytosis,All annotated,identity_markers_removed,Donor5,0.0634320662756852,UC_vs_alone,20
Phagocytosis,All annotated,identity_markers_removed,Donor6,0.00395982928991367,UC_vs_alone,20
Phagocytosis,Resolved,full_gene,Donor1,0.520272440943313,UC_vs_alone,20
Phagocytosis,Resolved,full_gene,Donor2,0.493710485081111,UC_vs_alone,20
Phagocytosis,Resolved,full_gene,Donor3,0.344064163145491,UC_vs_alone,20
Phagocytosis,Resolved,full_gene,Donor4,0.430867779904349,UC_vs_alone,20
Phagocytosis,Resolved,full_gene,Donor5,0.591171971055118,UC_vs_alone,20
Phagocytosis,Resolved,full_gene,Donor6,0.37372161275681,UC_vs_alone,20
Phagocytosis,Resolved,identity_markers_removed,Donor1,0.520272440943313,UC_vs_alone,20
Phagocytosis,Resolved,identity_markers_removed,Donor2,0.493710485081111,UC_vs_alone,20
Phagocytosis,Resolved,identity_markers_removed,Donor3,0.344064163145491,UC_vs_alone,20
Phagocytosis,Resolved,identity_markers_removed,Donor4,0.430867779904349,UC_vs_alone,20
Phagocytosis,Resolved,identity_markers_removed,Donor5,0.591171971055118,UC_vs_alone,20
Phagocytosis,Resolved,identity_markers_removed,Donor6,0.37372161275681,UC_vs_alone,20
Phagocytosis,Resolved; >=100 genes,full_gene,Donor1,0.474195987454922,UC_vs_alone,20
Phagocytosis,Resolved; >=100 genes,full_gene,Donor2,0.445669586470141,UC_vs_alone,20
Phagocytosis,Resolved; >=100 genes,full_gene,Donor3,0.308736449871539,UC_vs_alone,20
Phagocytosis,Resolved; >=100 genes,full_gene,Donor4,0.349268863558283,UC_vs_alone,20
Phagocytosis,Resolved; >=100 genes,full_gene,Donor5,0.618182323672645,UC_vs_alone,20
Phagocytosis,Resolved; >=100 genes,full_gene,Donor6,0.381306522788694,UC_vs_alone,20
Phagocytosis,Resolved; >=100 genes,identity_markers_removed,Donor1,0.474195987454922,UC_vs_alone,20
Phagocytosis,Resolved; >=100 genes,identity_markers_removed,Donor2,0.445669586470141,UC_vs_alone,20
Phagocytosis,Resolved; >=100 genes,identity_markers_removed,Donor3,0.308736449871539,UC_vs_alone,20
Phagocytosis,Resolved; >=100 genes,identity_markers_removed,Donor4,0.349268863558283,UC_vs_alone,20
Phagocytosis,Resolved; >=100 genes,identity_markers_removed,Donor5,0.618182323672645,UC_vs_alone,20
Phagocytosis,Resolved; >=100 genes,identity_markers_removed,Donor6,0.381306522788694,UC_vs_alone,20
Chemotaxis,All annotated,full_gene,Donor1,0.103476267608962,UC_vs_alone,20
Chemotaxis,All annotated,full_gene,Donor2,0.117777409773974,UC_vs_alone,20
Chemotaxis,All annotated,full_gene,Donor3,0.303316243466427,UC_vs_alone,20
Chemotaxis,All annotated,full_gene,Donor4,0.282886416039155,UC_vs_alone,20
Chemotaxis,All annotated,full_gene,Donor5,0.0286565576944199,UC_vs_alone,20
Chemotaxis,All annotated,full_gene,Donor6,-0.0218416951779955,UC_vs_alone,20
Chemotaxis,All annotated,identity_markers_removed,Donor1,0.103328728287062,UC_vs_alone,20
Chemotaxis,All annotated,identity_markers_removed,Donor2,0.139972419795177,UC_vs_alone,20
Chemotaxis,All annotated,identity_markers_removed,Donor3,0.309810941207394,UC_vs_alone,20
Chemotaxis,All annotated,identity_markers_removed,Donor4,0.274909038139542,UC_vs_alone,20
Chemotaxis,All annotated,identity_markers_removed,Donor5,0.0487217050015747,UC_vs_alone,20
Chemotaxis,All annotated,identity_markers_removed,Donor6,0.0110018553921068,UC_vs_alone,20
Chemotaxis,Resolved,full_gene,Donor1,0.477358905330843,UC_vs_alone,20
Chemotaxis,Resolved,full_gene,Donor2,0.578111873460745,UC_vs_alone,20
Chemotaxis,Resolved,full_gene,Donor3,0.401704750666865,UC_vs_alone,20
Chemotaxis,Resolved,full_gene,Donor4,0.391867375113506,UC_vs_alone,20
Chemotaxis,Resolved,full_gene,Donor5,0.604765578602206,UC_vs_alone,20
Chemotaxis,Resolved,full_gene,Donor6,0.435558308990161,UC_vs_alone,20
Chemotaxis,Resolved,identity_markers_removed,Donor1,0.473022432576672,UC_vs_alone,20
Chemotaxis,Resolved,identity_markers_removed,Donor2,0.549369570315644,UC_vs_alone,20
Chemotaxis,Resolved,identity_markers_removed,Donor3,0.411813822235887,UC_vs_alone,20
Chemotaxis,Resolved,identity_markers_removed,Donor4,0.379820780909446,UC_vs_alone,20
Chemotaxis,Resolved,identity_markers_removed,Donor5,0.58578774312147,UC_vs_alone,20
Chemotaxis,Resolved,identity_markers_removed,Donor6,0.424180976367722,UC_vs_alone,20
Chemotaxis,Resolved; >=100 genes,full_gene,Donor1,0.421797533792799,UC_vs_alone,20
Chemotaxis,Resolved; >=100 genes,full_gene,Donor2,0.562729560063131,UC_vs_alone,20
Chemotaxis,Resolved; >=100 genes,full_gene,Donor3,0.391773805509265,UC_vs_alone,20
Chemotaxis,Resolved; >=100 genes,full_gene,Donor4,0.306867889016865,UC_vs_alone,20
Chemotaxis,Resolved; >=100 genes,full_gene,Donor5,0.612684670232908,UC_vs_alone,20
Chemotaxis,Resolved; >=100 genes,full_gene,Donor6,0.433854323174154,UC_vs_alone,20
Chemotaxis,Resolved; >=100 genes,identity_markers_removed,Donor1,0.438206907429193,UC_vs_alone,20
Chemotaxis,Resolved; >=100 genes,identity_markers_removed,Donor2,0.550932471686505,UC_vs_alone,20
Chemotaxis,Resolved; >=100 genes,identity_markers_removed,Donor3,0.406230040389444,UC_vs_alone,20
Chemotaxis,Resolved; >=100 genes,identity_markers_removed,Donor4,0.301683681895836,UC_vs_alone,20
Chemotaxis,Resolved; >=100 genes,identity_markers_removed,Donor5,0.631277970463021,UC_vs_alone,20
Chemotaxis,Resolved; >=100 genes,identity_markers_removed,Donor6,0.43427348114338,UC_vs_alone,20
OSM_inflammation,All annotated,full_gene,Donor1,0.136815568744191,UC_vs_alone,20
OSM_inflammation,All annotated,full_gene,Donor2,0.112658669394626,UC_vs_alone,20
OSM_inflammation,All annotated,full_gene,Donor3,0.379084906879798,UC_vs_alone,20
OSM_inflammation,All annotated,full_gene,Donor4,0.451394954785863,UC_vs_alone,20
OSM_inflammation,All annotated,full_gene,Donor5,-0.00707854905438143,UC_vs_alone,20
OSM_inflammation,All annotated,full_gene,Donor6,0.0123109284664761,UC_vs_alone,20
OSM_inflammation,All annotated,identity_markers_removed,Donor1,0.136473963695801,UC_vs_alone,20
OSM_inflammation,All annotated,identity_markers_removed,Donor2,0.116794262421854,UC_vs_alone,20
OSM_inflammation,All annotated,identity_markers_removed,Donor3,0.385809103534664,UC_vs_alone,20
OSM_inflammation,All annotated,identity_markers_removed,Donor4,0.470053471295475,UC_vs_alone,20
OSM_inflammation,All annotated,identity_markers_removed,Donor5,-0.00965352315776846,UC_vs_alone,20
OSM_inflammation,All annotated,identity_markers_removed,Donor6,0.0141143716265323,UC_vs_alone,20
OSM_inflammation,Resolved,full_gene,Donor1,0.346281932139862,UC_vs_alone,20
OSM_inflammation,Resolved,full_gene,Donor2,0.343462088316816,UC_vs_alone,20
OSM_inflammation,Resolved,full_gene,Donor3,0.421941480475914,UC_vs_alone,20
OSM_inflammation,Resolved,full_gene,Donor4,0.536848280673064,UC_vs_alone,20
OSM_inflammation,Resolved,full_gene,Donor5,0.34590220330704,UC_vs_alone,20
OSM_inflammation,Resolved,full_gene,Donor6,0.378637009082478,UC_vs_alone,20
OSM_inflammation,Resolved,identity_markers_removed,Donor1,0.3342162673014,UC_vs_alone,20
OSM_inflammation,Resolved,identity_markers_removed,Donor2,0.332543163650398,UC_vs_alone,20
OSM_inflammation,Resolved,identity_markers_removed,Donor3,0.424286638169523,UC_vs_alone,20
OSM_inflammation,Resolved,identity_markers_removed,Donor4,0.556047182964926,UC_vs_alone,20
OSM_inflammation,Resolved,identity_markers_removed,Donor5,0.330154881053872,UC_vs_alone,20
OSM_inflammation,Resolved,identity_markers_removed,Donor6,0.366546830870752,UC_vs_alone,20
OSM_inflammation,Resolved; >=100 genes,full_gene,Donor1,0.331920770026202,UC_vs_alone,20
OSM_inflammation,Resolved; >=100 genes,full_gene,Donor2,0.369097465218645,UC_vs_alone,20
OSM_inflammation,Resolved; >=100 genes,full_gene,Donor3,0.399270393273661,UC_vs_alone,20
OSM_inflammation,Resolved; >=100 genes,full_gene,Donor4,0.471802954408809,UC_vs_alone,20
OSM_inflammation,Resolved; >=100 genes,full_gene,Donor5,0.365996781608247,UC_vs_alone,20
OSM_inflammation,Resolved; >=100 genes,full_gene,Donor6,0.403651828048552,UC_vs_alone,20
OSM_inflammation,Resolved; >=100 genes,identity_markers_removed,Donor1,0.314340428494694,UC_vs_alone,20
OSM_inflammation,Resolved; >=100 genes,identity_markers_removed,Donor2,0.361478378984731,UC_vs_alone,20
OSM_inflammation,Resolved; >=100 genes,identity_markers_removed,Donor3,0.391381808172407,UC_vs_alone,20
OSM_inflammation,Resolved; >=100 genes,identity_markers_removed,Donor4,0.497518758978153,UC_vs_alone,20
OSM_inflammation,Resolved; >=100 genes,identity_markers_removed,Donor5,0.337144960600983,UC_vs_alone,20
OSM_inflammation,Resolved; >=100 genes,identity_markers_removed,Donor6,0.393118987935197,UC_vs_alone,20
Type_I_interferon,All annotated,full_gene,Donor1,-0.00363617430626866,UC_vs_alone,20
Type_I_interferon,All annotated,full_gene,Donor2,0.0316270322300746,UC_vs_alone,20
Type_I_interferon,All annotated,full_gene,Donor3,0.0450460726562106,UC_vs_alone,20
Type_I_interferon,All annotated,full_gene,Donor4,0.00909752156761796,UC_vs_alone,20
Type_I_interferon,All annotated,full_gene,Donor5,-0.0453689290039264,UC_vs_alone,20
Type_I_interferon,All annotated,full_gene,Donor6,-0.0200240930733049,UC_vs_alone,20
Type_I_interferon,All annotated,identity_markers_removed,Donor1,-0.01367316160671,UC_vs_alone,20
Type_I_interferon,All annotated,identity_markers_removed,Donor2,0.0565605669713043,UC_vs_alone,20
Type_I_interferon,All annotated,identity_markers_removed,Donor3,0.0481302030802569,UC_vs_alone,20
Type_I_interferon,All annotated,identity_markers_removed,Donor4,0.00987514322872138,UC_vs_alone,20
Type_I_interferon,All annotated,identity_markers_removed,Donor5,-0.0376417347480632,UC_vs_alone,20
Type_I_interferon,All annotated,identity_markers_removed,Donor6,-0.0240250370027285,UC_vs_alone,20
Type_I_interferon,Resolved,full_gene,Donor1,0.0224351576930107,UC_vs_alone,20
Type_I_interferon,Resolved,full_gene,Donor2,0.0874101369969671,UC_vs_alone,20
Type_I_interferon,Resolved,full_gene,Donor3,0.0287714446652048,UC_vs_alone,20
Type_I_interferon,Resolved,full_gene,Donor4,0.0228614013563354,UC_vs_alone,20
Type_I_interferon,Resolved,full_gene,Donor5,-0.0202062479550487,UC_vs_alone,20
Type_I_interferon,Resolved,full_gene,Donor6,0.0792017053978576,UC_vs_alone,20
Type_I_interferon,Resolved,identity_markers_removed,Donor1,0.00818271688408001,UC_vs_alone,20
Type_I_interferon,Resolved,identity_markers_removed,Donor2,0.0898942362871818,UC_vs_alone,20
Type_I_interferon,Resolved,identity_markers_removed,Donor3,0.0363480537326246,UC_vs_alone,20
Type_I_interferon,Resolved,identity_markers_removed,Donor4,0.0312841026041486,UC_vs_alone,20
Type_I_interferon,Resolved,identity_markers_removed,Donor5,-0.0220431795873258,UC_vs_alone,20
Type_I_interferon,Resolved,identity_markers_removed,Donor6,0.0861134951047304,UC_vs_alone,20
Type_I_interferon,Resolved; >=100 genes,full_gene,Donor1,0.00190166922942878,UC_vs_alone,20
Type_I_interferon,Resolved; >=100 genes,full_gene,Donor2,0.089733261405513,UC_vs_alone,20
Type_I_interferon,Resolved; >=100 genes,full_gene,Donor3,0.0280472672814509,UC_vs_alone,20
Type_I_interferon,Resolved; >=100 genes,full_gene,Donor4,-0.00135336769474253,UC_vs_alone,20
Type_I_interferon,Resolved; >=100 genes,full_gene,Donor5,-0.0379800757363886,UC_vs_alone,20
Type_I_interferon,Resolved; >=100 genes,full_gene,Donor6,0.0806155938530256,UC_vs_alone,20
Type_I_interferon,Resolved; >=100 genes,identity_markers_removed,Donor1,-0.016027674637719,UC_vs_alone,20
Type_I_interferon,Resolved; >=100 genes,identity_markers_removed,Donor2,0.0918681058212842,UC_vs_alone,20
Type_I_interferon,Resolved; >=100 genes,identity_markers_removed,Donor3,0.037249158337272,UC_vs_alone,20
Type_I_interferon,Resolved; >=100 genes,identity_markers_removed,Donor4,0.00943190919613327,UC_vs_alone,20
Type_I_interferon,Resolved; >=100 genes,identity_markers_removed,Donor5,-0.0414328098942421,UC_vs_alone,20
Type_I_interferon,Resolved; >=100 genes,identity_markers_removed,Donor6,0.0880758518100828,UC_vs_alone,20
Immature_granulopoiesis,All annotated,full_gene,Donor1,-0.0177178838187685,UC_vs_alone,20
Immature_granulopoiesis,All annotated,full_gene,Donor2,-0.00120161576767795,UC_vs_alone,20
Immature_granulopoiesis,All annotated,full_gene,Donor3,-0.201733606103023,UC_vs_alone,20
Immature_granulopoiesis,All annotated,full_gene,Donor4,-0.0889500622581266,UC_vs_alone,20
Immature_granulopoiesis,All annotated,full_gene,Donor5,-0.126210234976708,UC_vs_alone,20
Immature_granulopoiesis,All annotated,full_gene,Donor6,-0.262242469369287,UC_vs_alone,20
Immature_granulopoiesis,All annotated,identity_markers_removed,Donor1,-0.0177178838187685,UC_vs_alone,20
Immature_granulopoiesis,All annotated,identity_markers_removed,Donor2,-0.00120161576767795,UC_vs_alone,20
Immature_granulopoiesis,All annotated,identity_markers_removed,Donor3,-0.201733606103023,UC_vs_alone,20
Immature_granulopoiesis,All annotated,identity_markers_removed,Donor4,-0.0889500622581266,UC_vs_alone,20
Immature_granulopoiesis,All annotated,identity_markers_removed,Donor5,-0.126210234976708,UC_vs_alone,20
Immature_granulopoiesis,All annotated,identity_markers_removed,Donor6,-0.262242469369287,UC_vs_alone,20
Immature_granulopoiesis,Resolved,full_gene,Donor1,0.0128220614217607,UC_vs_alone,20
Immature_granulopoiesis,Resolved,full_gene,Donor2,0.116819680680468,UC_vs_alone,20
Immature_granulopoiesis,Resolved,full_gene,Donor3,-0.254192863049535,UC_vs_alone,20
Immature_granulopoiesis,Resolved,full_gene,Donor4,-0.120850137561473,UC_vs_alone,20
Immature_granulopoiesis,Resolved,full_gene,Donor5,-0.0428140826606394,UC_vs_alone,20
Immature_granulopoiesis,Resolved,full_gene,Donor6,-0.261432383513093,UC_vs_alone,20
Immature_granulopoiesis,Resolved,identity_markers_removed,Donor1,0.0128220614217607,UC_vs_alone,20
Immature_granulopoiesis,Resolved,identity_markers_removed,Donor2,0.116819680680468,UC_vs_alone,20
Immature_granulopoiesis,Resolved,identity_markers_removed,Donor3,-0.254192863049535,UC_vs_alone,20
Immature_granulopoiesis,Resolved,identity_markers_removed,Donor4,-0.120850137561473,UC_vs_alone,20
Immature_granulopoiesis,Resolved,identity_markers_removed,Donor5,-0.0428140826606394,UC_vs_alone,20
Immature_granulopoiesis,Resolved,identity_markers_removed,Donor6,-0.261432383513093,UC_vs_alone,20
Immature_granulopoiesis,Resolved; >=100 genes,full_gene,Donor1,-0.0337237170785366,UC_vs_alone,20
Immature_granulopoiesis,Resolved; >=100 genes,full_gene,Donor2,0.0904351759136029,UC_vs_alone,20
Immature_granulopoiesis,Resolved; >=100 genes,full_gene,Donor3,-0.29696045104799,UC_vs_alone,20
Immature_granulopoiesis,Resolved; >=100 genes,full_gene,Donor4,-0.195794657132204,UC_vs_alone,20
Immature_granulopoiesis,Resolved; >=100 genes,full_gene,Donor5,-0.0878227516876596,UC_vs_alone,20
Immature_granulopoiesis,Resolved; >=100 genes,full_gene,Donor6,-0.367868450169452,UC_vs_alone,20
Immature_granulopoiesis,Resolved; >=100 genes,identity_markers_removed,Donor1,-0.0337237170785366,UC_vs_alone,20
Immature_granulopoiesis,Resolved; >=100 genes,identity_markers_removed,Donor2,0.0904351759136029,UC_vs_alone,20
Immature_granulopoiesis,Resolved; >=100 genes,identity_markers_removed,Donor3,-0.29696045104799,UC_vs_alone,20
Immature_granulopoiesis,Resolved; >=100 genes,identity_markers_removed,Donor4,-0.195794657132204,UC_vs_alone,20
Immature_granulopoiesis,Resolved; >=100 genes,identity_markers_removed,Donor5,-0.0878227516876596,UC_vs_alone,20
Immature_granulopoiesis,Resolved; >=100 genes,identity_markers_removed,Donor6,-0.367868450169452,UC_vs_alone,20
Survival_antiapoptosis,All annotated,full_gene,Donor1,0.0548853557344891,UC_vs_alone,20
Survival_antiapoptosis,All annotated,full_gene,Donor2,0.0325191924127305,UC_vs_alone,20
Survival_antiapoptosis,All annotated,full_gene,Donor3,0.228044514225341,UC_vs_alone,20
Survival_antiapoptosis,All annotated,full_gene,Donor4,0.26084197679428,UC_vs_alone,20
Survival_antiapoptosis,All annotated,full_gene,Donor5,0.0308598081006479,UC_vs_alone,20
Survival_antiapoptosis,All annotated,full_gene,Donor6,0.0204616160901454,UC_vs_alone,20
Survival_antiapoptosis,All annotated,identity_markers_removed,Donor1,0.0548853557344891,UC_vs_alone,20
Survival_antiapoptosis,All annotated,identity_markers_removed,Donor2,0.0325191924127305,UC_vs_alone,20
Survival_antiapoptosis,All annotated,identity_markers_removed,Donor3,0.228044514225341,UC_vs_alone,20
Survival_antiapoptosis,All annotated,identity_markers_removed,Donor4,0.26084197679428,UC_vs_alone,20
Survival_antiapoptosis,All annotated,identity_markers_removed,Donor5,0.0308598081006479,UC_vs_alone,20
Survival_antiapoptosis,All annotated,identity_markers_removed,Donor6,0.0204616160901454,UC_vs_alone,20
Survival_antiapoptosis,Resolved,full_gene,Donor1,0.340357718465008,UC_vs_alone,20
Survival_antiapoptosis,Resolved,full_gene,Donor2,0.252130668146953,UC_vs_alone,20
Survival_antiapoptosis,Resolved,full_gene,Donor3,0.269325573568438,UC_vs_alone,20
Survival_antiapoptosis,Resolved,full_gene,Donor4,0.348249061190423,UC_vs_alone,20
Survival_antiapoptosis,Resolved,full_gene,Donor5,0.38613728504538,UC_vs_alone,20
Survival_antiapoptosis,Resolved,full_gene,Donor6,0.269365986888478,UC_vs_alone,20
Survival_antiapoptosis,Resolved,identity_markers_removed,Donor1,0.340357718465008,UC_vs_alone,20
Survival_antiapoptosis,Resolved,identity_markers_removed,Donor2,0.252130668146953,UC_vs_alone,20
Survival_antiapoptosis,Resolved,identity_markers_removed,Donor3,0.269325573568438,UC_vs_alone,20
Survival_antiapoptosis,Resolved,identity_markers_removed,Donor4,0.348249061190423,UC_vs_alone,20
Survival_antiapoptosis,Resolved,identity_markers_removed,Donor5,0.38613728504538,UC_vs_alone,20
Survival_antiapoptosis,Resolved,identity_markers_removed,Donor6,0.269365986888478,UC_vs_alone,20
Survival_antiapoptosis,Resolved; >=100 genes,full_gene,Donor1,0.345686494307396,UC_vs_alone,20
Survival_antiapoptosis,Resolved; >=100 genes,full_gene,Donor2,0.202577125967693,UC_vs_alone,20
Survival_antiapoptosis,Resolved; >=100 genes,full_gene,Donor3,0.251157781708046,UC_vs_alone,20
Survival_antiapoptosis,Resolved; >=100 genes,full_gene,Donor4,0.302560550810245,UC_vs_alone,20
Survival_antiapoptosis,Resolved; >=100 genes,full_gene,Donor5,0.42491260780653,UC_vs_alone,20
Survival_antiapoptosis,Resolved; >=100 genes,full_gene,Donor6,0.27324785689558,UC_vs_alone,20
Survival_antiapoptosis,Resolved; >=100 genes,identity_markers_removed,Donor1,0.345686494307396,UC_vs_alone,20
Survival_antiapoptosis,Resolved; >=100 genes,identity_markers_removed,Donor2,0.202577125967693,UC_vs_alone,20
Survival_antiapoptosis,Resolved; >=100 genes,identity_markers_removed,Donor3,0.251157781708046,UC_vs_alone,20
Survival_antiapoptosis,Resolved; >=100 genes,identity_markers_removed,Donor4,0.302560550810245,UC_vs_alone,20
Survival_antiapoptosis,Resolved; >=100 genes,identity_markers_removed,Donor5,0.42491260780653,UC_vs_alone,20
Survival_antiapoptosis,Resolved; >=100 genes,identity_markers_removed,Donor6,0.27324785689558,UC_vs_alone,20
Hypoxia_glycolysis,All annotated,full_gene,Donor1,-0.00945931516729492,UC_vs_alone,20
Hypoxia_glycolysis,All annotated,full_gene,Donor2,0.0484202045173825,UC_vs_alone,20
Hypoxia_glycolysis,All annotated,full_gene,Donor3,0.0812907230081226,UC_vs_alone,20
Hypoxia_glycolysis,All annotated,full_gene,Donor4,0.0626773270963295,UC_vs_alone,20
Hypoxia_glycolysis,All annotated,full_gene,Donor5,0.0542203231305973,UC_vs_alone,20
Hypoxia_glycolysis,All annotated,full_gene,Donor6,-0.0224264554798273,UC_vs_alone,20
Hypoxia_glycolysis,All annotated,identity_markers_removed,Donor1,-0.00945931516729492,UC_vs_alone,20
Hypoxia_glycolysis,All annotated,identity_markers_removed,Donor2,0.0484202045173825,UC_vs_alone,20
Hypoxia_glycolysis,All annotated,identity_markers_removed,Donor3,0.0812907230081226,UC_vs_alone,20
Hypoxia_glycolysis,All annotated,identity_markers_removed,Donor4,0.0626773270963295,UC_vs_alone,20
Hypoxia_glycolysis,All annotated,identity_markers_removed,Donor5,0.0542203231305973,UC_vs_alone,20
Hypoxia_glycolysis,All annotated,identity_markers_removed,Donor6,-0.0224264554798273,UC_vs_alone,20
Hypoxia_glycolysis,Resolved,full_gene,Donor1,0.127188141916712,UC_vs_alone,20
Hypoxia_glycolysis,Resolved,full_gene,Donor2,0.195643988941497,UC_vs_alone,20
Hypoxia_glycolysis,Resolved,full_gene,Donor3,0.101513455969339,UC_vs_alone,20
Hypoxia_glycolysis,Resolved,full_gene,Donor4,0.125439141660784,UC_vs_alone,20
Hypoxia_glycolysis,Resolved,full_gene,Donor5,0.15935664540053,UC_vs_alone,20
Hypoxia_glycolysis,Resolved,full_gene,Donor6,0.118768286556493,UC_vs_alone,20
Hypoxia_glycolysis,Resolved,identity_markers_removed,Donor1,0.127188141916712,UC_vs_alone,20
Hypoxia_glycolysis,Resolved,identity_markers_removed,Donor2,0.195643988941497,UC_vs_alone,20
Hypoxia_glycolysis,Resolved,identity_markers_removed,Donor3,0.101513455969339,UC_vs_alone,20
Hypoxia_glycolysis,Resolved,identity_markers_removed,Donor4,0.125439141660784,UC_vs_alone,20
Hypoxia_glycolysis,Resolved,identity_markers_removed,Donor5,0.15935664540053,UC_vs_alone,20
Hypoxia_glycolysis,Resolved,identity_markers_removed,Donor6,0.118768286556493,UC_vs_alone,20
Hypoxia_glycolysis,Resolved; >=100 genes,full_gene,Donor1,0.0833080265028103,UC_vs_alone,20
Hypoxia_glycolysis,Resolved; >=100 genes,full_gene,Donor2,0.187244782278995,UC_vs_alone,20
Hypoxia_glycolysis,Resolved; >=100 genes,full_gene,Donor3,0.107594698828,UC_vs_alone,20
Hypoxia_glycolysis,Resolved; >=100 genes,full_gene,Donor4,0.0816469422134891,UC_vs_alone,20
Hypoxia_glycolysis,Resolved; >=100 genes,full_gene,Donor5,0.157972592588216,UC_vs_alone,20
Hypoxia_glycolysis,Resolved; >=100 genes,full_gene,Donor6,0.105215296910607,UC_vs_alone,20
Hypoxia_glycolysis,Resolved; >=100 genes,identity_markers_removed,Donor1,0.0833080265028103,UC_vs_alone,20
Hypoxia_glycolysis,Resolved; >=100 genes,identity_markers_removed,Donor2,0.187244782278995,UC_vs_alone,20
Hypoxia_glycolysis,Resolved; >=100 genes,identity_markers_removed,Donor3,0.107594698828,UC_vs_alone,20
Hypoxia_glycolysis,Resolved; >=100 genes,identity_markers_removed,Donor4,0.0816469422134891,UC_vs_alone,20
Hypoxia_glycolysis,Resolved; >=100 genes,identity_markers_removed,Donor5,0.157972592588216,UC_vs_alone,20
Hypoxia_glycolysis,Resolved; >=100 genes,identity_markers_removed,Donor6,0.105215296910607,UC_vs_alone,20
ER_stress,All annotated,full_gene,Donor1,0.0635121268550822,UC_vs_alone,20
ER_stress,All annotated,full_gene,Donor2,0.0262304494641804,UC_vs_alone,20
ER_stress,All annotated,full_gene,Donor3,0.251762765246991,UC_vs_alone,20
ER_stress,All annotated,full_gene,Donor4,0.219594505293438,UC_vs_alone,20
ER_stress,All annotated,full_gene,Donor5,0.0242054937739941,UC_vs_alone,20
ER_stress,All annotated,full_gene,Donor6,0.00683598403468921,UC_vs_alone,20
ER_stress,All annotated,identity_markers_removed,Donor1,0.0635121268550822,UC_vs_alone,20
ER_stress,All annotated,identity_markers_removed,Donor2,0.0262304494641804,UC_vs_alone,20
ER_stress,All annotated,identity_markers_removed,Donor3,0.251762765246991,UC_vs_alone,20
ER_stress,All annotated,identity_markers_removed,Donor4,0.219594505293438,UC_vs_alone,20
ER_stress,All annotated,identity_markers_removed,Donor5,0.0242054937739941,UC_vs_alone,20
ER_stress,All annotated,identity_markers_removed,Donor6,0.00683598403468921,UC_vs_alone,20
ER_stress,Resolved,full_gene,Donor1,0.314524441318912,UC_vs_alone,20
ER_stress,Resolved,full_gene,Donor2,0.241597989135186,UC_vs_alone,20
ER_stress,Resolved,full_gene,Donor3,0.347979809330161,UC_vs_alone,20
ER_stress,Resolved,full_gene,Donor4,0.296585765416705,UC_vs_alone,20
ER_stress,Resolved,full_gene,Donor5,0.379453142292581,UC_vs_alone,20
ER_stress,Resolved,full_gene,Donor6,0.242729635694223,UC_vs_alone,20
ER_stress,Resolved,identity_markers_removed,Donor1,0.314524441318912,UC_vs_alone,20
ER_stress,Resolved,identity_markers_removed,Donor2,0.241597989135186,UC_vs_alone,20
ER_stress,Resolved,identity_markers_removed,Donor3,0.347979809330161,UC_vs_alone,20
ER_stress,Resolved,identity_markers_removed,Donor4,0.296585765416705,UC_vs_alone,20
ER_stress,Resolved,identity_markers_removed,Donor5,0.379453142292581,UC_vs_alone,20
ER_stress,Resolved,identity_markers_removed,Donor6,0.242729635694223,UC_vs_alone,20
ER_stress,Resolved; >=100 genes,full_gene,Donor1,0.29406103271649,UC_vs_alone,20
ER_stress,Resolved; >=100 genes,full_gene,Donor2,0.209850456711446,UC_vs_alone,20
ER_stress,Resolved; >=100 genes,full_gene,Donor3,0.32872708529036,UC_vs_alone,20
ER_stress,Resolved; >=100 genes,full_gene,Donor4,0.251018872944175,UC_vs_alone,20
ER_stress,Resolved; >=100 genes,full_gene,Donor5,0.436960824367152,UC_vs_alone,20
ER_stress,Resolved; >=100 genes,full_gene,Donor6,0.248675795873834,UC_vs_alone,20
ER_stress,Resolved; >=100 genes,identity_markers_removed,Donor1,0.29406103271649,UC_vs_alone,20
ER_stress,Resolved; >=100 genes,identity_markers_removed,Donor2,0.209850456711446,UC_vs_alone,20
ER_stress,Resolved; >=100 genes,identity_markers_removed,Donor3,0.32872708529036,UC_vs_alone,20
ER_stress,Resolved; >=100 genes,identity_markers_removed,Donor4,0.251018872944175,UC_vs_alone,20
ER_stress,Resolved; >=100 genes,identity_markers_removed,Donor5,0.436960824367152,UC_vs_alone,20
ER_stress,Resolved; >=100 genes,identity_markers_removed,Donor6,0.248675795873834,UC_vs_alone,20
Proliferation_stress,All annotated,full_gene,Donor1,0.0392677647633139,UC_vs_alone,20
Proliferation_stress,All annotated,full_gene,Donor2,0.0820558461028725,UC_vs_alone,20
Proliferation_stress,All annotated,full_gene,Donor3,0.0711816821707952,UC_vs_alone,20
Proliferation_stress,All annotated,full_gene,Donor4,0.0453250551211077,UC_vs_alone,20
Proliferation_stress,All annotated,full_gene,Donor5,0.0188013424398109,UC_vs_alone,20
Proliferation_stress,All annotated,full_gene,Donor6,-0.0638128437000039,UC_vs_alone,20
Proliferation_stress,All annotated,identity_markers_removed,Donor1,0.0392677647633139,UC_vs_alone,20
Proliferation_stress,All annotated,identity_markers_removed,Donor2,0.0820558461028725,UC_vs_alone,20
Proliferation_stress,All annotated,identity_markers_removed,Donor3,0.0711816821707952,UC_vs_alone,20
Proliferation_stress,All annotated,identity_markers_removed,Donor4,0.0453250551211077,UC_vs_alone,20
Proliferation_stress,All annotated,identity_markers_removed,Donor5,0.0188013424398109,UC_vs_alone,20
Proliferation_stress,All annotated,identity_markers_removed,Donor6,-0.0638128437000039,UC_vs_alone,20
Proliferation_stress,Resolved,full_gene,Donor1,0.0378496050169604,UC_vs_alone,20
Proliferation_stress,Resolved,full_gene,Donor2,0.123021273542365,UC_vs_alone,20
Proliferation_stress,Resolved,full_gene,Donor3,0.0589286161340097,UC_vs_alone,20
Proliferation_stress,Resolved,full_gene,Donor4,0.0317681331143948,UC_vs_alone,20
Proliferation_stress,Resolved,full_gene,Donor5,0.174397804213781,UC_vs_alone,20
Proliferation_stress,Resolved,full_gene,Donor6,0.00236052886140738,UC_vs_alone,20
Proliferation_stress,Resolved,identity_markers_removed,Donor1,0.0378496050169604,UC_vs_alone,20
Proliferation_stress,Resolved,identity_markers_removed,Donor2,0.123021273542365,UC_vs_alone,20
Proliferation_stress,Resolved,identity_markers_removed,Donor3,0.0589286161340097,UC_vs_alone,20
Proliferation_stress,Resolved,identity_markers_removed,Donor4,0.0317681331143948,UC_vs_alone,20
Proliferation_stress,Resolved,identity_markers_removed,Donor5,0.174397804213781,UC_vs_alone,20
Proliferation_stress,Resolved,identity_markers_removed,Donor6,0.00236052886140738,UC_vs_alone,20
Proliferation_stress,Resolved; >=100 genes,full_gene,Donor1,0.00467051630023589,UC_vs_alone,20
Proliferation_stress,Resolved; >=100 genes,full_gene,Donor2,0.114394730840739,UC_vs_alone,20
Proliferation_stress,Resolved; >=100 genes,full_gene,Donor3,0.045954363785414,UC_vs_alone,20
Proliferation_stress,Resolved; >=100 genes,full_gene,Donor4,0.0135121614595877,UC_vs_alone,20
Proliferation_stress,Resolved; >=100 genes,full_gene,Donor5,0.166471583169438,UC_vs_alone,20
Proliferation_stress,Resolved; >=100 genes,full_gene,Donor6,-0.0367916496545973,UC_vs_alone,20
Proliferation_stress,Resolved; >=100 genes,identity_markers_removed,Donor1,0.00467051630023589,UC_vs_alone,20
Proliferation_stress,Resolved; >=100 genes,identity_markers_removed,Donor2,0.114394730840739,UC_vs_alone,20
Proliferation_stress,Resolved; >=100 genes,identity_markers_removed,Donor3,0.045954363785414,UC_vs_alone,20
Proliferation_stress,Resolved; >=100 genes,identity_markers_removed,Donor4,0.0135121614595877,UC_vs_alone,20
Proliferation_stress,Resolved; >=100 genes,identity_markers_removed,Donor5,0.166471583169438,UC_vs_alone,20
Proliferation_stress,Resolved; >=100 genes,identity_markers_removed,Donor6,-0.0367916496545973,UC_vs_alone,20
Integrin_adhesion,All annotated,full_gene,Donor1,0.0413512789549089,UC_vs_alone,20
Integrin_adhesion,All annotated,full_gene,Donor2,0.00660521361084784,UC_vs_alone,20
Integrin_adhesion,All annotated,full_gene,Donor3,0.151843430456822,UC_vs_alone,20
Integrin_adhesion,All annotated,full_gene,Donor4,0.1645635229296,UC_vs_alone,20
Integrin_adhesion,All annotated,full_gene,Donor5,0.0050075786790863,UC_vs_alone,20
Integrin_adhesion,All annotated,full_gene,Donor6,-0.00405668140765184,UC_vs_alone,20
Integrin_adhesion,All annotated,identity_markers_removed,Donor1,0.0413512789549089,UC_vs_alone,20
Integrin_adhesion,All annotated,identity_markers_removed,Donor2,0.00660521361084784,UC_vs_alone,20
Integrin_adhesion,All annotated,identity_markers_removed,Donor3,0.151843430456822,UC_vs_alone,20
Integrin_adhesion,All annotated,identity_markers_removed,Donor4,0.1645635229296,UC_vs_alone,20
Integrin_adhesion,All annotated,identity_markers_removed,Donor5,0.0050075786790863,UC_vs_alone,20
Integrin_adhesion,All annotated,identity_markers_removed,Donor6,-0.00405668140765184,UC_vs_alone,20
Integrin_adhesion,Resolved,full_gene,Donor1,0.155126406631343,UC_vs_alone,20
Integrin_adhesion,Resolved,full_gene,Donor2,0.169702036591978,UC_vs_alone,20
Integrin_adhesion,Resolved,full_gene,Donor3,0.15493710519714,UC_vs_alone,20
Integrin_adhesion,Resolved,full_gene,Donor4,0.25840399974493,UC_vs_alone,20
Integrin_adhesion,Resolved,full_gene,Donor5,0.242052616458929,UC_vs_alone,20
Integrin_adhesion,Resolved,full_gene,Donor6,0.178806137047375,UC_vs_alone,20
Integrin_adhesion,Resolved,identity_markers_removed,Donor1,0.155126406631343,UC_vs_alone,20
Integrin_adhesion,Resolved,identity_markers_removed,Donor2,0.169702036591978,UC_vs_alone,20
Integrin_adhesion,Resolved,identity_markers_removed,Donor3,0.15493710519714,UC_vs_alone,20
Integrin_adhesion,Resolved,identity_markers_removed,Donor4,0.25840399974493,UC_vs_alone,20
Integrin_adhesion,Resolved,identity_markers_removed,Donor5,0.242052616458929,UC_vs_alone,20
Integrin_adhesion,Resolved,identity_markers_removed,Donor6,0.178806137047375,UC_vs_alone,20
Integrin_adhesion,Resolved; >=100 genes,full_gene,Donor1,0.128239461057269,UC_vs_alone,20
Integrin_adhesion,Resolved; >=100 genes,full_gene,Donor2,0.183736258906981,UC_vs_alone,20
Integrin_adhesion,Resolved; >=100 genes,full_gene,Donor3,0.130030481192723,UC_vs_alone,20
Integrin_adhesion,Resolved; >=100 genes,full_gene,Donor4,0.223508359899239,UC_vs_alone,20
Integrin_adhesion,Resolved; >=100 genes,full_gene,Donor5,0.231119278329934,UC_vs_alone,20
Integrin_adhesion,Resolved; >=100 genes,full_gene,Donor6,0.179054646825828,UC_vs_alone,20
Integrin_adhesion,Resolved; >=100 genes,identity_markers_removed,Donor1,0.128239461057269,UC_vs_alone,20
Integrin_adhesion,Resolved; >=100 genes,identity_markers_removed,Donor2,0.183736258906981,UC_vs_alone,20
Integrin_adhesion,Resolved; >=100 genes,identity_markers_removed,Donor3,0.130030481192723,UC_vs_alone,20
Integrin_adhesion,Resolved; >=100 genes,identity_markers_removed,Donor4,0.223508359899239,UC_vs_alone,20
Integrin_adhesion,Resolved; >=100 genes,identity_markers_removed,Donor5,0.231119278329934,UC_vs_alone,20
Integrin_adhesion,Resolved; >=100 genes,identity_markers_removed,Donor6,0.179054646825828,UC_vs_alone,20
CXCR4_aging_retention,All annotated,full_gene,Donor1,0.131949454119379,UC_vs_alone,20
CXCR4_aging_retention,All annotated,full_gene,Donor2,0.0653210521468275,UC_vs_alone,20
CXCR4_aging_retention,All annotated,full_gene,Donor3,0.320995105462398,UC_vs_alone,20
CXCR4_aging_retention,All annotated,full_gene,Donor4,0.342000587552608,UC_vs_alone,20
CXCR4_aging_retention,All annotated,full_gene,Donor5,0.0278538443801329,UC_vs_alone,20
CXCR4_aging_retention,All annotated,full_gene,Donor6,-0.0534015052303813,UC_vs_alone,20
CXCR4_aging_retention,All annotated,identity_markers_removed,Donor1,0.137437536370804,UC_vs_alone,20
CXCR4_aging_retention,All annotated,identity_markers_removed,Donor2,0.0859027946510824,UC_vs_alone,20
CXCR4_aging_retention,All annotated,identity_markers_removed,Donor3,0.333623454698947,UC_vs_alone,20
CXCR4_aging_retention,All annotated,identity_markers_removed,Donor4,0.342655092795841,UC_vs_alone,20
CXCR4_aging_retention,All annotated,identity_markers_removed,Donor5,0.0557845079472923,UC_vs_alone,20
CXCR4_aging_retention,All annotated,identity_markers_removed,Donor6,-0.0137324964427152,UC_vs_alone,20
CXCR4_aging_retention,Resolved,full_gene,Donor1,0.57370418111478,UC_vs_alone,20
CXCR4_aging_retention,Resolved,full_gene,Donor2,0.556597911591488,UC_vs_alone,20
CXCR4_aging_retention,Resolved,full_gene,Donor3,0.404257129902776,UC_vs_alone,20
CXCR4_aging_retention,Resolved,full_gene,Donor4,0.476270750370933,UC_vs_alone,20
CXCR4_aging_retention,Resolved,full_gene,Donor5,0.756800829493279,UC_vs_alone,20
CXCR4_aging_retention,Resolved,full_gene,Donor6,0.504620192987966,UC_vs_alone,20
CXCR4_aging_retention,Resolved,identity_markers_removed,Donor1,0.586902174415728,UC_vs_alone,20
CXCR4_aging_retention,Resolved,identity_markers_removed,Donor2,0.512055894814494,UC_vs_alone,20
CXCR4_aging_retention,Resolved,identity_markers_removed,Donor3,0.418920305946589,UC_vs_alone,20
CXCR4_aging_retention,Resolved,identity_markers_removed,Donor4,0.476286193536734,UC_vs_alone,20
CXCR4_aging_retention,Resolved,identity_markers_removed,Donor5,0.760638909998463,UC_vs_alone,20
CXCR4_aging_retention,Resolved,identity_markers_removed,Donor6,0.502504304116113,UC_vs_alone,20
CXCR4_aging_retention,Resolved; >=100 genes,full_gene,Donor1,0.524437269582257,UC_vs_alone,20
CXCR4_aging_retention,Resolved; >=100 genes,full_gene,Donor2,0.468778256136634,UC_vs_alone,20
CXCR4_aging_retention,Resolved; >=100 genes,full_gene,Donor3,0.355896138462253,UC_vs_alone,20
CXCR4_aging_retention,Resolved; >=100 genes,full_gene,Donor4,0.382098743032846,UC_vs_alone,20
CXCR4_aging_retention,Resolved; >=100 genes,full_gene,Donor5,0.727867714004565,UC_vs_alone,20
CXCR4_aging_retention,Resolved; >=100 genes,full_gene,Donor6,0.481600679924589,UC_vs_alone,20
CXCR4_aging_retention,Resolved; >=100 genes,identity_markers_removed,Donor1,0.567938339831101,UC_vs_alone,20
CXCR4_aging_retention,Resolved; >=100 genes,identity_markers_removed,Donor2,0.433472071624059,UC_vs_alone,20
CXCR4_aging_retention,Resolved; >=100 genes,identity_markers_removed,Donor3,0.368959333885102,UC_vs_alone,20
CXCR4_aging_retention,Resolved; >=100 genes,identity_markers_removed,Donor4,0.389887023866602,UC_vs_alone,20
CXCR4_aging_retention,Resolved; >=100 genes,identity_markers_removed,Donor5,0.776934943081056,UC_vs_alone,20
CXCR4_aging_retention,Resolved; >=100 genes,identity_markers_removed,Donor6,0.491736772431592,UC_vs_alone,20
NETosis,All annotated,full_gene,Donor1,0.0064268811364987,control_fibroblasts_vs_alone,20
NETosis,All annotated,full_gene,Donor2,-0.00133336716867971,control_fibroblasts_vs_alone,20
NETosis,All annotated,full_gene,Donor3,0.139072620777963,control_fibroblasts_vs_alone,20
NETosis,All annotated,full_gene,Donor4,0.186687739988353,control_fibroblasts_vs_alone,20
NETosis,All annotated,full_gene,Donor5,0.143725672944661,control_fibroblasts_vs_alone,20
NETosis,All annotated,full_gene,Donor6,-0.0866305888586995,control_fibroblasts_vs_alone,20
NETosis,All annotated,identity_markers_removed,Donor1,-0.00389579943972876,control_fibroblasts_vs_alone,20
NETosis,All annotated,identity_markers_removed,Donor2,-0.000932053373663255,control_fibroblasts_vs_alone,20
NETosis,All annotated,identity_markers_removed,Donor3,0.134362780626112,control_fibroblasts_vs_alone,20
NETosis,All annotated,identity_markers_removed,Donor4,0.181361812873567,control_fibroblasts_vs_alone,20
NETosis,All annotated,identity_markers_removed,Donor5,0.157363484602386,control_fibroblasts_vs_alone,20
NETosis,All annotated,identity_markers_removed,Donor6,-0.0879846038037452,control_fibroblasts_vs_alone,20
NETosis,Resolved,full_gene,Donor1,0.167582951477193,control_fibroblasts_vs_alone,20
NETosis,Resolved,full_gene,Donor2,0.0311409469820751,control_fibroblasts_vs_alone,20
NETosis,Resolved,full_gene,Donor3,0.0907788944160166,control_fibroblasts_vs_alone,20
NETosis,Resolved,full_gene,Donor4,0.206759946157911,control_fibroblasts_vs_alone,20
NETosis,Resolved,full_gene,Donor6,0.0712211993528508,control_fibroblasts_vs_alone,20
NETosis,Resolved,identity_markers_removed,Donor1,0.171060986733005,control_fibroblasts_vs_alone,20
NETosis,Resolved,identity_markers_removed,Donor2,0.0287253822886546,control_fibroblasts_vs_alone,20
NETosis,Resolved,identity_markers_removed,Donor3,0.0899931845017534,control_fibroblasts_vs_alone,20
NETosis,Resolved,identity_markers_removed,Donor4,0.203972164461459,control_fibroblasts_vs_alone,20
NETosis,Resolved,identity_markers_removed,Donor6,0.0740569145659713,control_fibroblasts_vs_alone,20
NETosis,Resolved; >=100 genes,full_gene,Donor1,0.136097563900513,control_fibroblasts_vs_alone,20
NETosis,Resolved; >=100 genes,full_gene,Donor2,-0.0207960206635107,control_fibroblasts_vs_alone,20
NETosis,Resolved; >=100 genes,full_gene,Donor3,0.0963971667963325,control_fibroblasts_vs_alone,20
NETosis,Resolved; >=100 genes,full_gene,Donor4,0.16805673003317,control_fibroblasts_vs_alone,20
NETosis,Resolved; >=100 genes,full_gene,Donor6,0.0469380009596741,control_fibroblasts_vs_alone,20
NETosis,Resolved; >=100 genes,identity_markers_removed,Donor1,0.14217964594927,control_fibroblasts_vs_alone,20
NETosis,Resolved; >=100 genes,identity_markers_removed,Donor2,-0.0251678985004671,control_fibroblasts_vs_alone,20
NETosis,Resolved; >=100 genes,identity_markers_removed,Donor3,0.0985781420399762,control_fibroblasts_vs_alone,20
NETosis,Resolved; >=100 genes,identity_markers_removed,Donor4,0.163837511250057,control_fibroblasts_vs_alone,20
NETosis,Resolved; >=100 genes,identity_markers_removed,Donor6,0.0508253093409684,control_fibroblasts_vs_alone,20
Degranulation,All annotated,full_gene,Donor1,0.0114724556700523,control_fibroblasts_vs_alone,20
Degranulation,All annotated,full_gene,Donor2,0.0741269142768916,control_fibroblasts_vs_alone,20
Degranulation,All annotated,full_gene,Donor3,-0.0688744031158783,control_fibroblasts_vs_alone,20
Degranulation,All annotated,full_gene,Donor4,0.0372635013443247,control_fibroblasts_vs_alone,20
Degranulation,All annotated,full_gene,Donor5,0.0170499953252051,control_fibroblasts_vs_alone,20
Degranulation,All annotated,full_gene,Donor6,-0.203010303545845,control_fibroblasts_vs_alone,20
Degranulation,All annotated,identity_markers_removed,Donor1,0.0114724556700523,control_fibroblasts_vs_alone,20
Degranulation,All annotated,identity_markers_removed,Donor2,0.0741269142768916,control_fibroblasts_vs_alone,20
Degranulation,All annotated,identity_markers_removed,Donor3,-0.0688744031158783,control_fibroblasts_vs_alone,20
Degranulation,All annotated,identity_markers_removed,Donor4,0.0372635013443247,control_fibroblasts_vs_alone,20
Degranulation,All annotated,identity_markers_removed,Donor5,0.0170499953252051,control_fibroblasts_vs_alone,20
Degranulation,All annotated,identity_markers_removed,Donor6,-0.203010303545845,control_fibroblasts_vs_alone,20
Degranulation,Resolved,full_gene,Donor1,0.14662506762451,control_fibroblasts_vs_alone,20
Degranulation,Resolved,full_gene,Donor2,0.113293344325032,control_fibroblasts_vs_alone,20
Degranulation,Resolved,full_gene,Donor3,-0.0937073248342707,control_fibroblasts_vs_alone,20
Degranulation,Resolved,full_gene,Donor4,0.0471967090423593,control_fibroblasts_vs_alone,20
Degranulation,Resolved,full_gene,Donor6,-0.118395641043729,control_fibroblasts_vs_alone,20
Degranulation,Resolved,identity_markers_removed,Donor1,0.14662506762451,control_fibroblasts_vs_alone,20
Degranulation,Resolved,identity_markers_removed,Donor2,0.113293344325032,control_fibroblasts_vs_alone,20
Degranulation,Resolved,identity_markers_removed,Donor3,-0.0937073248342707,control_fibroblasts_vs_alone,20
Degranulation,Resolved,identity_markers_removed,Donor4,0.0471967090423593,control_fibroblasts_vs_alone,20
Degranulation,Resolved,identity_markers_removed,Donor6,-0.118395641043729,control_fibroblasts_vs_alone,20
Degranulation,Resolved; >=100 genes,full_gene,Donor1,0.116363978597196,control_fibroblasts_vs_alone,20
Degranulation,Resolved; >=100 genes,full_gene,Donor2,0.0656734802486094,control_fibroblasts_vs_alone,20
Degranulation,Resolved; >=100 genes,full_gene,Donor3,-0.140038650836023,control_fibroblasts_vs_alone,20
Degranulation,Resolved; >=100 genes,full_gene,Donor4,-0.0173870634832178,control_fibroblasts_vs_alone,20
Degranulation,Resolved; >=100 genes,full_gene,Donor6,-0.204009814675608,control_fibroblasts_vs_alone,20
Degranulation,Resolved; >=100 genes,identity_markers_removed,Donor1,0.116363978597196,control_fibroblasts_vs_alone,20
Degranulation,Resolved; >=100 genes,identity_markers_removed,Donor2,0.0656734802486094,control_fibroblasts_vs_alone,20
Degranulation,Resolved; >=100 genes,identity_markers_removed,Donor3,-0.140038650836023,control_fibroblasts_vs_alone,20
Degranulation,Resolved; >=100 genes,identity_markers_removed,Donor4,-0.0173870634832178,control_fibroblasts_vs_alone,20
Degranulation,Resolved; >=100 genes,identity_markers_removed,Donor6,-0.204009814675608,control_fibroblasts_vs_alone,20
Oxidative_burst,All annotated,full_gene,Donor1,-0.0273973581512088,control_fibroblasts_vs_alone,20
Oxidative_burst,All annotated,full_gene,Donor2,0.0769645720843594,control_fibroblasts_vs_alone,20
Oxidative_burst,All annotated,full_gene,Donor3,0.281861858793336,control_fibroblasts_vs_alone,20
Oxidative_burst,All annotated,full_gene,Donor4,0.280100862229837,control_fibroblasts_vs_alone,20
Oxidative_burst,All annotated,full_gene,Donor5,0.178100280834078,control_fibroblasts_vs_alone,20
Oxidative_burst,All annotated,full_gene,Donor6,-0.0505541172001838,control_fibroblasts_vs_alone,20
Oxidative_burst,All annotated,identity_markers_removed,Donor1,-0.0273973581512088,control_fibroblasts_vs_alone,20
Oxidative_burst,All annotated,identity_markers_removed,Donor2,0.0769645720843594,control_fibroblasts_vs_alone,20
Oxidative_burst,All annotated,identity_markers_removed,Donor3,0.281861858793336,control_fibroblasts_vs_alone,20
Oxidative_burst,All annotated,identity_markers_removed,Donor4,0.280100862229837,control_fibroblasts_vs_alone,20
Oxidative_burst,All annotated,identity_markers_removed,Donor5,0.178100280834078,control_fibroblasts_vs_alone,20
Oxidative_burst,All annotated,identity_markers_removed,Donor6,-0.0505541172001838,control_fibroblasts_vs_alone,20
Oxidative_burst,Resolved,full_gene,Donor1,0.252924929493198,control_fibroblasts_vs_alone,20
Oxidative_burst,Resolved,full_gene,Donor2,0.228938491977185,control_fibroblasts_vs_alone,20
Oxidative_burst,Resolved,full_gene,Donor3,0.253595804085722,control_fibroblasts_vs_alone,20
Oxidative_burst,Resolved,full_gene,Donor4,0.345289200816218,control_fibroblasts_vs_alone,20
Oxidative_burst,Resolved,full_gene,Donor6,0.18821233902174,control_fibroblasts_vs_alone,20
Oxidative_burst,Resolved,identity_markers_removed,Donor1,0.252924929493198,control_fibroblasts_vs_alone,20
Oxidative_burst,Resolved,identity_markers_removed,Donor2,0.228938491977185,control_fibroblasts_vs_alone,20
Oxidative_burst,Resolved,identity_markers_removed,Donor3,0.253595804085722,control_fibroblasts_vs_alone,20
Oxidative_burst,Resolved,identity_markers_removed,Donor4,0.345289200816218,control_fibroblasts_vs_alone,20
Oxidative_burst,Resolved,identity_markers_removed,Donor6,0.18821233902174,control_fibroblasts_vs_alone,20
Oxidative_burst,Resolved; >=100 genes,full_gene,Donor1,0.211244644653806,control_fibroblasts_vs_alone,20
Oxidative_burst,Resolved; >=100 genes,full_gene,Donor2,0.146522802001985,control_fibroblasts_vs_alone,20
Oxidative_burst,Resolved; >=100 genes,full_gene,Donor3,0.236126823304296,control_fibroblasts_vs_alone,20
Oxidative_burst,Resolved; >=100 genes,full_gene,Donor4,0.258478082353029,control_fibroblasts_vs_alone,20
Oxidative_burst,Resolved; >=100 genes,full_gene,Donor6,0.185134870369913,control_fibroblasts_vs_alone,20
Oxidative_burst,Resolved; >=100 genes,identity_markers_removed,Donor1,0.211244644653806,control_fibroblasts_vs_alone,20
Oxidative_burst,Resolved; >=100 genes,identity_markers_removed,Donor2,0.146522802001985,control_fibroblasts_vs_alone,20
Oxidative_burst,Resolved; >=100 genes,identity_markers_removed,Donor3,0.236126823304296,control_fibroblasts_vs_alone,20
Oxidative_burst,Resolved; >=100 genes,identity_markers_removed,Donor4,0.258478082353029,control_fibroblasts_vs_alone,20
Oxidative_burst,Resolved; >=100 genes,identity_markers_removed,Donor6,0.185134870369913,control_fibroblasts_vs_alone,20
Phagocytosis,All annotated,full_gene,Donor1,0.0882184557629324,control_fibroblasts_vs_alone,20
Phagocytosis,All annotated,full_gene,Donor2,0.152767333767068,control_fibroblasts_vs_alone,20
Phagocytosis,All annotated,full_gene,Donor3,0.435216228817438,control_fibroblasts_vs_alone,20
Phagocytosis,All annotated,full_gene,Donor4,0.458689005292158,control_fibroblasts_vs_alone,20
Phagocytosis,All annotated,full_gene,Donor5,0.265435800070684,control_fibroblasts_vs_alone,20
Phagocytosis,All annotated,full_gene,Donor6,0.0125505637593696,control_fibroblasts_vs_alone,20
Phagocytosis,All annotated,identity_markers_removed,Donor1,0.0882184557629324,control_fibroblasts_vs_alone,20
Phagocytosis,All annotated,identity_markers_removed,Donor2,0.152767333767068,control_fibroblasts_vs_alone,20
Phagocytosis,All annotated,identity_markers_removed,Donor3,0.435216228817438,control_fibroblasts_vs_alone,20
Phagocytosis,All annotated,identity_markers_removed,Donor4,0.458689005292158,control_fibroblasts_vs_alone,20
Phagocytosis,All annotated,identity_markers_removed,Donor5,0.265435800070684,control_fibroblasts_vs_alone,20
Phagocytosis,All annotated,identity_markers_removed,Donor6,0.0125505637593696,control_fibroblasts_vs_alone,20
Phagocytosis,Resolved,full_gene,Donor1,0.498415737847537,control_fibroblasts_vs_alone,20
Phagocytosis,Resolved,full_gene,Donor2,0.439594199448622,control_fibroblasts_vs_alone,20
Phagocytosis,Resolved,full_gene,Donor3,0.490574615993168,control_fibroblasts_vs_alone,20
Phagocytosis,Resolved,full_gene,Donor4,0.592295921359283,control_fibroblasts_vs_alone,20
Phagocytosis,Resolved,full_gene,Donor6,0.407010836857937,control_fibroblasts_vs_alone,20
Phagocytosis,Resolved,identity_markers_removed,Donor1,0.498415737847537,control_fibroblasts_vs_alone,20
Phagocytosis,Resolved,identity_markers_removed,Donor2,0.439594199448622,control_fibroblasts_vs_alone,20
Phagocytosis,Resolved,identity_markers_removed,Donor3,0.490574615993168,control_fibroblasts_vs_alone,20
Phagocytosis,Resolved,identity_markers_removed,Donor4,0.592295921359283,control_fibroblasts_vs_alone,20
Phagocytosis,Resolved,identity_markers_removed,Donor6,0.407010836857937,control_fibroblasts_vs_alone,20
Phagocytosis,Resolved; >=100 genes,full_gene,Donor1,0.465401337060765,control_fibroblasts_vs_alone,20
Phagocytosis,Resolved; >=100 genes,full_gene,Donor2,0.339814572573528,control_fibroblasts_vs_alone,20
Phagocytosis,Resolved; >=100 genes,full_gene,Donor3,0.457214253921573,control_fibroblasts_vs_alone,20
Phagocytosis,Resolved; >=100 genes,full_gene,Donor4,0.508154851765167,control_fibroblasts_vs_alone,20
Phagocytosis,Resolved; >=100 genes,full_gene,Donor6,0.417418079408393,control_fibroblasts_vs_alone,20
Phagocytosis,Resolved; >=100 genes,identity_markers_removed,Donor1,0.465401337060765,control_fibroblasts_vs_alone,20
Phagocytosis,Resolved; >=100 genes,identity_markers_removed,Donor2,0.339814572573528,control_fibroblasts_vs_alone,20
Phagocytosis,Resolved; >=100 genes,identity_markers_removed,Donor3,0.457214253921573,control_fibroblasts_vs_alone,20
Phagocytosis,Resolved; >=100 genes,identity_markers_removed,Donor4,0.508154851765167,control_fibroblasts_vs_alone,20
Phagocytosis,Resolved; >=100 genes,identity_markers_removed,Donor6,0.417418079408393,control_fibroblasts_vs_alone,20
Chemotaxis,All annotated,full_gene,Donor1,0.0474035646956724,control_fibroblasts_vs_alone,20
Chemotaxis,All annotated,full_gene,Donor2,0.16721937631322,control_fibroblasts_vs_alone,20
Chemotaxis,All annotated,full_gene,Donor3,0.40348193182791,control_fibroblasts_vs_alone,20
Chemotaxis,All annotated,full_gene,Donor4,0.386541994172651,control_fibroblasts_vs_alone,20
Chemotaxis,All annotated,full_gene,Donor5,0.132400840101979,control_fibroblasts_vs_alone,20
Chemotaxis,All annotated,full_gene,Donor6,-0.0276145237546666,control_fibroblasts_vs_alone,20
Chemotaxis,All annotated,identity_markers_removed,Donor1,0.0567927362073031,control_fibroblasts_vs_alone,20
Chemotaxis,All annotated,identity_markers_removed,Donor2,0.203287782758085,control_fibroblasts_vs_alone,20
Chemotaxis,All annotated,identity_markers_removed,Donor3,0.407079726207357,control_fibroblasts_vs_alone,20
Chemotaxis,All annotated,identity_markers_removed,Donor4,0.372788716317273,control_fibroblasts_vs_alone,20
Chemotaxis,All annotated,identity_markers_removed,Donor5,0.129251701861962,control_fibroblasts_vs_alone,20
Chemotaxis,All annotated,identity_markers_removed,Donor6,0.00876951348199873,control_fibroblasts_vs_alone,20
Chemotaxis,Resolved,full_gene,Donor1,0.44493695944107,control_fibroblasts_vs_alone,20
Chemotaxis,Resolved,full_gene,Donor2,0.482654551010705,control_fibroblasts_vs_alone,20
Chemotaxis,Resolved,full_gene,Donor3,0.475858678822286,control_fibroblasts_vs_alone,20
Chemotaxis,Resolved,full_gene,Donor4,0.489168417446097,control_fibroblasts_vs_alone,20
Chemotaxis,Resolved,full_gene,Donor6,0.40941102675402,control_fibroblasts_vs_alone,20
Chemotaxis,Resolved,identity_markers_removed,Donor1,0.444045716901567,control_fibroblasts_vs_alone,20
Chemotaxis,Resolved,identity_markers_removed,Donor2,0.474078267764764,control_fibroblasts_vs_alone,20
Chemotaxis,Resolved,identity_markers_removed,Donor3,0.48722086546352,control_fibroblasts_vs_alone,20
Chemotaxis,Resolved,identity_markers_removed,Donor4,0.472553555089249,control_fibroblasts_vs_alone,20
Chemotaxis,Resolved,identity_markers_removed,Donor6,0.405736097866988,control_fibroblasts_vs_alone,20
Chemotaxis,Resolved; >=100 genes,full_gene,Donor1,0.406517252326283,control_fibroblasts_vs_alone,20
Chemotaxis,Resolved; >=100 genes,full_gene,Donor2,0.414908795392987,control_fibroblasts_vs_alone,20
Chemotaxis,Resolved; >=100 genes,full_gene,Donor3,0.466833184360205,control_fibroblasts_vs_alone,20
Chemotaxis,Resolved; >=100 genes,full_gene,Donor4,0.402343813115312,control_fibroblasts_vs_alone,20
Chemotaxis,Resolved; >=100 genes,full_gene,Donor6,0.411898686535556,control_fibroblasts_vs_alone,20
Chemotaxis,Resolved; >=100 genes,identity_markers_removed,Donor1,0.41773991297016,control_fibroblasts_vs_alone,20
Chemotaxis,Resolved; >=100 genes,identity_markers_removed,Donor2,0.424204158983264,control_fibroblasts_vs_alone,20
Chemotaxis,Resolved; >=100 genes,identity_markers_removed,Donor3,0.482037468554631,control_fibroblasts_vs_alone,20
Chemotaxis,Resolved; >=100 genes,identity_markers_removed,Donor4,0.392570089566116,control_fibroblasts_vs_alone,20
Chemotaxis,Resolved; >=100 genes,identity_markers_removed,Donor6,0.413418419801495,control_fibroblasts_vs_alone,20
OSM_inflammation,All annotated,full_gene,Donor1,0.0522154679793879,control_fibroblasts_vs_alone,20
OSM_inflammation,All annotated,full_gene,Donor2,0.0786355580614798,control_fibroblasts_vs_alone,20
OSM_inflammation,All annotated,full_gene,Donor3,0.425328938646786,control_fibroblasts_vs_alone,20
OSM_inflammation,All annotated,full_gene,Donor4,0.426813276663493,control_fibroblasts_vs_alone,20
OSM_inflammation,All annotated,full_gene,Donor5,0.197222521611626,control_fibroblasts_vs_alone,20
OSM_inflammation,All annotated,full_gene,Donor6,-0.0397331196651278,control_fibroblasts_vs_alone,20
OSM_inflammation,All annotated,identity_markers_removed,Donor1,0.0457921934943809,control_fibroblasts_vs_alone,20
OSM_inflammation,All annotated,identity_markers_removed,Donor2,0.0544181840774654,control_fibroblasts_vs_alone,20
OSM_inflammation,All annotated,identity_markers_removed,Donor3,0.411470515625169,control_fibroblasts_vs_alone,20
OSM_inflammation,All annotated,identity_markers_removed,Donor4,0.414040014538796,control_fibroblasts_vs_alone,20
OSM_inflammation,All annotated,identity_markers_removed,Donor5,0.19196632173198,control_fibroblasts_vs_alone,20
OSM_inflammation,All annotated,identity_markers_removed,Donor6,-0.0452390314658225,control_fibroblasts_vs_alone,20
OSM_inflammation,Resolved,full_gene,Donor1,0.27527292462881,control_fibroblasts_vs_alone,20
OSM_inflammation,Resolved,full_gene,Donor2,0.150398893859754,control_fibroblasts_vs_alone,20
OSM_inflammation,Resolved,full_gene,Donor3,0.433940744725527,control_fibroblasts_vs_alone,20
OSM_inflammation,Resolved,full_gene,Donor4,0.451142809598048,control_fibroblasts_vs_alone,20
OSM_inflammation,Resolved,full_gene,Donor6,0.292849700139357,control_fibroblasts_vs_alone,20
OSM_inflammation,Resolved,identity_markers_removed,Donor1,0.245368986282929,control_fibroblasts_vs_alone,20
OSM_inflammation,Resolved,identity_markers_removed,Donor2,0.097934265930235,control_fibroblasts_vs_alone,20
OSM_inflammation,Resolved,identity_markers_removed,Donor3,0.408203197309267,control_fibroblasts_vs_alone,20
OSM_inflammation,Resolved,identity_markers_removed,Donor4,0.430291092881299,control_fibroblasts_vs_alone,20
OSM_inflammation,Resolved,identity_markers_removed,Donor6,0.268897454696257,control_fibroblasts_vs_alone,20
OSM_inflammation,Resolved; >=100 genes,full_gene,Donor1,0.260703632285235,control_fibroblasts_vs_alone,20
OSM_inflammation,Resolved; >=100 genes,full_gene,Donor2,0.123823578450629,control_fibroblasts_vs_alone,20
OSM_inflammation,Resolved; >=100 genes,full_gene,Donor3,0.411934406266636,control_fibroblasts_vs_alone,20
OSM_inflammation,Resolved; >=100 genes,full_gene,Donor4,0.380952660563888,control_fibroblasts_vs_alone,20
OSM_inflammation,Resolved; >=100 genes,full_gene,Donor6,0.315876207355702,control_fibroblasts_vs_alone,20
OSM_inflammation,Resolved; >=100 genes,identity_markers_removed,Donor1,0.224246998005304,control_fibroblasts_vs_alone,20
OSM_inflammation,Resolved; >=100 genes,identity_markers_removed,Donor2,0.0786526150333891,control_fibroblasts_vs_alone,20
OSM_inflammation,Resolved; >=100 genes,identity_markers_removed,Donor3,0.375616702780497,control_fibroblasts_vs_alone,20
OSM_inflammation,Resolved; >=100 genes,identity_markers_removed,Donor4,0.366631246712678,control_fibroblasts_vs_alone,20
OSM_inflammation,Resolved; >=100 genes,identity_markers_removed,Donor6,0.291361700365988,control_fibroblasts_vs_alone,20
Type_I_interferon,All annotated,full_gene,Donor1,-0.00944320026544197,control_fibroblasts_vs_alone,20
Type_I_interferon,All annotated,full_gene,Donor2,0.0468517170295592,control_fibroblasts_vs_alone,20
Type_I_interferon,All annotated,full_gene,Donor3,0.042535793462545,control_fibroblasts_vs_alone,20
Type_I_interferon,All annotated,full_gene,Donor4,0.0380679046325875,control_fibroblasts_vs_alone,20
Type_I_interferon,All annotated,full_gene,Donor5,-0.0452563166057263,control_fibroblasts_vs_alone,20
Type_I_interferon,All annotated,full_gene,Donor6,-0.0179343190462303,control_fibroblasts_vs_alone,20
Type_I_interferon,All annotated,identity_markers_removed,Donor1,-0.0144966477395276,control_fibroblasts_vs_alone,20
Type_I_interferon,All annotated,identity_markers_removed,Donor2,0.0775533895225951,control_fibroblasts_vs_alone,20
Type_I_interferon,All annotated,identity_markers_removed,Donor3,0.0455915799575224,control_fibroblasts_vs_alone,20
Type_I_interferon,All annotated,identity_markers_removed,Donor4,0.0422541528909199,control_fibroblasts_vs_alone,20
Type_I_interferon,All annotated,identity_markers_removed,Donor5,-0.0375188848591176,control_fibroblasts_vs_alone,20
Type_I_interferon,All annotated,identity_markers_removed,Donor6,-0.021722327441251,control_fibroblasts_vs_alone,20
Type_I_interferon,Resolved,full_gene,Donor1,0.0465936821620291,control_fibroblasts_vs_alone,20
Type_I_interferon,Resolved,full_gene,Donor2,0.0828161652035732,control_fibroblasts_vs_alone,20
Type_I_interferon,Resolved,full_gene,Donor3,0.0265939837928313,control_fibroblasts_vs_alone,20
Type_I_interferon,Resolved,full_gene,Donor4,0.0646902136939174,control_fibroblasts_vs_alone,20
Type_I_interferon,Resolved,full_gene,Donor6,0.0914064366043444,control_fibroblasts_vs_alone,20
Type_I_interferon,Resolved,identity_markers_removed,Donor1,0.045383265217299,control_fibroblasts_vs_alone,20
Type_I_interferon,Resolved,identity_markers_removed,Donor2,0.0903449074948071,control_fibroblasts_vs_alone,20
Type_I_interferon,Resolved,identity_markers_removed,Donor3,0.0347530934153842,control_fibroblasts_vs_alone,20
Type_I_interferon,Resolved,identity_markers_removed,Donor4,0.0758708614957443,control_fibroblasts_vs_alone,20
Type_I_interferon,Resolved,identity_markers_removed,Donor6,0.0939307959739127,control_fibroblasts_vs_alone,20
Type_I_interferon,Resolved; >=100 genes,full_gene,Donor1,0.0295890098961108,control_fibroblasts_vs_alone,20
Type_I_interferon,Resolved; >=100 genes,full_gene,Donor2,0.0745218559167185,control_fibroblasts_vs_alone,20
Type_I_interferon,Resolved; >=100 genes,full_gene,Donor3,0.0258630294432915,control_fibroblasts_vs_alone,20
Type_I_interferon,Resolved; >=100 genes,full_gene,Donor4,0.0402737593511928,control_fibroblasts_vs_alone,20
Type_I_interferon,Resolved; >=100 genes,full_gene,Donor6,0.0929661089451409,control_fibroblasts_vs_alone,20
Type_I_interferon,Resolved; >=100 genes,identity_markers_removed,Donor1,0.029040353097896,control_fibroblasts_vs_alone,20
Type_I_interferon,Resolved; >=100 genes,identity_markers_removed,Donor2,0.0812965700909656,control_fibroblasts_vs_alone,20
Type_I_interferon,Resolved; >=100 genes,identity_markers_removed,Donor3,0.0356546527871357,control_fibroblasts_vs_alone,20
Type_I_interferon,Resolved; >=100 genes,identity_markers_removed,Donor4,0.0538399991297893,control_fibroblasts_vs_alone,20
Type_I_interferon,Resolved; >=100 genes,identity_markers_removed,Donor6,0.0952505793278739,control_fibroblasts_vs_alone,20
Immature_granulopoiesis,All annotated,full_gene,Donor1,-0.0368779908047238,control_fibroblasts_vs_alone,20
Immature_granulopoiesis,All annotated,full_gene,Donor2,0.0182220808226895,control_fibroblasts_vs_alone,20
Immature_granulopoiesis,All annotated,full_gene,Donor3,-0.206793475867136,control_fibroblasts_vs_alone,20
Immature_granulopoiesis,All annotated,full_gene,Donor4,-0.102672837122073,control_fibroblasts_vs_alone,20
Immature_granulopoiesis,All annotated,full_gene,Donor5,-0.108304065358274,control_fibroblasts_vs_alone,20
Immature_granulopoiesis,All annotated,full_gene,Donor6,-0.266839345823502,control_fibroblasts_vs_alone,20
Immature_granulopoiesis,All annotated,identity_markers_removed,Donor1,-0.0368779908047238,control_fibroblasts_vs_alone,20
Immature_granulopoiesis,All annotated,identity_markers_removed,Donor2,0.0182220808226895,control_fibroblasts_vs_alone,20
Immature_granulopoiesis,All annotated,identity_markers_removed,Donor3,-0.206793475867136,control_fibroblasts_vs_alone,20
Immature_granulopoiesis,All annotated,identity_markers_removed,Donor4,-0.102672837122073,control_fibroblasts_vs_alone,20
Immature_granulopoiesis,All annotated,identity_markers_removed,Donor5,-0.108304065358274,control_fibroblasts_vs_alone,20
Immature_granulopoiesis,All annotated,identity_markers_removed,Donor6,-0.266839345823502,control_fibroblasts_vs_alone,20
Immature_granulopoiesis,Resolved,full_gene,Donor1,-0.00100942030534613,control_fibroblasts_vs_alone,20
Immature_granulopoiesis,Resolved,full_gene,Donor2,0.0231633400643267,control_fibroblasts_vs_alone,20
Immature_granulopoiesis,Resolved,full_gene,Donor3,-0.259018044666838,control_fibroblasts_vs_alone,20
Immature_granulopoiesis,Resolved,full_gene,Donor4,-0.134801017534939,control_fibroblasts_vs_alone,20
Immature_granulopoiesis,Resolved,full_gene,Donor6,-0.298513173949376,control_fibroblasts_vs_alone,20
Immature_granulopoiesis,Resolved,identity_markers_removed,Donor1,-0.00100942030534613,control_fibroblasts_vs_alone,20
Immature_granulopoiesis,Resolved,identity_markers_removed,Donor2,0.0231633400643267,control_fibroblasts_vs_alone,20
Immature_granulopoiesis,Resolved,identity_markers_removed,Donor3,-0.259018044666838,control_fibroblasts_vs_alone,20
Immature_granulopoiesis,Resolved,identity_markers_removed,Donor4,-0.134801017534939,control_fibroblasts_vs_alone,20
Immature_granulopoiesis,Resolved,identity_markers_removed,Donor6,-0.298513173949376,control_fibroblasts_vs_alone,20
Immature_granulopoiesis,Resolved; >=100 genes,full_gene,Donor1,-0.0436433913685595,control_fibroblasts_vs_alone,20
Immature_granulopoiesis,Resolved; >=100 genes,full_gene,Donor2,-0.000396186438963331,control_fibroblasts_vs_alone,20
Immature_granulopoiesis,Resolved; >=100 genes,full_gene,Donor3,-0.301609520397186,control_fibroblasts_vs_alone,20
Immature_granulopoiesis,Resolved; >=100 genes,full_gene,Donor4,-0.207505093687802,control_fibroblasts_vs_alone,20
Immature_granulopoiesis,Resolved; >=100 genes,full_gene,Donor6,-0.40389784526781,control_fibroblasts_vs_alone,20
Immature_granulopoiesis,Resolved; >=100 genes,identity_markers_removed,Donor1,-0.0436433913685595,control_fibroblasts_vs_alone,20
Immature_granulopoiesis,Resolved; >=100 genes,identity_markers_removed,Donor2,-0.000396186438963331,control_fibroblasts_vs_alone,20
Immature_granulopoiesis,Resolved; >=100 genes,identity_markers_removed,Donor3,-0.301609520397186,control_fibroblasts_vs_alone,20
Immature_granulopoiesis,Resolved; >=100 genes,identity_markers_removed,Donor4,-0.207505093687802,control_fibroblasts_vs_alone,20
Immature_granulopoiesis,Resolved; >=100 genes,identity_markers_removed,Donor6,-0.40389784526781,control_fibroblasts_vs_alone,20
Survival_antiapoptosis,All annotated,full_gene,Donor1,0.0341405064701497,control_fibroblasts_vs_alone,20
Survival_antiapoptosis,All annotated,full_gene,Donor2,0.0201623770086315,control_fibroblasts_vs_alone,20
Survival_antiapoptosis,All annotated,full_gene,Donor3,0.290949769507696,control_fibroblasts_vs_alone,20
Survival_antiapoptosis,All annotated,full_gene,Donor4,0.329469060529802,control_fibroblasts_vs_alone,20
Survival_antiapoptosis,All annotated,full_gene,Donor5,0.118154727434162,control_fibroblasts_vs_alone,20
Survival_antiapoptosis,All annotated,full_gene,Donor6,0.0310186315346536,control_fibroblasts_vs_alone,20
Survival_antiapoptosis,All annotated,identity_markers_removed,Donor1,0.0341405064701497,control_fibroblasts_vs_alone,20
Survival_antiapoptosis,All annotated,identity_markers_removed,Donor2,0.0201623770086315,control_fibroblasts_vs_alone,20
Survival_antiapoptosis,All annotated,identity_markers_removed,Donor3,0.290949769507696,control_fibroblasts_vs_alone,20
Survival_antiapoptosis,All annotated,identity_markers_removed,Donor4,0.329469060529802,control_fibroblasts_vs_alone,20
Survival_antiapoptosis,All annotated,identity_markers_removed,Donor5,0.118154727434162,control_fibroblasts_vs_alone,20
Survival_antiapoptosis,All annotated,identity_markers_removed,Donor6,0.0310186315346536,control_fibroblasts_vs_alone,20
Survival_antiapoptosis,Resolved,full_gene,Donor1,0.310916246400849,control_fibroblasts_vs_alone,20
Survival_antiapoptosis,Resolved,full_gene,Donor2,0.157232003431235,control_fibroblasts_vs_alone,20
Survival_antiapoptosis,Resolved,full_gene,Donor3,0.326751949516244,control_fibroblasts_vs_alone,20
Survival_antiapoptosis,Resolved,full_gene,Donor4,0.401904251083023,control_fibroblasts_vs_alone,20
Survival_antiapoptosis,Resolved,full_gene,Donor6,0.2579065832921,control_fibroblasts_vs_alone,20
Survival_antiapoptosis,Resolved,identity_markers_removed,Donor1,0.310916246400849,control_fibroblasts_vs_alone,20
Survival_antiapoptosis,Resolved,identity_markers_removed,Donor2,0.157232003431235,control_fibroblasts_vs_alone,20
Survival_antiapoptosis,Resolved,identity_markers_removed,Donor3,0.326751949516244,control_fibroblasts_vs_alone,20
Survival_antiapoptosis,Resolved,identity_markers_removed,Donor4,0.401904251083023,control_fibroblasts_vs_alone,20
Survival_antiapoptosis,Resolved,identity_markers_removed,Donor6,0.2579065832921,control_fibroblasts_vs_alone,20
Survival_antiapoptosis,Resolved; >=100 genes,full_gene,Donor1,0.321100749983005,control_fibroblasts_vs_alone,20
Survival_antiapoptosis,Resolved; >=100 genes,full_gene,Donor2,0.0613305646281385,control_fibroblasts_vs_alone,20
Survival_antiapoptosis,Resolved; >=100 genes,full_gene,Donor3,0.308984666778541,control_fibroblasts_vs_alone,20
Survival_antiapoptosis,Resolved; >=100 genes,full_gene,Donor4,0.352695162506635,control_fibroblasts_vs_alone,20
Survival_antiapoptosis,Resolved; >=100 genes,full_gene,Donor6,0.265298172699156,control_fibroblasts_vs_alone,20
Survival_antiapoptosis,Resolved; >=100 genes,identity_markers_removed,Donor1,0.321100749983005,control_fibroblasts_vs_alone,20
Survival_antiapoptosis,Resolved; >=100 genes,identity_markers_removed,Donor2,0.0613305646281385,control_fibroblasts_vs_alone,20
Survival_antiapoptosis,Resolved; >=100 genes,identity_markers_removed,Donor3,0.308984666778541,control_fibroblasts_vs_alone,20
Survival_antiapoptosis,Resolved; >=100 genes,identity_markers_removed,Donor4,0.352695162506635,control_fibroblasts_vs_alone,20
Survival_antiapoptosis,Resolved; >=100 genes,identity_markers_removed,Donor6,0.265298172699156,control_fibroblasts_vs_alone,20
Hypoxia_glycolysis,All annotated,full_gene,Donor1,-0.0205500044265537,control_fibroblasts_vs_alone,20
Hypoxia_glycolysis,All annotated,full_gene,Donor2,0.137166697530447,control_fibroblasts_vs_alone,20
Hypoxia_glycolysis,All annotated,full_gene,Donor3,0.166587245843627,control_fibroblasts_vs_alone,20
Hypoxia_glycolysis,All annotated,full_gene,Donor4,0.146293468653092,control_fibroblasts_vs_alone,20
Hypoxia_glycolysis,All annotated,full_gene,Donor5,0.0726052035945683,control_fibroblasts_vs_alone,20
Hypoxia_glycolysis,All annotated,full_gene,Donor6,-0.0249691711924143,control_fibroblasts_vs_alone,20
Hypoxia_glycolysis,All annotated,identity_markers_removed,Donor1,-0.0205500044265537,control_fibroblasts_vs_alone,20
Hypoxia_glycolysis,All annotated,identity_markers_removed,Donor2,0.137166697530447,control_fibroblasts_vs_alone,20
Hypoxia_glycolysis,All annotated,identity_markers_removed,Donor3,0.166587245843627,control_fibroblasts_vs_alone,20
Hypoxia_glycolysis,All annotated,identity_markers_removed,Donor4,0.146293468653092,control_fibroblasts_vs_alone,20
Hypoxia_glycolysis,All annotated,identity_markers_removed,Donor5,0.0726052035945683,control_fibroblasts_vs_alone,20
Hypoxia_glycolysis,All annotated,identity_markers_removed,Donor6,-0.0249691711924143,control_fibroblasts_vs_alone,20
Hypoxia_glycolysis,Resolved,full_gene,Donor1,0.141262103133266,control_fibroblasts_vs_alone,20
Hypoxia_glycolysis,Resolved,full_gene,Donor2,0.292135681095244,control_fibroblasts_vs_alone,20
Hypoxia_glycolysis,Resolved,full_gene,Donor3,0.190955507242074,control_fibroblasts_vs_alone,20
Hypoxia_glycolysis,Resolved,full_gene,Donor4,0.223628046743717,control_fibroblasts_vs_alone,20
Hypoxia_glycolysis,Resolved,full_gene,Donor6,0.109922302565611,control_fibroblasts_vs_alone,20
Hypoxia_glycolysis,Resolved,identity_markers_removed,Donor1,0.141262103133266,control_fibroblasts_vs_alone,20
Hypoxia_glycolysis,Resolved,identity_markers_removed,Donor2,0.292135681095244,control_fibroblasts_vs_alone,20
Hypoxia_glycolysis,Resolved,identity_markers_removed,Donor3,0.190955507242074,control_fibroblasts_vs_alone,20
Hypoxia_glycolysis,Resolved,identity_markers_removed,Donor4,0.223628046743717,control_fibroblasts_vs_alone,20
Hypoxia_glycolysis,Resolved,identity_markers_removed,Donor6,0.109922302565611,control_fibroblasts_vs_alone,20
Hypoxia_glycolysis,Resolved; >=100 genes,full_gene,Donor1,0.105401403221074,control_fibroblasts_vs_alone,20
Hypoxia_glycolysis,Resolved; >=100 genes,full_gene,Donor2,0.252503841614037,control_fibroblasts_vs_alone,20
Hypoxia_glycolysis,Resolved; >=100 genes,full_gene,Donor3,0.198856838676778,control_fibroblasts_vs_alone,20
Hypoxia_glycolysis,Resolved; >=100 genes,full_gene,Donor4,0.180105761185148,control_fibroblasts_vs_alone,20
Hypoxia_glycolysis,Resolved; >=100 genes,full_gene,Donor6,0.0971066092287049,control_fibroblasts_vs_alone,20
Hypoxia_glycolysis,Resolved; >=100 genes,identity_markers_removed,Donor1,0.105401403221074,control_fibroblasts_vs_alone,20
Hypoxia_glycolysis,Resolved; >=100 genes,identity_markers_removed,Donor2,0.252503841614037,control_fibroblasts_vs_alone,20
Hypoxia_glycolysis,Resolved; >=100 genes,identity_markers_removed,Donor3,0.198856838676778,control_fibroblasts_vs_alone,20
Hypoxia_glycolysis,Resolved; >=100 genes,identity_markers_removed,Donor4,0.180105761185148,control_fibroblasts_vs_alone,20
Hypoxia_glycolysis,Resolved; >=100 genes,identity_markers_removed,Donor6,0.0971066092287049,control_fibroblasts_vs_alone,20
ER_stress,All annotated,full_gene,Donor1,0.00517245178764136,control_fibroblasts_vs_alone,20
ER_stress,All annotated,full_gene,Donor2,0.0693811947723763,control_fibroblasts_vs_alone,20
ER_stress,All annotated,full_gene,Donor3,0.326856022515686,control_fibroblasts_vs_alone,20
ER_stress,All annotated,full_gene,Donor4,0.310147218709979,control_fibroblasts_vs_alone,20
ER_stress,All annotated,full_gene,Donor5,0.0942835528329818,control_fibroblasts_vs_alone,20
ER_stress,All annotated,full_gene,Donor6,0.00805163584018703,control_fibroblasts_vs_alone,20
ER_stress,All annotated,identity_markers_removed,Donor1,0.00517245178764136,control_fibroblasts_vs_alone,20
ER_stress,All annotated,identity_markers_removed,Donor2,0.0693811947723763,control_fibroblasts_vs_alone,20
ER_stress,All annotated,identity_markers_removed,Donor3,0.326856022515686,control_fibroblasts_vs_alone,20
ER_stress,All annotated,identity_markers_removed,Donor4,0.310147218709979,control_fibroblasts_vs_alone,20
ER_stress,All annotated,identity_markers_removed,Donor5,0.0942835528329818,control_fibroblasts_vs_alone,20
ER_stress,All annotated,identity_markers_removed,Donor6,0.00805163584018703,control_fibroblasts_vs_alone,20
ER_stress,Resolved,full_gene,Donor1,0.2303600138476,control_fibroblasts_vs_alone,20
ER_stress,Resolved,full_gene,Donor2,0.254794476288825,control_fibroblasts_vs_alone,20
ER_stress,Resolved,full_gene,Donor3,0.413913937220997,control_fibroblasts_vs_alone,20
ER_stress,Resolved,full_gene,Donor4,0.384677238941985,control_fibroblasts_vs_alone,20
ER_stress,Resolved,full_gene,Donor6,0.257811220380273,control_fibroblasts_vs_alone,20
ER_stress,Resolved,identity_markers_removed,Donor1,0.2303600138476,control_fibroblasts_vs_alone,20
ER_stress,Resolved,identity_markers_removed,Donor2,0.254794476288825,control_fibroblasts_vs_alone,20
ER_stress,Resolved,identity_markers_removed,Donor3,0.413913937220997,control_fibroblasts_vs_alone,20
ER_stress,Resolved,identity_markers_removed,Donor4,0.384677238941985,control_fibroblasts_vs_alone,20
ER_stress,Resolved,identity_markers_removed,Donor6,0.257811220380273,control_fibroblasts_vs_alone,20
ER_stress,Resolved; >=100 genes,full_gene,Donor1,0.207225852852313,control_fibroblasts_vs_alone,20
ER_stress,Resolved; >=100 genes,full_gene,Donor2,0.17419967272386,control_fibroblasts_vs_alone,20
ER_stress,Resolved; >=100 genes,full_gene,Donor3,0.395407652824122,control_fibroblasts_vs_alone,20
ER_stress,Resolved; >=100 genes,full_gene,Donor4,0.336465611831027,control_fibroblasts_vs_alone,20
ER_stress,Resolved; >=100 genes,full_gene,Donor6,0.258051591226897,control_fibroblasts_vs_alone,20
ER_stress,Resolved; >=100 genes,identity_markers_removed,Donor1,0.207225852852313,control_fibroblasts_vs_alone,20
ER_stress,Resolved; >=100 genes,identity_markers_removed,Donor2,0.17419967272386,control_fibroblasts_vs_alone,20
ER_stress,Resolved; >=100 genes,identity_markers_removed,Donor3,0.395407652824122,control_fibroblasts_vs_alone,20
ER_stress,Resolved; >=100 genes,identity_markers_removed,Donor4,0.336465611831027,control_fibroblasts_vs_alone,20
ER_stress,Resolved; >=100 genes,identity_markers_removed,Donor6,0.258051591226897,control_fibroblasts_vs_alone,20
Proliferation_stress,All annotated,full_gene,Donor1,0.0182547689180087,control_fibroblasts_vs_alone,20
Proliferation_stress,All annotated,full_gene,Donor2,0.236303600048975,control_fibroblasts_vs_alone,20
Proliferation_stress,All annotated,full_gene,Donor3,0.0549455401768738,control_fibroblasts_vs_alone,20
Proliferation_stress,All annotated,full_gene,Donor4,0.0358095945064363,control_fibroblasts_vs_alone,20
Proliferation_stress,All annotated,full_gene,Donor5,0.0591856168219702,control_fibroblasts_vs_alone,20
Proliferation_stress,All annotated,full_gene,Donor6,-0.104569754431305,control_fibroblasts_vs_alone,20
Proliferation_stress,All annotated,identity_markers_removed,Donor1,0.0182547689180087,control_fibroblasts_vs_alone,20
Proliferation_stress,All annotated,identity_markers_removed,Donor2,0.236303600048975,control_fibroblasts_vs_alone,20
Proliferation_stress,All annotated,identity_markers_removed,Donor3,0.0549455401768738,control_fibroblasts_vs_alone,20
Proliferation_stress,All annotated,identity_markers_removed,Donor4,0.0358095945064363,control_fibroblasts_vs_alone,20
Proliferation_stress,All annotated,identity_markers_removed,Donor5,0.0591856168219702,control_fibroblasts_vs_alone,20
Proliferation_stress,All annotated,identity_markers_removed,Donor6,-0.104569754431305,control_fibroblasts_vs_alone,20
Proliferation_stress,Resolved,full_gene,Donor1,0.0172791925700822,control_fibroblasts_vs_alone,20
Proliferation_stress,Resolved,full_gene,Donor2,0.214635849832361,control_fibroblasts_vs_alone,20
Proliferation_stress,Resolved,full_gene,Donor3,0.0359368975247434,control_fibroblasts_vs_alone,20
Proliferation_stress,Resolved,full_gene,Donor4,0.0314059471064101,control_fibroblasts_vs_alone,20
Proliferation_stress,Resolved,full_gene,Donor6,-0.105490001045488,control_fibroblasts_vs_alone,20
Proliferation_stress,Resolved,identity_markers_removed,Donor1,0.0172791925700822,control_fibroblasts_vs_alone,20
Proliferation_stress,Resolved,identity_markers_removed,Donor2,0.214635849832361,control_fibroblasts_vs_alone,20
Proliferation_stress,Resolved,identity_markers_removed,Donor3,0.0359368975247434,control_fibroblasts_vs_alone,20
Proliferation_stress,Resolved,identity_markers_removed,Donor4,0.0314059471064101,control_fibroblasts_vs_alone,20
Proliferation_stress,Resolved,identity_markers_removed,Donor6,-0.105490001045488,control_fibroblasts_vs_alone,20
Proliferation_stress,Resolved; >=100 genes,full_gene,Donor1,-0.0157165667995896,control_fibroblasts_vs_alone,20
Proliferation_stress,Resolved; >=100 genes,full_gene,Donor2,0.188114654827702,control_fibroblasts_vs_alone,20
Proliferation_stress,Resolved; >=100 genes,full_gene,Donor3,0.022876387650131,control_fibroblasts_vs_alone,20
Proliferation_stress,Resolved; >=100 genes,full_gene,Donor4,0.0132613892330789,control_fibroblasts_vs_alone,20
Proliferation_stress,Resolved; >=100 genes,full_gene,Donor6,-0.163999092839632,control_fibroblasts_vs_alone,20
Proliferation_stress,Resolved; >=100 genes,identity_markers_removed,Donor1,-0.0157165667995896,control_fibroblasts_vs_alone,20
Proliferation_stress,Resolved; >=100 genes,identity_markers_removed,Donor2,0.188114654827702,control_fibroblasts_vs_alone,20
Proliferation_stress,Resolved; >=100 genes,identity_markers_removed,Donor3,0.022876387650131,control_fibroblasts_vs_alone,20
Proliferation_stress,Resolved; >=100 genes,identity_markers_removed,Donor4,0.0132613892330789,control_fibroblasts_vs_alone,20
Proliferation_stress,Resolved; >=100 genes,identity_markers_removed,Donor6,-0.163999092839632,control_fibroblasts_vs_alone,20
Integrin_adhesion,All annotated,full_gene,Donor1,0.0409224572995188,control_fibroblasts_vs_alone,20
Integrin_adhesion,All annotated,full_gene,Donor2,0.049154061619177,control_fibroblasts_vs_alone,20
Integrin_adhesion,All annotated,full_gene,Donor3,0.244758013319944,control_fibroblasts_vs_alone,20
Integrin_adhesion,All annotated,full_gene,Donor4,0.264140339137913,control_fibroblasts_vs_alone,20
Integrin_adhesion,All annotated,full_gene,Donor5,0.276606993063687,control_fibroblasts_vs_alone,20
Integrin_adhesion,All annotated,full_gene,Donor6,0.00557973579052537,control_fibroblasts_vs_alone,20
Integrin_adhesion,All annotated,identity_markers_removed,Donor1,0.0409224572995188,control_fibroblasts_vs_alone,20
Integrin_adhesion,All annotated,identity_markers_removed,Donor2,0.049154061619177,control_fibroblasts_vs_alone,20
Integrin_adhesion,All annotated,identity_markers_removed,Donor3,0.244758013319944,control_fibroblasts_vs_alone,20
Integrin_adhesion,All annotated,identity_markers_removed,Donor4,0.264140339137913,control_fibroblasts_vs_alone,20
Integrin_adhesion,All annotated,identity_markers_removed,Donor5,0.276606993063687,control_fibroblasts_vs_alone,20
Integrin_adhesion,All annotated,identity_markers_removed,Donor6,0.00557973579052537,control_fibroblasts_vs_alone,20
Integrin_adhesion,Resolved,full_gene,Donor1,0.166539623726826,control_fibroblasts_vs_alone,20
Integrin_adhesion,Resolved,full_gene,Donor2,0.195198269516704,control_fibroblasts_vs_alone,20
Integrin_adhesion,Resolved,full_gene,Donor3,0.2616592750605,control_fibroblasts_vs_alone,20
Integrin_adhesion,Resolved,full_gene,Donor4,0.382738778335337,control_fibroblasts_vs_alone,20
Integrin_adhesion,Resolved,full_gene,Donor6,0.189804443160189,control_fibroblasts_vs_alone,20
Integrin_adhesion,Resolved,identity_markers_removed,Donor1,0.166539623726826,control_fibroblasts_vs_alone,20
Integrin_adhesion,Resolved,identity_markers_removed,Donor2,0.195198269516704,control_fibroblasts_vs_alone,20
Integrin_adhesion,Resolved,identity_markers_removed,Donor3,0.2616592750605,control_fibroblasts_vs_alone,20
Integrin_adhesion,Resolved,identity_markers_removed,Donor4,0.382738778335337,control_fibroblasts_vs_alone,20
Integrin_adhesion,Resolved,identity_markers_removed,Donor6,0.189804443160189,control_fibroblasts_vs_alone,20
Integrin_adhesion,Resolved; >=100 genes,full_gene,Donor1,0.155665611052937,control_fibroblasts_vs_alone,20
Integrin_adhesion,Resolved; >=100 genes,full_gene,Donor2,0.181749314907898,control_fibroblasts_vs_alone,20
Integrin_adhesion,Resolved; >=100 genes,full_gene,Donor3,0.237845960589714,control_fibroblasts_vs_alone,20
Integrin_adhesion,Resolved; >=100 genes,full_gene,Donor4,0.347900208459466,control_fibroblasts_vs_alone,20
Integrin_adhesion,Resolved; >=100 genes,full_gene,Donor6,0.194115428483893,control_fibroblasts_vs_alone,20
Integrin_adhesion,Resolved; >=100 genes,identity_markers_removed,Donor1,0.155665611052937,control_fibroblasts_vs_alone,20
Integrin_adhesion,Resolved; >=100 genes,identity_markers_removed,Donor2,0.181749314907898,control_fibroblasts_vs_alone,20
Integrin_adhesion,Resolved; >=100 genes,identity_markers_removed,Donor3,0.237845960589714,control_fibroblasts_vs_alone,20
Integrin_adhesion,Resolved; >=100 genes,identity_markers_removed,Donor4,0.347900208459466,control_fibroblasts_vs_alone,20
Integrin_adhesion,Resolved; >=100 genes,identity_markers_removed,Donor6,0.194115428483893,control_fibroblasts_vs_alone,20
CXCR4_aging_retention,All annotated,full_gene,Donor1,0.0891498092215757,control_fibroblasts_vs_alone,20
CXCR4_aging_retention,All annotated,full_gene,Donor2,0.125550175033232,control_fibroblasts_vs_alone,20
CXCR4_aging_retention,All annotated,full_gene,Donor3,0.482395125180593,control_fibroblasts_vs_alone,20
CXCR4_aging_retention,All annotated,full_gene,Donor4,0.526771589018245,control_fibroblasts_vs_alone,20
CXCR4_aging_retention,All annotated,full_gene,Donor5,0.280834650139716,control_fibroblasts_vs_alone,20
CXCR4_aging_retention,All annotated,full_gene,Donor6,-0.0419098329801372,control_fibroblasts_vs_alone,20
CXCR4_aging_retention,All annotated,identity_markers_removed,Donor1,0.110643898243039,control_fibroblasts_vs_alone,20
CXCR4_aging_retention,All annotated,identity_markers_removed,Donor2,0.167712103800045,control_fibroblasts_vs_alone,20
CXCR4_aging_retention,All annotated,identity_markers_removed,Donor3,0.503214675982355,control_fibroblasts_vs_alone,20
CXCR4_aging_retention,All annotated,identity_markers_removed,Donor4,0.535562918989834,control_fibroblasts_vs_alone,20
CXCR4_aging_retention,All annotated,identity_markers_removed,Donor5,0.306112618611239,control_fibroblasts_vs_alone,20
CXCR4_aging_retention,All annotated,identity_markers_removed,Donor6,0.00616875730610023,control_fibroblasts_vs_alone,20
CXCR4_aging_retention,Resolved,full_gene,Donor1,0.589155140200222,control_fibroblasts_vs_alone,20
CXCR4_aging_retention,Resolved,full_gene,Donor2,0.492112252004556,control_fibroblasts_vs_alone,20
CXCR4_aging_retention,Resolved,full_gene,Donor3,0.542860451709544,control_fibroblasts_vs_alone,20
CXCR4_aging_retention,Resolved,full_gene,Donor4,0.673550026249964,control_fibroblasts_vs_alone,20
CXCR4_aging_retention,Resolved,full_gene,Donor6,0.525945295834371,control_fibroblasts_vs_alone,20
CXCR4_aging_retention,Resolved,identity_markers_removed,Donor1,0.616751036796748,control_fibroblasts_vs_alone,20
CXCR4_aging_retention,Resolved,identity_markers_removed,Donor2,0.481996995659009,control_fibroblasts_vs_alone,20
CXCR4_aging_retention,Resolved,identity_markers_removed,Donor3,0.572167867584723,control_fibroblasts_vs_alone,20
CXCR4_aging_retention,Resolved,identity_markers_removed,Donor4,0.68716554071115,control_fibroblasts_vs_alone,20
CXCR4_aging_retention,Resolved,identity_markers_removed,Donor6,0.544107249208596,control_fibroblasts_vs_alone,20
CXCR4_aging_retention,Resolved; >=100 genes,full_gene,Donor1,0.545047780060355,control_fibroblasts_vs_alone,20
CXCR4_aging_retention,Resolved; >=100 genes,full_gene,Donor2,0.348103540888677,control_fibroblasts_vs_alone,20
CXCR4_aging_retention,Resolved; >=100 genes,full_gene,Donor3,0.495544875502476,control_fibroblasts_vs_alone,20
CXCR4_aging_retention,Resolved; >=100 genes,full_gene,Donor4,0.578140330309526,control_fibroblasts_vs_alone,20
CXCR4_aging_retention,Resolved; >=100 genes,full_gene,Donor6,0.50527153055836,control_fibroblasts_vs_alone,20
CXCR4_aging_retention,Resolved; >=100 genes,identity_markers_removed,Donor1,0.588465610508597,control_fibroblasts_vs_alone,20
CXCR4_aging_retention,Resolved; >=100 genes,identity_markers_removed,Donor2,0.347755999014203,control_fibroblasts_vs_alone,20
CXCR4_aging_retention,Resolved; >=100 genes,identity_markers_removed,Donor3,0.522573211603126,control_fibroblasts_vs_alone,20
CXCR4_aging_retention,Resolved; >=100 genes,identity_markers_removed,Donor4,0.599616420779495,control_fibroblasts_vs_alone,20
CXCR4_aging_retention,Resolved; >=100 genes,identity_markers_removed,Donor6,0.526073725935236,control_fibroblasts_vs_alone,20
NETosis,All annotated,full_gene,Donor1,0.00372281419826689,alpha_interaction,50
NETosis,All annotated,full_gene,Donor2,0.022335538253389,alpha_interaction,50
NETosis,All annotated,full_gene,Donor3,-0.0667407886886308,alpha_interaction,50
NETosis,All annotated,full_gene,Donor4,-0.157590962526809,alpha_interaction,50
NETosis,All annotated,identity_markers_removed,Donor1,0.0201962971564557,alpha_interaction,50
NETosis,All annotated,identity_markers_removed,Donor2,0.0283843530774081,alpha_interaction,50
NETosis,All annotated,identity_markers_removed,Donor3,-0.0605444686913657,alpha_interaction,50
NETosis,All annotated,identity_markers_removed,Donor4,-0.152203256829971,alpha_interaction,50
NETosis,Resolved,full_gene,Donor1,-0.200853857342931,alpha_interaction,50
NETosis,Resolved,full_gene,Donor3,-0.0159504074436431,alpha_interaction,50
NETosis,Resolved,full_gene,Donor4,-0.1063099247547,alpha_interaction,50
NETosis,Resolved,identity_markers_removed,Donor1,-0.198753227350151,alpha_interaction,50
NETosis,Resolved,identity_markers_removed,Donor3,-0.0208528853577037,alpha_interaction,50
NETosis,Resolved,identity_markers_removed,Donor4,-0.10714017560308,alpha_interaction,50
NETosis,Resolved; >=100 genes,full_gene,Donor3,-0.026124974454719,alpha_interaction,50
NETosis,Resolved; >=100 genes,full_gene,Donor4,-0.0721382911277262,alpha_interaction,50
NETosis,Resolved; >=100 genes,identity_markers_removed,Donor3,-0.0340368458595737,alpha_interaction,50
NETosis,Resolved; >=100 genes,identity_markers_removed,Donor4,-0.0719245839236055,alpha_interaction,50
Degranulation,All annotated,full_gene,Donor1,0.0269450932926898,alpha_interaction,50
Degranulation,All annotated,full_gene,Donor2,0.0626059659911545,alpha_interaction,50
Degranulation,All annotated,full_gene,Donor3,0.141218259774627,alpha_interaction,50
Degranulation,All annotated,full_gene,Donor4,0.00535018115280376,alpha_interaction,50
Degranulation,All annotated,identity_markers_removed,Donor1,0.0269450932926898,alpha_interaction,50
Degranulation,All annotated,identity_markers_removed,Donor2,0.0626059659911545,alpha_interaction,50
Degranulation,All annotated,identity_markers_removed,Donor3,0.141218259774627,alpha_interaction,50
Degranulation,All annotated,identity_markers_removed,Donor4,0.00535018115280376,alpha_interaction,50
Degranulation,Resolved,full_gene,Donor1,-0.0690075864777625,alpha_interaction,50
Degranulation,Resolved,full_gene,Donor3,0.164194267224185,alpha_interaction,50
Degranulation,Resolved,full_gene,Donor4,0.0155633975591608,alpha_interaction,50
Degranulation,Resolved,identity_markers_removed,Donor1,-0.0690075864777625,alpha_interaction,50
Degranulation,Resolved,identity_markers_removed,Donor3,0.164194267224185,alpha_interaction,50
Degranulation,Resolved,identity_markers_removed,Donor4,0.0155633975591608,alpha_interaction,50
Degranulation,Resolved; >=100 genes,full_gene,Donor3,0.208852451041784,alpha_interaction,50
Degranulation,Resolved; >=100 genes,full_gene,Donor4,0.0796806708543277,alpha_interaction,50
Degranulation,Resolved; >=100 genes,identity_markers_removed,Donor3,0.208852451041784,alpha_interaction,50
Degranulation,Resolved; >=100 genes,identity_markers_removed,Donor4,0.0796806708543277,alpha_interaction,50
Oxidative_burst,All annotated,full_gene,Donor1,-0.0443934372941887,alpha_interaction,50
Oxidative_burst,All annotated,full_gene,Donor2,-0.0620123326451819,alpha_interaction,50
Oxidative_burst,All annotated,full_gene,Donor3,-0.206672021403066,alpha_interaction,50
Oxidative_burst,All annotated,full_gene,Donor4,-0.258315322731163,alpha_interaction,50
Oxidative_burst,All annotated,identity_markers_removed,Donor1,-0.0443934372941887,alpha_interaction,50
Oxidative_burst,All annotated,identity_markers_removed,Donor2,-0.0620123326451819,alpha_interaction,50
Oxidative_burst,All annotated,identity_markers_removed,Donor3,-0.206672021403066,alpha_interaction,50
Oxidative_burst,All annotated,identity_markers_removed,Donor4,-0.258315322731163,alpha_interaction,50
Oxidative_burst,Resolved,full_gene,Donor1,-0.4252471450448,alpha_interaction,50
Oxidative_burst,Resolved,full_gene,Donor3,-0.171142516068351,alpha_interaction,50
Oxidative_burst,Resolved,full_gene,Donor4,-0.220331642433913,alpha_interaction,50
Oxidative_burst,Resolved,identity_markers_removed,Donor1,-0.4252471450448,alpha_interaction,50
Oxidative_burst,Resolved,identity_markers_removed,Donor3,-0.171142516068351,alpha_interaction,50
Oxidative_burst,Resolved,identity_markers_removed,Donor4,-0.220331642433913,alpha_interaction,50
Oxidative_burst,Resolved; >=100 genes,full_gene,Donor3,-0.163061809527527,alpha_interaction,50
Oxidative_burst,Resolved; >=100 genes,full_gene,Donor4,-0.141786379368185,alpha_interaction,50
Oxidative_burst,Resolved; >=100 genes,identity_markers_removed,Donor3,-0.163061809527527,alpha_interaction,50
Oxidative_burst,Resolved; >=100 genes,identity_markers_removed,Donor4,-0.141786379368185,alpha_interaction,50
Phagocytosis,All annotated,full_gene,Donor1,-0.196112137740546,alpha_interaction,50
Phagocytosis,All annotated,full_gene,Donor2,-0.141674202344959,alpha_interaction,50
Phagocytosis,All annotated,full_gene,Donor3,-0.39472759983599,alpha_interaction,50
Phagocytosis,All annotated,full_gene,Donor4,-0.514115791800791,alpha_interaction,50
Phagocytosis,All annotated,identity_markers_removed,Donor1,-0.196112137740546,alpha_interaction,50
Phagocytosis,All annotated,identity_markers_removed,Donor2,-0.141674202344959,alpha_interaction,50
Phagocytosis,All annotated,identity_markers_removed,Donor3,-0.39472759983599,alpha_interaction,50
Phagocytosis,All annotated,identity_markers_removed,Donor4,-0.514115791800791,alpha_interaction,50
Phagocytosis,Resolved,full_gene,Donor1,-0.755004421214918,alpha_interaction,50
Phagocytosis,Resolved,full_gene,Donor3,-0.468506585459142,alpha_interaction,50
Phagocytosis,Resolved,full_gene,Donor4,-0.542960857085534,alpha_interaction,50
Phagocytosis,Resolved,identity_markers_removed,Donor1,-0.755004421214918,alpha_interaction,50
Phagocytosis,Resolved,identity_markers_removed,Donor3,-0.468506585459142,alpha_interaction,50
Phagocytosis,Resolved,identity_markers_removed,Donor4,-0.542960857085534,alpha_interaction,50
Phagocytosis,Resolved; >=100 genes,full_gene,Donor3,-0.447873345450134,alpha_interaction,50
Phagocytosis,Resolved; >=100 genes,full_gene,Donor4,-0.468055596176316,alpha_interaction,50
Phagocytosis,Resolved; >=100 genes,identity_markers_removed,Donor3,-0.447873345450134,alpha_interaction,50
Phagocytosis,Resolved; >=100 genes,identity_markers_removed,Donor4,-0.468055596176316,alpha_interaction,50
Chemotaxis,All annotated,full_gene,Donor1,-0.163502482152521,alpha_interaction,50
Chemotaxis,All annotated,full_gene,Donor2,-0.152085093316447,alpha_interaction,50
Chemotaxis,All annotated,full_gene,Donor3,-0.438207771521133,alpha_interaction,50
Chemotaxis,All annotated,full_gene,Donor4,-0.505668520950762,alpha_interaction,50
Chemotaxis,All annotated,identity_markers_removed,Donor1,-0.167987131403826,alpha_interaction,50
Chemotaxis,All annotated,identity_markers_removed,Donor2,-0.177118326934232,alpha_interaction,50
Chemotaxis,All annotated,identity_markers_removed,Donor3,-0.431274713509023,alpha_interaction,50
Chemotaxis,All annotated,identity_markers_removed,Donor4,-0.477874867236844,alpha_interaction,50
Chemotaxis,Resolved,full_gene,Donor1,-0.736240256057947,alpha_interaction,50
Chemotaxis,Resolved,full_gene,Donor3,-0.567397997332994,alpha_interaction,50
Chemotaxis,Resolved,full_gene,Donor4,-0.554378677727639,alpha_interaction,50
Chemotaxis,Resolved,identity_markers_removed,Donor1,-0.729700502436019,alpha_interaction,50
Chemotaxis,Resolved,identity_markers_removed,Donor3,-0.560657250020566,alpha_interaction,50
Chemotaxis,Resolved,identity_markers_removed,Donor4,-0.526815979554472,alpha_interaction,50
Chemotaxis,Resolved; >=100 genes,full_gene,Donor3,-0.572111289146987,alpha_interaction,50
Chemotaxis,Resolved; >=100 genes,full_gene,Donor4,-0.474325854845558,alpha_interaction,50
Chemotaxis,Resolved; >=100 genes,identity_markers_removed,Donor3,-0.569204170410766,alpha_interaction,50
Chemotaxis,Resolved; >=100 genes,identity_markers_removed,Donor4,-0.453475339080931,alpha_interaction,50
OSM_inflammation,All annotated,full_gene,Donor1,-0.0950013224913619,alpha_interaction,50
OSM_inflammation,All annotated,full_gene,Donor2,-0.0429233142925198,alpha_interaction,50
OSM_inflammation,All annotated,full_gene,Donor3,-0.370797970322734,alpha_interaction,50
OSM_inflammation,All annotated,full_gene,Donor4,-0.501709223277392,alpha_interaction,50
OSM_inflammation,All annotated,identity_markers_removed,Donor1,-0.077874865127585,alpha_interaction,50
OSM_inflammation,All annotated,identity_markers_removed,Donor2,-0.0319243620831107,alpha_interaction,50
OSM_inflammation,All annotated,identity_markers_removed,Donor3,-0.354196471810349,alpha_interaction,50
OSM_inflammation,All annotated,identity_markers_removed,Donor4,-0.487901300511949,alpha_interaction,50
OSM_inflammation,Resolved,full_gene,Donor1,-0.402605129490992,alpha_interaction,50
OSM_inflammation,Resolved,full_gene,Donor3,-0.381163479470305,alpha_interaction,50
OSM_inflammation,Resolved,full_gene,Donor4,-0.444505245584319,alpha_interaction,50
OSM_inflammation,Resolved,identity_markers_removed,Donor1,-0.35953746864792,alpha_interaction,50
OSM_inflammation,Resolved,identity_markers_removed,Donor3,-0.355102403888882,alpha_interaction,50
OSM_inflammation,Resolved,identity_markers_removed,Donor4,-0.420639464090454,alpha_interaction,50
OSM_inflammation,Resolved; >=100 genes,full_gene,Donor3,-0.370800722742284,alpha_interaction,50
OSM_inflammation,Resolved; >=100 genes,full_gene,Donor4,-0.387060996392371,alpha_interaction,50
OSM_inflammation,Resolved; >=100 genes,identity_markers_removed,Donor3,-0.33336761249774,alpha_interaction,50
OSM_inflammation,Resolved; >=100 genes,identity_markers_removed,Donor4,-0.368946595464419,alpha_interaction,50
Type_I_interferon,All annotated,full_gene,Donor1,0.0115757973984877,alpha_interaction,50
Type_I_interferon,All annotated,full_gene,Donor2,-0.0204131644094731,alpha_interaction,50
Type_I_interferon,All annotated,full_gene,Donor3,-0.0487273036931687,alpha_interaction,50
Type_I_interferon,All annotated,full_gene,Donor4,-0.0338721137114574,alpha_interaction,50
Type_I_interferon,All annotated,identity_markers_removed,Donor1,0.0197108516277662,alpha_interaction,50
Type_I_interferon,All annotated,identity_markers_removed,Donor2,-0.0422491252325695,alpha_interaction,50
Type_I_interferon,All annotated,identity_markers_removed,Donor3,-0.053328598478439,alpha_interaction,50
Type_I_interferon,All annotated,identity_markers_removed,Donor4,-0.038914386693829,alpha_interaction,50
Type_I_interferon,Resolved,full_gene,Donor1,-0.0108397638474747,alpha_interaction,50
Type_I_interferon,Resolved,full_gene,Donor3,-0.0302759773359475,alpha_interaction,50
Type_I_interferon,Resolved,full_gene,Donor4,-0.0461112629359647,alpha_interaction,50
Type_I_interferon,Resolved,identity_markers_removed,Donor1,0.00234797276083679,alpha_interaction,50
Type_I_interferon,Resolved,identity_markers_removed,Donor3,-0.039343548724963,alpha_interaction,50
Type_I_interferon,Resolved,identity_markers_removed,Donor4,-0.0609154461373441,alpha_interaction,50
Type_I_interferon,Resolved; >=100 genes,full_gene,Donor3,-0.0311670815981845,alpha_interaction,50
Type_I_interferon,Resolved; >=100 genes,full_gene,Donor4,-0.0236198258150322,alpha_interaction,50
Type_I_interferon,Resolved; >=100 genes,identity_markers_removed,Donor3,-0.0418735157462321,alpha_interaction,50
Type_I_interferon,Resolved; >=100 genes,identity_markers_removed,Donor4,-0.0408724208537427,alpha_interaction,50
Immature_granulopoiesis,All annotated,full_gene,Donor1,0.105480980803723,alpha_interaction,50
Immature_granulopoiesis,All annotated,full_gene,Donor2,0.103687367124398,alpha_interaction,50
Immature_granulopoiesis,All annotated,full_gene,Donor3,0.280870536813426,alpha_interaction,50
Immature_granulopoiesis,All annotated,full_gene,Donor4,0.165691454882621,alpha_interaction,50
Immature_granulopoiesis,All annotated,identity_markers_removed,Donor1,0.105480980803723,alpha_interaction,50
Immature_granulopoiesis,All annotated,identity_markers_removed,Donor2,0.103687367124398,alpha_interaction,50
Immature_granulopoiesis,All annotated,identity_markers_removed,Donor3,0.280870536813426,alpha_interaction,50
Immature_granulopoiesis,All annotated,identity_markers_removed,Donor4,0.165691454882621,alpha_interaction,50
Immature_granulopoiesis,Resolved,full_gene,Donor1,0.127103591579583,alpha_interaction,50
Immature_granulopoiesis,Resolved,full_gene,Donor3,0.345330877214728,alpha_interaction,50
Immature_granulopoiesis,Resolved,full_gene,Donor4,0.186744998632166,alpha_interaction,50
Immature_granulopoiesis,Resolved,identity_markers_removed,Donor1,0.127103591579583,alpha_interaction,50
Immature_granulopoiesis,Resolved,identity_markers_removed,Donor3,0.345330877214728,alpha_interaction,50
Immature_granulopoiesis,Resolved,identity_markers_removed,Donor4,0.186744998632166,alpha_interaction,50
Immature_granulopoiesis,Resolved; >=100 genes,full_gene,Donor3,0.386908983157326,alpha_interaction,50
Immature_granulopoiesis,Resolved; >=100 genes,full_gene,Donor4,0.26226822086047,alpha_interaction,50
Immature_granulopoiesis,Resolved; >=100 genes,identity_markers_removed,Donor3,0.386908983157326,alpha_interaction,50
Immature_granulopoiesis,Resolved; >=100 genes,identity_markers_removed,Donor4,0.26226822086047,alpha_interaction,50
Survival_antiapoptosis,All annotated,full_gene,Donor1,-0.105412239425905,alpha_interaction,50
Survival_antiapoptosis,All annotated,full_gene,Donor2,-0.0564431690654886,alpha_interaction,50
Survival_antiapoptosis,All annotated,full_gene,Donor3,-0.258286048168661,alpha_interaction,50
Survival_antiapoptosis,All annotated,full_gene,Donor4,-0.377496860406566,alpha_interaction,50
Survival_antiapoptosis,All annotated,identity_markers_removed,Donor1,-0.105412239425905,alpha_interaction,50
Survival_antiapoptosis,All annotated,identity_markers_removed,Donor2,-0.0564431690654886,alpha_interaction,50
Survival_antiapoptosis,All annotated,identity_markers_removed,Donor3,-0.258286048168661,alpha_interaction,50
Survival_antiapoptosis,All annotated,identity_markers_removed,Donor4,-0.377496860406566,alpha_interaction,50
Survival_antiapoptosis,Resolved,full_gene,Donor1,-0.424328493641013,alpha_interaction,50
Survival_antiapoptosis,Resolved,full_gene,Donor3,-0.288425997893368,alpha_interaction,50
Survival_antiapoptosis,Resolved,full_gene,Donor4,-0.387270589750949,alpha_interaction,50
Survival_antiapoptosis,Resolved,identity_markers_removed,Donor1,-0.424328493641013,alpha_interaction,50
Survival_antiapoptosis,Resolved,identity_markers_removed,Donor3,-0.288425997893368,alpha_interaction,50
Survival_antiapoptosis,Resolved,identity_markers_removed,Donor4,-0.387270589750949,alpha_interaction,50
Survival_antiapoptosis,Resolved; >=100 genes,full_gene,Donor3,-0.281168663823155,alpha_interaction,50
Survival_antiapoptosis,Resolved; >=100 genes,full_gene,Donor4,-0.347946008709784,alpha_interaction,50
Survival_antiapoptosis,Resolved; >=100 genes,identity_markers_removed,Donor3,-0.281168663823155,alpha_interaction,50
Survival_antiapoptosis,Resolved; >=100 genes,identity_markers_removed,Donor4,-0.347946008709784,alpha_interaction,50
Hypoxia_glycolysis,All annotated,full_gene,Donor1,0.0153101254346088,alpha_interaction,50
Hypoxia_glycolysis,All annotated,full_gene,Donor2,-0.0431372376570766,alpha_interaction,50
Hypoxia_glycolysis,All annotated,full_gene,Donor3,-0.0947848635939344,alpha_interaction,50
Hypoxia_glycolysis,All annotated,full_gene,Donor4,-0.118121503823799,alpha_interaction,50
Hypoxia_glycolysis,All annotated,identity_markers_removed,Donor1,0.0153101254346088,alpha_interaction,50
Hypoxia_glycolysis,All annotated,identity_markers_removed,Donor2,-0.0431372376570766,alpha_interaction,50
Hypoxia_glycolysis,All annotated,identity_markers_removed,Donor3,-0.0947848635939344,alpha_interaction,50
Hypoxia_glycolysis,All annotated,identity_markers_removed,Donor4,-0.118121503823799,alpha_interaction,50
Hypoxia_glycolysis,Resolved,full_gene,Donor1,-0.205397787162915,alpha_interaction,50
Hypoxia_glycolysis,Resolved,full_gene,Donor3,-0.11661246743078,alpha_interaction,50
Hypoxia_glycolysis,Resolved,full_gene,Donor4,-0.138271220311084,alpha_interaction,50
Hypoxia_glycolysis,Resolved,identity_markers_removed,Donor1,-0.205397787162915,alpha_interaction,50
Hypoxia_glycolysis,Resolved,identity_markers_removed,Donor3,-0.11661246743078,alpha_interaction,50
Hypoxia_glycolysis,Resolved,identity_markers_removed,Donor4,-0.138271220311084,alpha_interaction,50
Hypoxia_glycolysis,Resolved; >=100 genes,full_gene,Donor3,-0.129769583760629,alpha_interaction,50
Hypoxia_glycolysis,Resolved; >=100 genes,full_gene,Donor4,-0.0985192729851265,alpha_interaction,50
Hypoxia_glycolysis,Resolved; >=100 genes,identity_markers_removed,Donor3,-0.129769583760629,alpha_interaction,50
Hypoxia_glycolysis,Resolved; >=100 genes,identity_markers_removed,Donor4,-0.0985192729851265,alpha_interaction,50
ER_stress,All annotated,full_gene,Donor1,-0.101825860615378,alpha_interaction,50
ER_stress,All annotated,full_gene,Donor2,-0.0554553986636041,alpha_interaction,50
ER_stress,All annotated,full_gene,Donor3,-0.321729652458833,alpha_interaction,50
ER_stress,All annotated,full_gene,Donor4,-0.387952597497448,alpha_interaction,50
ER_stress,All annotated,identity_markers_removed,Donor1,-0.101825860615378,alpha_interaction,50
ER_stress,All annotated,identity_markers_removed,Donor2,-0.0554553986636041,alpha_interaction,50
ER_stress,All annotated,identity_markers_removed,Donor3,-0.321729652458833,alpha_interaction,50
ER_stress,All annotated,identity_markers_removed,Donor4,-0.387952597497448,alpha_interaction,50
ER_stress,Resolved,full_gene,Donor1,-0.41809943204954,alpha_interaction,50
ER_stress,Resolved,full_gene,Donor3,-0.417748306708914,alpha_interaction,50
ER_stress,Resolved,full_gene,Donor4,-0.411870492349078,alpha_interaction,50
ER_stress,Resolved,identity_markers_removed,Donor1,-0.41809943204954,alpha_interaction,50
ER_stress,Resolved,identity_markers_removed,Donor3,-0.417748306708914,alpha_interaction,50
ER_stress,Resolved,identity_markers_removed,Donor4,-0.411870492349078,alpha_interaction,50
ER_stress,Resolved; >=100 genes,full_gene,Donor3,-0.408576201620622,alpha_interaction,50
ER_stress,Resolved; >=100 genes,full_gene,Donor4,-0.371956639087362,alpha_interaction,50
ER_stress,Resolved; >=100 genes,identity_markers_removed,Donor3,-0.408576201620622,alpha_interaction,50
ER_stress,Resolved; >=100 genes,identity_markers_removed,Donor4,-0.371956639087362,alpha_interaction,50
Proliferation_stress,All annotated,full_gene,Donor1,0.0152827014030522,alpha_interaction,50
Proliferation_stress,All annotated,full_gene,Donor2,-0.0337440549746575,alpha_interaction,50
Proliferation_stress,All annotated,full_gene,Donor3,-0.0192228515230952,alpha_interaction,50
Proliferation_stress,All annotated,full_gene,Donor4,-0.00267804328753801,alpha_interaction,50
Proliferation_stress,All annotated,identity_markers_removed,Donor1,0.0152827014030522,alpha_interaction,50
Proliferation_stress,All annotated,identity_markers_removed,Donor2,-0.0337440549746575,alpha_interaction,50
Proliferation_stress,All annotated,identity_markers_removed,Donor3,-0.0192228515230952,alpha_interaction,50
Proliferation_stress,All annotated,identity_markers_removed,Donor4,-0.00267804328753801,alpha_interaction,50
Proliferation_stress,Resolved,full_gene,Donor1,0.0108917990558551,alpha_interaction,50
Proliferation_stress,Resolved,full_gene,Donor3,-0.0117064024705041,alpha_interaction,50
Proliferation_stress,Resolved,full_gene,Donor4,0.0197663987548197,alpha_interaction,50
Proliferation_stress,Resolved,identity_markers_removed,Donor1,0.0108917990558551,alpha_interaction,50
Proliferation_stress,Resolved,identity_markers_removed,Donor3,-0.0117064024705041,alpha_interaction,50
Proliferation_stress,Resolved,identity_markers_removed,Donor4,0.0197663987548197,alpha_interaction,50
Proliferation_stress,Resolved; >=100 genes,full_gene,Donor3,-0.00136905079785926,alpha_interaction,50
Proliferation_stress,Resolved; >=100 genes,full_gene,Donor4,0.0368261507286331,alpha_interaction,50
Proliferation_stress,Resolved; >=100 genes,identity_markers_removed,Donor3,-0.00136905079785926,alpha_interaction,50
Proliferation_stress,Resolved; >=100 genes,identity_markers_removed,Donor4,0.0368261507286331,alpha_interaction,50
Integrin_adhesion,All annotated,full_gene,Donor1,-0.0987376458420778,alpha_interaction,50
Integrin_adhesion,All annotated,full_gene,Donor2,-0.0420223110334811,alpha_interaction,50
Integrin_adhesion,All annotated,full_gene,Donor3,-0.21591911084184,alpha_interaction,50
Integrin_adhesion,All annotated,full_gene,Donor4,-0.295345985172813,alpha_interaction,50
Integrin_adhesion,All annotated,identity_markers_removed,Donor1,-0.0987376458420778,alpha_interaction,50
Integrin_adhesion,All annotated,identity_markers_removed,Donor2,-0.0420223110334811,alpha_interaction,50
Integrin_adhesion,All annotated,identity_markers_removed,Donor3,-0.21591911084184,alpha_interaction,50
Integrin_adhesion,All annotated,identity_markers_removed,Donor4,-0.295345985172813,alpha_interaction,50
Integrin_adhesion,Resolved,full_gene,Donor1,-0.290917232310607,alpha_interaction,50
Integrin_adhesion,Resolved,full_gene,Donor3,-0.220857981102322,alpha_interaction,50
Integrin_adhesion,Resolved,full_gene,Donor4,-0.341306725832141,alpha_interaction,50
Integrin_adhesion,Resolved,identity_markers_removed,Donor1,-0.290917232310607,alpha_interaction,50
Integrin_adhesion,Resolved,identity_markers_removed,Donor3,-0.220857981102322,alpha_interaction,50
Integrin_adhesion,Resolved,identity_markers_removed,Donor4,-0.341306725832141,alpha_interaction,50
Integrin_adhesion,Resolved; >=100 genes,full_gene,Donor3,-0.205164071290711,alpha_interaction,50
Integrin_adhesion,Resolved; >=100 genes,full_gene,Donor4,-0.311793960116348,alpha_interaction,50
Integrin_adhesion,Resolved; >=100 genes,identity_markers_removed,Donor3,-0.205164071290711,alpha_interaction,50
Integrin_adhesion,Resolved; >=100 genes,identity_markers_removed,Donor4,-0.311793960116348,alpha_interaction,50
CXCR4_aging_retention,All annotated,full_gene,Donor1,-0.190964817503892,alpha_interaction,50
CXCR4_aging_retention,All annotated,full_gene,Donor2,-0.119312326295874,alpha_interaction,50
CXCR4_aging_retention,All annotated,full_gene,Donor3,-0.54112990614356,alpha_interaction,50
CXCR4_aging_retention,All annotated,full_gene,Donor4,-0.694468293020507,alpha_interaction,50
CXCR4_aging_retention,All annotated,identity_markers_removed,Donor1,-0.202735793525993,alpha_interaction,50
CXCR4_aging_retention,All annotated,identity_markers_removed,Donor2,-0.147804299956658,alpha_interaction,50
CXCR4_aging_retention,All annotated,identity_markers_removed,Donor3,-0.552008051851091,alpha_interaction,50
CXCR4_aging_retention,All annotated,identity_markers_removed,Donor4,-0.693317132234971,alpha_interaction,50
CXCR4_aging_retention,Resolved,full_gene,Donor1,-0.860365695316086,alpha_interaction,50
CXCR4_aging_retention,Resolved,full_gene,Donor3,-0.681586831513054,alpha_interaction,50
CXCR4_aging_retention,Resolved,full_gene,Donor4,-0.780131772429614,alpha_interaction,50
CXCR4_aging_retention,Resolved,identity_markers_removed,Donor1,-0.876035128097015,alpha_interaction,50
CXCR4_aging_retention,Resolved,identity_markers_removed,Donor3,-0.694987552111668,alpha_interaction,50
CXCR4_aging_retention,Resolved,identity_markers_removed,Donor4,-0.786694613927574,alpha_interaction,50
CXCR4_aging_retention,Resolved; >=100 genes,full_gene,Donor3,-0.649524867151154,alpha_interaction,50
CXCR4_aging_retention,Resolved; >=100 genes,full_gene,Donor4,-0.692253586891932,alpha_interaction,50
CXCR4_aging_retention,Resolved; >=100 genes,identity_markers_removed,Donor3,-0.660937616521278,alpha_interaction,50
CXCR4_aging_retention,Resolved; >=100 genes,identity_markers_removed,Donor4,-0.706648411230728,alpha_interaction,50
NETosis,All annotated,full_gene,Donor1,0.015415499249153,alpha_in_UC,50
NETosis,All annotated,full_gene,Donor2,0.0250456693247106,alpha_in_UC,50
NETosis,All annotated,full_gene,Donor3,0.00539555042268181,alpha_in_UC,50
NETosis,All annotated,full_gene,Donor4,0.0396688974668058,alpha_in_UC,50
NETosis,All annotated,full_gene,Donor6,0.0137065707766161,alpha_in_UC,50
NETosis,All annotated,identity_markers_removed,Donor1,0.0236784275249814,alpha_in_UC,50
NETosis,All annotated,identity_markers_removed,Donor2,0.0312533326068613,alpha_in_UC,50
NETosis,All annotated,identity_markers_removed,Donor3,0.00774454607219617,alpha_in_UC,50
NETosis,All annotated,identity_markers_removed,Donor4,0.0405677890908407,alpha_in_UC,50
NETosis,All annotated,identity_markers_removed,Donor6,0.0163684196895518,alpha_in_UC,50
NETosis,Resolved,full_gene,Donor1,-0.0167866818582018,alpha_in_UC,50
NETosis,Resolved,full_gene,Donor2,0.0258031723319584,alpha_in_UC,50
NETosis,Resolved,full_gene,Donor3,0.0532689823202964,alpha_in_UC,50
NETosis,Resolved,full_gene,Donor4,0.0876713291170201,alpha_in_UC,50
NETosis,Resolved,full_gene,Donor6,-0.0316156974555074,alpha_in_UC,50
NETosis,Resolved,identity_markers_removed,Donor1,-0.00723484134828826,alpha_in_UC,50
NETosis,Resolved,identity_markers_removed,Donor2,0.030759568684156,alpha_in_UC,50
NETosis,Resolved,identity_markers_removed,Donor3,0.0472558052506883,alpha_in_UC,50
NETosis,Resolved,identity_markers_removed,Donor4,0.0830070222556886,alpha_in_UC,50
NETosis,Resolved,identity_markers_removed,Donor6,-0.0372288296237413,alpha_in_UC,50
NETosis,Resolved; >=100 genes,full_gene,Donor1,-0.025853002621805,alpha_in_UC,50
NETosis,Resolved; >=100 genes,full_gene,Donor2,0.016088774221696,alpha_in_UC,50
NETosis,Resolved; >=100 genes,full_gene,Donor3,0.0519243902314787,alpha_in_UC,50
NETosis,Resolved; >=100 genes,full_gene,Donor4,0.0843681503329746,alpha_in_UC,50
NETosis,Resolved; >=100 genes,full_gene,Donor6,-0.0660127541330192,alpha_in_UC,50
NETosis,Resolved; >=100 genes,identity_markers_removed,Donor1,-0.0210937709697312,alpha_in_UC,50
NETosis,Resolved; >=100 genes,identity_markers_removed,Donor2,0.0213786183629571,alpha_in_UC,50
NETosis,Resolved; >=100 genes,identity_markers_removed,Donor3,0.045869411178673,alpha_in_UC,50
NETosis,Resolved; >=100 genes,identity_markers_removed,Donor4,0.0793215600002956,alpha_in_UC,50
NETosis,Resolved; >=100 genes,identity_markers_removed,Donor6,-0.0760926346625196,alpha_in_UC,50
Degranulation,All annotated,full_gene,Donor1,0.0510948364631542,alpha_in_UC,50
Degranulation,All annotated,full_gene,Donor2,0.0558196172092674,alpha_in_UC,50
Degranulation,All annotated,full_gene,Donor3,0.0401601949598736,alpha_in_UC,50
Degranulation,All annotated,full_gene,Donor4,0.0495761766721438,alpha_in_UC,50
Degranulation,All annotated,full_gene,Donor6,0.0720945480459567,alpha_in_UC,50
Degranulation,All annotated,identity_markers_removed,Donor1,0.0510948364631542,alpha_in_UC,50
Degranulation,All annotated,identity_markers_removed,Donor2,0.0558196172092674,alpha_in_UC,50
Degranulation,All annotated,identity_markers_removed,Donor3,0.0401601949598736,alpha_in_UC,50
Degranulation,All annotated,identity_markers_removed,Donor4,0.0495761766721438,alpha_in_UC,50
Degranulation,All annotated,identity_markers_removed,Donor6,0.0720945480459567,alpha_in_UC,50
Degranulation,Resolved,full_gene,Donor1,0.0619565965715012,alpha_in_UC,50
Degranulation,Resolved,full_gene,Donor2,0.0600191624224168,alpha_in_UC,50
Degranulation,Resolved,full_gene,Donor3,0.0646400565930108,alpha_in_UC,50
Degranulation,Resolved,full_gene,Donor4,0.0661699995139811,alpha_in_UC,50
Degranulation,Resolved,full_gene,Donor6,0.0607122116250892,alpha_in_UC,50
Degranulation,Resolved,identity_markers_removed,Donor1,0.0619565965715012,alpha_in_UC,50
Degranulation,Resolved,identity_markers_removed,Donor2,0.0600191624224168,alpha_in_UC,50
Degranulation,Resolved,identity_markers_removed,Donor3,0.0646400565930108,alpha_in_UC,50
Degranulation,Resolved,identity_markers_removed,Donor4,0.0661699995139811,alpha_in_UC,50
Degranulation,Resolved,identity_markers_removed,Donor6,0.0607122116250892,alpha_in_UC,50
Degranulation,Resolved; >=100 genes,full_gene,Donor1,0.057774706130497,alpha_in_UC,50
Degranulation,Resolved; >=100 genes,full_gene,Donor2,0.0574881306103386,alpha_in_UC,50
Degranulation,Resolved; >=100 genes,full_gene,Donor3,0.0650438173724903,alpha_in_UC,50
Degranulation,Resolved; >=100 genes,full_gene,Donor4,0.066550008218743,alpha_in_UC,50
Degranulation,Resolved; >=100 genes,full_gene,Donor6,0.0446068200181525,alpha_in_UC,50
Degranulation,Resolved; >=100 genes,identity_markers_removed,Donor1,0.057774706130497,alpha_in_UC,50
Degranulation,Resolved; >=100 genes,identity_markers_removed,Donor2,0.0574881306103386,alpha_in_UC,50
Degranulation,Resolved; >=100 genes,identity_markers_removed,Donor3,0.0650438173724903,alpha_in_UC,50
Degranulation,Resolved; >=100 genes,identity_markers_removed,Donor4,0.066550008218743,alpha_in_UC,50
Degranulation,Resolved; >=100 genes,identity_markers_removed,Donor6,0.0446068200181525,alpha_in_UC,50
Oxidative_burst,All annotated,full_gene,Donor1,-0.053565394132659,alpha_in_UC,50
Oxidative_burst,All annotated,full_gene,Donor2,-0.0299471944772867,alpha_in_UC,50
Oxidative_burst,All annotated,full_gene,Donor3,-0.0230113763802421,alpha_in_UC,50
Oxidative_burst,All annotated,full_gene,Donor4,0.0172307554681337,alpha_in_UC,50
Oxidative_burst,All annotated,full_gene,Donor6,-0.0268954397614898,alpha_in_UC,50
Oxidative_burst,All annotated,identity_markers_removed,Donor1,-0.053565394132659,alpha_in_UC,50
Oxidative_burst,All annotated,identity_markers_removed,Donor2,-0.0299471944772867,alpha_in_UC,50
Oxidative_burst,All annotated,identity_markers_removed,Donor3,-0.0230113763802421,alpha_in_UC,50
Oxidative_burst,All annotated,identity_markers_removed,Donor4,0.0172307554681337,alpha_in_UC,50
Oxidative_burst,All annotated,identity_markers_removed,Donor6,-0.0268954397614898,alpha_in_UC,50
Oxidative_burst,Resolved,full_gene,Donor1,-0.129569674309321,alpha_in_UC,50
Oxidative_burst,Resolved,full_gene,Donor2,-0.104557902426348,alpha_in_UC,50
Oxidative_burst,Resolved,full_gene,Donor3,0.0514083001357922,alpha_in_UC,50
Oxidative_burst,Resolved,full_gene,Donor4,0.103105962733186,alpha_in_UC,50
Oxidative_burst,Resolved,full_gene,Donor6,-0.157173476697216,alpha_in_UC,50
Oxidative_burst,Resolved,identity_markers_removed,Donor1,-0.129569674309321,alpha_in_UC,50
Oxidative_burst,Resolved,identity_markers_removed,Donor2,-0.104557902426348,alpha_in_UC,50
Oxidative_burst,Resolved,identity_markers_removed,Donor3,0.0514083001357922,alpha_in_UC,50
Oxidative_burst,Resolved,identity_markers_removed,Donor4,0.103105962733186,alpha_in_UC,50
Oxidative_burst,Resolved,identity_markers_removed,Donor6,-0.157173476697216,alpha_in_UC,50
Oxidative_burst,Resolved; >=100 genes,full_gene,Donor1,-0.158467523170298,alpha_in_UC,50
Oxidative_burst,Resolved; >=100 genes,full_gene,Donor2,-0.121296004229319,alpha_in_UC,50
Oxidative_burst,Resolved; >=100 genes,full_gene,Donor3,0.0489717673242416,alpha_in_UC,50
Oxidative_burst,Resolved; >=100 genes,full_gene,Donor4,0.096997616653372,alpha_in_UC,50
Oxidative_burst,Resolved; >=100 genes,full_gene,Donor6,-0.211984827749485,alpha_in_UC,50
Oxidative_burst,Resolved; >=100 genes,identity_markers_removed,Donor1,-0.158467523170298,alpha_in_UC,50
Oxidative_burst,Resolved; >=100 genes,identity_markers_removed,Donor2,-0.121296004229319,alpha_in_UC,50
Oxidative_burst,Resolved; >=100 genes,identity_markers_removed,Donor3,0.0489717673242416,alpha_in_UC,50
Oxidative_burst,Resolved; >=100 genes,identity_markers_removed,Donor4,0.096997616653372,alpha_in_UC,50
Oxidative_burst,Resolved; >=100 genes,identity_markers_removed,Donor6,-0.211984827749485,alpha_in_UC,50
Phagocytosis,All annotated,full_gene,Donor1,-0.0728625302116774,alpha_in_UC,50
Phagocytosis,All annotated,full_gene,Donor2,-0.0697203746340916,alpha_in_UC,50
Phagocytosis,All annotated,full_gene,Donor3,-0.0769007592855434,alpha_in_UC,50
Phagocytosis,All annotated,full_gene,Donor4,-0.0445062684357766,alpha_in_UC,50
Phagocytosis,All annotated,full_gene,Donor6,-0.0425616163833584,alpha_in_UC,50
Phagocytosis,All annotated,identity_markers_removed,Donor1,-0.0728625302116774,alpha_in_UC,50
Phagocytosis,All annotated,identity_markers_removed,Donor2,-0.0697203746340916,alpha_in_UC,50
Phagocytosis,All annotated,identity_markers_removed,Donor3,-0.0769007592855434,alpha_in_UC,50
Phagocytosis,All annotated,identity_markers_removed,Donor4,-0.0445062684357766,alpha_in_UC,50
Phagocytosis,All annotated,identity_markers_removed,Donor6,-0.0425616163833584,alpha_in_UC,50
Phagocytosis,Resolved,full_gene,Donor1,-0.185936083311045,alpha_in_UC,50
Phagocytosis,Resolved,full_gene,Donor2,-0.179380292856195,alpha_in_UC,50
Phagocytosis,Resolved,full_gene,Donor3,-0.00118400529871823,alpha_in_UC,50
Phagocytosis,Resolved,full_gene,Donor4,0.0437790554309548,alpha_in_UC,50
Phagocytosis,Resolved,full_gene,Donor6,-0.177750307083072,alpha_in_UC,50
Phagocytosis,Resolved,identity_markers_removed,Donor1,-0.185936083311045,alpha_in_UC,50
Phagocytosis,Resolved,identity_markers_removed,Donor2,-0.179380292856195,alpha_in_UC,50
Phagocytosis,Resolved,identity_markers_removed,Donor3,-0.00118400529871823,alpha_in_UC,50
Phagocytosis,Resolved,identity_markers_removed,Donor4,0.0437790554309548,alpha_in_UC,50
Phagocytosis,Resolved,identity_markers_removed,Donor6,-0.177750307083072,alpha_in_UC,50
Phagocytosis,Resolved; >=100 genes,full_gene,Donor1,-0.21087376979408,alpha_in_UC,50
Phagocytosis,Resolved; >=100 genes,full_gene,Donor2,-0.200231334010793,alpha_in_UC,50
Phagocytosis,Resolved; >=100 genes,full_gene,Donor3,-0.00531689264102828,alpha_in_UC,50
Phagocytosis,Resolved; >=100 genes,full_gene,Donor4,0.0370871058754154,alpha_in_UC,50
Phagocytosis,Resolved; >=100 genes,full_gene,Donor6,-0.241743704422285,alpha_in_UC,50
Phagocytosis,Resolved; >=100 genes,identity_markers_removed,Donor1,-0.21087376979408,alpha_in_UC,50
Phagocytosis,Resolved; >=100 genes,identity_markers_removed,Donor2,-0.200231334010793,alpha_in_UC,50
Phagocytosis,Resolved; >=100 genes,identity_markers_removed,Donor3,-0.00531689264102828,alpha_in_UC,50
Phagocytosis,Resolved; >=100 genes,identity_markers_removed,Donor4,0.0370871058754154,alpha_in_UC,50
Phagocytosis,Resolved; >=100 genes,identity_markers_removed,Donor6,-0.241743704422285,alpha_in_UC,50
Chemotaxis,All annotated,full_gene,Donor1,-0.079635865988557,alpha_in_UC,50
Chemotaxis,All annotated,full_gene,Donor2,-0.0742918228639725,alpha_in_UC,50
Chemotaxis,All annotated,full_gene,Donor3,-0.114894820333351,alpha_in_UC,50
Chemotaxis,All annotated,full_gene,Donor4,-0.0760051310987037,alpha_in_UC,50
Chemotaxis,All annotated,full_gene,Donor6,-0.0468310604232108,alpha_in_UC,50
Chemotaxis,All annotated,identity_markers_removed,Donor1,-0.0720398527492107,alpha_in_UC,50
Chemotaxis,All annotated,identity_markers_removed,Donor2,-0.0695984136264174,alpha_in_UC,50
Chemotaxis,All annotated,identity_markers_removed,Donor3,-0.0980158104465784,alpha_in_UC,50
Chemotaxis,All annotated,identity_markers_removed,Donor4,-0.0667881317405935,alpha_in_UC,50
Chemotaxis,All annotated,identity_markers_removed,Donor6,-0.0442177599867624,alpha_in_UC,50
Chemotaxis,Resolved,full_gene,Donor1,-0.167235847632033,alpha_in_UC,50
Chemotaxis,Resolved,full_gene,Donor2,-0.197474765547845,alpha_in_UC,50
Chemotaxis,Resolved,full_gene,Donor3,-0.0648110056944146,alpha_in_UC,50
Chemotaxis,Resolved,full_gene,Donor4,-0.0223858202373186,alpha_in_UC,50
Chemotaxis,Resolved,full_gene,Donor6,-0.230670943268595,alpha_in_UC,50
Chemotaxis,Resolved,identity_markers_removed,Donor1,-0.153094255701968,alpha_in_UC,50
Chemotaxis,Resolved,identity_markers_removed,Donor2,-0.177521127529844,alpha_in_UC,50
Chemotaxis,Resolved,identity_markers_removed,Donor3,-0.052544096768408,alpha_in_UC,50
Chemotaxis,Resolved,identity_markers_removed,Donor4,-0.0150247748687015,alpha_in_UC,50
Chemotaxis,Resolved,identity_markers_removed,Donor6,-0.219032185918135,alpha_in_UC,50
Chemotaxis,Resolved; >=100 genes,full_gene,Donor1,-0.190738897583296,alpha_in_UC,50
Chemotaxis,Resolved; >=100 genes,full_gene,Donor2,-0.221477918284564,alpha_in_UC,50
Chemotaxis,Resolved; >=100 genes,full_gene,Donor3,-0.0689766444971786,alpha_in_UC,50
Chemotaxis,Resolved; >=100 genes,full_gene,Donor4,-0.0276735261864166,alpha_in_UC,50
Chemotaxis,Resolved; >=100 genes,full_gene,Donor6,-0.293358143364023,alpha_in_UC,50
Chemotaxis,Resolved; >=100 genes,identity_markers_removed,Donor1,-0.183141430984291,alpha_in_UC,50
Chemotaxis,Resolved; >=100 genes,identity_markers_removed,Donor2,-0.200888668021672,alpha_in_UC,50
Chemotaxis,Resolved; >=100 genes,identity_markers_removed,Donor3,-0.0572667244482968,alpha_in_UC,50
Chemotaxis,Resolved; >=100 genes,identity_markers_removed,Donor4,-0.0208489858858528,alpha_in_UC,50
Chemotaxis,Resolved; >=100 genes,identity_markers_removed,Donor6,-0.28299897925335,alpha_in_UC,50
OSM_inflammation,All annotated,full_gene,Donor1,0.000290245730540761,alpha_in_UC,50
OSM_inflammation,All annotated,full_gene,Donor2,-0.00178854217367019,alpha_in_UC,50
OSM_inflammation,All annotated,full_gene,Donor3,-0.0910012748936133,alpha_in_UC,50
OSM_inflammation,All annotated,full_gene,Donor4,-0.0840904152874666,alpha_in_UC,50
OSM_inflammation,All annotated,full_gene,Donor6,-0.00377517012174872,alpha_in_UC,50
OSM_inflammation,All annotated,identity_markers_removed,Donor1,0.00997909896172589,alpha_in_UC,50
OSM_inflammation,All annotated,identity_markers_removed,Donor2,0.0107678080493327,alpha_in_UC,50
OSM_inflammation,All annotated,identity_markers_removed,Donor3,-0.0907755425801103,alpha_in_UC,50
OSM_inflammation,All annotated,identity_markers_removed,Donor4,-0.0881198061850311,alpha_in_UC,50
OSM_inflammation,All annotated,identity_markers_removed,Donor6,0.0032262467157988,alpha_in_UC,50
OSM_inflammation,Resolved,full_gene,Donor1,-0.0539333718571338,alpha_in_UC,50
OSM_inflammation,Resolved,full_gene,Donor2,-0.0742362702108873,alpha_in_UC,50
OSM_inflammation,Resolved,full_gene,Donor3,-0.0135083006541677,alpha_in_UC,50
OSM_inflammation,Resolved,full_gene,Donor4,-0.0364726150493403,alpha_in_UC,50
OSM_inflammation,Resolved,full_gene,Donor6,-0.189023049273225,alpha_in_UC,50
OSM_inflammation,Resolved,identity_markers_removed,Donor1,-0.0422314933501682,alpha_in_UC,50
OSM_inflammation,Resolved,identity_markers_removed,Donor2,-0.0512627139325338,alpha_in_UC,50
OSM_inflammation,Resolved,identity_markers_removed,Donor3,-0.022529724160045,alpha_in_UC,50
OSM_inflammation,Resolved,identity_markers_removed,Donor4,-0.0453273784008734,alpha_in_UC,50
OSM_inflammation,Resolved,identity_markers_removed,Donor6,-0.167355282155337,alpha_in_UC,50
OSM_inflammation,Resolved; >=100 genes,full_gene,Donor1,-0.0946867402598768,alpha_in_UC,50
OSM_inflammation,Resolved; >=100 genes,full_gene,Donor2,-0.097940971862355,alpha_in_UC,50
OSM_inflammation,Resolved; >=100 genes,full_gene,Donor3,-0.0191681058340584,alpha_in_UC,50
OSM_inflammation,Resolved; >=100 genes,full_gene,Donor4,-0.0467239599109258,alpha_in_UC,50
OSM_inflammation,Resolved; >=100 genes,full_gene,Donor6,-0.245182632156119,alpha_in_UC,50
OSM_inflammation,Resolved; >=100 genes,identity_markers_removed,Donor1,-0.0814463056163908,alpha_in_UC,50
OSM_inflammation,Resolved; >=100 genes,identity_markers_removed,Donor2,-0.0718331767789983,alpha_in_UC,50
OSM_inflammation,Resolved; >=100 genes,identity_markers_removed,Donor3,-0.0282805520435463,alpha_in_UC,50
OSM_inflammation,Resolved; >=100 genes,identity_markers_removed,Donor4,-0.055346239959398,alpha_in_UC,50
OSM_inflammation,Resolved; >=100 genes,identity_markers_removed,Donor6,-0.220131583620094,alpha_in_UC,50
Type_I_interferon,All annotated,full_gene,Donor1,-0.00236854274813504,alpha_in_UC,50
Type_I_interferon,All annotated,full_gene,Donor2,0.00375539773148124,alpha_in_UC,50
Type_I_interferon,All annotated,full_gene,Donor3,-0.0053426304814378,alpha_in_UC,50
Type_I_interferon,All annotated,full_gene,Donor4,0.0194129907064127,alpha_in_UC,50
Type_I_interferon,All annotated,full_gene,Donor6,0.0122091199468955,alpha_in_UC,50
Type_I_interferon,All annotated,identity_markers_removed,Donor1,0.00449884419508678,alpha_in_UC,50
Type_I_interferon,All annotated,identity_markers_removed,Donor2,0.00568555816794255,alpha_in_UC,50
Type_I_interferon,All annotated,identity_markers_removed,Donor3,-0.00405047484447443,alpha_in_UC,50
Type_I_interferon,All annotated,identity_markers_removed,Donor4,0.0182339099873329,alpha_in_UC,50
Type_I_interferon,All annotated,identity_markers_removed,Donor6,0.0145592700660382,alpha_in_UC,50
Type_I_interferon,Resolved,full_gene,Donor1,0.0141802334237274,alpha_in_UC,50
Type_I_interferon,Resolved,full_gene,Donor2,0.0157673248358169,alpha_in_UC,50
Type_I_interferon,Resolved,full_gene,Donor3,0.0113188247641197,alpha_in_UC,50
Type_I_interferon,Resolved,full_gene,Donor4,0.0390458300363167,alpha_in_UC,50
Type_I_interferon,Resolved,full_gene,Donor6,-0.0499318558693581,alpha_in_UC,50
Type_I_interferon,Resolved,identity_markers_removed,Donor1,0.0296425152385118,alpha_in_UC,50
Type_I_interferon,Resolved,identity_markers_removed,Donor2,0.0156858658464788,alpha_in_UC,50
Type_I_interferon,Resolved,identity_markers_removed,Donor3,0.0131442181376114,alpha_in_UC,50
Type_I_interferon,Resolved,identity_markers_removed,Donor4,0.037025654791663,alpha_in_UC,50
Type_I_interferon,Resolved,identity_markers_removed,Donor6,-0.0547470150703326,alpha_in_UC,50
Type_I_interferon,Resolved; >=100 genes,full_gene,Donor1,0.00984972003313123,alpha_in_UC,50
Type_I_interferon,Resolved; >=100 genes,full_gene,Donor2,0.0136089687169385,alpha_in_UC,50
Type_I_interferon,Resolved; >=100 genes,full_gene,Donor3,0.0104226260919112,alpha_in_UC,50
Type_I_interferon,Resolved; >=100 genes,full_gene,Donor4,0.0379712326328652,alpha_in_UC,50
Type_I_interferon,Resolved; >=100 genes,full_gene,Donor6,-0.065599798928319,alpha_in_UC,50
Type_I_interferon,Resolved; >=100 genes,identity_markers_removed,Donor1,0.02657453273333,alpha_in_UC,50
Type_I_interferon,Resolved; >=100 genes,identity_markers_removed,Donor2,0.0133501399198288,alpha_in_UC,50
Type_I_interferon,Resolved; >=100 genes,identity_markers_removed,Donor3,0.0122377099788969,alpha_in_UC,50
Type_I_interferon,Resolved; >=100 genes,identity_markers_removed,Donor4,0.0359266386674899,alpha_in_UC,50
Type_I_interferon,Resolved; >=100 genes,identity_markers_removed,Donor6,-0.0715738254254298,alpha_in_UC,50
Immature_granulopoiesis,All annotated,full_gene,Donor1,0.0861795268117178,alpha_in_UC,50
Immature_granulopoiesis,All annotated,full_gene,Donor2,0.0770429641514937,alpha_in_UC,50
Immature_granulopoiesis,All annotated,full_gene,Donor3,0.0651080716296648,alpha_in_UC,50
Immature_granulopoiesis,All annotated,full_gene,Donor4,0.0633146809850086,alpha_in_UC,50
Immature_granulopoiesis,All annotated,full_gene,Donor6,0.0919097688830976,alpha_in_UC,50
Immature_granulopoiesis,All annotated,identity_markers_removed,Donor1,0.0861795268117178,alpha_in_UC,50
Immature_granulopoiesis,All annotated,identity_markers_removed,Donor2,0.0770429641514937,alpha_in_UC,50
Immature_granulopoiesis,All annotated,identity_markers_removed,Donor3,0.0651080716296648,alpha_in_UC,50
Immature_granulopoiesis,All annotated,identity_markers_removed,Donor4,0.0633146809850086,alpha_in_UC,50
Immature_granulopoiesis,All annotated,identity_markers_removed,Donor6,0.0919097688830976,alpha_in_UC,50
Immature_granulopoiesis,Resolved,full_gene,Donor1,0.108644647622761,alpha_in_UC,50
Immature_granulopoiesis,Resolved,full_gene,Donor2,0.102014065411786,alpha_in_UC,50
Immature_granulopoiesis,Resolved,full_gene,Donor3,0.0816612618671542,alpha_in_UC,50
Immature_granulopoiesis,Resolved,full_gene,Donor4,0.0547466045691923,alpha_in_UC,50
Immature_granulopoiesis,Resolved,full_gene,Donor6,0.135272840510875,alpha_in_UC,50
Immature_granulopoiesis,Resolved,identity_markers_removed,Donor1,0.108644647622761,alpha_in_UC,50
Immature_granulopoiesis,Resolved,identity_markers_removed,Donor2,0.102014065411786,alpha_in_UC,50
Immature_granulopoiesis,Resolved,identity_markers_removed,Donor3,0.0816612618671542,alpha_in_UC,50
Immature_granulopoiesis,Resolved,identity_markers_removed,Donor4,0.0547466045691923,alpha_in_UC,50
Immature_granulopoiesis,Resolved,identity_markers_removed,Donor6,0.135272840510875,alpha_in_UC,50
Immature_granulopoiesis,Resolved; >=100 genes,full_gene,Donor1,0.114937954042068,alpha_in_UC,50
Immature_granulopoiesis,Resolved; >=100 genes,full_gene,Donor2,0.109991846062405,alpha_in_UC,50
Immature_granulopoiesis,Resolved; >=100 genes,full_gene,Donor3,0.0823719041703107,alpha_in_UC,50
Immature_granulopoiesis,Resolved; >=100 genes,full_gene,Donor4,0.0567816249744393,alpha_in_UC,50
Immature_granulopoiesis,Resolved; >=100 genes,full_gene,Donor6,0.131418874600963,alpha_in_UC,50
Immature_granulopoiesis,Resolved; >=100 genes,identity_markers_removed,Donor1,0.114937954042068,alpha_in_UC,50
Immature_granulopoiesis,Resolved; >=100 genes,identity_markers_removed,Donor2,0.109991846062405,alpha_in_UC,50
Immature_granulopoiesis,Resolved; >=100 genes,identity_markers_removed,Donor3,0.0823719041703107,alpha_in_UC,50
Immature_granulopoiesis,Resolved; >=100 genes,identity_markers_removed,Donor4,0.0567816249744393,alpha_in_UC,50
Immature_granulopoiesis,Resolved; >=100 genes,identity_markers_removed,Donor6,0.131418874600963,alpha_in_UC,50
Survival_antiapoptosis,All annotated,full_gene,Donor1,-0.0287262731664475,alpha_in_UC,50
Survival_antiapoptosis,All annotated,full_gene,Donor2,-0.0363291167136656,alpha_in_UC,50
Survival_antiapoptosis,All annotated,full_gene,Donor3,-0.0444309383530255,alpha_in_UC,50
Survival_antiapoptosis,All annotated,full_gene,Donor4,-0.0352876721096937,alpha_in_UC,50
Survival_antiapoptosis,All annotated,full_gene,Donor6,0.0527357115696962,alpha_in_UC,50
Survival_antiapoptosis,All annotated,identity_markers_removed,Donor1,-0.0287262731664475,alpha_in_UC,50
Survival_antiapoptosis,All annotated,identity_markers_removed,Donor2,-0.0363291167136656,alpha_in_UC,50
Survival_antiapoptosis,All annotated,identity_markers_removed,Donor3,-0.0444309383530255,alpha_in_UC,50
Survival_antiapoptosis,All annotated,identity_markers_removed,Donor4,-0.0352876721096937,alpha_in_UC,50
Survival_antiapoptosis,All annotated,identity_markers_removed,Donor6,0.0527357115696962,alpha_in_UC,50
Survival_antiapoptosis,Resolved,full_gene,Donor1,-0.115646005420083,alpha_in_UC,50
Survival_antiapoptosis,Resolved,full_gene,Donor2,-0.100899650844963,alpha_in_UC,50
Survival_antiapoptosis,Resolved,full_gene,Donor3,0.018887993211241,alpha_in_UC,50
Survival_antiapoptosis,Resolved,full_gene,Donor4,0.0159066649898538,alpha_in_UC,50
Survival_antiapoptosis,Resolved,full_gene,Donor6,-0.0879436665511494,alpha_in_UC,50
Survival_antiapoptosis,Resolved,identity_markers_removed,Donor1,-0.115646005420083,alpha_in_UC,50
Survival_antiapoptosis,Resolved,identity_markers_removed,Donor2,-0.100899650844963,alpha_in_UC,50
Survival_antiapoptosis,Resolved,identity_markers_removed,Donor3,0.018887993211241,alpha_in_UC,50
Survival_antiapoptosis,Resolved,identity_markers_removed,Donor4,0.0159066649898538,alpha_in_UC,50
Survival_antiapoptosis,Resolved,identity_markers_removed,Donor6,-0.0879436665511494,alpha_in_UC,50
Survival_antiapoptosis,Resolved; >=100 genes,full_gene,Donor1,-0.141797053134834,alpha_in_UC,50
Survival_antiapoptosis,Resolved; >=100 genes,full_gene,Donor2,-0.120103838869499,alpha_in_UC,50
Survival_antiapoptosis,Resolved; >=100 genes,full_gene,Donor3,0.0147924225707327,alpha_in_UC,50
Survival_antiapoptosis,Resolved; >=100 genes,full_gene,Donor4,0.00702938574641951,alpha_in_UC,50
Survival_antiapoptosis,Resolved; >=100 genes,full_gene,Donor6,-0.138722418472852,alpha_in_UC,50
Survival_antiapoptosis,Resolved; >=100 genes,identity_markers_removed,Donor1,-0.141797053134834,alpha_in_UC,50
Survival_antiapoptosis,Resolved; >=100 genes,identity_markers_removed,Donor2,-0.120103838869499,alpha_in_UC,50
Survival_antiapoptosis,Resolved; >=100 genes,identity_markers_removed,Donor3,0.0147924225707327,alpha_in_UC,50
Survival_antiapoptosis,Resolved; >=100 genes,identity_markers_removed,Donor4,0.00702938574641951,alpha_in_UC,50
Survival_antiapoptosis,Resolved; >=100 genes,identity_markers_removed,Donor6,-0.138722418472852,alpha_in_UC,50
Hypoxia_glycolysis,All annotated,full_gene,Donor1,0.0038226169993319,alpha_in_UC,50
Hypoxia_glycolysis,All annotated,full_gene,Donor2,-0.0103118209507184,alpha_in_UC,50
Hypoxia_glycolysis,All annotated,full_gene,Donor3,0.0244002977129342,alpha_in_UC,50
Hypoxia_glycolysis,All annotated,full_gene,Donor4,0.0372674549551219,alpha_in_UC,50
Hypoxia_glycolysis,All annotated,full_gene,Donor6,0.00158240958808098,alpha_in_UC,50
Hypoxia_glycolysis,All annotated,identity_markers_removed,Donor1,0.0038226169993319,alpha_in_UC,50
Hypoxia_glycolysis,All annotated,identity_markers_removed,Donor2,-0.0103118209507184,alpha_in_UC,50
Hypoxia_glycolysis,All annotated,identity_markers_removed,Donor3,0.0244002977129342,alpha_in_UC,50
Hypoxia_glycolysis,All annotated,identity_markers_removed,Donor4,0.0372674549551219,alpha_in_UC,50
Hypoxia_glycolysis,All annotated,identity_markers_removed,Donor6,0.00158240958808098,alpha_in_UC,50
Hypoxia_glycolysis,Resolved,full_gene,Donor1,-0.00493608665797974,alpha_in_UC,50
Hypoxia_glycolysis,Resolved,full_gene,Donor2,-0.0369862478688496,alpha_in_UC,50
Hypoxia_glycolysis,Resolved,full_gene,Donor3,0.0773709839840597,alpha_in_UC,50
Hypoxia_glycolysis,Resolved,full_gene,Donor4,0.0833060094844421,alpha_in_UC,50
Hypoxia_glycolysis,Resolved,full_gene,Donor6,-0.0621009079823229,alpha_in_UC,50
Hypoxia_glycolysis,Resolved,identity_markers_removed,Donor1,-0.00493608665797974,alpha_in_UC,50
Hypoxia_glycolysis,Resolved,identity_markers_removed,Donor2,-0.0369862478688496,alpha_in_UC,50
Hypoxia_glycolysis,Resolved,identity_markers_removed,Donor3,0.0773709839840597,alpha_in_UC,50
Hypoxia_glycolysis,Resolved,identity_markers_removed,Donor4,0.0833060094844421,alpha_in_UC,50
Hypoxia_glycolysis,Resolved,identity_markers_removed,Donor6,-0.0621009079823229,alpha_in_UC,50
Hypoxia_glycolysis,Resolved; >=100 genes,full_gene,Donor1,-0.0219705452842894,alpha_in_UC,50
Hypoxia_glycolysis,Resolved; >=100 genes,full_gene,Donor2,-0.0519753353218924,alpha_in_UC,50
Hypoxia_glycolysis,Resolved; >=100 genes,full_gene,Donor3,0.0762919512120513,alpha_in_UC,50
Hypoxia_glycolysis,Resolved; >=100 genes,full_gene,Donor4,0.0803957644095192,alpha_in_UC,50
Hypoxia_glycolysis,Resolved; >=100 genes,full_gene,Donor6,-0.0912881502430663,alpha_in_UC,50
Hypoxia_glycolysis,Resolved; >=100 genes,identity_markers_removed,Donor1,-0.0219705452842894,alpha_in_UC,50
Hypoxia_glycolysis,Resolved; >=100 genes,identity_markers_removed,Donor2,-0.0519753353218924,alpha_in_UC,50
Hypoxia_glycolysis,Resolved; >=100 genes,identity_markers_removed,Donor3,0.0762919512120513,alpha_in_UC,50
Hypoxia_glycolysis,Resolved; >=100 genes,identity_markers_removed,Donor4,0.0803957644095192,alpha_in_UC,50
Hypoxia_glycolysis,Resolved; >=100 genes,identity_markers_removed,Donor6,-0.0912881502430663,alpha_in_UC,50
ER_stress,All annotated,full_gene,Donor1,-0.0717844911160696,alpha_in_UC,50
ER_stress,All annotated,full_gene,Donor2,-0.0522556787893619,alpha_in_UC,50
ER_stress,All annotated,full_gene,Donor3,-0.0765881676509671,alpha_in_UC,50
ER_stress,All annotated,full_gene,Donor4,-0.0558988068939612,alpha_in_UC,50
ER_stress,All annotated,full_gene,Donor6,-0.0318472631606009,alpha_in_UC,50
ER_stress,All annotated,identity_markers_removed,Donor1,-0.0717844911160696,alpha_in_UC,50
ER_stress,All annotated,identity_markers_removed,Donor2,-0.0522556787893619,alpha_in_UC,50
ER_stress,All annotated,identity_markers_removed,Donor3,-0.0765881676509671,alpha_in_UC,50
ER_stress,All annotated,identity_markers_removed,Donor4,-0.0558988068939612,alpha_in_UC,50
ER_stress,All annotated,identity_markers_removed,Donor6,-0.0318472631606009,alpha_in_UC,50
ER_stress,Resolved,full_gene,Donor1,-0.162026761196944,alpha_in_UC,50
ER_stress,Resolved,full_gene,Donor2,-0.173991497799739,alpha_in_UC,50
ER_stress,Resolved,full_gene,Donor3,-0.0315629778856843,alpha_in_UC,50
ER_stress,Resolved,full_gene,Donor4,-0.0113383412172549,alpha_in_UC,50
ER_stress,Resolved,full_gene,Donor6,-0.154231440762665,alpha_in_UC,50
ER_stress,Resolved,identity_markers_removed,Donor1,-0.162026761196944,alpha_in_UC,50
ER_stress,Resolved,identity_markers_removed,Donor2,-0.173991497799739,alpha_in_UC,50
ER_stress,Resolved,identity_markers_removed,Donor3,-0.0315629778856843,alpha_in_UC,50
ER_stress,Resolved,identity_markers_removed,Donor4,-0.0113383412172549,alpha_in_UC,50
ER_stress,Resolved,identity_markers_removed,Donor6,-0.154231440762665,alpha_in_UC,50
ER_stress,Resolved; >=100 genes,full_gene,Donor1,-0.198228739872033,alpha_in_UC,50
ER_stress,Resolved; >=100 genes,full_gene,Donor2,-0.202485615390833,alpha_in_UC,50
ER_stress,Resolved; >=100 genes,full_gene,Donor3,-0.0351307322785221,alpha_in_UC,50
ER_stress,Resolved; >=100 genes,full_gene,Donor4,-0.0178538939567112,alpha_in_UC,50
ER_stress,Resolved; >=100 genes,full_gene,Donor6,-0.198936591860054,alpha_in_UC,50
ER_stress,Resolved; >=100 genes,identity_markers_removed,Donor1,-0.198228739872033,alpha_in_UC,50
ER_stress,Resolved; >=100 genes,identity_markers_removed,Donor2,-0.202485615390833,alpha_in_UC,50
ER_stress,Resolved; >=100 genes,identity_markers_removed,Donor3,-0.0351307322785221,alpha_in_UC,50
ER_stress,Resolved; >=100 genes,identity_markers_removed,Donor4,-0.0178538939567112,alpha_in_UC,50
ER_stress,Resolved; >=100 genes,identity_markers_removed,Donor6,-0.198936591860054,alpha_in_UC,50
Proliferation_stress,All annotated,full_gene,Donor1,0.0248876951436024,alpha_in_UC,50
Proliferation_stress,All annotated,full_gene,Donor2,0.0182139811069276,alpha_in_UC,50
Proliferation_stress,All annotated,full_gene,Donor3,0.0253761152164285,alpha_in_UC,50
Proliferation_stress,All annotated,full_gene,Donor4,0.0297035173573756,alpha_in_UC,50
Proliferation_stress,All annotated,full_gene,Donor6,-0.00298655362958554,alpha_in_UC,50
Proliferation_stress,All annotated,identity_markers_removed,Donor1,0.0248876951436024,alpha_in_UC,50
Proliferation_stress,All annotated,identity_markers_removed,Donor2,0.0182139811069276,alpha_in_UC,50
Proliferation_stress,All annotated,identity_markers_removed,Donor3,0.0253761152164285,alpha_in_UC,50
Proliferation_stress,All annotated,identity_markers_removed,Donor4,0.0297035173573756,alpha_in_UC,50
Proliferation_stress,All annotated,identity_markers_removed,Donor6,-0.00298655362958554,alpha_in_UC,50
Proliferation_stress,Resolved,full_gene,Donor1,0.0393559195774845,alpha_in_UC,50
Proliferation_stress,Resolved,full_gene,Donor2,0.0151655559821567,alpha_in_UC,50
Proliferation_stress,Resolved,full_gene,Donor3,0.0305731262957651,alpha_in_UC,50
Proliferation_stress,Resolved,full_gene,Donor4,0.0446611995867557,alpha_in_UC,50
Proliferation_stress,Resolved,full_gene,Donor6,-0.0727270773673384,alpha_in_UC,50
Proliferation_stress,Resolved,identity_markers_removed,Donor1,0.0393559195774845,alpha_in_UC,50
Proliferation_stress,Resolved,identity_markers_removed,Donor2,0.0151655559821567,alpha_in_UC,50
Proliferation_stress,Resolved,identity_markers_removed,Donor3,0.0305731262957651,alpha_in_UC,50
Proliferation_stress,Resolved,identity_markers_removed,Donor4,0.0446611995867557,alpha_in_UC,50
Proliferation_stress,Resolved,identity_markers_removed,Donor6,-0.0727270773673384,alpha_in_UC,50
Proliferation_stress,Resolved; >=100 genes,full_gene,Donor1,0.0322942932657826,alpha_in_UC,50
Proliferation_stress,Resolved; >=100 genes,full_gene,Donor2,0.00470867630361225,alpha_in_UC,50
Proliferation_stress,Resolved; >=100 genes,full_gene,Donor3,0.03024763001701,alpha_in_UC,50
Proliferation_stress,Resolved; >=100 genes,full_gene,Donor4,0.0440732213419111,alpha_in_UC,50
Proliferation_stress,Resolved; >=100 genes,full_gene,Donor6,-0.0992304214519548,alpha_in_UC,50
Proliferation_stress,Resolved; >=100 genes,identity_markers_removed,Donor1,0.0322942932657826,alpha_in_UC,50
Proliferation_stress,Resolved; >=100 genes,identity_markers_removed,Donor2,0.00470867630361225,alpha_in_UC,50
Proliferation_stress,Resolved; >=100 genes,identity_markers_removed,Donor3,0.03024763001701,alpha_in_UC,50
Proliferation_stress,Resolved; >=100 genes,identity_markers_removed,Donor4,0.0440732213419111,alpha_in_UC,50
Proliferation_stress,Resolved; >=100 genes,identity_markers_removed,Donor6,-0.0992304214519548,alpha_in_UC,50
Integrin_adhesion,All annotated,full_gene,Donor1,-0.0378458126894169,alpha_in_UC,50
Integrin_adhesion,All annotated,full_gene,Donor2,-0.0307847732367277,alpha_in_UC,50
Integrin_adhesion,All annotated,full_gene,Donor3,-0.0252505776386531,alpha_in_UC,50
Integrin_adhesion,All annotated,full_gene,Donor4,-0.0121182108841096,alpha_in_UC,50
Integrin_adhesion,All annotated,full_gene,Donor6,-0.0302210498269081,alpha_in_UC,50
Integrin_adhesion,All annotated,identity_markers_removed,Donor1,-0.0378458126894169,alpha_in_UC,50
Integrin_adhesion,All annotated,identity_markers_removed,Donor2,-0.0307847732367277,alpha_in_UC,50
Integrin_adhesion,All annotated,identity_markers_removed,Donor3,-0.0252505776386531,alpha_in_UC,50
Integrin_adhesion,All annotated,identity_markers_removed,Donor4,-0.0121182108841096,alpha_in_UC,50
Integrin_adhesion,All annotated,identity_markers_removed,Donor6,-0.0302210498269081,alpha_in_UC,50
Integrin_adhesion,Resolved,full_gene,Donor1,-0.106693144921841,alpha_in_UC,50
Integrin_adhesion,Resolved,full_gene,Donor2,-0.0826732834399602,alpha_in_UC,50
Integrin_adhesion,Resolved,full_gene,Donor3,0.0397677922075942,alpha_in_UC,50
Integrin_adhesion,Resolved,full_gene,Donor4,0.0456831020820759,alpha_in_UC,50
Integrin_adhesion,Resolved,full_gene,Donor6,-0.11904926710054,alpha_in_UC,50
Integrin_adhesion,Resolved,identity_markers_removed,Donor1,-0.106693144921841,alpha_in_UC,50
Integrin_adhesion,Resolved,identity_markers_removed,Donor2,-0.0826732834399602,alpha_in_UC,50
Integrin_adhesion,Resolved,identity_markers_removed,Donor3,0.0397677922075942,alpha_in_UC,50
Integrin_adhesion,Resolved,identity_markers_removed,Donor4,0.0456831020820759,alpha_in_UC,50
Integrin_adhesion,Resolved,identity_markers_removed,Donor6,-0.11904926710054,alpha_in_UC,50
Integrin_adhesion,Resolved; >=100 genes,full_gene,Donor1,-0.118042735431285,alpha_in_UC,50
Integrin_adhesion,Resolved; >=100 genes,full_gene,Donor2,-0.0925156282066561,alpha_in_UC,50
Integrin_adhesion,Resolved; >=100 genes,full_gene,Donor3,0.0371571103951007,alpha_in_UC,50
Integrin_adhesion,Resolved; >=100 genes,full_gene,Donor4,0.042114745820052,alpha_in_UC,50
Integrin_adhesion,Resolved; >=100 genes,full_gene,Donor6,-0.15550310324951,alpha_in_UC,50
Integrin_adhesion,Resolved; >=100 genes,identity_markers_removed,Donor1,-0.118042735431285,alpha_in_UC,50
Integrin_adhesion,Resolved; >=100 genes,identity_markers_removed,Donor2,-0.0925156282066561,alpha_in_UC,50
Integrin_adhesion,Resolved; >=100 genes,identity_markers_removed,Donor3,0.0371571103951007,alpha_in_UC,50
Integrin_adhesion,Resolved; >=100 genes,identity_markers_removed,Donor4,0.042114745820052,alpha_in_UC,50
Integrin_adhesion,Resolved; >=100 genes,identity_markers_removed,Donor6,-0.15550310324951,alpha_in_UC,50
CXCR4_aging_retention,All annotated,full_gene,Donor1,-0.0922467415041678,alpha_in_UC,50
CXCR4_aging_retention,All annotated,full_gene,Donor2,-0.0841108541765471,alpha_in_UC,50
CXCR4_aging_retention,All annotated,full_gene,Donor3,-0.163777334299655,alpha_in_UC,50
CXCR4_aging_retention,All annotated,full_gene,Donor4,-0.104311597470552,alpha_in_UC,50
CXCR4_aging_retention,All annotated,full_gene,Donor6,-0.0493248665542979,alpha_in_UC,50
CXCR4_aging_retention,All annotated,identity_markers_removed,Donor1,-0.084134498072205,alpha_in_UC,50
CXCR4_aging_retention,All annotated,identity_markers_removed,Donor2,-0.079503887506485,alpha_in_UC,50
CXCR4_aging_retention,All annotated,identity_markers_removed,Donor3,-0.149923223251434,alpha_in_UC,50
CXCR4_aging_retention,All annotated,identity_markers_removed,Donor4,-0.097069091643568,alpha_in_UC,50
CXCR4_aging_retention,All annotated,identity_markers_removed,Donor6,-0.0461650071694874,alpha_in_UC,50
CXCR4_aging_retention,Resolved,full_gene,Donor1,-0.231065944342467,alpha_in_UC,50
CXCR4_aging_retention,Resolved,full_gene,Donor2,-0.244276402815042,alpha_in_UC,50
CXCR4_aging_retention,Resolved,full_gene,Donor3,-0.107109181743222,alpha_in_UC,50
CXCR4_aging_retention,Resolved,full_gene,Donor4,-0.0484612296425038,alpha_in_UC,50
CXCR4_aging_retention,Resolved,full_gene,Donor6,-0.259800989780914,alpha_in_UC,50
CXCR4_aging_retention,Resolved,identity_markers_removed,Donor1,-0.224033734982464,alpha_in_UC,50
CXCR4_aging_retention,Resolved,identity_markers_removed,Donor2,-0.225701637043279,alpha_in_UC,50
CXCR4_aging_retention,Resolved,identity_markers_removed,Donor3,-0.0983951444565741,alpha_in_UC,50
CXCR4_aging_retention,Resolved,identity_markers_removed,Donor4,-0.043370848007477,alpha_in_UC,50
CXCR4_aging_retention,Resolved,identity_markers_removed,Donor6,-0.249332738792733,alpha_in_UC,50
CXCR4_aging_retention,Resolved; >=100 genes,full_gene,Donor1,-0.267444183640534,alpha_in_UC,50
CXCR4_aging_retention,Resolved; >=100 genes,full_gene,Donor2,-0.269155115683244,alpha_in_UC,50
CXCR4_aging_retention,Resolved; >=100 genes,full_gene,Donor3,-0.110745261131582,alpha_in_UC,50
CXCR4_aging_retention,Resolved; >=100 genes,full_gene,Donor4,-0.0532618662807684,alpha_in_UC,50
CXCR4_aging_retention,Resolved; >=100 genes,full_gene,Donor6,-0.334156053965807,alpha_in_UC,50
CXCR4_aging_retention,Resolved; >=100 genes,identity_markers_removed,Donor1,-0.272148787613374,alpha_in_UC,50
CXCR4_aging_retention,Resolved; >=100 genes,identity_markers_removed,Donor2,-0.249865604794931,alpha_in_UC,50
CXCR4_aging_retention,Resolved; >=100 genes,identity_markers_removed,Donor3,-0.102705096390028,alpha_in_UC,50
CXCR4_aging_retention,Resolved; >=100 genes,identity_markers_removed,Donor4,-0.0488251778788495,alpha_in_UC,50
CXCR4_aging_retention,Resolved; >=100 genes,identity_markers_removed,Donor6,-0.327812806331223,alpha_in_UC,50
NETosis,All annotated,full_gene,Donor1,0.0116926850508861,alpha_alone,50
NETosis,All annotated,full_gene,Donor2,0.00271013107132159,alpha_alone,50
NETosis,All annotated,full_gene,Donor3,0.0721363391113126,alpha_alone,50
NETosis,All annotated,full_gene,Donor4,0.197259859993615,alpha_alone,50
NETosis,All annotated,full_gene,Donor5,-0.0327869622496845,alpha_alone,50
NETosis,All annotated,identity_markers_removed,Donor1,0.00348213036852571,alpha_alone,50
NETosis,All annotated,identity_markers_removed,Donor2,0.00286897952945325,alpha_alone,50
NETosis,All annotated,identity_markers_removed,Donor3,0.0682890147635619,alpha_alone,50
NETosis,All annotated,identity_markers_removed,Donor4,0.192771045920811,alpha_alone,50
NETosis,All annotated,identity_markers_removed,Donor5,-0.034363840259627,alpha_alone,50
NETosis,Resolved,full_gene,Donor1,0.18406717548473,alpha_alone,50
NETosis,Resolved,full_gene,Donor3,0.0692193897639395,alpha_alone,50
NETosis,Resolved,full_gene,Donor4,0.193981253871721,alpha_alone,50
NETosis,Resolved,full_gene,Donor5,0.20307853107723,alpha_alone,50
NETosis,Resolved,identity_markers_removed,Donor1,0.191518386001863,alpha_alone,50
NETosis,Resolved,identity_markers_removed,Donor3,0.068108690608392,alpha_alone,50
NETosis,Resolved,identity_markers_removed,Donor4,0.190147197858769,alpha_alone,50
NETosis,Resolved,identity_markers_removed,Donor5,0.211020403448636,alpha_alone,50
NETosis,Resolved; >=100 genes,full_gene,Donor3,0.0780493646861977,alpha_alone,50
NETosis,Resolved; >=100 genes,full_gene,Donor4,0.156506441460701,alpha_alone,50
NETosis,Resolved; >=100 genes,identity_markers_removed,Donor3,0.0799062570382467,alpha_alone,50
NETosis,Resolved; >=100 genes,identity_markers_removed,Donor4,0.151246143923901,alpha_alone,50
Degranulation,All annotated,full_gene,Donor1,0.0241497431704645,alpha_alone,50
Degranulation,All annotated,full_gene,Donor2,-0.00678634878188711,alpha_alone,50
Degranulation,All annotated,full_gene,Donor3,-0.101058064814753,alpha_alone,50
Degranulation,All annotated,full_gene,Donor4,0.04422599551934,alpha_alone,50
Degranulation,All annotated,full_gene,Donor5,-0.0571923411154766,alpha_alone,50
Degranulation,All annotated,identity_markers_removed,Donor1,0.0241497431704645,alpha_alone,50
Degranulation,All annotated,identity_markers_removed,Donor2,-0.00678634878188711,alpha_alone,50
Degranulation,All annotated,identity_markers_removed,Donor3,-0.101058064814753,alpha_alone,50
Degranulation,All annotated,identity_markers_removed,Donor4,0.04422599551934,alpha_alone,50
Degranulation,All annotated,identity_markers_removed,Donor5,-0.0571923411154766,alpha_alone,50
Degranulation,Resolved,full_gene,Donor1,0.130964183049264,alpha_alone,50
Degranulation,Resolved,full_gene,Donor3,-0.0995542106311738,alpha_alone,50
Degranulation,Resolved,full_gene,Donor4,0.0506066019548203,alpha_alone,50
Degranulation,Resolved,full_gene,Donor5,0.135638628230986,alpha_alone,50
Degranulation,Resolved,identity_markers_removed,Donor1,0.130964183049264,alpha_alone,50
Degranulation,Resolved,identity_markers_removed,Donor3,-0.0995542106311738,alpha_alone,50
Degranulation,Resolved,identity_markers_removed,Donor4,0.0506066019548203,alpha_alone,50
Degranulation,Resolved,identity_markers_removed,Donor5,0.135638628230986,alpha_alone,50
Degranulation,Resolved; >=100 genes,full_gene,Donor3,-0.143808633669294,alpha_alone,50
Degranulation,Resolved; >=100 genes,full_gene,Donor4,-0.0131306626355847,alpha_alone,50
Degranulation,Resolved; >=100 genes,identity_markers_removed,Donor3,-0.143808633669294,alpha_alone,50
Degranulation,Resolved; >=100 genes,identity_markers_removed,Donor4,-0.0131306626355847,alpha_alone,50
Oxidative_burst,All annotated,full_gene,Donor1,-0.00917195683847039,alpha_alone,50
Oxidative_burst,All annotated,full_gene,Donor2,0.0320651381678951,alpha_alone,50
Oxidative_burst,All annotated,full_gene,Donor3,0.183660645022824,alpha_alone,50
Oxidative_burst,All annotated,full_gene,Donor4,0.275546078199297,alpha_alone,50
Oxidative_burst,All annotated,full_gene,Donor5,-0.0383103362717455,alpha_alone,50
Oxidative_burst,All annotated,identity_markers_removed,Donor1,-0.00917195683847039,alpha_alone,50
Oxidative_burst,All annotated,identity_markers_removed,Donor2,0.0320651381678951,alpha_alone,50
Oxidative_burst,All annotated,identity_markers_removed,Donor3,0.183660645022824,alpha_alone,50
Oxidative_burst,All annotated,identity_markers_removed,Donor4,0.275546078199297,alpha_alone,50
Oxidative_burst,All annotated,identity_markers_removed,Donor5,-0.0383103362717455,alpha_alone,50
Oxidative_burst,Resolved,full_gene,Donor1,0.295677470735479,alpha_alone,50
Oxidative_burst,Resolved,full_gene,Donor3,0.222550816204144,alpha_alone,50
Oxidative_burst,Resolved,full_gene,Donor4,0.323437605167099,alpha_alone,50
Oxidative_burst,Resolved,full_gene,Donor5,0.295060507278052,alpha_alone,50
Oxidative_burst,Resolved,identity_markers_removed,Donor1,0.295677470735479,alpha_alone,50
Oxidative_burst,Resolved,identity_markers_removed,Donor3,0.222550816204144,alpha_alone,50
Oxidative_burst,Resolved,identity_markers_removed,Donor4,0.323437605167099,alpha_alone,50
Oxidative_burst,Resolved,identity_markers_removed,Donor5,0.295060507278052,alpha_alone,50
Oxidative_burst,Resolved; >=100 genes,full_gene,Donor3,0.212033576851769,alpha_alone,50
Oxidative_burst,Resolved; >=100 genes,full_gene,Donor4,0.238783996021557,alpha_alone,50
Oxidative_burst,Resolved; >=100 genes,identity_markers_removed,Donor3,0.212033576851769,alpha_alone,50
Oxidative_burst,Resolved; >=100 genes,identity_markers_removed,Donor4,0.238783996021557,alpha_alone,50
Phagocytosis,All annotated,full_gene,Donor1,0.123249607528869,alpha_alone,50
Phagocytosis,All annotated,full_gene,Donor2,0.0719538277108671,alpha_alone,50
Phagocytosis,All annotated,full_gene,Donor3,0.317826840550446,alpha_alone,50
Phagocytosis,All annotated,full_gene,Donor4,0.469609523365014,alpha_alone,50
Phagocytosis,All annotated,full_gene,Donor5,0.0496252645081466,alpha_alone,50
Phagocytosis,All annotated,identity_markers_removed,Donor1,0.123249607528869,alpha_alone,50
Phagocytosis,All annotated,identity_markers_removed,Donor2,0.0719538277108671,alpha_alone,50
Phagocytosis,All annotated,identity_markers_removed,Donor3,0.317826840550446,alpha_alone,50
Phagocytosis,All annotated,identity_markers_removed,Donor4,0.469609523365014,alpha_alone,50
Phagocytosis,All annotated,identity_markers_removed,Donor5,0.0496252645081466,alpha_alone,50
Phagocytosis,Resolved,full_gene,Donor1,0.569068337903874,alpha_alone,50
Phagocytosis,Resolved,full_gene,Donor3,0.467322580160424,alpha_alone,50
Phagocytosis,Resolved,full_gene,Donor4,0.586739912516488,alpha_alone,50
Phagocytosis,Resolved,full_gene,Donor5,0.438338985947381,alpha_alone,50
Phagocytosis,Resolved,identity_markers_removed,Donor1,0.569068337903874,alpha_alone,50
Phagocytosis,Resolved,identity_markers_removed,Donor3,0.467322580160424,alpha_alone,50
Phagocytosis,Resolved,identity_markers_removed,Donor4,0.586739912516488,alpha_alone,50
Phagocytosis,Resolved,identity_markers_removed,Donor5,0.438338985947381,alpha_alone,50
Phagocytosis,Resolved; >=100 genes,full_gene,Donor3,0.442556452809106,alpha_alone,50
Phagocytosis,Resolved; >=100 genes,full_gene,Donor4,0.505142702051731,alpha_alone,50
Phagocytosis,Resolved; >=100 genes,identity_markers_removed,Donor3,0.442556452809106,alpha_alone,50
Phagocytosis,Resolved; >=100 genes,identity_markers_removed,Donor4,0.505142702051731,alpha_alone,50
Chemotaxis,All annotated,full_gene,Donor1,0.0838666161639642,alpha_alone,50
Chemotaxis,All annotated,full_gene,Donor2,0.0777932704524744,alpha_alone,50
Chemotaxis,All annotated,full_gene,Donor3,0.323312951187781,alpha_alone,50
Chemotaxis,All annotated,full_gene,Donor4,0.429663389852059,alpha_alone,50
Chemotaxis,All annotated,full_gene,Donor5,-0.00940706143512288,alpha_alone,50
Chemotaxis,All annotated,identity_markers_removed,Donor1,0.095947278654615,alpha_alone,50
Chemotaxis,All annotated,identity_markers_removed,Donor2,0.107519913307814,alpha_alone,50
Chemotaxis,All annotated,identity_markers_removed,Donor3,0.333258903062444,alpha_alone,50
Chemotaxis,All annotated,identity_markers_removed,Donor4,0.411086735496251,alpha_alone,50
Chemotaxis,All annotated,identity_markers_removed,Donor5,0.012375238942628,alpha_alone,50
Chemotaxis,Resolved,full_gene,Donor1,0.569004408425915,alpha_alone,50
Chemotaxis,Resolved,full_gene,Donor3,0.502586991638579,alpha_alone,50
Chemotaxis,Resolved,full_gene,Donor4,0.531992857490321,alpha_alone,50
Chemotaxis,Resolved,full_gene,Donor5,0.415818681484905,alpha_alone,50
Chemotaxis,Resolved,identity_markers_removed,Donor1,0.576606246734052,alpha_alone,50
Chemotaxis,Resolved,identity_markers_removed,Donor3,0.508113153252159,alpha_alone,50
Chemotaxis,Resolved,identity_markers_removed,Donor4,0.51179120468577,alpha_alone,50
Chemotaxis,Resolved,identity_markers_removed,Donor5,0.394547925876134,alpha_alone,50
Chemotaxis,Resolved; >=100 genes,full_gene,Donor3,0.503134644649808,alpha_alone,50
Chemotaxis,Resolved; >=100 genes,full_gene,Donor4,0.446652328659142,alpha_alone,50
Chemotaxis,Resolved; >=100 genes,identity_markers_removed,Donor3,0.511937445962469,alpha_alone,50
Chemotaxis,Resolved; >=100 genes,identity_markers_removed,Donor4,0.432626353195078,alpha_alone,50
OSM_inflammation,All annotated,full_gene,Donor1,0.0952915682219026,alpha_alone,50
OSM_inflammation,All annotated,full_gene,Donor2,0.0411347721188496,alpha_alone,50
OSM_inflammation,All annotated,full_gene,Donor3,0.279796695429121,alpha_alone,50
OSM_inflammation,All annotated,full_gene,Donor4,0.417618807989926,alpha_alone,50
OSM_inflammation,All annotated,full_gene,Donor5,-0.0116890292064532,alpha_alone,50
OSM_inflammation,All annotated,identity_markers_removed,Donor1,0.0878539640893109,alpha_alone,50
OSM_inflammation,All annotated,identity_markers_removed,Donor2,0.0426921701324433,alpha_alone,50
OSM_inflammation,All annotated,identity_markers_removed,Donor3,0.263420929230239,alpha_alone,50
OSM_inflammation,All annotated,identity_markers_removed,Donor4,0.399781494326918,alpha_alone,50
OSM_inflammation,All annotated,identity_markers_removed,Donor5,-0.013033218422119,alpha_alone,50
OSM_inflammation,Resolved,full_gene,Donor1,0.348671757633858,alpha_alone,50
OSM_inflammation,Resolved,full_gene,Donor3,0.367655178816137,alpha_alone,50
OSM_inflammation,Resolved,full_gene,Donor4,0.408032630534979,alpha_alone,50
OSM_inflammation,Resolved,full_gene,Donor5,0.346536590337345,alpha_alone,50
OSM_inflammation,Resolved,identity_markers_removed,Donor1,0.317305975297752,alpha_alone,50
OSM_inflammation,Resolved,identity_markers_removed,Donor3,0.332572679728837,alpha_alone,50
OSM_inflammation,Resolved,identity_markers_removed,Donor4,0.375312085689581,alpha_alone,50
OSM_inflammation,Resolved,identity_markers_removed,Donor5,0.328109921651033,alpha_alone,50
OSM_inflammation,Resolved; >=100 genes,full_gene,Donor3,0.351632616908226,alpha_alone,50
OSM_inflammation,Resolved; >=100 genes,full_gene,Donor4,0.340337036481445,alpha_alone,50
OSM_inflammation,Resolved; >=100 genes,identity_markers_removed,Donor3,0.305087060454194,alpha_alone,50
OSM_inflammation,Resolved; >=100 genes,identity_markers_removed,Donor4,0.313600355505021,alpha_alone,50
Type_I_interferon,All annotated,full_gene,Donor1,-0.0139443401466228,alpha_alone,50
Type_I_interferon,All annotated,full_gene,Donor2,0.0241685621409544,alpha_alone,50
Type_I_interferon,All annotated,full_gene,Donor3,0.0433846732117309,alpha_alone,50
Type_I_interferon,All annotated,full_gene,Donor4,0.0532851044178701,alpha_alone,50
Type_I_interferon,All annotated,full_gene,Donor5,-0.0501719320358271,alpha_alone,50
Type_I_interferon,All annotated,identity_markers_removed,Donor1,-0.0152120074326794,alpha_alone,50
Type_I_interferon,All annotated,identity_markers_removed,Donor2,0.0479346834005121,alpha_alone,50
Type_I_interferon,All annotated,identity_markers_removed,Donor3,0.0492781236339645,alpha_alone,50
Type_I_interferon,All annotated,identity_markers_removed,Donor4,0.0571482966811619,alpha_alone,50
Type_I_interferon,All annotated,identity_markers_removed,Donor5,-0.0456603451326009,alpha_alone,50
Type_I_interferon,Resolved,full_gene,Donor1,0.0250199972712021,alpha_alone,50
Type_I_interferon,Resolved,full_gene,Donor3,0.0415948021000672,alpha_alone,50
Type_I_interferon,Resolved,full_gene,Donor4,0.0851570929722814,alpha_alone,50
Type_I_interferon,Resolved,full_gene,Donor5,0.0676208734673875,alpha_alone,50
Type_I_interferon,Resolved,identity_markers_removed,Donor1,0.027294542477675,alpha_alone,50
Type_I_interferon,Resolved,identity_markers_removed,Donor3,0.0524877668625744,alpha_alone,50
Type_I_interferon,Resolved,identity_markers_removed,Donor4,0.097941100929007,alpha_alone,50
Type_I_interferon,Resolved,identity_markers_removed,Donor5,0.0696057952450964,alpha_alone,50
Type_I_interferon,Resolved; >=100 genes,full_gene,Donor3,0.0415897076900957,alpha_alone,50
Type_I_interferon,Resolved; >=100 genes,full_gene,Donor4,0.0615910584478974,alpha_alone,50
Type_I_interferon,Resolved; >=100 genes,identity_markers_removed,Donor3,0.054111225725129,alpha_alone,50
Type_I_interferon,Resolved; >=100 genes,identity_markers_removed,Donor4,0.0767990595212326,alpha_alone,50
Immature_granulopoiesis,All annotated,full_gene,Donor1,-0.0193014539920049,alpha_alone,50
Immature_granulopoiesis,All annotated,full_gene,Donor2,-0.0266444029729041,alpha_alone,50
Immature_granulopoiesis,All annotated,full_gene,Donor3,-0.215762465183761,alpha_alone,50
Immature_granulopoiesis,All annotated,full_gene,Donor4,-0.102376773897612,alpha_alone,50
Immature_granulopoiesis,All annotated,full_gene,Donor5,-0.124477198548449,alpha_alone,50
Immature_granulopoiesis,All annotated,identity_markers_removed,Donor1,-0.0193014539920049,alpha_alone,50
Immature_granulopoiesis,All annotated,identity_markers_removed,Donor2,-0.0266444029729041,alpha_alone,50
Immature_granulopoiesis,All annotated,identity_markers_removed,Donor3,-0.215762465183761,alpha_alone,50
Immature_granulopoiesis,All annotated,identity_markers_removed,Donor4,-0.102376773897612,alpha_alone,50
Immature_granulopoiesis,All annotated,identity_markers_removed,Donor5,-0.124477198548449,alpha_alone,50
Immature_granulopoiesis,Resolved,full_gene,Donor1,-0.0184589439568218,alpha_alone,50
Immature_granulopoiesis,Resolved,full_gene,Donor3,-0.263669615347574,alpha_alone,50
Immature_granulopoiesis,Resolved,full_gene,Donor4,-0.131998394062974,alpha_alone,50
Immature_granulopoiesis,Resolved,full_gene,Donor5,-0.0114930247526626,alpha_alone,50
Immature_granulopoiesis,Resolved,identity_markers_removed,Donor1,-0.0184589439568218,alpha_alone,50
Immature_granulopoiesis,Resolved,identity_markers_removed,Donor3,-0.263669615347574,alpha_alone,50
Immature_granulopoiesis,Resolved,identity_markers_removed,Donor4,-0.131998394062974,alpha_alone,50
Immature_granulopoiesis,Resolved,identity_markers_removed,Donor5,-0.0114930247526626,alpha_alone,50
Immature_granulopoiesis,Resolved; >=100 genes,full_gene,Donor3,-0.304537078987015,alpha_alone,50
Immature_granulopoiesis,Resolved; >=100 genes,full_gene,Donor4,-0.205486595886031,alpha_alone,50
Immature_granulopoiesis,Resolved; >=100 genes,identity_markers_removed,Donor3,-0.304537078987015,alpha_alone,50
Immature_granulopoiesis,Resolved; >=100 genes,identity_markers_removed,Donor4,-0.205486595886031,alpha_alone,50
Survival_antiapoptosis,All annotated,full_gene,Donor1,0.0766859662594579,alpha_alone,50
Survival_antiapoptosis,All annotated,full_gene,Donor2,0.020114052351823,alpha_alone,50
Survival_antiapoptosis,All annotated,full_gene,Donor3,0.213855109815635,alpha_alone,50
Survival_antiapoptosis,All annotated,full_gene,Donor4,0.342209188296873,alpha_alone,50
Survival_antiapoptosis,All annotated,full_gene,Donor5,0.0479269993847327,alpha_alone,50
Survival_antiapoptosis,All annotated,identity_markers_removed,Donor1,0.0766859662594579,alpha_alone,50
Survival_antiapoptosis,All annotated,identity_markers_removed,Donor2,0.020114052351823,alpha_alone,50
Survival_antiapoptosis,All annotated,identity_markers_removed,Donor3,0.213855109815635,alpha_alone,50
Survival_antiapoptosis,All annotated,identity_markers_removed,Donor4,0.342209188296873,alpha_alone,50
Survival_antiapoptosis,All annotated,identity_markers_removed,Donor5,0.0479269993847327,alpha_alone,50
Survival_antiapoptosis,Resolved,full_gene,Donor1,0.308682488220931,alpha_alone,50
Survival_antiapoptosis,Resolved,full_gene,Donor3,0.307313991104609,alpha_alone,50
Survival_antiapoptosis,Resolved,full_gene,Donor4,0.403177254740803,alpha_alone,50
Survival_antiapoptosis,Resolved,full_gene,Donor5,0.324435033771721,alpha_alone,50
Survival_antiapoptosis,Resolved,identity_markers_removed,Donor1,0.308682488220931,alpha_alone,50
Survival_antiapoptosis,Resolved,identity_markers_removed,Donor3,0.307313991104609,alpha_alone,50
Survival_antiapoptosis,Resolved,identity_markers_removed,Donor4,0.403177254740803,alpha_alone,50
Survival_antiapoptosis,Resolved,identity_markers_removed,Donor5,0.324435033771721,alpha_alone,50
Survival_antiapoptosis,Resolved; >=100 genes,full_gene,Donor3,0.295961086393887,alpha_alone,50
Survival_antiapoptosis,Resolved; >=100 genes,full_gene,Donor4,0.354975394456203,alpha_alone,50
Survival_antiapoptosis,Resolved; >=100 genes,identity_markers_removed,Donor3,0.295961086393887,alpha_alone,50
Survival_antiapoptosis,Resolved; >=100 genes,identity_markers_removed,Donor4,0.354975394456203,alpha_alone,50
Hypoxia_glycolysis,All annotated,full_gene,Donor1,-0.0114875084352769,alpha_alone,50
Hypoxia_glycolysis,All annotated,full_gene,Donor2,0.0328254167063582,alpha_alone,50
Hypoxia_glycolysis,All annotated,full_gene,Donor3,0.119185161306869,alpha_alone,50
Hypoxia_glycolysis,All annotated,full_gene,Donor4,0.155388958778921,alpha_alone,50
Hypoxia_glycolysis,All annotated,full_gene,Donor5,0.0151034524577997,alpha_alone,50
Hypoxia_glycolysis,All annotated,identity_markers_removed,Donor1,-0.0114875084352769,alpha_alone,50
Hypoxia_glycolysis,All annotated,identity_markers_removed,Donor2,0.0328254167063582,alpha_alone,50
Hypoxia_glycolysis,All annotated,identity_markers_removed,Donor3,0.119185161306869,alpha_alone,50
Hypoxia_glycolysis,All annotated,identity_markers_removed,Donor4,0.155388958778921,alpha_alone,50
Hypoxia_glycolysis,All annotated,identity_markers_removed,Donor5,0.0151034524577997,alpha_alone,50
Hypoxia_glycolysis,Resolved,full_gene,Donor1,0.200461700504936,alpha_alone,50
Hypoxia_glycolysis,Resolved,full_gene,Donor3,0.19398345141484,alpha_alone,50
Hypoxia_glycolysis,Resolved,full_gene,Donor4,0.221577229795526,alpha_alone,50
Hypoxia_glycolysis,Resolved,full_gene,Donor5,0.150526025936333,alpha_alone,50
Hypoxia_glycolysis,Resolved,identity_markers_removed,Donor1,0.200461700504936,alpha_alone,50
Hypoxia_glycolysis,Resolved,identity_markers_removed,Donor3,0.19398345141484,alpha_alone,50
Hypoxia_glycolysis,Resolved,identity_markers_removed,Donor4,0.221577229795526,alpha_alone,50
Hypoxia_glycolysis,Resolved,identity_markers_removed,Donor5,0.150526025936333,alpha_alone,50
Hypoxia_glycolysis,Resolved; >=100 genes,full_gene,Donor3,0.206061534972681,alpha_alone,50
Hypoxia_glycolysis,Resolved; >=100 genes,full_gene,Donor4,0.178915037394646,alpha_alone,50
Hypoxia_glycolysis,Resolved; >=100 genes,identity_markers_removed,Donor3,0.206061534972681,alpha_alone,50
Hypoxia_glycolysis,Resolved; >=100 genes,identity_markers_removed,Donor4,0.178915037394646,alpha_alone,50
ER_stress,All annotated,full_gene,Donor1,0.0300413694993087,alpha_alone,50
ER_stress,All annotated,full_gene,Donor2,0.00319971987424222,alpha_alone,50
ER_stress,All annotated,full_gene,Donor3,0.245141484807866,alpha_alone,50
ER_stress,All annotated,full_gene,Donor4,0.332053790603487,alpha_alone,50
ER_stress,All annotated,full_gene,Donor5,0.00644246596031062,alpha_alone,50
ER_stress,All annotated,identity_markers_removed,Donor1,0.0300413694993087,alpha_alone,50
ER_stress,All annotated,identity_markers_removed,Donor2,0.00319971987424222,alpha_alone,50
ER_stress,All annotated,identity_markers_removed,Donor3,0.245141484807866,alpha_alone,50
ER_stress,All annotated,identity_markers_removed,Donor4,0.332053790603487,alpha_alone,50
ER_stress,All annotated,identity_markers_removed,Donor5,0.00644246596031062,alpha_alone,50
ER_stress,Resolved,full_gene,Donor1,0.256072670852597,alpha_alone,50
ER_stress,Resolved,full_gene,Donor3,0.38618532882323,alpha_alone,50
ER_stress,Resolved,full_gene,Donor4,0.400532151131823,alpha_alone,50
ER_stress,Resolved,full_gene,Donor5,0.318268437429324,alpha_alone,50
ER_stress,Resolved,identity_markers_removed,Donor1,0.256072670852597,alpha_alone,50
ER_stress,Resolved,identity_markers_removed,Donor3,0.38618532882323,alpha_alone,50
ER_stress,Resolved,identity_markers_removed,Donor4,0.400532151131823,alpha_alone,50
ER_stress,Resolved,identity_markers_removed,Donor5,0.318268437429324,alpha_alone,50
ER_stress,Resolved; >=100 genes,full_gene,Donor3,0.3734454693421,alpha_alone,50
ER_stress,Resolved; >=100 genes,full_gene,Donor4,0.354102745130651,alpha_alone,50
ER_stress,Resolved; >=100 genes,identity_markers_removed,Donor3,0.3734454693421,alpha_alone,50
ER_stress,Resolved; >=100 genes,identity_markers_removed,Donor4,0.354102745130651,alpha_alone,50
Proliferation_stress,All annotated,full_gene,Donor1,0.0096049937405502,alpha_alone,50
Proliferation_stress,All annotated,full_gene,Donor2,0.0519580360815851,alpha_alone,50
Proliferation_stress,All annotated,full_gene,Donor3,0.0445989667395237,alpha_alone,50
Proliferation_stress,All annotated,full_gene,Donor4,0.0323815606449136,alpha_alone,50
Proliferation_stress,All annotated,full_gene,Donor5,-0.0404209987860971,alpha_alone,50
Proliferation_stress,All annotated,identity_markers_removed,Donor1,0.0096049937405502,alpha_alone,50
Proliferation_stress,All annotated,identity_markers_removed,Donor2,0.0519580360815851,alpha_alone,50
Proliferation_stress,All annotated,identity_markers_removed,Donor3,0.0445989667395237,alpha_alone,50
Proliferation_stress,All annotated,identity_markers_removed,Donor4,0.0323815606449136,alpha_alone,50
Proliferation_stress,All annotated,identity_markers_removed,Donor5,-0.0404209987860971,alpha_alone,50
Proliferation_stress,Resolved,full_gene,Donor1,0.0284641205216294,alpha_alone,50
Proliferation_stress,Resolved,full_gene,Donor3,0.0422795287662692,alpha_alone,50
Proliferation_stress,Resolved,full_gene,Donor4,0.0248948008319361,alpha_alone,50
Proliferation_stress,Resolved,full_gene,Donor5,0.0377651017656821,alpha_alone,50
Proliferation_stress,Resolved,identity_markers_removed,Donor1,0.0284641205216294,alpha_alone,50
Proliferation_stress,Resolved,identity_markers_removed,Donor3,0.0422795287662692,alpha_alone,50
Proliferation_stress,Resolved,identity_markers_removed,Donor4,0.0248948008319361,alpha_alone,50
Proliferation_stress,Resolved,identity_markers_removed,Donor5,0.0377651017656821,alpha_alone,50
Proliferation_stress,Resolved; >=100 genes,full_gene,Donor3,0.0316166808148693,alpha_alone,50
Proliferation_stress,Resolved; >=100 genes,full_gene,Donor4,0.00724707061327795,alpha_alone,50
Proliferation_stress,Resolved; >=100 genes,identity_markers_removed,Donor3,0.0316166808148693,alpha_alone,50
Proliferation_stress,Resolved; >=100 genes,identity_markers_removed,Donor4,0.00724707061327795,alpha_alone,50
Integrin_adhesion,All annotated,full_gene,Donor1,0.0608918331526609,alpha_alone,50
Integrin_adhesion,All annotated,full_gene,Donor2,0.0112375377967534,alpha_alone,50
Integrin_adhesion,All annotated,full_gene,Donor3,0.190668533203187,alpha_alone,50
Integrin_adhesion,All annotated,full_gene,Donor4,0.283227774288704,alpha_alone,50
Integrin_adhesion,All annotated,full_gene,Donor5,0.0486218640223293,alpha_alone,50
Integrin_adhesion,All annotated,identity_markers_removed,Donor1,0.0608918331526609,alpha_alone,50
Integrin_adhesion,All annotated,identity_markers_removed,Donor2,0.0112375377967534,alpha_alone,50
Integrin_adhesion,All annotated,identity_markers_removed,Donor3,0.190668533203187,alpha_alone,50
Integrin_adhesion,All annotated,identity_markers_removed,Donor4,0.283227774288704,alpha_alone,50
Integrin_adhesion,All annotated,identity_markers_removed,Donor5,0.0486218640223293,alpha_alone,50
Integrin_adhesion,Resolved,full_gene,Donor1,0.184224087388766,alpha_alone,50
Integrin_adhesion,Resolved,full_gene,Donor3,0.260625773309916,alpha_alone,50
Integrin_adhesion,Resolved,full_gene,Donor4,0.386989827914217,alpha_alone,50
Integrin_adhesion,Resolved,full_gene,Donor5,0.213327904871931,alpha_alone,50
Integrin_adhesion,Resolved,identity_markers_removed,Donor1,0.184224087388766,alpha_alone,50
Integrin_adhesion,Resolved,identity_markers_removed,Donor3,0.260625773309916,alpha_alone,50
Integrin_adhesion,Resolved,identity_markers_removed,Donor4,0.386989827914217,alpha_alone,50
Integrin_adhesion,Resolved,identity_markers_removed,Donor5,0.213327904871931,alpha_alone,50
Integrin_adhesion,Resolved; >=100 genes,full_gene,Donor3,0.242321181685812,alpha_alone,50
Integrin_adhesion,Resolved; >=100 genes,full_gene,Donor4,0.3539087059364,alpha_alone,50
Integrin_adhesion,Resolved; >=100 genes,identity_markers_removed,Donor3,0.242321181685812,alpha_alone,50
Integrin_adhesion,Resolved; >=100 genes,identity_markers_removed,Donor4,0.3539087059364,alpha_alone,50
CXCR4_aging_retention,All annotated,full_gene,Donor1,0.0987180759997246,alpha_alone,50
CXCR4_aging_retention,All annotated,full_gene,Donor2,0.0352014721193272,alpha_alone,50
CXCR4_aging_retention,All annotated,full_gene,Donor3,0.377352571843904,alpha_alone,50
CXCR4_aging_retention,All annotated,full_gene,Donor4,0.590156695549955,alpha_alone,50
CXCR4_aging_retention,All annotated,full_gene,Donor5,0.0274542406147519,alpha_alone,50
CXCR4_aging_retention,All annotated,identity_markers_removed,Donor1,0.118601295453788,alpha_alone,50
CXCR4_aging_retention,All annotated,identity_markers_removed,Donor2,0.0683004124501734,alpha_alone,50
CXCR4_aging_retention,All annotated,identity_markers_removed,Donor3,0.402084828599657,alpha_alone,50
CXCR4_aging_retention,All annotated,identity_markers_removed,Donor4,0.596248040591403,alpha_alone,50
CXCR4_aging_retention,All annotated,identity_markers_removed,Donor5,0.0653217215535781,alpha_alone,50
CXCR4_aging_retention,Resolved,full_gene,Donor1,0.629299750973619,alpha_alone,50
CXCR4_aging_retention,Resolved,full_gene,Donor3,0.574477649769832,alpha_alone,50
CXCR4_aging_retention,Resolved,full_gene,Donor4,0.73167054278711,alpha_alone,50
CXCR4_aging_retention,Resolved,full_gene,Donor5,0.6391848048512,alpha_alone,50
CXCR4_aging_retention,Resolved,identity_markers_removed,Donor1,0.652001393114551,alpha_alone,50
CXCR4_aging_retention,Resolved,identity_markers_removed,Donor3,0.596592407655094,alpha_alone,50
CXCR4_aging_retention,Resolved,identity_markers_removed,Donor4,0.743323765920097,alpha_alone,50
CXCR4_aging_retention,Resolved,identity_markers_removed,Donor5,0.654078971672179,alpha_alone,50
CXCR4_aging_retention,Resolved; >=100 genes,full_gene,Donor3,0.538779606019572,alpha_alone,50
CXCR4_aging_retention,Resolved; >=100 genes,full_gene,Donor4,0.638991720611164,alpha_alone,50
CXCR4_aging_retention,Resolved; >=100 genes,identity_markers_removed,Donor3,0.55823252013125,alpha_alone,50
CXCR4_aging_retention,Resolved; >=100 genes,identity_markers_removed,Donor4,0.657823233351879,alpha_alone,50
NETosis,All annotated,full_gene,Donor1,0.00734085380079599,UC_vs_control_fibroblasts,50
NETosis,All annotated,full_gene,Donor2,0.0140960957179722,UC_vs_control_fibroblasts,50
NETosis,All annotated,full_gene,Donor3,-0.0889023167778767,UC_vs_control_fibroblasts,50
NETosis,All annotated,full_gene,Donor4,-0.0705896351312229,UC_vs_control_fibroblasts,50
NETosis,All annotated,full_gene,Donor6,0.0157763453763536,UC_vs_control_fibroblasts,50
NETosis,All annotated,identity_markers_removed,Donor1,0.00494922275210497,UC_vs_control_fibroblasts,50
NETosis,All annotated,identity_markers_removed,Donor2,0.0122661749516977,UC_vs_control_fibroblasts,50
NETosis,All annotated,identity_markers_removed,Donor3,-0.0915307901766012,UC_vs_control_fibroblasts,50
NETosis,All annotated,identity_markers_removed,Donor4,-0.0720023779070569,UC_vs_control_fibroblasts,50
NETosis,All annotated,identity_markers_removed,Donor6,0.0169880607673845,UC_vs_control_fibroblasts,50
NETosis,Resolved,full_gene,Donor1,-0.00685586836011861,UC_vs_control_fibroblasts,50
NETosis,Resolved,full_gene,Donor3,-0.10493988480733,UC_vs_control_fibroblasts,50
NETosis,Resolved,full_gene,Donor4,-0.0777091176761608,UC_vs_control_fibroblasts,50
NETosis,Resolved,full_gene,Donor6,0.00959865706932754,UC_vs_control_fibroblasts,50
NETosis,Resolved,identity_markers_removed,Donor1,-0.0111345998438993,UC_vs_control_fibroblasts,50
NETosis,Resolved,identity_markers_removed,Donor3,-0.104473273493393,UC_vs_control_fibroblasts,50
NETosis,Resolved,identity_markers_removed,Donor4,-0.079270346180729,UC_vs_control_fibroblasts,50
NETosis,Resolved,identity_markers_removed,Donor6,0.00398182021698998,UC_vs_control_fibroblasts,50
NETosis,Resolved; >=100 genes,full_gene,Donor1,-0.0178686273903116,UC_vs_control_fibroblasts,50
NETosis,Resolved; >=100 genes,full_gene,Donor3,-0.106646930754902,UC_vs_control_fibroblasts,50
NETosis,Resolved; >=100 genes,full_gene,Donor4,-0.0767635503600694,UC_vs_control_fibroblasts,50
NETosis,Resolved; >=100 genes,full_gene,Donor6,0.00598199541313457,UC_vs_control_fibroblasts,50
NETosis,Resolved; >=100 genes,identity_markers_removed,Donor1,-0.0173731767693278,UC_vs_control_fibroblasts,50
NETosis,Resolved; >=100 genes,identity_markers_removed,Donor3,-0.10621918247336,UC_vs_control_fibroblasts,50
NETosis,Resolved; >=100 genes,identity_markers_removed,Donor4,-0.0780254213151086,UC_vs_control_fibroblasts,50
NETosis,Resolved; >=100 genes,identity_markers_removed,Donor6,0.00514518950243598,UC_vs_control_fibroblasts,50
Degranulation,All annotated,full_gene,Donor1,0.0118296340762517,UC_vs_control_fibroblasts,50
Degranulation,All annotated,full_gene,Donor2,-0.0623982237020199,UC_vs_control_fibroblasts,50
Degranulation,All annotated,full_gene,Donor3,-0.0566285185624012,UC_vs_control_fibroblasts,50
Degranulation,All annotated,full_gene,Donor4,-0.0473576288270017,UC_vs_control_fibroblasts,50
Degranulation,All annotated,full_gene,Donor6,-0.00963217782861253,UC_vs_control_fibroblasts,50
Degranulation,All annotated,identity_markers_removed,Donor1,0.0118296340762517,UC_vs_control_fibroblasts,50
Degranulation,All annotated,identity_markers_removed,Donor2,-0.0623982237020199,UC_vs_control_fibroblasts,50
Degranulation,All annotated,identity_markers_removed,Donor3,-0.0566285185624012,UC_vs_control_fibroblasts,50
Degranulation,All annotated,identity_markers_removed,Donor4,-0.0473576288270017,UC_vs_control_fibroblasts,50
Degranulation,All annotated,identity_markers_removed,Donor6,-0.00963217782861253,UC_vs_control_fibroblasts,50
Degranulation,Resolved,full_gene,Donor1,-0.0271511878840139,UC_vs_control_fibroblasts,50
Degranulation,Resolved,full_gene,Donor3,-0.0583291797325058,UC_vs_control_fibroblasts,50
Degranulation,Resolved,full_gene,Donor4,-0.058608227152432,UC_vs_control_fibroblasts,50
Degranulation,Resolved,full_gene,Donor6,0.0122524038578185,UC_vs_control_fibroblasts,50
Degranulation,Resolved,identity_markers_removed,Donor1,-0.0271511878840139,UC_vs_control_fibroblasts,50
Degranulation,Resolved,identity_markers_removed,Donor3,-0.0583291797325058,UC_vs_control_fibroblasts,50
Degranulation,Resolved,identity_markers_removed,Donor4,-0.058608227152432,UC_vs_control_fibroblasts,50
Degranulation,Resolved,identity_markers_removed,Donor6,0.0122524038578185,UC_vs_control_fibroblasts,50
Degranulation,Resolved; >=100 genes,full_gene,Donor1,-0.0266498391481323,UC_vs_control_fibroblasts,50
Degranulation,Resolved; >=100 genes,full_gene,Donor3,-0.0595508969668075,UC_vs_control_fibroblasts,50
Degranulation,Resolved; >=100 genes,full_gene,Donor4,-0.0598973540137246,UC_vs_control_fibroblasts,50
Degranulation,Resolved; >=100 genes,full_gene,Donor6,0.0118035900660045,UC_vs_control_fibroblasts,50
Degranulation,Resolved; >=100 genes,identity_markers_removed,Donor1,-0.0266498391481323,UC_vs_control_fibroblasts,50
Degranulation,Resolved; >=100 genes,identity_markers_removed,Donor3,-0.0595508969668075,UC_vs_control_fibroblasts,50
Degranulation,Resolved; >=100 genes,identity_markers_removed,Donor4,-0.0598973540137246,UC_vs_control_fibroblasts,50
Degranulation,Resolved; >=100 genes,identity_markers_removed,Donor6,0.0118035900660045,UC_vs_control_fibroblasts,50
Oxidative_burst,All annotated,full_gene,Donor1,0.038495268279234,UC_vs_control_fibroblasts,50
Oxidative_burst,All annotated,full_gene,Donor2,-0.0244284181310902,UC_vs_control_fibroblasts,50
Oxidative_burst,All annotated,full_gene,Donor3,-0.125783949272649,UC_vs_control_fibroblasts,50
Oxidative_burst,All annotated,full_gene,Donor4,-0.112136393586496,UC_vs_control_fibroblasts,50
Oxidative_burst,All annotated,full_gene,Donor6,0.00868018438353363,UC_vs_control_fibroblasts,50
Oxidative_burst,All annotated,identity_markers_removed,Donor1,0.038495268279234,UC_vs_control_fibroblasts,50
Oxidative_burst,All annotated,identity_markers_removed,Donor2,-0.0244284181310902,UC_vs_control_fibroblasts,50
Oxidative_burst,All annotated,identity_markers_removed,Donor3,-0.125783949272649,UC_vs_control_fibroblasts,50
Oxidative_burst,All annotated,identity_markers_removed,Donor4,-0.112136393586496,UC_vs_control_fibroblasts,50
Oxidative_burst,All annotated,identity_markers_removed,Donor6,0.00868018438353363,UC_vs_control_fibroblasts,50
Oxidative_burst,Resolved,full_gene,Donor1,0.0474855682960228,UC_vs_control_fibroblasts,50
Oxidative_burst,Resolved,full_gene,Donor3,-0.130112382279421,UC_vs_control_fibroblasts,50
Oxidative_burst,Resolved,full_gene,Donor4,-0.111263046793379,UC_vs_control_fibroblasts,50
Oxidative_burst,Resolved,full_gene,Donor6,0.0314747428475484,UC_vs_control_fibroblasts,50
Oxidative_burst,Resolved,identity_markers_removed,Donor1,0.0474855682960228,UC_vs_control_fibroblasts,50
Oxidative_burst,Resolved,identity_markers_removed,Donor3,-0.130112382279421,UC_vs_control_fibroblasts,50
Oxidative_burst,Resolved,identity_markers_removed,Donor4,-0.111263046793379,UC_vs_control_fibroblasts,50
Oxidative_burst,Resolved,identity_markers_removed,Donor6,0.0314747428475484,UC_vs_control_fibroblasts,50
Oxidative_burst,Resolved; >=100 genes,full_gene,Donor1,0.0393829225498808,UC_vs_control_fibroblasts,50
Oxidative_burst,Resolved; >=100 genes,full_gene,Donor3,-0.13218781850474,UC_vs_control_fibroblasts,50
Oxidative_burst,Resolved; >=100 genes,full_gene,Donor4,-0.108988292471526,UC_vs_control_fibroblasts,50
Oxidative_burst,Resolved; >=100 genes,full_gene,Donor6,0.0308734643952046,UC_vs_control_fibroblasts,50
Oxidative_burst,Resolved; >=100 genes,identity_markers_removed,Donor1,0.0393829225498808,UC_vs_control_fibroblasts,50
Oxidative_burst,Resolved; >=100 genes,identity_markers_removed,Donor3,-0.13218781850474,UC_vs_control_fibroblasts,50
Oxidative_burst,Resolved; >=100 genes,identity_markers_removed,Donor4,-0.108988292471526,UC_vs_control_fibroblasts,50
Oxidative_burst,Resolved; >=100 genes,identity_markers_removed,Donor6,0.0308734643952046,UC_vs_control_fibroblasts,50
Phagocytosis,All annotated,full_gene,Donor1,0.0344966154400606,UC_vs_control_fibroblasts,50
Phagocytosis,All annotated,full_gene,Donor2,-0.060742116738528,UC_vs_control_fibroblasts,50
Phagocytosis,All annotated,full_gene,Donor3,-0.152491745235654,UC_vs_control_fibroblasts,50
Phagocytosis,All annotated,full_gene,Donor4,-0.147017955859744,UC_vs_control_fibroblasts,50
Phagocytosis,All annotated,full_gene,Donor6,-0.00859073446945591,UC_vs_control_fibroblasts,50
Phagocytosis,All annotated,identity_markers_removed,Donor1,0.0344966154400606,UC_vs_control_fibroblasts,50
Phagocytosis,All annotated,identity_markers_removed,Donor2,-0.060742116738528,UC_vs_control_fibroblasts,50
Phagocytosis,All annotated,identity_markers_removed,Donor3,-0.152491745235654,UC_vs_control_fibroblasts,50
Phagocytosis,All annotated,identity_markers_removed,Donor4,-0.147017955859744,UC_vs_control_fibroblasts,50
Phagocytosis,All annotated,identity_markers_removed,Donor6,-0.00859073446945591,UC_vs_control_fibroblasts,50
Phagocytosis,Resolved,full_gene,Donor1,0.0218567030957758,UC_vs_control_fibroblasts,50
Phagocytosis,Resolved,full_gene,Donor3,-0.146510452847676,UC_vs_control_fibroblasts,50
Phagocytosis,Resolved,full_gene,Donor4,-0.161428141454934,UC_vs_control_fibroblasts,50
Phagocytosis,Resolved,full_gene,Donor6,-0.033289224101127,UC_vs_control_fibroblasts,50
Phagocytosis,Resolved,identity_markers_removed,Donor1,0.0218567030957758,UC_vs_control_fibroblasts,50
Phagocytosis,Resolved,identity_markers_removed,Donor3,-0.146510452847676,UC_vs_control_fibroblasts,50
Phagocytosis,Resolved,identity_markers_removed,Donor4,-0.161428141454934,UC_vs_control_fibroblasts,50
Phagocytosis,Resolved,identity_markers_removed,Donor6,-0.033289224101127,UC_vs_control_fibroblasts,50
Phagocytosis,Resolved; >=100 genes,full_gene,Donor1,0.0087946503941565,UC_vs_control_fibroblasts,50
Phagocytosis,Resolved; >=100 genes,full_gene,Donor3,-0.148477804050034,UC_vs_control_fibroblasts,50
Phagocytosis,Resolved; >=100 genes,full_gene,Donor4,-0.158885988206885,UC_vs_control_fibroblasts,50
Phagocytosis,Resolved; >=100 genes,full_gene,Donor6,-0.0361115566196991,UC_vs_control_fibroblasts,50
Phagocytosis,Resolved; >=100 genes,identity_markers_removed,Donor1,0.0087946503941565,UC_vs_control_fibroblasts,50
Phagocytosis,Resolved; >=100 genes,identity_markers_removed,Donor3,-0.148477804050034,UC_vs_control_fibroblasts,50
Phagocytosis,Resolved; >=100 genes,identity_markers_removed,Donor4,-0.158885988206885,UC_vs_control_fibroblasts,50
Phagocytosis,Resolved; >=100 genes,identity_markers_removed,Donor6,-0.0361115566196991,UC_vs_control_fibroblasts,50
Chemotaxis,All annotated,full_gene,Donor1,0.0560727029132893,UC_vs_control_fibroblasts,50
Chemotaxis,All annotated,full_gene,Donor2,-0.0494419665392459,UC_vs_control_fibroblasts,50
Chemotaxis,All annotated,full_gene,Donor3,-0.100165688361483,UC_vs_control_fibroblasts,50
Chemotaxis,All annotated,full_gene,Donor4,-0.103655578133497,UC_vs_control_fibroblasts,50
Chemotaxis,All annotated,full_gene,Donor6,0.00577282857667105,UC_vs_control_fibroblasts,50
Chemotaxis,All annotated,identity_markers_removed,Donor1,0.0465359920797593,UC_vs_control_fibroblasts,50
Chemotaxis,All annotated,identity_markers_removed,Donor2,-0.0633153629629081,UC_vs_control_fibroblasts,50
Chemotaxis,All annotated,identity_markers_removed,Donor3,-0.0972687849999623,UC_vs_control_fibroblasts,50
Chemotaxis,All annotated,identity_markers_removed,Donor4,-0.0978796781777306,UC_vs_control_fibroblasts,50
Chemotaxis,All annotated,identity_markers_removed,Donor6,0.00223234191010807,UC_vs_control_fibroblasts,50
Chemotaxis,Resolved,full_gene,Donor1,0.032421945889773,UC_vs_control_fibroblasts,50
Chemotaxis,Resolved,full_gene,Donor3,-0.0741539281554203,UC_vs_control_fibroblasts,50
Chemotaxis,Resolved,full_gene,Donor4,-0.0973010423325905,UC_vs_control_fibroblasts,50
Chemotaxis,Resolved,full_gene,Donor6,0.0261472822361409,UC_vs_control_fibroblasts,50
Chemotaxis,Resolved,identity_markers_removed,Donor1,0.0289767156751051,UC_vs_control_fibroblasts,50
Chemotaxis,Resolved,identity_markers_removed,Donor3,-0.0754070432276325,UC_vs_control_fibroblasts,50
Chemotaxis,Resolved,identity_markers_removed,Donor4,-0.0927327741798026,UC_vs_control_fibroblasts,50
Chemotaxis,Resolved,identity_markers_removed,Donor6,0.0184448785007341,UC_vs_control_fibroblasts,50
Chemotaxis,Resolved; >=100 genes,full_gene,Donor1,0.0152802814665159,UC_vs_control_fibroblasts,50
Chemotaxis,Resolved; >=100 genes,full_gene,Donor3,-0.0750593788509404,UC_vs_control_fibroblasts,50
Chemotaxis,Resolved; >=100 genes,full_gene,Donor4,-0.0954759240984467,UC_vs_control_fibroblasts,50
Chemotaxis,Resolved; >=100 genes,full_gene,Donor6,0.0219556366385981,UC_vs_control_fibroblasts,50
Chemotaxis,Resolved; >=100 genes,identity_markers_removed,Donor1,0.020466994459033,UC_vs_control_fibroblasts,50
Chemotaxis,Resolved; >=100 genes,identity_markers_removed,Donor3,-0.0758074281651869,UC_vs_control_fibroblasts,50
Chemotaxis,Resolved; >=100 genes,identity_markers_removed,Donor4,-0.0908864076702802,UC_vs_control_fibroblasts,50
Chemotaxis,Resolved; >=100 genes,identity_markers_removed,Donor6,0.0208550613418849,UC_vs_control_fibroblasts,50
OSM_inflammation,All annotated,full_gene,Donor1,0.0846001007648032,UC_vs_control_fibroblasts,50
OSM_inflammation,All annotated,full_gene,Donor2,0.0340231113331464,UC_vs_control_fibroblasts,50
OSM_inflammation,All annotated,full_gene,Donor3,-0.0462440317669877,UC_vs_control_fibroblasts,50
OSM_inflammation,All annotated,full_gene,Donor4,0.0245816781223707,UC_vs_control_fibroblasts,50
OSM_inflammation,All annotated,full_gene,Donor6,0.052044048131604,UC_vs_control_fibroblasts,50
OSM_inflammation,All annotated,identity_markers_removed,Donor1,0.0906817702014202,UC_vs_control_fibroblasts,50
OSM_inflammation,All annotated,identity_markers_removed,Donor2,0.0623760783443882,UC_vs_control_fibroblasts,50
OSM_inflammation,All annotated,identity_markers_removed,Donor3,-0.0256614120905048,UC_vs_control_fibroblasts,50
OSM_inflammation,All annotated,identity_markers_removed,Donor4,0.0560134567566785,UC_vs_control_fibroblasts,50
OSM_inflammation,All annotated,identity_markers_removed,Donor6,0.0593534030923548,UC_vs_control_fibroblasts,50
OSM_inflammation,Resolved,full_gene,Donor1,0.0710090075110514,UC_vs_control_fibroblasts,50
OSM_inflammation,Resolved,full_gene,Donor3,-0.011999264249613,UC_vs_control_fibroblasts,50
OSM_inflammation,Resolved,full_gene,Donor4,0.0857054710750155,UC_vs_control_fibroblasts,50
OSM_inflammation,Resolved,full_gene,Donor6,0.0857873089431219,UC_vs_control_fibroblasts,50
OSM_inflammation,Resolved,identity_markers_removed,Donor1,0.0888472810184715,UC_vs_control_fibroblasts,50
OSM_inflammation,Resolved,identity_markers_removed,Donor3,0.0160834408602559,UC_vs_control_fibroblasts,50
OSM_inflammation,Resolved,identity_markers_removed,Donor4,0.125756090083627,UC_vs_control_fibroblasts,50
OSM_inflammation,Resolved,identity_markers_removed,Donor6,0.0976493761744942,UC_vs_control_fibroblasts,50
OSM_inflammation,Resolved; >=100 genes,full_gene,Donor1,0.0712171377409671,UC_vs_control_fibroblasts,50
OSM_inflammation,Resolved; >=100 genes,full_gene,Donor3,-0.0126640129929748,UC_vs_control_fibroblasts,50
OSM_inflammation,Resolved; >=100 genes,full_gene,Donor4,0.0908502938449206,UC_vs_control_fibroblasts,50
OSM_inflammation,Resolved; >=100 genes,full_gene,Donor6,0.0877756206928498,UC_vs_control_fibroblasts,50
OSM_inflammation,Resolved; >=100 genes,identity_markers_removed,Donor1,0.0900934304893906,UC_vs_control_fibroblasts,50
OSM_inflammation,Resolved; >=100 genes,identity_markers_removed,Donor3,0.01576510539191,UC_vs_control_fibroblasts,50
OSM_inflammation,Resolved; >=100 genes,identity_markers_removed,Donor4,0.130887512265475,UC_vs_control_fibroblasts,50
OSM_inflammation,Resolved; >=100 genes,identity_markers_removed,Donor6,0.101757287569208,UC_vs_control_fibroblasts,50
Type_I_interferon,All annotated,full_gene,Donor1,0.00580702595917331,UC_vs_control_fibroblasts,50
Type_I_interferon,All annotated,full_gene,Donor2,-0.0152246847994846,UC_vs_control_fibroblasts,50
Type_I_interferon,All annotated,full_gene,Donor3,0.00251027919366557,UC_vs_control_fibroblasts,50
Type_I_interferon,All annotated,full_gene,Donor4,-0.0289703830649696,UC_vs_control_fibroblasts,50
Type_I_interferon,All annotated,full_gene,Donor6,-0.0020897740270746,UC_vs_control_fibroblasts,50
Type_I_interferon,All annotated,identity_markers_removed,Donor1,0.000823486132817609,UC_vs_control_fibroblasts,50
Type_I_interferon,All annotated,identity_markers_removed,Donor2,-0.0209928225512907,UC_vs_control_fibroblasts,50
Type_I_interferon,All annotated,identity_markers_removed,Donor3,0.00253862312273446,UC_vs_control_fibroblasts,50
Type_I_interferon,All annotated,identity_markers_removed,Donor4,-0.0323790096621986,UC_vs_control_fibroblasts,50
Type_I_interferon,All annotated,identity_markers_removed,Donor6,-0.00230270956147757,UC_vs_control_fibroblasts,50
Type_I_interferon,Resolved,full_gene,Donor1,-0.0241585244690184,UC_vs_control_fibroblasts,50
Type_I_interferon,Resolved,full_gene,Donor3,0.00217746087237347,UC_vs_control_fibroblasts,50
Type_I_interferon,Resolved,full_gene,Donor4,-0.0418288123375821,UC_vs_control_fibroblasts,50
Type_I_interferon,Resolved,full_gene,Donor6,-0.0122047312064868,UC_vs_control_fibroblasts,50
Type_I_interferon,Resolved,identity_markers_removed,Donor1,-0.037200548333219,UC_vs_control_fibroblasts,50
Type_I_interferon,Resolved,identity_markers_removed,Donor3,0.00159496031724038,UC_vs_control_fibroblasts,50
Type_I_interferon,Resolved,identity_markers_removed,Donor4,-0.0445867588915958,UC_vs_control_fibroblasts,50
Type_I_interferon,Resolved,identity_markers_removed,Donor6,-0.00781730086918229,UC_vs_control_fibroblasts,50
Type_I_interferon,Resolved; >=100 genes,full_gene,Donor1,-0.027687340666682,UC_vs_control_fibroblasts,50
Type_I_interferon,Resolved; >=100 genes,full_gene,Donor3,0.0021842378381594,UC_vs_control_fibroblasts,50
Type_I_interferon,Resolved; >=100 genes,full_gene,Donor4,-0.0416271270459353,UC_vs_control_fibroblasts,50
Type_I_interferon,Resolved; >=100 genes,full_gene,Donor6,-0.0123505150921153,UC_vs_control_fibroblasts,50
Type_I_interferon,Resolved; >=100 genes,identity_markers_removed,Donor1,-0.045068027735615,UC_vs_control_fibroblasts,50
Type_I_interferon,Resolved; >=100 genes,identity_markers_removed,Donor3,0.00159450555013629,UC_vs_control_fibroblasts,50
Type_I_interferon,Resolved; >=100 genes,identity_markers_removed,Donor4,-0.0444080899336561,UC_vs_control_fibroblasts,50
Type_I_interferon,Resolved; >=100 genes,identity_markers_removed,Donor6,-0.00717472751779118,UC_vs_control_fibroblasts,50
Immature_granulopoiesis,All annotated,full_gene,Donor1,0.0191601069859554,UC_vs_control_fibroblasts,50
Immature_granulopoiesis,All annotated,full_gene,Donor2,-0.0194236965903674,UC_vs_control_fibroblasts,50
Immature_granulopoiesis,All annotated,full_gene,Donor3,0.00505986976411337,UC_vs_control_fibroblasts,50
Immature_granulopoiesis,All annotated,full_gene,Donor4,0.0137227748639462,UC_vs_control_fibroblasts,50
Immature_granulopoiesis,All annotated,full_gene,Donor6,0.00459687645421453,UC_vs_control_fibroblasts,50
Immature_granulopoiesis,All annotated,identity_markers_removed,Donor1,0.0191601069859554,UC_vs_control_fibroblasts,50
Immature_granulopoiesis,All annotated,identity_markers_removed,Donor2,-0.0194236965903674,UC_vs_control_fibroblasts,50
Immature_granulopoiesis,All annotated,identity_markers_removed,Donor3,0.00505986976411337,UC_vs_control_fibroblasts,50
Immature_granulopoiesis,All annotated,identity_markers_removed,Donor4,0.0137227748639462,UC_vs_control_fibroblasts,50
Immature_granulopoiesis,All annotated,identity_markers_removed,Donor6,0.00459687645421453,UC_vs_control_fibroblasts,50
Immature_granulopoiesis,Resolved,full_gene,Donor1,0.0138314817271068,UC_vs_control_fibroblasts,50
Immature_granulopoiesis,Resolved,full_gene,Donor3,0.00482518161730236,UC_vs_control_fibroblasts,50
Immature_granulopoiesis,Resolved,full_gene,Donor4,0.0139508799734657,UC_vs_control_fibroblasts,50
Immature_granulopoiesis,Resolved,full_gene,Donor6,0.0370807904362829,UC_vs_control_fibroblasts,50
Immature_granulopoiesis,Resolved,identity_markers_removed,Donor1,0.0138314817271068,UC_vs_control_fibroblasts,50
Immature_granulopoiesis,Resolved,identity_markers_removed,Donor3,0.00482518161730236,UC_vs_control_fibroblasts,50
Immature_granulopoiesis,Resolved,identity_markers_removed,Donor4,0.0139508799734657,UC_vs_control_fibroblasts,50
Immature_granulopoiesis,Resolved,identity_markers_removed,Donor6,0.0370807904362829,UC_vs_control_fibroblasts,50
Immature_granulopoiesis,Resolved; >=100 genes,full_gene,Donor1,0.00991967429002297,UC_vs_control_fibroblasts,50
Immature_granulopoiesis,Resolved; >=100 genes,full_gene,Donor3,0.00464906934919598,UC_vs_control_fibroblasts,50
Immature_granulopoiesis,Resolved; >=100 genes,full_gene,Donor4,0.0117104365555985,UC_vs_control_fibroblasts,50
Immature_granulopoiesis,Resolved; >=100 genes,full_gene,Donor6,0.0360293950983578,UC_vs_control_fibroblasts,50
Immature_granulopoiesis,Resolved; >=100 genes,identity_markers_removed,Donor1,0.00991967429002297,UC_vs_control_fibroblasts,50
Immature_granulopoiesis,Resolved; >=100 genes,identity_markers_removed,Donor3,0.00464906934919598,UC_vs_control_fibroblasts,50
Immature_granulopoiesis,Resolved; >=100 genes,identity_markers_removed,Donor4,0.0117104365555985,UC_vs_control_fibroblasts,50
Immature_granulopoiesis,Resolved; >=100 genes,identity_markers_removed,Donor6,0.0360293950983578,UC_vs_control_fibroblasts,50
Survival_antiapoptosis,All annotated,full_gene,Donor1,0.0207448492643395,UC_vs_control_fibroblasts,50
Survival_antiapoptosis,All annotated,full_gene,Donor2,0.012356815404099,UC_vs_control_fibroblasts,50
Survival_antiapoptosis,All annotated,full_gene,Donor3,-0.0629052552823548,UC_vs_control_fibroblasts,50
Survival_antiapoptosis,All annotated,full_gene,Donor4,-0.0686270837355221,UC_vs_control_fibroblasts,50
Survival_antiapoptosis,All annotated,full_gene,Donor6,-0.0105570154445082,UC_vs_control_fibroblasts,50
Survival_antiapoptosis,All annotated,identity_markers_removed,Donor1,0.0207448492643395,UC_vs_control_fibroblasts,50
Survival_antiapoptosis,All annotated,identity_markers_removed,Donor2,0.012356815404099,UC_vs_control_fibroblasts,50
Survival_antiapoptosis,All annotated,identity_markers_removed,Donor3,-0.0629052552823548,UC_vs_control_fibroblasts,50
Survival_antiapoptosis,All annotated,identity_markers_removed,Donor4,-0.0686270837355221,UC_vs_control_fibroblasts,50
Survival_antiapoptosis,All annotated,identity_markers_removed,Donor6,-0.0105570154445082,UC_vs_control_fibroblasts,50
Survival_antiapoptosis,Resolved,full_gene,Donor1,0.0294414720641581,UC_vs_control_fibroblasts,50
Survival_antiapoptosis,Resolved,full_gene,Donor3,-0.057426375947806,UC_vs_control_fibroblasts,50
Survival_antiapoptosis,Resolved,full_gene,Donor4,-0.0536551898925994,UC_vs_control_fibroblasts,50
Survival_antiapoptosis,Resolved,full_gene,Donor6,0.0114594035963785,UC_vs_control_fibroblasts,50
Survival_antiapoptosis,Resolved,identity_markers_removed,Donor1,0.0294414720641581,UC_vs_control_fibroblasts,50
Survival_antiapoptosis,Resolved,identity_markers_removed,Donor3,-0.057426375947806,UC_vs_control_fibroblasts,50
Survival_antiapoptosis,Resolved,identity_markers_removed,Donor4,-0.0536551898925994,UC_vs_control_fibroblasts,50
Survival_antiapoptosis,Resolved,identity_markers_removed,Donor6,0.0114594035963785,UC_vs_control_fibroblasts,50
Survival_antiapoptosis,Resolved; >=100 genes,full_gene,Donor1,0.0245857443243913,UC_vs_control_fibroblasts,50
Survival_antiapoptosis,Resolved; >=100 genes,full_gene,Donor3,-0.0578268850704955,UC_vs_control_fibroblasts,50
Survival_antiapoptosis,Resolved; >=100 genes,full_gene,Donor4,-0.0501346116963901,UC_vs_control_fibroblasts,50
Survival_antiapoptosis,Resolved; >=100 genes,full_gene,Donor6,0.00794968419642311,UC_vs_control_fibroblasts,50
Survival_antiapoptosis,Resolved; >=100 genes,identity_markers_removed,Donor1,0.0245857443243913,UC_vs_control_fibroblasts,50
Survival_antiapoptosis,Resolved; >=100 genes,identity_markers_removed,Donor3,-0.0578268850704955,UC_vs_control_fibroblasts,50
Survival_antiapoptosis,Resolved; >=100 genes,identity_markers_removed,Donor4,-0.0501346116963901,UC_vs_control_fibroblasts,50
Survival_antiapoptosis,Resolved; >=100 genes,identity_markers_removed,Donor6,0.00794968419642311,UC_vs_control_fibroblasts,50
Hypoxia_glycolysis,All annotated,full_gene,Donor1,0.0110906892592588,UC_vs_control_fibroblasts,50
Hypoxia_glycolysis,All annotated,full_gene,Donor2,-0.0887464930130646,UC_vs_control_fibroblasts,50
Hypoxia_glycolysis,All annotated,full_gene,Donor3,-0.0852965228355043,UC_vs_control_fibroblasts,50
Hypoxia_glycolysis,All annotated,full_gene,Donor4,-0.0836161415567627,UC_vs_control_fibroblasts,50
Hypoxia_glycolysis,All annotated,full_gene,Donor6,0.00254271571258699,UC_vs_control_fibroblasts,50
Hypoxia_glycolysis,All annotated,identity_markers_removed,Donor1,0.0110906892592588,UC_vs_control_fibroblasts,50
Hypoxia_glycolysis,All annotated,identity_markers_removed,Donor2,-0.0887464930130646,UC_vs_control_fibroblasts,50
Hypoxia_glycolysis,All annotated,identity_markers_removed,Donor3,-0.0852965228355043,UC_vs_control_fibroblasts,50
Hypoxia_glycolysis,All annotated,identity_markers_removed,Donor4,-0.0836161415567627,UC_vs_control_fibroblasts,50
Hypoxia_glycolysis,All annotated,identity_markers_removed,Donor6,0.00254271571258699,UC_vs_control_fibroblasts,50
Hypoxia_glycolysis,Resolved,full_gene,Donor1,-0.0140739612165544,UC_vs_control_fibroblasts,50
Hypoxia_glycolysis,Resolved,full_gene,Donor3,-0.0894420512727342,UC_vs_control_fibroblasts,50
Hypoxia_glycolysis,Resolved,full_gene,Donor4,-0.0981889050829328,UC_vs_control_fibroblasts,50
Hypoxia_glycolysis,Resolved,full_gene,Donor6,0.00884598399088212,UC_vs_control_fibroblasts,50
Hypoxia_glycolysis,Resolved,identity_markers_removed,Donor1,-0.0140739612165544,UC_vs_control_fibroblasts,50
Hypoxia_glycolysis,Resolved,identity_markers_removed,Donor3,-0.0894420512727342,UC_vs_control_fibroblasts,50
Hypoxia_glycolysis,Resolved,identity_markers_removed,Donor4,-0.0981889050829328,UC_vs_control_fibroblasts,50
Hypoxia_glycolysis,Resolved,identity_markers_removed,Donor6,0.00884598399088212,UC_vs_control_fibroblasts,50
Hypoxia_glycolysis,Resolved; >=100 genes,full_gene,Donor1,-0.022093376718264,UC_vs_control_fibroblasts,50
Hypoxia_glycolysis,Resolved; >=100 genes,full_gene,Donor3,-0.0912621398487779,UC_vs_control_fibroblasts,50
Hypoxia_glycolysis,Resolved; >=100 genes,full_gene,Donor4,-0.0984588189716586,UC_vs_control_fibroblasts,50
Hypoxia_glycolysis,Resolved; >=100 genes,full_gene,Donor6,0.00810868768190252,UC_vs_control_fibroblasts,50
Hypoxia_glycolysis,Resolved; >=100 genes,identity_markers_removed,Donor1,-0.022093376718264,UC_vs_control_fibroblasts,50
Hypoxia_glycolysis,Resolved; >=100 genes,identity_markers_removed,Donor3,-0.0912621398487779,UC_vs_control_fibroblasts,50
Hypoxia_glycolysis,Resolved; >=100 genes,identity_markers_removed,Donor4,-0.0984588189716586,UC_vs_control_fibroblasts,50
Hypoxia_glycolysis,Resolved; >=100 genes,identity_markers_removed,Donor6,0.00810868768190252,UC_vs_control_fibroblasts,50
ER_stress,All annotated,full_gene,Donor1,0.0583396750674408,UC_vs_control_fibroblasts,50
ER_stress,All annotated,full_gene,Donor2,-0.0431507453081959,UC_vs_control_fibroblasts,50
ER_stress,All annotated,full_gene,Donor3,-0.0750932572686952,UC_vs_control_fibroblasts,50
ER_stress,All annotated,full_gene,Donor4,-0.0905527134165406,UC_vs_control_fibroblasts,50
ER_stress,All annotated,full_gene,Donor6,-0.00121565180549782,UC_vs_control_fibroblasts,50
ER_stress,All annotated,identity_markers_removed,Donor1,0.0583396750674408,UC_vs_control_fibroblasts,50
ER_stress,All annotated,identity_markers_removed,Donor2,-0.0431507453081959,UC_vs_control_fibroblasts,50
ER_stress,All annotated,identity_markers_removed,Donor3,-0.0750932572686952,UC_vs_control_fibroblasts,50
ER_stress,All annotated,identity_markers_removed,Donor4,-0.0905527134165406,UC_vs_control_fibroblasts,50
ER_stress,All annotated,identity_markers_removed,Donor6,-0.00121565180549782,UC_vs_control_fibroblasts,50
ER_stress,Resolved,full_gene,Donor1,0.0841644274713119,UC_vs_control_fibroblasts,50
ER_stress,Resolved,full_gene,Donor3,-0.0659341278908353,UC_vs_control_fibroblasts,50
ER_stress,Resolved,full_gene,Donor4,-0.08809147352528,UC_vs_control_fibroblasts,50
ER_stress,Resolved,full_gene,Donor6,-0.0150815846860496,UC_vs_control_fibroblasts,50
ER_stress,Resolved,identity_markers_removed,Donor1,0.0841644274713119,UC_vs_control_fibroblasts,50
ER_stress,Resolved,identity_markers_removed,Donor3,-0.0659341278908353,UC_vs_control_fibroblasts,50
ER_stress,Resolved,identity_markers_removed,Donor4,-0.08809147352528,UC_vs_control_fibroblasts,50
ER_stress,Resolved,identity_markers_removed,Donor6,-0.0150815846860496,UC_vs_control_fibroblasts,50
ER_stress,Resolved; >=100 genes,full_gene,Donor1,0.0868351798641766,UC_vs_control_fibroblasts,50
ER_stress,Resolved; >=100 genes,full_gene,Donor3,-0.0666805675337619,UC_vs_control_fibroblasts,50
ER_stress,Resolved; >=100 genes,full_gene,Donor4,-0.0854467388868526,UC_vs_control_fibroblasts,50
ER_stress,Resolved; >=100 genes,full_gene,Donor6,-0.00937579535306299,UC_vs_control_fibroblasts,50
ER_stress,Resolved; >=100 genes,identity_markers_removed,Donor1,0.0868351798641766,UC_vs_control_fibroblasts,50
ER_stress,Resolved; >=100 genes,identity_markers_removed,Donor3,-0.0666805675337619,UC_vs_control_fibroblasts,50
ER_stress,Resolved; >=100 genes,identity_markers_removed,Donor4,-0.0854467388868526,UC_vs_control_fibroblasts,50
ER_stress,Resolved; >=100 genes,identity_markers_removed,Donor6,-0.00937579535306299,UC_vs_control_fibroblasts,50
Proliferation_stress,All annotated,full_gene,Donor1,0.0210129958453052,UC_vs_control_fibroblasts,50
Proliferation_stress,All annotated,full_gene,Donor2,-0.154247753946103,UC_vs_control_fibroblasts,50
Proliferation_stress,All annotated,full_gene,Donor3,0.0162361419939214,UC_vs_control_fibroblasts,50
Proliferation_stress,All annotated,full_gene,Donor4,0.00951546061467142,UC_vs_control_fibroblasts,50
Proliferation_stress,All annotated,full_gene,Donor6,0.040756910731301,UC_vs_control_fibroblasts,50
Proliferation_stress,All annotated,identity_markers_removed,Donor1,0.0210129958453052,UC_vs_control_fibroblasts,50
Proliferation_stress,All annotated,identity_markers_removed,Donor2,-0.154247753946103,UC_vs_control_fibroblasts,50
Proliferation_stress,All annotated,identity_markers_removed,Donor3,0.0162361419939214,UC_vs_control_fibroblasts,50
Proliferation_stress,All annotated,identity_markers_removed,Donor4,0.00951546061467142,UC_vs_control_fibroblasts,50
Proliferation_stress,All annotated,identity_markers_removed,Donor6,0.040756910731301,UC_vs_control_fibroblasts,50
Proliferation_stress,Resolved,full_gene,Donor1,0.0205704124468783,UC_vs_control_fibroblasts,50
Proliferation_stress,Resolved,full_gene,Donor3,0.0229917186092663,UC_vs_control_fibroblasts,50
Proliferation_stress,Resolved,full_gene,Donor4,0.000362186007984662,UC_vs_control_fibroblasts,50
Proliferation_stress,Resolved,full_gene,Donor6,0.107850529906896,UC_vs_control_fibroblasts,50
Proliferation_stress,Resolved,identity_markers_removed,Donor1,0.0205704124468783,UC_vs_control_fibroblasts,50
Proliferation_stress,Resolved,identity_markers_removed,Donor3,0.0229917186092663,UC_vs_control_fibroblasts,50
Proliferation_stress,Resolved,identity_markers_removed,Donor4,0.000362186007984662,UC_vs_control_fibroblasts,50
Proliferation_stress,Resolved,identity_markers_removed,Donor6,0.107850529906896,UC_vs_control_fibroblasts,50
Proliferation_stress,Resolved; >=100 genes,full_gene,Donor1,0.0203870830998255,UC_vs_control_fibroblasts,50
Proliferation_stress,Resolved; >=100 genes,full_gene,Donor3,0.0230779761352831,UC_vs_control_fibroblasts,50
Proliferation_stress,Resolved; >=100 genes,full_gene,Donor4,0.000250772226508784,UC_vs_control_fibroblasts,50
Proliferation_stress,Resolved; >=100 genes,full_gene,Donor6,0.127207443185035,UC_vs_control_fibroblasts,50
Proliferation_stress,Resolved; >=100 genes,identity_markers_removed,Donor1,0.0203870830998255,UC_vs_control_fibroblasts,50
Proliferation_stress,Resolved; >=100 genes,identity_markers_removed,Donor3,0.0230779761352831,UC_vs_control_fibroblasts,50
Proliferation_stress,Resolved; >=100 genes,identity_markers_removed,Donor4,0.000250772226508784,UC_vs_control_fibroblasts,50
Proliferation_stress,Resolved; >=100 genes,identity_markers_removed,Donor6,0.127207443185035,UC_vs_control_fibroblasts,50
Integrin_adhesion,All annotated,full_gene,Donor1,0.000428821655390127,UC_vs_control_fibroblasts,50
Integrin_adhesion,All annotated,full_gene,Donor2,-0.0425488480083291,UC_vs_control_fibroblasts,50
Integrin_adhesion,All annotated,full_gene,Donor3,-0.0929145828631221,UC_vs_control_fibroblasts,50
Integrin_adhesion,All annotated,full_gene,Donor4,-0.0995768162083131,UC_vs_control_fibroblasts,50
Integrin_adhesion,All annotated,full_gene,Donor6,-0.00963641719817721,UC_vs_control_fibroblasts,50
Integrin_adhesion,All annotated,identity_markers_removed,Donor1,0.000428821655390127,UC_vs_control_fibroblasts,50
Integrin_adhesion,All annotated,identity_markers_removed,Donor2,-0.0425488480083291,UC_vs_control_fibroblasts,50
Integrin_adhesion,All annotated,identity_markers_removed,Donor3,-0.0929145828631221,UC_vs_control_fibroblasts,50
Integrin_adhesion,All annotated,identity_markers_removed,Donor4,-0.0995768162083131,UC_vs_control_fibroblasts,50
Integrin_adhesion,All annotated,identity_markers_removed,Donor6,-0.00963641719817721,UC_vs_control_fibroblasts,50
Integrin_adhesion,Resolved,full_gene,Donor1,-0.0114132170954831,UC_vs_control_fibroblasts,50
Integrin_adhesion,Resolved,full_gene,Donor3,-0.10672216986336,UC_vs_control_fibroblasts,50
Integrin_adhesion,Resolved,full_gene,Donor4,-0.124334778590407,UC_vs_control_fibroblasts,50
Integrin_adhesion,Resolved,full_gene,Donor6,-0.010998306112814,UC_vs_control_fibroblasts,50
Integrin_adhesion,Resolved,identity_markers_removed,Donor1,-0.0114132170954831,UC_vs_control_fibroblasts,50
Integrin_adhesion,Resolved,identity_markers_removed,Donor3,-0.10672216986336,UC_vs_control_fibroblasts,50
Integrin_adhesion,Resolved,identity_markers_removed,Donor4,-0.124334778590407,UC_vs_control_fibroblasts,50
Integrin_adhesion,Resolved,identity_markers_removed,Donor6,-0.010998306112814,UC_vs_control_fibroblasts,50
Integrin_adhesion,Resolved; >=100 genes,full_gene,Donor1,-0.0274261499956682,UC_vs_control_fibroblasts,50
Integrin_adhesion,Resolved; >=100 genes,full_gene,Donor3,-0.107815479396992,UC_vs_control_fibroblasts,50
Integrin_adhesion,Resolved; >=100 genes,full_gene,Donor4,-0.124391848560227,UC_vs_control_fibroblasts,50
Integrin_adhesion,Resolved; >=100 genes,full_gene,Donor6,-0.0150607816580649,UC_vs_control_fibroblasts,50
Integrin_adhesion,Resolved; >=100 genes,identity_markers_removed,Donor1,-0.0274261499956682,UC_vs_control_fibroblasts,50
Integrin_adhesion,Resolved; >=100 genes,identity_markers_removed,Donor3,-0.107815479396992,UC_vs_control_fibroblasts,50
Integrin_adhesion,Resolved; >=100 genes,identity_markers_removed,Donor4,-0.124391848560227,UC_vs_control_fibroblasts,50
Integrin_adhesion,Resolved; >=100 genes,identity_markers_removed,Donor6,-0.0150607816580649,UC_vs_control_fibroblasts,50
CXCR4_aging_retention,All annotated,full_gene,Donor1,0.0427996448978036,UC_vs_control_fibroblasts,50
CXCR4_aging_retention,All annotated,full_gene,Donor2,-0.060229122886404,UC_vs_control_fibroblasts,50
CXCR4_aging_retention,All annotated,full_gene,Donor3,-0.161400019718195,UC_vs_control_fibroblasts,50
CXCR4_aging_retention,All annotated,full_gene,Donor4,-0.184771001465638,UC_vs_control_fibroblasts,50
CXCR4_aging_retention,All annotated,full_gene,Donor6,-0.0114916722502442,UC_vs_control_fibroblasts,50
CXCR4_aging_retention,All annotated,identity_markers_removed,Donor1,0.0267936381277645,UC_vs_control_fibroblasts,50
CXCR4_aging_retention,All annotated,identity_markers_removed,Donor2,-0.0818093091489627,UC_vs_control_fibroblasts,50
CXCR4_aging_retention,All annotated,identity_markers_removed,Donor3,-0.169591221283408,UC_vs_control_fibroblasts,50
CXCR4_aging_retention,All annotated,identity_markers_removed,Donor4,-0.192907826193993,UC_vs_control_fibroblasts,50
CXCR4_aging_retention,All annotated,identity_markers_removed,Donor6,-0.0199012537488155,UC_vs_control_fibroblasts,50
CXCR4_aging_retention,Resolved,full_gene,Donor1,-0.0154509590854415,UC_vs_control_fibroblasts,50
CXCR4_aging_retention,Resolved,full_gene,Donor3,-0.138603321806767,UC_vs_control_fibroblasts,50
CXCR4_aging_retention,Resolved,full_gene,Donor4,-0.197279275879031,UC_vs_control_fibroblasts,50
CXCR4_aging_retention,Resolved,full_gene,Donor6,-0.0213251028464048,UC_vs_control_fibroblasts,50
CXCR4_aging_retention,Resolved,identity_markers_removed,Donor1,-0.0298488623810195,UC_vs_control_fibroblasts,50
CXCR4_aging_retention,Resolved,identity_markers_removed,Donor3,-0.153247561638134,UC_vs_control_fibroblasts,50
CXCR4_aging_retention,Resolved,identity_markers_removed,Donor4,-0.210879347174417,UC_vs_control_fibroblasts,50
CXCR4_aging_retention,Resolved,identity_markers_removed,Donor6,-0.0416029450924835,UC_vs_control_fibroblasts,50
CXCR4_aging_retention,Resolved; >=100 genes,full_gene,Donor1,-0.0206105104780975,UC_vs_control_fibroblasts,50
CXCR4_aging_retention,Resolved; >=100 genes,full_gene,Donor3,-0.139648737040222,UC_vs_control_fibroblasts,50
CXCR4_aging_retention,Resolved; >=100 genes,full_gene,Donor4,-0.196041587276679,UC_vs_control_fibroblasts,50
CXCR4_aging_retention,Resolved; >=100 genes,full_gene,Donor6,-0.0236708506337713,UC_vs_control_fibroblasts,50
CXCR4_aging_retention,Resolved; >=100 genes,identity_markers_removed,Donor1,-0.0205272706774962,UC_vs_control_fibroblasts,50
CXCR4_aging_retention,Resolved; >=100 genes,identity_markers_removed,Donor3,-0.153613877718024,UC_vs_control_fibroblasts,50
CXCR4_aging_retention,Resolved; >=100 genes,identity_markers_removed,Donor4,-0.209729396912892,UC_vs_control_fibroblasts,50
CXCR4_aging_retention,Resolved; >=100 genes,identity_markers_removed,Donor6,-0.0343369535036435,UC_vs_control_fibroblasts,50
NETosis,All annotated,full_gene,Donor1,0.0137677349372947,UC_vs_alone,50
NETosis,All annotated,full_gene,Donor2,0.0127627285492924,UC_vs_alone,50
NETosis,All annotated,full_gene,Donor3,0.0501703040000859,UC_vs_alone,50
NETosis,All annotated,full_gene,Donor4,0.11609810485713,UC_vs_alone,50
NETosis,All annotated,full_gene,Donor5,-0.0438236040053502,UC_vs_alone,50
NETosis,All annotated,full_gene,Donor6,-0.0708542434823459,UC_vs_alone,50
NETosis,All annotated,identity_markers_removed,Donor1,0.00105342331237621,UC_vs_alone,50
NETosis,All annotated,identity_markers_removed,Donor2,0.0113341215780344,UC_vs_alone,50
NETosis,All annotated,identity_markers_removed,Donor3,0.0428319904495111,UC_vs_alone,50
NETosis,All annotated,identity_markers_removed,Donor4,0.10935943496651,UC_vs_alone,50
NETosis,All annotated,identity_markers_removed,Donor5,-0.0481572672778717,UC_vs_alone,50
NETosis,All annotated,identity_markers_removed,Donor6,-0.0709965430363607,UC_vs_alone,50
NETosis,Resolved,full_gene,Donor1,0.160727083117074,UC_vs_alone,50
NETosis,Resolved,full_gene,Donor3,-0.0141609903913133,UC_vs_alone,50
NETosis,Resolved,full_gene,Donor4,0.12905082848175,UC_vs_alone,50
NETosis,Resolved,full_gene,Donor6,0.0808198564221783,UC_vs_alone,50
NETosis,Resolved,identity_markers_removed,Donor1,0.159926386889106,UC_vs_alone,50
NETosis,Resolved,identity_markers_removed,Donor3,-0.0144800889916401,UC_vs_alone,50
NETosis,Resolved,identity_markers_removed,Donor4,0.12470181828073,UC_vs_alone,50
NETosis,Resolved,identity_markers_removed,Donor6,0.0780387347829613,UC_vs_alone,50
NETosis,Resolved; >=100 genes,full_gene,Donor3,-0.0102497639585691,UC_vs_alone,50
NETosis,Resolved; >=100 genes,full_gene,Donor4,0.0912931796731005,UC_vs_alone,50
NETosis,Resolved; >=100 genes,full_gene,Donor6,0.0529199963728087,UC_vs_alone,50
NETosis,Resolved; >=100 genes,identity_markers_removed,Donor3,-0.00764104043338339,UC_vs_alone,50
NETosis,Resolved; >=100 genes,identity_markers_removed,Donor4,0.0858120899349485,UC_vs_alone,50
NETosis,Resolved; >=100 genes,identity_markers_removed,Donor6,0.0559704988434044,UC_vs_alone,50
Degranulation,All annotated,full_gene,Donor1,0.0233020897463039,UC_vs_alone,50
Degranulation,All annotated,full_gene,Donor2,0.0117286905748717,UC_vs_alone,50
Degranulation,All annotated,full_gene,Donor3,-0.12550292167828,UC_vs_alone,50
Degranulation,All annotated,full_gene,Donor4,-0.010094127482677,UC_vs_alone,50
Degranulation,All annotated,full_gene,Donor5,-0.0801229651592283,UC_vs_alone,50
Degranulation,All annotated,full_gene,Donor6,-0.212642481374458,UC_vs_alone,50
Degranulation,All annotated,identity_markers_removed,Donor1,0.0233020897463039,UC_vs_alone,50
Degranulation,All annotated,identity_markers_removed,Donor2,0.0117286905748717,UC_vs_alone,50
Degranulation,All annotated,identity_markers_removed,Donor3,-0.12550292167828,UC_vs_alone,50
Degranulation,All annotated,identity_markers_removed,Donor4,-0.010094127482677,UC_vs_alone,50
Degranulation,All annotated,identity_markers_removed,Donor5,-0.0801229651592283,UC_vs_alone,50
Degranulation,All annotated,identity_markers_removed,Donor6,-0.212642481374458,UC_vs_alone,50
Degranulation,Resolved,full_gene,Donor1,0.119473879740496,UC_vs_alone,50
Degranulation,Resolved,full_gene,Donor3,-0.152036504566777,UC_vs_alone,50
Degranulation,Resolved,full_gene,Donor4,-0.0114115181100727,UC_vs_alone,50
Degranulation,Resolved,full_gene,Donor6,-0.106143237185911,UC_vs_alone,50
Degranulation,Resolved,identity_markers_removed,Donor1,0.119473879740496,UC_vs_alone,50
Degranulation,Resolved,identity_markers_removed,Donor3,-0.152036504566777,UC_vs_alone,50
Degranulation,Resolved,identity_markers_removed,Donor4,-0.0114115181100727,UC_vs_alone,50
Degranulation,Resolved,identity_markers_removed,Donor6,-0.106143237185911,UC_vs_alone,50
Degranulation,Resolved; >=100 genes,full_gene,Donor3,-0.199589547802831,UC_vs_alone,50
Degranulation,Resolved; >=100 genes,full_gene,Donor4,-0.0772844174969424,UC_vs_alone,50
Degranulation,Resolved; >=100 genes,full_gene,Donor6,-0.192206224609603,UC_vs_alone,50
Degranulation,Resolved; >=100 genes,identity_markers_removed,Donor3,-0.199589547802831,UC_vs_alone,50
Degranulation,Resolved; >=100 genes,identity_markers_removed,Donor4,-0.0772844174969424,UC_vs_alone,50
Degranulation,Resolved; >=100 genes,identity_markers_removed,Donor6,-0.192206224609603,UC_vs_alone,50
Oxidative_burst,All annotated,full_gene,Donor1,0.0110979101280252,UC_vs_alone,50
Oxidative_burst,All annotated,full_gene,Donor2,0.0525361539532692,UC_vs_alone,50
Oxidative_burst,All annotated,full_gene,Donor3,0.156077909520686,UC_vs_alone,50
Oxidative_burst,All annotated,full_gene,Donor4,0.167964468643341,UC_vs_alone,50
Oxidative_burst,All annotated,full_gene,Donor5,-0.00595457193752252,UC_vs_alone,50
Oxidative_burst,All annotated,full_gene,Donor6,-0.0418739328166501,UC_vs_alone,50
Oxidative_burst,All annotated,identity_markers_removed,Donor1,0.0110979101280252,UC_vs_alone,50
Oxidative_burst,All annotated,identity_markers_removed,Donor2,0.0525361539532692,UC_vs_alone,50
Oxidative_burst,All annotated,identity_markers_removed,Donor3,0.156077909520686,UC_vs_alone,50
Oxidative_burst,All annotated,identity_markers_removed,Donor4,0.167964468643341,UC_vs_alone,50
Oxidative_burst,All annotated,identity_markers_removed,Donor5,-0.00595457193752252,UC_vs_alone,50
Oxidative_burst,All annotated,identity_markers_removed,Donor6,-0.0418739328166501,UC_vs_alone,50
Oxidative_burst,Resolved,full_gene,Donor1,0.300410497789221,UC_vs_alone,50
Oxidative_burst,Resolved,full_gene,Donor3,0.123483421806301,UC_vs_alone,50
Oxidative_burst,Resolved,full_gene,Donor4,0.234026154022839,UC_vs_alone,50
Oxidative_burst,Resolved,full_gene,Donor6,0.219687081869289,UC_vs_alone,50
Oxidative_burst,Resolved,identity_markers_removed,Donor1,0.300410497789221,UC_vs_alone,50
Oxidative_burst,Resolved,identity_markers_removed,Donor3,0.123483421806301,UC_vs_alone,50
Oxidative_burst,Resolved,identity_markers_removed,Donor4,0.234026154022839,UC_vs_alone,50
Oxidative_burst,Resolved,identity_markers_removed,Donor6,0.219687081869289,UC_vs_alone,50
Oxidative_burst,Resolved; >=100 genes,full_gene,Donor3,0.103939004799556,UC_vs_alone,50
Oxidative_burst,Resolved; >=100 genes,full_gene,Donor4,0.149489789881503,UC_vs_alone,50
Oxidative_burst,Resolved; >=100 genes,full_gene,Donor6,0.216008334765118,UC_vs_alone,50
Oxidative_burst,Resolved; >=100 genes,identity_markers_removed,Donor3,0.103939004799556,UC_vs_alone,50
Oxidative_burst,Resolved; >=100 genes,identity_markers_removed,Donor4,0.149489789881503,UC_vs_alone,50
Oxidative_burst,Resolved; >=100 genes,identity_markers_removed,Donor6,0.216008334765118,UC_vs_alone,50
Phagocytosis,All annotated,full_gene,Donor1,0.122715071202993,UC_vs_alone,50
Phagocytosis,All annotated,full_gene,Donor2,0.09202521702854,UC_vs_alone,50
Phagocytosis,All annotated,full_gene,Donor3,0.282724483581784,UC_vs_alone,50
Phagocytosis,All annotated,full_gene,Donor4,0.311671049432414,UC_vs_alone,50
Phagocytosis,All annotated,full_gene,Donor5,0.0634320662756852,UC_vs_alone,50
Phagocytosis,All annotated,full_gene,Donor6,0.00395982928991367,UC_vs_alone,50
Phagocytosis,All annotated,identity_markers_removed,Donor1,0.122715071202993,UC_vs_alone,50
Phagocytosis,All annotated,identity_markers_removed,Donor2,0.09202521702854,UC_vs_alone,50
Phagocytosis,All annotated,identity_markers_removed,Donor3,0.282724483581784,UC_vs_alone,50
Phagocytosis,All annotated,identity_markers_removed,Donor4,0.311671049432414,UC_vs_alone,50
Phagocytosis,All annotated,identity_markers_removed,Donor5,0.0634320662756852,UC_vs_alone,50
Phagocytosis,All annotated,identity_markers_removed,Donor6,0.00395982928991367,UC_vs_alone,50
Phagocytosis,Resolved,full_gene,Donor1,0.520272440943313,UC_vs_alone,50
Phagocytosis,Resolved,full_gene,Donor3,0.344064163145491,UC_vs_alone,50
Phagocytosis,Resolved,full_gene,Donor4,0.430867779904349,UC_vs_alone,50
Phagocytosis,Resolved,full_gene,Donor6,0.37372161275681,UC_vs_alone,50
Phagocytosis,Resolved,identity_markers_removed,Donor1,0.520272440943313,UC_vs_alone,50
Phagocytosis,Resolved,identity_markers_removed,Donor3,0.344064163145491,UC_vs_alone,50
Phagocytosis,Resolved,identity_markers_removed,Donor4,0.430867779904349,UC_vs_alone,50
Phagocytosis,Resolved,identity_markers_removed,Donor6,0.37372161275681,UC_vs_alone,50
Phagocytosis,Resolved; >=100 genes,full_gene,Donor3,0.308736449871539,UC_vs_alone,50
Phagocytosis,Resolved; >=100 genes,full_gene,Donor4,0.349268863558283,UC_vs_alone,50
Phagocytosis,Resolved; >=100 genes,full_gene,Donor6,0.381306522788694,UC_vs_alone,50
Phagocytosis,Resolved; >=100 genes,identity_markers_removed,Donor3,0.308736449871539,UC_vs_alone,50
Phagocytosis,Resolved; >=100 genes,identity_markers_removed,Donor4,0.349268863558283,UC_vs_alone,50
Phagocytosis,Resolved; >=100 genes,identity_markers_removed,Donor6,0.381306522788694,UC_vs_alone,50
Chemotaxis,All annotated,full_gene,Donor1,0.103476267608962,UC_vs_alone,50
Chemotaxis,All annotated,full_gene,Donor2,0.117777409773974,UC_vs_alone,50
Chemotaxis,All annotated,full_gene,Donor3,0.303316243466427,UC_vs_alone,50
Chemotaxis,All annotated,full_gene,Donor4,0.282886416039155,UC_vs_alone,50
Chemotaxis,All annotated,full_gene,Donor5,0.0286565576944199,UC_vs_alone,50
Chemotaxis,All annotated,full_gene,Donor6,-0.0218416951779955,UC_vs_alone,50
Chemotaxis,All annotated,identity_markers_removed,Donor1,0.103328728287062,UC_vs_alone,50
Chemotaxis,All annotated,identity_markers_removed,Donor2,0.139972419795177,UC_vs_alone,50
Chemotaxis,All annotated,identity_markers_removed,Donor3,0.309810941207394,UC_vs_alone,50
Chemotaxis,All annotated,identity_markers_removed,Donor4,0.274909038139542,UC_vs_alone,50
Chemotaxis,All annotated,identity_markers_removed,Donor5,0.0487217050015747,UC_vs_alone,50
Chemotaxis,All annotated,identity_markers_removed,Donor6,0.0110018553921068,UC_vs_alone,50
Chemotaxis,Resolved,full_gene,Donor1,0.477358905330843,UC_vs_alone,50
Chemotaxis,Resolved,full_gene,Donor3,0.401704750666865,UC_vs_alone,50
Chemotaxis,Resolved,full_gene,Donor4,0.391867375113506,UC_vs_alone,50
Chemotaxis,Resolved,full_gene,Donor6,0.435558308990161,UC_vs_alone,50
Chemotaxis,Resolved,identity_markers_removed,Donor1,0.473022432576672,UC_vs_alone,50
Chemotaxis,Resolved,identity_markers_removed,Donor3,0.411813822235887,UC_vs_alone,50
Chemotaxis,Resolved,identity_markers_removed,Donor4,0.379820780909446,UC_vs_alone,50
Chemotaxis,Resolved,identity_markers_removed,Donor6,0.424180976367722,UC_vs_alone,50
Chemotaxis,Resolved; >=100 genes,full_gene,Donor3,0.391773805509265,UC_vs_alone,50
Chemotaxis,Resolved; >=100 genes,full_gene,Donor4,0.306867889016865,UC_vs_alone,50
Chemotaxis,Resolved; >=100 genes,full_gene,Donor6,0.433854323174154,UC_vs_alone,50
Chemotaxis,Resolved; >=100 genes,identity_markers_removed,Donor3,0.406230040389444,UC_vs_alone,50
Chemotaxis,Resolved; >=100 genes,identity_markers_removed,Donor4,0.301683681895836,UC_vs_alone,50
Chemotaxis,Resolved; >=100 genes,identity_markers_removed,Donor6,0.43427348114338,UC_vs_alone,50
OSM_inflammation,All annotated,full_gene,Donor1,0.136815568744191,UC_vs_alone,50
OSM_inflammation,All annotated,full_gene,Donor2,0.112658669394626,UC_vs_alone,50
OSM_inflammation,All annotated,full_gene,Donor3,0.379084906879798,UC_vs_alone,50
OSM_inflammation,All annotated,full_gene,Donor4,0.451394954785863,UC_vs_alone,50
OSM_inflammation,All annotated,full_gene,Donor5,-0.00707854905438143,UC_vs_alone,50
OSM_inflammation,All annotated,full_gene,Donor6,0.0123109284664761,UC_vs_alone,50
OSM_inflammation,All annotated,identity_markers_removed,Donor1,0.136473963695801,UC_vs_alone,50
OSM_inflammation,All annotated,identity_markers_removed,Donor2,0.116794262421854,UC_vs_alone,50
OSM_inflammation,All annotated,identity_markers_removed,Donor3,0.385809103534664,UC_vs_alone,50
OSM_inflammation,All annotated,identity_markers_removed,Donor4,0.470053471295475,UC_vs_alone,50
OSM_inflammation,All annotated,identity_markers_removed,Donor5,-0.00965352315776846,UC_vs_alone,50
OSM_inflammation,All annotated,identity_markers_removed,Donor6,0.0141143716265323,UC_vs_alone,50
OSM_inflammation,Resolved,full_gene,Donor1,0.346281932139862,UC_vs_alone,50
OSM_inflammation,Resolved,full_gene,Donor3,0.421941480475914,UC_vs_alone,50
OSM_inflammation,Resolved,full_gene,Donor4,0.536848280673064,UC_vs_alone,50
OSM_inflammation,Resolved,full_gene,Donor6,0.378637009082478,UC_vs_alone,50
OSM_inflammation,Resolved,identity_markers_removed,Donor1,0.3342162673014,UC_vs_alone,50
OSM_inflammation,Resolved,identity_markers_removed,Donor3,0.424286638169523,UC_vs_alone,50
OSM_inflammation,Resolved,identity_markers_removed,Donor4,0.556047182964926,UC_vs_alone,50
OSM_inflammation,Resolved,identity_markers_removed,Donor6,0.366546830870752,UC_vs_alone,50
OSM_inflammation,Resolved; >=100 genes,full_gene,Donor3,0.399270393273661,UC_vs_alone,50
OSM_inflammation,Resolved; >=100 genes,full_gene,Donor4,0.471802954408809,UC_vs_alone,50
OSM_inflammation,Resolved; >=100 genes,full_gene,Donor6,0.403651828048552,UC_vs_alone,50
OSM_inflammation,Resolved; >=100 genes,identity_markers_removed,Donor3,0.391381808172407,UC_vs_alone,50
OSM_inflammation,Resolved; >=100 genes,identity_markers_removed,Donor4,0.497518758978153,UC_vs_alone,50
OSM_inflammation,Resolved; >=100 genes,identity_markers_removed,Donor6,0.393118987935197,UC_vs_alone,50
Type_I_interferon,All annotated,full_gene,Donor1,-0.00363617430626866,UC_vs_alone,50
Type_I_interferon,All annotated,full_gene,Donor2,0.0316270322300746,UC_vs_alone,50
Type_I_interferon,All annotated,full_gene,Donor3,0.0450460726562106,UC_vs_alone,50
Type_I_interferon,All annotated,full_gene,Donor4,0.00909752156761796,UC_vs_alone,50
Type_I_interferon,All annotated,full_gene,Donor5,-0.0453689290039264,UC_vs_alone,50
Type_I_interferon,All annotated,full_gene,Donor6,-0.0200240930733049,UC_vs_alone,50
Type_I_interferon,All annotated,identity_markers_removed,Donor1,-0.01367316160671,UC_vs_alone,50
Type_I_interferon,All annotated,identity_markers_removed,Donor2,0.0565605669713043,UC_vs_alone,50
Type_I_interferon,All annotated,identity_markers_removed,Donor3,0.0481302030802569,UC_vs_alone,50
Type_I_interferon,All annotated,identity_markers_removed,Donor4,0.00987514322872138,UC_vs_alone,50
Type_I_interferon,All annotated,identity_markers_removed,Donor5,-0.0376417347480632,UC_vs_alone,50
Type_I_interferon,All annotated,identity_markers_removed,Donor6,-0.0240250370027285,UC_vs_alone,50
Type_I_interferon,Resolved,full_gene,Donor1,0.0224351576930107,UC_vs_alone,50
Type_I_interferon,Resolved,full_gene,Donor3,0.0287714446652048,UC_vs_alone,50
Type_I_interferon,Resolved,full_gene,Donor4,0.0228614013563354,UC_vs_alone,50
Type_I_interferon,Resolved,full_gene,Donor6,0.0792017053978576,UC_vs_alone,50
Type_I_interferon,Resolved,identity_markers_removed,Donor1,0.00818271688408001,UC_vs_alone,50
Type_I_interferon,Resolved,identity_markers_removed,Donor3,0.0363480537326246,UC_vs_alone,50
Type_I_interferon,Resolved,identity_markers_removed,Donor4,0.0312841026041486,UC_vs_alone,50
Type_I_interferon,Resolved,identity_markers_removed,Donor6,0.0861134951047304,UC_vs_alone,50
Type_I_interferon,Resolved; >=100 genes,full_gene,Donor3,0.0280472672814509,UC_vs_alone,50
Type_I_interferon,Resolved; >=100 genes,full_gene,Donor4,-0.00135336769474253,UC_vs_alone,50
Type_I_interferon,Resolved; >=100 genes,full_gene,Donor6,0.0806155938530256,UC_vs_alone,50
Type_I_interferon,Resolved; >=100 genes,identity_markers_removed,Donor3,0.037249158337272,UC_vs_alone,50
Type_I_interferon,Resolved; >=100 genes,identity_markers_removed,Donor4,0.00943190919613327,UC_vs_alone,50
Type_I_interferon,Resolved; >=100 genes,identity_markers_removed,Donor6,0.0880758518100828,UC_vs_alone,50
Immature_granulopoiesis,All annotated,full_gene,Donor1,-0.0177178838187685,UC_vs_alone,50
Immature_granulopoiesis,All annotated,full_gene,Donor2,-0.00120161576767795,UC_vs_alone,50
Immature_granulopoiesis,All annotated,full_gene,Donor3,-0.201733606103023,UC_vs_alone,50
Immature_granulopoiesis,All annotated,full_gene,Donor4,-0.0889500622581266,UC_vs_alone,50
Immature_granulopoiesis,All annotated,full_gene,Donor5,-0.126210234976708,UC_vs_alone,50
Immature_granulopoiesis,All annotated,full_gene,Donor6,-0.262242469369287,UC_vs_alone,50
Immature_granulopoiesis,All annotated,identity_markers_removed,Donor1,-0.0177178838187685,UC_vs_alone,50
Immature_granulopoiesis,All annotated,identity_markers_removed,Donor2,-0.00120161576767795,UC_vs_alone,50
Immature_granulopoiesis,All annotated,identity_markers_removed,Donor3,-0.201733606103023,UC_vs_alone,50
Immature_granulopoiesis,All annotated,identity_markers_removed,Donor4,-0.0889500622581266,UC_vs_alone,50
Immature_granulopoiesis,All annotated,identity_markers_removed,Donor5,-0.126210234976708,UC_vs_alone,50
Immature_granulopoiesis,All annotated,identity_markers_removed,Donor6,-0.262242469369287,UC_vs_alone,50
Immature_granulopoiesis,Resolved,full_gene,Donor1,0.0128220614217607,UC_vs_alone,50
Immature_granulopoiesis,Resolved,full_gene,Donor3,-0.254192863049535,UC_vs_alone,50
Immature_granulopoiesis,Resolved,full_gene,Donor4,-0.120850137561473,UC_vs_alone,50
Immature_granulopoiesis,Resolved,full_gene,Donor6,-0.261432383513093,UC_vs_alone,50
Immature_granulopoiesis,Resolved,identity_markers_removed,Donor1,0.0128220614217607,UC_vs_alone,50
Immature_granulopoiesis,Resolved,identity_markers_removed,Donor3,-0.254192863049535,UC_vs_alone,50
Immature_granulopoiesis,Resolved,identity_markers_removed,Donor4,-0.120850137561473,UC_vs_alone,50
Immature_granulopoiesis,Resolved,identity_markers_removed,Donor6,-0.261432383513093,UC_vs_alone,50
Immature_granulopoiesis,Resolved; >=100 genes,full_gene,Donor3,-0.29696045104799,UC_vs_alone,50
Immature_granulopoiesis,Resolved; >=100 genes,full_gene,Donor4,-0.195794657132204,UC_vs_alone,50
Immature_granulopoiesis,Resolved; >=100 genes,full_gene,Donor6,-0.367868450169452,UC_vs_alone,50
Immature_granulopoiesis,Resolved; >=100 genes,identity_markers_removed,Donor3,-0.29696045104799,UC_vs_alone,50
Immature_granulopoiesis,Resolved; >=100 genes,identity_markers_removed,Donor4,-0.195794657132204,UC_vs_alone,50
Immature_granulopoiesis,Resolved; >=100 genes,identity_markers_removed,Donor6,-0.367868450169452,UC_vs_alone,50
Survival_antiapoptosis,All annotated,full_gene,Donor1,0.0548853557344891,UC_vs_alone,50
Survival_antiapoptosis,All annotated,full_gene,Donor2,0.0325191924127305,UC_vs_alone,50
Survival_antiapoptosis,All annotated,full_gene,Donor3,0.228044514225341,UC_vs_alone,50
Survival_antiapoptosis,All annotated,full_gene,Donor4,0.26084197679428,UC_vs_alone,50
Survival_antiapoptosis,All annotated,full_gene,Donor5,0.0308598081006479,UC_vs_alone,50
Survival_antiapoptosis,All annotated,full_gene,Donor6,0.0204616160901454,UC_vs_alone,50
Survival_antiapoptosis,All annotated,identity_markers_removed,Donor1,0.0548853557344891,UC_vs_alone,50
Survival_antiapoptosis,All annotated,identity_markers_removed,Donor2,0.0325191924127305,UC_vs_alone,50
Survival_antiapoptosis,All annotated,identity_markers_removed,Donor3,0.228044514225341,UC_vs_alone,50
Survival_antiapoptosis,All annotated,identity_markers_removed,Donor4,0.26084197679428,UC_vs_alone,50
Survival_antiapoptosis,All annotated,identity_markers_removed,Donor5,0.0308598081006479,UC_vs_alone,50
Survival_antiapoptosis,All annotated,identity_markers_removed,Donor6,0.0204616160901454,UC_vs_alone,50
Survival_antiapoptosis,Resolved,full_gene,Donor1,0.340357718465008,UC_vs_alone,50
Survival_antiapoptosis,Resolved,full_gene,Donor3,0.269325573568438,UC_vs_alone,50
Survival_antiapoptosis,Resolved,full_gene,Donor4,0.348249061190423,UC_vs_alone,50
Survival_antiapoptosis,Resolved,full_gene,Donor6,0.269365986888478,UC_vs_alone,50
Survival_antiapoptosis,Resolved,identity_markers_removed,Donor1,0.340357718465008,UC_vs_alone,50
Survival_antiapoptosis,Resolved,identity_markers_removed,Donor3,0.269325573568438,UC_vs_alone,50
Survival_antiapoptosis,Resolved,identity_markers_removed,Donor4,0.348249061190423,UC_vs_alone,50
Survival_antiapoptosis,Resolved,identity_markers_removed,Donor6,0.269365986888478,UC_vs_alone,50
Survival_antiapoptosis,Resolved; >=100 genes,full_gene,Donor3,0.251157781708046,UC_vs_alone,50
Survival_antiapoptosis,Resolved; >=100 genes,full_gene,Donor4,0.302560550810245,UC_vs_alone,50
Survival_antiapoptosis,Resolved; >=100 genes,full_gene,Donor6,0.27324785689558,UC_vs_alone,50
Survival_antiapoptosis,Resolved; >=100 genes,identity_markers_removed,Donor3,0.251157781708046,UC_vs_alone,50
Survival_antiapoptosis,Resolved; >=100 genes,identity_markers_removed,Donor4,0.302560550810245,UC_vs_alone,50
Survival_antiapoptosis,Resolved; >=100 genes,identity_markers_removed,Donor6,0.27324785689558,UC_vs_alone,50
Hypoxia_glycolysis,All annotated,full_gene,Donor1,-0.00945931516729492,UC_vs_alone,50
Hypoxia_glycolysis,All annotated,full_gene,Donor2,0.0484202045173825,UC_vs_alone,50
Hypoxia_glycolysis,All annotated,full_gene,Donor3,0.0812907230081226,UC_vs_alone,50
Hypoxia_glycolysis,All annotated,full_gene,Donor4,0.0626773270963295,UC_vs_alone,50
Hypoxia_glycolysis,All annotated,full_gene,Donor5,0.0542203231305973,UC_vs_alone,50
Hypoxia_glycolysis,All annotated,full_gene,Donor6,-0.0224264554798273,UC_vs_alone,50
Hypoxia_glycolysis,All annotated,identity_markers_removed,Donor1,-0.00945931516729492,UC_vs_alone,50
Hypoxia_glycolysis,All annotated,identity_markers_removed,Donor2,0.0484202045173825,UC_vs_alone,50
Hypoxia_glycolysis,All annotated,identity_markers_removed,Donor3,0.0812907230081226,UC_vs_alone,50
Hypoxia_glycolysis,All annotated,identity_markers_removed,Donor4,0.0626773270963295,UC_vs_alone,50
Hypoxia_glycolysis,All annotated,identity_markers_removed,Donor5,0.0542203231305973,UC_vs_alone,50
Hypoxia_glycolysis,All annotated,identity_markers_removed,Donor6,-0.0224264554798273,UC_vs_alone,50
Hypoxia_glycolysis,Resolved,full_gene,Donor1,0.127188141916712,UC_vs_alone,50
Hypoxia_glycolysis,Resolved,full_gene,Donor3,0.101513455969339,UC_vs_alone,50
Hypoxia_glycolysis,Resolved,full_gene,Donor4,0.125439141660784,UC_vs_alone,50
Hypoxia_glycolysis,Resolved,full_gene,Donor6,0.118768286556493,UC_vs_alone,50
Hypoxia_glycolysis,Resolved,identity_markers_removed,Donor1,0.127188141916712,UC_vs_alone,50
Hypoxia_glycolysis,Resolved,identity_markers_removed,Donor3,0.101513455969339,UC_vs_alone,50
Hypoxia_glycolysis,Resolved,identity_markers_removed,Donor4,0.125439141660784,UC_vs_alone,50
Hypoxia_glycolysis,Resolved,identity_markers_removed,Donor6,0.118768286556493,UC_vs_alone,50
Hypoxia_glycolysis,Resolved; >=100 genes,full_gene,Donor3,0.107594698828,UC_vs_alone,50
Hypoxia_glycolysis,Resolved; >=100 genes,full_gene,Donor4,0.0816469422134891,UC_vs_alone,50
Hypoxia_glycolysis,Resolved; >=100 genes,full_gene,Donor6,0.105215296910607,UC_vs_alone,50
Hypoxia_glycolysis,Resolved; >=100 genes,identity_markers_removed,Donor3,0.107594698828,UC_vs_alone,50
Hypoxia_glycolysis,Resolved; >=100 genes,identity_markers_removed,Donor4,0.0816469422134891,UC_vs_alone,50
Hypoxia_glycolysis,Resolved; >=100 genes,identity_markers_removed,Donor6,0.105215296910607,UC_vs_alone,50
ER_stress,All annotated,full_gene,Donor1,0.0635121268550822,UC_vs_alone,50
ER_stress,All annotated,full_gene,Donor2,0.0262304494641804,UC_vs_alone,50
ER_stress,All annotated,full_gene,Donor3,0.251762765246991,UC_vs_alone,50
ER_stress,All annotated,full_gene,Donor4,0.219594505293438,UC_vs_alone,50
ER_stress,All annotated,full_gene,Donor5,0.0242054937739941,UC_vs_alone,50
ER_stress,All annotated,full_gene,Donor6,0.00683598403468921,UC_vs_alone,50
ER_stress,All annotated,identity_markers_removed,Donor1,0.0635121268550822,UC_vs_alone,50
ER_stress,All annotated,identity_markers_removed,Donor2,0.0262304494641804,UC_vs_alone,50
ER_stress,All annotated,identity_markers_removed,Donor3,0.251762765246991,UC_vs_alone,50
ER_stress,All annotated,identity_markers_removed,Donor4,0.219594505293438,UC_vs_alone,50
ER_stress,All annotated,identity_markers_removed,Donor5,0.0242054937739941,UC_vs_alone,50
ER_stress,All annotated,identity_markers_removed,Donor6,0.00683598403468921,UC_vs_alone,50
ER_stress,Resolved,full_gene,Donor1,0.314524441318912,UC_vs_alone,50
ER_stress,Resolved,full_gene,Donor3,0.347979809330161,UC_vs_alone,50
ER_stress,Resolved,full_gene,Donor4,0.296585765416705,UC_vs_alone,50
ER_stress,Resolved,full_gene,Donor6,0.242729635694223,UC_vs_alone,50
ER_stress,Resolved,identity_markers_removed,Donor1,0.314524441318912,UC_vs_alone,50
ER_stress,Resolved,identity_markers_removed,Donor3,0.347979809330161,UC_vs_alone,50
ER_stress,Resolved,identity_markers_removed,Donor4,0.296585765416705,UC_vs_alone,50
ER_stress,Resolved,identity_markers_removed,Donor6,0.242729635694223,UC_vs_alone,50
ER_stress,Resolved; >=100 genes,full_gene,Donor3,0.32872708529036,UC_vs_alone,50
ER_stress,Resolved; >=100 genes,full_gene,Donor4,0.251018872944175,UC_vs_alone,50
ER_stress,Resolved; >=100 genes,full_gene,Donor6,0.248675795873834,UC_vs_alone,50
ER_stress,Resolved; >=100 genes,identity_markers_removed,Donor3,0.32872708529036,UC_vs_alone,50
ER_stress,Resolved; >=100 genes,identity_markers_removed,Donor4,0.251018872944175,UC_vs_alone,50
ER_stress,Resolved; >=100 genes,identity_markers_removed,Donor6,0.248675795873834,UC_vs_alone,50
Proliferation_stress,All annotated,full_gene,Donor1,0.0392677647633139,UC_vs_alone,50
Proliferation_stress,All annotated,full_gene,Donor2,0.0820558461028725,UC_vs_alone,50
Proliferation_stress,All annotated,full_gene,Donor3,0.0711816821707952,UC_vs_alone,50
Proliferation_stress,All annotated,full_gene,Donor4,0.0453250551211077,UC_vs_alone,50
Proliferation_stress,All annotated,full_gene,Donor5,0.0188013424398109,UC_vs_alone,50
Proliferation_stress,All annotated,full_gene,Donor6,-0.0638128437000039,UC_vs_alone,50
Proliferation_stress,All annotated,identity_markers_removed,Donor1,0.0392677647633139,UC_vs_alone,50
Proliferation_stress,All annotated,identity_markers_removed,Donor2,0.0820558461028725,UC_vs_alone,50
Proliferation_stress,All annotated,identity_markers_removed,Donor3,0.0711816821707952,UC_vs_alone,50
Proliferation_stress,All annotated,identity_markers_removed,Donor4,0.0453250551211077,UC_vs_alone,50
Proliferation_stress,All annotated,identity_markers_removed,Donor5,0.0188013424398109,UC_vs_alone,50
Proliferation_stress,All annotated,identity_markers_removed,Donor6,-0.0638128437000039,UC_vs_alone,50
Proliferation_stress,Resolved,full_gene,Donor1,0.0378496050169604,UC_vs_alone,50
Proliferation_stress,Resolved,full_gene,Donor3,0.0589286161340097,UC_vs_alone,50
Proliferation_stress,Resolved,full_gene,Donor4,0.0317681331143948,UC_vs_alone,50
Proliferation_stress,Resolved,full_gene,Donor6,0.00236052886140738,UC_vs_alone,50
Proliferation_stress,Resolved,identity_markers_removed,Donor1,0.0378496050169604,UC_vs_alone,50
Proliferation_stress,Resolved,identity_markers_removed,Donor3,0.0589286161340097,UC_vs_alone,50
Proliferation_stress,Resolved,identity_markers_removed,Donor4,0.0317681331143948,UC_vs_alone,50
Proliferation_stress,Resolved,identity_markers_removed,Donor6,0.00236052886140738,UC_vs_alone,50
Proliferation_stress,Resolved; >=100 genes,full_gene,Donor3,0.045954363785414,UC_vs_alone,50
Proliferation_stress,Resolved; >=100 genes,full_gene,Donor4,0.0135121614595877,UC_vs_alone,50
Proliferation_stress,Resolved; >=100 genes,full_gene,Donor6,-0.0367916496545973,UC_vs_alone,50
Proliferation_stress,Resolved; >=100 genes,identity_markers_removed,Donor3,0.045954363785414,UC_vs_alone,50
Proliferation_stress,Resolved; >=100 genes,identity_markers_removed,Donor4,0.0135121614595877,UC_vs_alone,50
Proliferation_stress,Resolved; >=100 genes,identity_markers_removed,Donor6,-0.0367916496545973,UC_vs_alone,50
Integrin_adhesion,All annotated,full_gene,Donor1,0.0413512789549089,UC_vs_alone,50
Integrin_adhesion,All annotated,full_gene,Donor2,0.00660521361084784,UC_vs_alone,50
Integrin_adhesion,All annotated,full_gene,Donor3,0.151843430456822,UC_vs_alone,50
Integrin_adhesion,All annotated,full_gene,Donor4,0.1645635229296,UC_vs_alone,50
Integrin_adhesion,All annotated,full_gene,Donor5,0.0050075786790863,UC_vs_alone,50
Integrin_adhesion,All annotated,full_gene,Donor6,-0.00405668140765184,UC_vs_alone,50
Integrin_adhesion,All annotated,identity_markers_removed,Donor1,0.0413512789549089,UC_vs_alone,50
Integrin_adhesion,All annotated,identity_markers_removed,Donor2,0.00660521361084784,UC_vs_alone,50
Integrin_adhesion,All annotated,identity_markers_removed,Donor3,0.151843430456822,UC_vs_alone,50
Integrin_adhesion,All annotated,identity_markers_removed,Donor4,0.1645635229296,UC_vs_alone,50
Integrin_adhesion,All annotated,identity_markers_removed,Donor5,0.0050075786790863,UC_vs_alone,50
Integrin_adhesion,All annotated,identity_markers_removed,Donor6,-0.00405668140765184,UC_vs_alone,50
Integrin_adhesion,Resolved,full_gene,Donor1,0.155126406631343,UC_vs_alone,50
Integrin_adhesion,Resolved,full_gene,Donor3,0.15493710519714,UC_vs_alone,50
Integrin_adhesion,Resolved,full_gene,Donor4,0.25840399974493,UC_vs_alone,50
Integrin_adhesion,Resolved,full_gene,Donor6,0.178806137047375,UC_vs_alone,50
Integrin_adhesion,Resolved,identity_markers_removed,Donor1,0.155126406631343,UC_vs_alone,50
Integrin_adhesion,Resolved,identity_markers_removed,Donor3,0.15493710519714,UC_vs_alone,50
Integrin_adhesion,Resolved,identity_markers_removed,Donor4,0.25840399974493,UC_vs_alone,50
Integrin_adhesion,Resolved,identity_markers_removed,Donor6,0.178806137047375,UC_vs_alone,50
Integrin_adhesion,Resolved; >=100 genes,full_gene,Donor3,0.130030481192723,UC_vs_alone,50
Integrin_adhesion,Resolved; >=100 genes,full_gene,Donor4,0.223508359899239,UC_vs_alone,50
Integrin_adhesion,Resolved; >=100 genes,full_gene,Donor6,0.179054646825828,UC_vs_alone,50
Integrin_adhesion,Resolved; >=100 genes,identity_markers_removed,Donor3,0.130030481192723,UC_vs_alone,50
Integrin_adhesion,Resolved; >=100 genes,identity_markers_removed,Donor4,0.223508359899239,UC_vs_alone,50
Integrin_adhesion,Resolved; >=100 genes,identity_markers_removed,Donor6,0.179054646825828,UC_vs_alone,50
CXCR4_aging_retention,All annotated,full_gene,Donor1,0.131949454119379,UC_vs_alone,50
CXCR4_aging_retention,All annotated,full_gene,Donor2,0.0653210521468275,UC_vs_alone,50
CXCR4_aging_retention,All annotated,full_gene,Donor3,0.320995105462398,UC_vs_alone,50
CXCR4_aging_retention,All annotated,full_gene,Donor4,0.342000587552608,UC_vs_alone,50
CXCR4_aging_retention,All annotated,full_gene,Donor5,0.0278538443801329,UC_vs_alone,50
CXCR4_aging_retention,All annotated,full_gene,Donor6,-0.0534015052303813,UC_vs_alone,50
CXCR4_aging_retention,All annotated,identity_markers_removed,Donor1,0.137437536370804,UC_vs_alone,50
CXCR4_aging_retention,All annotated,identity_markers_removed,Donor2,0.0859027946510824,UC_vs_alone,50
CXCR4_aging_retention,All annotated,identity_markers_removed,Donor3,0.333623454698947,UC_vs_alone,50
CXCR4_aging_retention,All annotated,identity_markers_removed,Donor4,0.342655092795841,UC_vs_alone,50
CXCR4_aging_retention,All annotated,identity_markers_removed,Donor5,0.0557845079472923,UC_vs_alone,50
CXCR4_aging_retention,All annotated,identity_markers_removed,Donor6,-0.0137324964427152,UC_vs_alone,50
CXCR4_aging_retention,Resolved,full_gene,Donor1,0.57370418111478,UC_vs_alone,50
CXCR4_aging_retention,Resolved,full_gene,Donor3,0.404257129902776,UC_vs_alone,50
CXCR4_aging_retention,Resolved,full_gene,Donor4,0.476270750370933,UC_vs_alone,50
CXCR4_aging_retention,Resolved,full_gene,Donor6,0.504620192987966,UC_vs_alone,50
CXCR4_aging_retention,Resolved,identity_markers_removed,Donor1,0.586902174415728,UC_vs_alone,50
CXCR4_aging_retention,Resolved,identity_markers_removed,Donor3,0.418920305946589,UC_vs_alone,50
CXCR4_aging_retention,Resolved,identity_markers_removed,Donor4,0.476286193536734,UC_vs_alone,50
CXCR4_aging_retention,Resolved,identity_markers_removed,Donor6,0.502504304116113,UC_vs_alone,50
CXCR4_aging_retention,Resolved; >=100 genes,full_gene,Donor3,0.355896138462253,UC_vs_alone,50
CXCR4_aging_retention,Resolved; >=100 genes,full_gene,Donor4,0.382098743032846,UC_vs_alone,50
CXCR4_aging_retention,Resolved; >=100 genes,full_gene,Donor6,0.481600679924589,UC_vs_alone,50
CXCR4_aging_retention,Resolved; >=100 genes,identity_markers_removed,Donor3,0.368959333885102,UC_vs_alone,50
CXCR4_aging_retention,Resolved; >=100 genes,identity_markers_removed,Donor4,0.389887023866602,UC_vs_alone,50
CXCR4_aging_retention,Resolved; >=100 genes,identity_markers_removed,Donor6,0.491736772431592,UC_vs_alone,50
NETosis,All annotated,full_gene,Donor1,0.0064268811364987,control_fibroblasts_vs_alone,50
NETosis,All annotated,full_gene,Donor2,-0.00133336716867971,control_fibroblasts_vs_alone,50
NETosis,All annotated,full_gene,Donor3,0.139072620777963,control_fibroblasts_vs_alone,50
NETosis,All annotated,full_gene,Donor4,0.186687739988353,control_fibroblasts_vs_alone,50
NETosis,All annotated,full_gene,Donor6,-0.0866305888586995,control_fibroblasts_vs_alone,50
NETosis,All annotated,identity_markers_removed,Donor1,-0.00389579943972876,control_fibroblasts_vs_alone,50
NETosis,All annotated,identity_markers_removed,Donor2,-0.000932053373663255,control_fibroblasts_vs_alone,50
NETosis,All annotated,identity_markers_removed,Donor3,0.134362780626112,control_fibroblasts_vs_alone,50
NETosis,All annotated,identity_markers_removed,Donor4,0.181361812873567,control_fibroblasts_vs_alone,50
NETosis,All annotated,identity_markers_removed,Donor6,-0.0879846038037452,control_fibroblasts_vs_alone,50
NETosis,Resolved,full_gene,Donor1,0.167582951477193,control_fibroblasts_vs_alone,50
NETosis,Resolved,full_gene,Donor3,0.0907788944160166,control_fibroblasts_vs_alone,50
NETosis,Resolved,full_gene,Donor4,0.206759946157911,control_fibroblasts_vs_alone,50
NETosis,Resolved,full_gene,Donor6,0.0712211993528508,control_fibroblasts_vs_alone,50
NETosis,Resolved,identity_markers_removed,Donor1,0.171060986733005,control_fibroblasts_vs_alone,50
NETosis,Resolved,identity_markers_removed,Donor3,0.0899931845017534,control_fibroblasts_vs_alone,50
NETosis,Resolved,identity_markers_removed,Donor4,0.203972164461459,control_fibroblasts_vs_alone,50
NETosis,Resolved,identity_markers_removed,Donor6,0.0740569145659713,control_fibroblasts_vs_alone,50
NETosis,Resolved; >=100 genes,full_gene,Donor3,0.0963971667963325,control_fibroblasts_vs_alone,50
NETosis,Resolved; >=100 genes,full_gene,Donor4,0.16805673003317,control_fibroblasts_vs_alone,50
NETosis,Resolved; >=100 genes,full_gene,Donor6,0.0469380009596741,control_fibroblasts_vs_alone,50
NETosis,Resolved; >=100 genes,identity_markers_removed,Donor3,0.0985781420399762,control_fibroblasts_vs_alone,50
NETosis,Resolved; >=100 genes,identity_markers_removed,Donor4,0.163837511250057,control_fibroblasts_vs_alone,50
NETosis,Resolved; >=100 genes,identity_markers_removed,Donor6,0.0508253093409684,control_fibroblasts_vs_alone,50
Degranulation,All annotated,full_gene,Donor1,0.0114724556700523,control_fibroblasts_vs_alone,50
Degranulation,All annotated,full_gene,Donor2,0.0741269142768916,control_fibroblasts_vs_alone,50
Degranulation,All annotated,full_gene,Donor3,-0.0688744031158783,control_fibroblasts_vs_alone,50
Degranulation,All annotated,full_gene,Donor4,0.0372635013443247,control_fibroblasts_vs_alone,50
Degranulation,All annotated,full_gene,Donor6,-0.203010303545845,control_fibroblasts_vs_alone,50
Degranulation,All annotated,identity_markers_removed,Donor1,0.0114724556700523,control_fibroblasts_vs_alone,50
Degranulation,All annotated,identity_markers_removed,Donor2,0.0741269142768916,control_fibroblasts_vs_alone,50
Degranulation,All annotated,identity_markers_removed,Donor3,-0.0688744031158783,control_fibroblasts_vs_alone,50
Degranulation,All annotated,identity_markers_removed,Donor4,0.0372635013443247,control_fibroblasts_vs_alone,50
Degranulation,All annotated,identity_markers_removed,Donor6,-0.203010303545845,control_fibroblasts_vs_alone,50
Degranulation,Resolved,full_gene,Donor1,0.14662506762451,control_fibroblasts_vs_alone,50
Degranulation,Resolved,full_gene,Donor3,-0.0937073248342707,control_fibroblasts_vs_alone,50
Degranulation,Resolved,full_gene,Donor4,0.0471967090423593,control_fibroblasts_vs_alone,50
Degranulation,Resolved,full_gene,Donor6,-0.118395641043729,control_fibroblasts_vs_alone,50
Degranulation,Resolved,identity_markers_removed,Donor1,0.14662506762451,control_fibroblasts_vs_alone,50
Degranulation,Resolved,identity_markers_removed,Donor3,-0.0937073248342707,control_fibroblasts_vs_alone,50
Degranulation,Resolved,identity_markers_removed,Donor4,0.0471967090423593,control_fibroblasts_vs_alone,50
Degranulation,Resolved,identity_markers_removed,Donor6,-0.118395641043729,control_fibroblasts_vs_alone,50
Degranulation,Resolved; >=100 genes,full_gene,Donor3,-0.140038650836023,control_fibroblasts_vs_alone,50
Degranulation,Resolved; >=100 genes,full_gene,Donor4,-0.0173870634832178,control_fibroblasts_vs_alone,50
Degranulation,Resolved; >=100 genes,full_gene,Donor6,-0.204009814675608,control_fibroblasts_vs_alone,50
Degranulation,Resolved; >=100 genes,identity_markers_removed,Donor3,-0.140038650836023,control_fibroblasts_vs_alone,50
Degranulation,Resolved; >=100 genes,identity_markers_removed,Donor4,-0.0173870634832178,control_fibroblasts_vs_alone,50
Degranulation,Resolved; >=100 genes,identity_markers_removed,Donor6,-0.204009814675608,control_fibroblasts_vs_alone,50
Oxidative_burst,All annotated,full_gene,Donor1,-0.0273973581512088,control_fibroblasts_vs_alone,50
Oxidative_burst,All annotated,full_gene,Donor2,0.0769645720843594,control_fibroblasts_vs_alone,50
Oxidative_burst,All annotated,full_gene,Donor3,0.281861858793336,control_fibroblasts_vs_alone,50
Oxidative_burst,All annotated,full_gene,Donor4,0.280100862229837,control_fibroblasts_vs_alone,50
Oxidative_burst,All annotated,full_gene,Donor6,-0.0505541172001838,control_fibroblasts_vs_alone,50
Oxidative_burst,All annotated,identity_markers_removed,Donor1,-0.0273973581512088,control_fibroblasts_vs_alone,50
Oxidative_burst,All annotated,identity_markers_removed,Donor2,0.0769645720843594,control_fibroblasts_vs_alone,50
Oxidative_burst,All annotated,identity_markers_removed,Donor3,0.281861858793336,control_fibroblasts_vs_alone,50
Oxidative_burst,All annotated,identity_markers_removed,Donor4,0.280100862229837,control_fibroblasts_vs_alone,50
Oxidative_burst,All annotated,identity_markers_removed,Donor6,-0.0505541172001838,control_fibroblasts_vs_alone,50
Oxidative_burst,Resolved,full_gene,Donor1,0.252924929493198,control_fibroblasts_vs_alone,50
Oxidative_burst,Resolved,full_gene,Donor3,0.253595804085722,control_fibroblasts_vs_alone,50
Oxidative_burst,Resolved,full_gene,Donor4,0.345289200816218,control_fibroblasts_vs_alone,50
Oxidative_burst,Resolved,full_gene,Donor6,0.18821233902174,control_fibroblasts_vs_alone,50
Oxidative_burst,Resolved,identity_markers_removed,Donor1,0.252924929493198,control_fibroblasts_vs_alone,50
Oxidative_burst,Resolved,identity_markers_removed,Donor3,0.253595804085722,control_fibroblasts_vs_alone,50
Oxidative_burst,Resolved,identity_markers_removed,Donor4,0.345289200816218,control_fibroblasts_vs_alone,50
Oxidative_burst,Resolved,identity_markers_removed,Donor6,0.18821233902174,control_fibroblasts_vs_alone,50
Oxidative_burst,Resolved; >=100 genes,full_gene,Donor3,0.236126823304296,control_fibroblasts_vs_alone,50
Oxidative_burst,Resolved; >=100 genes,full_gene,Donor4,0.258478082353029,control_fibroblasts_vs_alone,50
Oxidative_burst,Resolved; >=100 genes,full_gene,Donor6,0.185134870369913,control_fibroblasts_vs_alone,50
Oxidative_burst,Resolved; >=100 genes,identity_markers_removed,Donor3,0.236126823304296,control_fibroblasts_vs_alone,50
Oxidative_burst,Resolved; >=100 genes,identity_markers_removed,Donor4,0.258478082353029,control_fibroblasts_vs_alone,50
Oxidative_burst,Resolved; >=100 genes,identity_markers_removed,Donor6,0.185134870369913,control_fibroblasts_vs_alone,50
Phagocytosis,All annotated,full_gene,Donor1,0.0882184557629324,control_fibroblasts_vs_alone,50
Phagocytosis,All annotated,full_gene,Donor2,0.152767333767068,control_fibroblasts_vs_alone,50
Phagocytosis,All annotated,full_gene,Donor3,0.435216228817438,control_fibroblasts_vs_alone,50
Phagocytosis,All annotated,full_gene,Donor4,0.458689005292158,control_fibroblasts_vs_alone,50
Phagocytosis,All annotated,full_gene,Donor6,0.0125505637593696,control_fibroblasts_vs_alone,50
Phagocytosis,All annotated,identity_markers_removed,Donor1,0.0882184557629324,control_fibroblasts_vs_alone,50
Phagocytosis,All annotated,identity_markers_removed,Donor2,0.152767333767068,control_fibroblasts_vs_alone,50
Phagocytosis,All annotated,identity_markers_removed,Donor3,0.435216228817438,control_fibroblasts_vs_alone,50
Phagocytosis,All annotated,identity_markers_removed,Donor4,0.458689005292158,control_fibroblasts_vs_alone,50
Phagocytosis,All annotated,identity_markers_removed,Donor6,0.0125505637593696,control_fibroblasts_vs_alone,50
Phagocytosis,Resolved,full_gene,Donor1,0.498415737847537,control_fibroblasts_vs_alone,50
Phagocytosis,Resolved,full_gene,Donor3,0.490574615993168,control_fibroblasts_vs_alone,50
Phagocytosis,Resolved,full_gene,Donor4,0.592295921359283,control_fibroblasts_vs_alone,50
Phagocytosis,Resolved,full_gene,Donor6,0.407010836857937,control_fibroblasts_vs_alone,50
Phagocytosis,Resolved,identity_markers_removed,Donor1,0.498415737847537,control_fibroblasts_vs_alone,50
Phagocytosis,Resolved,identity_markers_removed,Donor3,0.490574615993168,control_fibroblasts_vs_alone,50
Phagocytosis,Resolved,identity_markers_removed,Donor4,0.592295921359283,control_fibroblasts_vs_alone,50
Phagocytosis,Resolved,identity_markers_removed,Donor6,0.407010836857937,control_fibroblasts_vs_alone,50
Phagocytosis,Resolved; >=100 genes,full_gene,Donor3,0.457214253921573,control_fibroblasts_vs_alone,50
Phagocytosis,Resolved; >=100 genes,full_gene,Donor4,0.508154851765167,control_fibroblasts_vs_alone,50
Phagocytosis,Resolved; >=100 genes,full_gene,Donor6,0.417418079408393,control_fibroblasts_vs_alone,50
Phagocytosis,Resolved; >=100 genes,identity_markers_removed,Donor3,0.457214253921573,control_fibroblasts_vs_alone,50
Phagocytosis,Resolved; >=100 genes,identity_markers_removed,Donor4,0.508154851765167,control_fibroblasts_vs_alone,50
Phagocytosis,Resolved; >=100 genes,identity_markers_removed,Donor6,0.417418079408393,control_fibroblasts_vs_alone,50
Chemotaxis,All annotated,full_gene,Donor1,0.0474035646956724,control_fibroblasts_vs_alone,50
Chemotaxis,All annotated,full_gene,Donor2,0.16721937631322,control_fibroblasts_vs_alone,50
Chemotaxis,All annotated,full_gene,Donor3,0.40348193182791,control_fibroblasts_vs_alone,50
Chemotaxis,All annotated,full_gene,Donor4,0.386541994172651,control_fibroblasts_vs_alone,50
Chemotaxis,All annotated,full_gene,Donor6,-0.0276145237546666,control_fibroblasts_vs_alone,50
Chemotaxis,All annotated,identity_markers_removed,Donor1,0.0567927362073031,control_fibroblasts_vs_alone,50
Chemotaxis,All annotated,identity_markers_removed,Donor2,0.203287782758085,control_fibroblasts_vs_alone,50
Chemotaxis,All annotated,identity_markers_removed,Donor3,0.407079726207357,control_fibroblasts_vs_alone,50
Chemotaxis,All annotated,identity_markers_removed,Donor4,0.372788716317273,control_fibroblasts_vs_alone,50
Chemotaxis,All annotated,identity_markers_removed,Donor6,0.00876951348199873,control_fibroblasts_vs_alone,50
Chemotaxis,Resolved,full_gene,Donor1,0.44493695944107,control_fibroblasts_vs_alone,50
Chemotaxis,Resolved,full_gene,Donor3,0.475858678822286,control_fibroblasts_vs_alone,50
Chemotaxis,Resolved,full_gene,Donor4,0.489168417446097,control_fibroblasts_vs_alone,50
Chemotaxis,Resolved,full_gene,Donor6,0.40941102675402,control_fibroblasts_vs_alone,50
Chemotaxis,Resolved,identity_markers_removed,Donor1,0.444045716901567,control_fibroblasts_vs_alone,50
Chemotaxis,Resolved,identity_markers_removed,Donor3,0.48722086546352,control_fibroblasts_vs_alone,50
Chemotaxis,Resolved,identity_markers_removed,Donor4,0.472553555089249,control_fibroblasts_vs_alone,50
Chemotaxis,Resolved,identity_markers_removed,Donor6,0.405736097866988,control_fibroblasts_vs_alone,50
Chemotaxis,Resolved; >=100 genes,full_gene,Donor3,0.466833184360205,control_fibroblasts_vs_alone,50
Chemotaxis,Resolved; >=100 genes,full_gene,Donor4,0.402343813115312,control_fibroblasts_vs_alone,50
Chemotaxis,Resolved; >=100 genes,full_gene,Donor6,0.411898686535556,control_fibroblasts_vs_alone,50
Chemotaxis,Resolved; >=100 genes,identity_markers_removed,Donor3,0.482037468554631,control_fibroblasts_vs_alone,50
Chemotaxis,Resolved; >=100 genes,identity_markers_removed,Donor4,0.392570089566116,control_fibroblasts_vs_alone,50
Chemotaxis,Resolved; >=100 genes,identity_markers_removed,Donor6,0.413418419801495,control_fibroblasts_vs_alone,50
OSM_inflammation,All annotated,full_gene,Donor1,0.0522154679793879,control_fibroblasts_vs_alone,50
OSM_inflammation,All annotated,full_gene,Donor2,0.0786355580614798,control_fibroblasts_vs_alone,50
OSM_inflammation,All annotated,full_gene,Donor3,0.425328938646786,control_fibroblasts_vs_alone,50
OSM_inflammation,All annotated,full_gene,Donor4,0.426813276663493,control_fibroblasts_vs_alone,50
OSM_inflammation,All annotated,full_gene,Donor6,-0.0397331196651278,control_fibroblasts_vs_alone,50
OSM_inflammation,All annotated,identity_markers_removed,Donor1,0.0457921934943809,control_fibroblasts_vs_alone,50
OSM_inflammation,All annotated,identity_markers_removed,Donor2,0.0544181840774654,control_fibroblasts_vs_alone,50
OSM_inflammation,All annotated,identity_markers_removed,Donor3,0.411470515625169,control_fibroblasts_vs_alone,50
OSM_inflammation,All annotated,identity_markers_removed,Donor4,0.414040014538796,control_fibroblasts_vs_alone,50
OSM_inflammation,All annotated,identity_markers_removed,Donor6,-0.0452390314658225,control_fibroblasts_vs_alone,50
OSM_inflammation,Resolved,full_gene,Donor1,0.27527292462881,control_fibroblasts_vs_alone,50
OSM_inflammation,Resolved,full_gene,Donor3,0.433940744725527,control_fibroblasts_vs_alone,50
OSM_inflammation,Resolved,full_gene,Donor4,0.451142809598048,control_fibroblasts_vs_alone,50
OSM_inflammation,Resolved,full_gene,Donor6,0.292849700139357,control_fibroblasts_vs_alone,50
OSM_inflammation,Resolved,identity_markers_removed,Donor1,0.245368986282929,control_fibroblasts_vs_alone,50
OSM_inflammation,Resolved,identity_markers_removed,Donor3,0.408203197309267,control_fibroblasts_vs_alone,50
OSM_inflammation,Resolved,identity_markers_removed,Donor4,0.430291092881299,control_fibroblasts_vs_alone,50
OSM_inflammation,Resolved,identity_markers_removed,Donor6,0.268897454696257,control_fibroblasts_vs_alone,50
OSM_inflammation,Resolved; >=100 genes,full_gene,Donor3,0.411934406266636,control_fibroblasts_vs_alone,50
OSM_inflammation,Resolved; >=100 genes,full_gene,Donor4,0.380952660563888,control_fibroblasts_vs_alone,50
OSM_inflammation,Resolved; >=100 genes,full_gene,Donor6,0.315876207355702,control_fibroblasts_vs_alone,50
OSM_inflammation,Resolved; >=100 genes,identity_markers_removed,Donor3,0.375616702780497,control_fibroblasts_vs_alone,50
OSM_inflammation,Resolved; >=100 genes,identity_markers_removed,Donor4,0.366631246712678,control_fibroblasts_vs_alone,50
OSM_inflammation,Resolved; >=100 genes,identity_markers_removed,Donor6,0.291361700365988,control_fibroblasts_vs_alone,50
Type_I_interferon,All annotated,full_gene,Donor1,-0.00944320026544197,control_fibroblasts_vs_alone,50
Type_I_interferon,All annotated,full_gene,Donor2,0.0468517170295592,control_fibroblasts_vs_alone,50
Type_I_interferon,All annotated,full_gene,Donor3,0.042535793462545,control_fibroblasts_vs_alone,50
Type_I_interferon,All annotated,full_gene,Donor4,0.0380679046325875,control_fibroblasts_vs_alone,50
Type_I_interferon,All annotated,full_gene,Donor6,-0.0179343190462303,control_fibroblasts_vs_alone,50
Type_I_interferon,All annotated,identity_markers_removed,Donor1,-0.0144966477395276,control_fibroblasts_vs_alone,50
Type_I_interferon,All annotated,identity_markers_removed,Donor2,0.0775533895225951,control_fibroblasts_vs_alone,50
Type_I_interferon,All annotated,identity_markers_removed,Donor3,0.0455915799575224,control_fibroblasts_vs_alone,50
Type_I_interferon,All annotated,identity_markers_removed,Donor4,0.0422541528909199,control_fibroblasts_vs_alone,50
Type_I_interferon,All annotated,identity_markers_removed,Donor6,-0.021722327441251,control_fibroblasts_vs_alone,50
Type_I_interferon,Resolved,full_gene,Donor1,0.0465936821620291,control_fibroblasts_vs_alone,50
Type_I_interferon,Resolved,full_gene,Donor3,0.0265939837928313,control_fibroblasts_vs_alone,50
Type_I_interferon,Resolved,full_gene,Donor4,0.0646902136939174,control_fibroblasts_vs_alone,50
Type_I_interferon,Resolved,full_gene,Donor6,0.0914064366043444,control_fibroblasts_vs_alone,50
Type_I_interferon,Resolved,identity_markers_removed,Donor1,0.045383265217299,control_fibroblasts_vs_alone,50
Type_I_interferon,Resolved,identity_markers_removed,Donor3,0.0347530934153842,control_fibroblasts_vs_alone,50
Type_I_interferon,Resolved,identity_markers_removed,Donor4,0.0758708614957443,control_fibroblasts_vs_alone,50
Type_I_interferon,Resolved,identity_markers_removed,Donor6,0.0939307959739127,control_fibroblasts_vs_alone,50
Type_I_interferon,Resolved; >=100 genes,full_gene,Donor3,0.0258630294432915,control_fibroblasts_vs_alone,50
Type_I_interferon,Resolved; >=100 genes,full_gene,Donor4,0.0402737593511928,control_fibroblasts_vs_alone,50
Type_I_interferon,Resolved; >=100 genes,full_gene,Donor6,0.0929661089451409,control_fibroblasts_vs_alone,50
Type_I_interferon,Resolved; >=100 genes,identity_markers_removed,Donor3,0.0356546527871357,control_fibroblasts_vs_alone,50
Type_I_interferon,Resolved; >=100 genes,identity_markers_removed,Donor4,0.0538399991297893,control_fibroblasts_vs_alone,50
Type_I_interferon,Resolved; >=100 genes,identity_markers_removed,Donor6,0.0952505793278739,control_fibroblasts_vs_alone,50
Immature_granulopoiesis,All annotated,full_gene,Donor1,-0.0368779908047238,control_fibroblasts_vs_alone,50
Immature_granulopoiesis,All annotated,full_gene,Donor2,0.0182220808226895,control_fibroblasts_vs_alone,50
Immature_granulopoiesis,All annotated,full_gene,Donor3,-0.206793475867136,control_fibroblasts_vs_alone,50
Immature_granulopoiesis,All annotated,full_gene,Donor4,-0.102672837122073,control_fibroblasts_vs_alone,50
Immature_granulopoiesis,All annotated,full_gene,Donor6,-0.266839345823502,control_fibroblasts_vs_alone,50
Immature_granulopoiesis,All annotated,identity_markers_removed,Donor1,-0.0368779908047238,control_fibroblasts_vs_alone,50
Immature_granulopoiesis,All annotated,identity_markers_removed,Donor2,0.0182220808226895,control_fibroblasts_vs_alone,50
Immature_granulopoiesis,All annotated,identity_markers_removed,Donor3,-0.206793475867136,control_fibroblasts_vs_alone,50
Immature_granulopoiesis,All annotated,identity_markers_removed,Donor4,-0.102672837122073,control_fibroblasts_vs_alone,50
Immature_granulopoiesis,All annotated,identity_markers_removed,Donor6,-0.266839345823502,control_fibroblasts_vs_alone,50
Immature_granulopoiesis,Resolved,full_gene,Donor1,-0.00100942030534613,control_fibroblasts_vs_alone,50
Immature_granulopoiesis,Resolved,full_gene,Donor3,-0.259018044666838,control_fibroblasts_vs_alone,50
Immature_granulopoiesis,Resolved,full_gene,Donor4,-0.134801017534939,control_fibroblasts_vs_alone,50
Immature_granulopoiesis,Resolved,full_gene,Donor6,-0.298513173949376,control_fibroblasts_vs_alone,50
Immature_granulopoiesis,Resolved,identity_markers_removed,Donor1,-0.00100942030534613,control_fibroblasts_vs_alone,50
Immature_granulopoiesis,Resolved,identity_markers_removed,Donor3,-0.259018044666838,control_fibroblasts_vs_alone,50
Immature_granulopoiesis,Resolved,identity_markers_removed,Donor4,-0.134801017534939,control_fibroblasts_vs_alone,50
Immature_granulopoiesis,Resolved,identity_markers_removed,Donor6,-0.298513173949376,control_fibroblasts_vs_alone,50
Immature_granulopoiesis,Resolved; >=100 genes,full_gene,Donor3,-0.301609520397186,control_fibroblasts_vs_alone,50
Immature_granulopoiesis,Resolved; >=100 genes,full_gene,Donor4,-0.207505093687802,control_fibroblasts_vs_alone,50
Immature_granulopoiesis,Resolved; >=100 genes,full_gene,Donor6,-0.40389784526781,control_fibroblasts_vs_alone,50
Immature_granulopoiesis,Resolved; >=100 genes,identity_markers_removed,Donor3,-0.301609520397186,control_fibroblasts_vs_alone,50
Immature_granulopoiesis,Resolved; >=100 genes,identity_markers_removed,Donor4,-0.207505093687802,control_fibroblasts_vs_alone,50
Immature_granulopoiesis,Resolved; >=100 genes,identity_markers_removed,Donor6,-0.40389784526781,control_fibroblasts_vs_alone,50
Survival_antiapoptosis,All annotated,full_gene,Donor1,0.0341405064701497,control_fibroblasts_vs_alone,50
Survival_antiapoptosis,All annotated,full_gene,Donor2,0.0201623770086315,control_fibroblasts_vs_alone,50
Survival_antiapoptosis,All annotated,full_gene,Donor3,0.290949769507696,control_fibroblasts_vs_alone,50
Survival_antiapoptosis,All annotated,full_gene,Donor4,0.329469060529802,control_fibroblasts_vs_alone,50
Survival_antiapoptosis,All annotated,full_gene,Donor6,0.0310186315346536,control_fibroblasts_vs_alone,50
Survival_antiapoptosis,All annotated,identity_markers_removed,Donor1,0.0341405064701497,control_fibroblasts_vs_alone,50
Survival_antiapoptosis,All annotated,identity_markers_removed,Donor2,0.0201623770086315,control_fibroblasts_vs_alone,50
Survival_antiapoptosis,All annotated,identity_markers_removed,Donor3,0.290949769507696,control_fibroblasts_vs_alone,50
Survival_antiapoptosis,All annotated,identity_markers_removed,Donor4,0.329469060529802,control_fibroblasts_vs_alone,50
Survival_antiapoptosis,All annotated,identity_markers_removed,Donor6,0.0310186315346536,control_fibroblasts_vs_alone,50
Survival_antiapoptosis,Resolved,full_gene,Donor1,0.310916246400849,control_fibroblasts_vs_alone,50
Survival_antiapoptosis,Resolved,full_gene,Donor3,0.326751949516244,control_fibroblasts_vs_alone,50
Survival_antiapoptosis,Resolved,full_gene,Donor4,0.401904251083023,control_fibroblasts_vs_alone,50
Survival_antiapoptosis,Resolved,full_gene,Donor6,0.2579065832921,control_fibroblasts_vs_alone,50
Survival_antiapoptosis,Resolved,identity_markers_removed,Donor1,0.310916246400849,control_fibroblasts_vs_alone,50
Survival_antiapoptosis,Resolved,identity_markers_removed,Donor3,0.326751949516244,control_fibroblasts_vs_alone,50
Survival_antiapoptosis,Resolved,identity_markers_removed,Donor4,0.401904251083023,control_fibroblasts_vs_alone,50
Survival_antiapoptosis,Resolved,identity_markers_removed,Donor6,0.2579065832921,control_fibroblasts_vs_alone,50
Survival_antiapoptosis,Resolved; >=100 genes,full_gene,Donor3,0.308984666778541,control_fibroblasts_vs_alone,50
Survival_antiapoptosis,Resolved; >=100 genes,full_gene,Donor4,0.352695162506635,control_fibroblasts_vs_alone,50
Survival_antiapoptosis,Resolved; >=100 genes,full_gene,Donor6,0.265298172699156,control_fibroblasts_vs_alone,50
Survival_antiapoptosis,Resolved; >=100 genes,identity_markers_removed,Donor3,0.308984666778541,control_fibroblasts_vs_alone,50
Survival_antiapoptosis,Resolved; >=100 genes,identity_markers_removed,Donor4,0.352695162506635,control_fibroblasts_vs_alone,50
Survival_antiapoptosis,Resolved; >=100 genes,identity_markers_removed,Donor6,0.265298172699156,control_fibroblasts_vs_alone,50
Hypoxia_glycolysis,All annotated,full_gene,Donor1,-0.0205500044265537,control_fibroblasts_vs_alone,50
Hypoxia_glycolysis,All annotated,full_gene,Donor2,0.137166697530447,control_fibroblasts_vs_alone,50
Hypoxia_glycolysis,All annotated,full_gene,Donor3,0.166587245843627,control_fibroblasts_vs_alone,50
Hypoxia_glycolysis,All annotated,full_gene,Donor4,0.146293468653092,control_fibroblasts_vs_alone,50
Hypoxia_glycolysis,All annotated,full_gene,Donor6,-0.0249691711924143,control_fibroblasts_vs_alone,50
Hypoxia_glycolysis,All annotated,identity_markers_removed,Donor1,-0.0205500044265537,control_fibroblasts_vs_alone,50
Hypoxia_glycolysis,All annotated,identity_markers_removed,Donor2,0.137166697530447,control_fibroblasts_vs_alone,50
Hypoxia_glycolysis,All annotated,identity_markers_removed,Donor3,0.166587245843627,control_fibroblasts_vs_alone,50
Hypoxia_glycolysis,All annotated,identity_markers_removed,Donor4,0.146293468653092,control_fibroblasts_vs_alone,50
Hypoxia_glycolysis,All annotated,identity_markers_removed,Donor6,-0.0249691711924143,control_fibroblasts_vs_alone,50
Hypoxia_glycolysis,Resolved,full_gene,Donor1,0.141262103133266,control_fibroblasts_vs_alone,50
Hypoxia_glycolysis,Resolved,full_gene,Donor3,0.190955507242074,control_fibroblasts_vs_alone,50
Hypoxia_glycolysis,Resolved,full_gene,Donor4,0.223628046743717,control_fibroblasts_vs_alone,50
Hypoxia_glycolysis,Resolved,full_gene,Donor6,0.109922302565611,control_fibroblasts_vs_alone,50
Hypoxia_glycolysis,Resolved,identity_markers_removed,Donor1,0.141262103133266,control_fibroblasts_vs_alone,50
Hypoxia_glycolysis,Resolved,identity_markers_removed,Donor3,0.190955507242074,control_fibroblasts_vs_alone,50
Hypoxia_glycolysis,Resolved,identity_markers_removed,Donor4,0.223628046743717,control_fibroblasts_vs_alone,50
Hypoxia_glycolysis,Resolved,identity_markers_removed,Donor6,0.109922302565611,control_fibroblasts_vs_alone,50
Hypoxia_glycolysis,Resolved; >=100 genes,full_gene,Donor3,0.198856838676778,control_fibroblasts_vs_alone,50
Hypoxia_glycolysis,Resolved; >=100 genes,full_gene,Donor4,0.180105761185148,control_fibroblasts_vs_alone,50
Hypoxia_glycolysis,Resolved; >=100 genes,full_gene,Donor6,0.0971066092287049,control_fibroblasts_vs_alone,50
Hypoxia_glycolysis,Resolved; >=100 genes,identity_markers_removed,Donor3,0.198856838676778,control_fibroblasts_vs_alone,50
Hypoxia_glycolysis,Resolved; >=100 genes,identity_markers_removed,Donor4,0.180105761185148,control_fibroblasts_vs_alone,50
Hypoxia_glycolysis,Resolved; >=100 genes,identity_markers_removed,Donor6,0.0971066092287049,control_fibroblasts_vs_alone,50
ER_stress,All annotated,full_gene,Donor1,0.00517245178764136,control_fibroblasts_vs_alone,50
ER_stress,All annotated,full_gene,Donor2,0.0693811947723763,control_fibroblasts_vs_alone,50
ER_stress,All annotated,full_gene,Donor3,0.326856022515686,control_fibroblasts_vs_alone,50
ER_stress,All annotated,full_gene,Donor4,0.310147218709979,control_fibroblasts_vs_alone,50
ER_stress,All annotated,full_gene,Donor6,0.00805163584018703,control_fibroblasts_vs_alone,50
ER_stress,All annotated,identity_markers_removed,Donor1,0.00517245178764136,control_fibroblasts_vs_alone,50
ER_stress,All annotated,identity_markers_removed,Donor2,0.0693811947723763,control_fibroblasts_vs_alone,50
ER_stress,All annotated,identity_markers_removed,Donor3,0.326856022515686,control_fibroblasts_vs_alone,50
ER_stress,All annotated,identity_markers_removed,Donor4,0.310147218709979,control_fibroblasts_vs_alone,50
ER_stress,All annotated,identity_markers_removed,Donor6,0.00805163584018703,control_fibroblasts_vs_alone,50
ER_stress,Resolved,full_gene,Donor1,0.2303600138476,control_fibroblasts_vs_alone,50
ER_stress,Resolved,full_gene,Donor3,0.413913937220997,control_fibroblasts_vs_alone,50
ER_stress,Resolved,full_gene,Donor4,0.384677238941985,control_fibroblasts_vs_alone,50
ER_stress,Resolved,full_gene,Donor6,0.257811220380273,control_fibroblasts_vs_alone,50
ER_stress,Resolved,identity_markers_removed,Donor1,0.2303600138476,control_fibroblasts_vs_alone,50
ER_stress,Resolved,identity_markers_removed,Donor3,0.413913937220997,control_fibroblasts_vs_alone,50
ER_stress,Resolved,identity_markers_removed,Donor4,0.384677238941985,control_fibroblasts_vs_alone,50
ER_stress,Resolved,identity_markers_removed,Donor6,0.257811220380273,control_fibroblasts_vs_alone,50
ER_stress,Resolved; >=100 genes,full_gene,Donor3,0.395407652824122,control_fibroblasts_vs_alone,50
ER_stress,Resolved; >=100 genes,full_gene,Donor4,0.336465611831027,control_fibroblasts_vs_alone,50
ER_stress,Resolved; >=100 genes,full_gene,Donor6,0.258051591226897,control_fibroblasts_vs_alone,50
ER_stress,Resolved; >=100 genes,identity_markers_removed,Donor3,0.395407652824122,control_fibroblasts_vs_alone,50
ER_stress,Resolved; >=100 genes,identity_markers_removed,Donor4,0.336465611831027,control_fibroblasts_vs_alone,50
ER_stress,Resolved; >=100 genes,identity_markers_removed,Donor6,0.258051591226897,control_fibroblasts_vs_alone,50
Proliferation_stress,All annotated,full_gene,Donor1,0.0182547689180087,control_fibroblasts_vs_alone,50
Proliferation_stress,All annotated,full_gene,Donor2,0.236303600048975,control_fibroblasts_vs_alone,50
Proliferation_stress,All annotated,full_gene,Donor3,0.0549455401768738,control_fibroblasts_vs_alone,50
Proliferation_stress,All annotated,full_gene,Donor4,0.0358095945064363,control_fibroblasts_vs_alone,50
Proliferation_stress,All annotated,full_gene,Donor6,-0.104569754431305,control_fibroblasts_vs_alone,50
Proliferation_stress,All annotated,identity_markers_removed,Donor1,0.0182547689180087,control_fibroblasts_vs_alone,50
Proliferation_stress,All annotated,identity_markers_removed,Donor2,0.236303600048975,control_fibroblasts_vs_alone,50
Proliferation_stress,All annotated,identity_markers_removed,Donor3,0.0549455401768738,control_fibroblasts_vs_alone,50
Proliferation_stress,All annotated,identity_markers_removed,Donor4,0.0358095945064363,control_fibroblasts_vs_alone,50
Proliferation_stress,All annotated,identity_markers_removed,Donor6,-0.104569754431305,control_fibroblasts_vs_alone,50
Proliferation_stress,Resolved,full_gene,Donor1,0.0172791925700822,control_fibroblasts_vs_alone,50
Proliferation_stress,Resolved,full_gene,Donor3,0.0359368975247434,control_fibroblasts_vs_alone,50
Proliferation_stress,Resolved,full_gene,Donor4,0.0314059471064101,control_fibroblasts_vs_alone,50
Proliferation_stress,Resolved,full_gene,Donor6,-0.105490001045488,control_fibroblasts_vs_alone,50
Proliferation_stress,Resolved,identity_markers_removed,Donor1,0.0172791925700822,control_fibroblasts_vs_alone,50
Proliferation_stress,Resolved,identity_markers_removed,Donor3,0.0359368975247434,control_fibroblasts_vs_alone,50
Proliferation_stress,Resolved,identity_markers_removed,Donor4,0.0314059471064101,control_fibroblasts_vs_alone,50
Proliferation_stress,Resolved,identity_markers_removed,Donor6,-0.105490001045488,control_fibroblasts_vs_alone,50
Proliferation_stress,Resolved; >=100 genes,full_gene,Donor3,0.022876387650131,control_fibroblasts_vs_alone,50
Proliferation_stress,Resolved; >=100 genes,full_gene,Donor4,0.0132613892330789,control_fibroblasts_vs_alone,50
Proliferation_stress,Resolved; >=100 genes,full_gene,Donor6,-0.163999092839632,control_fibroblasts_vs_alone,50
Proliferation_stress,Resolved; >=100 genes,identity_markers_removed,Donor3,0.022876387650131,control_fibroblasts_vs_alone,50
Proliferation_stress,Resolved; >=100 genes,identity_markers_removed,Donor4,0.0132613892330789,control_fibroblasts_vs_alone,50
Proliferation_stress,Resolved; >=100 genes,identity_markers_removed,Donor6,-0.163999092839632,control_fibroblasts_vs_alone,50
Integrin_adhesion,All annotated,full_gene,Donor1,0.0409224572995188,control_fibroblasts_vs_alone,50
Integrin_adhesion,All annotated,full_gene,Donor2,0.049154061619177,control_fibroblasts_vs_alone,50
Integrin_adhesion,All annotated,full_gene,Donor3,0.244758013319944,control_fibroblasts_vs_alone,50
Integrin_adhesion,All annotated,full_gene,Donor4,0.264140339137913,control_fibroblasts_vs_alone,50
Integrin_adhesion,All annotated,full_gene,Donor6,0.00557973579052537,control_fibroblasts_vs_alone,50
Integrin_adhesion,All annotated,identity_markers_removed,Donor1,0.0409224572995188,control_fibroblasts_vs_alone,50
Integrin_adhesion,All annotated,identity_markers_removed,Donor2,0.049154061619177,control_fibroblasts_vs_alone,50
Integrin_adhesion,All annotated,identity_markers_removed,Donor3,0.244758013319944,control_fibroblasts_vs_alone,50
Integrin_adhesion,All annotated,identity_markers_removed,Donor4,0.264140339137913,control_fibroblasts_vs_alone,50
Integrin_adhesion,All annotated,identity_markers_removed,Donor6,0.00557973579052537,control_fibroblasts_vs_alone,50
Integrin_adhesion,Resolved,full_gene,Donor1,0.166539623726826,control_fibroblasts_vs_alone,50
Integrin_adhesion,Resolved,full_gene,Donor3,0.2616592750605,control_fibroblasts_vs_alone,50
Integrin_adhesion,Resolved,full_gene,Donor4,0.382738778335337,control_fibroblasts_vs_alone,50
Integrin_adhesion,Resolved,full_gene,Donor6,0.189804443160189,control_fibroblasts_vs_alone,50
Integrin_adhesion,Resolved,identity_markers_removed,Donor1,0.166539623726826,control_fibroblasts_vs_alone,50
Integrin_adhesion,Resolved,identity_markers_removed,Donor3,0.2616592750605,control_fibroblasts_vs_alone,50
Integrin_adhesion,Resolved,identity_markers_removed,Donor4,0.382738778335337,control_fibroblasts_vs_alone,50
Integrin_adhesion,Resolved,identity_markers_removed,Donor6,0.189804443160189,control_fibroblasts_vs_alone,50
Integrin_adhesion,Resolved; >=100 genes,full_gene,Donor3,0.237845960589714,control_fibroblasts_vs_alone,50
Integrin_adhesion,Resolved; >=100 genes,full_gene,Donor4,0.347900208459466,control_fibroblasts_vs_alone,50
Integrin_adhesion,Resolved; >=100 genes,full_gene,Donor6,0.194115428483893,control_fibroblasts_vs_alone,50
Integrin_adhesion,Resolved; >=100 genes,identity_markers_removed,Donor3,0.237845960589714,control_fibroblasts_vs_alone,50
Integrin_adhesion,Resolved; >=100 genes,identity_markers_removed,Donor4,0.347900208459466,control_fibroblasts_vs_alone,50
Integrin_adhesion,Resolved; >=100 genes,identity_markers_removed,Donor6,0.194115428483893,control_fibroblasts_vs_alone,50
CXCR4_aging_retention,All annotated,full_gene,Donor1,0.0891498092215757,control_fibroblasts_vs_alone,50
CXCR4_aging_retention,All annotated,full_gene,Donor2,0.125550175033232,control_fibroblasts_vs_alone,50
CXCR4_aging_retention,All annotated,full_gene,Donor3,0.482395125180593,control_fibroblasts_vs_alone,50
CXCR4_aging_retention,All annotated,full_gene,Donor4,0.526771589018245,control_fibroblasts_vs_alone,50
CXCR4_aging_retention,All annotated,full_gene,Donor6,-0.0419098329801372,control_fibroblasts_vs_alone,50
CXCR4_aging_retention,All annotated,identity_markers_removed,Donor1,0.110643898243039,control_fibroblasts_vs_alone,50
CXCR4_aging_retention,All annotated,identity_markers_removed,Donor2,0.167712103800045,control_fibroblasts_vs_alone,50
CXCR4_aging_retention,All annotated,identity_markers_removed,Donor3,0.503214675982355,control_fibroblasts_vs_alone,50
CXCR4_aging_retention,All annotated,identity_markers_removed,Donor4,0.535562918989834,control_fibroblasts_vs_alone,50
CXCR4_aging_retention,All annotated,identity_markers_removed,Donor6,0.00616875730610023,control_fibroblasts_vs_alone,50
CXCR4_aging_retention,Resolved,full_gene,Donor1,0.589155140200222,control_fibroblasts_vs_alone,50
CXCR4_aging_retention,Resolved,full_gene,Donor3,0.542860451709544,control_fibroblasts_vs_alone,50
CXCR4_aging_retention,Resolved,full_gene,Donor4,0.673550026249964,control_fibroblasts_vs_alone,50
CXCR4_aging_retention,Resolved,full_gene,Donor6,0.525945295834371,control_fibroblasts_vs_alone,50
CXCR4_aging_retention,Resolved,identity_markers_removed,Donor1,0.616751036796748,control_fibroblasts_vs_alone,50
CXCR4_aging_retention,Resolved,identity_markers_removed,Donor3,0.572167867584723,control_fibroblasts_vs_alone,50
CXCR4_aging_retention,Resolved,identity_markers_removed,Donor4,0.68716554071115,control_fibroblasts_vs_alone,50
CXCR4_aging_retention,Resolved,identity_markers_removed,Donor6,0.544107249208596,control_fibroblasts_vs_alone,50
CXCR4_aging_retention,Resolved; >=100 genes,full_gene,Donor3,0.495544875502476,control_fibroblasts_vs_alone,50
CXCR4_aging_retention,Resolved; >=100 genes,full_gene,Donor4,0.578140330309526,control_fibroblasts_vs_alone,50
CXCR4_aging_retention,Resolved; >=100 genes,full_gene,Donor6,0.50527153055836,control_fibroblasts_vs_alone,50
CXCR4_aging_retention,Resolved; >=100 genes,identity_markers_removed,Donor3,0.522573211603126,control_fibroblasts_vs_alone,50
CXCR4_aging_retention,Resolved; >=100 genes,identity_markers_removed,Donor4,0.599616420779495,control_fibroblasts_vs_alone,50
CXCR4_aging_retention,Resolved; >=100 genes,identity_markers_removed,Donor6,0.526073725935236,control_fibroblasts_vs_alone,50
