DonorID,ConditionCode,program,value,cells,population,version
Donor1,N,NETosis,-0.13834192855229,55,Resolved,full_gene
Donor6,N,NETosis,-0.0837527471666482,801,Resolved,full_gene
Donor5,NNAMPT,NETosis,-0.171164525027177,41,Resolved,full_gene
Donor2,NNAMPT,NETosis,-0.143750653786462,215,Resolved,full_gene
Donor1,NNAMPT,NETosis,-0.182123335631435,63,Resolved,full_gene
Donor4,NNAMPT,NETosis,-0.0413404094492213,233,Resolved,full_gene
Donor4,N,NETosis,-0.0730857172523245,234,Resolved,full_gene
Donor5,N,NETosis,-0.186692736693044,61,Resolved,full_gene
Donor3,N,NETosis,0.0680430790951504,102,Resolved,full_gene
Donor3,NNAMPT,NETosis,0.0944874482602941,42,Resolved,full_gene
Donor2,N,NETosis,-0.150719735940564,47,Resolved,full_gene
Donor6,NNAMPT,NETosis,-0.246870983958615,13,Resolved,full_gene
Donor4,UF,NETosis,0.0559651112294259,3393,Resolved,full_gene
Donor4,UN,NETosis,0.0967412674098508,1239,Resolved,full_gene
Donor3,UN,NETosis,0.0615746741944269,2554,Resolved,full_gene
Donor2,UF,NETosis,0.0103587500690254,720,Resolved,full_gene
Donor3,UF,NETosis,0.0538820887038371,2349,Resolved,full_gene
Donor2,UN,NETosis,0.0262548590873701,461,Resolved,full_gene
Donor6,UF,NETosis,-0.00293289074446986,369,Resolved,full_gene
Donor1,UF,NETosis,0.0223851545647845,140,Resolved,full_gene
Donor5,UF,NETosis,0.0884185511663724,28,Resolved,full_gene
Donor1,UN,NETosis,0.00852779353257691,87,Resolved,full_gene
Donor6,UN,NETosis,0.0262661456503623,54,Resolved,full_gene
Donor5,UN,NETosis,0.0586245918952947,26,Resolved,full_gene
Donor4,UD,NETosis,0.142655790042039,1847,Resolved,full_gene
Donor4,UA5,NETosis,0.143636440346446,1576,Resolved,full_gene
Donor5,UD,NETosis,-0.00804757572702138,1184,Resolved,full_gene
Donor2,UD,NETosis,-0.0117560814473259,946,Resolved,full_gene
Donor3,UA5,NETosis,0.107151071024133,2053,Resolved,full_gene
Donor1,UA5,NETosis,0.00559847270658277,1402,Resolved,full_gene
Donor2,UA5,NETosis,0.0361619224009838,944,Resolved,full_gene
Donor6,UD,NETosis,-0.0130826430733554,481,Resolved,full_gene
Donor3,UD,NETosis,0.0661469877913126,1516,Resolved,full_gene
Donor6,UA5,NETosis,-0.0345485881999773,510,Resolved,full_gene
Donor1,UD,NETosis,0.0119033747204662,200,Resolved,full_gene
Donor5,UA5,NETosis,-0.0714959157849628,4,Resolved,full_gene
Donor4,CF,NETosis,0.133674228905587,2848,Resolved,full_gene
Donor3,NA5,NETosis,0.13726246885909,3913,Resolved,full_gene
Donor2,NA5,NETosis,0.0182344573470819,1148,Resolved,full_gene
Donor5,NA5,NETosis,0.0163857943841865,2536,Resolved,full_gene
Donor3,CF,NETosis,0.158821973511167,3355,Resolved,full_gene
Donor6,CF,NETosis,-0.0125315478137974,1249,Resolved,full_gene
Donor1,CF,NETosis,0.0292410229249031,1253,Resolved,full_gene
Donor4,NA5,NETosis,0.120895536619396,1580,Resolved,full_gene
Donor1,NA5,NETosis,0.0457252469324398,71,Resolved,full_gene
Donor5,CF,NETosis,0.146846132951373,11,Resolved,full_gene
Donor2,CF,NETosis,-0.119578788958488,22,Resolved,full_gene
Donor6,NA5,NETosis,0.27371199912597,1,Resolved,full_gene
Donor1,N,Degranulation,-0.126710181389344,55,Resolved,full_gene
Donor6,N,Degranulation,0.102599769653346,801,Resolved,full_gene
Donor5,NNAMPT,Degranulation,-0.0860443297177231,41,Resolved,full_gene
Donor2,NNAMPT,Degranulation,-0.0573142051871114,215,Resolved,full_gene
Donor1,NNAMPT,Degranulation,-0.142867838260764,63,Resolved,full_gene
Donor4,NNAMPT,Degranulation,0.0453770381110573,233,Resolved,full_gene
Donor4,N,Degranulation,-0.00494364425668239,234,Resolved,full_gene
Donor5,N,Degranulation,-0.129923474863375,61,Resolved,full_gene
Donor3,N,Degranulation,0.147076635287308,102,Resolved,full_gene
Donor3,NNAMPT,Degranulation,0.0721743110268206,42,Resolved,full_gene
Donor2,N,Degranulation,-0.141388237410874,47,Resolved,full_gene
Donor6,NNAMPT,Degranulation,-0.0737354008501198,13,Resolved,full_gene
Donor4,UF,Degranulation,-0.0163551623667551,3393,Resolved,full_gene
Donor4,UN,Degranulation,0.0625989794328927,1239,Resolved,full_gene
Donor3,UN,Degranulation,0.013293062541777,2554,Resolved,full_gene
Donor2,UF,Degranulation,0.0183233694857057,720,Resolved,full_gene
Donor3,UF,Degranulation,-0.00495986927946825,2349,Resolved,full_gene
Donor2,UN,Degranulation,0.043066278688323,461,Resolved,full_gene
Donor6,UF,Degranulation,-0.00354346753256458,369,Resolved,full_gene
Donor1,UF,Degranulation,-0.00723630164884753,140,Resolved,full_gene
Donor5,UF,Degranulation,-0.0480836389872235,28,Resolved,full_gene
Donor1,UN,Degranulation,-0.00884448185716927,87,Resolved,full_gene
Donor6,UN,Degranulation,-0.0566761672079174,54,Resolved,full_gene
Donor5,UN,Degranulation,-0.156980139345606,26,Resolved,full_gene
Donor4,UD,Degranulation,0.0851868181787476,1847,Resolved,full_gene
Donor4,UA5,Degranulation,0.049814837147226,1576,Resolved,full_gene
Donor5,UD,Degranulation,0.0796650971272222,1184,Resolved,full_gene
Donor2,UD,Degranulation,0.0488519018003643,946,Resolved,full_gene
Donor3,UA5,Degranulation,0.0596801873135425,2053,Resolved,full_gene
Donor1,UA5,Degranulation,0.0547202949226536,1402,Resolved,full_gene
Donor2,UA5,Degranulation,0.0783425319081225,944,Resolved,full_gene
Donor6,UD,Degranulation,0.0980303553358078,481,Resolved,full_gene
Donor3,UD,Degranulation,0.051968382364846,1516,Resolved,full_gene
Donor6,UA5,Degranulation,0.0571687440925246,510,Resolved,full_gene
Donor1,UD,Degranulation,0.126236757509709,200,Resolved,full_gene
Donor5,UA5,Degranulation,-0.151473914730994,4,Resolved,full_gene
Donor4,CF,Degranulation,0.0422530647856769,2848,Resolved,full_gene
Donor3,NA5,Degranulation,0.0475224246561344,3913,Resolved,full_gene
Donor2,NA5,Degranulation,0.00576443730890096,1148,Resolved,full_gene
Donor5,NA5,Degranulation,0.00571515336761126,2536,Resolved,full_gene
Donor3,CF,Degranulation,0.0533693104530375,3355,Resolved,full_gene
Donor6,CF,Degranulation,-0.0157958713903831,1249,Resolved,full_gene
Donor1,CF,Degranulation,0.0199148862351664,1253,Resolved,full_gene
Donor4,NA5,Degranulation,0.0456629576981379,1580,Resolved,full_gene
Donor1,NA5,Degranulation,0.00425400165991989,71,Resolved,full_gene
Donor5,CF,Degranulation,0.143497706311117,11,Resolved,full_gene
Donor2,CF,Degranulation,-0.0280948930858412,22,Resolved,full_gene
Donor6,NA5,Degranulation,0.172333167803168,1,Resolved,full_gene
Donor1,N,Oxidative_burst,-0.23992695762406,55,Resolved,full_gene
Donor6,N,Oxidative_burst,-0.228110211957906,801,Resolved,full_gene
Donor5,NNAMPT,Oxidative_burst,-0.328869699832915,41,Resolved,full_gene
Donor2,NNAMPT,Oxidative_burst,-0.258572564664522,215,Resolved,full_gene
Donor1,NNAMPT,Oxidative_burst,-0.271282672326207,63,Resolved,full_gene
Donor4,NNAMPT,Oxidative_burst,-0.190306736694456,233,Resolved,full_gene
Donor4,N,Oxidative_burst,-0.134352188555404,234,Resolved,full_gene
Donor5,N,Oxidative_burst,-0.299234544025657,61,Resolved,full_gene
Donor3,N,Oxidative_burst,-0.0231954962477493,102,Resolved,full_gene
Donor3,NNAMPT,Oxidative_burst,-0.118111931338109,42,Resolved,full_gene
Donor2,N,Oxidative_burst,-0.248551835720406,47,Resolved,full_gene
Donor6,NNAMPT,Oxidative_burst,-0.402120865433219,13,Resolved,full_gene
Donor4,UF,Oxidative_burst,0.0996739654674358,3393,Resolved,full_gene
Donor4,UN,Oxidative_burst,0.153766466342169,1239,Resolved,full_gene
Donor3,UN,Oxidative_burst,0.0870396332425107,2554,Resolved,full_gene
Donor2,UF,Oxidative_burst,0.0273021749781023,720,Resolved,full_gene
Donor3,UF,Oxidative_burst,0.100287925558551,2349,Resolved,full_gene
Donor2,UN,Oxidative_burst,0.0398217234445373,461,Resolved,full_gene
Donor6,UF,Oxidative_burst,-0.00842313008861754,369,Resolved,full_gene
Donor1,UF,Oxidative_burst,0.0604835401651606,140,Resolved,full_gene
Donor5,UF,Oxidative_burst,0.217796988618566,28,Resolved,full_gene
Donor1,UN,Oxidative_burst,0.0891190062288113,87,Resolved,full_gene
Donor6,UN,Oxidative_burst,0.0482958196678773,54,Resolved,full_gene
Donor5,UN,Oxidative_burst,0.298108493182513,26,Resolved,full_gene
Donor4,UD,Oxidative_burst,0.167408065623799,1847,Resolved,full_gene
Donor4,UA5,Oxidative_burst,0.202779928200622,1576,Resolved,full_gene
Donor5,UD,Oxidative_burst,-0.103502738934419,1184,Resolved,full_gene
Donor2,UD,Oxidative_burst,-0.115002375116991,946,Resolved,full_gene
Donor3,UA5,Oxidative_burst,0.151696225694344,2053,Resolved,full_gene
Donor1,UA5,Oxidative_burst,-0.0690861341441608,1402,Resolved,full_gene
Donor2,UA5,Oxidative_burst,-0.0772557274482453,944,Resolved,full_gene
Donor6,UD,Oxidative_burst,-0.128026198946236,481,Resolved,full_gene
Donor3,UD,Oxidative_burst,0.0661936675064709,1516,Resolved,full_gene
Donor6,UA5,Oxidative_burst,-0.165596606785834,510,Resolved,full_gene
Donor1,UD,Oxidative_burst,0.0284786408341508,200,Resolved,full_gene
Donor5,UA5,Oxidative_burst,0.0464039363807557,4,Resolved,full_gene
Donor4,CF,Oxidative_burst,0.210937012260814,2848,Resolved,full_gene
Donor3,NA5,Oxidative_burst,0.199355319956394,3913,Resolved,full_gene
Donor2,NA5,Oxidative_burst,-0.00386871637175023,1148,Resolved,full_gene
Donor5,NA5,Oxidative_burst,-0.00417403674760522,2536,Resolved,full_gene
Donor3,CF,Oxidative_burst,0.230400307837973,3355,Resolved,full_gene
Donor6,CF,Oxidative_burst,-0.039897872936166,1249,Resolved,full_gene
Donor1,CF,Oxidative_burst,0.0129979718691378,1253,Resolved,full_gene
Donor4,NA5,Oxidative_burst,0.189085416611695,1580,Resolved,full_gene
Donor1,NA5,Oxidative_burst,0.0557505131114183,71,Resolved,full_gene
Donor5,CF,Oxidative_burst,0.281425694143446,11,Resolved,full_gene
Donor2,CF,Oxidative_burst,-0.0196133437432211,22,Resolved,full_gene
Donor6,NA5,Oxidative_burst,1.03848799113541,1,Resolved,full_gene
Donor1,N,Phagocytosis,-0.408280234691078,55,Resolved,full_gene
Donor6,N,Phagocytosis,-0.350837287476346,801,Resolved,full_gene
Donor5,NNAMPT,Phagocytosis,-0.461621620624459,41,Resolved,full_gene
Donor2,NNAMPT,Phagocytosis,-0.387807313209675,215,Resolved,full_gene
Donor1,NNAMPT,Phagocytosis,-0.349120353682242,63,Resolved,full_gene
Donor4,NNAMPT,Phagocytosis,-0.283467327562917,233,Resolved,full_gene
Donor4,N,Phagocytosis,-0.273953823525183,234,Resolved,full_gene
Donor5,N,Phagocytosis,-0.37807907938362,61,Resolved,full_gene
Donor3,N,Phagocytosis,-0.157665168724196,102,Resolved,full_gene
Donor3,NNAMPT,Phagocytosis,-0.0583102293012372,42,Resolved,full_gene
Donor2,N,Phagocytosis,-0.386806914630954,47,Resolved,full_gene
Donor6,NNAMPT,Phagocytosis,-0.543940686932847,13,Resolved,full_gene
Donor4,UF,Phagocytosis,0.156913956379166,3393,Resolved,full_gene
Donor4,UN,Phagocytosis,0.255123829960749,1239,Resolved,full_gene
Donor3,UN,Phagocytosis,0.19901353585441,2554,Resolved,full_gene
Donor2,UF,Phagocytosis,0.106903570450157,720,Resolved,full_gene
Donor3,UF,Phagocytosis,0.186398994421296,2349,Resolved,full_gene
Donor2,UN,Phagocytosis,0.0726791303434545,461,Resolved,full_gene
Donor6,UF,Phagocytosis,0.0228843252804643,369,Resolved,full_gene
Donor1,UF,Phagocytosis,0.111992206252235,140,Resolved,full_gene
Donor5,UF,Phagocytosis,0.213092891671498,28,Resolved,full_gene
Donor1,UN,Phagocytosis,0.113974949540043,87,Resolved,full_gene
Donor6,UN,Phagocytosis,0.0549890610348554,54,Resolved,full_gene
Donor5,UN,Phagocytosis,0.159005802065748,26,Resolved,full_gene
Donor4,UD,Phagocytosis,0.224990856744039,1847,Resolved,full_gene
Donor4,UA5,Phagocytosis,0.200693011810121,1576,Resolved,full_gene
Donor5,UD,Phagocytosis,-0.109974029898461,1184,Resolved,full_gene
Donor2,UD,Phagocytosis,-0.112888229252851,946,Resolved,full_gene
Donor3,UA5,Phagocytosis,0.185214989122577,2053,Resolved,full_gene
Donor1,UA5,Phagocytosis,-0.0739438770588096,1402,Resolved,full_gene
Donor2,UA5,Phagocytosis,-0.0724767224060374,944,Resolved,full_gene
Donor6,UD,Phagocytosis,-0.152233412068507,481,Resolved,full_gene
Donor3,UD,Phagocytosis,0.144990582054773,1516,Resolved,full_gene
Donor6,UA5,Phagocytosis,-0.154865981802608,510,Resolved,full_gene
Donor1,UD,Phagocytosis,0.0290558698817471,200,Resolved,full_gene
Donor5,UA5,Phagocytosis,0.006899782207552,4,Resolved,full_gene
Donor4,CF,Phagocytosis,0.3183420978341,2848,Resolved,full_gene
Donor3,NA5,Phagocytosis,0.309657411436229,3913,Resolved,full_gene
Donor2,NA5,Phagocytosis,0.0668182128565649,1148,Resolved,full_gene
Donor5,NA5,Phagocytosis,0.0602599065637606,2536,Resolved,full_gene
Donor3,CF,Phagocytosis,0.332909447268972,3355,Resolved,full_gene
Donor6,CF,Phagocytosis,0.0561735493815913,1249,Resolved,full_gene
Donor1,CF,Phagocytosis,0.0901355031564592,1253,Resolved,full_gene
Donor4,NA5,Phagocytosis,0.312786088991306,1580,Resolved,full_gene
Donor1,NA5,Phagocytosis,0.160788103212796,71,Resolved,full_gene
Donor5,CF,Phagocytosis,0.30708868151777,11,Resolved,full_gene
Donor2,CF,Phagocytosis,0.0527872848176682,22,Resolved,full_gene
Donor6,NA5,Phagocytosis,0.730054642684113,1,Resolved,full_gene
Donor1,N,Chemotaxis,-0.362526395926094,55,Resolved,full_gene
Donor6,N,Chemotaxis,-0.354700127243734,801,Resolved,full_gene
Donor5,NNAMPT,Chemotaxis,-0.365221297115546,41,Resolved,full_gene
Donor2,NNAMPT,Chemotaxis,-0.380683663599469,215,Resolved,full_gene
Donor1,NNAMPT,Chemotaxis,-0.369589817339954,63,Resolved,full_gene
Donor4,NNAMPT,Chemotaxis,-0.234977290264481,233,Resolved,full_gene
Donor4,N,Chemotaxis,-0.234524084022372,234,Resolved,full_gene
Donor5,N,Chemotaxis,-0.364959249176762,61,Resolved,full_gene
Donor3,N,Chemotaxis,-0.196969051423504,102,Resolved,full_gene
Donor3,NNAMPT,Chemotaxis,-0.0116413940750027,42,Resolved,full_gene
Donor2,N,Chemotaxis,-0.425230723364703,47,Resolved,full_gene
Donor6,NNAMPT,Chemotaxis,-0.571638053213149,13,Resolved,full_gene
Donor4,UF,Chemotaxis,0.157343291091134,3393,Resolved,full_gene
Donor4,UN,Chemotaxis,0.313674995248736,1239,Resolved,full_gene
Donor3,UN,Chemotaxis,0.251998783595074,2554,Resolved,full_gene
Donor2,UF,Chemotaxis,0.152881150096042,720,Resolved,full_gene
Donor3,UF,Chemotaxis,0.204735699243362,2349,Resolved,full_gene
Donor2,UN,Chemotaxis,0.163911015727574,461,Resolved,full_gene
Donor6,UF,Chemotaxis,0.080858181746427,369,Resolved,full_gene
Donor1,UF,Chemotaxis,0.114832509404749,140,Resolved,full_gene
Donor5,UF,Chemotaxis,0.239806329425444,28,Resolved,full_gene
Donor1,UN,Chemotaxis,0.189342706614149,87,Resolved,full_gene
Donor6,UN,Chemotaxis,0.0826980492717261,54,Resolved,full_gene
Donor5,UN,Chemotaxis,0.18519211793075,26,Resolved,full_gene
Donor4,UD,Chemotaxis,0.216132624897585,1847,Resolved,full_gene
Donor4,UA5,Chemotaxis,0.134957470853816,1576,Resolved,full_gene
Donor5,UD,Chemotaxis,-0.0970249355281567,1184,Resolved,full_gene
Donor2,UD,Chemotaxis,-0.0795204471048694,946,Resolved,full_gene
Donor3,UA5,Chemotaxis,0.139924693548947,2053,Resolved,full_gene
Donor1,UA5,Chemotaxis,-0.0524033382272834,1402,Resolved,full_gene
Donor2,UA5,Chemotaxis,-0.044593615451803,944,Resolved,full_gene
Donor6,UD,Chemotaxis,-0.125448670042744,481,Resolved,full_gene
Donor3,UD,Chemotaxis,0.101902830803393,1516,Resolved,full_gene
Donor6,UA5,Chemotaxis,-0.149812761522168,510,Resolved,full_gene
Donor1,UD,Chemotaxis,0.0419846596178606,200,Resolved,full_gene
Donor5,UA5,Chemotaxis,-0.171906238063758,4,Resolved,full_gene
Donor4,CF,Chemotaxis,0.254644333423725,2848,Resolved,full_gene
Donor3,NA5,Chemotaxis,0.305617940215076,3913,Resolved,full_gene
Donor2,NA5,Chemotaxis,0.0803366763189376,1148,Resolved,full_gene
Donor5,NA5,Chemotaxis,0.0508594323081427,2536,Resolved,full_gene
Donor3,CF,Chemotaxis,0.278889627398782,3355,Resolved,full_gene
Donor6,CF,Chemotaxis,0.054710899510286,1249,Resolved,full_gene
Donor1,CF,Chemotaxis,0.0824105635149761,1253,Resolved,full_gene
Donor4,NA5,Chemotaxis,0.297468773467949,1580,Resolved,full_gene
Donor1,NA5,Chemotaxis,0.206478012499821,71,Resolved,full_gene
Donor5,CF,Chemotaxis,0.260373218656239,11,Resolved,full_gene
Donor2,CF,Chemotaxis,0.057423827646002,22,Resolved,full_gene
Donor6,NA5,Chemotaxis,0.307440755698618,1,Resolved,full_gene
Donor1,N,OSM_inflammation,-0.284560748078465,55,Resolved,full_gene
Donor6,N,OSM_inflammation,-0.318858114625013,801,Resolved,full_gene
Donor5,NNAMPT,OSM_inflammation,-0.342788951950152,41,Resolved,full_gene
Donor2,NNAMPT,OSM_inflammation,-0.322041989126838,215,Resolved,full_gene
Donor1,NNAMPT,OSM_inflammation,-0.349929301573245,63,Resolved,full_gene
Donor4,NNAMPT,OSM_inflammation,-0.291714825917045,233,Resolved,full_gene
Donor4,N,OSM_inflammation,-0.190453846792889,234,Resolved,full_gene
Donor5,N,OSM_inflammation,-0.342290030886059,61,Resolved,full_gene
Donor3,N,OSM_inflammation,-0.127320339247288,102,Resolved,full_gene
Donor3,NNAMPT,OSM_inflammation,-0.101374999870185,42,Resolved,full_gene
Donor2,N,OSM_inflammation,-0.275537635085047,47,Resolved,full_gene
Donor6,NNAMPT,OSM_inflammation,-0.350051632997734,13,Resolved,full_gene
Donor4,UF,OSM_inflammation,0.346394433880175,3393,Resolved,full_gene
Donor4,UN,OSM_inflammation,0.181661643830055,1239,Resolved,full_gene
Donor3,UN,OSM_inflammation,0.186437262207954,2554,Resolved,full_gene
Donor2,UF,OSM_inflammation,0.0679244532317688,720,Resolved,full_gene
Donor3,UF,OSM_inflammation,0.294621141228627,2349,Resolved,full_gene
Donor2,UN,OSM_inflammation,0.0969569590569155,461,Resolved,full_gene
Donor6,UF,OSM_inflammation,0.0597788944574653,369,Resolved,full_gene
Donor1,UF,OSM_inflammation,0.0617211840613964,140,Resolved,full_gene
Donor5,UF,OSM_inflammation,0.00361217242098071,28,Resolved,full_gene
Donor1,UN,OSM_inflammation,0.0928586864942838,87,Resolved,full_gene
Donor6,UN,OSM_inflammation,-0.0114308061734017,54,Resolved,full_gene
Donor5,UN,OSM_inflammation,0.0298377058750998,26,Resolved,full_gene
Donor4,UD,OSM_inflammation,0.264974721744269,1847,Resolved,full_gene
Donor4,UA5,OSM_inflammation,0.309921818830835,1576,Resolved,full_gene
Donor5,UD,OSM_inflammation,-0.0430203755905482,1184,Resolved,full_gene
Donor2,UD,OSM_inflammation,-0.0631803834889457,946,Resolved,full_gene
Donor3,UA5,OSM_inflammation,0.281112840574459,2053,Resolved,full_gene
Donor1,UA5,OSM_inflammation,0.0077878122042626,1402,Resolved,full_gene
Donor2,UA5,OSM_inflammation,-0.00631181697911846,944,Resolved,full_gene
Donor6,UD,OSM_inflammation,-0.0964270465073729,481,Resolved,full_gene
Donor3,UD,OSM_inflammation,0.15793761590686,1516,Resolved,full_gene
Donor6,UA5,OSM_inflammation,-0.12924415481576,510,Resolved,full_gene
Donor1,UD,OSM_inflammation,-0.00725690609775747,200,Resolved,full_gene
Donor5,UA5,OSM_inflammation,-0.149449859501446,4,Resolved,full_gene
Donor4,CF,OSM_inflammation,0.26068896280516,2848,Resolved,full_gene
Donor3,NA5,OSM_inflammation,0.240334839568849,3913,Resolved,full_gene
Donor2,NA5,OSM_inflammation,-0.00230436750990041,1148,Resolved,full_gene
Donor5,NA5,OSM_inflammation,0.00424655945128634,2536,Resolved,full_gene
Donor3,CF,OSM_inflammation,0.30662040547824,3355,Resolved,full_gene
Donor6,CF,OSM_inflammation,-0.0260084144856566,1249,Resolved,full_gene
Donor1,CF,OSM_inflammation,-0.009287823449655,1253,Resolved,full_gene
Donor4,NA5,OSM_inflammation,0.21757878374209,1580,Resolved,full_gene
Donor1,NA5,OSM_inflammation,0.0641110095553929,71,Resolved,full_gene
Donor5,CF,OSM_inflammation,0.298094046311553,11,Resolved,full_gene
Donor2,CF,OSM_inflammation,-0.125138741225293,22,Resolved,full_gene
Donor6,NA5,OSM_inflammation,0.483737444586558,1,Resolved,full_gene
Donor1,N,Type_I_interferon,-0.0286398818895337,55,Resolved,full_gene
Donor6,N,Type_I_interferon,-0.0540669450385088,801,Resolved,full_gene
Donor5,NNAMPT,Type_I_interferon,-0.0578497556596901,41,Resolved,full_gene
Donor2,NNAMPT,Type_I_interferon,-0.065008187015609,215,Resolved,full_gene
Donor1,NNAMPT,Type_I_interferon,-0.0739989756328747,63,Resolved,full_gene
Donor4,NNAMPT,Type_I_interferon,-0.0199210535303798,233,Resolved,full_gene
Donor4,N,Type_I_interferon,-0.0163271170009723,234,Resolved,full_gene
Donor5,N,Type_I_interferon,-0.0509388729355729,61,Resolved,full_gene
Donor3,N,Type_I_interferon,0.0154414491615864,102,Resolved,full_gene
Donor3,NNAMPT,Type_I_interferon,0.0462388082649806,42,Resolved,full_gene
Donor2,N,Type_I_interferon,-0.0810478232712912,47,Resolved,full_gene
Donor6,NNAMPT,Type_I_interferon,-0.0971180475145722,13,Resolved,full_gene
Donor4,UF,Type_I_interferon,0.00653428435536305,3393,Resolved,full_gene
Donor4,UN,Type_I_interferon,0.0217926590373506,1239,Resolved,full_gene
Donor3,UN,Type_I_interferon,0.0481874288004488,2554,Resolved,full_gene
Donor2,UF,Type_I_interferon,0.00636231372567596,720,Resolved,full_gene
Donor3,UF,Type_I_interferon,0.0442128938267911,2349,Resolved,full_gene
Donor2,UN,Type_I_interferon,0.0235384072404095,461,Resolved,full_gene
Donor6,UF,Type_I_interferon,0.0251347603593488,369,Resolved,full_gene
Donor1,UF,Type_I_interferon,-0.00620472419652301,140,Resolved,full_gene
Donor5,UF,Type_I_interferon,-0.0711451208906215,28,Resolved,full_gene
Donor1,UN,Type_I_interferon,0.113722135540138,87,Resolved,full_gene
Donor6,UN,Type_I_interferon,0.00923229566429487,54,Resolved,full_gene
Donor5,UN,Type_I_interferon,-0.0785290084778205,26,Resolved,full_gene
Donor4,UD,Type_I_interferon,0.0513051944826735,1847,Resolved,full_gene
Donor4,UA5,Type_I_interferon,0.0455801143916797,1576,Resolved,full_gene
Donor5,UD,Type_I_interferon,0.0055669621803193,1184,Resolved,full_gene
Donor2,UD,Type_I_interferon,-0.021600245165125,946,Resolved,full_gene
Donor3,UA5,Type_I_interferon,0.0555317185909109,2053,Resolved,full_gene
Donor1,UA5,Type_I_interferon,0.0079755092272044,1402,Resolved,full_gene
Donor2,UA5,Type_I_interferon,0.0221296385614928,944,Resolved,full_gene
Donor6,UD,Type_I_interferon,-0.019586765400676,481,Resolved,full_gene
Donor3,UD,Type_I_interferon,0.0556586827339664,1516,Resolved,full_gene
Donor6,UA5,Type_I_interferon,-0.0247970955100093,510,Resolved,full_gene
Donor1,UD,Type_I_interferon,0.0298634073752987,200,Resolved,full_gene
Donor5,UA5,Type_I_interferon,-0.00989938614101299,4,Resolved,full_gene
Donor4,CF,Type_I_interferon,0.0483630966929451,2848,Resolved,full_gene
Donor3,NA5,Type_I_interferon,0.0570362512616536,3913,Resolved,full_gene
Donor2,NA5,Type_I_interferon,0.00556856686136229,1148,Resolved,full_gene
Donor5,NA5,Type_I_interferon,0.0166820005318147,2536,Resolved,full_gene
Donor3,CF,Type_I_interferon,0.0420354329544177,3355,Resolved,full_gene
Donor6,CF,Type_I_interferon,0.0373394915658356,1249,Resolved,full_gene
Donor1,CF,Type_I_interferon,0.0179538002724954,1253,Resolved,full_gene
Donor4,NA5,Type_I_interferon,0.0688299759713091,1580,Resolved,full_gene
Donor1,NA5,Type_I_interferon,-0.0036198846183316,71,Resolved,full_gene
Donor5,CF,Type_I_interferon,0.0632246203762823,11,Resolved,full_gene
Donor2,CF,Type_I_interferon,0.00176834193228207,22,Resolved,full_gene
Donor6,NA5,Type_I_interferon,0.259793051152568,1,Resolved,full_gene
Donor1,N,Immature_granulopoiesis,-0.0297837733594016,55,Resolved,full_gene
Donor6,N,Immature_granulopoiesis,0.247770407918949,801,Resolved,full_gene
Donor5,NNAMPT,Immature_granulopoiesis,-0.000376291796567589,41,Resolved,full_gene
Donor2,NNAMPT,Immature_granulopoiesis,0.0113569848276382,215,Resolved,full_gene
Donor1,NNAMPT,Immature_granulopoiesis,-0.106113587189578,63,Resolved,full_gene
Donor4,NNAMPT,Immature_granulopoiesis,0.126931363048321,233,Resolved,full_gene
Donor4,N,Immature_granulopoiesis,0.0861731999418857,234,Resolved,full_gene
Donor5,N,Immature_granulopoiesis,-0.0228548539206873,61,Resolved,full_gene
Donor3,N,Immature_granulopoiesis,0.212517085194702,102,Resolved,full_gene
Donor3,NNAMPT,Immature_granulopoiesis,0.0626345104813363,42,Resolved,full_gene
Donor2,N,Immature_granulopoiesis,-0.0971639391232295,47,Resolved,full_gene
Donor6,NNAMPT,Immature_granulopoiesis,0.00287936515890085,13,Resolved,full_gene
Donor4,UF,Immature_granulopoiesis,-0.0346769376195877,3393,Resolved,full_gene
Donor4,UN,Immature_granulopoiesis,-0.0166701555790933,1239,Resolved,full_gene
Donor3,UN,Immature_granulopoiesis,-0.0336250761902078,2554,Resolved,full_gene
Donor2,UF,Immature_granulopoiesis,0.0196557415572384,720,Resolved,full_gene
Donor3,UF,Immature_granulopoiesis,-0.0416757778548337,2349,Resolved,full_gene
Donor2,UN,Immature_granulopoiesis,0.0251325040122941,461,Resolved,full_gene
Donor6,UF,Immature_granulopoiesis,-0.0136619755941447,369,Resolved,full_gene
Donor1,UF,Immature_granulopoiesis,-0.016961711937641,140,Resolved,full_gene
Donor5,UF,Immature_granulopoiesis,-0.0656689365813267,28,Resolved,full_gene
Donor1,UN,Immature_granulopoiesis,-0.00797974072591945,87,Resolved,full_gene
Donor6,UN,Immature_granulopoiesis,0.00492653392562384,54,Resolved,full_gene
Donor5,UN,Immature_granulopoiesis,-0.0909623675669485,26,Resolved,full_gene
Donor4,UD,Immature_granulopoiesis,0.0365672355515243,1847,Resolved,full_gene
Donor4,UA5,Immature_granulopoiesis,0.0200696669496046,1576,Resolved,full_gene
Donor5,UD,Immature_granulopoiesis,0.147735983601081,1184,Resolved,full_gene
Donor2,UD,Immature_granulopoiesis,0.0872261931581751,946,Resolved,full_gene
Donor3,UA5,Immature_granulopoiesis,0.0399854840123205,2053,Resolved,full_gene
Donor1,UA5,Immature_granulopoiesis,0.0916829356851202,1402,Resolved,full_gene
Donor2,UA5,Immature_granulopoiesis,0.121669806969024,944,Resolved,full_gene
Donor6,UD,Immature_granulopoiesis,0.14651923694467,481,Resolved,full_gene
Donor3,UD,Immature_granulopoiesis,0.0443807126696343,1516,Resolved,full_gene
Donor6,UA5,Immature_granulopoiesis,0.121610864916731,510,Resolved,full_gene
Donor1,UD,Immature_granulopoiesis,0.150273745005326,200,Resolved,full_gene
Donor5,UA5,Immature_granulopoiesis,-0.142810521723354,4,Resolved,full_gene
Donor4,CF,Immature_granulopoiesis,-0.0486278175930534,2848,Resolved,full_gene
Donor3,NA5,Immature_granulopoiesis,-0.0511525301528722,3913,Resolved,full_gene
Donor2,NA5,Immature_granulopoiesis,-0.0374349220338899,1148,Resolved,full_gene
Donor5,NA5,Immature_granulopoiesis,-0.0343478786733499,2536,Resolved,full_gene
Donor3,CF,Immature_granulopoiesis,-0.0465009594721361,3355,Resolved,full_gene
Donor6,CF,Immature_granulopoiesis,-0.0507427660304276,1249,Resolved,full_gene
Donor1,CF,Immature_granulopoiesis,-0.0307931936647478,1253,Resolved,full_gene
Donor4,NA5,Immature_granulopoiesis,-0.0458251941210882,1580,Resolved,full_gene
Donor1,NA5,Immature_granulopoiesis,-0.0482427173162234,71,Resolved,full_gene
Donor5,CF,Immature_granulopoiesis,0.00699680719734523,11,Resolved,full_gene
Donor2,CF,Immature_granulopoiesis,-0.0740005990589028,22,Resolved,full_gene
Donor6,NA5,Immature_granulopoiesis,0.10338395479701,1,Resolved,full_gene
Donor1,N,Survival_antiapoptosis,-0.275381561102188,55,Resolved,full_gene
Donor6,N,Survival_antiapoptosis,-0.227857765731675,801,Resolved,full_gene
Donor5,NNAMPT,Survival_antiapoptosis,-0.291669567390533,41,Resolved,full_gene
Donor2,NNAMPT,Survival_antiapoptosis,-0.267514183530916,215,Resolved,full_gene
Donor1,NNAMPT,Survival_antiapoptosis,-0.294953167640176,63,Resolved,full_gene
Donor4,NNAMPT,Survival_antiapoptosis,-0.124563238810626,233,Resolved,full_gene
Donor4,N,Survival_antiapoptosis,-0.176780816400995,234,Resolved,full_gene
Donor5,N,Survival_antiapoptosis,-0.298413372432563,61,Resolved,full_gene
Donor3,N,Survival_antiapoptosis,-0.0890180896213918,102,Resolved,full_gene
Donor3,NNAMPT,Survival_antiapoptosis,-0.104654423129385,42,Resolved,full_gene
Donor2,N,Survival_antiapoptosis,-0.203954158632981,47,Resolved,full_gene
Donor6,NNAMPT,Survival_antiapoptosis,-0.450711082696282,13,Resolved,full_gene
Donor4,UF,Survival_antiapoptosis,0.171468244789429,3393,Resolved,full_gene
Donor4,UN,Survival_antiapoptosis,0.154798753994797,1239,Resolved,full_gene
Donor3,UN,Survival_antiapoptosis,0.166668983302554,2554,Resolved,full_gene
Donor2,UF,Survival_antiapoptosis,0.048176509513972,720,Resolved,full_gene
Donor3,UF,Survival_antiapoptosis,0.180307483947046,2349,Resolved,full_gene
Donor2,UN,Survival_antiapoptosis,0.0605397904967799,461,Resolved,full_gene
Donor6,UF,Survival_antiapoptosis,0.0415082211568033,369,Resolved,full_gene
Donor1,UF,Survival_antiapoptosis,0.0649761573628199,140,Resolved,full_gene
Donor5,UF,Survival_antiapoptosis,0.087723912612817,28,Resolved,full_gene
Donor1,UN,Survival_antiapoptosis,0.145857790270959,87,Resolved,full_gene
Donor6,UN,Survival_antiapoptosis,0.159310449293531,54,Resolved,full_gene
Donor5,UN,Survival_antiapoptosis,0.0172398242696043,26,Resolved,full_gene
Donor4,UD,Survival_antiapoptosis,0.201328023743297,1847,Resolved,full_gene
Donor4,UA5,Survival_antiapoptosis,0.187374909779283,1576,Resolved,full_gene
Donor5,UD,Survival_antiapoptosis,-0.0872351475216519,1184,Resolved,full_gene
Donor2,UD,Survival_antiapoptosis,-0.109223849091275,946,Resolved,full_gene
Donor3,UA5,Survival_antiapoptosis,0.199195477158287,2053,Resolved,full_gene
Donor1,UA5,Survival_antiapoptosis,-0.0506698480572627,1402,Resolved,full_gene
Donor2,UA5,Survival_antiapoptosis,-0.0527231413309911,944,Resolved,full_gene
Donor6,UD,Survival_antiapoptosis,-0.126638403398852,481,Resolved,full_gene
Donor3,UD,Survival_antiapoptosis,0.168368241667171,1516,Resolved,full_gene
Donor6,UA5,Survival_antiapoptosis,-0.0464354453943461,510,Resolved,full_gene
Donor1,UD,Survival_antiapoptosis,0.00812102798570086,200,Resolved,full_gene
Donor5,UA5,Survival_antiapoptosis,0.0558001711022789,4,Resolved,full_gene
Donor4,CF,Survival_antiapoptosis,0.225123434682028,2848,Resolved,full_gene
Donor3,NA5,Survival_antiapoptosis,0.218295901483217,3913,Resolved,full_gene
Donor2,NA5,Survival_antiapoptosis,0.0480108843496676,1148,Resolved,full_gene
Donor5,NA5,Survival_antiapoptosis,0.0260216613391576,2536,Resolved,full_gene
Donor3,CF,Survival_antiapoptosis,0.237733859894852,3355,Resolved,full_gene
Donor6,CF,Survival_antiapoptosis,0.0300488175604249,1249,Resolved,full_gene
Donor1,CF,Survival_antiapoptosis,0.0355346852986617,1253,Resolved,full_gene
Donor4,NA5,Survival_antiapoptosis,0.226396438339808,1580,Resolved,full_gene
Donor1,NA5,Survival_antiapoptosis,0.033300927118743,71,Resolved,full_gene
Donor5,CF,Survival_antiapoptosis,0.195526592304685,11,Resolved,full_gene
Donor2,CF,Survival_antiapoptosis,-0.0467221552017462,22,Resolved,full_gene
Donor6,NA5,Survival_antiapoptosis,0.727042799192761,1,Resolved,full_gene
Donor1,N,Hypoxia_glycolysis,-0.122142634455322,55,Resolved,full_gene
Donor6,N,Hypoxia_glycolysis,-0.0951046530613069,801,Resolved,full_gene
Donor5,NNAMPT,Hypoxia_glycolysis,-0.192212210111548,41,Resolved,full_gene
Donor2,NNAMPT,Hypoxia_glycolysis,-0.146929010694025,215,Resolved,full_gene
Donor1,NNAMPT,Hypoxia_glycolysis,-0.137007090288233,63,Resolved,full_gene
Donor4,NNAMPT,Hypoxia_glycolysis,-0.135190174708688,233,Resolved,full_gene
Donor4,N,Hypoxia_glycolysis,-0.0995245357054322,234,Resolved,full_gene
Donor5,N,Hypoxia_glycolysis,-0.118306254728075,61,Resolved,full_gene
Donor3,N,Hypoxia_glycolysis,-0.0583488600332355,102,Resolved,full_gene
Donor3,NNAMPT,Hypoxia_glycolysis,-0.0349314587090944,42,Resolved,full_gene
Donor2,N,Hypoxia_glycolysis,-0.175672697704045,47,Resolved,full_gene
Donor6,NNAMPT,Hypoxia_glycolysis,-0.223910534034469,13,Resolved,full_gene
Donor4,UF,Hypoxia_glycolysis,0.0259146059553515,3393,Resolved,full_gene
Donor4,UN,Hypoxia_glycolysis,0.0933388140021617,1239,Resolved,full_gene
Donor3,UN,Hypoxia_glycolysis,0.0650389386449306,2554,Resolved,full_gene
Donor2,UF,Hypoxia_glycolysis,0.0199712912374524,720,Resolved,full_gene
Donor3,UF,Hypoxia_glycolysis,0.0431645959361038,2349,Resolved,full_gene
Donor2,UN,Hypoxia_glycolysis,0.00231643465914035,461,Resolved,full_gene
Donor6,UF,Hypoxia_glycolysis,0.0236636334951858,369,Resolved,full_gene
Donor1,UF,Hypoxia_glycolysis,0.00504550746138982,140,Resolved,full_gene
Donor5,UF,Hypoxia_glycolysis,0.0410503906724549,28,Resolved,full_gene
Donor1,UN,Hypoxia_glycolysis,0.0769197019958013,87,Resolved,full_gene
Donor6,UN,Hypoxia_glycolysis,0.00179174146906463,54,Resolved,full_gene
Donor5,UN,Hypoxia_glycolysis,0.0507759158781906,26,Resolved,full_gene
Donor4,UD,Hypoxia_glycolysis,0.122526465659644,1847,Resolved,full_gene
Donor4,UA5,Hypoxia_glycolysis,0.109220615439794,1576,Resolved,full_gene
Donor5,UD,Hypoxia_glycolysis,-0.0395437617416423,1184,Resolved,full_gene
Donor2,UD,Hypoxia_glycolysis,-0.00940724007699797,946,Resolved,full_gene
Donor3,UA5,Hypoxia_glycolysis,0.120535579920164,2053,Resolved,full_gene
Donor1,UA5,Hypoxia_glycolysis,0.000109420803410075,1402,Resolved,full_gene
Donor2,UA5,Hypoxia_glycolysis,-0.0170149566313972,944,Resolved,full_gene
Donor6,UD,Hypoxia_glycolysis,0.0258794575979534,481,Resolved,full_gene
Donor3,UD,Hypoxia_glycolysis,0.0860674461645392,1516,Resolved,full_gene
Donor6,UA5,Hypoxia_glycolysis,-0.0384372744871371,510,Resolved,full_gene
Donor1,UD,Hypoxia_glycolysis,0.017570271753551,200,Resolved,full_gene
Donor5,UA5,Hypoxia_glycolysis,-0.133604325385512,4,Resolved,full_gene
Donor4,CF,Hypoxia_glycolysis,0.124103511038284,2848,Resolved,full_gene
Donor3,NA5,Hypoxia_glycolysis,0.135634591381604,3913,Resolved,full_gene
Donor2,NA5,Hypoxia_glycolysis,0.0372729243211533,1148,Resolved,full_gene
Donor5,NA5,Hypoxia_glycolysis,0.0322197712082581,2536,Resolved,full_gene
Donor3,CF,Hypoxia_glycolysis,0.132606647208838,3355,Resolved,full_gene
Donor6,CF,Hypoxia_glycolysis,0.0148176495043037,1249,Resolved,full_gene
Donor1,CF,Hypoxia_glycolysis,0.0191194686779442,1253,Resolved,full_gene
Donor4,NA5,Hypoxia_glycolysis,0.122052694090094,1580,Resolved,full_gene
Donor1,NA5,Hypoxia_glycolysis,0.0783190660496138,71,Resolved,full_gene
Donor5,CF,Hypoxia_glycolysis,0.103179351108909,11,Resolved,full_gene
Donor2,CF,Hypoxia_glycolysis,0.116462983391199,22,Resolved,full_gene
Donor6,NA5,Hypoxia_glycolysis,-0.284430339070217,1,Resolved,full_gene
Donor1,N,ER_stress,-0.213482740274774,55,Resolved,full_gene
Donor6,N,ER_stress,-0.236916323170801,801,Resolved,full_gene
Donor5,NNAMPT,ER_stress,-0.266498343236479,41,Resolved,full_gene
Donor2,NNAMPT,ER_stress,-0.290021303907306,215,Resolved,full_gene
Donor1,NNAMPT,ER_stress,-0.219340540238667,63,Resolved,full_gene
Donor4,NNAMPT,ER_stress,-0.189865942320741,233,Resolved,full_gene
Donor4,N,ER_stress,-0.177615236013978,234,Resolved,full_gene
Donor5,N,ER_stress,-0.307334687816641,61,Resolved,full_gene
Donor3,N,ER_stress,-0.209661343911251,102,Resolved,full_gene
Donor3,NNAMPT,ER_stress,-0.187988746883946,42,Resolved,full_gene
Donor2,N,ER_stress,-0.14783651056173,47,Resolved,full_gene
Donor6,NNAMPT,ER_stress,-0.315229564304776,13,Resolved,full_gene
Donor4,UF,ER_stress,0.118970529402728,3393,Resolved,full_gene
Donor4,UN,ER_stress,0.147088612167758,1239,Resolved,full_gene
Donor3,UN,ER_stress,0.142532694872588,2554,Resolved,full_gene
Donor2,UF,ER_stress,0.0937614785734558,720,Resolved,full_gene
Donor3,UF,ER_stress,0.138318465418911,2349,Resolved,full_gene
Donor2,UN,ER_stress,0.118367540424837,461,Resolved,full_gene
Donor6,UF,ER_stress,0.00581331252342254,369,Resolved,full_gene
Donor1,UF,ER_stress,0.101041701044138,140,Resolved,full_gene
Donor5,UF,ER_stress,0.0721184544759405,28,Resolved,full_gene
Donor1,UN,ER_stress,0.108634201897362,87,Resolved,full_gene
Donor6,UN,ER_stress,0.134589906342026,54,Resolved,full_gene
Donor5,UN,ER_stress,0.103934510473641,26,Resolved,full_gene
Donor4,UD,ER_stress,0.129000887847986,1847,Resolved,full_gene
Donor4,UA5,ER_stress,0.107632188185473,1576,Resolved,full_gene
Donor5,UD,ER_stress,-0.105919230760942,1184,Resolved,full_gene
Donor2,UD,ER_stress,-0.0930624759020302,946,Resolved,full_gene
Donor3,UA5,ER_stress,0.106755487533226,2053,Resolved,full_gene
Donor1,UA5,ER_stress,-0.0609850601528056,1402,Resolved,full_gene
Donor2,UA5,ER_stress,-0.0802300192262829,944,Resolved,full_gene
Donor6,UD,ER_stress,-0.155063047118675,481,Resolved,full_gene
Donor3,UD,ER_stress,0.0855132186579184,1516,Resolved,full_gene
Donor6,UA5,ER_stress,-0.148418128239243,510,Resolved,full_gene
Donor1,UD,ER_stress,0.0244334591896222,200,Resolved,full_gene
Donor5,UA5,ER_stress,0.350214356675035,4,Resolved,full_gene
Donor4,CF,ER_stress,0.207062002928008,2848,Resolved,full_gene
Donor3,NA5,ER_stress,0.17652398491198,3913,Resolved,full_gene
Donor2,NA5,ER_stress,0.023643021768189,1148,Resolved,full_gene
Donor5,NA5,ER_stress,0.0109337496126832,2536,Resolved,full_gene
Donor3,CF,ER_stress,0.204252593309746,3355,Resolved,full_gene
Donor6,CF,ER_stress,0.0208948972094722,1249,Resolved,full_gene
Donor1,CF,ER_stress,0.0168772735728261,1253,Resolved,full_gene
Donor4,NA5,ER_stress,0.222916915117846,1580,Resolved,full_gene
Donor1,NA5,ER_stress,0.042589930577823,71,Resolved,full_gene
Donor5,CF,ER_stress,0.206778167563431,11,Resolved,full_gene
Donor2,CF,ER_stress,0.106957965727095,22,Resolved,full_gene
Donor6,NA5,ER_stress,0.0478355537898678,1,Resolved,full_gene
Donor1,N,Proliferation_stress,-0.0551943918247099,55,Resolved,full_gene
Donor6,N,Proliferation_stress,0.0630825169385753,801,Resolved,full_gene
Donor5,NNAMPT,Proliferation_stress,-0.101143618491949,41,Resolved,full_gene
Donor2,NNAMPT,Proliferation_stress,-0.00977912362716826,215,Resolved,full_gene
Donor1,NNAMPT,Proliferation_stress,-0.159039812151717,63,Resolved,full_gene
Donor4,NNAMPT,Proliferation_stress,-0.0699757909467337,233,Resolved,full_gene
Donor4,N,Proliferation_stress,-0.0403724473294981,234,Resolved,full_gene
Donor5,N,Proliferation_stress,-0.0795630415973181,61,Resolved,full_gene
Donor3,N,Proliferation_stress,-0.0479273295798185,102,Resolved,full_gene
Donor3,NNAMPT,Proliferation_stress,0.119584926551215,42,Resolved,full_gene
Donor2,N,Proliferation_stress,-0.114988127214177,47,Resolved,full_gene
Donor6,NNAMPT,Proliferation_stress,0.0678661244827945,13,Resolved,full_gene
Donor4,UF,Proliferation_stress,-0.00860431421510332,3393,Resolved,full_gene
Donor4,UN,Proliferation_stress,0.042409489441198,1239,Resolved,full_gene
Donor3,UN,Proliferation_stress,0.0485828049582374,2554,Resolved,full_gene
Donor2,UF,Proliferation_stress,0.00803314632818742,720,Resolved,full_gene
Donor3,UF,Proliferation_stress,0.0110012865541912,2349,Resolved,full_gene
Donor2,UN,Proliferation_stress,0.0393262343395984,461,Resolved,full_gene
Donor6,UF,Proliferation_stress,0.0654430457999827,369,Resolved,full_gene
Donor1,UF,Proliferation_stress,-0.0173447868077495,140,Resolved,full_gene
Donor5,UF,Proliferation_stress,0.0948347626164625,28,Resolved,full_gene
Donor1,UN,Proliferation_stress,0.124247163516519,87,Resolved,full_gene
Donor6,UN,Proliferation_stress,-0.0332961565649252,54,Resolved,full_gene
Donor5,UN,Proliferation_stress,0.119297270310473,26,Resolved,full_gene
Donor4,UD,Proliferation_stress,0.0561835838906977,1847,Resolved,full_gene
Donor4,UA5,Proliferation_stress,0.0360568853716524,1576,Resolved,full_gene
Donor5,UD,Proliferation_stress,0.0336515402331077,1184,Resolved,full_gene
Donor2,UD,Proliferation_stress,0.00630572916399021,946,Resolved,full_gene
Donor3,UA5,Proliferation_stress,0.0415744128499563,2053,Resolved,full_gene
Donor1,UA5,Proliferation_stress,0.022011132769735,1402,Resolved,full_gene
Donor2,UA5,Proliferation_stress,0.0231987023103441,944,Resolved,full_gene
Donor6,UD,Proliferation_stress,0.0108300275837484,481,Resolved,full_gene
Donor3,UD,Proliferation_stress,0.0351229068488947,1516,Resolved,full_gene
Donor6,UA5,Proliferation_stress,-0.00728403156735569,510,Resolved,full_gene
Donor1,UD,Proliferation_stress,0.0845161336271927,200,Resolved,full_gene
Donor5,UA5,Proliferation_stress,0.0172072241626164,4,Resolved,full_gene
Donor4,CF,Proliferation_stress,-0.00896650022308798,2848,Resolved,full_gene
Donor3,NA5,Proliferation_stress,-0.0056478008135493,3913,Resolved,full_gene
Donor2,NA5,Proliferation_stress,-0.0243722284075372,1148,Resolved,full_gene
Donor5,NA5,Proliferation_stress,-0.0417979398316361,2536,Resolved,full_gene
Donor3,CF,Proliferation_stress,-0.0119904320550751,3355,Resolved,full_gene
Donor6,CF,Proliferation_stress,-0.0424074841069128,1249,Resolved,full_gene
Donor1,CF,Proliferation_stress,-0.0379151992546278,1253,Resolved,full_gene
Donor4,NA5,Proliferation_stress,-0.015477646497562,1580,Resolved,full_gene
Donor1,NA5,Proliferation_stress,-0.0267302713030806,71,Resolved,full_gene
Donor5,CF,Proliferation_stress,0.123231573352495,11,Resolved,full_gene
Donor2,CF,Proliferation_stress,0.0996477226181838,22,Resolved,full_gene
Donor6,NA5,Proliferation_stress,0.267740754262402,1,Resolved,full_gene
Donor1,N,Integrin_adhesion,-0.116643608513643,55,Resolved,full_gene
Donor6,N,Integrin_adhesion,-0.182150183455752,801,Resolved,full_gene
Donor5,NNAMPT,Integrin_adhesion,-0.234718882799721,41,Resolved,full_gene
Donor2,NNAMPT,Integrin_adhesion,-0.187247538661483,215,Resolved,full_gene
Donor1,NNAMPT,Integrin_adhesion,-0.239675919809371,63,Resolved,full_gene
Donor4,NNAMPT,Integrin_adhesion,-0.148039690632659,233,Resolved,full_gene
Donor4,N,Integrin_adhesion,-0.194367898448296,234,Resolved,full_gene
Donor5,N,Integrin_adhesion,-0.193460825946273,61,Resolved,full_gene
Donor3,N,Integrin_adhesion,-0.0762635237582871,102,Resolved,full_gene
Donor3,NNAMPT,Integrin_adhesion,-0.0044686625582234,42,Resolved,full_gene
Donor2,N,Integrin_adhesion,-0.170336923015796,47,Resolved,full_gene
Donor6,NNAMPT,Integrin_adhesion,-0.335838027585781,13,Resolved,full_gene
Donor4,UF,Integrin_adhesion,0.0640361012966332,3393,Resolved,full_gene
Donor4,UN,Integrin_adhesion,0.112666809699691,1239,Resolved,full_gene
Donor3,UN,Integrin_adhesion,0.109078360049572,2554,Resolved,full_gene
Donor2,UF,Integrin_adhesion,-0.000634886423818919,720,Resolved,full_gene
Donor3,UF,Integrin_adhesion,0.0786735814388524,2349,Resolved,full_gene
Donor2,UN,Integrin_adhesion,-0.00481852063760871,461,Resolved,full_gene
Donor6,UF,Integrin_adhesion,-0.0033440464083776,369,Resolved,full_gene
Donor1,UF,Integrin_adhesion,0.0384827981176997,140,Resolved,full_gene
Donor5,UF,Integrin_adhesion,0.0485917905126555,28,Resolved,full_gene
Donor1,UN,Integrin_adhesion,-0.100836205717009,87,Resolved,full_gene
Donor6,UN,Integrin_adhesion,-0.0140355777025642,54,Resolved,full_gene
Donor5,UN,Integrin_adhesion,-0.0257504066315919,26,Resolved,full_gene
Donor4,UD,Integrin_adhesion,0.126680849902509,1847,Resolved,full_gene
Donor4,UA5,Integrin_adhesion,0.109719203378709,1576,Resolved,full_gene
Donor5,UD,Integrin_adhesion,-0.112186447360033,1184,Resolved,full_gene
Donor2,UD,Integrin_adhesion,-0.0877226808418407,946,Resolved,full_gene
Donor3,UA5,Integrin_adhesion,0.118441373646447,2053,Resolved,full_gene
Donor1,UA5,Integrin_adhesion,-0.0682103468041412,1402,Resolved,full_gene
Donor2,UA5,Integrin_adhesion,-0.0833081698637791,944,Resolved,full_gene
Donor6,UD,Integrin_adhesion,-0.102617670814324,481,Resolved,full_gene
Donor3,UD,Integrin_adhesion,0.0946849028407373,1516,Resolved,full_gene
Donor6,UA5,Integrin_adhesion,-0.122393313508918,510,Resolved,full_gene
Donor1,UD,Integrin_adhesion,0.00779153759732412,200,Resolved,full_gene
Donor5,UA5,Integrin_adhesion,-0.125969588271175,4,Resolved,full_gene
Donor4,CF,Integrin_adhesion,0.18837087988704,2848,Resolved,full_gene
Donor3,NA5,Integrin_adhesion,0.184362249551629,3913,Resolved,full_gene
Donor2,NA5,Integrin_adhesion,0.0013534321584779,1148,Resolved,full_gene
Donor5,NA5,Integrin_adhesion,0.0198670789256578,2536,Resolved,full_gene
Donor3,CF,Integrin_adhesion,0.185395751302213,3355,Resolved,full_gene
Donor6,CF,Integrin_adhesion,0.00765425970443639,1249,Resolved,full_gene
Donor1,CF,Integrin_adhesion,0.0498960152131828,1253,Resolved,full_gene
Donor4,NA5,Integrin_adhesion,0.19262192946592,1580,Resolved,full_gene
Donor1,NA5,Integrin_adhesion,0.0675804788751233,71,Resolved,full_gene
Donor5,CF,Integrin_adhesion,0.251239371996625,11,Resolved,full_gene
Donor2,CF,Integrin_adhesion,0.0248613465009074,22,Resolved,full_gene
Donor6,NA5,Integrin_adhesion,0.892165029859634,1,Resolved,full_gene
Donor1,N,CXCR4_aging_retention,-0.471430646786165,55,Resolved,full_gene
Donor6,N,CXCR4_aging_retention,-0.430301996227788,801,Resolved,full_gene
Donor5,NNAMPT,CXCR4_aging_retention,-0.447426246142216,41,Resolved,full_gene
Donor2,NNAMPT,CXCR4_aging_retention,-0.450500266827525,215,Resolved,full_gene
Donor1,NNAMPT,CXCR4_aging_retention,-0.474249678625724,63,Resolved,full_gene
Donor4,NNAMPT,CXCR4_aging_retention,-0.265864244903958,233,Resolved,full_gene
Donor4,N,CXCR4_aging_retention,-0.318390848652974,234,Resolved,full_gene
Donor5,N,CXCR4_aging_retention,-0.546404011988694,61,Resolved,full_gene
Donor3,N,CXCR4_aging_retention,-0.15978482220357,102,Resolved,full_gene
Donor3,NNAMPT,CXCR4_aging_retention,0.0512927829975073,42,Resolved,full_gene
Donor2,N,CXCR4_aging_retention,-0.436996247435008,47,Resolved,full_gene
Donor6,NNAMPT,CXCR4_aging_retention,-0.725432097751384,13,Resolved,full_gene
Donor4,UF,CXCR4_aging_retention,0.157879901717958,3393,Resolved,full_gene
Donor4,UN,CXCR4_aging_retention,0.423017187364142,1239,Resolved,full_gene
Donor3,UN,CXCR4_aging_retention,0.318730117809616,2554,Resolved,full_gene
Donor2,UF,CXCR4_aging_retention,0.119601664156479,720,Resolved,full_gene
Donor3,UF,CXCR4_aging_retention,0.244472307699206,2349,Resolved,full_gene
Donor2,UN,CXCR4_aging_retention,0.119526916143525,461,Resolved,full_gene
Donor6,UF,CXCR4_aging_retention,0.0743181967601778,369,Resolved,full_gene
Donor1,UF,CXCR4_aging_retention,0.102273534328615,140,Resolved,full_gene
Donor5,UF,CXCR4_aging_retention,0.210396817504584,28,Resolved,full_gene
Donor1,UN,CXCR4_aging_retention,0.0805380654352044,87,Resolved,full_gene
Donor6,UN,CXCR4_aging_retention,0.139460066618249,54,Resolved,full_gene
Donor5,UN,CXCR4_aging_retention,-0.0711368018563323,26,Resolved,full_gene
Donor4,UD,CXCR4_aging_retention,0.231134921383648,1847,Resolved,full_gene
Donor4,UA5,CXCR4_aging_retention,0.109418672075455,1576,Resolved,full_gene
Donor5,UD,CXCR4_aging_retention,-0.160283661268584,1184,Resolved,full_gene
Donor2,UD,CXCR4_aging_retention,-0.164057137012391,946,Resolved,full_gene
Donor3,UA5,CXCR4_aging_retention,0.137363125955984,2053,Resolved,full_gene
Donor1,UA5,CXCR4_aging_retention,-0.128792410013852,1402,Resolved,full_gene
Donor2,UA5,CXCR4_aging_retention,-0.124674738658563,944,Resolved,full_gene
Donor6,UD,CXCR4_aging_retention,-0.170869626269973,481,Resolved,full_gene
Donor3,UD,CXCR4_aging_retention,0.103357826011153,1516,Resolved,full_gene
Donor6,UA5,CXCR4_aging_retention,-0.185482793020736,510,Resolved,full_gene
Donor1,UD,CXCR4_aging_retention,-0.0640177753769922,200,Resolved,full_gene
Donor5,UA5,CXCR4_aging_retention,-0.299570318204585,4,Resolved,full_gene
Donor4,CF,CXCR4_aging_retention,0.35515917759699,2848,Resolved,full_gene
Donor3,NA5,CXCR4_aging_retention,0.414692827566262,3913,Resolved,full_gene
Donor2,NA5,CXCR4_aging_retention,0.119679715243846,1148,Resolved,full_gene
Donor5,NA5,CXCR4_aging_retention,0.0927807928625059,2536,Resolved,full_gene
Donor3,CF,CXCR4_aging_retention,0.383075629505973,3355,Resolved,full_gene
Donor6,CF,CXCR4_aging_retention,0.0956432996065827,1249,Resolved,full_gene
Donor1,CF,CXCR4_aging_retention,0.117724493414056,1253,Resolved,full_gene
Donor4,NA5,CXCR4_aging_retention,0.413279694134136,1580,Resolved,full_gene
Donor1,NA5,CXCR4_aging_retention,0.157869104187454,71,Resolved,full_gene
Donor5,CF,CXCR4_aging_retention,0.44764754643403,11,Resolved,full_gene
Donor2,CF,CXCR4_aging_retention,0.0551160045695481,22,Resolved,full_gene
Donor6,NA5,CXCR4_aging_retention,0.438995339376996,1,Resolved,full_gene
Donor6,N,NETosis,-0.123744651308293,1663,All annotated,full_gene
Donor1,N,NETosis,-0.195131367556051,130,All annotated,full_gene
Donor4,N,NETosis,-0.158494468235445,455,All annotated,full_gene
Donor2,NNAMPT,NETosis,-0.167220750712651,537,All annotated,full_gene
Donor1,NNAMPT,NETosis,-0.191353483241891,166,All annotated,full_gene
Donor5,N,NETosis,-0.162691604838381,133,All annotated,full_gene
Donor3,N,NETosis,-0.0713107861833745,201,All annotated,full_gene
Donor5,NNAMPT,NETosis,-0.176137927620493,99,All annotated,full_gene
Donor4,NNAMPT,NETosis,-0.124632307325089,540,All annotated,full_gene
Donor2,N,NETosis,-0.19658355816606,112,All annotated,full_gene
Donor3,NNAMPT,NETosis,0.0310533120847971,59,All annotated,full_gene
Donor6,NNAMPT,NETosis,-0.232177962346547,26,All annotated,full_gene
Donor6,UF,NETosis,-0.194598894790639,1972,All annotated,full_gene
Donor3,UF,NETosis,-0.0211404821832886,3890,All annotated,full_gene
Donor4,UF,NETosis,-0.0423963633783147,6013,All annotated,full_gene
Donor2,UF,NETosis,-0.183820829616767,3019,All annotated,full_gene
Donor4,UN,NETosis,-0.0630083020117415,2440,All annotated,full_gene
Donor3,UN,NETosis,-0.0362454493294356,4466,All annotated,full_gene
Donor2,UN,NETosis,-0.176645072578516,1863,All annotated,full_gene
Donor6,UN,NETosis,-0.183584328980625,229,All annotated,full_gene
Donor1,UF,NETosis,-0.181363632618756,534,All annotated,full_gene
Donor1,UN,NETosis,-0.131270632442615,221,All annotated,full_gene
Donor5,UF,NETosis,-0.206515208843731,149,All annotated,full_gene
Donor5,UN,NETosis,-0.140775670032368,75,All annotated,full_gene
Donor5,UD,NETosis,-0.173528701624848,6764,All annotated,full_gene
Donor1,UA5,NETosis,-0.165948133369603,7305,All annotated,full_gene
Donor6,UD,NETosis,-0.174022395737687,2875,All annotated,full_gene
Donor4,UD,NETosis,0.00456877930870314,3645,All annotated,full_gene
Donor3,UA5,NETosis,-0.0157449317606068,4000,All annotated,full_gene
Donor3,UD,NETosis,-0.0522485930263514,3339,All annotated,full_gene
Donor4,UA5,NETosis,-0.00272746591150893,3237,All annotated,full_gene
Donor2,UD,NETosis,-0.16901685894373,5139,All annotated,full_gene
Donor2,UA5,NETosis,-0.158775160292056,5195,All annotated,full_gene
Donor6,UA5,NETosis,-0.180892324014023,3261,All annotated,full_gene
Donor1,UD,NETosis,-0.172142941122194,915,All annotated,full_gene
Donor5,UA5,NETosis,-0.155127711851896,19,All annotated,full_gene
Donor3,NA5,NETosis,0.000825552927938156,6663,All annotated,full_gene
Donor4,CF,NETosis,0.0281932717529082,4562,All annotated,full_gene
Donor6,CF,NETosis,-0.210375240166992,6575,All annotated,full_gene
Donor1,CF,NETosis,-0.188704486419552,5995,All annotated,full_gene
Donor5,NA5,NETosis,-0.195478567088065,12415,All annotated,full_gene
Donor2,NA5,NETosis,-0.193873427094738,5389,All annotated,full_gene
Donor3,CF,NETosis,0.0677618345945881,4923,All annotated,full_gene
Donor4,NA5,NETosis,0.0387653917581702,2472,All annotated,full_gene
Donor1,NA5,NETosis,-0.183438682505165,310,All annotated,full_gene
Donor2,CF,NETosis,-0.197916925334739,61,All annotated,full_gene
Donor5,CF,NETosis,-0.0189659318937196,34,All annotated,full_gene
Donor6,NA5,NETosis,-0.00731567276808454,3,All annotated,full_gene
Donor6,N,Degranulation,0.056409180640166,1663,All annotated,full_gene
Donor1,N,Degranulation,-0.148556611322868,130,All annotated,full_gene
Donor4,N,Degranulation,-0.0557274264398802,455,All annotated,full_gene
Donor2,NNAMPT,Degranulation,-0.0845584614095605,537,All annotated,full_gene
Donor1,NNAMPT,Degranulation,-0.184721821984982,166,All annotated,full_gene
Donor5,N,Degranulation,-0.0819209800064105,133,All annotated,full_gene
Donor3,N,Degranulation,0.07411111521719,201,All annotated,full_gene
Donor5,NNAMPT,Degranulation,-0.129052132326457,99,All annotated,full_gene
Donor4,NNAMPT,Degranulation,-0.0408136188178153,540,All annotated,full_gene
Donor2,N,Degranulation,-0.140382957201067,112,All annotated,full_gene
Donor3,NNAMPT,Degranulation,0.0778328885697585,59,All annotated,full_gene
Donor6,NNAMPT,Degranulation,-0.110801974612048,26,All annotated,full_gene
Donor6,UF,Degranulation,-0.156233300734292,1972,All annotated,full_gene
Donor3,UF,Degranulation,-0.0513918064610895,3890,All annotated,full_gene
Donor4,UF,Degranulation,-0.0658215539225571,6013,All annotated,full_gene
Donor2,UF,Degranulation,-0.128654266626195,3019,All annotated,full_gene
Donor4,UN,Degranulation,-0.0371458416543941,2440,All annotated,full_gene
Donor3,UN,Degranulation,-0.0516614190206171,4466,All annotated,full_gene
Donor2,UN,Degranulation,-0.123260040029117,1863,All annotated,full_gene
Donor6,UN,Degranulation,-0.115698170838535,229,All annotated,full_gene
Donor1,UF,Degranulation,-0.125254521576564,534,All annotated,full_gene
Donor1,UN,Degranulation,-0.103138260326809,221,All annotated,full_gene
Donor5,UF,Degranulation,-0.162043945165639,149,All annotated,full_gene
Donor5,UN,Degranulation,-0.17090308216618,75,All annotated,full_gene
Donor5,UD,Degranulation,-0.0763582709657878,6764,All annotated,full_gene
Donor1,UA5,Degranulation,-0.0741596851134096,7305,All annotated,full_gene
Donor6,UD,Degranulation,-0.0836361043945836,2875,All annotated,full_gene
Donor4,UD,Degranulation,0.00643464410569051,3645,All annotated,full_gene
Donor3,UA5,Degranulation,-0.0112316115012159,4000,All annotated,full_gene
Donor3,UD,Degranulation,-0.0084146475887777,3339,All annotated,full_gene
Donor4,UA5,Degranulation,-0.0162453772504134,3237,All annotated,full_gene
Donor2,UD,Degranulation,-0.0812085854483489,5139,All annotated,full_gene
Donor2,UA5,Degranulation,-0.0728346494169275,5195,All annotated,full_gene
Donor6,UA5,Degranulation,-0.0841387526883351,3261,All annotated,full_gene
Donor1,UD,Degranulation,-0.0583203370555883,915,All annotated,full_gene
Donor5,UA5,Degranulation,-0.141497728279178,19,All annotated,full_gene
Donor3,NA5,Degranulation,-0.0269469495975628,6663,All annotated,full_gene
Donor4,CF,Degranulation,-0.0184639250955555,4562,All annotated,full_gene
Donor6,CF,Degranulation,-0.146601122905679,6575,All annotated,full_gene
Donor1,CF,Degranulation,-0.137084155652815,5995,All annotated,full_gene
Donor5,NA5,Degranulation,-0.139113321121887,12415,All annotated,full_gene
Donor2,NA5,Degranulation,-0.147169305982954,5389,All annotated,full_gene
Donor3,CF,Degranulation,0.00523671210131171,4923,All annotated,full_gene
Donor4,NA5,Degranulation,-0.0115014309205402,2472,All annotated,full_gene
Donor1,NA5,Degranulation,-0.124406868152403,310,All annotated,full_gene
Donor2,CF,Degranulation,-0.066256042924175,61,All annotated,full_gene
Donor5,CF,Degranulation,-0.0648709846812054,34,All annotated,full_gene
Donor6,NA5,Degranulation,-0.0710796862707281,3,All annotated,full_gene
Donor6,N,Oxidative_burst,-0.29326724242641,1663,All annotated,full_gene
Donor1,N,Oxidative_burst,-0.293625683918116,130,All annotated,full_gene
Donor4,N,Oxidative_burst,-0.246265263182064,455,All annotated,full_gene
Donor2,NNAMPT,Oxidative_burst,-0.299906117614409,537,All annotated,full_gene
Donor1,NNAMPT,Oxidative_burst,-0.297214437286906,166,All annotated,full_gene
Donor5,N,Oxidative_burst,-0.291587981626103,133,All annotated,full_gene
Donor3,N,Oxidative_burst,-0.203690017989018,201,All annotated,full_gene
Donor5,NNAMPT,Oxidative_burst,-0.360486107038867,99,All annotated,full_gene
Donor4,NNAMPT,Oxidative_burst,-0.29884600776333,540,All annotated,full_gene
Donor2,N,Oxidative_burst,-0.355235697406975,112,All annotated,full_gene
Donor3,NNAMPT,Oxidative_burst,-0.153601655886104,59,All annotated,full_gene
Donor6,NNAMPT,Oxidative_burst,-0.340924484104182,26,All annotated,full_gene
Donor6,UF,Oxidative_burst,-0.33514117524306,1972,All annotated,full_gene
Donor3,UF,Oxidative_burst,-0.0476121084683315,3890,All annotated,full_gene
Donor4,UF,Oxidative_burst,-0.0783007945387224,6013,All annotated,full_gene
Donor2,UF,Oxidative_burst,-0.302699543453706,3019,All annotated,full_gene
Donor4,UN,Oxidative_burst,-0.111121807717901,2440,All annotated,full_gene
Donor3,UN,Oxidative_burst,-0.0795135512654878,4466,All annotated,full_gene
Donor2,UN,Oxidative_burst,-0.295743434606689,1863,All annotated,full_gene
Donor6,UN,Oxidative_burst,-0.314898268682947,229,All annotated,full_gene
Donor1,UF,Oxidative_burst,-0.282527773790091,534,All annotated,full_gene
Donor1,UN,Oxidative_burst,-0.205906785012693,221,All annotated,full_gene
Donor5,UF,Oxidative_burst,-0.297542553563626,149,All annotated,full_gene
Donor5,UN,Oxidative_burst,-0.17146515032943,75,All annotated,full_gene
Donor5,UD,Oxidative_burst,-0.343581108060974,6764,All annotated,full_gene
Donor1,UA5,Oxidative_burst,-0.33609316792275,7305,All annotated,full_gene
Donor6,UD,Oxidative_burst,-0.351623037093831,2875,All annotated,full_gene
Donor4,UD,Oxidative_burst,-0.0778631223471913,3645,All annotated,full_gene
Donor3,UA5,Oxidative_burst,-0.0706234848485736,4000,All annotated,full_gene
Donor3,UD,Oxidative_burst,-0.148130812961867,3339,All annotated,full_gene
Donor4,UA5,Oxidative_burst,-0.0610700390705887,3237,All annotated,full_gene
Donor2,UD,Oxidative_burst,-0.345372416029038,5139,All annotated,full_gene
Donor2,UA5,Oxidative_burst,-0.332646737930993,5195,All annotated,full_gene
Donor6,UA5,Oxidative_burst,-0.36203661500455,3261,All annotated,full_gene
Donor1,UD,Oxidative_burst,-0.304272368117544,915,All annotated,full_gene
Donor5,UA5,Oxidative_burst,-0.200293499732176,19,All annotated,full_gene
Donor3,NA5,Oxidative_burst,-0.0200293729661938,6663,All annotated,full_gene
Donor4,CF,Oxidative_burst,0.0338355990477737,4562,All annotated,full_gene
Donor6,CF,Oxidative_burst,-0.343821359626594,6575,All annotated,full_gene
Donor1,CF,Oxidative_burst,-0.321023042069325,5995,All annotated,full_gene
Donor5,NA5,Oxidative_burst,-0.329898317897849,12415,All annotated,full_gene
Donor2,NA5,Oxidative_burst,-0.32317055923908,5389,All annotated,full_gene
Donor3,CF,Oxidative_burst,0.078171840804318,4923,All annotated,full_gene
Donor4,NA5,Oxidative_burst,0.029280815017233,2472,All annotated,full_gene
Donor1,NA5,Oxidative_burst,-0.302797640756586,310,All annotated,full_gene
Donor2,CF,Oxidative_burst,-0.278271125322616,61,All annotated,full_gene
Donor5,CF,Oxidative_burst,-0.113487700792025,34,All annotated,full_gene
Donor6,NA5,Oxidative_burst,0.0736822931911605,3,All annotated,full_gene
Donor6,N,Phagocytosis,-0.435503761967229,1663,All annotated,full_gene
Donor1,N,Phagocytosis,-0.490793216854526,130,All annotated,full_gene
Donor4,N,Phagocytosis,-0.390702865717494,455,All annotated,full_gene
Donor2,NNAMPT,Phagocytosis,-0.470966462336582,537,All annotated,full_gene
Donor1,NNAMPT,Phagocytosis,-0.461310959466873,166,All annotated,full_gene
Donor5,N,Phagocytosis,-0.460923798688476,133,All annotated,full_gene
Donor3,N,Phagocytosis,-0.30977661027226,201,All annotated,full_gene
Donor5,NNAMPT,Phagocytosis,-0.503650713969881,99,All annotated,full_gene
Donor4,NNAMPT,Phagocytosis,-0.418743559391527,540,All annotated,full_gene
Donor2,N,Phagocytosis,-0.472306509660109,112,All annotated,full_gene
Donor3,NNAMPT,Phagocytosis,-0.154585043935299,59,All annotated,full_gene
Donor6,NNAMPT,Phagocytosis,-0.530424683471814,26,All annotated,full_gene
Donor6,UF,Phagocytosis,-0.431543932677315,1972,All annotated,full_gene
Donor3,UF,Phagocytosis,-0.0270521266904761,3890,All annotated,full_gene
Donor4,UF,Phagocytosis,-0.0790318162850794,6013,All annotated,full_gene
Donor2,UF,Phagocytosis,-0.380281292631569,3019,All annotated,full_gene
Donor4,UN,Phagocytosis,-0.109261633474244,2440,All annotated,full_gene
Donor3,UN,Phagocytosis,-0.0427591121171753,4466,All annotated,full_gene
Donor2,UN,Phagocytosis,-0.385539508056763,1863,All annotated,full_gene
Donor6,UN,Phagocytosis,-0.399263927528994,229,All annotated,full_gene
Donor1,UF,Phagocytosis,-0.368078145651533,534,All annotated,full_gene
Donor1,UN,Phagocytosis,-0.28096447070069,221,All annotated,full_gene
Donor5,UF,Phagocytosis,-0.397491732412791,149,All annotated,full_gene
Donor5,UN,Phagocytosis,-0.309196264776208,75,All annotated,full_gene
Donor5,UD,Phagocytosis,-0.461931769075479,6764,All annotated,full_gene
Donor1,UA5,Phagocytosis,-0.44094067586321,7305,All annotated,full_gene
Donor6,UD,Phagocytosis,-0.472855752875611,2875,All annotated,full_gene
Donor4,UD,Phagocytosis,-0.093510366277628,3645,All annotated,full_gene
Donor3,UA5,Phagocytosis,-0.103952885976019,4000,All annotated,full_gene
Donor3,UD,Phagocytosis,-0.159732132598293,3339,All annotated,full_gene
Donor4,UA5,Phagocytosis,-0.123538084720856,3237,All annotated,full_gene
Donor2,UD,Phagocytosis,-0.451284131994324,5139,All annotated,full_gene
Donor2,UA5,Phagocytosis,-0.450001667265661,5195,All annotated,full_gene
Donor6,UA5,Phagocytosis,-0.474105549060674,3261,All annotated,full_gene
Donor1,UD,Phagocytosis,-0.403133581037221,915,All annotated,full_gene
Donor5,UA5,Phagocytosis,-0.428235063455315,19,All annotated,full_gene
Donor3,NA5,Phagocytosis,0.00805023027818654,6663,All annotated,full_gene
Donor4,CF,Phagocytosis,0.0679861395746644,4562,All annotated,full_gene
Donor6,CF,Phagocytosis,-0.42295319820786,6575,All annotated,full_gene
Donor1,CF,Phagocytosis,-0.402574761091594,5995,All annotated,full_gene
Donor5,NA5,Phagocytosis,-0.411298534180329,12415,All annotated,full_gene
Donor2,NA5,Phagocytosis,-0.400352681949242,5389,All annotated,full_gene
Donor3,CF,Phagocytosis,0.125439618545178,4923,All annotated,full_gene
Donor4,NA5,Phagocytosis,0.0789066576475205,2472,All annotated,full_gene
Donor1,NA5,Phagocytosis,-0.367543609325657,310,All annotated,full_gene
Donor2,CF,Phagocytosis,-0.319539175893041,61,All annotated,full_gene
Donor5,CF,Phagocytosis,-0.195487998617792,34,All annotated,full_gene
Donor6,NA5,Phagocytosis,0.172310067153759,3,All annotated,full_gene
Donor6,N,Chemotaxis,-0.445185593588743,1663,All annotated,full_gene
Donor1,N,Chemotaxis,-0.495986244551327,130,All annotated,full_gene
Donor4,N,Chemotaxis,-0.382940822375083,455,All annotated,full_gene
Donor2,NNAMPT,Chemotaxis,-0.481756615519857,537,All annotated,full_gene
Donor1,NNAMPT,Chemotaxis,-0.495651810416457,166,All annotated,full_gene
Donor5,N,Chemotaxis,-0.452468611874853,133,All annotated,full_gene
Donor3,N,Chemotaxis,-0.337521260261567,201,All annotated,full_gene
Donor5,NNAMPT,Chemotaxis,-0.490074569047629,99,All annotated,full_gene
Donor4,NNAMPT,Chemotaxis,-0.418751357977306,540,All annotated,full_gene
Donor2,N,Chemotaxis,-0.518026337708346,112,All annotated,full_gene
Donor3,NNAMPT,Chemotaxis,-0.126170002193474,59,All annotated,full_gene
Donor6,NNAMPT,Chemotaxis,-0.585164314514329,26,All annotated,full_gene
Donor6,UF,Chemotaxis,-0.467027288766739,1972,All annotated,full_gene
Donor3,UF,Chemotaxis,-0.0342050167951402,3890,All annotated,full_gene
Donor4,UF,Chemotaxis,-0.100054406335928,6013,All annotated,full_gene
Donor2,UF,Chemotaxis,-0.400248927934372,3019,All annotated,full_gene
Donor4,UN,Chemotaxis,-0.0962325723675101,2440,All annotated,full_gene
Donor3,UN,Chemotaxis,-0.0301138427891827,4466,All annotated,full_gene
Donor2,UN,Chemotaxis,-0.394476601180525,1863,All annotated,full_gene
Donor6,UN,Chemotaxis,-0.436396805688224,229,All annotated,full_gene
Donor1,UF,Chemotaxis,-0.392509976942366,534,All annotated,full_gene
Donor1,UN,Chemotaxis,-0.249075561458307,221,All annotated,full_gene
Donor5,UF,Chemotaxis,-0.423812054180433,149,All annotated,full_gene
Donor5,UN,Chemotaxis,-0.318180865509012,75,All annotated,full_gene
Donor5,UD,Chemotaxis,-0.490411363883088,6764,All annotated,full_gene
Donor1,UA5,Chemotaxis,-0.472145842930923,7305,All annotated,full_gene
Donor6,UD,Chemotaxis,-0.502244850670294,2875,All annotated,full_gene
Donor4,UD,Chemotaxis,-0.119558962698999,3645,All annotated,full_gene
Donor3,UA5,Chemotaxis,-0.149099837128491,4000,All annotated,full_gene
Donor3,UD,Chemotaxis,-0.203570504470892,3339,All annotated,full_gene
Donor4,UA5,Chemotaxis,-0.176059537434632,3237,All annotated,full_gene
Donor2,UD,Chemotaxis,-0.477981466925086,5139,All annotated,full_gene
Donor2,UA5,Chemotaxis,-0.474540750798344,5195,All annotated,full_gene
Donor6,UA5,Chemotaxis,-0.51385834918995,3261,All annotated,full_gene
Donor1,UD,Chemotaxis,-0.430480895854097,915,All annotated,full_gene
Donor5,UA5,Chemotaxis,-0.526536293272445,19,All annotated,full_gene
Donor3,NA5,Chemotaxis,-0.0142083090737857,6663,All annotated,full_gene
Donor4,CF,Chemotaxis,0.00360117179756886,4562,All annotated,full_gene
Donor6,CF,Chemotaxis,-0.47280011734341,6575,All annotated,full_gene
Donor1,CF,Chemotaxis,-0.448582679855655,5995,All annotated,full_gene
Donor5,NA5,Chemotaxis,-0.461875673309976,12415,All annotated,full_gene
Donor2,NA5,Chemotaxis,-0.440233067255871,5389,All annotated,full_gene
Donor3,CF,Chemotaxis,0.0659606715663432,4923,All annotated,full_gene
Donor4,NA5,Chemotaxis,0.046722567476976,2472,All annotated,full_gene
Donor1,NA5,Chemotaxis,-0.412119628387363,310,All annotated,full_gene
Donor2,CF,Chemotaxis,-0.350806961395126,61,All annotated,full_gene
Donor5,CF,Chemotaxis,-0.320067771772874,34,All annotated,full_gene
Donor6,NA5,Chemotaxis,0.0191149030804373,3,All annotated,full_gene
Donor6,N,OSM_inflammation,-0.501604176340911,1663,All annotated,full_gene
Donor1,N,OSM_inflammation,-0.57261499750088,130,All annotated,full_gene
Donor4,N,OSM_inflammation,-0.437652646231748,455,All annotated,full_gene
Donor2,NNAMPT,OSM_inflammation,-0.561280838608452,537,All annotated,full_gene
Donor1,NNAMPT,OSM_inflammation,-0.573148442744835,166,All annotated,full_gene
Donor5,N,OSM_inflammation,-0.511682962222247,133,All annotated,full_gene
Donor3,N,OSM_inflammation,-0.358583401828406,201,All annotated,full_gene
Donor5,NNAMPT,OSM_inflammation,-0.576935182682949,99,All annotated,full_gene
Donor4,NNAMPT,OSM_inflammation,-0.524356994706574,540,All annotated,full_gene
Donor2,N,OSM_inflammation,-0.553872894355284,112,All annotated,full_gene
Donor3,NNAMPT,OSM_inflammation,-0.241010426588685,59,All annotated,full_gene
Donor6,NNAMPT,OSM_inflammation,-0.542977570840856,26,All annotated,full_gene
Donor6,UF,OSM_inflammation,-0.489293247874435,1972,All annotated,full_gene
Donor3,UF,OSM_inflammation,0.0205015050513924,3890,All annotated,full_gene
Donor4,UF,OSM_inflammation,0.013742308554115,6013,All annotated,full_gene
Donor2,UF,OSM_inflammation,-0.441214224960658,3019,All annotated,full_gene
Donor4,UN,OSM_inflammation,-0.174866211695837,2440,All annotated,full_gene
Donor3,UN,OSM_inflammation,-0.082338720966658,4466,All annotated,full_gene
Donor2,UN,OSM_inflammation,-0.433676782397289,1863,All annotated,full_gene
Donor6,UN,OSM_inflammation,-0.49691545870197,229,All annotated,full_gene
Donor1,UF,OSM_inflammation,-0.435799428756689,534,All annotated,full_gene
Donor1,UN,OSM_inflammation,-0.320426891922479,221,All annotated,full_gene
Donor5,UF,OSM_inflammation,-0.518761511276629,149,All annotated,full_gene
Donor5,UN,OSM_inflammation,-0.409713545227504,75,All annotated,full_gene
Donor5,UD,OSM_inflammation,-0.460305109147658,6764,All annotated,full_gene
Donor1,UA5,OSM_inflammation,-0.435509183026148,7305,All annotated,full_gene
Donor6,UD,OSM_inflammation,-0.465084747866907,2875,All annotated,full_gene
Donor4,UD,OSM_inflammation,-0.0835442787339701,3645,All annotated,full_gene
Donor3,UA5,OSM_inflammation,-0.070499769842221,4000,All annotated,full_gene
Donor3,UD,OSM_inflammation,-0.171123938270979,3339,All annotated,full_gene
Donor4,UA5,OSM_inflammation,-0.0703481067333516,3237,All annotated,full_gene
Donor2,UD,OSM_inflammation,-0.450852698759343,5139,All annotated,full_gene
Donor2,UA5,OSM_inflammation,-0.443002767134328,5195,All annotated,full_gene
Donor6,UA5,OSM_inflammation,-0.493068417996184,3261,All annotated,full_gene
Donor1,UD,OSM_inflammation,-0.439300369085262,915,All annotated,full_gene
Donor5,UA5,OSM_inflammation,-0.471475396593238,19,All annotated,full_gene
Donor3,NA5,OSM_inflammation,-0.0787867063992849,6663,All annotated,full_gene
Donor4,CF,OSM_inflammation,-0.0108393695682557,4562,All annotated,full_gene
Donor6,CF,OSM_inflammation,-0.541337296006039,6575,All annotated,full_gene
Donor1,CF,OSM_inflammation,-0.520399529521492,5995,All annotated,full_gene
Donor5,NA5,OSM_inflammation,-0.523371991428701,12415,All annotated,full_gene
Donor2,NA5,OSM_inflammation,-0.512738122236434,5389,All annotated,full_gene
Donor3,CF,OSM_inflammation,0.0667455368183801,4923,All annotated,full_gene
Donor4,NA5,OSM_inflammation,-0.0200338382418223,2472,All annotated,full_gene
Donor1,NA5,OSM_inflammation,-0.477323429278977,310,All annotated,full_gene
Donor2,CF,OSM_inflammation,-0.475237336293804,61,All annotated,full_gene
Donor5,CF,OSM_inflammation,-0.314460440610622,34,All annotated,full_gene
Donor6,NA5,OSM_inflammation,-0.399798631866,3,All annotated,full_gene
Donor6,N,Type_I_interferon,-0.0179229311356925,1663,All annotated,full_gene
Donor1,N,Type_I_interferon,-0.0224542741501685,130,All annotated,full_gene
Donor4,N,Type_I_interferon,-0.0116823792105912,455,All annotated,full_gene
Donor2,NNAMPT,Type_I_interferon,-0.0617011138764947,537,All annotated,full_gene
Donor1,NNAMPT,Type_I_interferon,-0.0324822666262406,166,All annotated,full_gene
Donor5,N,Type_I_interferon,0.0154977153160402,133,All annotated,full_gene
Donor3,N,Type_I_interferon,-0.0186433519302356,201,All annotated,full_gene
Donor5,NNAMPT,Type_I_interferon,-0.066581571797064,99,All annotated,full_gene
Donor4,NNAMPT,Type_I_interferon,0.00877683543934744,540,All annotated,full_gene
Donor2,N,Type_I_interferon,-0.060102959500258,112,All annotated,full_gene
Donor3,NNAMPT,Type_I_interferon,0.0261050971910977,59,All annotated,full_gene
Donor6,NNAMPT,Type_I_interferon,-0.0712101847437396,26,All annotated,full_gene
Donor6,UF,Type_I_interferon,-0.0379470242089974,1972,All annotated,full_gene
Donor3,UF,Type_I_interferon,0.0264027207259749,3890,All annotated,full_gene
Donor4,UF,Type_I_interferon,-0.00258485764297321,6013,All annotated,full_gene
Donor2,UF,Type_I_interferon,-0.0284759272701833,3019,All annotated,full_gene
Donor4,UN,Type_I_interferon,-0.000854164919438264,2440,All annotated,full_gene
Donor3,UN,Type_I_interferon,0.0175260726979897,4466,All annotated,full_gene
Donor2,UN,Type_I_interferon,-0.0172974049088855,1863,All annotated,full_gene
Donor6,UN,Type_I_interferon,-0.0401545393134685,229,All annotated,full_gene
Donor1,UF,Type_I_interferon,-0.0260904484564372,534,All annotated,full_gene
Donor1,UN,Type_I_interferon,0.003271406442579,221,All annotated,full_gene
Donor5,UF,Type_I_interferon,-0.0298712136878863,149,All annotated,full_gene
Donor5,UN,Type_I_interferon,-0.0835630979518565,75,All annotated,full_gene
Donor5,UD,Type_I_interferon,-0.0386910806067073,6764,All annotated,full_gene
Donor1,UA5,Type_I_interferon,-0.0284589912045722,7305,All annotated,full_gene
Donor6,UD,Type_I_interferon,-0.0364076918567612,2875,All annotated,full_gene
Donor4,UD,Type_I_interferon,0.0209323263661361,3645,All annotated,full_gene
Donor3,UA5,Type_I_interferon,0.0210600902445371,4000,All annotated,full_gene
Donor3,UD,Type_I_interferon,0.0251701561596811,3339,All annotated,full_gene
Donor4,UA5,Type_I_interferon,0.0168281330634395,3237,All annotated,full_gene
Donor2,UD,Type_I_interferon,-0.0354391672955368,5139,All annotated,full_gene
Donor2,UA5,Type_I_interferon,-0.0247205295387021,5195,All annotated,full_gene
Donor6,UA5,Type_I_interferon,-0.025737904262102,3261,All annotated,full_gene
Donor1,UD,Type_I_interferon,-0.02842365185888,915,All annotated,full_gene
Donor5,UA5,Type_I_interferon,-0.0601144394981522,19,All annotated,full_gene
Donor3,NA5,Type_I_interferon,0.0247413212814952,6663,All annotated,full_gene
Donor4,CF,Type_I_interferon,0.0263855254219964,4562,All annotated,full_gene
Donor6,CF,Type_I_interferon,-0.0358572501819228,6575,All annotated,full_gene
Donor1,CF,Type_I_interferon,-0.0318974744156105,5995,All annotated,full_gene
Donor5,NA5,Type_I_interferon,-0.0346742167197869,12415,All annotated,full_gene
Donor2,NA5,Type_I_interferon,-0.0359343973593036,5389,All annotated,full_gene
Donor3,CF,Type_I_interferon,0.0238924415323094,4923,All annotated,full_gene
Donor4,NA5,Type_I_interferon,0.0416027252072789,2472,All annotated,full_gene
Donor1,NA5,Type_I_interferon,-0.0363986142967913,310,All annotated,full_gene
Donor2,CF,Type_I_interferon,-0.0132512424706987,61,All annotated,full_gene
Donor5,CF,Type_I_interferon,-0.0297586012896861,34,All annotated,full_gene
Donor6,NA5,Type_I_interferon,0.021852318707808,3,All annotated,full_gene
Donor6,N,Immature_granulopoiesis,0.19817033200301,1663,All annotated,full_gene
Donor1,N,Immature_granulopoiesis,-0.0304162058149575,130,All annotated,full_gene
Donor4,N,Immature_granulopoiesis,0.052786779306963,455,All annotated,full_gene
Donor2,NNAMPT,Immature_granulopoiesis,0.0256711374935606,537,All annotated,full_gene
Donor1,NNAMPT,Immature_granulopoiesis,-0.0940526852420807,166,All annotated,full_gene
Donor5,N,Immature_granulopoiesis,0.0630811017858768,133,All annotated,full_gene
Donor3,N,Immature_granulopoiesis,0.163598152267311,201,All annotated,full_gene
Donor5,NNAMPT,Immature_granulopoiesis,-0.0382431778895072,99,All annotated,full_gene
Donor4,NNAMPT,Immature_granulopoiesis,0.0635235484988893,540,All annotated,full_gene
Donor2,N,Immature_granulopoiesis,-0.0434886322966416,112,All annotated,full_gene
Donor3,NNAMPT,Immature_granulopoiesis,0.0730161506197129,59,All annotated,full_gene
Donor6,NNAMPT,Immature_granulopoiesis,-0.0394375206447673,26,All annotated,full_gene
Donor6,UF,Immature_granulopoiesis,-0.0640721373662771,1972,All annotated,full_gene
Donor3,UF,Immature_granulopoiesis,-0.0381354538357115,3890,All annotated,full_gene
Donor4,UF,Immature_granulopoiesis,-0.0361632829511637,6013,All annotated,full_gene
Donor2,UF,Immature_granulopoiesis,-0.0446902480643195,3019,All annotated,full_gene
Donor4,UN,Immature_granulopoiesis,-0.0330006861843299,2440,All annotated,full_gene
Donor3,UN,Immature_granulopoiesis,-0.0436943752864808,4466,All annotated,full_gene
Donor2,UN,Immature_granulopoiesis,-0.042352176915662,1863,All annotated,full_gene
Donor6,UN,Immature_granulopoiesis,-0.0454022442490465,229,All annotated,full_gene
Donor1,UF,Immature_granulopoiesis,-0.048134089633726,534,All annotated,full_gene
Donor1,UN,Immature_granulopoiesis,-0.0200131158017324,221,All annotated,full_gene
Donor5,UF,Immature_granulopoiesis,-0.0631291331908309,149,All annotated,full_gene
Donor5,UN,Immature_granulopoiesis,-0.0259957038383182,75,All annotated,full_gene
Donor5,UD,Immature_granulopoiesis,0.0348115836514851,6764,All annotated,full_gene
Donor1,UA5,Immature_granulopoiesis,0.0380454371779918,7305,All annotated,full_gene
Donor6,UD,Immature_granulopoiesis,0.0238453721098802,2875,All annotated,full_gene
Donor4,UD,Immature_granulopoiesis,0.0298761337393986,3645,All annotated,full_gene
Donor3,UA5,Immature_granulopoiesis,0.0269726177939533,4000,All annotated,full_gene
Donor3,UD,Immature_granulopoiesis,0.0505133263484967,3339,All annotated,full_gene
Donor4,UA5,Immature_granulopoiesis,0.027151398033845,3237,All annotated,full_gene
Donor2,UD,Immature_granulopoiesis,0.0251147044448681,5139,All annotated,full_gene
Donor2,UA5,Immature_granulopoiesis,0.0323527160871742,5195,All annotated,full_gene
Donor6,UA5,Immature_granulopoiesis,0.0278376315168206,3261,All annotated,full_gene
Donor1,UD,Immature_granulopoiesis,0.0349109666839364,915,All annotated,full_gene
Donor5,UA5,Immature_granulopoiesis,-0.0655504181313316,19,All annotated,full_gene
Donor3,NA5,Immature_granulopoiesis,-0.0521643129164498,6663,All annotated,full_gene
Donor4,CF,Immature_granulopoiesis,-0.0498860578151099,4562,All annotated,full_gene
Donor6,CF,Immature_granulopoiesis,-0.0686690138204916,6575,All annotated,full_gene
Donor1,CF,Immature_granulopoiesis,-0.0672941966196814,5995,All annotated,full_gene
Donor5,NA5,Immature_granulopoiesis,-0.061396096762572,12415,All annotated,full_gene
Donor2,NA5,Immature_granulopoiesis,-0.0701330352695457,5389,All annotated,full_gene
Donor3,CF,Immature_granulopoiesis,-0.0431953235998249,4923,All annotated,full_gene
Donor4,NA5,Immature_granulopoiesis,-0.0495899945906491,2472,All annotated,full_gene
Donor1,NA5,Immature_granulopoiesis,-0.0497176598069624,310,All annotated,full_gene
Donor2,CF,Immature_granulopoiesis,-0.0252665514739521,61,All annotated,full_gene
Donor5,CF,Immature_granulopoiesis,-0.045222963572397,34,All annotated,full_gene
Donor6,NA5,Immature_granulopoiesis,-0.0607456962165658,3,All annotated,full_gene
Donor6,N,Survival_antiapoptosis,-0.293336141750449,1663,All annotated,full_gene
Donor1,N,Survival_antiapoptosis,-0.304622202567099,130,All annotated,full_gene
Donor4,N,Survival_antiapoptosis,-0.262192684455648,455,All annotated,full_gene
Donor2,NNAMPT,Survival_antiapoptosis,-0.3068242504865,537,All annotated,full_gene
Donor1,NNAMPT,Survival_antiapoptosis,-0.315868384942458,166,All annotated,full_gene
Donor5,N,Survival_antiapoptosis,-0.310782516082406,133,All annotated,full_gene
Donor3,N,Survival_antiapoptosis,-0.190858425149515,201,All annotated,full_gene
Donor5,NNAMPT,Survival_antiapoptosis,-0.298297272626969,99,All annotated,full_gene
Donor4,NNAMPT,Survival_antiapoptosis,-0.25358457440113,540,All annotated,full_gene
Donor2,N,Survival_antiapoptosis,-0.279506630407173,112,All annotated,full_gene
Donor3,NNAMPT,Survival_antiapoptosis,-0.159021461573771,59,All annotated,full_gene
Donor6,NNAMPT,Survival_antiapoptosis,-0.467167163473528,26,All annotated,full_gene
Donor6,UF,Survival_antiapoptosis,-0.272874525660303,1972,All annotated,full_gene
Donor3,UF,Survival_antiapoptosis,0.0371860890758259,3890,All annotated,full_gene
Donor4,UF,Survival_antiapoptosis,-0.00135070766136805,6013,All annotated,full_gene
Donor2,UF,Survival_antiapoptosis,-0.246987437994442,3019,All annotated,full_gene
Donor4,UN,Survival_antiapoptosis,-0.0759037021902834,2440,All annotated,full_gene
Donor3,UN,Survival_antiapoptosis,0.00445547256852561,4466,All annotated,full_gene
Donor2,UN,Survival_antiapoptosis,-0.247330496885109,1863,All annotated,full_gene
Donor6,UN,Survival_antiapoptosis,-0.246446411374487,229,All annotated,full_gene
Donor1,UF,Survival_antiapoptosis,-0.24973684683261,534,All annotated,full_gene
Donor1,UN,Survival_antiapoptosis,-0.141746784280757,221,All annotated,full_gene
Donor5,UF,Survival_antiapoptosis,-0.279922707981758,149,All annotated,full_gene
Donor5,UN,Survival_antiapoptosis,-0.237244861557151,75,All annotated,full_gene
Donor5,UD,Survival_antiapoptosis,-0.266618738179212,6764,All annotated,full_gene
Donor1,UA5,Survival_antiapoptosis,-0.278463119999058,7305,All annotated,full_gene
Donor6,UD,Survival_antiapoptosis,-0.291916853337548,2875,All annotated,full_gene
Donor4,UD,Survival_antiapoptosis,-0.0170644433808642,3645,All annotated,full_gene
Donor3,UA5,Survival_antiapoptosis,-0.00724484927719953,4000,All annotated,full_gene
Donor3,UD,Survival_antiapoptosis,-0.0503135924298333,3339,All annotated,full_gene
Donor4,UA5,Survival_antiapoptosis,-0.0366383797710617,3237,All annotated,full_gene
Donor2,UD,Survival_antiapoptosis,-0.285913378070251,5139,All annotated,full_gene
Donor2,UA5,Survival_antiapoptosis,-0.283316554708108,5195,All annotated,full_gene
Donor6,UA5,Survival_antiapoptosis,-0.220138814090607,3261,All annotated,full_gene
Donor1,UD,Survival_antiapoptosis,-0.240622241967786,915,All annotated,full_gene
Donor5,UA5,Survival_antiapoptosis,-0.352679979773264,19,All annotated,full_gene
Donor3,NA5,Survival_antiapoptosis,0.0229966846661201,6663,All annotated,full_gene
Donor4,CF,Survival_antiapoptosis,0.0672763760741541,4562,All annotated,full_gene
Donor6,CF,Survival_antiapoptosis,-0.262317510215795,6575,All annotated,full_gene
Donor1,CF,Survival_antiapoptosis,-0.27048169609695,5995,All annotated,full_gene
Donor5,NA5,Survival_antiapoptosis,-0.262855516697673,12415,All annotated,full_gene
Donor2,NA5,Survival_antiapoptosis,-0.25939257805535,5389,All annotated,full_gene
Donor3,CF,Survival_antiapoptosis,0.100091344358181,4923,All annotated,full_gene
Donor4,NA5,Survival_antiapoptosis,0.0800165038412248,2472,All annotated,full_gene
Donor1,NA5,Survival_antiapoptosis,-0.227936236307641,310,All annotated,full_gene
Donor2,CF,Survival_antiapoptosis,-0.259344253398541,61,All annotated,full_gene
Donor5,CF,Survival_antiapoptosis,-0.192627788648244,34,All annotated,full_gene
Donor6,NA5,Survival_antiapoptosis,0.173923147238908,3,All annotated,full_gene
Donor6,N,Hypoxia_glycolysis,-0.141772309920633,1663,All annotated,full_gene
Donor1,N,Hypoxia_glycolysis,-0.143448925404777,130,All annotated,full_gene
Donor4,N,Hypoxia_glycolysis,-0.120458819399012,455,All annotated,full_gene
Donor2,NNAMPT,Hypoxia_glycolysis,-0.180380597861151,537,All annotated,full_gene
Donor1,NNAMPT,Hypoxia_glycolysis,-0.184941175421981,166,All annotated,full_gene
Donor5,N,Hypoxia_glycolysis,-0.173848033456627,133,All annotated,full_gene
Donor3,N,Hypoxia_glycolysis,-0.112489569116338,201,All annotated,full_gene
Donor5,NNAMPT,Hypoxia_glycolysis,-0.214294909226081,99,All annotated,full_gene
Donor4,NNAMPT,Hypoxia_glycolysis,-0.169607553292954,540,All annotated,full_gene
Donor2,N,Hypoxia_glycolysis,-0.189869165241888,112,All annotated,full_gene
Donor3,NNAMPT,Hypoxia_glycolysis,-0.0646717788695428,59,All annotated,full_gene
Donor6,NNAMPT,Hypoxia_glycolysis,-0.215794364219688,26,All annotated,full_gene
Donor6,UF,Hypoxia_glycolysis,-0.16419876540046,1972,All annotated,full_gene
Donor3,UF,Hypoxia_glycolysis,-0.0311988461082153,3890,All annotated,full_gene
Donor4,UF,Hypoxia_glycolysis,-0.0577814923026822,6013,All annotated,full_gene
Donor2,UF,Hypoxia_glycolysis,-0.141448960724505,3019,All annotated,full_gene
Donor4,UN,Hypoxia_glycolysis,-0.042123215171657,2440,All annotated,full_gene
Donor3,UN,Hypoxia_glycolysis,-0.0319909705102767,4466,All annotated,full_gene
Donor2,UN,Hypoxia_glycolysis,-0.160674915895697,1863,All annotated,full_gene
Donor6,UN,Hypoxia_glycolysis,-0.165561060128139,229,All annotated,full_gene
Donor1,UF,Hypoxia_glycolysis,-0.152908240572072,534,All annotated,full_gene
Donor1,UN,Hypoxia_glycolysis,-0.050378905209169,221,All annotated,full_gene
Donor5,UF,Hypoxia_glycolysis,-0.119627710326029,149,All annotated,full_gene
Donor5,UN,Hypoxia_glycolysis,-0.123305071389407,75,All annotated,full_gene
Donor5,UD,Hypoxia_glycolysis,-0.154588916969489,6764,All annotated,full_gene
Donor1,UA5,Hypoxia_glycolysis,-0.14908562357274,7305,All annotated,full_gene
Donor6,UD,Hypoxia_glycolysis,-0.145636678145791,2875,All annotated,full_gene
Donor4,UD,Hypoxia_glycolysis,-0.0136222502156483,3645,All annotated,full_gene
Donor3,UA5,Hypoxia_glycolysis,-0.00679854839528105,4000,All annotated,full_gene
Donor3,UD,Hypoxia_glycolysis,-0.0415458336218522,3339,All annotated,full_gene
Donor4,UA5,Hypoxia_glycolysis,-0.0205140373475603,3237,All annotated,full_gene
Donor2,UD,Hypoxia_glycolysis,-0.151302473083258,5139,All annotated,full_gene
Donor2,UA5,Hypoxia_glycolysis,-0.151760781675224,5195,All annotated,full_gene
Donor6,UA5,Hypoxia_glycolysis,-0.162616355812379,3261,All annotated,full_gene
Donor1,UD,Hypoxia_glycolysis,-0.12967254492179,915,All annotated,full_gene
Donor5,UA5,Hypoxia_glycolysis,-0.132327852432512,19,All annotated,full_gene
Donor3,NA5,Hypoxia_glycolysis,0.00669559219053079,6663,All annotated,full_gene
Donor4,CF,Hypoxia_glycolysis,0.0258346492540805,4562,All annotated,full_gene
Donor6,CF,Hypoxia_glycolysis,-0.166741481113047,6575,All annotated,full_gene
Donor1,CF,Hypoxia_glycolysis,-0.163998929831331,5995,All annotated,full_gene
Donor5,NA5,Hypoxia_glycolysis,-0.158744580998827,12415,All annotated,full_gene
Donor2,NA5,Hypoxia_glycolysis,-0.15704374853553,5389,All annotated,full_gene
Donor3,CF,Hypoxia_glycolysis,0.054097676727289,4923,All annotated,full_gene
Donor4,NA5,Hypoxia_glycolysis,0.0349301393799091,2472,All annotated,full_gene
Donor1,NA5,Hypoxia_glycolysis,-0.154936433840054,310,All annotated,full_gene
Donor2,CF,Hypoxia_glycolysis,-0.0527024677114409,61,All annotated,full_gene
Donor5,CF,Hypoxia_glycolysis,-0.101242829862058,34,All annotated,full_gene
Donor6,NA5,Hypoxia_glycolysis,-0.146395190377589,3,All annotated,full_gene
Donor6,N,ER_stress,-0.28777004271058,1663,All annotated,full_gene
Donor1,N,ER_stress,-0.278723382622069,130,All annotated,full_gene
Donor4,N,ER_stress,-0.256194650499552,455,All annotated,full_gene
Donor2,NNAMPT,ER_stress,-0.320586828414138,537,All annotated,full_gene
Donor1,NNAMPT,ER_stress,-0.284605573161406,166,All annotated,full_gene
Donor5,N,ER_stress,-0.280776887663058,133,All annotated,full_gene
Donor3,N,ER_stress,-0.248776242907615,201,All annotated,full_gene
Donor5,NNAMPT,ER_stress,-0.323215333683649,99,All annotated,full_gene
Donor4,NNAMPT,ER_stress,-0.267976465239888,540,All annotated,full_gene
Donor2,N,ER_stress,-0.266684391338138,112,All annotated,full_gene
Donor3,NNAMPT,ER_stress,-0.204408740664438,59,All annotated,full_gene
Donor6,NNAMPT,ER_stress,-0.350192480521579,26,All annotated,full_gene
Donor6,UF,ER_stress,-0.280934058675891,1972,All annotated,full_gene
Donor3,UF,ER_stress,0.00298652233937553,3890,All annotated,full_gene
Donor4,UF,ER_stress,-0.0366001452061137,6013,All annotated,full_gene
Donor2,UF,ER_stress,-0.240453941873957,3019,All annotated,full_gene
Donor4,UN,ER_stress,-0.078690525301292,2440,All annotated,full_gene
Donor3,UN,ER_stress,-0.0127723974445805,4466,All annotated,full_gene
Donor2,UN,ER_stress,-0.23109027376383,1863,All annotated,full_gene
Donor6,UN,ER_stress,-0.257801443734499,229,All annotated,full_gene
Donor1,UF,ER_stress,-0.215211255766987,534,All annotated,full_gene
Donor1,UN,ER_stress,-0.119792541540012,221,All annotated,full_gene
Donor5,UF,ER_stress,-0.256571393889064,149,All annotated,full_gene
Donor5,UN,ER_stress,-0.144242776810138,75,All annotated,full_gene
Donor5,UD,ER_stress,-0.302909701853751,6764,All annotated,full_gene
Donor1,UA5,ER_stress,-0.286995746883056,7305,All annotated,full_gene
Donor6,UD,ER_stress,-0.311328544924157,2875,All annotated,full_gene
Donor4,UD,ER_stress,-0.0689700715609273,3645,All annotated,full_gene
Donor3,UA5,ER_stress,-0.0736016453115915,4000,All annotated,full_gene
Donor3,UD,ER_stress,-0.106779894014105,3339,All annotated,full_gene
Donor4,UA5,ER_stress,-0.0924989521000748,3237,All annotated,full_gene
Donor2,UD,ER_stress,-0.296116349704773,5139,All annotated,full_gene
Donor2,UA5,ER_stress,-0.292709620663319,5195,All annotated,full_gene
Donor6,UA5,ER_stress,-0.312781321836492,3261,All annotated,full_gene
Donor1,UD,ER_stress,-0.253499338846284,915,All annotated,full_gene
Donor5,UA5,ER_stress,-0.241285573980929,19,All annotated,full_gene
Donor3,NA5,ER_stress,-0.00363475809974941,6663,All annotated,full_gene
Donor4,CF,ER_stress,0.053952568210427,4562,All annotated,full_gene
Donor6,CF,ER_stress,-0.279718406870393,6575,All annotated,full_gene
Donor1,CF,ER_stress,-0.273550930834428,5995,All annotated,full_gene
Donor5,NA5,ER_stress,-0.274334421702748,12415,All annotated,full_gene
Donor2,NA5,ER_stress,-0.263484671463895,5389,All annotated,full_gene
Donor3,CF,ER_stress,0.0780797796080707,4923,All annotated,full_gene
Donor4,NA5,ER_stress,0.0758591401039355,2472,All annotated,full_gene
Donor1,NA5,ER_stress,-0.24868201312276,310,All annotated,full_gene
Donor2,CF,ER_stress,-0.197303196565761,61,All annotated,full_gene
Donor5,CF,ER_stress,-0.186493334830077,34,All annotated,full_gene
Donor6,NA5,ER_stress,0.458318183869395,3,All annotated,full_gene
Donor6,N,Proliferation_stress,-0.00545508689427981,1663,All annotated,full_gene
Donor1,N,Proliferation_stress,-0.119335863388745,130,All annotated,full_gene
Donor4,N,Proliferation_stress,-0.0742252117903128,455,All annotated,full_gene
Donor2,NNAMPT,Proliferation_stress,-0.0772538809338558,537,All annotated,full_gene
Donor1,NNAMPT,Proliferation_stress,-0.138406862983976,166,All annotated,full_gene
Donor5,N,Proliferation_stress,-0.0608492000110128,133,All annotated,full_gene
Donor3,N,Proliferation_stress,-0.0864166955715269,201,All annotated,full_gene
Donor5,NNAMPT,Proliferation_stress,-0.123542037812222,99,All annotated,full_gene
Donor4,NNAMPT,Proliferation_stress,-0.0782213831626131,540,All annotated,full_gene
Donor2,N,Proliferation_stress,-0.14480967182042,112,All annotated,full_gene
Donor3,NNAMPT,Proliferation_stress,0.0446987602511364,59,All annotated,full_gene
Donor6,NNAMPT,Proliferation_stress,-0.0492534090264547,26,All annotated,full_gene
Donor6,UF,Proliferation_stress,-0.0692679305942837,1972,All annotated,full_gene
Donor3,UF,Proliferation_stress,-0.0152350134007317,3890,All annotated,full_gene
Donor4,UF,Proliferation_stress,-0.0289001566692051,6013,All annotated,full_gene
Donor2,UF,Proliferation_stress,-0.0627538257175479,3019,All annotated,full_gene
Donor4,UN,Proliferation_stress,-0.0161944564036943,2440,All annotated,full_gene
Donor3,UN,Proliferation_stress,0.00924733701471907,4466,All annotated,full_gene
Donor2,UN,Proliferation_stress,-0.0639069641371979,1863,All annotated,full_gene
Donor6,UN,Proliferation_stress,-0.0678955358385668,229,All annotated,full_gene
Donor1,UF,Proliferation_stress,-0.080068098625431,534,All annotated,full_gene
Donor1,UN,Proliferation_stress,0.0352736232255262,221,All annotated,full_gene
Donor5,UF,Proliferation_stress,-0.0420478575712019,149,All annotated,full_gene
Donor5,UN,Proliferation_stress,0.0544201557911699,75,All annotated,full_gene
Donor5,UD,Proliferation_stress,-0.0643265237480213,6764,All annotated,full_gene
Donor1,UA5,Proliferation_stress,-0.0551804034818286,7305,All annotated,full_gene
Donor6,UD,Proliferation_stress,-0.07932636488456,2875,All annotated,full_gene
Donor4,UD,Proliferation_stress,0.0118749569118544,3645,All annotated,full_gene
Donor3,UA5,Proliferation_stress,0.0101411018156968,4000,All annotated,full_gene
Donor3,UD,Proliferation_stress,0.00244918412109692,3339,All annotated,full_gene
Donor4,UA5,Proliferation_stress,0.000803360688170509,3237,All annotated,full_gene
Donor2,UD,Proliferation_stress,-0.0574474665832784,5139,All annotated,full_gene
Donor2,UA5,Proliferation_stress,-0.0445398446106202,5195,All annotated,full_gene
Donor6,UA5,Proliferation_stress,-0.0722544842238693,3261,All annotated,full_gene
Donor1,UD,Proliferation_stress,-0.031135615339893,915,All annotated,full_gene
Donor5,UA5,Proliferation_stress,0.0864774858011416,19,All annotated,full_gene
Donor3,NA5,Proliferation_stress,-0.0418177288320032,6663,All annotated,full_gene
Donor4,CF,Proliferation_stress,-0.0384156172838765,4562,All annotated,full_gene
Donor6,CF,Proliferation_stress,-0.110024841325585,6575,All annotated,full_gene
Donor1,CF,Proliferation_stress,-0.101081094470736,5995,All annotated,full_gene
Donor5,NA5,Proliferation_stress,-0.10127019879711,12415,All annotated,full_gene
Donor2,NA5,Proliferation_stress,-0.0928516357388352,5389,All annotated,full_gene
Donor3,CF,Proliferation_stress,-0.0314711553946532,4923,All annotated,full_gene
Donor4,NA5,Proliferation_stress,-0.0418436511453992,2472,All annotated,full_gene
Donor1,NA5,Proliferation_stress,-0.109730869648195,310,All annotated,full_gene
Donor2,CF,Proliferation_stress,0.0914939282285548,61,All annotated,full_gene
Donor5,CF,Proliferation_stress,-0.00166358318904265,34,All annotated,full_gene
Donor6,NA5,Proliferation_stress,-0.0216683769363353,3,All annotated,full_gene
Donor6,N,Integrin_adhesion,-0.226304137569972,1663,All annotated,full_gene
Donor1,N,Integrin_adhesion,-0.242566237604849,130,All annotated,full_gene
Donor4,N,Integrin_adhesion,-0.217522015967433,455,All annotated,full_gene
Donor2,NNAMPT,Integrin_adhesion,-0.262365560912427,537,All annotated,full_gene
Donor1,NNAMPT,Integrin_adhesion,-0.267930407824967,166,All annotated,full_gene
Donor5,N,Integrin_adhesion,-0.257816007627858,133,All annotated,full_gene
Donor3,N,Integrin_adhesion,-0.17047673636738,201,All annotated,full_gene
Donor5,NNAMPT,Integrin_adhesion,-0.269468863480858,99,All annotated,full_gene
Donor4,NNAMPT,Integrin_adhesion,-0.221195420618453,540,All annotated,full_gene
Donor2,N,Integrin_adhesion,-0.219342715813463,112,All annotated,full_gene
Donor3,NNAMPT,Integrin_adhesion,-0.0574596898973036,59,All annotated,full_gene
Donor6,NNAMPT,Integrin_adhesion,-0.2233259273143,26,All annotated,full_gene
Donor6,UF,Integrin_adhesion,-0.230360818977624,1972,All annotated,full_gene
Donor3,UF,Integrin_adhesion,-0.0186333059105581,3890,All annotated,full_gene
Donor4,UF,Integrin_adhesion,-0.052958493037833,6013,All annotated,full_gene
Donor2,UF,Integrin_adhesion,-0.212737502202615,3019,All annotated,full_gene
Donor4,UN,Integrin_adhesion,-0.0730747115902655,2440,All annotated,full_gene
Donor3,UN,Integrin_adhesion,-0.0159925832836041,4466,All annotated,full_gene
Donor2,UN,Integrin_adhesion,-0.205743560972784,1863,All annotated,full_gene
Donor6,UN,Integrin_adhesion,-0.196744119675128,229,All annotated,full_gene
Donor1,UF,Integrin_adhesion,-0.20121495864994,534,All annotated,full_gene
Donor1,UN,Integrin_adhesion,-0.213235855467068,221,All annotated,full_gene
Donor5,UF,Integrin_adhesion,-0.252808428948772,149,All annotated,full_gene
Donor5,UN,Integrin_adhesion,-0.196579602007142,75,All annotated,full_gene
Donor5,UD,Integrin_adhesion,-0.254158648069616,6764,All annotated,full_gene
Donor1,UA5,Integrin_adhesion,-0.239060771339357,7305,All annotated,full_gene
Donor6,UD,Integrin_adhesion,-0.256973503748104,2875,All annotated,full_gene
Donor4,UD,Integrin_adhesion,-0.0444028720993786,3645,All annotated,full_gene
Donor3,UA5,Integrin_adhesion,-0.0438838835492112,4000,All annotated,full_gene
Donor3,UD,Integrin_adhesion,-0.0716538887185976,3339,All annotated,full_gene
Donor4,UA5,Integrin_adhesion,-0.0650767039219426,3237,All annotated,full_gene
Donor2,UD,Integrin_adhesion,-0.242305353467093,5139,All annotated,full_gene
Donor2,UA5,Integrin_adhesion,-0.243522275439343,5195,All annotated,full_gene
Donor6,UA5,Integrin_adhesion,-0.260581868804532,3261,All annotated,full_gene
Donor1,UD,Integrin_adhesion,-0.211724656440065,915,All annotated,full_gene
Donor5,UA5,Integrin_adhesion,-0.268457506365121,19,All annotated,full_gene
Donor3,NA5,Integrin_adhesion,0.0201917968358061,6663,All annotated,full_gene
Donor4,CF,Integrin_adhesion,0.0466183231704801,4562,All annotated,full_gene
Donor6,CF,Integrin_adhesion,-0.220724401779446,6575,All annotated,full_gene
Donor1,CF,Integrin_adhesion,-0.20164378030533,5995,All annotated,full_gene
Donor5,NA5,Integrin_adhesion,-0.209194143605529,12415,All annotated,full_gene
Donor2,NA5,Integrin_adhesion,-0.20810517801671,5389,All annotated,full_gene
Donor3,CF,Integrin_adhesion,0.074281276952564,4923,All annotated,full_gene
Donor4,NA5,Integrin_adhesion,0.0657057583212708,2472,All annotated,full_gene
Donor1,NA5,Integrin_adhesion,-0.181674404452188,310,All annotated,full_gene
Donor2,CF,Integrin_adhesion,-0.170188654194286,61,All annotated,full_gene
Donor5,CF,Integrin_adhesion,0.0187909854358286,34,All annotated,full_gene
Donor6,NA5,Integrin_adhesion,0.425268703886076,3,All annotated,full_gene
Donor6,N,CXCR4_aging_retention,-0.561605757804313,1663,All annotated,full_gene
Donor1,N,CXCR4_aging_retention,-0.663960798439839,130,All annotated,full_gene
Donor4,N,CXCR4_aging_retention,-0.499577590389229,455,All annotated,full_gene
Donor2,NNAMPT,CXCR4_aging_retention,-0.597112504498939,537,All annotated,full_gene
Donor1,NNAMPT,CXCR4_aging_retention,-0.641431159208604,166,All annotated,full_gene
Donor5,N,CXCR4_aging_retention,-0.616743531140423,133,All annotated,full_gene
Donor3,N,CXCR4_aging_retention,-0.378452612048216,201,All annotated,full_gene
Donor5,NNAMPT,CXCR4_aging_retention,-0.631896364510425,99,All annotated,full_gene
Donor4,NNAMPT,CXCR4_aging_retention,-0.500497919283652,540,All annotated,full_gene
Donor2,N,CXCR4_aging_retention,-0.606773263092483,112,All annotated,full_gene
Donor3,NNAMPT,CXCR4_aging_retention,-0.086209935233387,59,All annotated,full_gene
Donor6,NNAMPT,CXCR4_aging_retention,-0.714894434333145,26,All annotated,full_gene
Donor6,UF,CXCR4_aging_retention,-0.615007263034694,1972,All annotated,full_gene
Donor3,UF,CXCR4_aging_retention,-0.0574575065858186,3890,All annotated,full_gene
Donor4,UF,CXCR4_aging_retention,-0.157577002836622,6013,All annotated,full_gene
Donor2,UF,CXCR4_aging_retention,-0.541452210945655,3019,All annotated,full_gene
Donor4,UN,CXCR4_aging_retention,-0.119776806113092,2440,All annotated,full_gene
Donor3,UN,CXCR4_aging_retention,-0.0394352100325479,4466,All annotated,full_gene
Donor2,UN,CXCR4_aging_retention,-0.536960084134794,1863,All annotated,full_gene
Donor6,UN,CXCR4_aging_retention,-0.569067787321959,229,All annotated,full_gene
Donor1,UF,CXCR4_aging_retention,-0.532011344320459,534,All annotated,full_gene
Donor1,UN,CXCR4_aging_retention,-0.413696053153557,221,All annotated,full_gene
Donor5,UF,CXCR4_aging_retention,-0.58888968676029,149,All annotated,full_gene
Donor5,UN,CXCR4_aging_retention,-0.506083321074031,75,All annotated,full_gene
Donor5,UD,CXCR4_aging_retention,-0.642800934848753,6764,All annotated,full_gene
Donor1,UA5,CXCR4_aging_retention,-0.624258085824627,7305,All annotated,full_gene
Donor6,UD,CXCR4_aging_retention,-0.647423605867967,2875,All annotated,full_gene
Donor4,UD,CXCR4_aging_retention,-0.179262632259794,3645,All annotated,full_gene
Donor3,UA5,CXCR4_aging_retention,-0.221234840885474,4000,All annotated,full_gene
Donor3,UD,CXCR4_aging_retention,-0.280351987954328,3339,All annotated,full_gene
Donor4,UA5,CXCR4_aging_retention,-0.261888600307174,3237,All annotated,full_gene
Donor2,UD,CXCR4_aging_retention,-0.634611291902874,5139,All annotated,full_gene
Donor2,UA5,CXCR4_aging_retention,-0.625563065122203,5195,All annotated,full_gene
Donor6,UA5,CXCR4_aging_retention,-0.664332129588992,3261,All annotated,full_gene
Donor1,UD,CXCR4_aging_retention,-0.588334828322784,915,All annotated,full_gene
Donor5,UA5,CXCR4_aging_retention,-0.767568003435357,19,All annotated,full_gene
Donor3,NA5,CXCR4_aging_retention,-0.00110004020431224,6663,All annotated,full_gene
Donor4,CF,CXCR4_aging_retention,0.0271939986290163,4562,All annotated,full_gene
Donor6,CF,CXCR4_aging_retention,-0.60351559078445,6575,All annotated,full_gene
Donor1,CF,CXCR4_aging_retention,-0.574810989218263,5995,All annotated,full_gene
Donor5,NA5,CXCR4_aging_retention,-0.589289290525671,12415,All annotated,full_gene
Donor2,NA5,CXCR4_aging_retention,-0.571571790973156,5389,All annotated,full_gene
Donor3,CF,CXCR4_aging_retention,0.103942513132376,4923,All annotated,full_gene
Donor4,NA5,CXCR4_aging_retention,0.0905791051607256,2472,All annotated,full_gene
Donor1,NA5,CXCR4_aging_retention,-0.565242722440114,310,All annotated,full_gene
Donor2,CF,CXCR4_aging_retention,-0.481223088059251,61,All annotated,full_gene
Donor5,CF,CXCR4_aging_retention,-0.335908881000707,34,All annotated,full_gene
Donor6,NA5,CXCR4_aging_retention,-0.148676943282713,3,All annotated,full_gene
Donor1,N,NETosis,-0.0724718761395462,38,Resolved; >=100 genes,full_gene
Donor6,N,NETosis,-0.0184881620748614,584,Resolved; >=100 genes,full_gene
Donor5,NNAMPT,NETosis,-0.139292094548721,24,Resolved; >=100 genes,full_gene
Donor2,NNAMPT,NETosis,-0.0766388616178033,141,Resolved; >=100 genes,full_gene
Donor1,NNAMPT,NETosis,-0.139421297170034,43,Resolved; >=100 genes,full_gene
Donor4,NNAMPT,NETosis,0.0416545699501837,173,Resolved; >=100 genes,full_gene
Donor4,N,NETosis,-0.0300179203911538,177,Resolved; >=100 genes,full_gene
Donor5,N,NETosis,-0.124199800996868,42,Resolved; >=100 genes,full_gene
Donor3,N,NETosis,0.0675478136105944,91,Resolved; >=100 genes,full_gene
Donor3,NNAMPT,NETosis,0.193472680173571,33,Resolved; >=100 genes,full_gene
Donor2,N,NETosis,-0.0987827682949777,31,Resolved; >=100 genes,full_gene
Donor6,NNAMPT,NETosis,-0.187905956433942,8,Resolved; >=100 genes,full_gene
Donor4,UF,NETosis,0.0612752592819467,3335,Resolved; >=100 genes,full_gene
Donor4,UN,NETosis,0.11017668671734,1196,Resolved; >=100 genes,full_gene
Donor3,UN,NETosis,0.0665539437050805,2516,Resolved; >=100 genes,full_gene
Donor2,UF,NETosis,0.0389902771603781,653,Resolved; >=100 genes,full_gene
Donor3,UF,NETosis,0.0572980496520253,2322,Resolved; >=100 genes,full_gene
Donor2,UN,NETosis,0.0612098392519786,418,Resolved; >=100 genes,full_gene
Donor6,UF,NETosis,0.0344318342979473,323,Resolved; >=100 genes,full_gene
Donor1,UF,NETosis,0.0457570603706552,126,Resolved; >=100 genes,full_gene
Donor1,UN,NETosis,0.0125945705271196,86,Resolved; >=100 genes,full_gene
Donor5,UF,NETosis,0.128438765125079,25,Resolved; >=100 genes,full_gene
Donor6,UN,NETosis,0.035979912405927,51,Resolved; >=100 genes,full_gene
Donor5,UN,NETosis,0.0813041016768893,24,Resolved; >=100 genes,full_gene
Donor4,UD,NETosis,0.145191654754014,1835,Resolved; >=100 genes,full_gene
Donor4,UA5,NETosis,0.145643409614921,1568,Resolved; >=100 genes,full_gene
Donor5,UD,NETosis,0.00505767179840606,1119,Resolved; >=100 genes,full_gene
Donor2,UD,NETosis,0.00659790704393104,874,Resolved; >=100 genes,full_gene
Donor3,UA5,NETosis,0.109222439883504,2043,Resolved; >=100 genes,full_gene
Donor2,UA5,NETosis,0.0550790513820742,876,Resolved; >=100 genes,full_gene
Donor6,UD,NETosis,-0.00303121221807829,455,Resolved; >=100 genes,full_gene
Donor1,UA5,NETosis,0.0199040577488502,1307,Resolved; >=100 genes,full_gene
Donor3,UD,NETosis,0.0687777625901821,1499,Resolved; >=100 genes,full_gene
Donor6,UA5,NETosis,-0.0315809198350719,498,Resolved; >=100 genes,full_gene
Donor1,UD,NETosis,0.0255201843417266,191,Resolved; >=100 genes,full_gene
Donor5,UA5,NETosis,-0.0714959157849628,4,Resolved; >=100 genes,full_gene
Donor4,CF,NETosis,0.138038809642016,2817,Resolved; >=100 genes,full_gene
Donor3,NA5,NETosis,0.145597178296792,3826,Resolved; >=100 genes,full_gene
Donor2,NA5,NETosis,0.0637994556045725,996,Resolved; >=100 genes,full_gene
Donor5,NA5,NETosis,0.0632037146487712,2164,Resolved; >=100 genes,full_gene
Donor3,CF,NETosis,0.163944980406927,3316,Resolved; >=100 genes,full_gene
Donor6,CF,NETosis,0.0284498388848127,1091,Resolved; >=100 genes,full_gene
Donor1,CF,NETosis,0.0636256877609668,1097,Resolved; >=100 genes,full_gene
Donor4,NA5,NETosis,0.126488521069547,1557,Resolved; >=100 genes,full_gene
Donor1,NA5,NETosis,0.0710520555085314,66,Resolved; >=100 genes,full_gene
Donor5,CF,NETosis,0.146846132951373,11,Resolved; >=100 genes,full_gene
Donor2,CF,NETosis,-0.119578788958488,22,Resolved; >=100 genes,full_gene
Donor6,NA5,NETosis,0.27371199912597,1,Resolved; >=100 genes,full_gene
Donor1,N,Degranulation,-0.0783376738014607,38,Resolved; >=100 genes,full_gene
Donor6,N,Degranulation,0.209524705936355,584,Resolved; >=100 genes,full_gene
Donor5,NNAMPT,Degranulation,-0.0547314240055293,24,Resolved; >=100 genes,full_gene
Donor2,NNAMPT,Degranulation,0.0322880943726091,141,Resolved; >=100 genes,full_gene
Donor1,NNAMPT,Degranulation,-0.113187536950327,43,Resolved; >=100 genes,full_gene
Donor4,NNAMPT,Degranulation,0.130656667856415,173,Resolved; >=100 genes,full_gene
Donor4,N,Degranulation,0.0616944751710379,177,Resolved; >=100 genes,full_gene
Donor5,N,Degranulation,-0.073582690930438,42,Resolved; >=100 genes,full_gene
Donor3,N,Degranulation,0.195614787513167,91,Resolved; >=100 genes,full_gene
Donor3,NNAMPT,Degranulation,0.161258103233955,33,Resolved; >=100 genes,full_gene
Donor2,N,Degranulation,-0.0937683733344506,31,Resolved; >=100 genes,full_gene
Donor6,NNAMPT,Degranulation,0.0392213863681432,8,Resolved; >=100 genes,full_gene
Donor4,UF,Degranulation,-0.0155899423259045,3335,Resolved; >=100 genes,full_gene
Donor4,UN,Degranulation,0.0686144942616168,1196,Resolved; >=100 genes,full_gene
Donor3,UN,Degranulation,0.0153703509894781,2516,Resolved; >=100 genes,full_gene
Donor2,UF,Degranulation,0.0303633878868564,653,Resolved; >=100 genes,full_gene
Donor3,UF,Degranulation,-0.00397476028966394,2322,Resolved; >=100 genes,full_gene
Donor2,UN,Degranulation,0.0666127164454423,418,Resolved; >=100 genes,full_gene
Donor6,UF,Degranulation,0.0173184813267515,323,Resolved; >=100 genes,full_gene
Donor1,UF,Degranulation,0.0113764656476035,126,Resolved; >=100 genes,full_gene
Donor1,UN,Degranulation,-0.00986088654210169,86,Resolved; >=100 genes,full_gene
Donor5,UF,Degranulation,-0.0233177244177695,25,Resolved; >=100 genes,full_gene
Donor6,UN,Degranulation,-0.0450414558437161,51,Resolved; >=100 genes,full_gene
Donor5,UN,Degranulation,-0.148856295924462,24,Resolved; >=100 genes,full_gene
Donor4,UD,Degranulation,0.0865815374632422,1835,Resolved; >=100 genes,full_gene
Donor4,UA5,Degranulation,0.0509600658928385,1568,Resolved; >=100 genes,full_gene
Donor5,UD,Degranulation,0.0871873569580901,1119,Resolved; >=100 genes,full_gene
Donor2,UD,Degranulation,0.0570667879563381,874,Resolved; >=100 genes,full_gene
Donor3,UA5,Degranulation,0.0610690570828263,2043,Resolved; >=100 genes,full_gene
Donor2,UA5,Degranulation,0.087851518497195,876,Resolved; >=100 genes,full_gene
Donor6,UD,Degranulation,0.10198342853266,455,Resolved; >=100 genes,full_gene
Donor1,UA5,Degranulation,0.0691511717781005,1307,Resolved; >=100 genes,full_gene
Donor3,UD,Degranulation,0.0537302294531577,1499,Resolved; >=100 genes,full_gene
Donor6,UA5,Degranulation,0.061925301344904,498,Resolved; >=100 genes,full_gene
Donor1,UD,Degranulation,0.142483784441537,191,Resolved; >=100 genes,full_gene
Donor5,UA5,Degranulation,-0.151473914730994,4,Resolved; >=100 genes,full_gene
Donor4,CF,Degranulation,0.0443074116878201,2817,Resolved; >=100 genes,full_gene
Donor3,NA5,Degranulation,0.051806153843873,3826,Resolved; >=100 genes,full_gene
Donor2,NA5,Degranulation,0.0295947298351882,996,Resolved; >=100 genes,full_gene
Donor5,NA5,Degranulation,0.0264400303424168,2164,Resolved; >=100 genes,full_gene
Donor3,CF,Degranulation,0.0555761366771436,3316,Resolved; >=100 genes,full_gene
Donor6,CF,Degranulation,0.00551489126074697,1091,Resolved; >=100 genes,full_gene
Donor1,CF,Degranulation,0.0380263047957358,1097,Resolved; >=100 genes,full_gene
Donor4,NA5,Degranulation,0.0485638125354532,1557,Resolved; >=100 genes,full_gene
Donor1,NA5,Degranulation,0.0188180640014805,66,Resolved; >=100 genes,full_gene
Donor5,CF,Degranulation,0.143497706311117,11,Resolved; >=100 genes,full_gene
Donor2,CF,Degranulation,-0.0280948930858412,22,Resolved; >=100 genes,full_gene
Donor6,NA5,Degranulation,0.172333167803168,1,Resolved; >=100 genes,full_gene
Donor1,N,Oxidative_burst,-0.136996943208404,38,Resolved; >=100 genes,full_gene
Donor6,N,Oxidative_burst,-0.163514327911145,584,Resolved; >=100 genes,full_gene
Donor5,NNAMPT,Oxidative_burst,-0.288676031107054,24,Resolved; >=100 genes,full_gene
Donor2,NNAMPT,Oxidative_burst,-0.176439270397143,141,Resolved; >=100 genes,full_gene
Donor1,NNAMPT,Oxidative_burst,-0.206019419941582,43,Resolved; >=100 genes,full_gene
Donor4,NNAMPT,Oxidative_burst,-0.121568211010811,173,Resolved; >=100 genes,full_gene
Donor4,N,Oxidative_burst,-0.0408624236049017,177,Resolved; >=100 genes,full_gene
Donor5,N,Oxidative_burst,-0.243476058182216,42,Resolved; >=100 genes,full_gene
Donor3,N,Oxidative_burst,0.00196856634593481,91,Resolved; >=100 genes,full_gene
Donor3,NNAMPT,Oxidative_burst,-0.0292815862570123,33,Resolved; >=100 genes,full_gene
Donor2,N,Oxidative_burst,-0.166136145745206,31,Resolved; >=100 genes,full_gene
Donor6,NNAMPT,Oxidative_burst,-0.341812834880546,8,Resolved; >=100 genes,full_gene
Donor4,UF,Oxidative_burst,0.108627366276601,3335,Resolved; >=100 genes,full_gene
Donor4,UN,Oxidative_burst,0.176028147285439,1196,Resolved; >=100 genes,full_gene
Donor3,UN,Oxidative_burst,0.095178296364292,2516,Resolved; >=100 genes,full_gene
Donor2,UF,Oxidative_burst,0.0749711151512464,653,Resolved; >=100 genes,full_gene
Donor3,UF,Oxidative_burst,0.10590757114549,2322,Resolved; >=100 genes,full_gene
Donor2,UN,Oxidative_burst,0.0917024602464213,418,Resolved; >=100 genes,full_gene
Donor6,UF,Oxidative_burst,0.0524940068539722,323,Resolved; >=100 genes,full_gene
Donor1,UF,Oxidative_burst,0.113630623995283,126,Resolved; >=100 genes,full_gene
Donor1,UN,Oxidative_burst,0.0959531076305126,86,Resolved; >=100 genes,full_gene
Donor5,UF,Oxidative_burst,0.285638562834992,25,Resolved; >=100 genes,full_gene
Donor6,UN,Oxidative_burst,0.0617626113574169,51,Resolved; >=100 genes,full_gene
Donor5,UN,Oxidative_burst,0.364502010474181,24,Resolved; >=100 genes,full_gene
Donor4,UD,Oxidative_burst,0.171006509673405,1835,Resolved; >=100 genes,full_gene
Donor4,UA5,Oxidative_burst,0.205624982929973,1568,Resolved; >=100 genes,full_gene
Donor5,UD,Oxidative_burst,-0.0827344601268747,1119,Resolved; >=100 genes,full_gene
Donor2,UD,Oxidative_burst,-0.0876917493615391,874,Resolved; >=100 genes,full_gene
Donor3,UA5,Oxidative_burst,0.154879338469732,2043,Resolved; >=100 genes,full_gene
Donor2,UA5,Oxidative_burst,-0.0463248890780722,876,Resolved; >=100 genes,full_gene
Donor6,UD,Oxidative_burst,-0.116222081155091,455,Resolved; >=100 genes,full_gene
Donor1,UA5,Oxidative_burst,-0.0448368991750155,1307,Resolved; >=100 genes,full_gene
Donor3,UD,Oxidative_burst,0.0709039073500376,1499,Resolved; >=100 genes,full_gene
Donor6,UA5,Oxidative_burst,-0.159490820895513,498,Resolved; >=100 genes,full_gene
Donor1,UD,Oxidative_burst,0.0533154533805635,191,Resolved; >=100 genes,full_gene
Donor5,UA5,Oxidative_burst,0.0464039363807557,4,Resolved; >=100 genes,full_gene
Donor4,CF,Oxidative_burst,0.217615658748128,2817,Resolved; >=100 genes,full_gene
Donor3,NA5,Oxidative_burst,0.214002143197703,3826,Resolved; >=100 genes,full_gene
Donor2,NA5,Oxidative_burst,0.0645019074560714,996,Resolved; >=100 genes,full_gene
Donor5,NA5,Oxidative_burst,0.066515263816187,2164,Resolved; >=100 genes,full_gene
Donor3,CF,Oxidative_burst,0.238095389650231,3316,Resolved; >=100 genes,full_gene
Donor6,CF,Oxidative_burst,0.0216205424587677,1091,Resolved; >=100 genes,full_gene
Donor1,CF,Oxidative_burst,0.0742477014454021,1097,Resolved; >=100 genes,full_gene
Donor4,NA5,Oxidative_burst,0.197921572416656,1557,Resolved; >=100 genes,full_gene
Donor1,NA5,Oxidative_burst,0.0903791013106777,66,Resolved; >=100 genes,full_gene
Donor5,CF,Oxidative_burst,0.281425694143446,11,Resolved; >=100 genes,full_gene
Donor2,CF,Oxidative_burst,-0.0196133437432211,22,Resolved; >=100 genes,full_gene
Donor6,NA5,Oxidative_burst,1.03848799113541,1,Resolved; >=100 genes,full_gene
Donor1,N,Phagocytosis,-0.30634441976143,38,Resolved; >=100 genes,full_gene
Donor6,N,Phagocytosis,-0.288634390696329,584,Resolved; >=100 genes,full_gene
Donor5,NNAMPT,Phagocytosis,-0.33915045959718,24,Resolved; >=100 genes,full_gene
Donor2,NNAMPT,Phagocytosis,-0.302544371376987,141,Resolved; >=100 genes,full_gene
Donor1,NNAMPT,Phagocytosis,-0.279274153438868,43,Resolved; >=100 genes,full_gene
Donor4,NNAMPT,Phagocytosis,-0.199466799614902,173,Resolved; >=100 genes,full_gene
Donor4,N,Phagocytosis,-0.182712029552432,177,Resolved; >=100 genes,full_gene
Donor5,N,Phagocytosis,-0.342943293191955,42,Resolved; >=100 genes,full_gene
Donor3,N,Phagocytosis,-0.115733721192128,91,Resolved; >=100 genes,full_gene
Donor3,NNAMPT,Phagocytosis,0.0861839039349733,33,Resolved; >=100 genes,full_gene
Donor2,N,Phagocytosis,-0.28702728775586,31,Resolved; >=100 genes,full_gene
Donor6,NNAMPT,Phagocytosis,-0.454996422623812,8,Resolved; >=100 genes,full_gene
Donor4,UF,Phagocytosis,0.16655683400585,3335,Resolved; >=100 genes,full_gene
Donor4,UN,Phagocytosis,0.275203137585726,1196,Resolved; >=100 genes,full_gene
Donor3,UN,Phagocytosis,0.208139675798907,2516,Resolved; >=100 genes,full_gene
Donor2,UF,Phagocytosis,0.158642298714281,653,Resolved; >=100 genes,full_gene
Donor3,UF,Phagocytosis,0.19300272867941,2322,Resolved; >=100 genes,full_gene
Donor2,UN,Phagocytosis,0.125853648605729,418,Resolved; >=100 genes,full_gene
Donor6,UF,Phagocytosis,0.0926721320923647,323,Resolved; >=100 genes,full_gene
Donor1,UF,Phagocytosis,0.167851567693492,126,Resolved; >=100 genes,full_gene
Donor1,UN,Phagocytosis,0.116836684070662,86,Resolved; >=100 genes,full_gene
Donor5,UF,Phagocytosis,0.27523903048069,25,Resolved; >=100 genes,full_gene
Donor6,UN,Phagocytosis,0.0889480526021074,51,Resolved; >=100 genes,full_gene
Donor5,UN,Phagocytosis,0.194033218812732,24,Resolved; >=100 genes,full_gene
Donor4,UD,Phagocytosis,0.229067763781743,1835,Resolved; >=100 genes,full_gene
Donor4,UA5,Phagocytosis,0.203643939881266,1568,Resolved; >=100 genes,full_gene
Donor5,UD,Phagocytosis,-0.0893268663997053,1119,Resolved; >=100 genes,full_gene
Donor2,UD,Phagocytosis,-0.0840623755739953,874,Resolved; >=100 genes,full_gene
Donor3,UA5,Phagocytosis,0.187685836038382,2043,Resolved; >=100 genes,full_gene
Donor2,UA5,Phagocytosis,-0.0415890352965121,876,Resolved; >=100 genes,full_gene
Donor6,UD,Phagocytosis,-0.142314252238179,455,Resolved; >=100 genes,full_gene
Donor1,UA5,Phagocytosis,-0.0430222021005883,1307,Resolved; >=100 genes,full_gene
Donor3,UD,Phagocytosis,0.151918945377785,1499,Resolved; >=100 genes,full_gene
Donor6,UA5,Phagocytosis,-0.14907157232992,498,Resolved; >=100 genes,full_gene
Donor1,UD,Phagocytosis,0.0539743930547225,191,Resolved; >=100 genes,full_gene
Donor5,UA5,Phagocytosis,0.006899782207552,4,Resolved; >=100 genes,full_gene
Donor4,CF,Phagocytosis,0.325442822212735,2817,Resolved; >=100 genes,full_gene
Donor3,NA5,Phagocytosis,0.326822731616977,3826,Resolved; >=100 genes,full_gene
Donor2,NA5,Phagocytosis,0.14119005377311,996,Resolved; >=100 genes,full_gene
Donor5,NA5,Phagocytosis,0.143791138418752,2164,Resolved; >=100 genes,full_gene
Donor3,CF,Phagocytosis,0.341480532729444,3316,Resolved; >=100 genes,full_gene
Donor6,CF,Phagocytosis,0.128783688712064,1091,Resolved; >=100 genes,full_gene
Donor1,CF,Phagocytosis,0.159056917299335,1097,Resolved; >=100 genes,full_gene
Donor4,NA5,Phagocytosis,0.322430672499299,1557,Resolved; >=100 genes,full_gene
Donor1,NA5,Phagocytosis,0.21507271955252,66,Resolved; >=100 genes,full_gene
Donor5,CF,Phagocytosis,0.30708868151777,11,Resolved; >=100 genes,full_gene
Donor2,CF,Phagocytosis,0.0527872848176682,22,Resolved; >=100 genes,full_gene
Donor6,NA5,Phagocytosis,0.730054642684113,1,Resolved; >=100 genes,full_gene
Donor1,N,Chemotaxis,-0.257138393198683,38,Resolved; >=100 genes,full_gene
Donor6,N,Chemotaxis,-0.283615043020426,584,Resolved; >=100 genes,full_gene
Donor5,NNAMPT,Chemotaxis,-0.243424137673881,24,Resolved; >=100 genes,full_gene
Donor2,NNAMPT,Chemotaxis,-0.290856072398294,141,Resolved; >=100 genes,full_gene
Donor1,NNAMPT,Chemotaxis,-0.260570443470849,43,Resolved; >=100 genes,full_gene
Donor4,NNAMPT,Chemotaxis,-0.137356174093352,173,Resolved; >=100 genes,full_gene
Donor4,N,Chemotaxis,-0.14116090793328,177,Resolved; >=100 genes,full_gene
Donor5,N,Chemotaxis,-0.311014573550813,42,Resolved; >=100 genes,full_gene
Donor3,N,Chemotaxis,-0.181356023512273,91,Resolved; >=100 genes,full_gene
Donor3,NNAMPT,Chemotaxis,0.160738231762468,33,Resolved; >=100 genes,full_gene
Donor2,N,Chemotaxis,-0.357484967746985,31,Resolved; >=100 genes,full_gene
Donor6,NNAMPT,Chemotaxis,-0.52303488527909,8,Resolved; >=100 genes,full_gene
Donor4,UF,Chemotaxis,0.165706981083585,3335,Resolved; >=100 genes,full_gene
Donor4,UN,Chemotaxis,0.332911389595919,1196,Resolved; >=100 genes,full_gene
Donor3,UN,Chemotaxis,0.260490453834142,2516,Resolved; >=100 genes,full_gene
Donor2,UF,Chemotaxis,0.205244592316146,653,Resolved; >=100 genes,full_gene
Donor3,UF,Chemotaxis,0.210417781996992,2322,Resolved; >=100 genes,full_gene
Donor2,UN,Chemotaxis,0.213461710952401,418,Resolved; >=100 genes,full_gene
Donor6,UF,Chemotaxis,0.150239280153729,323,Resolved; >=100 genes,full_gene
Donor1,UF,Chemotaxis,0.164659140594115,126,Resolved; >=100 genes,full_gene
Donor1,UN,Chemotaxis,0.196150413755078,86,Resolved; >=100 genes,full_gene
Donor5,UF,Chemotaxis,0.301670096682095,25,Resolved; >=100 genes,full_gene
Donor6,UN,Chemotaxis,0.111576945180886,51,Resolved; >=100 genes,full_gene
Donor5,UN,Chemotaxis,0.234296539944723,24,Resolved; >=100 genes,full_gene
Donor4,UD,Chemotaxis,0.219566152629208,1835,Resolved; >=100 genes,full_gene
Donor4,UA5,Chemotaxis,0.138033454897168,1568,Resolved; >=100 genes,full_gene
Donor5,UD,Chemotaxis,-0.0796815822062466,1119,Resolved; >=100 genes,full_gene
Donor2,UD,Chemotaxis,-0.0517879202476368,874,Resolved; >=100 genes,full_gene
Donor3,UA5,Chemotaxis,0.141441137499813,2043,Resolved; >=100 genes,full_gene
Donor2,UA5,Chemotaxis,-0.0162333259684181,876,Resolved; >=100 genes,full_gene
Donor6,UD,Chemotaxis,-0.113707981727756,455,Resolved; >=100 genes,full_gene
Donor1,UA5,Chemotaxis,-0.0260797569891808,1307,Resolved; >=100 genes,full_gene
Donor3,UD,Chemotaxis,0.107947950486142,1499,Resolved; >=100 genes,full_gene
Donor6,UA5,Chemotaxis,-0.143118863210294,498,Resolved; >=100 genes,full_gene
Donor1,UD,Chemotaxis,0.0667483028168673,191,Resolved; >=100 genes,full_gene
Donor5,UA5,Chemotaxis,-0.171906238063758,4,Resolved; >=100 genes,full_gene
Donor4,CF,Chemotaxis,0.261182905182031,2817,Resolved; >=100 genes,full_gene
Donor3,NA5,Chemotaxis,0.321778621137535,3826,Resolved; >=100 genes,full_gene
Donor2,NA5,Chemotaxis,0.15301961576185,996,Resolved; >=100 genes,full_gene
Donor5,NA5,Chemotaxis,0.130776933964664,2164,Resolved; >=100 genes,full_gene
Donor3,CF,Chemotaxis,0.285477160847932,3316,Resolved; >=100 genes,full_gene
Donor6,CF,Chemotaxis,0.128283643515131,1091,Resolved; >=100 genes,full_gene
Donor1,CF,Chemotaxis,0.1493788591276,1097,Resolved; >=100 genes,full_gene
Donor4,NA5,Chemotaxis,0.305491420725862,1557,Resolved; >=100 genes,full_gene
Donor1,NA5,Chemotaxis,0.261535785522626,66,Resolved; >=100 genes,full_gene
Donor5,CF,Chemotaxis,0.260373218656239,11,Resolved; >=100 genes,full_gene
Donor2,CF,Chemotaxis,0.057423827646002,22,Resolved; >=100 genes,full_gene
Donor6,NA5,Chemotaxis,0.307440755698618,1,Resolved; >=100 genes,full_gene
Donor1,N,OSM_inflammation,-0.202312189894696,38,Resolved; >=100 genes,full_gene
Donor6,N,OSM_inflammation,-0.280469513303326,584,Resolved; >=100 genes,full_gene
Donor5,NNAMPT,OSM_inflammation,-0.258379796718143,24,Resolved; >=100 genes,full_gene
Donor2,NNAMPT,OSM_inflammation,-0.295325234079559,141,Resolved; >=100 genes,full_gene
Donor1,NNAMPT,OSM_inflammation,-0.290250157460653,43,Resolved; >=100 genes,full_gene
Donor4,NNAMPT,OSM_inflammation,-0.237399919058744,173,Resolved; >=100 genes,full_gene
Donor4,N,OSM_inflammation,-0.111000423452943,177,Resolved; >=100 genes,full_gene
Donor5,N,OSM_inflammation,-0.323418730326426,42,Resolved; >=100 genes,full_gene
Donor3,N,OSM_inflammation,-0.0957394978768896,91,Resolved; >=100 genes,full_gene
Donor3,NNAMPT,OSM_inflammation,-0.0115696087416675,33,Resolved; >=100 genes,full_gene
Donor2,N,OSM_inflammation,-0.248962319675922,31,Resolved; >=100 genes,full_gene
Donor6,NNAMPT,OSM_inflammation,-0.314133616238373,8,Resolved; >=100 genes,full_gene
Donor4,UF,OSM_inflammation,0.360802530955866,3335,Resolved; >=100 genes,full_gene
Donor4,UN,OSM_inflammation,0.20798051011722,1196,Resolved; >=100 genes,full_gene
Donor3,UN,OSM_inflammation,0.19648285176273,2516,Resolved; >=100 genes,full_gene
Donor2,UF,OSM_inflammation,0.120135145542723,653,Resolved; >=100 genes,full_gene
Donor3,UF,OSM_inflammation,0.303530895396772,2322,Resolved; >=100 genes,full_gene
Donor2,UN,OSM_inflammation,0.146044909464618,418,Resolved; >=100 genes,full_gene
Donor6,UF,OSM_inflammation,0.123182314745226,323,Resolved; >=100 genes,full_gene
Donor1,UF,OSM_inflammation,0.129608580131505,126,Resolved; >=100 genes,full_gene
Donor1,UN,OSM_inflammation,0.101589009514291,86,Resolved; >=100 genes,full_gene
Donor5,UF,OSM_inflammation,0.0425780512818213,25,Resolved; >=100 genes,full_gene
Donor6,UN,OSM_inflammation,0.0111482003249602,51,Resolved; >=100 genes,full_gene
Donor5,UN,OSM_inflammation,0.0568878666585748,24,Resolved; >=100 genes,full_gene
Donor4,UD,OSM_inflammation,0.270016304592016,1835,Resolved; >=100 genes,full_gene
Donor4,UA5,OSM_inflammation,0.31407857104494,1568,Resolved; >=100 genes,full_gene
Donor5,UD,OSM_inflammation,-0.0256785321960956,1119,Resolved; >=100 genes,full_gene
Donor2,UD,OSM_inflammation,-0.0396129121956966,874,Resolved; >=100 genes,full_gene
Donor3,UA5,OSM_inflammation,0.284362789562714,2043,Resolved; >=100 genes,full_gene
Donor2,UA5,OSM_inflammation,0.0221941736803683,876,Resolved; >=100 genes,full_gene
Donor6,UD,OSM_inflammation,-0.0802724045010034,455,Resolved; >=100 genes,full_gene
Donor1,UA5,OSM_inflammation,0.0349218398716285,1307,Resolved; >=100 genes,full_gene
Donor3,UD,OSM_inflammation,0.162907700460213,1499,Resolved; >=100 genes,full_gene
Donor6,UA5,OSM_inflammation,-0.122000317410893,498,Resolved; >=100 genes,full_gene
Donor1,UD,OSM_inflammation,0.00767660221388829,191,Resolved; >=100 genes,full_gene
Donor5,UA5,OSM_inflammation,-0.149449859501446,4,Resolved; >=100 genes,full_gene
Donor4,CF,OSM_inflammation,0.269952237110945,2817,Resolved; >=100 genes,full_gene
Donor3,NA5,OSM_inflammation,0.255893119031336,3826,Resolved; >=100 genes,full_gene
Donor2,NA5,OSM_inflammation,0.0652491169544463,996,Resolved; >=100 genes,full_gene
Donor5,NA5,OSM_inflammation,0.0778962733278161,2164,Resolved; >=100 genes,full_gene
Donor3,CF,OSM_inflammation,0.316194908389747,3316,Resolved; >=100 genes,full_gene
Donor6,CF,OSM_inflammation,0.0354066940523762,1091,Resolved; >=100 genes,full_gene
Donor1,CF,OSM_inflammation,0.0583914423905383,1097,Resolved; >=100 genes,full_gene
Donor4,NA5,OSM_inflammation,0.229336613028502,1557,Resolved; >=100 genes,full_gene
Donor1,NA5,OSM_inflammation,0.0943885280296317,66,Resolved; >=100 genes,full_gene
Donor5,CF,OSM_inflammation,0.298094046311553,11,Resolved; >=100 genes,full_gene
Donor2,CF,OSM_inflammation,-0.125138741225293,22,Resolved; >=100 genes,full_gene
Donor6,NA5,OSM_inflammation,0.483737444586558,1,Resolved; >=100 genes,full_gene
Donor1,N,Type_I_interferon,0.00199508694272035,38,Resolved; >=100 genes,full_gene
Donor6,N,Type_I_interferon,-0.0380702168924373,584,Resolved; >=100 genes,full_gene
Donor5,NNAMPT,Type_I_interferon,-0.0300347155958152,24,Resolved; >=100 genes,full_gene
Donor2,NNAMPT,Type_I_interferon,-0.0481562034913304,141,Resolved; >=100 genes,full_gene
Donor1,NNAMPT,Type_I_interferon,-0.063245918943713,43,Resolved; >=100 genes,full_gene
Donor4,NNAMPT,Type_I_interferon,0.00685247039477366,173,Resolved; >=100 genes,full_gene
Donor4,N,Type_I_interferon,0.00969030130001749,177,Resolved; >=100 genes,full_gene
Donor5,N,Type_I_interferon,-0.0300482939593589,42,Resolved; >=100 genes,full_gene
Donor3,N,Type_I_interferon,0.0178090095841933,91,Resolved; >=100 genes,full_gene
Donor3,NNAMPT,Type_I_interferon,0.0853361325684951,33,Resolved; >=100 genes,full_gene
Donor2,N,Type_I_interferon,-0.0727535139844364,31,Resolved; >=100 genes,full_gene
Donor6,NNAMPT,Type_I_interferon,-0.0971180475145722,8,Resolved; >=100 genes,full_gene
Donor4,UF,Type_I_interferon,0.00833693360527497,3335,Resolved; >=100 genes,full_gene
Donor4,UN,Type_I_interferon,0.0260678767478294,1196,Resolved; >=100 genes,full_gene
Donor3,UN,Type_I_interferon,0.0503820266144277,2516,Resolved; >=100 genes,full_gene
Donor2,UF,Type_I_interferon,0.0169797474210766,653,Resolved; >=100 genes,full_gene
Donor3,UF,Type_I_interferon,0.0458562768656442,2322,Resolved; >=100 genes,full_gene
Donor2,UN,Type_I_interferon,0.0359504348826684,418,Resolved; >=100 genes,full_gene
Donor6,UF,Type_I_interferon,0.0425453769605883,323,Resolved; >=100 genes,full_gene
Donor1,UF,Type_I_interferon,0.00389675617214913,126,Resolved; >=100 genes,full_gene
Donor1,UN,Type_I_interferon,0.116173765575658,86,Resolved; >=100 genes,full_gene
Donor5,UF,Type_I_interferon,-0.0680283696957475,25,Resolved; >=100 genes,full_gene
Donor6,UN,Type_I_interferon,0.0154881982042282,51,Resolved; >=100 genes,full_gene
Donor5,UN,Type_I_interferon,-0.0769799218914246,24,Resolved; >=100 genes,full_gene
Donor4,UD,Type_I_interferon,0.052275809689195,1835,Resolved; >=100 genes,full_gene
Donor4,UA5,Type_I_interferon,0.0463081662381402,1568,Resolved; >=100 genes,full_gene
Donor5,UD,Type_I_interferon,0.0115316857104068,1119,Resolved; >=100 genes,full_gene
Donor2,UD,Type_I_interferon,-0.0153790989761545,874,Resolved; >=100 genes,full_gene
Donor3,UA5,Type_I_interferon,0.0562789029575554,2043,Resolved; >=100 genes,full_gene
Donor2,UA5,Type_I_interferon,0.0305887161380151,876,Resolved; >=100 genes,full_gene
Donor6,UD,Type_I_interferon,-0.0151564064227391,455,Resolved; >=100 genes,full_gene
Donor1,UA5,Type_I_interferon,0.0137464762052804,1307,Resolved; >=100 genes,full_gene
Donor3,UD,Type_I_interferon,0.0573913074265782,1499,Resolved; >=100 genes,full_gene
Donor6,UA5,Type_I_interferon,-0.0230544219677307,498,Resolved; >=100 genes,full_gene
Donor1,UD,Type_I_interferon,0.0358468267156592,191,Resolved; >=100 genes,full_gene
Donor5,UA5,Type_I_interferon,-0.00989938614101299,4,Resolved; >=100 genes,full_gene
Donor4,CF,Type_I_interferon,0.0499640606512103,2817,Resolved; >=100 genes,full_gene
Donor3,NA5,Type_I_interferon,0.059398717274289,3826,Resolved; >=100 genes,full_gene
Donor2,NA5,Type_I_interferon,0.018841234582932,996,Resolved; >=100 genes,full_gene
Donor5,NA5,Type_I_interferon,0.0315486780938983,2164,Resolved; >=100 genes,full_gene
Donor3,CF,Type_I_interferon,0.0436720390274848,3316,Resolved; >=100 genes,full_gene
Donor6,CF,Type_I_interferon,0.0548958920527036,1091,Resolved; >=100 genes,full_gene
Donor1,CF,Type_I_interferon,0.0315840968388311,1097,Resolved; >=100 genes,full_gene
Donor4,NA5,Type_I_interferon,0.0712813597479149,1557,Resolved; >=100 genes,full_gene
Donor1,NA5,Type_I_interferon,0.0034633095404745,66,Resolved; >=100 genes,full_gene
Donor5,CF,Type_I_interferon,0.0632246203762823,11,Resolved; >=100 genes,full_gene
Donor2,CF,Type_I_interferon,0.00176834193228207,22,Resolved; >=100 genes,full_gene
Donor6,NA5,Type_I_interferon,0.259793051152568,1,Resolved; >=100 genes,full_gene
Donor1,N,Immature_granulopoiesis,0.0207808245928928,38,Resolved; >=100 genes,full_gene
Donor6,N,Immature_granulopoiesis,0.362800585256346,584,Resolved; >=100 genes,full_gene
Donor5,NNAMPT,Immature_granulopoiesis,0.00153041398254371,24,Resolved; >=100 genes,full_gene
Donor2,NNAMPT,Immature_granulopoiesis,0.092267591102627,141,Resolved; >=100 genes,full_gene
Donor1,NNAMPT,Immature_granulopoiesis,-0.0890452455459618,43,Resolved; >=100 genes,full_gene
Donor4,NNAMPT,Immature_granulopoiesis,0.192440527110953,173,Resolved; >=100 genes,full_gene
Donor4,N,Immature_granulopoiesis,0.159913720478149,177,Resolved; >=100 genes,full_gene
Donor5,N,Immature_granulopoiesis,0.0314108053233762,42,Resolved; >=100 genes,full_gene
Donor3,N,Immature_granulopoiesis,0.255468773943038,91,Resolved; >=100 genes,full_gene
Donor3,NNAMPT,Immature_granulopoiesis,0.118664973809888,33,Resolved; >=100 genes,full_gene
Donor2,N,Immature_granulopoiesis,-0.0736044126199395,31,Resolved; >=100 genes,full_gene
Donor6,NNAMPT,Immature_granulopoiesis,0.0939355444603101,8,Resolved; >=100 genes,full_gene
Donor4,UF,Immature_granulopoiesis,-0.0358809366540543,3335,Resolved; >=100 genes,full_gene
Donor4,UN,Immature_granulopoiesis,-0.0154306504095629,1196,Resolved; >=100 genes,full_gene
Donor3,UN,Immature_granulopoiesis,-0.0335792288349737,2516,Resolved; >=100 genes,full_gene
Donor2,UF,Immature_granulopoiesis,0.0168307632936635,653,Resolved; >=100 genes,full_gene
Donor3,UF,Immature_granulopoiesis,-0.0414916771049522,2322,Resolved; >=100 genes,full_gene
Donor2,UN,Immature_granulopoiesis,0.0424089396740952,418,Resolved; >=100 genes,full_gene
Donor6,UF,Immature_granulopoiesis,-0.00506786491310544,323,Resolved; >=100 genes,full_gene
Donor1,UF,Immature_granulopoiesis,-0.0129428924856437,126,Resolved; >=100 genes,full_gene
Donor1,UN,Immature_granulopoiesis,-0.00641194094687951,86,Resolved; >=100 genes,full_gene
Donor5,UF,Immature_granulopoiesis,-0.0564119463642834,25,Resolved; >=100 genes,full_gene
Donor6,UN,Immature_granulopoiesis,-0.0252703814008376,51,Resolved; >=100 genes,full_gene
Donor5,UN,Immature_granulopoiesis,-0.0866416880539147,24,Resolved; >=100 genes,full_gene
Donor4,UD,Immature_granulopoiesis,0.0369966352693304,1835,Resolved; >=100 genes,full_gene
Donor4,UA5,Immature_granulopoiesis,0.020900688320385,1568,Resolved; >=100 genes,full_gene
Donor5,UD,Immature_granulopoiesis,0.154249249021861,1119,Resolved; >=100 genes,full_gene
Donor2,UD,Immature_granulopoiesis,0.0956719044193049,874,Resolved; >=100 genes,full_gene
Donor3,UA5,Immature_granulopoiesis,0.0408802270653585,2043,Resolved; >=100 genes,full_gene
Donor2,UA5,Immature_granulopoiesis,0.126822609356069,876,Resolved; >=100 genes,full_gene
Donor6,UD,Immature_granulopoiesis,0.150292371041389,455,Resolved; >=100 genes,full_gene
Donor1,UA5,Immature_granulopoiesis,0.101995061556424,1307,Resolved; >=100 genes,full_gene
Donor3,UD,Immature_granulopoiesis,0.0450812605747219,1499,Resolved; >=100 genes,full_gene
Donor6,UA5,Immature_granulopoiesis,0.126351009687857,498,Resolved; >=100 genes,full_gene
Donor1,UD,Immature_granulopoiesis,0.164083998411389,191,Resolved; >=100 genes,full_gene
Donor5,UA5,Immature_granulopoiesis,-0.142810521723354,4,Resolved; >=100 genes,full_gene
Donor4,CF,Immature_granulopoiesis,-0.0475913732096528,2817,Resolved; >=100 genes,full_gene
Donor3,NA5,Immature_granulopoiesis,-0.0490683050439773,3826,Resolved; >=100 genes,full_gene
Donor2,NA5,Immature_granulopoiesis,-0.031597289834182,996,Resolved; >=100 genes,full_gene
Donor5,NA5,Immature_granulopoiesis,-0.0310917963995814,2164,Resolved; >=100 genes,full_gene
Donor3,CF,Immature_granulopoiesis,-0.0461407464541482,3316,Resolved; >=100 genes,full_gene
Donor6,CF,Immature_granulopoiesis,-0.0410972600114633,1091,Resolved; >=100 genes,full_gene
Donor1,CF,Immature_granulopoiesis,-0.0228625667756667,1097,Resolved; >=100 genes,full_gene
Donor4,NA5,Immature_granulopoiesis,-0.0455728754078816,1557,Resolved; >=100 genes,full_gene
Donor1,NA5,Immature_granulopoiesis,-0.0410784897096227,66,Resolved; >=100 genes,full_gene
Donor5,CF,Immature_granulopoiesis,0.00699680719734523,11,Resolved; >=100 genes,full_gene
Donor2,CF,Immature_granulopoiesis,-0.0740005990589028,22,Resolved; >=100 genes,full_gene
Donor6,NA5,Immature_granulopoiesis,0.10338395479701,1,Resolved; >=100 genes,full_gene
Donor1,N,Survival_antiapoptosis,-0.2327344154842,38,Resolved; >=100 genes,full_gene
Donor6,N,Survival_antiapoptosis,-0.172645030579374,584,Resolved; >=100 genes,full_gene
Donor5,NNAMPT,Survival_antiapoptosis,-0.234102255735693,24,Resolved; >=100 genes,full_gene
Donor2,NNAMPT,Survival_antiapoptosis,-0.213232137867854,141,Resolved; >=100 genes,full_gene
Donor1,NNAMPT,Survival_antiapoptosis,-0.241250355148696,43,Resolved; >=100 genes,full_gene
Donor4,NNAMPT,Survival_antiapoptosis,-0.0472475122834387,173,Resolved; >=100 genes,full_gene
Donor4,N,Survival_antiapoptosis,-0.120547083135682,177,Resolved; >=100 genes,full_gene
Donor5,N,Survival_antiapoptosis,-0.300257599974441,42,Resolved; >=100 genes,full_gene
Donor3,N,Survival_antiapoptosis,-0.0637550733588132,91,Resolved; >=100 genes,full_gene
Donor3,NNAMPT,Survival_antiapoptosis,-0.00129929009627913,33,Resolved; >=100 genes,full_gene
Donor2,N,Survival_antiapoptosis,-0.108052719829885,31,Resolved; >=100 genes,full_gene
Donor6,NNAMPT,Survival_antiapoptosis,-0.430140981724725,8,Resolved; >=100 genes,full_gene
Donor4,UF,Survival_antiapoptosis,0.182013467674562,3335,Resolved; >=100 genes,full_gene
Donor4,UN,Survival_antiapoptosis,0.176764136725235,1196,Resolved; >=100 genes,full_gene
Donor3,UN,Survival_antiapoptosis,0.176175059175374,2516,Resolved; >=100 genes,full_gene
Donor2,UF,Survival_antiapoptosis,0.0945244061378081,653,Resolved; >=100 genes,full_gene
Donor3,UF,Survival_antiapoptosis,0.187402708349233,2322,Resolved; >=100 genes,full_gene
Donor2,UN,Survival_antiapoptosis,0.100069744143075,418,Resolved; >=100 genes,full_gene
Donor6,UF,Survival_antiapoptosis,0.100602826316205,323,Resolved; >=100 genes,full_gene
Donor1,UF,Survival_antiapoptosis,0.112952078823197,126,Resolved; >=100 genes,full_gene
Donor1,UN,Survival_antiapoptosis,0.148761873117375,86,Resolved; >=100 genes,full_gene
Donor5,UF,Survival_antiapoptosis,0.12465500783209,25,Resolved; >=100 genes,full_gene
Donor6,UN,Survival_antiapoptosis,0.189396974562765,51,Resolved; >=100 genes,full_gene
Donor5,UN,Survival_antiapoptosis,0.058978413312969,24,Resolved; >=100 genes,full_gene
Donor4,UD,Survival_antiapoptosis,0.205807269092577,1835,Resolved; >=100 genes,full_gene
Donor4,UA5,Survival_antiapoptosis,0.189042853420982,1568,Resolved; >=100 genes,full_gene
Donor5,UD,Survival_antiapoptosis,-0.0723426096629601,1119,Resolved; >=100 genes,full_gene
Donor2,UD,Survival_antiapoptosis,-0.0813782349936647,874,Resolved; >=100 genes,full_gene
Donor3,UA5,Survival_antiapoptosis,0.202195130919965,2043,Resolved; >=100 genes,full_gene
Donor2,UA5,Survival_antiapoptosis,-0.0255794327316908,876,Resolved; >=100 genes,full_gene
Donor6,UD,Survival_antiapoptosis,-0.108724335041676,455,Resolved; >=100 genes,full_gene
Donor1,UA5,Survival_antiapoptosis,-0.0288449743116376,1307,Resolved; >=100 genes,full_gene
Donor3,UD,Survival_antiapoptosis,0.175007496987159,1499,Resolved; >=100 genes,full_gene
Donor6,UA5,Survival_antiapoptosis,-0.0381195921566463,498,Resolved; >=100 genes,full_gene
Donor1,UD,Survival_antiapoptosis,0.0255568394300814,191,Resolved; >=100 genes,full_gene
Donor5,UA5,Survival_antiapoptosis,0.0558001711022789,4,Resolved; >=100 genes,full_gene
Donor4,CF,Survival_antiapoptosis,0.232148079370952,2817,Resolved; >=100 genes,full_gene
Donor3,NA5,Survival_antiapoptosis,0.232206013035074,3826,Resolved; >=100 genes,full_gene
Donor2,NA5,Survival_antiapoptosis,0.112836427846619,996,Resolved; >=100 genes,full_gene
Donor5,NA5,Survival_antiapoptosis,0.0985537867295273,2164,Resolved; >=100 genes,full_gene
Donor3,CF,Survival_antiapoptosis,0.245229593419728,3316,Resolved; >=100 genes,full_gene
Donor6,CF,Survival_antiapoptosis,0.0926531421197823,1091,Resolved; >=100 genes,full_gene
Donor1,CF,Survival_antiapoptosis,0.0883663344988053,1097,Resolved; >=100 genes,full_gene
Donor4,NA5,Survival_antiapoptosis,0.234428311320521,1557,Resolved; >=100 genes,full_gene
Donor1,NA5,Survival_antiapoptosis,0.0610009111924761,66,Resolved; >=100 genes,full_gene
Donor5,CF,Survival_antiapoptosis,0.195526592304685,11,Resolved; >=100 genes,full_gene
Donor2,CF,Survival_antiapoptosis,-0.0467221552017462,22,Resolved; >=100 genes,full_gene
Donor6,NA5,Survival_antiapoptosis,0.727042799192761,1,Resolved; >=100 genes,full_gene
Donor1,N,Hypoxia_glycolysis,-0.0495402402855001,38,Resolved; >=100 genes,full_gene
Donor6,N,Hypoxia_glycolysis,-0.0464368774297847,584,Resolved; >=100 genes,full_gene
Donor5,NNAMPT,Hypoxia_glycolysis,-0.126891035432491,24,Resolved; >=100 genes,full_gene
Donor2,NNAMPT,Hypoxia_glycolysis,-0.137426640904875,141,Resolved; >=100 genes,full_gene
Donor1,NNAMPT,Hypoxia_glycolysis,-0.0943077180974835,43,Resolved; >=100 genes,full_gene
Donor4,NNAMPT,Hypoxia_glycolysis,-0.0985783265167502,173,Resolved; >=100 genes,full_gene
Donor4,N,Hypoxia_glycolysis,-0.0515064924779377,177,Resolved; >=100 genes,full_gene
Donor5,N,Hypoxia_glycolysis,-0.0778645143466404,42,Resolved; >=100 genes,full_gene
Donor3,N,Hypoxia_glycolysis,-0.0616506501360689,91,Resolved; >=100 genes,full_gene
Donor3,NNAMPT,Hypoxia_glycolysis,0.0331136904803028,33,Resolved; >=100 genes,full_gene
Donor2,N,Hypoxia_glycolysis,-0.136040858222839,31,Resolved; >=100 genes,full_gene
Donor6,NNAMPT,Hypoxia_glycolysis,-0.186085655887126,8,Resolved; >=100 genes,full_gene
Donor4,UF,Hypoxia_glycolysis,0.0301404497355514,3335,Resolved; >=100 genes,full_gene
Donor4,UN,Hypoxia_glycolysis,0.104769815519886,1196,Resolved; >=100 genes,full_gene
Donor3,UN,Hypoxia_glycolysis,0.0690021498388498,2516,Resolved; >=100 genes,full_gene
Donor2,UF,Hypoxia_glycolysis,0.0512039240561566,653,Resolved; >=100 genes,full_gene
Donor3,UF,Hypoxia_glycolysis,0.0459440486919309,2322,Resolved; >=100 genes,full_gene
Donor2,UN,Hypoxia_glycolysis,0.025677779477798,418,Resolved; >=100 genes,full_gene
Donor6,UF,Hypoxia_glycolysis,0.0587784194808227,323,Resolved; >=100 genes,full_gene
Donor1,UF,Hypoxia_glycolysis,0.0337677862173103,126,Resolved; >=100 genes,full_gene
Donor1,UN,Hypoxia_glycolysis,0.0811214466593596,86,Resolved; >=100 genes,full_gene
Donor5,UF,Hypoxia_glycolysis,0.0801080782415756,25,Resolved; >=100 genes,full_gene
Donor6,UN,Hypoxia_glycolysis,0.0186283344419636,51,Resolved; >=100 genes,full_gene
Donor5,UN,Hypoxia_glycolysis,0.0607377241809305,24,Resolved; >=100 genes,full_gene
Donor4,UD,Hypoxia_glycolysis,0.122967731447549,1835,Resolved; >=100 genes,full_gene
Donor4,UA5,Hypoxia_glycolysis,0.110536214145071,1568,Resolved; >=100 genes,full_gene
Donor5,UD,Hypoxia_glycolysis,-0.0297710332020983,1119,Resolved; >=100 genes,full_gene
Donor2,UD,Hypoxia_glycolysis,0.00882272663942546,874,Resolved; >=100 genes,full_gene
Donor3,UA5,Hypoxia_glycolysis,0.122235999903982,2043,Resolved; >=100 genes,full_gene
Donor2,UA5,Hypoxia_glycolysis,-0.000771411265735859,876,Resolved; >=100 genes,full_gene
Donor6,UD,Hypoxia_glycolysis,0.0331915306190329,455,Resolved; >=100 genes,full_gene
Donor1,UA5,Hypoxia_glycolysis,0.0117972409330209,1307,Resolved; >=100 genes,full_gene
Donor3,UD,Hypoxia_glycolysis,0.0892127996731083,1499,Resolved; >=100 genes,full_gene
Donor6,UA5,Hypoxia_glycolysis,-0.0325097307622436,498,Resolved; >=100 genes,full_gene
Donor1,UD,Hypoxia_glycolysis,0.0318006670279694,191,Resolved; >=100 genes,full_gene
Donor5,UA5,Hypoxia_glycolysis,-0.133604325385512,4,Resolved; >=100 genes,full_gene
Donor4,CF,Hypoxia_glycolysis,0.12859926870721,2817,Resolved; >=100 genes,full_gene
Donor3,NA5,Hypoxia_glycolysis,0.144410884836612,3826,Resolved; >=100 genes,full_gene
Donor2,NA5,Hypoxia_glycolysis,0.0705466912320297,996,Resolved; >=100 genes,full_gene
Donor5,NA5,Hypoxia_glycolysis,0.0783809892813858,2164,Resolved; >=100 genes,full_gene
Donor3,CF,Hypoxia_glycolysis,0.137206188540709,3316,Resolved; >=100 genes,full_gene
Donor6,CF,Hypoxia_glycolysis,0.0506697317989202,1091,Resolved; >=100 genes,full_gene
Donor1,CF,Hypoxia_glycolysis,0.0558611629355743,1097,Resolved; >=100 genes,full_gene
Donor4,NA5,Hypoxia_glycolysis,0.127408544916708,1557,Resolved; >=100 genes,full_gene
Donor1,NA5,Hypoxia_glycolysis,0.0977857634400435,66,Resolved; >=100 genes,full_gene
Donor5,CF,Hypoxia_glycolysis,0.103179351108909,11,Resolved; >=100 genes,full_gene
Donor2,CF,Hypoxia_glycolysis,0.116462983391199,22,Resolved; >=100 genes,full_gene
Donor6,NA5,Hypoxia_glycolysis,-0.284430339070217,1,Resolved; >=100 genes,full_gene
Donor1,N,ER_stress,-0.135151416561412,38,Resolved; >=100 genes,full_gene
Donor6,N,ER_stress,-0.191618744139407,584,Resolved; >=100 genes,full_gene
Donor5,NNAMPT,ER_stress,-0.223382844418697,24,Resolved; >=100 genes,full_gene
Donor2,NNAMPT,ER_stress,-0.24703950522923,141,Resolved; >=100 genes,full_gene
Donor1,NNAMPT,ER_stress,-0.138427457463794,43,Resolved; >=100 genes,full_gene
Donor4,NNAMPT,ER_stress,-0.118009423838881,173,Resolved; >=100 genes,full_gene
Donor4,N,ER_stress,-0.122841965683931,177,Resolved; >=100 genes,full_gene
Donor5,N,ER_stress,-0.30581581115958,42,Resolved; >=100 genes,full_gene
Donor3,N,ER_stress,-0.184263650488462,91,Resolved; >=100 genes,full_gene
Donor3,NNAMPT,ER_stress,-0.175566854131465,33,Resolved; >=100 genes,full_gene
Donor2,N,ER_stress,-0.0672417069967657,31,Resolved; >=100 genes,full_gene
Donor6,NNAMPT,ER_stress,-0.328303818723651,8,Resolved; >=100 genes,full_gene
Donor4,UF,ER_stress,0.128176907260244,3335,Resolved; >=100 genes,full_gene
Donor4,UN,ER_stress,0.164638607162788,1196,Resolved; >=100 genes,full_gene
Donor3,UN,ER_stress,0.149986325925325,2516,Resolved; >=100 genes,full_gene
Donor2,UF,ER_stress,0.142608749714681,653,Resolved; >=100 genes,full_gene
Donor3,UF,ER_stress,0.144463434801898,2322,Resolved; >=100 genes,full_gene
Donor2,UN,ER_stress,0.165854636518707,418,Resolved; >=100 genes,full_gene
Donor6,UF,ER_stress,0.0570570517344277,323,Resolved; >=100 genes,full_gene
Donor1,UF,ER_stress,0.158909616155078,126,Resolved; >=100 genes,full_gene
Donor1,UN,ER_stress,0.114778431395638,86,Resolved; >=100 genes,full_gene
Donor5,UF,ER_stress,0.131145013207572,25,Resolved; >=100 genes,full_gene
Donor6,UN,ER_stress,0.167199285241811,51,Resolved; >=100 genes,full_gene
Donor5,UN,ER_stress,0.147576514259305,24,Resolved; >=100 genes,full_gene
Donor4,UD,ER_stress,0.132589577261407,1835,Resolved; >=100 genes,full_gene
Donor4,UA5,ER_stress,0.110323013303533,1568,Resolved; >=100 genes,full_gene
Donor5,UD,ER_stress,-0.0892157288323233,1119,Resolved; >=100 genes,full_gene
Donor2,UD,ER_stress,-0.0708350794151613,874,Resolved; >=100 genes,full_gene
Donor3,UA5,ER_stress,0.109332702523376,2043,Resolved; >=100 genes,full_gene
Donor2,UA5,ER_stress,-0.0598768656761525,876,Resolved; >=100 genes,full_gene
Donor6,UD,ER_stress,-0.141934858755793,455,Resolved; >=100 genes,full_gene
Donor1,UA5,ER_stress,-0.0393191237169551,1307,Resolved; >=100 genes,full_gene
Donor3,UD,ER_stress,0.0912435767709325,1499,Resolved; >=100 genes,full_gene
Donor6,UA5,ER_stress,-0.141879540125626,498,Resolved; >=100 genes,full_gene
Donor1,UD,ER_stress,0.04065974835527,191,Resolved; >=100 genes,full_gene
Donor5,UA5,ER_stress,0.350214356675035,4,Resolved; >=100 genes,full_gene
Donor4,CF,ER_stress,0.213623646147097,2817,Resolved; >=100 genes,full_gene
Donor3,NA5,ER_stress,0.189181818853638,3826,Resolved; >=100 genes,full_gene
Donor2,NA5,ER_stress,0.0826449234797321,996,Resolved; >=100 genes,full_gene
Donor5,NA5,ER_stress,0.0765839105325942,2164,Resolved; >=100 genes,full_gene
Donor3,CF,ER_stress,0.21114400233566,3316,Resolved; >=100 genes,full_gene
Donor6,CF,ER_stress,0.0664328470874907,1091,Resolved; >=100 genes,full_gene
Donor1,CF,ER_stress,0.0720744362909015,1097,Resolved; >=100 genes,full_gene
Donor4,NA5,ER_stress,0.23126077944672,1557,Resolved; >=100 genes,full_gene
Donor1,NA5,ER_stress,0.0612534959228585,66,Resolved; >=100 genes,full_gene
Donor5,CF,ER_stress,0.206778167563431,11,Resolved; >=100 genes,full_gene
Donor2,CF,ER_stress,0.106957965727095,22,Resolved; >=100 genes,full_gene
Donor6,NA5,ER_stress,0.0478355537898678,1,Resolved; >=100 genes,full_gene
Donor1,N,Proliferation_stress,-0.0054566191382127,38,Resolved; >=100 genes,full_gene
Donor6,N,Proliferation_stress,0.132571507273374,584,Resolved; >=100 genes,full_gene
Donor5,NNAMPT,Proliferation_stress,-0.0549395139609563,24,Resolved; >=100 genes,full_gene
Donor2,NNAMPT,Proliferation_stress,0.065512352449893,141,Resolved; >=100 genes,full_gene
Donor1,NNAMPT,Proliferation_stress,-0.155629053833584,43,Resolved; >=100 genes,full_gene
Donor4,NNAMPT,Proliferation_stress,-0.0423827704243071,173,Resolved; >=100 genes,full_gene
Donor4,N,Proliferation_stress,-0.020495692185421,177,Resolved; >=100 genes,full_gene
Donor5,N,Proliferation_stress,-0.0402918959347151,42,Resolved; >=100 genes,full_gene
Donor3,N,Proliferation_stress,-0.0336097280137224,91,Resolved; >=100 genes,full_gene
Donor3,NNAMPT,Proliferation_stress,0.140329410987618,33,Resolved; >=100 genes,full_gene
Donor2,N,Proliferation_stress,-0.0884669322095185,31,Resolved; >=100 genes,full_gene
Donor6,NNAMPT,Proliferation_stress,0.0150899133521746,8,Resolved; >=100 genes,full_gene
Donor4,UF,Proliferation_stress,-0.00698353072583333,3335,Resolved; >=100 genes,full_gene
Donor4,UN,Proliferation_stress,0.0482771607207391,1196,Resolved; >=100 genes,full_gene
Donor3,UN,Proliferation_stress,0.051000453031889,2516,Resolved; >=100 genes,full_gene
Donor2,UF,Proliferation_stress,0.0259277986312207,653,Resolved; >=100 genes,full_gene
Donor3,UF,Proliferation_stress,0.0123446357716916,2322,Resolved; >=100 genes,full_gene
Donor2,UN,Proliferation_stress,0.0496280641590737,418,Resolved; >=100 genes,full_gene
Donor6,UF,Proliferation_stress,0.0957798576187762,323,Resolved; >=100 genes,full_gene
Donor1,UF,Proliferation_stress,-0.000786102837976817,126,Resolved; >=100 genes,full_gene
Donor1,UN,Proliferation_stress,0.127626467075266,86,Resolved; >=100 genes,full_gene
Donor5,UF,Proliferation_stress,0.126179687234722,25,Resolved; >=100 genes,full_gene
Donor6,UN,Proliferation_stress,-0.0254681103313499,51,Resolved; >=100 genes,full_gene
Donor5,UN,Proliferation_stress,0.102826761652685,24,Resolved; >=100 genes,full_gene
Donor4,UD,Proliferation_stress,0.0576389944177368,1835,Resolved; >=100 genes,full_gene
Donor4,UA5,Proliferation_stress,0.0370896906160777,1568,Resolved; >=100 genes,full_gene
Donor5,UD,Proliferation_stress,0.0434629854805163,1119,Resolved; >=100 genes,full_gene
Donor2,UD,Proliferation_stress,0.0182944203107735,874,Resolved; >=100 genes,full_gene
Donor3,UA5,Proliferation_stress,0.0425922657887016,2043,Resolved; >=100 genes,full_gene
Donor2,UA5,Proliferation_stress,0.0306364749348329,876,Resolved; >=100 genes,full_gene
Donor6,UD,Proliferation_stress,0.0209559115905742,455,Resolved; >=100 genes,full_gene
Donor1,UA5,Proliferation_stress,0.0315081904278058,1307,Resolved; >=100 genes,full_gene
Donor3,UD,Proliferation_stress,0.0367699091959681,1499,Resolved; >=100 genes,full_gene
Donor6,UA5,Proliferation_stress,-0.00345056383317863,498,Resolved; >=100 genes,full_gene
Donor1,UD,Proliferation_stress,0.0963381319804182,191,Resolved; >=100 genes,full_gene
Donor5,UA5,Proliferation_stress,0.0172072241626164,4,Resolved; >=100 genes,full_gene
Donor4,CF,Proliferation_stress,-0.00723430295234212,2817,Resolved; >=100 genes,full_gene
Donor3,NA5,Proliferation_stress,-0.00199304719885316,3826,Resolved; >=100 genes,full_gene
Donor2,NA5,Proliferation_stress,-0.00407271122449039,996,Resolved; >=100 genes,full_gene
Donor5,NA5,Proliferation_stress,-0.0293015614587276,2164,Resolved; >=100 genes,full_gene
Donor3,CF,Proliferation_stress,-0.0107333403635915,3316,Resolved; >=100 genes,full_gene
Donor6,CF,Proliferation_stress,-0.031427585566259,1091,Resolved; >=100 genes,full_gene
Donor1,CF,Proliferation_stress,-0.0211731859378023,1097,Resolved; >=100 genes,full_gene
Donor4,NA5,Proliferation_stress,-0.0132486215721431,1557,Resolved; >=100 genes,full_gene
Donor1,NA5,Proliferation_stress,-0.0161512810581849,66,Resolved; >=100 genes,full_gene
Donor5,CF,Proliferation_stress,0.123231573352495,11,Resolved; >=100 genes,full_gene
Donor2,CF,Proliferation_stress,0.0996477226181838,22,Resolved; >=100 genes,full_gene
Donor6,NA5,Proliferation_stress,0.267740754262402,1,Resolved; >=100 genes,full_gene
Donor1,N,Integrin_adhesion,-0.0629094432926655,38,Resolved; >=100 genes,full_gene
Donor6,N,Integrin_adhesion,-0.141070818206109,584,Resolved; >=100 genes,full_gene
Donor5,NNAMPT,Integrin_adhesion,-0.204797226249389,24,Resolved; >=100 genes,full_gene
Donor2,NNAMPT,Integrin_adhesion,-0.104882516156981,141,Resolved; >=100 genes,full_gene
Donor1,NNAMPT,Integrin_adhesion,-0.247736435377758,43,Resolved; >=100 genes,full_gene
Donor4,NNAMPT,Integrin_adhesion,-0.08342012651952,173,Resolved; >=100 genes,full_gene
Donor4,N,Integrin_adhesion,-0.153892143413798,177,Resolved; >=100 genes,full_gene
Donor5,N,Integrin_adhesion,-0.153356480025645,42,Resolved; >=100 genes,full_gene
Donor3,N,Integrin_adhesion,-0.046813927700881,91,Resolved; >=100 genes,full_gene
Donor3,NNAMPT,Integrin_adhesion,0.0741031787864196,33,Resolved; >=100 genes,full_gene
Donor2,N,Integrin_adhesion,-0.156887968406991,31,Resolved; >=100 genes,full_gene
Donor6,NNAMPT,Integrin_adhesion,-0.31292906510674,8,Resolved; >=100 genes,full_gene
Donor4,UF,Integrin_adhesion,0.0696162164854412,3335,Resolved; >=100 genes,full_gene
Donor4,UN,Integrin_adhesion,0.127134870410233,1196,Resolved; >=100 genes,full_gene
Donor3,UN,Integrin_adhesion,0.116125812415979,2516,Resolved; >=100 genes,full_gene
Donor2,UF,Integrin_adhesion,0.0268482904999905,653,Resolved; >=100 genes,full_gene
Donor3,UF,Integrin_adhesion,0.0832165534918415,2322,Resolved; >=100 genes,full_gene
Donor2,UN,Integrin_adhesion,0.0249584046044441,418,Resolved; >=100 genes,full_gene
Donor6,UF,Integrin_adhesion,0.0379838286197191,323,Resolved; >=100 genes,full_gene
Donor1,UF,Integrin_adhesion,0.0653300177646034,126,Resolved; >=100 genes,full_gene
Donor1,UN,Integrin_adhesion,-0.0976774131375297,86,Resolved; >=100 genes,full_gene
Donor5,UF,Integrin_adhesion,0.0777627983042885,25,Resolved; >=100 genes,full_gene
Donor6,UN,Integrin_adhesion,-0.00424867888346201,51,Resolved; >=100 genes,full_gene
Donor5,UN,Integrin_adhesion,0.00314475677846267,24,Resolved; >=100 genes,full_gene
Donor4,UD,Integrin_adhesion,0.129945197918562,1835,Resolved; >=100 genes,full_gene
Donor4,UA5,Integrin_adhesion,0.111730962305493,1568,Resolved; >=100 genes,full_gene
Donor5,UD,Integrin_adhesion,-0.0980609200362119,1119,Resolved; >=100 genes,full_gene
Donor2,UD,Integrin_adhesion,-0.0679519946979131,874,Resolved; >=100 genes,full_gene
Donor3,UA5,Integrin_adhesion,0.120373663886942,2043,Resolved; >=100 genes,full_gene
Donor2,UA5,Integrin_adhesion,-0.0656673377066656,876,Resolved; >=100 genes,full_gene
Donor6,UD,Integrin_adhesion,-0.0944597086896388,455,Resolved; >=100 genes,full_gene
Donor1,UA5,Integrin_adhesion,-0.052712717666682,1307,Resolved; >=100 genes,full_gene
Donor3,UD,Integrin_adhesion,0.0985280685369603,1499,Resolved; >=100 genes,full_gene
Donor6,UA5,Integrin_adhesion,-0.117519274629791,498,Resolved; >=100 genes,full_gene
Donor1,UD,Integrin_adhesion,0.0257106744891887,191,Resolved; >=100 genes,full_gene
Donor5,UA5,Integrin_adhesion,-0.125969588271175,4,Resolved; >=100 genes,full_gene
Donor4,CF,Integrin_adhesion,0.194008065045668,2817,Resolved; >=100 genes,full_gene
Donor3,NA5,Integrin_adhesion,0.195507253984931,3826,Resolved; >=100 genes,full_gene
Donor2,NA5,Integrin_adhesion,0.0452230715192003,996,Resolved; >=100 genes,full_gene
Donor5,NA5,Integrin_adhesion,0.0758047947685121,2164,Resolved; >=100 genes,full_gene
Donor3,CF,Integrin_adhesion,0.191032032888833,3316,Resolved; >=100 genes,full_gene
Donor6,CF,Integrin_adhesion,0.053044610277784,1091,Resolved; >=100 genes,full_gene
Donor1,CF,Integrin_adhesion,0.0927561677602715,1097,Resolved; >=100 genes,full_gene
Donor4,NA5,Integrin_adhesion,0.200016562522602,1557,Resolved; >=100 genes,full_gene
Donor1,NA5,Integrin_adhesion,0.0924374409275318,66,Resolved; >=100 genes,full_gene
Donor5,CF,Integrin_adhesion,0.251239371996625,11,Resolved; >=100 genes,full_gene
Donor2,CF,Integrin_adhesion,0.0248613465009074,22,Resolved; >=100 genes,full_gene
Donor6,NA5,Integrin_adhesion,0.892165029859634,1,Resolved; >=100 genes,full_gene
Donor1,N,CXCR4_aging_retention,-0.35678310431578,38,Resolved; >=100 genes,full_gene
Donor6,N,CXCR4_aging_retention,-0.327014443448624,584,Resolved; >=100 genes,full_gene
Donor5,NNAMPT,CXCR4_aging_retention,-0.294495517800492,24,Resolved; >=100 genes,full_gene
Donor2,NNAMPT,CXCR4_aging_retention,-0.324953452599111,141,Resolved; >=100 genes,full_gene
Donor1,NNAMPT,CXCR4_aging_retention,-0.350939532474954,43,Resolved; >=100 genes,full_gene
Donor4,NNAMPT,CXCR4_aging_retention,-0.117118727186418,173,Resolved; >=100 genes,full_gene
Donor4,N,CXCR4_aging_retention,-0.215975232839819,177,Resolved; >=100 genes,full_gene
Donor5,N,CXCR4_aging_retention,-0.471825892370241,42,Resolved; >=100 genes,full_gene
Donor3,N,CXCR4_aging_retention,-0.105183254943913,91,Resolved; >=100 genes,full_gene
Donor3,NNAMPT,CXCR4_aging_retention,0.257911724055074,33,Resolved; >=100 genes,full_gene
Donor2,N,CXCR4_aging_retention,-0.292987536319129,31,Resolved; >=100 genes,full_gene
Donor6,NNAMPT,CXCR4_aging_retention,-0.643884568663138,8,Resolved; >=100 genes,full_gene
Donor4,UF,CXCR4_aging_retention,0.166123510193027,3335,Resolved; >=100 genes,full_gene
Donor4,UN,CXCR4_aging_retention,0.447205073506804,1196,Resolved; >=100 genes,full_gene
Donor3,UN,CXCR4_aging_retention,0.328257030410986,2516,Resolved; >=100 genes,full_gene
Donor2,UF,CXCR4_aging_retention,0.175790719817505,653,Resolved; >=100 genes,full_gene
Donor3,UF,CXCR4_aging_retention,0.25071288351834,2322,Resolved; >=100 genes,full_gene
Donor2,UN,CXCR4_aging_retention,0.175306668660623,418,Resolved; >=100 genes,full_gene
Donor6,UF,CXCR4_aging_retention,0.154586236475965,323,Resolved; >=100 genes,full_gene
Donor1,UF,CXCR4_aging_retention,0.167654165266477,126,Resolved; >=100 genes,full_gene
Donor1,UN,CXCR4_aging_retention,0.0816913985943795,86,Resolved; >=100 genes,full_gene
Donor5,UF,CXCR4_aging_retention,0.256041821634324,25,Resolved; >=100 genes,full_gene
Donor6,UN,CXCR4_aging_retention,0.179096632693502,51,Resolved; >=100 genes,full_gene
Donor5,UN,CXCR4_aging_retention,-0.0329994317278372,24,Resolved; >=100 genes,full_gene
Donor4,UD,CXCR4_aging_retention,0.233798043089906,1835,Resolved; >=100 genes,full_gene
Donor4,UA5,CXCR4_aging_retention,0.112861643912259,1568,Resolved; >=100 genes,full_gene
Donor5,UD,CXCR4_aging_retention,-0.13933363711687,1119,Resolved; >=100 genes,full_gene
Donor2,UD,CXCR4_aging_retention,-0.136972701545937,874,Resolved; >=100 genes,full_gene
Donor3,UA5,CXCR4_aging_retention,0.139967622386758,2043,Resolved; >=100 genes,full_gene
Donor2,UA5,CXCR4_aging_retention,-0.0933643958657384,876,Resolved; >=100 genes,full_gene
Donor6,UD,CXCR4_aging_retention,-0.15366352586496,455,Resolved; >=100 genes,full_gene
Donor1,UA5,CXCR4_aging_retention,-0.0997900183740566,1307,Resolved; >=100 genes,full_gene
Donor3,UD,CXCR4_aging_retention,0.111732130655717,1499,Resolved; >=100 genes,full_gene
Donor6,UA5,CXCR4_aging_retention,-0.179569817489842,498,Resolved; >=100 genes,full_gene
Donor1,UD,CXCR4_aging_retention,-0.0366799060732898,191,Resolved; >=100 genes,full_gene
Donor5,UA5,CXCR4_aging_retention,-0.299570318204585,4,Resolved; >=100 genes,full_gene
Donor4,CF,CXCR4_aging_retention,0.362165097469706,2817,Resolved; >=100 genes,full_gene
Donor3,NA5,CXCR4_aging_retention,0.433596351075658,3826,Resolved; >=100 genes,full_gene
Donor2,NA5,CXCR4_aging_retention,0.204024087092454,996,Resolved; >=100 genes,full_gene
Donor5,NA5,CXCR4_aging_retention,0.190317335287143,2164,Resolved; >=100 genes,full_gene
Donor3,CF,CXCR4_aging_retention,0.390361620558562,3316,Resolved; >=100 genes,full_gene
Donor6,CF,CXCR4_aging_retention,0.178257087109736,1091,Resolved; >=100 genes,full_gene
Donor1,CF,CXCR4_aging_retention,0.188264675744575,1097,Resolved; >=100 genes,full_gene
Donor4,NA5,CXCR4_aging_retention,0.423016487771345,1557,Resolved; >=100 genes,full_gene
Donor1,NA5,CXCR4_aging_retention,0.233652024485854,66,Resolved; >=100 genes,full_gene
Donor5,CF,CXCR4_aging_retention,0.44764754643403,11,Resolved; >=100 genes,full_gene
Donor2,CF,CXCR4_aging_retention,0.0551160045695481,22,Resolved; >=100 genes,full_gene
Donor6,NA5,CXCR4_aging_retention,0.438995339376996,1,Resolved; >=100 genes,full_gene
Donor1,N,NETosis,-0.146603896835918,55,Resolved,identity_markers_removed
Donor6,N,NETosis,-0.0845901222002839,801,Resolved,identity_markers_removed
Donor5,NNAMPT,NETosis,-0.162658836076534,41,Resolved,identity_markers_removed
Donor2,NNAMPT,NETosis,-0.146636738341083,215,Resolved,identity_markers_removed
Donor1,NNAMPT,NETosis,-0.179301022634301,63,Resolved,identity_markers_removed
Donor4,NNAMPT,NETosis,-0.0431305269380687,233,Resolved,identity_markers_removed
Donor4,N,NETosis,-0.0634436601120954,234,Resolved,identity_markers_removed
Donor5,N,NETosis,-0.191023030193391,61,Resolved,identity_markers_removed
Donor3,N,NETosis,0.0773673259924538,102,Resolved,identity_markers_removed
Donor3,NNAMPT,NETosis,0.0779035539649551,42,Resolved,identity_markers_removed
Donor2,N,NETosis,-0.146441998846991,47,Resolved,identity_markers_removed
Donor6,NNAMPT,NETosis,-0.245935940901116,13,Resolved,identity_markers_removed
Donor4,UF,NETosis,0.0612581581686346,3393,Resolved,identity_markers_removed
Donor4,UN,NETosis,0.1023880191849,1239,Resolved,identity_markers_removed
Donor3,UN,NETosis,0.0655986763000803,2554,Resolved,identity_markers_removed
Donor2,UF,NETosis,0.00551651503141073,720,Resolved,identity_markers_removed
Donor3,UF,NETosis,0.0628872370008137,2349,Resolved,identity_markers_removed
Donor2,UN,NETosis,0.0187881375482219,461,Resolved,identity_markers_removed
Donor6,UF,NETosis,-0.00655138741732265,369,Resolved,identity_markers_removed
Donor1,UF,NETosis,0.013322490053187,140,Resolved,identity_markers_removed
Donor5,UF,NETosis,0.0848119889339208,28,Resolved,identity_markers_removed
Donor1,UN,NETosis,0.0108143439961711,87,Resolved,identity_markers_removed
Donor6,UN,NETosis,0.0192784960955187,54,Resolved,identity_markers_removed
Donor5,UN,NETosis,0.0445318729423683,26,Resolved,identity_markers_removed
Donor4,UD,NETosis,0.152087369128784,1847,Resolved,identity_markers_removed
Donor4,UA5,NETosis,0.144265180424323,1576,Resolved,identity_markers_removed
Donor5,UD,NETosis,-0.00553361669045362,1184,Resolved,identity_markers_removed
Donor2,UD,NETosis,-0.0116874626403237,946,Resolved,identity_markers_removed
Donor3,UA5,NETosis,0.110143042251502,2053,Resolved,identity_markers_removed
Donor1,UA5,NETosis,0.00608764870489878,1402,Resolved,identity_markers_removed
Donor2,UA5,NETosis,0.0362760837155667,944,Resolved,identity_markers_removed
Donor6,UD,NETosis,-0.00935625038059487,481,Resolved,identity_markers_removed
Donor3,UD,NETosis,0.0700435240125751,1516,Resolved,identity_markers_removed
Donor6,UA5,NETosis,-0.0437802170410639,510,Resolved,identity_markers_removed
Donor1,UD,NETosis,-0.0148589636477313,200,Resolved,identity_markers_removed
Donor5,UA5,NETosis,-0.0530233659100981,4,Resolved,identity_markers_removed
Donor4,CF,NETosis,0.140528504349364,2848,Resolved,identity_markers_removed
Donor3,NA5,NETosis,0.145476016600846,3913,Resolved,identity_markers_removed
Donor2,NA5,NETosis,0.0199396234052494,1148,Resolved,identity_markers_removed
Donor5,NA5,NETosis,0.0199973732552458,2536,Resolved,identity_markers_removed
Donor3,CF,NETosis,0.167360510494207,3355,Resolved,identity_markers_removed
Donor6,CF,NETosis,-0.0105332076343126,1249,Resolved,identity_markers_removed
Donor1,CF,NETosis,0.0244570898970863,1253,Resolved,identity_markers_removed
Donor4,NA5,NETosis,0.126703537746674,1580,Resolved,identity_markers_removed
Donor1,NA5,NETosis,0.0449144891659447,71,Resolved,identity_markers_removed
Donor5,CF,NETosis,0.129394099877573,11,Resolved,identity_markers_removed
Donor2,CF,NETosis,-0.117716616558336,22,Resolved,identity_markers_removed
Donor6,NA5,NETosis,0.326705340491928,1,Resolved,identity_markers_removed
Donor1,N,Degranulation,-0.126710181389344,55,Resolved,identity_markers_removed
Donor6,N,Degranulation,0.102599769653346,801,Resolved,identity_markers_removed
Donor5,NNAMPT,Degranulation,-0.0860443297177231,41,Resolved,identity_markers_removed
Donor2,NNAMPT,Degranulation,-0.0573142051871114,215,Resolved,identity_markers_removed
Donor1,NNAMPT,Degranulation,-0.142867838260764,63,Resolved,identity_markers_removed
Donor4,NNAMPT,Degranulation,0.0453770381110573,233,Resolved,identity_markers_removed
Donor4,N,Degranulation,-0.00494364425668239,234,Resolved,identity_markers_removed
Donor5,N,Degranulation,-0.129923474863375,61,Resolved,identity_markers_removed
Donor3,N,Degranulation,0.147076635287308,102,Resolved,identity_markers_removed
Donor3,NNAMPT,Degranulation,0.0721743110268206,42,Resolved,identity_markers_removed
Donor2,N,Degranulation,-0.141388237410874,47,Resolved,identity_markers_removed
Donor6,NNAMPT,Degranulation,-0.0737354008501198,13,Resolved,identity_markers_removed
Donor4,UF,Degranulation,-0.0163551623667551,3393,Resolved,identity_markers_removed
Donor4,UN,Degranulation,0.0625989794328927,1239,Resolved,identity_markers_removed
Donor3,UN,Degranulation,0.013293062541777,2554,Resolved,identity_markers_removed
Donor2,UF,Degranulation,0.0183233694857057,720,Resolved,identity_markers_removed
Donor3,UF,Degranulation,-0.00495986927946825,2349,Resolved,identity_markers_removed
Donor2,UN,Degranulation,0.043066278688323,461,Resolved,identity_markers_removed
Donor6,UF,Degranulation,-0.00354346753256458,369,Resolved,identity_markers_removed
Donor1,UF,Degranulation,-0.00723630164884753,140,Resolved,identity_markers_removed
Donor5,UF,Degranulation,-0.0480836389872235,28,Resolved,identity_markers_removed
Donor1,UN,Degranulation,-0.00884448185716927,87,Resolved,identity_markers_removed
Donor6,UN,Degranulation,-0.0566761672079174,54,Resolved,identity_markers_removed
Donor5,UN,Degranulation,-0.156980139345606,26,Resolved,identity_markers_removed
Donor4,UD,Degranulation,0.0851868181787476,1847,Resolved,identity_markers_removed
Donor4,UA5,Degranulation,0.049814837147226,1576,Resolved,identity_markers_removed
Donor5,UD,Degranulation,0.0796650971272222,1184,Resolved,identity_markers_removed
Donor2,UD,Degranulation,0.0488519018003643,946,Resolved,identity_markers_removed
Donor3,UA5,Degranulation,0.0596801873135425,2053,Resolved,identity_markers_removed
Donor1,UA5,Degranulation,0.0547202949226536,1402,Resolved,identity_markers_removed
Donor2,UA5,Degranulation,0.0783425319081225,944,Resolved,identity_markers_removed
Donor6,UD,Degranulation,0.0980303553358078,481,Resolved,identity_markers_removed
Donor3,UD,Degranulation,0.051968382364846,1516,Resolved,identity_markers_removed
Donor6,UA5,Degranulation,0.0571687440925246,510,Resolved,identity_markers_removed
Donor1,UD,Degranulation,0.126236757509709,200,Resolved,identity_markers_removed
Donor5,UA5,Degranulation,-0.151473914730994,4,Resolved,identity_markers_removed
Donor4,CF,Degranulation,0.0422530647856769,2848,Resolved,identity_markers_removed
Donor3,NA5,Degranulation,0.0475224246561344,3913,Resolved,identity_markers_removed
Donor2,NA5,Degranulation,0.00576443730890096,1148,Resolved,identity_markers_removed
Donor5,NA5,Degranulation,0.00571515336761126,2536,Resolved,identity_markers_removed
Donor3,CF,Degranulation,0.0533693104530375,3355,Resolved,identity_markers_removed
Donor6,CF,Degranulation,-0.0157958713903831,1249,Resolved,identity_markers_removed
Donor1,CF,Degranulation,0.0199148862351664,1253,Resolved,identity_markers_removed
Donor4,NA5,Degranulation,0.0456629576981379,1580,Resolved,identity_markers_removed
Donor1,NA5,Degranulation,0.00425400165991989,71,Resolved,identity_markers_removed
Donor5,CF,Degranulation,0.143497706311117,11,Resolved,identity_markers_removed
Donor2,CF,Degranulation,-0.0280948930858412,22,Resolved,identity_markers_removed
Donor6,NA5,Degranulation,0.172333167803168,1,Resolved,identity_markers_removed
Donor1,N,Oxidative_burst,-0.23992695762406,55,Resolved,identity_markers_removed
Donor6,N,Oxidative_burst,-0.228110211957906,801,Resolved,identity_markers_removed
Donor5,NNAMPT,Oxidative_burst,-0.328869699832915,41,Resolved,identity_markers_removed
Donor2,NNAMPT,Oxidative_burst,-0.258572564664522,215,Resolved,identity_markers_removed
Donor1,NNAMPT,Oxidative_burst,-0.271282672326207,63,Resolved,identity_markers_removed
Donor4,NNAMPT,Oxidative_burst,-0.190306736694456,233,Resolved,identity_markers_removed
Donor4,N,Oxidative_burst,-0.134352188555404,234,Resolved,identity_markers_removed
Donor5,N,Oxidative_burst,-0.299234544025657,61,Resolved,identity_markers_removed
Donor3,N,Oxidative_burst,-0.0231954962477493,102,Resolved,identity_markers_removed
Donor3,NNAMPT,Oxidative_burst,-0.118111931338109,42,Resolved,identity_markers_removed
Donor2,N,Oxidative_burst,-0.248551835720406,47,Resolved,identity_markers_removed
Donor6,NNAMPT,Oxidative_burst,-0.402120865433219,13,Resolved,identity_markers_removed
Donor4,UF,Oxidative_burst,0.0996739654674358,3393,Resolved,identity_markers_removed
Donor4,UN,Oxidative_burst,0.153766466342169,1239,Resolved,identity_markers_removed
Donor3,UN,Oxidative_burst,0.0870396332425107,2554,Resolved,identity_markers_removed
Donor2,UF,Oxidative_burst,0.0273021749781023,720,Resolved,identity_markers_removed
Donor3,UF,Oxidative_burst,0.100287925558551,2349,Resolved,identity_markers_removed
Donor2,UN,Oxidative_burst,0.0398217234445373,461,Resolved,identity_markers_removed
Donor6,UF,Oxidative_burst,-0.00842313008861754,369,Resolved,identity_markers_removed
Donor1,UF,Oxidative_burst,0.0604835401651606,140,Resolved,identity_markers_removed
Donor5,UF,Oxidative_burst,0.217796988618566,28,Resolved,identity_markers_removed
Donor1,UN,Oxidative_burst,0.0891190062288113,87,Resolved,identity_markers_removed
Donor6,UN,Oxidative_burst,0.0482958196678773,54,Resolved,identity_markers_removed
Donor5,UN,Oxidative_burst,0.298108493182513,26,Resolved,identity_markers_removed
Donor4,UD,Oxidative_burst,0.167408065623799,1847,Resolved,identity_markers_removed
Donor4,UA5,Oxidative_burst,0.202779928200622,1576,Resolved,identity_markers_removed
Donor5,UD,Oxidative_burst,-0.103502738934419,1184,Resolved,identity_markers_removed
Donor2,UD,Oxidative_burst,-0.115002375116991,946,Resolved,identity_markers_removed
Donor3,UA5,Oxidative_burst,0.151696225694344,2053,Resolved,identity_markers_removed
Donor1,UA5,Oxidative_burst,-0.0690861341441608,1402,Resolved,identity_markers_removed
Donor2,UA5,Oxidative_burst,-0.0772557274482453,944,Resolved,identity_markers_removed
Donor6,UD,Oxidative_burst,-0.128026198946236,481,Resolved,identity_markers_removed
Donor3,UD,Oxidative_burst,0.0661936675064709,1516,Resolved,identity_markers_removed
Donor6,UA5,Oxidative_burst,-0.165596606785834,510,Resolved,identity_markers_removed
Donor1,UD,Oxidative_burst,0.0284786408341508,200,Resolved,identity_markers_removed
Donor5,UA5,Oxidative_burst,0.0464039363807557,4,Resolved,identity_markers_removed
Donor4,CF,Oxidative_burst,0.210937012260814,2848,Resolved,identity_markers_removed
Donor3,NA5,Oxidative_burst,0.199355319956394,3913,Resolved,identity_markers_removed
Donor2,NA5,Oxidative_burst,-0.00386871637175023,1148,Resolved,identity_markers_removed
Donor5,NA5,Oxidative_burst,-0.00417403674760522,2536,Resolved,identity_markers_removed
Donor3,CF,Oxidative_burst,0.230400307837973,3355,Resolved,identity_markers_removed
Donor6,CF,Oxidative_burst,-0.039897872936166,1249,Resolved,identity_markers_removed
Donor1,CF,Oxidative_burst,0.0129979718691378,1253,Resolved,identity_markers_removed
Donor4,NA5,Oxidative_burst,0.189085416611695,1580,Resolved,identity_markers_removed
Donor1,NA5,Oxidative_burst,0.0557505131114183,71,Resolved,identity_markers_removed
Donor5,CF,Oxidative_burst,0.281425694143446,11,Resolved,identity_markers_removed
Donor2,CF,Oxidative_burst,-0.0196133437432211,22,Resolved,identity_markers_removed
Donor6,NA5,Oxidative_burst,1.03848799113541,1,Resolved,identity_markers_removed
Donor1,N,Phagocytosis,-0.408280234691078,55,Resolved,identity_markers_removed
Donor6,N,Phagocytosis,-0.350837287476346,801,Resolved,identity_markers_removed
Donor5,NNAMPT,Phagocytosis,-0.461621620624459,41,Resolved,identity_markers_removed
Donor2,NNAMPT,Phagocytosis,-0.387807313209675,215,Resolved,identity_markers_removed
Donor1,NNAMPT,Phagocytosis,-0.349120353682242,63,Resolved,identity_markers_removed
Donor4,NNAMPT,Phagocytosis,-0.283467327562917,233,Resolved,identity_markers_removed
Donor4,N,Phagocytosis,-0.273953823525183,234,Resolved,identity_markers_removed
Donor5,N,Phagocytosis,-0.37807907938362,61,Resolved,identity_markers_removed
Donor3,N,Phagocytosis,-0.157665168724196,102,Resolved,identity_markers_removed
Donor3,NNAMPT,Phagocytosis,-0.0583102293012372,42,Resolved,identity_markers_removed
Donor2,N,Phagocytosis,-0.386806914630954,47,Resolved,identity_markers_removed
Donor6,NNAMPT,Phagocytosis,-0.543940686932847,13,Resolved,identity_markers_removed
Donor4,UF,Phagocytosis,0.156913956379166,3393,Resolved,identity_markers_removed
Donor4,UN,Phagocytosis,0.255123829960749,1239,Resolved,identity_markers_removed
Donor3,UN,Phagocytosis,0.19901353585441,2554,Resolved,identity_markers_removed
Donor2,UF,Phagocytosis,0.106903570450157,720,Resolved,identity_markers_removed
Donor3,UF,Phagocytosis,0.186398994421296,2349,Resolved,identity_markers_removed
Donor2,UN,Phagocytosis,0.0726791303434545,461,Resolved,identity_markers_removed
Donor6,UF,Phagocytosis,0.0228843252804643,369,Resolved,identity_markers_removed
Donor1,UF,Phagocytosis,0.111992206252235,140,Resolved,identity_markers_removed
Donor5,UF,Phagocytosis,0.213092891671498,28,Resolved,identity_markers_removed
Donor1,UN,Phagocytosis,0.113974949540043,87,Resolved,identity_markers_removed
Donor6,UN,Phagocytosis,0.0549890610348554,54,Resolved,identity_markers_removed
Donor5,UN,Phagocytosis,0.159005802065748,26,Resolved,identity_markers_removed
Donor4,UD,Phagocytosis,0.224990856744039,1847,Resolved,identity_markers_removed
Donor4,UA5,Phagocytosis,0.200693011810121,1576,Resolved,identity_markers_removed
Donor5,UD,Phagocytosis,-0.109974029898461,1184,Resolved,identity_markers_removed
Donor2,UD,Phagocytosis,-0.112888229252851,946,Resolved,identity_markers_removed
Donor3,UA5,Phagocytosis,0.185214989122577,2053,Resolved,identity_markers_removed
Donor1,UA5,Phagocytosis,-0.0739438770588096,1402,Resolved,identity_markers_removed
Donor2,UA5,Phagocytosis,-0.0724767224060374,944,Resolved,identity_markers_removed
Donor6,UD,Phagocytosis,-0.152233412068507,481,Resolved,identity_markers_removed
Donor3,UD,Phagocytosis,0.144990582054773,1516,Resolved,identity_markers_removed
Donor6,UA5,Phagocytosis,-0.154865981802608,510,Resolved,identity_markers_removed
Donor1,UD,Phagocytosis,0.0290558698817471,200,Resolved,identity_markers_removed
Donor5,UA5,Phagocytosis,0.006899782207552,4,Resolved,identity_markers_removed
Donor4,CF,Phagocytosis,0.3183420978341,2848,Resolved,identity_markers_removed
Donor3,NA5,Phagocytosis,0.309657411436229,3913,Resolved,identity_markers_removed
Donor2,NA5,Phagocytosis,0.0668182128565649,1148,Resolved,identity_markers_removed
Donor5,NA5,Phagocytosis,0.0602599065637606,2536,Resolved,identity_markers_removed
Donor3,CF,Phagocytosis,0.332909447268972,3355,Resolved,identity_markers_removed
Donor6,CF,Phagocytosis,0.0561735493815913,1249,Resolved,identity_markers_removed
Donor1,CF,Phagocytosis,0.0901355031564592,1253,Resolved,identity_markers_removed
Donor4,NA5,Phagocytosis,0.312786088991306,1580,Resolved,identity_markers_removed
Donor1,NA5,Phagocytosis,0.160788103212796,71,Resolved,identity_markers_removed
Donor5,CF,Phagocytosis,0.30708868151777,11,Resolved,identity_markers_removed
Donor2,CF,Phagocytosis,0.0527872848176682,22,Resolved,identity_markers_removed
Donor6,NA5,Phagocytosis,0.730054642684113,1,Resolved,identity_markers_removed
Donor1,N,Chemotaxis,-0.35900461943886,55,Resolved,identity_markers_removed
Donor6,N,Chemotaxis,-0.344079965512589,801,Resolved,identity_markers_removed
Donor5,NNAMPT,Chemotaxis,-0.336882156215107,41,Resolved,identity_markers_removed
Donor2,NNAMPT,Chemotaxis,-0.366037181954081,215,Resolved,identity_markers_removed
Donor1,NNAMPT,Chemotaxis,-0.349761434310268,63,Resolved,identity_markers_removed
Donor4,NNAMPT,Chemotaxis,-0.236739301530738,233,Resolved,identity_markers_removed
Donor4,N,Chemotaxis,-0.226678096613392,234,Resolved,identity_markers_removed
Donor5,N,Chemotaxis,-0.34060607673871,61,Resolved,identity_markers_removed
Donor3,N,Chemotaxis,-0.215968984907504,102,Resolved,identity_markers_removed
Donor3,NNAMPT,Chemotaxis,-0.0391912186051531,42,Resolved,identity_markers_removed
Donor2,N,Chemotaxis,-0.399227152113746,47,Resolved,identity_markers_removed
Donor6,NNAMPT,Chemotaxis,-0.524031305455988,13,Resolved,identity_markers_removed
Donor4,UF,Chemotaxis,0.153142684296054,3393,Resolved,identity_markers_removed
Donor4,UN,Chemotaxis,0.293579188828941,1239,Resolved,identity_markers_removed
Donor3,UN,Chemotaxis,0.235689076420416,2554,Resolved,identity_markers_removed
Donor2,UF,Chemotaxis,0.150142418201898,720,Resolved,identity_markers_removed
Donor3,UF,Chemotaxis,0.195844837328383,2349,Resolved,identity_markers_removed
Donor2,UN,Chemotaxis,0.167340449150568,461,Resolved,identity_markers_removed
Donor6,UF,Chemotaxis,0.0801010108551331,369,Resolved,identity_markers_removed
Donor1,UF,Chemotaxis,0.114017813137812,140,Resolved,identity_markers_removed
Donor5,UF,Chemotaxis,0.24518166638276,28,Resolved,identity_markers_removed
Donor1,UN,Chemotaxis,0.199813637545386,87,Resolved,identity_markers_removed
Donor6,UN,Chemotaxis,0.05129038941202,54,Resolved,identity_markers_removed
Donor5,UN,Chemotaxis,0.185213501687246,26,Resolved,identity_markers_removed
Donor4,UD,Chemotaxis,0.21683018093867,1847,Resolved,identity_markers_removed
Donor4,UA5,Chemotaxis,0.138117909427353,1576,Resolved,identity_markers_removed
Donor5,UD,Chemotaxis,-0.0890744245930948,1184,Resolved,identity_markers_removed
Donor2,UD,Chemotaxis,-0.0650685452064341,946,Resolved,identity_markers_removed
Donor3,UA5,Chemotaxis,0.143300740559975,2053,Resolved,identity_markers_removed
Donor1,UA5,Chemotaxis,-0.0390764425641558,1402,Resolved,identity_markers_removed
Donor2,UA5,Chemotaxis,-0.0273787093279461,944,Resolved,identity_markers_removed
Donor6,UD,Chemotaxis,-0.117192738260742,481,Resolved,identity_markers_removed
Donor3,UD,Chemotaxis,0.10759684598455,1516,Resolved,identity_markers_removed
Donor6,UA5,Chemotaxis,-0.138931175063002,510,Resolved,identity_markers_removed
Donor1,UD,Chemotaxis,0.0604806664066207,200,Resolved,identity_markers_removed
Donor5,UA5,Chemotaxis,-0.0556019513844193,4,Resolved,identity_markers_removed
Donor4,CF,Chemotaxis,0.245875458475857,2848,Resolved,identity_markers_removed
Donor3,NA5,Chemotaxis,0.292144168344655,3913,Resolved,identity_markers_removed
Donor2,NA5,Chemotaxis,0.0826297018805791,1148,Resolved,identity_markers_removed
Donor5,NA5,Chemotaxis,0.0539418491374238,2536,Resolved,identity_markers_removed
Donor3,CF,Chemotaxis,0.271251880556016,3355,Resolved,identity_markers_removed
Donor6,CF,Chemotaxis,0.061656132354399,1249,Resolved,identity_markers_removed
Donor1,CF,Chemotaxis,0.0850410974627072,1253,Resolved,identity_markers_removed
Donor4,NA5,Chemotaxis,0.285113108072378,1580,Resolved,identity_markers_removed
Donor1,NA5,Chemotaxis,0.217601627295191,71,Resolved,identity_markers_removed
Donor5,CF,Chemotaxis,0.208458780622764,11,Resolved,identity_markers_removed
Donor2,CF,Chemotaxis,0.0748511156510175,22,Resolved,identity_markers_removed
Donor6,NA5,Chemotaxis,0.209170161290075,1,Resolved,identity_markers_removed
Donor1,N,OSM_inflammation,-0.26629615636153,55,Resolved,identity_markers_removed
Donor6,N,OSM_inflammation,-0.302553521525691,801,Resolved,identity_markers_removed
Donor5,NNAMPT,OSM_inflammation,-0.326702737692649,41,Resolved,identity_markers_removed
Donor2,NNAMPT,OSM_inflammation,-0.308297047918813,215,Resolved,identity_markers_removed
Donor1,NNAMPT,OSM_inflammation,-0.342896953197178,63,Resolved,identity_markers_removed
Donor4,NNAMPT,OSM_inflammation,-0.290399708582294,233,Resolved,identity_markers_removed
Donor4,N,OSM_inflammation,-0.192527804088145,234,Resolved,identity_markers_removed
Donor5,N,OSM_inflammation,-0.330597544759592,61,Resolved,identity_markers_removed
Donor3,N,OSM_inflammation,-0.121127522219071,102,Resolved,identity_markers_removed
Donor3,NNAMPT,OSM_inflammation,-0.113990370374549,42,Resolved,identity_markers_removed
Donor2,N,OSM_inflammation,-0.266660046046385,47,Resolved,identity_markers_removed
Donor6,NNAMPT,OSM_inflammation,-0.331006099455028,13,Resolved,identity_markers_removed
Donor4,UF,OSM_inflammation,0.363519378876781,3393,Resolved,identity_markers_removed
Donor4,UN,OSM_inflammation,0.171861859806377,1239,Resolved,identity_markers_removed
Donor3,UN,OSM_inflammation,0.169446975361441,2554,Resolved,identity_markers_removed
Donor2,UF,OSM_inflammation,0.0658831176040133,720,Resolved,identity_markers_removed
Donor3,UF,OSM_inflammation,0.303159115950452,2349,Resolved,identity_markers_removed
Donor2,UN,OSM_inflammation,0.0872318601027973,461,Resolved,identity_markers_removed
Donor6,UF,OSM_inflammation,0.0639933093450606,369,Resolved,identity_markers_removed
Donor1,UF,OSM_inflammation,0.0679201109398701,140,Resolved,identity_markers_removed
Donor5,UF,OSM_inflammation,-0.000442663705719603,28,Resolved,identity_markers_removed
Donor1,UN,OSM_inflammation,0.0864514502377803,87,Resolved,identity_markers_removed
Donor6,UN,OSM_inflammation,0.00621715216115203,54,Resolved,identity_markers_removed
Donor5,UN,OSM_inflammation,0.0747162852933543,26,Resolved,identity_markers_removed
Donor4,UD,OSM_inflammation,0.257570768975715,1847,Resolved,identity_markers_removed
Donor4,UA5,OSM_inflammation,0.318192000475907,1576,Resolved,identity_markers_removed
Donor5,UD,OSM_inflammation,-0.0177862586313583,1184,Resolved,identity_markers_removed
Donor2,UD,OSM_inflammation,-0.0470971586396739,946,Resolved,identity_markers_removed
Donor3,UA5,OSM_inflammation,0.280629391790407,2053,Resolved,identity_markers_removed
Donor1,UA5,OSM_inflammation,0.025688617589702,1402,Resolved,identity_markers_removed
Donor2,UA5,OSM_inflammation,0.0146204036714795,944,Resolved,identity_markers_removed
Donor6,UD,OSM_inflammation,-0.0694785089232448,481,Resolved,identity_markers_removed
Donor3,UD,OSM_inflammation,0.151301834857414,1516,Resolved,identity_markers_removed
Donor6,UA5,OSM_inflammation,-0.103361972810276,510,Resolved,identity_markers_removed
Donor1,UD,OSM_inflammation,-0.00479018432221396,200,Resolved,identity_markers_removed
Donor5,UA5,OSM_inflammation,-0.133721464204048,4,Resolved,identity_markers_removed
Donor4,CF,OSM_inflammation,0.237763288793154,2848,Resolved,identity_markers_removed
Donor3,NA5,OSM_inflammation,0.211445157509765,3913,Resolved,identity_markers_removed
Donor2,NA5,OSM_inflammation,-0.0084356537576935,1148,Resolved,identity_markers_removed
Donor5,NA5,OSM_inflammation,-0.0024876231085592,2536,Resolved,identity_markers_removed
Donor3,CF,OSM_inflammation,0.287075675090196,3355,Resolved,identity_markers_removed
Donor6,CF,OSM_inflammation,-0.0336560668294336,1249,Resolved,identity_markers_removed
Donor1,CF,OSM_inflammation,-0.0209271700786014,1253,Resolved,identity_markers_removed
Donor4,NA5,OSM_inflammation,0.182784281601435,1580,Resolved,identity_markers_removed
Donor1,NA5,OSM_inflammation,0.0510098189362223,71,Resolved,identity_markers_removed
Donor5,CF,OSM_inflammation,0.314200279130793,11,Resolved,identity_markers_removed
Donor2,CF,OSM_inflammation,-0.16872578011615,22,Resolved,identity_markers_removed
Donor6,NA5,OSM_inflammation,0.446721685112382,1,Resolved,identity_markers_removed
Donor1,N,Type_I_interferon,-0.0253727766191767,55,Resolved,identity_markers_removed
Donor6,N,Type_I_interferon,-0.0551230835585234,801,Resolved,identity_markers_removed
Donor5,NNAMPT,Type_I_interferon,-0.0572380934593473,41,Resolved,identity_markers_removed
Donor2,NNAMPT,Type_I_interferon,-0.0650472913021679,215,Resolved,identity_markers_removed
Donor1,NNAMPT,Type_I_interferon,-0.074855424339185,63,Resolved,identity_markers_removed
Donor4,NNAMPT,Type_I_interferon,-0.0250005989052157,233,Resolved,identity_markers_removed
Donor4,N,Type_I_interferon,-0.0265597054125992,234,Resolved,identity_markers_removed
Donor5,N,Type_I_interferon,-0.0496989486694012,61,Resolved,identity_markers_removed
Donor3,N,Type_I_interferon,0.00776481012592414,102,Resolved,identity_markers_removed
Donor3,NNAMPT,Type_I_interferon,0.0563130671857481,42,Resolved,identity_markers_removed
Donor2,N,Type_I_interferon,-0.0825450763083666,47,Resolved,identity_markers_removed
Donor6,NNAMPT,Type_I_interferon,-0.10007623002831,13,Resolved,identity_markers_removed
Donor4,UF,Type_I_interferon,0.00472439719154944,3393,Resolved,identity_markers_removed
Donor4,UN,Type_I_interferon,0.0271945995255495,1239,Resolved,identity_markers_removed
Donor3,UN,Type_I_interferon,0.0496037022700775,2554,Resolved,identity_markers_removed
Donor2,UF,Type_I_interferon,0.00734915997881519,720,Resolved,identity_markers_removed
Donor3,UF,Type_I_interferon,0.0441128638585488,2349,Resolved,identity_markers_removed
Donor2,UN,Type_I_interferon,0.0171343438909345,461,Resolved,identity_markers_removed
Donor6,UF,Type_I_interferon,0.030990411546207,369,Resolved,identity_markers_removed
Donor1,UF,Type_I_interferon,-0.0171900597350967,140,Resolved,identity_markers_removed
Donor5,UF,Type_I_interferon,-0.0717421282567271,28,Resolved,identity_markers_removed
Donor1,UN,Type_I_interferon,0.113623885700432,87,Resolved,identity_markers_removed
Donor6,UN,Type_I_interferon,0.0159423261668181,54,Resolved,identity_markers_removed
Donor5,UN,Type_I_interferon,-0.0797972783518533,26,Resolved,identity_markers_removed
Donor4,UD,Type_I_interferon,0.0567563404205048,1847,Resolved,identity_markers_removed
Donor4,UA5,Type_I_interferon,0.0417500519832124,1576,Resolved,identity_markers_removed
Donor5,UD,Type_I_interferon,0.00796128700172633,1184,Resolved,identity_markers_removed
Donor2,UD,Type_I_interferon,-0.0253269934381632,946,Resolved,identity_markers_removed
Donor3,UA5,Type_I_interferon,0.0572570819961601,2053,Resolved,identity_markers_removed
Donor1,UA5,Type_I_interferon,0.0124524555034151,1402,Resolved,identity_markers_removed
Donor2,UA5,Type_I_interferon,0.023035025825294,944,Resolved,identity_markers_removed
Donor6,UD,Type_I_interferon,-0.0196851301804266,481,Resolved,identity_markers_removed
Donor3,UD,Type_I_interferon,0.0559618018580784,1516,Resolved,identity_markers_removed
Donor6,UA5,Type_I_interferon,-0.0237566035241256,510,Resolved,identity_markers_removed
Donor1,UD,Type_I_interferon,0.0342366168071746,200,Resolved,identity_markers_removed
Donor5,UA5,Type_I_interferon,-0.00492859943897227,4,Resolved,identity_markers_removed
Donor4,CF,Type_I_interferon,0.0493111560831452,2848,Resolved,identity_markers_removed
Donor3,NA5,Type_I_interferon,0.0602525769884986,3913,Resolved,identity_markers_removed
Donor2,NA5,Type_I_interferon,0.0035900414152524,1148,Resolved,identity_markers_removed
Donor5,NA5,Type_I_interferon,0.0199068465756951,2536,Resolved,identity_markers_removed
Donor3,CF,Type_I_interferon,0.0425179035413084,3355,Resolved,identity_markers_removed
Donor6,CF,Type_I_interferon,0.0388077124153893,1249,Resolved,identity_markers_removed
Donor1,CF,Type_I_interferon,0.0200104885981223,1253,Resolved,identity_markers_removed
Donor4,NA5,Type_I_interferon,0.0713813955164079,1580,Resolved,identity_markers_removed
Donor1,NA5,Type_I_interferon,0.00192176585849832,71,Resolved,identity_markers_removed
Donor5,CF,Type_I_interferon,0.0748430440344408,11,Resolved,identity_markers_removed
Donor2,CF,Type_I_interferon,0.00779983118644051,22,Resolved,identity_markers_removed
Donor6,NA5,Type_I_interferon,0.289281332154026,1,Resolved,identity_markers_removed
Donor1,N,Immature_granulopoiesis,-0.0297837733594016,55,Resolved,identity_markers_removed
Donor6,N,Immature_granulopoiesis,0.247770407918949,801,Resolved,identity_markers_removed
Donor5,NNAMPT,Immature_granulopoiesis,-0.000376291796567589,41,Resolved,identity_markers_removed
Donor2,NNAMPT,Immature_granulopoiesis,0.0113569848276382,215,Resolved,identity_markers_removed
Donor1,NNAMPT,Immature_granulopoiesis,-0.106113587189578,63,Resolved,identity_markers_removed
Donor4,NNAMPT,Immature_granulopoiesis,0.126931363048321,233,Resolved,identity_markers_removed
Donor4,N,Immature_granulopoiesis,0.0861731999418857,234,Resolved,identity_markers_removed
Donor5,N,Immature_granulopoiesis,-0.0228548539206873,61,Resolved,identity_markers_removed
Donor3,N,Immature_granulopoiesis,0.212517085194702,102,Resolved,identity_markers_removed
Donor3,NNAMPT,Immature_granulopoiesis,0.0626345104813363,42,Resolved,identity_markers_removed
Donor2,N,Immature_granulopoiesis,-0.0971639391232295,47,Resolved,identity_markers_removed
Donor6,NNAMPT,Immature_granulopoiesis,0.00287936515890085,13,Resolved,identity_markers_removed
Donor4,UF,Immature_granulopoiesis,-0.0346769376195877,3393,Resolved,identity_markers_removed
Donor4,UN,Immature_granulopoiesis,-0.0166701555790933,1239,Resolved,identity_markers_removed
Donor3,UN,Immature_granulopoiesis,-0.0336250761902078,2554,Resolved,identity_markers_removed
Donor2,UF,Immature_granulopoiesis,0.0196557415572384,720,Resolved,identity_markers_removed
Donor3,UF,Immature_granulopoiesis,-0.0416757778548337,2349,Resolved,identity_markers_removed
Donor2,UN,Immature_granulopoiesis,0.0251325040122941,461,Resolved,identity_markers_removed
Donor6,UF,Immature_granulopoiesis,-0.0136619755941447,369,Resolved,identity_markers_removed
Donor1,UF,Immature_granulopoiesis,-0.016961711937641,140,Resolved,identity_markers_removed
Donor5,UF,Immature_granulopoiesis,-0.0656689365813267,28,Resolved,identity_markers_removed
Donor1,UN,Immature_granulopoiesis,-0.00797974072591945,87,Resolved,identity_markers_removed
Donor6,UN,Immature_granulopoiesis,0.00492653392562384,54,Resolved,identity_markers_removed
Donor5,UN,Immature_granulopoiesis,-0.0909623675669485,26,Resolved,identity_markers_removed
Donor4,UD,Immature_granulopoiesis,0.0365672355515243,1847,Resolved,identity_markers_removed
Donor4,UA5,Immature_granulopoiesis,0.0200696669496046,1576,Resolved,identity_markers_removed
Donor5,UD,Immature_granulopoiesis,0.147735983601081,1184,Resolved,identity_markers_removed
Donor2,UD,Immature_granulopoiesis,0.0872261931581751,946,Resolved,identity_markers_removed
Donor3,UA5,Immature_granulopoiesis,0.0399854840123205,2053,Resolved,identity_markers_removed
Donor1,UA5,Immature_granulopoiesis,0.0916829356851202,1402,Resolved,identity_markers_removed
Donor2,UA5,Immature_granulopoiesis,0.121669806969024,944,Resolved,identity_markers_removed
Donor6,UD,Immature_granulopoiesis,0.14651923694467,481,Resolved,identity_markers_removed
Donor3,UD,Immature_granulopoiesis,0.0443807126696343,1516,Resolved,identity_markers_removed
Donor6,UA5,Immature_granulopoiesis,0.121610864916731,510,Resolved,identity_markers_removed
Donor1,UD,Immature_granulopoiesis,0.150273745005326,200,Resolved,identity_markers_removed
Donor5,UA5,Immature_granulopoiesis,-0.142810521723354,4,Resolved,identity_markers_removed
Donor4,CF,Immature_granulopoiesis,-0.0486278175930534,2848,Resolved,identity_markers_removed
Donor3,NA5,Immature_granulopoiesis,-0.0511525301528722,3913,Resolved,identity_markers_removed
Donor2,NA5,Immature_granulopoiesis,-0.0374349220338899,1148,Resolved,identity_markers_removed
Donor5,NA5,Immature_granulopoiesis,-0.0343478786733499,2536,Resolved,identity_markers_removed
Donor3,CF,Immature_granulopoiesis,-0.0465009594721361,3355,Resolved,identity_markers_removed
Donor6,CF,Immature_granulopoiesis,-0.0507427660304276,1249,Resolved,identity_markers_removed
Donor1,CF,Immature_granulopoiesis,-0.0307931936647478,1253,Resolved,identity_markers_removed
Donor4,NA5,Immature_granulopoiesis,-0.0458251941210882,1580,Resolved,identity_markers_removed
Donor1,NA5,Immature_granulopoiesis,-0.0482427173162234,71,Resolved,identity_markers_removed
Donor5,CF,Immature_granulopoiesis,0.00699680719734523,11,Resolved,identity_markers_removed
Donor2,CF,Immature_granulopoiesis,-0.0740005990589028,22,Resolved,identity_markers_removed
Donor6,NA5,Immature_granulopoiesis,0.10338395479701,1,Resolved,identity_markers_removed
Donor1,N,Survival_antiapoptosis,-0.275381561102188,55,Resolved,identity_markers_removed
Donor6,N,Survival_antiapoptosis,-0.227857765731675,801,Resolved,identity_markers_removed
Donor5,NNAMPT,Survival_antiapoptosis,-0.291669567390533,41,Resolved,identity_markers_removed
Donor2,NNAMPT,Survival_antiapoptosis,-0.267514183530916,215,Resolved,identity_markers_removed
Donor1,NNAMPT,Survival_antiapoptosis,-0.294953167640176,63,Resolved,identity_markers_removed
Donor4,NNAMPT,Survival_antiapoptosis,-0.124563238810626,233,Resolved,identity_markers_removed
Donor4,N,Survival_antiapoptosis,-0.176780816400995,234,Resolved,identity_markers_removed
Donor5,N,Survival_antiapoptosis,-0.298413372432563,61,Resolved,identity_markers_removed
Donor3,N,Survival_antiapoptosis,-0.0890180896213918,102,Resolved,identity_markers_removed
Donor3,NNAMPT,Survival_antiapoptosis,-0.104654423129385,42,Resolved,identity_markers_removed
Donor2,N,Survival_antiapoptosis,-0.203954158632981,47,Resolved,identity_markers_removed
Donor6,NNAMPT,Survival_antiapoptosis,-0.450711082696282,13,Resolved,identity_markers_removed
Donor4,UF,Survival_antiapoptosis,0.171468244789429,3393,Resolved,identity_markers_removed
Donor4,UN,Survival_antiapoptosis,0.154798753994797,1239,Resolved,identity_markers_removed
Donor3,UN,Survival_antiapoptosis,0.166668983302554,2554,Resolved,identity_markers_removed
Donor2,UF,Survival_antiapoptosis,0.048176509513972,720,Resolved,identity_markers_removed
Donor3,UF,Survival_antiapoptosis,0.180307483947046,2349,Resolved,identity_markers_removed
Donor2,UN,Survival_antiapoptosis,0.0605397904967799,461,Resolved,identity_markers_removed
Donor6,UF,Survival_antiapoptosis,0.0415082211568033,369,Resolved,identity_markers_removed
Donor1,UF,Survival_antiapoptosis,0.0649761573628199,140,Resolved,identity_markers_removed
Donor5,UF,Survival_antiapoptosis,0.087723912612817,28,Resolved,identity_markers_removed
Donor1,UN,Survival_antiapoptosis,0.145857790270959,87,Resolved,identity_markers_removed
Donor6,UN,Survival_antiapoptosis,0.159310449293531,54,Resolved,identity_markers_removed
Donor5,UN,Survival_antiapoptosis,0.0172398242696043,26,Resolved,identity_markers_removed
Donor4,UD,Survival_antiapoptosis,0.201328023743297,1847,Resolved,identity_markers_removed
Donor4,UA5,Survival_antiapoptosis,0.187374909779283,1576,Resolved,identity_markers_removed
Donor5,UD,Survival_antiapoptosis,-0.0872351475216519,1184,Resolved,identity_markers_removed
Donor2,UD,Survival_antiapoptosis,-0.109223849091275,946,Resolved,identity_markers_removed
Donor3,UA5,Survival_antiapoptosis,0.199195477158287,2053,Resolved,identity_markers_removed
Donor1,UA5,Survival_antiapoptosis,-0.0506698480572627,1402,Resolved,identity_markers_removed
Donor2,UA5,Survival_antiapoptosis,-0.0527231413309911,944,Resolved,identity_markers_removed
Donor6,UD,Survival_antiapoptosis,-0.126638403398852,481,Resolved,identity_markers_removed
Donor3,UD,Survival_antiapoptosis,0.168368241667171,1516,Resolved,identity_markers_removed
Donor6,UA5,Survival_antiapoptosis,-0.0464354453943461,510,Resolved,identity_markers_removed
Donor1,UD,Survival_antiapoptosis,0.00812102798570086,200,Resolved,identity_markers_removed
Donor5,UA5,Survival_antiapoptosis,0.0558001711022789,4,Resolved,identity_markers_removed
Donor4,CF,Survival_antiapoptosis,0.225123434682028,2848,Resolved,identity_markers_removed
Donor3,NA5,Survival_antiapoptosis,0.218295901483217,3913,Resolved,identity_markers_removed
Donor2,NA5,Survival_antiapoptosis,0.0480108843496676,1148,Resolved,identity_markers_removed
Donor5,NA5,Survival_antiapoptosis,0.0260216613391576,2536,Resolved,identity_markers_removed
Donor3,CF,Survival_antiapoptosis,0.237733859894852,3355,Resolved,identity_markers_removed
Donor6,CF,Survival_antiapoptosis,0.0300488175604249,1249,Resolved,identity_markers_removed
Donor1,CF,Survival_antiapoptosis,0.0355346852986617,1253,Resolved,identity_markers_removed
Donor4,NA5,Survival_antiapoptosis,0.226396438339808,1580,Resolved,identity_markers_removed
Donor1,NA5,Survival_antiapoptosis,0.033300927118743,71,Resolved,identity_markers_removed
Donor5,CF,Survival_antiapoptosis,0.195526592304685,11,Resolved,identity_markers_removed
Donor2,CF,Survival_antiapoptosis,-0.0467221552017462,22,Resolved,identity_markers_removed
Donor6,NA5,Survival_antiapoptosis,0.727042799192761,1,Resolved,identity_markers_removed
Donor1,N,Hypoxia_glycolysis,-0.122142634455322,55,Resolved,identity_markers_removed
Donor6,N,Hypoxia_glycolysis,-0.0951046530613069,801,Resolved,identity_markers_removed
Donor5,NNAMPT,Hypoxia_glycolysis,-0.192212210111548,41,Resolved,identity_markers_removed
Donor2,NNAMPT,Hypoxia_glycolysis,-0.146929010694025,215,Resolved,identity_markers_removed
Donor1,NNAMPT,Hypoxia_glycolysis,-0.137007090288233,63,Resolved,identity_markers_removed
Donor4,NNAMPT,Hypoxia_glycolysis,-0.135190174708688,233,Resolved,identity_markers_removed
Donor4,N,Hypoxia_glycolysis,-0.0995245357054322,234,Resolved,identity_markers_removed
Donor5,N,Hypoxia_glycolysis,-0.118306254728075,61,Resolved,identity_markers_removed
Donor3,N,Hypoxia_glycolysis,-0.0583488600332355,102,Resolved,identity_markers_removed
Donor3,NNAMPT,Hypoxia_glycolysis,-0.0349314587090944,42,Resolved,identity_markers_removed
Donor2,N,Hypoxia_glycolysis,-0.175672697704045,47,Resolved,identity_markers_removed
Donor6,NNAMPT,Hypoxia_glycolysis,-0.223910534034469,13,Resolved,identity_markers_removed
Donor4,UF,Hypoxia_glycolysis,0.0259146059553515,3393,Resolved,identity_markers_removed
Donor4,UN,Hypoxia_glycolysis,0.0933388140021617,1239,Resolved,identity_markers_removed
Donor3,UN,Hypoxia_glycolysis,0.0650389386449306,2554,Resolved,identity_markers_removed
Donor2,UF,Hypoxia_glycolysis,0.0199712912374524,720,Resolved,identity_markers_removed
Donor3,UF,Hypoxia_glycolysis,0.0431645959361038,2349,Resolved,identity_markers_removed
Donor2,UN,Hypoxia_glycolysis,0.00231643465914035,461,Resolved,identity_markers_removed
Donor6,UF,Hypoxia_glycolysis,0.0236636334951858,369,Resolved,identity_markers_removed
Donor1,UF,Hypoxia_glycolysis,0.00504550746138982,140,Resolved,identity_markers_removed
Donor5,UF,Hypoxia_glycolysis,0.0410503906724549,28,Resolved,identity_markers_removed
Donor1,UN,Hypoxia_glycolysis,0.0769197019958013,87,Resolved,identity_markers_removed
Donor6,UN,Hypoxia_glycolysis,0.00179174146906463,54,Resolved,identity_markers_removed
Donor5,UN,Hypoxia_glycolysis,0.0507759158781906,26,Resolved,identity_markers_removed
Donor4,UD,Hypoxia_glycolysis,0.122526465659644,1847,Resolved,identity_markers_removed
Donor4,UA5,Hypoxia_glycolysis,0.109220615439794,1576,Resolved,identity_markers_removed
Donor5,UD,Hypoxia_glycolysis,-0.0395437617416423,1184,Resolved,identity_markers_removed
Donor2,UD,Hypoxia_glycolysis,-0.00940724007699797,946,Resolved,identity_markers_removed
Donor3,UA5,Hypoxia_glycolysis,0.120535579920164,2053,Resolved,identity_markers_removed
Donor1,UA5,Hypoxia_glycolysis,0.000109420803410075,1402,Resolved,identity_markers_removed
Donor2,UA5,Hypoxia_glycolysis,-0.0170149566313972,944,Resolved,identity_markers_removed
Donor6,UD,Hypoxia_glycolysis,0.0258794575979534,481,Resolved,identity_markers_removed
Donor3,UD,Hypoxia_glycolysis,0.0860674461645392,1516,Resolved,identity_markers_removed
Donor6,UA5,Hypoxia_glycolysis,-0.0384372744871371,510,Resolved,identity_markers_removed
Donor1,UD,Hypoxia_glycolysis,0.017570271753551,200,Resolved,identity_markers_removed
Donor5,UA5,Hypoxia_glycolysis,-0.133604325385512,4,Resolved,identity_markers_removed
Donor4,CF,Hypoxia_glycolysis,0.124103511038284,2848,Resolved,identity_markers_removed
Donor3,NA5,Hypoxia_glycolysis,0.135634591381604,3913,Resolved,identity_markers_removed
Donor2,NA5,Hypoxia_glycolysis,0.0372729243211533,1148,Resolved,identity_markers_removed
Donor5,NA5,Hypoxia_glycolysis,0.0322197712082581,2536,Resolved,identity_markers_removed
Donor3,CF,Hypoxia_glycolysis,0.132606647208838,3355,Resolved,identity_markers_removed
Donor6,CF,Hypoxia_glycolysis,0.0148176495043037,1249,Resolved,identity_markers_removed
Donor1,CF,Hypoxia_glycolysis,0.0191194686779442,1253,Resolved,identity_markers_removed
Donor4,NA5,Hypoxia_glycolysis,0.122052694090094,1580,Resolved,identity_markers_removed
Donor1,NA5,Hypoxia_glycolysis,0.0783190660496138,71,Resolved,identity_markers_removed
Donor5,CF,Hypoxia_glycolysis,0.103179351108909,11,Resolved,identity_markers_removed
Donor2,CF,Hypoxia_glycolysis,0.116462983391199,22,Resolved,identity_markers_removed
Donor6,NA5,Hypoxia_glycolysis,-0.284430339070217,1,Resolved,identity_markers_removed
Donor1,N,ER_stress,-0.213482740274774,55,Resolved,identity_markers_removed
Donor6,N,ER_stress,-0.236916323170801,801,Resolved,identity_markers_removed
Donor5,NNAMPT,ER_stress,-0.266498343236479,41,Resolved,identity_markers_removed
Donor2,NNAMPT,ER_stress,-0.290021303907306,215,Resolved,identity_markers_removed
Donor1,NNAMPT,ER_stress,-0.219340540238667,63,Resolved,identity_markers_removed
Donor4,NNAMPT,ER_stress,-0.189865942320741,233,Resolved,identity_markers_removed
Donor4,N,ER_stress,-0.177615236013978,234,Resolved,identity_markers_removed
Donor5,N,ER_stress,-0.307334687816641,61,Resolved,identity_markers_removed
Donor3,N,ER_stress,-0.209661343911251,102,Resolved,identity_markers_removed
Donor3,NNAMPT,ER_stress,-0.187988746883946,42,Resolved,identity_markers_removed
Donor2,N,ER_stress,-0.14783651056173,47,Resolved,identity_markers_removed
Donor6,NNAMPT,ER_stress,-0.315229564304776,13,Resolved,identity_markers_removed
Donor4,UF,ER_stress,0.118970529402728,3393,Resolved,identity_markers_removed
Donor4,UN,ER_stress,0.147088612167758,1239,Resolved,identity_markers_removed
Donor3,UN,ER_stress,0.142532694872588,2554,Resolved,identity_markers_removed
Donor2,UF,ER_stress,0.0937614785734558,720,Resolved,identity_markers_removed
Donor3,UF,ER_stress,0.138318465418911,2349,Resolved,identity_markers_removed
Donor2,UN,ER_stress,0.118367540424837,461,Resolved,identity_markers_removed
Donor6,UF,ER_stress,0.00581331252342254,369,Resolved,identity_markers_removed
Donor1,UF,ER_stress,0.101041701044138,140,Resolved,identity_markers_removed
Donor5,UF,ER_stress,0.0721184544759405,28,Resolved,identity_markers_removed
Donor1,UN,ER_stress,0.108634201897362,87,Resolved,identity_markers_removed
Donor6,UN,ER_stress,0.134589906342026,54,Resolved,identity_markers_removed
Donor5,UN,ER_stress,0.103934510473641,26,Resolved,identity_markers_removed
Donor4,UD,ER_stress,0.129000887847986,1847,Resolved,identity_markers_removed
Donor4,UA5,ER_stress,0.107632188185473,1576,Resolved,identity_markers_removed
Donor5,UD,ER_stress,-0.105919230760942,1184,Resolved,identity_markers_removed
Donor2,UD,ER_stress,-0.0930624759020302,946,Resolved,identity_markers_removed
Donor3,UA5,ER_stress,0.106755487533226,2053,Resolved,identity_markers_removed
Donor1,UA5,ER_stress,-0.0609850601528056,1402,Resolved,identity_markers_removed
Donor2,UA5,ER_stress,-0.0802300192262829,944,Resolved,identity_markers_removed
Donor6,UD,ER_stress,-0.155063047118675,481,Resolved,identity_markers_removed
Donor3,UD,ER_stress,0.0855132186579184,1516,Resolved,identity_markers_removed
Donor6,UA5,ER_stress,-0.148418128239243,510,Resolved,identity_markers_removed
Donor1,UD,ER_stress,0.0244334591896222,200,Resolved,identity_markers_removed
Donor5,UA5,ER_stress,0.350214356675035,4,Resolved,identity_markers_removed
Donor4,CF,ER_stress,0.207062002928008,2848,Resolved,identity_markers_removed
Donor3,NA5,ER_stress,0.17652398491198,3913,Resolved,identity_markers_removed
Donor2,NA5,ER_stress,0.023643021768189,1148,Resolved,identity_markers_removed
Donor5,NA5,ER_stress,0.0109337496126832,2536,Resolved,identity_markers_removed
Donor3,CF,ER_stress,0.204252593309746,3355,Resolved,identity_markers_removed
Donor6,CF,ER_stress,0.0208948972094722,1249,Resolved,identity_markers_removed
Donor1,CF,ER_stress,0.0168772735728261,1253,Resolved,identity_markers_removed
Donor4,NA5,ER_stress,0.222916915117846,1580,Resolved,identity_markers_removed
Donor1,NA5,ER_stress,0.042589930577823,71,Resolved,identity_markers_removed
Donor5,CF,ER_stress,0.206778167563431,11,Resolved,identity_markers_removed
Donor2,CF,ER_stress,0.106957965727095,22,Resolved,identity_markers_removed
Donor6,NA5,ER_stress,0.0478355537898678,1,Resolved,identity_markers_removed
Donor1,N,Proliferation_stress,-0.0551943918247099,55,Resolved,identity_markers_removed
Donor6,N,Proliferation_stress,0.0630825169385753,801,Resolved,identity_markers_removed
Donor5,NNAMPT,Proliferation_stress,-0.101143618491949,41,Resolved,identity_markers_removed
Donor2,NNAMPT,Proliferation_stress,-0.00977912362716826,215,Resolved,identity_markers_removed
Donor1,NNAMPT,Proliferation_stress,-0.159039812151717,63,Resolved,identity_markers_removed
Donor4,NNAMPT,Proliferation_stress,-0.0699757909467337,233,Resolved,identity_markers_removed
Donor4,N,Proliferation_stress,-0.0403724473294981,234,Resolved,identity_markers_removed
Donor5,N,Proliferation_stress,-0.0795630415973181,61,Resolved,identity_markers_removed
Donor3,N,Proliferation_stress,-0.0479273295798185,102,Resolved,identity_markers_removed
Donor3,NNAMPT,Proliferation_stress,0.119584926551215,42,Resolved,identity_markers_removed
Donor2,N,Proliferation_stress,-0.114988127214177,47,Resolved,identity_markers_removed
Donor6,NNAMPT,Proliferation_stress,0.0678661244827945,13,Resolved,identity_markers_removed
Donor4,UF,Proliferation_stress,-0.00860431421510332,3393,Resolved,identity_markers_removed
Donor4,UN,Proliferation_stress,0.042409489441198,1239,Resolved,identity_markers_removed
Donor3,UN,Proliferation_stress,0.0485828049582374,2554,Resolved,identity_markers_removed
Donor2,UF,Proliferation_stress,0.00803314632818742,720,Resolved,identity_markers_removed
Donor3,UF,Proliferation_stress,0.0110012865541912,2349,Resolved,identity_markers_removed
Donor2,UN,Proliferation_stress,0.0393262343395984,461,Resolved,identity_markers_removed
Donor6,UF,Proliferation_stress,0.0654430457999827,369,Resolved,identity_markers_removed
Donor1,UF,Proliferation_stress,-0.0173447868077495,140,Resolved,identity_markers_removed
Donor5,UF,Proliferation_stress,0.0948347626164625,28,Resolved,identity_markers_removed
Donor1,UN,Proliferation_stress,0.124247163516519,87,Resolved,identity_markers_removed
Donor6,UN,Proliferation_stress,-0.0332961565649252,54,Resolved,identity_markers_removed
Donor5,UN,Proliferation_stress,0.119297270310473,26,Resolved,identity_markers_removed
Donor4,UD,Proliferation_stress,0.0561835838906977,1847,Resolved,identity_markers_removed
Donor4,UA5,Proliferation_stress,0.0360568853716524,1576,Resolved,identity_markers_removed
Donor5,UD,Proliferation_stress,0.0336515402331077,1184,Resolved,identity_markers_removed
Donor2,UD,Proliferation_stress,0.00630572916399021,946,Resolved,identity_markers_removed
Donor3,UA5,Proliferation_stress,0.0415744128499563,2053,Resolved,identity_markers_removed
Donor1,UA5,Proliferation_stress,0.022011132769735,1402,Resolved,identity_markers_removed
Donor2,UA5,Proliferation_stress,0.0231987023103441,944,Resolved,identity_markers_removed
Donor6,UD,Proliferation_stress,0.0108300275837484,481,Resolved,identity_markers_removed
Donor3,UD,Proliferation_stress,0.0351229068488947,1516,Resolved,identity_markers_removed
Donor6,UA5,Proliferation_stress,-0.00728403156735569,510,Resolved,identity_markers_removed
Donor1,UD,Proliferation_stress,0.0845161336271927,200,Resolved,identity_markers_removed
Donor5,UA5,Proliferation_stress,0.0172072241626164,4,Resolved,identity_markers_removed
Donor4,CF,Proliferation_stress,-0.00896650022308798,2848,Resolved,identity_markers_removed
Donor3,NA5,Proliferation_stress,-0.0056478008135493,3913,Resolved,identity_markers_removed
Donor2,NA5,Proliferation_stress,-0.0243722284075372,1148,Resolved,identity_markers_removed
Donor5,NA5,Proliferation_stress,-0.0417979398316361,2536,Resolved,identity_markers_removed
Donor3,CF,Proliferation_stress,-0.0119904320550751,3355,Resolved,identity_markers_removed
Donor6,CF,Proliferation_stress,-0.0424074841069128,1249,Resolved,identity_markers_removed
Donor1,CF,Proliferation_stress,-0.0379151992546278,1253,Resolved,identity_markers_removed
Donor4,NA5,Proliferation_stress,-0.015477646497562,1580,Resolved,identity_markers_removed
Donor1,NA5,Proliferation_stress,-0.0267302713030806,71,Resolved,identity_markers_removed
Donor5,CF,Proliferation_stress,0.123231573352495,11,Resolved,identity_markers_removed
Donor2,CF,Proliferation_stress,0.0996477226181838,22,Resolved,identity_markers_removed
Donor6,NA5,Proliferation_stress,0.267740754262402,1,Resolved,identity_markers_removed
Donor1,N,Integrin_adhesion,-0.116643608513643,55,Resolved,identity_markers_removed
Donor6,N,Integrin_adhesion,-0.182150183455752,801,Resolved,identity_markers_removed
Donor5,NNAMPT,Integrin_adhesion,-0.234718882799721,41,Resolved,identity_markers_removed
Donor2,NNAMPT,Integrin_adhesion,-0.187247538661483,215,Resolved,identity_markers_removed
Donor1,NNAMPT,Integrin_adhesion,-0.239675919809371,63,Resolved,identity_markers_removed
Donor4,NNAMPT,Integrin_adhesion,-0.148039690632659,233,Resolved,identity_markers_removed
Donor4,N,Integrin_adhesion,-0.194367898448296,234,Resolved,identity_markers_removed
Donor5,N,Integrin_adhesion,-0.193460825946273,61,Resolved,identity_markers_removed
Donor3,N,Integrin_adhesion,-0.0762635237582871,102,Resolved,identity_markers_removed
Donor3,NNAMPT,Integrin_adhesion,-0.0044686625582234,42,Resolved,identity_markers_removed
Donor2,N,Integrin_adhesion,-0.170336923015796,47,Resolved,identity_markers_removed
Donor6,NNAMPT,Integrin_adhesion,-0.335838027585781,13,Resolved,identity_markers_removed
Donor4,UF,Integrin_adhesion,0.0640361012966332,3393,Resolved,identity_markers_removed
Donor4,UN,Integrin_adhesion,0.112666809699691,1239,Resolved,identity_markers_removed
Donor3,UN,Integrin_adhesion,0.109078360049572,2554,Resolved,identity_markers_removed
Donor2,UF,Integrin_adhesion,-0.000634886423818919,720,Resolved,identity_markers_removed
Donor3,UF,Integrin_adhesion,0.0786735814388524,2349,Resolved,identity_markers_removed
Donor2,UN,Integrin_adhesion,-0.00481852063760871,461,Resolved,identity_markers_removed
Donor6,UF,Integrin_adhesion,-0.0033440464083776,369,Resolved,identity_markers_removed
Donor1,UF,Integrin_adhesion,0.0384827981176997,140,Resolved,identity_markers_removed
Donor5,UF,Integrin_adhesion,0.0485917905126555,28,Resolved,identity_markers_removed
Donor1,UN,Integrin_adhesion,-0.100836205717009,87,Resolved,identity_markers_removed
Donor6,UN,Integrin_adhesion,-0.0140355777025642,54,Resolved,identity_markers_removed
Donor5,UN,Integrin_adhesion,-0.0257504066315919,26,Resolved,identity_markers_removed
Donor4,UD,Integrin_adhesion,0.126680849902509,1847,Resolved,identity_markers_removed
Donor4,UA5,Integrin_adhesion,0.109719203378709,1576,Resolved,identity_markers_removed
Donor5,UD,Integrin_adhesion,-0.112186447360033,1184,Resolved,identity_markers_removed
Donor2,UD,Integrin_adhesion,-0.0877226808418407,946,Resolved,identity_markers_removed
Donor3,UA5,Integrin_adhesion,0.118441373646447,2053,Resolved,identity_markers_removed
Donor1,UA5,Integrin_adhesion,-0.0682103468041412,1402,Resolved,identity_markers_removed
Donor2,UA5,Integrin_adhesion,-0.0833081698637791,944,Resolved,identity_markers_removed
Donor6,UD,Integrin_adhesion,-0.102617670814324,481,Resolved,identity_markers_removed
Donor3,UD,Integrin_adhesion,0.0946849028407373,1516,Resolved,identity_markers_removed
Donor6,UA5,Integrin_adhesion,-0.122393313508918,510,Resolved,identity_markers_removed
Donor1,UD,Integrin_adhesion,0.00779153759732412,200,Resolved,identity_markers_removed
Donor5,UA5,Integrin_adhesion,-0.125969588271175,4,Resolved,identity_markers_removed
Donor4,CF,Integrin_adhesion,0.18837087988704,2848,Resolved,identity_markers_removed
Donor3,NA5,Integrin_adhesion,0.184362249551629,3913,Resolved,identity_markers_removed
Donor2,NA5,Integrin_adhesion,0.0013534321584779,1148,Resolved,identity_markers_removed
Donor5,NA5,Integrin_adhesion,0.0198670789256578,2536,Resolved,identity_markers_removed
Donor3,CF,Integrin_adhesion,0.185395751302213,3355,Resolved,identity_markers_removed
Donor6,CF,Integrin_adhesion,0.00765425970443639,1249,Resolved,identity_markers_removed
Donor1,CF,Integrin_adhesion,0.0498960152131828,1253,Resolved,identity_markers_removed
Donor4,NA5,Integrin_adhesion,0.19262192946592,1580,Resolved,identity_markers_removed
Donor1,NA5,Integrin_adhesion,0.0675804788751233,71,Resolved,identity_markers_removed
Donor5,CF,Integrin_adhesion,0.251239371996625,11,Resolved,identity_markers_removed
Donor2,CF,Integrin_adhesion,0.0248613465009074,22,Resolved,identity_markers_removed
Donor6,NA5,Integrin_adhesion,0.892165029859634,1,Resolved,identity_markers_removed
Donor1,N,CXCR4_aging_retention,-0.488281009876052,55,Resolved,identity_markers_removed
Donor6,N,CXCR4_aging_retention,-0.430554143600996,801,Resolved,identity_markers_removed
Donor5,NNAMPT,CXCR4_aging_retention,-0.424192438686935,41,Resolved,identity_markers_removed
Donor2,NNAMPT,CXCR4_aging_retention,-0.443958513169593,215,Resolved,identity_markers_removed
Donor1,NNAMPT,CXCR4_aging_retention,-0.467421914641318,63,Resolved,identity_markers_removed
Donor4,NNAMPT,CXCR4_aging_retention,-0.274508451604614,233,Resolved,identity_markers_removed
Donor4,N,CXCR4_aging_retention,-0.324179819206523,234,Resolved,identity_markers_removed
Donor5,N,CXCR4_aging_retention,-0.548598523137807,61,Resolved,identity_markers_removed
Donor3,N,CXCR4_aging_retention,-0.178947883237184,102,Resolved,identity_markers_removed
Donor3,NNAMPT,CXCR4_aging_retention,0.0253098640697987,42,Resolved,identity_markers_removed
Donor2,N,CXCR4_aging_retention,-0.40294435249773,47,Resolved,identity_markers_removed
Donor6,NNAMPT,CXCR4_aging_retention,-0.689541459799005,13,Resolved,identity_markers_removed
Donor4,UF,CXCR4_aging_retention,0.152106374330211,3393,Resolved,identity_markers_removed
Donor4,UN,CXCR4_aging_retention,0.41675149679951,1239,Resolved,identity_markers_removed
Donor3,UN,CXCR4_aging_retention,0.309242794608003,2554,Resolved,identity_markers_removed
Donor2,UF,CXCR4_aging_retention,0.109111542316764,720,Resolved,identity_markers_removed
Donor3,UF,CXCR4_aging_retention,0.239972422709405,2349,Resolved,identity_markers_removed
Donor2,UN,CXCR4_aging_retention,0.115451303018908,461,Resolved,identity_markers_removed
Donor6,UF,CXCR4_aging_retention,0.0719501605151166,369,Resolved,identity_markers_removed
Donor1,UF,CXCR4_aging_retention,0.0986211645396764,140,Resolved,identity_markers_removed
Donor5,UF,CXCR4_aging_retention,0.212040386860655,28,Resolved,identity_markers_removed
Donor1,UN,CXCR4_aging_retention,0.0734364405031476,87,Resolved,identity_markers_removed
Donor6,UN,CXCR4_aging_retention,0.106841746283965,54,Resolved,identity_markers_removed
Donor5,UN,CXCR4_aging_retention,-0.122372648554656,26,Resolved,identity_markers_removed
Donor4,UD,CXCR4_aging_retention,0.235111959138379,1847,Resolved,identity_markers_removed
Donor4,UA5,CXCR4_aging_retention,0.108735526322734,1576,Resolved,identity_markers_removed
Donor5,UD,CXCR4_aging_retention,-0.161804691107583,1184,Resolved,identity_markers_removed
Donor2,UD,CXCR4_aging_retention,-0.160731812336086,946,Resolved,identity_markers_removed
Donor3,UA5,CXCR4_aging_retention,0.141577278252831,2053,Resolved,identity_markers_removed
Donor1,UA5,CXCR4_aging_retention,-0.125412570442787,1402,Resolved,identity_markers_removed
Donor2,UA5,CXCR4_aging_retention,-0.116590094726515,944,Resolved,identity_markers_removed
Donor6,UD,CXCR4_aging_retention,-0.168395513020617,481,Resolved,identity_markers_removed
Donor3,UD,CXCR4_aging_retention,0.111620446306324,1516,Resolved,identity_markers_removed
Donor6,UA5,CXCR4_aging_retention,-0.177382578277616,510,Resolved,identity_markers_removed
Donor1,UD,CXCR4_aging_retention,-0.0593238528716987,200,Resolved,identity_markers_removed
Donor5,UA5,CXCR4_aging_retention,-0.162277132881676,4,Resolved,identity_markers_removed
Donor4,CF,CXCR4_aging_retention,0.362985721504628,2848,Resolved,identity_markers_removed
Donor3,NA5,CXCR4_aging_retention,0.41764452441791,3913,Resolved,identity_markers_removed
Donor2,NA5,CXCR4_aging_retention,0.130758558815125,1148,Resolved,identity_markers_removed
Donor5,NA5,CXCR4_aging_retention,0.105480448534372,2536,Resolved,identity_markers_removed
Donor3,CF,CXCR4_aging_retention,0.393219984347539,3355,Resolved,identity_markers_removed
Donor6,CF,CXCR4_aging_retention,0.1135531056076,1249,Resolved,identity_markers_removed
Donor1,CF,CXCR4_aging_retention,0.128470026920696,1253,Resolved,identity_markers_removed
Donor4,NA5,CXCR4_aging_retention,0.419143946713574,1580,Resolved,identity_markers_removed
Donor1,NA5,CXCR4_aging_retention,0.163720383238499,71,Resolved,identity_markers_removed
Donor5,CF,CXCR4_aging_retention,0.412422198742723,11,Resolved,identity_markers_removed
Donor2,CF,CXCR4_aging_retention,0.079052643161279,22,Resolved,identity_markers_removed
Donor6,NA5,CXCR4_aging_retention,0.32772742394071,1,Resolved,identity_markers_removed
Donor6,N,NETosis,-0.131777705131155,1663,All annotated,identity_markers_removed
Donor1,N,NETosis,-0.197505020000579,130,All annotated,identity_markers_removed
Donor4,N,NETosis,-0.16030281148541,455,All annotated,identity_markers_removed
Donor2,NNAMPT,NETosis,-0.175323272547755,537,All annotated,identity_markers_removed
Donor1,NNAMPT,NETosis,-0.202927706749447,166,All annotated,identity_markers_removed
Donor5,N,NETosis,-0.171290534880508,133,All annotated,identity_markers_removed
Donor3,N,NETosis,-0.0704994023938271,201,All annotated,identity_markers_removed
Donor5,NNAMPT,NETosis,-0.176900127150244,99,All annotated,identity_markers_removed
Donor4,NNAMPT,NETosis,-0.13009561369293,540,All annotated,identity_markers_removed
Donor2,N,NETosis,-0.207232254811853,112,All annotated,identity_markers_removed
Donor3,NNAMPT,NETosis,0.0096159190037977,59,All annotated,identity_markers_removed
Donor6,NNAMPT,NETosis,-0.260302693862406,26,All annotated,identity_markers_removed
Donor6,UF,NETosis,-0.202774248167515,1972,All annotated,identity_markers_removed
Donor3,UF,NETosis,-0.0276674119443161,3890,All annotated,identity_markers_removed
Donor4,UF,NETosis,-0.0509433765188992,6013,All annotated,identity_markers_removed
Donor2,UF,NETosis,-0.195898133233819,3019,All annotated,identity_markers_removed
Donor4,UN,NETosis,-0.0694224755481073,2440,All annotated,identity_markers_removed
Donor3,UN,NETosis,-0.0435728073184237,4466,All annotated,identity_markers_removed
Donor2,UN,NETosis,-0.191162378008829,1863,All annotated,identity_markers_removed
Donor6,UN,NETosis,-0.195069425568607,229,All annotated,identity_markers_removed
Donor1,UF,NETosis,-0.196451596688202,534,All annotated,identity_markers_removed
Donor1,UN,NETosis,-0.146253598791509,221,All annotated,identity_markers_removed
Donor5,UF,NETosis,-0.219447802158379,149,All annotated,identity_markers_removed
Donor5,UN,NETosis,-0.14848442080734,75,All annotated,identity_markers_removed
Donor5,UD,NETosis,-0.181206997820542,6764,All annotated,identity_markers_removed
Donor1,UA5,NETosis,-0.172773169163221,7305,All annotated,identity_markers_removed
Donor6,UD,NETosis,-0.18116570072624,2875,All annotated,identity_markers_removed
Donor4,UD,NETosis,0.00152966160702625,3645,All annotated,identity_markers_removed
Donor3,UA5,NETosis,-0.0199228658721199,4000,All annotated,identity_markers_removed
Donor3,UD,NETosis,-0.0596929141850246,3339,All annotated,identity_markers_removed
Donor4,UA5,NETosis,-0.0103755874280585,3237,All annotated,identity_markers_removed
Donor2,UD,NETosis,-0.174561130590603,5139,All annotated,identity_markers_removed
Donor2,UA5,NETosis,-0.164644800626957,5195,All annotated,identity_markers_removed
Donor6,UA5,NETosis,-0.186405828477963,3261,All annotated,identity_markers_removed
Donor1,UD,NETosis,-0.182027473259378,915,All annotated,identity_markers_removed
Donor5,UA5,NETosis,-0.145018341583725,19,All annotated,identity_markers_removed
Donor3,NA5,NETosis,-0.00221038763026525,6663,All annotated,identity_markers_removed
Donor4,CF,NETosis,0.0210590013881577,4562,All annotated,identity_markers_removed
Donor6,CF,NETosis,-0.2197623089349,6575,All annotated,identity_markers_removed
Donor1,CF,NETosis,-0.201400819440307,5995,All annotated,identity_markers_removed
Donor5,NA5,NETosis,-0.205654375140135,12415,All annotated,identity_markers_removed
Donor2,NA5,NETosis,-0.2043632752824,5389,All annotated,identity_markers_removed
Donor3,CF,NETosis,0.0638633782322851,4923,All annotated,identity_markers_removed
Donor4,NA5,NETosis,0.0324682344354018,2472,All annotated,identity_markers_removed
Donor1,NA5,NETosis,-0.194022889632053,310,All annotated,identity_markers_removed
Donor2,CF,NETosis,-0.208164308185516,61,All annotated,identity_markers_removed
Donor5,CF,NETosis,-0.0139270502781213,34,All annotated,identity_markers_removed
Donor6,NA5,NETosis,0.017574901408468,3,All annotated,identity_markers_removed
Donor6,N,Degranulation,0.056409180640166,1663,All annotated,identity_markers_removed
Donor1,N,Degranulation,-0.148556611322868,130,All annotated,identity_markers_removed
Donor4,N,Degranulation,-0.0557274264398802,455,All annotated,identity_markers_removed
Donor2,NNAMPT,Degranulation,-0.0845584614095605,537,All annotated,identity_markers_removed
Donor1,NNAMPT,Degranulation,-0.184721821984982,166,All annotated,identity_markers_removed
Donor5,N,Degranulation,-0.0819209800064105,133,All annotated,identity_markers_removed
Donor3,N,Degranulation,0.07411111521719,201,All annotated,identity_markers_removed
Donor5,NNAMPT,Degranulation,-0.129052132326457,99,All annotated,identity_markers_removed
Donor4,NNAMPT,Degranulation,-0.0408136188178153,540,All annotated,identity_markers_removed
Donor2,N,Degranulation,-0.140382957201067,112,All annotated,identity_markers_removed
Donor3,NNAMPT,Degranulation,0.0778328885697585,59,All annotated,identity_markers_removed
Donor6,NNAMPT,Degranulation,-0.110801974612048,26,All annotated,identity_markers_removed
Donor6,UF,Degranulation,-0.156233300734292,1972,All annotated,identity_markers_removed
Donor3,UF,Degranulation,-0.0513918064610895,3890,All annotated,identity_markers_removed
Donor4,UF,Degranulation,-0.0658215539225571,6013,All annotated,identity_markers_removed
Donor2,UF,Degranulation,-0.128654266626195,3019,All annotated,identity_markers_removed
Donor4,UN,Degranulation,-0.0371458416543941,2440,All annotated,identity_markers_removed
Donor3,UN,Degranulation,-0.0516614190206171,4466,All annotated,identity_markers_removed
Donor2,UN,Degranulation,-0.123260040029117,1863,All annotated,identity_markers_removed
Donor6,UN,Degranulation,-0.115698170838535,229,All annotated,identity_markers_removed
Donor1,UF,Degranulation,-0.125254521576564,534,All annotated,identity_markers_removed
Donor1,UN,Degranulation,-0.103138260326809,221,All annotated,identity_markers_removed
Donor5,UF,Degranulation,-0.162043945165639,149,All annotated,identity_markers_removed
Donor5,UN,Degranulation,-0.17090308216618,75,All annotated,identity_markers_removed
Donor5,UD,Degranulation,-0.0763582709657878,6764,All annotated,identity_markers_removed
Donor1,UA5,Degranulation,-0.0741596851134096,7305,All annotated,identity_markers_removed
Donor6,UD,Degranulation,-0.0836361043945836,2875,All annotated,identity_markers_removed
Donor4,UD,Degranulation,0.00643464410569051,3645,All annotated,identity_markers_removed
Donor3,UA5,Degranulation,-0.0112316115012159,4000,All annotated,identity_markers_removed
Donor3,UD,Degranulation,-0.0084146475887777,3339,All annotated,identity_markers_removed
Donor4,UA5,Degranulation,-0.0162453772504134,3237,All annotated,identity_markers_removed
Donor2,UD,Degranulation,-0.0812085854483489,5139,All annotated,identity_markers_removed
Donor2,UA5,Degranulation,-0.0728346494169275,5195,All annotated,identity_markers_removed
Donor6,UA5,Degranulation,-0.0841387526883351,3261,All annotated,identity_markers_removed
Donor1,UD,Degranulation,-0.0583203370555883,915,All annotated,identity_markers_removed
Donor5,UA5,Degranulation,-0.141497728279178,19,All annotated,identity_markers_removed
Donor3,NA5,Degranulation,-0.0269469495975628,6663,All annotated,identity_markers_removed
Donor4,CF,Degranulation,-0.0184639250955555,4562,All annotated,identity_markers_removed
Donor6,CF,Degranulation,-0.146601122905679,6575,All annotated,identity_markers_removed
Donor1,CF,Degranulation,-0.137084155652815,5995,All annotated,identity_markers_removed
Donor5,NA5,Degranulation,-0.139113321121887,12415,All annotated,identity_markers_removed
Donor2,NA5,Degranulation,-0.147169305982954,5389,All annotated,identity_markers_removed
Donor3,CF,Degranulation,0.00523671210131171,4923,All annotated,identity_markers_removed
Donor4,NA5,Degranulation,-0.0115014309205402,2472,All annotated,identity_markers_removed
Donor1,NA5,Degranulation,-0.124406868152403,310,All annotated,identity_markers_removed
Donor2,CF,Degranulation,-0.066256042924175,61,All annotated,identity_markers_removed
Donor5,CF,Degranulation,-0.0648709846812054,34,All annotated,identity_markers_removed
Donor6,NA5,Degranulation,-0.0710796862707281,3,All annotated,identity_markers_removed
Donor6,N,Oxidative_burst,-0.29326724242641,1663,All annotated,identity_markers_removed
Donor1,N,Oxidative_burst,-0.293625683918116,130,All annotated,identity_markers_removed
Donor4,N,Oxidative_burst,-0.246265263182064,455,All annotated,identity_markers_removed
Donor2,NNAMPT,Oxidative_burst,-0.299906117614409,537,All annotated,identity_markers_removed
Donor1,NNAMPT,Oxidative_burst,-0.297214437286906,166,All annotated,identity_markers_removed
Donor5,N,Oxidative_burst,-0.291587981626103,133,All annotated,identity_markers_removed
Donor3,N,Oxidative_burst,-0.203690017989018,201,All annotated,identity_markers_removed
Donor5,NNAMPT,Oxidative_burst,-0.360486107038867,99,All annotated,identity_markers_removed
Donor4,NNAMPT,Oxidative_burst,-0.29884600776333,540,All annotated,identity_markers_removed
Donor2,N,Oxidative_burst,-0.355235697406975,112,All annotated,identity_markers_removed
Donor3,NNAMPT,Oxidative_burst,-0.153601655886104,59,All annotated,identity_markers_removed
Donor6,NNAMPT,Oxidative_burst,-0.340924484104182,26,All annotated,identity_markers_removed
Donor6,UF,Oxidative_burst,-0.33514117524306,1972,All annotated,identity_markers_removed
Donor3,UF,Oxidative_burst,-0.0476121084683315,3890,All annotated,identity_markers_removed
Donor4,UF,Oxidative_burst,-0.0783007945387224,6013,All annotated,identity_markers_removed
Donor2,UF,Oxidative_burst,-0.302699543453706,3019,All annotated,identity_markers_removed
Donor4,UN,Oxidative_burst,-0.111121807717901,2440,All annotated,identity_markers_removed
Donor3,UN,Oxidative_burst,-0.0795135512654878,4466,All annotated,identity_markers_removed
Donor2,UN,Oxidative_burst,-0.295743434606689,1863,All annotated,identity_markers_removed
Donor6,UN,Oxidative_burst,-0.314898268682947,229,All annotated,identity_markers_removed
Donor1,UF,Oxidative_burst,-0.282527773790091,534,All annotated,identity_markers_removed
Donor1,UN,Oxidative_burst,-0.205906785012693,221,All annotated,identity_markers_removed
Donor5,UF,Oxidative_burst,-0.297542553563626,149,All annotated,identity_markers_removed
Donor5,UN,Oxidative_burst,-0.17146515032943,75,All annotated,identity_markers_removed
Donor5,UD,Oxidative_burst,-0.343581108060974,6764,All annotated,identity_markers_removed
Donor1,UA5,Oxidative_burst,-0.33609316792275,7305,All annotated,identity_markers_removed
Donor6,UD,Oxidative_burst,-0.351623037093831,2875,All annotated,identity_markers_removed
Donor4,UD,Oxidative_burst,-0.0778631223471913,3645,All annotated,identity_markers_removed
Donor3,UA5,Oxidative_burst,-0.0706234848485736,4000,All annotated,identity_markers_removed
Donor3,UD,Oxidative_burst,-0.148130812961867,3339,All annotated,identity_markers_removed
Donor4,UA5,Oxidative_burst,-0.0610700390705887,3237,All annotated,identity_markers_removed
Donor2,UD,Oxidative_burst,-0.345372416029038,5139,All annotated,identity_markers_removed
Donor2,UA5,Oxidative_burst,-0.332646737930993,5195,All annotated,identity_markers_removed
Donor6,UA5,Oxidative_burst,-0.36203661500455,3261,All annotated,identity_markers_removed
Donor1,UD,Oxidative_burst,-0.304272368117544,915,All annotated,identity_markers_removed
Donor5,UA5,Oxidative_burst,-0.200293499732176,19,All annotated,identity_markers_removed
Donor3,NA5,Oxidative_burst,-0.0200293729661938,6663,All annotated,identity_markers_removed
Donor4,CF,Oxidative_burst,0.0338355990477737,4562,All annotated,identity_markers_removed
Donor6,CF,Oxidative_burst,-0.343821359626594,6575,All annotated,identity_markers_removed
Donor1,CF,Oxidative_burst,-0.321023042069325,5995,All annotated,identity_markers_removed
Donor5,NA5,Oxidative_burst,-0.329898317897849,12415,All annotated,identity_markers_removed
Donor2,NA5,Oxidative_burst,-0.32317055923908,5389,All annotated,identity_markers_removed
Donor3,CF,Oxidative_burst,0.078171840804318,4923,All annotated,identity_markers_removed
Donor4,NA5,Oxidative_burst,0.029280815017233,2472,All annotated,identity_markers_removed
Donor1,NA5,Oxidative_burst,-0.302797640756586,310,All annotated,identity_markers_removed
Donor2,CF,Oxidative_burst,-0.278271125322616,61,All annotated,identity_markers_removed
Donor5,CF,Oxidative_burst,-0.113487700792025,34,All annotated,identity_markers_removed
Donor6,NA5,Oxidative_burst,0.0736822931911605,3,All annotated,identity_markers_removed
Donor6,N,Phagocytosis,-0.435503761967229,1663,All annotated,identity_markers_removed
Donor1,N,Phagocytosis,-0.490793216854526,130,All annotated,identity_markers_removed
Donor4,N,Phagocytosis,-0.390702865717494,455,All annotated,identity_markers_removed
Donor2,NNAMPT,Phagocytosis,-0.470966462336582,537,All annotated,identity_markers_removed
Donor1,NNAMPT,Phagocytosis,-0.461310959466873,166,All annotated,identity_markers_removed
Donor5,N,Phagocytosis,-0.460923798688476,133,All annotated,identity_markers_removed
Donor3,N,Phagocytosis,-0.30977661027226,201,All annotated,identity_markers_removed
Donor5,NNAMPT,Phagocytosis,-0.503650713969881,99,All annotated,identity_markers_removed
Donor4,NNAMPT,Phagocytosis,-0.418743559391527,540,All annotated,identity_markers_removed
Donor2,N,Phagocytosis,-0.472306509660109,112,All annotated,identity_markers_removed
Donor3,NNAMPT,Phagocytosis,-0.154585043935299,59,All annotated,identity_markers_removed
Donor6,NNAMPT,Phagocytosis,-0.530424683471814,26,All annotated,identity_markers_removed
Donor6,UF,Phagocytosis,-0.431543932677315,1972,All annotated,identity_markers_removed
Donor3,UF,Phagocytosis,-0.0270521266904761,3890,All annotated,identity_markers_removed
Donor4,UF,Phagocytosis,-0.0790318162850794,6013,All annotated,identity_markers_removed
Donor2,UF,Phagocytosis,-0.380281292631569,3019,All annotated,identity_markers_removed
Donor4,UN,Phagocytosis,-0.109261633474244,2440,All annotated,identity_markers_removed
Donor3,UN,Phagocytosis,-0.0427591121171753,4466,All annotated,identity_markers_removed
Donor2,UN,Phagocytosis,-0.385539508056763,1863,All annotated,identity_markers_removed
Donor6,UN,Phagocytosis,-0.399263927528994,229,All annotated,identity_markers_removed
Donor1,UF,Phagocytosis,-0.368078145651533,534,All annotated,identity_markers_removed
Donor1,UN,Phagocytosis,-0.28096447070069,221,All annotated,identity_markers_removed
Donor5,UF,Phagocytosis,-0.397491732412791,149,All annotated,identity_markers_removed
Donor5,UN,Phagocytosis,-0.309196264776208,75,All annotated,identity_markers_removed
Donor5,UD,Phagocytosis,-0.461931769075479,6764,All annotated,identity_markers_removed
Donor1,UA5,Phagocytosis,-0.44094067586321,7305,All annotated,identity_markers_removed
Donor6,UD,Phagocytosis,-0.472855752875611,2875,All annotated,identity_markers_removed
Donor4,UD,Phagocytosis,-0.093510366277628,3645,All annotated,identity_markers_removed
Donor3,UA5,Phagocytosis,-0.103952885976019,4000,All annotated,identity_markers_removed
Donor3,UD,Phagocytosis,-0.159732132598293,3339,All annotated,identity_markers_removed
Donor4,UA5,Phagocytosis,-0.123538084720856,3237,All annotated,identity_markers_removed
Donor2,UD,Phagocytosis,-0.451284131994324,5139,All annotated,identity_markers_removed
Donor2,UA5,Phagocytosis,-0.450001667265661,5195,All annotated,identity_markers_removed
Donor6,UA5,Phagocytosis,-0.474105549060674,3261,All annotated,identity_markers_removed
Donor1,UD,Phagocytosis,-0.403133581037221,915,All annotated,identity_markers_removed
Donor5,UA5,Phagocytosis,-0.428235063455315,19,All annotated,identity_markers_removed
Donor3,NA5,Phagocytosis,0.00805023027818654,6663,All annotated,identity_markers_removed
Donor4,CF,Phagocytosis,0.0679861395746644,4562,All annotated,identity_markers_removed
Donor6,CF,Phagocytosis,-0.42295319820786,6575,All annotated,identity_markers_removed
Donor1,CF,Phagocytosis,-0.402574761091594,5995,All annotated,identity_markers_removed
Donor5,NA5,Phagocytosis,-0.411298534180329,12415,All annotated,identity_markers_removed
Donor2,NA5,Phagocytosis,-0.400352681949242,5389,All annotated,identity_markers_removed
Donor3,CF,Phagocytosis,0.125439618545178,4923,All annotated,identity_markers_removed
Donor4,NA5,Phagocytosis,0.0789066576475205,2472,All annotated,identity_markers_removed
Donor1,NA5,Phagocytosis,-0.367543609325657,310,All annotated,identity_markers_removed
Donor2,CF,Phagocytosis,-0.319539175893041,61,All annotated,identity_markers_removed
Donor5,CF,Phagocytosis,-0.195487998617792,34,All annotated,identity_markers_removed
Donor6,NA5,Phagocytosis,0.172310067153759,3,All annotated,identity_markers_removed
Donor6,N,Chemotaxis,-0.409994853975297,1663,All annotated,identity_markers_removed
Donor1,N,Chemotaxis,-0.437157501660422,130,All annotated,identity_markers_removed
Donor4,N,Chemotaxis,-0.352239985592332,455,All annotated,identity_markers_removed
Donor2,NNAMPT,Chemotaxis,-0.437222369620879,537,All annotated,identity_markers_removed
Donor1,NNAMPT,Chemotaxis,-0.443299454934978,166,All annotated,identity_markers_removed
Donor5,N,Chemotaxis,-0.402937519151338,133,All annotated,identity_markers_removed
Donor3,N,Chemotaxis,-0.328701111403776,201,All annotated,identity_markers_removed
Donor5,NNAMPT,Chemotaxis,-0.425657130370573,99,All annotated,identity_markers_removed
Donor4,NNAMPT,Chemotaxis,-0.384437676752499,540,All annotated,identity_markers_removed
Donor2,N,Chemotaxis,-0.478481029857698,112,All annotated,identity_markers_removed
Donor3,NNAMPT,Chemotaxis,-0.133379930148069,59,All annotated,identity_markers_removed
Donor6,NNAMPT,Chemotaxis,-0.527688058610613,26,All annotated,identity_markers_removed
Donor6,UF,Chemotaxis,-0.39899299858319,1972,All annotated,identity_markers_removed
Donor3,UF,Chemotaxis,-0.0188901701963813,3890,All annotated,identity_markers_removed
Donor4,UF,Chemotaxis,-0.0773309474527898,6013,All annotated,identity_markers_removed
Donor2,UF,Chemotaxis,-0.338508610062521,3019,All annotated,identity_markers_removed
Donor4,UN,Chemotaxis,-0.0696932276092977,2440,All annotated,identity_markers_removed
Donor3,UN,Chemotaxis,-0.0186416226533867,4466,All annotated,identity_markers_removed
Donor2,UN,Chemotaxis,-0.330334972527402,1863,All annotated,identity_markers_removed
Donor6,UN,Chemotaxis,-0.373227077029095,229,All annotated,identity_markers_removed
Donor1,UF,Chemotaxis,-0.33382877337336,534,All annotated,identity_markers_removed
Donor1,UN,Chemotaxis,-0.189801496143107,221,All annotated,identity_markers_removed
Donor5,UF,Chemotaxis,-0.354215814149764,149,All annotated,identity_markers_removed
Donor5,UN,Chemotaxis,-0.27454744422667,75,All annotated,identity_markers_removed
Donor5,UD,Chemotaxis,-0.425753396975035,6764,All annotated,identity_markers_removed
Donor1,UA5,Chemotaxis,-0.40586862612257,7305,All annotated,identity_markers_removed
Donor6,UD,Chemotaxis,-0.435199620004439,2875,All annotated,identity_markers_removed
Donor4,UD,Chemotaxis,-0.0884122655413685,3645,All annotated,identity_markers_removed
Donor3,UA5,Chemotaxis,-0.11690598064296,4000,All annotated,identity_markers_removed
Donor3,UD,Chemotaxis,-0.166642326037095,3339,All annotated,identity_markers_removed
Donor4,UA5,Chemotaxis,-0.144119079193383,3237,All annotated,identity_markers_removed
Donor2,UD,Chemotaxis,-0.412908842730521,5139,All annotated,identity_markers_removed
Donor2,UA5,Chemotaxis,-0.408107023688938,5195,All annotated,identity_markers_removed
Donor6,UA5,Chemotaxis,-0.443210758569952,3261,All annotated,identity_markers_removed
Donor1,UD,Chemotaxis,-0.365017897449747,915,All annotated,identity_markers_removed
Donor5,UA5,Chemotaxis,-0.427475707761003,19,All annotated,identity_markers_removed
Donor3,NA5,Chemotaxis,0.00455779165866846,6663,All annotated,identity_markers_removed
Donor4,CF,Chemotaxis,0.0205487307249408,4562,All annotated,identity_markers_removed
Donor6,CF,Chemotaxis,-0.401225340493298,6575,All annotated,identity_markers_removed
Donor1,CF,Chemotaxis,-0.380364765453119,5995,All annotated,identity_markers_removed
Donor5,NA5,Chemotaxis,-0.39056228020871,12415,All annotated,identity_markers_removed
Donor2,NA5,Chemotaxis,-0.370961116549884,5389,All annotated,identity_markers_removed
Donor3,CF,Chemotaxis,0.0783786148035809,4923,All annotated,identity_markers_removed
Donor4,NA5,Chemotaxis,0.0588467499039186,2472,All annotated,identity_markers_removed
Donor1,NA5,Chemotaxis,-0.341210223005807,310,All annotated,identity_markers_removed
Donor2,CF,Chemotaxis,-0.275193247099613,61,All annotated,identity_markers_removed
Donor5,CF,Chemotaxis,-0.273685817289377,34,All annotated,identity_markers_removed
Donor6,NA5,Chemotaxis,0.00850501601238623,3,All annotated,identity_markers_removed
Donor6,N,OSM_inflammation,-0.492372147510306,1663,All annotated,identity_markers_removed
Donor1,N,OSM_inflammation,-0.564416816733157,130,All annotated,identity_markers_removed
Donor4,N,OSM_inflammation,-0.440482471845854,455,All annotated,identity_markers_removed
Donor2,NNAMPT,OSM_inflammation,-0.55426358428457,537,All annotated,identity_markers_removed
Donor1,NNAMPT,OSM_inflammation,-0.568698876946685,166,All annotated,identity_markers_removed
Donor5,N,OSM_inflammation,-0.507760996692262,133,All annotated,identity_markers_removed
Donor3,N,OSM_inflammation,-0.358600659803782,201,All annotated,identity_markers_removed
Donor5,NNAMPT,OSM_inflammation,-0.576144994695833,99,All annotated,identity_markers_removed
Donor4,NNAMPT,OSM_inflammation,-0.521089203739952,540,All annotated,identity_markers_removed
Donor2,N,OSM_inflammation,-0.551861725896311,112,All annotated,identity_markers_removed
Donor3,NNAMPT,OSM_inflammation,-0.251181832355366,59,All annotated,identity_markers_removed
Donor6,NNAMPT,OSM_inflammation,-0.530049776550769,26,All annotated,identity_markers_removed
Donor6,UF,OSM_inflammation,-0.478257775883774,1972,All annotated,identity_markers_removed
Donor3,UF,OSM_inflammation,0.0272084437308816,3890,All annotated,identity_markers_removed
Donor4,UF,OSM_inflammation,0.0295709994496205,6013,All annotated,identity_markers_removed
Donor2,UF,OSM_inflammation,-0.435067463474457,3019,All annotated,identity_markers_removed
Donor4,UN,OSM_inflammation,-0.171667056489126,2440,All annotated,identity_markers_removed
Donor3,UN,OSM_inflammation,-0.0894486407016157,4466,All annotated,identity_markers_removed
Donor2,UN,OSM_inflammation,-0.425111779155072,1863,All annotated,identity_markers_removed
Donor6,UN,OSM_inflammation,-0.485236386894705,229,All annotated,identity_markers_removed
Donor1,UF,OSM_inflammation,-0.427942853037356,534,All annotated,identity_markers_removed
Donor1,UN,OSM_inflammation,-0.317531925364758,221,All annotated,identity_markers_removed
Donor5,UF,OSM_inflammation,-0.517414519850031,149,All annotated,identity_markers_removed
Donor5,UN,OSM_inflammation,-0.397100682028446,75,All annotated,identity_markers_removed
Donor5,UD,OSM_inflammation,-0.443574683644707,6764,All annotated,identity_markers_removed
Donor1,UA5,OSM_inflammation,-0.41796375407563,7305,All annotated,identity_markers_removed
Donor6,UD,OSM_inflammation,-0.44571177912309,2875,All annotated,identity_markers_removed
Donor4,UD,OSM_inflammation,-0.0802152978022654,3645,All annotated,identity_markers_removed
Donor3,UA5,OSM_inflammation,-0.0635670988492287,4000,All annotated,identity_markers_removed
Donor3,UD,OSM_inflammation,-0.168185307168941,3339,All annotated,identity_markers_removed
Donor4,UA5,OSM_inflammation,-0.0585488067354106,3237,All annotated,identity_markers_removed
Donor2,UD,OSM_inflammation,-0.433183493673712,5139,All annotated,identity_markers_removed
Donor2,UA5,OSM_inflammation,-0.424299655425124,5195,All annotated,identity_markers_removed
Donor6,UA5,OSM_inflammation,-0.475031529167975,3261,All annotated,identity_markers_removed
Donor1,UD,OSM_inflammation,-0.423061082323353,915,All annotated,identity_markers_removed
Donor5,UA5,OSM_inflammation,-0.44516727299451,19,All annotated,identity_markers_removed
Donor3,NA5,OSM_inflammation,-0.0951797305735433,6663,All annotated,identity_markers_removed
Donor4,CF,OSM_inflammation,-0.026442457307058,4562,All annotated,identity_markers_removed
Donor6,CF,OSM_inflammation,-0.537611178976129,6575,All annotated,identity_markers_removed
Donor1,CF,OSM_inflammation,-0.518624623238776,5995,All annotated,identity_markers_removed
Donor5,NA5,OSM_inflammation,-0.520794215114381,12415,All annotated,identity_markers_removed
Donor2,NA5,OSM_inflammation,-0.509169555763867,5389,All annotated,identity_markers_removed
Donor3,CF,OSM_inflammation,0.0528698558213864,4923,All annotated,identity_markers_removed
Donor4,NA5,OSM_inflammation,-0.0407009775189368,2472,All annotated,identity_markers_removed
Donor1,NA5,OSM_inflammation,-0.476562852643846,310,All annotated,identity_markers_removed
Donor2,CF,OSM_inflammation,-0.497443541818845,61,All annotated,identity_markers_removed
Donor5,CF,OSM_inflammation,-0.315794674960282,34,All annotated,identity_markers_removed
Donor6,NA5,OSM_inflammation,-0.41640244511644,3,All annotated,identity_markers_removed
Donor6,N,Type_I_interferon,-0.0146505087686864,1663,All annotated,identity_markers_removed
Donor1,N,Type_I_interferon,-0.0186248409035056,130,All annotated,identity_markers_removed
Donor4,N,Type_I_interferon,-0.0143920441305301,455,All annotated,identity_markers_removed
Donor2,NNAMPT,Type_I_interferon,-0.0614395751504068,537,All annotated,identity_markers_removed
Donor1,NNAMPT,Type_I_interferon,-0.0295644690592206,166,All annotated,identity_markers_removed
Donor5,N,Type_I_interferon,0.0109256870761382,133,All annotated,identity_markers_removed
Donor3,N,Type_I_interferon,-0.0220546158850025,201,All annotated,identity_markers_removed
Donor5,NNAMPT,Type_I_interferon,-0.0667637110637552,99,All annotated,identity_markers_removed
Donor4,NNAMPT,Type_I_interferon,0.0115020341013347,540,All annotated,identity_markers_removed
Donor2,N,Type_I_interferon,-0.0861385595030427,112,All annotated,identity_markers_removed
Donor3,NNAMPT,Type_I_interferon,0.0343490187415121,59,All annotated,identity_markers_removed
Donor6,NNAMPT,Type_I_interferon,-0.0718131070055831,26,All annotated,identity_markers_removed
Donor6,UF,Type_I_interferon,-0.0386755457714149,1972,All annotated,identity_markers_removed
Donor3,UF,Type_I_interferon,0.0260755871952544,3890,All annotated,identity_markers_removed
Donor4,UF,Type_I_interferon,-0.00451690090180869,6013,All annotated,identity_markers_removed
Donor2,UF,Type_I_interferon,-0.0295779925317383,3019,All annotated,identity_markers_removed
Donor4,UN,Type_I_interferon,-0.00119896463279721,2440,All annotated,identity_markers_removed
Donor3,UN,Type_I_interferon,0.0180331520975135,4466,All annotated,identity_markers_removed
Donor2,UN,Type_I_interferon,-0.0208109236869325,1863,All annotated,identity_markers_removed
Donor6,UN,Type_I_interferon,-0.037934221081651,229,All annotated,identity_markers_removed
Donor1,UF,Type_I_interferon,-0.0322980025102156,534,All annotated,identity_markers_removed
Donor1,UN,Type_I_interferon,0.00301989976916176,221,All annotated,identity_markers_removed
Donor5,UF,Type_I_interferon,-0.0267160476719249,149,All annotated,identity_markers_removed
Donor5,UN,Type_I_interferon,-0.0852890123235289,75,All annotated,identity_markers_removed
Donor5,UD,Type_I_interferon,-0.0378421899752971,6764,All annotated,identity_markers_removed
Donor1,UA5,Type_I_interferon,-0.0277991583151289,7305,All annotated,identity_markers_removed
Donor6,UD,Type_I_interferon,-0.0389075453439182,2875,All annotated,identity_markers_removed
Donor4,UD,Type_I_interferon,0.0238935624200481,3645,All annotated,identity_markers_removed
Donor3,UA5,Type_I_interferon,0.0220251123507799,4000,All annotated,identity_markers_removed
Donor3,UD,Type_I_interferon,0.0262885138698088,3339,All annotated,identity_markers_removed
Donor4,UA5,Type_I_interferon,0.0137170090855242,3237,All annotated,identity_markers_removed
Donor2,UD,Type_I_interferon,-0.0363772916774791,5139,All annotated,identity_markers_removed
Donor2,UA5,Type_I_interferon,-0.0238924343637958,5195,All annotated,identity_markers_removed
Donor6,UA5,Type_I_interferon,-0.0241162757053768,3261,All annotated,identity_markers_removed
Donor1,UD,Type_I_interferon,-0.0298058706966669,915,All annotated,identity_markers_removed
Donor5,UA5,Type_I_interferon,-0.0597086576467606,19,All annotated,identity_markers_removed
Donor3,NA5,Type_I_interferon,0.027223507748962,6663,All annotated,identity_markers_removed
Donor4,CF,Type_I_interferon,0.0278621087603899,4562,All annotated,identity_markers_removed
Donor6,CF,Type_I_interferon,-0.0363728362099374,6575,All annotated,identity_markers_removed
Donor1,CF,Type_I_interferon,-0.0331214886430332,5995,All annotated,identity_markers_removed
Donor5,NA5,Type_I_interferon,-0.0347346580564626,12415,All annotated,identity_markers_removed
Donor2,NA5,Type_I_interferon,-0.0382038761025306,5389,All annotated,identity_markers_removed
Donor3,CF,Type_I_interferon,0.0235369640725199,4923,All annotated,identity_markers_removed
Donor4,NA5,Type_I_interferon,0.0427562525506318,2472,All annotated,identity_markers_removed
Donor1,NA5,Type_I_interferon,-0.033836848336185,310,All annotated,identity_markers_removed
Donor2,CF,Type_I_interferon,-0.00858516998044762,61,All annotated,identity_markers_removed
Donor5,CF,Type_I_interferon,-0.0265931977829793,34,All annotated,identity_markers_removed
Donor6,NA5,Type_I_interferon,0.0297096240324688,3,All annotated,identity_markers_removed
Donor6,N,Immature_granulopoiesis,0.19817033200301,1663,All annotated,identity_markers_removed
Donor1,N,Immature_granulopoiesis,-0.0304162058149575,130,All annotated,identity_markers_removed
Donor4,N,Immature_granulopoiesis,0.052786779306963,455,All annotated,identity_markers_removed
Donor2,NNAMPT,Immature_granulopoiesis,0.0256711374935606,537,All annotated,identity_markers_removed
Donor1,NNAMPT,Immature_granulopoiesis,-0.0940526852420807,166,All annotated,identity_markers_removed
Donor5,N,Immature_granulopoiesis,0.0630811017858768,133,All annotated,identity_markers_removed
Donor3,N,Immature_granulopoiesis,0.163598152267311,201,All annotated,identity_markers_removed
Donor5,NNAMPT,Immature_granulopoiesis,-0.0382431778895072,99,All annotated,identity_markers_removed
Donor4,NNAMPT,Immature_granulopoiesis,0.0635235484988893,540,All annotated,identity_markers_removed
Donor2,N,Immature_granulopoiesis,-0.0434886322966416,112,All annotated,identity_markers_removed
Donor3,NNAMPT,Immature_granulopoiesis,0.0730161506197129,59,All annotated,identity_markers_removed
Donor6,NNAMPT,Immature_granulopoiesis,-0.0394375206447673,26,All annotated,identity_markers_removed
Donor6,UF,Immature_granulopoiesis,-0.0640721373662771,1972,All annotated,identity_markers_removed
Donor3,UF,Immature_granulopoiesis,-0.0381354538357115,3890,All annotated,identity_markers_removed
Donor4,UF,Immature_granulopoiesis,-0.0361632829511637,6013,All annotated,identity_markers_removed
Donor2,UF,Immature_granulopoiesis,-0.0446902480643195,3019,All annotated,identity_markers_removed
Donor4,UN,Immature_granulopoiesis,-0.0330006861843299,2440,All annotated,identity_markers_removed
Donor3,UN,Immature_granulopoiesis,-0.0436943752864808,4466,All annotated,identity_markers_removed
Donor2,UN,Immature_granulopoiesis,-0.042352176915662,1863,All annotated,identity_markers_removed
Donor6,UN,Immature_granulopoiesis,-0.0454022442490465,229,All annotated,identity_markers_removed
Donor1,UF,Immature_granulopoiesis,-0.048134089633726,534,All annotated,identity_markers_removed
Donor1,UN,Immature_granulopoiesis,-0.0200131158017324,221,All annotated,identity_markers_removed
Donor5,UF,Immature_granulopoiesis,-0.0631291331908309,149,All annotated,identity_markers_removed
Donor5,UN,Immature_granulopoiesis,-0.0259957038383182,75,All annotated,identity_markers_removed
Donor5,UD,Immature_granulopoiesis,0.0348115836514851,6764,All annotated,identity_markers_removed
Donor1,UA5,Immature_granulopoiesis,0.0380454371779918,7305,All annotated,identity_markers_removed
Donor6,UD,Immature_granulopoiesis,0.0238453721098802,2875,All annotated,identity_markers_removed
Donor4,UD,Immature_granulopoiesis,0.0298761337393986,3645,All annotated,identity_markers_removed
Donor3,UA5,Immature_granulopoiesis,0.0269726177939533,4000,All annotated,identity_markers_removed
Donor3,UD,Immature_granulopoiesis,0.0505133263484967,3339,All annotated,identity_markers_removed
Donor4,UA5,Immature_granulopoiesis,0.027151398033845,3237,All annotated,identity_markers_removed
Donor2,UD,Immature_granulopoiesis,0.0251147044448681,5139,All annotated,identity_markers_removed
Donor2,UA5,Immature_granulopoiesis,0.0323527160871742,5195,All annotated,identity_markers_removed
Donor6,UA5,Immature_granulopoiesis,0.0278376315168206,3261,All annotated,identity_markers_removed
Donor1,UD,Immature_granulopoiesis,0.0349109666839364,915,All annotated,identity_markers_removed
Donor5,UA5,Immature_granulopoiesis,-0.0655504181313316,19,All annotated,identity_markers_removed
Donor3,NA5,Immature_granulopoiesis,-0.0521643129164498,6663,All annotated,identity_markers_removed
Donor4,CF,Immature_granulopoiesis,-0.0498860578151099,4562,All annotated,identity_markers_removed
Donor6,CF,Immature_granulopoiesis,-0.0686690138204916,6575,All annotated,identity_markers_removed
Donor1,CF,Immature_granulopoiesis,-0.0672941966196814,5995,All annotated,identity_markers_removed
Donor5,NA5,Immature_granulopoiesis,-0.061396096762572,12415,All annotated,identity_markers_removed
Donor2,NA5,Immature_granulopoiesis,-0.0701330352695457,5389,All annotated,identity_markers_removed
Donor3,CF,Immature_granulopoiesis,-0.0431953235998249,4923,All annotated,identity_markers_removed
Donor4,NA5,Immature_granulopoiesis,-0.0495899945906491,2472,All annotated,identity_markers_removed
Donor1,NA5,Immature_granulopoiesis,-0.0497176598069624,310,All annotated,identity_markers_removed
Donor2,CF,Immature_granulopoiesis,-0.0252665514739521,61,All annotated,identity_markers_removed
Donor5,CF,Immature_granulopoiesis,-0.045222963572397,34,All annotated,identity_markers_removed
Donor6,NA5,Immature_granulopoiesis,-0.0607456962165658,3,All annotated,identity_markers_removed
Donor6,N,Survival_antiapoptosis,-0.293336141750449,1663,All annotated,identity_markers_removed
Donor1,N,Survival_antiapoptosis,-0.304622202567099,130,All annotated,identity_markers_removed
Donor4,N,Survival_antiapoptosis,-0.262192684455648,455,All annotated,identity_markers_removed
Donor2,NNAMPT,Survival_antiapoptosis,-0.3068242504865,537,All annotated,identity_markers_removed
Donor1,NNAMPT,Survival_antiapoptosis,-0.315868384942458,166,All annotated,identity_markers_removed
Donor5,N,Survival_antiapoptosis,-0.310782516082406,133,All annotated,identity_markers_removed
Donor3,N,Survival_antiapoptosis,-0.190858425149515,201,All annotated,identity_markers_removed
Donor5,NNAMPT,Survival_antiapoptosis,-0.298297272626969,99,All annotated,identity_markers_removed
Donor4,NNAMPT,Survival_antiapoptosis,-0.25358457440113,540,All annotated,identity_markers_removed
Donor2,N,Survival_antiapoptosis,-0.279506630407173,112,All annotated,identity_markers_removed
Donor3,NNAMPT,Survival_antiapoptosis,-0.159021461573771,59,All annotated,identity_markers_removed
Donor6,NNAMPT,Survival_antiapoptosis,-0.467167163473528,26,All annotated,identity_markers_removed
Donor6,UF,Survival_antiapoptosis,-0.272874525660303,1972,All annotated,identity_markers_removed
Donor3,UF,Survival_antiapoptosis,0.0371860890758259,3890,All annotated,identity_markers_removed
Donor4,UF,Survival_antiapoptosis,-0.00135070766136805,6013,All annotated,identity_markers_removed
Donor2,UF,Survival_antiapoptosis,-0.246987437994442,3019,All annotated,identity_markers_removed
Donor4,UN,Survival_antiapoptosis,-0.0759037021902834,2440,All annotated,identity_markers_removed
Donor3,UN,Survival_antiapoptosis,0.00445547256852561,4466,All annotated,identity_markers_removed
Donor2,UN,Survival_antiapoptosis,-0.247330496885109,1863,All annotated,identity_markers_removed
Donor6,UN,Survival_antiapoptosis,-0.246446411374487,229,All annotated,identity_markers_removed
Donor1,UF,Survival_antiapoptosis,-0.24973684683261,534,All annotated,identity_markers_removed
Donor1,UN,Survival_antiapoptosis,-0.141746784280757,221,All annotated,identity_markers_removed
Donor5,UF,Survival_antiapoptosis,-0.279922707981758,149,All annotated,identity_markers_removed
Donor5,UN,Survival_antiapoptosis,-0.237244861557151,75,All annotated,identity_markers_removed
Donor5,UD,Survival_antiapoptosis,-0.266618738179212,6764,All annotated,identity_markers_removed
Donor1,UA5,Survival_antiapoptosis,-0.278463119999058,7305,All annotated,identity_markers_removed
Donor6,UD,Survival_antiapoptosis,-0.291916853337548,2875,All annotated,identity_markers_removed
Donor4,UD,Survival_antiapoptosis,-0.0170644433808642,3645,All annotated,identity_markers_removed
Donor3,UA5,Survival_antiapoptosis,-0.00724484927719953,4000,All annotated,identity_markers_removed
Donor3,UD,Survival_antiapoptosis,-0.0503135924298333,3339,All annotated,identity_markers_removed
Donor4,UA5,Survival_antiapoptosis,-0.0366383797710617,3237,All annotated,identity_markers_removed
Donor2,UD,Survival_antiapoptosis,-0.285913378070251,5139,All annotated,identity_markers_removed
Donor2,UA5,Survival_antiapoptosis,-0.283316554708108,5195,All annotated,identity_markers_removed
Donor6,UA5,Survival_antiapoptosis,-0.220138814090607,3261,All annotated,identity_markers_removed
Donor1,UD,Survival_antiapoptosis,-0.240622241967786,915,All annotated,identity_markers_removed
Donor5,UA5,Survival_antiapoptosis,-0.352679979773264,19,All annotated,identity_markers_removed
Donor3,NA5,Survival_antiapoptosis,0.0229966846661201,6663,All annotated,identity_markers_removed
Donor4,CF,Survival_antiapoptosis,0.0672763760741541,4562,All annotated,identity_markers_removed
Donor6,CF,Survival_antiapoptosis,-0.262317510215795,6575,All annotated,identity_markers_removed
Donor1,CF,Survival_antiapoptosis,-0.27048169609695,5995,All annotated,identity_markers_removed
Donor5,NA5,Survival_antiapoptosis,-0.262855516697673,12415,All annotated,identity_markers_removed
Donor2,NA5,Survival_antiapoptosis,-0.25939257805535,5389,All annotated,identity_markers_removed
Donor3,CF,Survival_antiapoptosis,0.100091344358181,4923,All annotated,identity_markers_removed
Donor4,NA5,Survival_antiapoptosis,0.0800165038412248,2472,All annotated,identity_markers_removed
Donor1,NA5,Survival_antiapoptosis,-0.227936236307641,310,All annotated,identity_markers_removed
Donor2,CF,Survival_antiapoptosis,-0.259344253398541,61,All annotated,identity_markers_removed
Donor5,CF,Survival_antiapoptosis,-0.192627788648244,34,All annotated,identity_markers_removed
Donor6,NA5,Survival_antiapoptosis,0.173923147238908,3,All annotated,identity_markers_removed
Donor6,N,Hypoxia_glycolysis,-0.141772309920633,1663,All annotated,identity_markers_removed
Donor1,N,Hypoxia_glycolysis,-0.143448925404777,130,All annotated,identity_markers_removed
Donor4,N,Hypoxia_glycolysis,-0.120458819399012,455,All annotated,identity_markers_removed
Donor2,NNAMPT,Hypoxia_glycolysis,-0.180380597861151,537,All annotated,identity_markers_removed
Donor1,NNAMPT,Hypoxia_glycolysis,-0.184941175421981,166,All annotated,identity_markers_removed
Donor5,N,Hypoxia_glycolysis,-0.173848033456627,133,All annotated,identity_markers_removed
Donor3,N,Hypoxia_glycolysis,-0.112489569116338,201,All annotated,identity_markers_removed
Donor5,NNAMPT,Hypoxia_glycolysis,-0.214294909226081,99,All annotated,identity_markers_removed
Donor4,NNAMPT,Hypoxia_glycolysis,-0.169607553292954,540,All annotated,identity_markers_removed
Donor2,N,Hypoxia_glycolysis,-0.189869165241888,112,All annotated,identity_markers_removed
Donor3,NNAMPT,Hypoxia_glycolysis,-0.0646717788695428,59,All annotated,identity_markers_removed
Donor6,NNAMPT,Hypoxia_glycolysis,-0.215794364219688,26,All annotated,identity_markers_removed
Donor6,UF,Hypoxia_glycolysis,-0.16419876540046,1972,All annotated,identity_markers_removed
Donor3,UF,Hypoxia_glycolysis,-0.0311988461082153,3890,All annotated,identity_markers_removed
Donor4,UF,Hypoxia_glycolysis,-0.0577814923026822,6013,All annotated,identity_markers_removed
Donor2,UF,Hypoxia_glycolysis,-0.141448960724505,3019,All annotated,identity_markers_removed
Donor4,UN,Hypoxia_glycolysis,-0.042123215171657,2440,All annotated,identity_markers_removed
Donor3,UN,Hypoxia_glycolysis,-0.0319909705102767,4466,All annotated,identity_markers_removed
Donor2,UN,Hypoxia_glycolysis,-0.160674915895697,1863,All annotated,identity_markers_removed
Donor6,UN,Hypoxia_glycolysis,-0.165561060128139,229,All annotated,identity_markers_removed
Donor1,UF,Hypoxia_glycolysis,-0.152908240572072,534,All annotated,identity_markers_removed
Donor1,UN,Hypoxia_glycolysis,-0.050378905209169,221,All annotated,identity_markers_removed
Donor5,UF,Hypoxia_glycolysis,-0.119627710326029,149,All annotated,identity_markers_removed
Donor5,UN,Hypoxia_glycolysis,-0.123305071389407,75,All annotated,identity_markers_removed
Donor5,UD,Hypoxia_glycolysis,-0.154588916969489,6764,All annotated,identity_markers_removed
Donor1,UA5,Hypoxia_glycolysis,-0.14908562357274,7305,All annotated,identity_markers_removed
Donor6,UD,Hypoxia_glycolysis,-0.145636678145791,2875,All annotated,identity_markers_removed
Donor4,UD,Hypoxia_glycolysis,-0.0136222502156483,3645,All annotated,identity_markers_removed
Donor3,UA5,Hypoxia_glycolysis,-0.00679854839528105,4000,All annotated,identity_markers_removed
Donor3,UD,Hypoxia_glycolysis,-0.0415458336218522,3339,All annotated,identity_markers_removed
Donor4,UA5,Hypoxia_glycolysis,-0.0205140373475603,3237,All annotated,identity_markers_removed
Donor2,UD,Hypoxia_glycolysis,-0.151302473083258,5139,All annotated,identity_markers_removed
Donor2,UA5,Hypoxia_glycolysis,-0.151760781675224,5195,All annotated,identity_markers_removed
Donor6,UA5,Hypoxia_glycolysis,-0.162616355812379,3261,All annotated,identity_markers_removed
Donor1,UD,Hypoxia_glycolysis,-0.12967254492179,915,All annotated,identity_markers_removed
Donor5,UA5,Hypoxia_glycolysis,-0.132327852432512,19,All annotated,identity_markers_removed
Donor3,NA5,Hypoxia_glycolysis,0.00669559219053079,6663,All annotated,identity_markers_removed
Donor4,CF,Hypoxia_glycolysis,0.0258346492540805,4562,All annotated,identity_markers_removed
Donor6,CF,Hypoxia_glycolysis,-0.166741481113047,6575,All annotated,identity_markers_removed
Donor1,CF,Hypoxia_glycolysis,-0.163998929831331,5995,All annotated,identity_markers_removed
Donor5,NA5,Hypoxia_glycolysis,-0.158744580998827,12415,All annotated,identity_markers_removed
Donor2,NA5,Hypoxia_glycolysis,-0.15704374853553,5389,All annotated,identity_markers_removed
Donor3,CF,Hypoxia_glycolysis,0.054097676727289,4923,All annotated,identity_markers_removed
Donor4,NA5,Hypoxia_glycolysis,0.0349301393799091,2472,All annotated,identity_markers_removed
Donor1,NA5,Hypoxia_glycolysis,-0.154936433840054,310,All annotated,identity_markers_removed
Donor2,CF,Hypoxia_glycolysis,-0.0527024677114409,61,All annotated,identity_markers_removed
Donor5,CF,Hypoxia_glycolysis,-0.101242829862058,34,All annotated,identity_markers_removed
Donor6,NA5,Hypoxia_glycolysis,-0.146395190377589,3,All annotated,identity_markers_removed
Donor6,N,ER_stress,-0.28777004271058,1663,All annotated,identity_markers_removed
Donor1,N,ER_stress,-0.278723382622069,130,All annotated,identity_markers_removed
Donor4,N,ER_stress,-0.256194650499552,455,All annotated,identity_markers_removed
Donor2,NNAMPT,ER_stress,-0.320586828414138,537,All annotated,identity_markers_removed
Donor1,NNAMPT,ER_stress,-0.284605573161406,166,All annotated,identity_markers_removed
Donor5,N,ER_stress,-0.280776887663058,133,All annotated,identity_markers_removed
Donor3,N,ER_stress,-0.248776242907615,201,All annotated,identity_markers_removed
Donor5,NNAMPT,ER_stress,-0.323215333683649,99,All annotated,identity_markers_removed
Donor4,NNAMPT,ER_stress,-0.267976465239888,540,All annotated,identity_markers_removed
Donor2,N,ER_stress,-0.266684391338138,112,All annotated,identity_markers_removed
Donor3,NNAMPT,ER_stress,-0.204408740664438,59,All annotated,identity_markers_removed
Donor6,NNAMPT,ER_stress,-0.350192480521579,26,All annotated,identity_markers_removed
Donor6,UF,ER_stress,-0.280934058675891,1972,All annotated,identity_markers_removed
Donor3,UF,ER_stress,0.00298652233937553,3890,All annotated,identity_markers_removed
Donor4,UF,ER_stress,-0.0366001452061137,6013,All annotated,identity_markers_removed
Donor2,UF,ER_stress,-0.240453941873957,3019,All annotated,identity_markers_removed
Donor4,UN,ER_stress,-0.078690525301292,2440,All annotated,identity_markers_removed
Donor3,UN,ER_stress,-0.0127723974445805,4466,All annotated,identity_markers_removed
Donor2,UN,ER_stress,-0.23109027376383,1863,All annotated,identity_markers_removed
Donor6,UN,ER_stress,-0.257801443734499,229,All annotated,identity_markers_removed
Donor1,UF,ER_stress,-0.215211255766987,534,All annotated,identity_markers_removed
Donor1,UN,ER_stress,-0.119792541540012,221,All annotated,identity_markers_removed
Donor5,UF,ER_stress,-0.256571393889064,149,All annotated,identity_markers_removed
Donor5,UN,ER_stress,-0.144242776810138,75,All annotated,identity_markers_removed
Donor5,UD,ER_stress,-0.302909701853751,6764,All annotated,identity_markers_removed
Donor1,UA5,ER_stress,-0.286995746883056,7305,All annotated,identity_markers_removed
Donor6,UD,ER_stress,-0.311328544924157,2875,All annotated,identity_markers_removed
Donor4,UD,ER_stress,-0.0689700715609273,3645,All annotated,identity_markers_removed
Donor3,UA5,ER_stress,-0.0736016453115915,4000,All annotated,identity_markers_removed
Donor3,UD,ER_stress,-0.106779894014105,3339,All annotated,identity_markers_removed
Donor4,UA5,ER_stress,-0.0924989521000748,3237,All annotated,identity_markers_removed
Donor2,UD,ER_stress,-0.296116349704773,5139,All annotated,identity_markers_removed
Donor2,UA5,ER_stress,-0.292709620663319,5195,All annotated,identity_markers_removed
Donor6,UA5,ER_stress,-0.312781321836492,3261,All annotated,identity_markers_removed
Donor1,UD,ER_stress,-0.253499338846284,915,All annotated,identity_markers_removed
Donor5,UA5,ER_stress,-0.241285573980929,19,All annotated,identity_markers_removed
Donor3,NA5,ER_stress,-0.00363475809974941,6663,All annotated,identity_markers_removed
Donor4,CF,ER_stress,0.053952568210427,4562,All annotated,identity_markers_removed
Donor6,CF,ER_stress,-0.279718406870393,6575,All annotated,identity_markers_removed
Donor1,CF,ER_stress,-0.273550930834428,5995,All annotated,identity_markers_removed
Donor5,NA5,ER_stress,-0.274334421702748,12415,All annotated,identity_markers_removed
Donor2,NA5,ER_stress,-0.263484671463895,5389,All annotated,identity_markers_removed
Donor3,CF,ER_stress,0.0780797796080707,4923,All annotated,identity_markers_removed
Donor4,NA5,ER_stress,0.0758591401039355,2472,All annotated,identity_markers_removed
Donor1,NA5,ER_stress,-0.24868201312276,310,All annotated,identity_markers_removed
Donor2,CF,ER_stress,-0.197303196565761,61,All annotated,identity_markers_removed
Donor5,CF,ER_stress,-0.186493334830077,34,All annotated,identity_markers_removed
Donor6,NA5,ER_stress,0.458318183869395,3,All annotated,identity_markers_removed
Donor6,N,Proliferation_stress,-0.00545508689427981,1663,All annotated,identity_markers_removed
Donor1,N,Proliferation_stress,-0.119335863388745,130,All annotated,identity_markers_removed
Donor4,N,Proliferation_stress,-0.0742252117903128,455,All annotated,identity_markers_removed
Donor2,NNAMPT,Proliferation_stress,-0.0772538809338558,537,All annotated,identity_markers_removed
Donor1,NNAMPT,Proliferation_stress,-0.138406862983976,166,All annotated,identity_markers_removed
Donor5,N,Proliferation_stress,-0.0608492000110128,133,All annotated,identity_markers_removed
Donor3,N,Proliferation_stress,-0.0864166955715269,201,All annotated,identity_markers_removed
Donor5,NNAMPT,Proliferation_stress,-0.123542037812222,99,All annotated,identity_markers_removed
Donor4,NNAMPT,Proliferation_stress,-0.0782213831626131,540,All annotated,identity_markers_removed
Donor2,N,Proliferation_stress,-0.14480967182042,112,All annotated,identity_markers_removed
Donor3,NNAMPT,Proliferation_stress,0.0446987602511364,59,All annotated,identity_markers_removed
Donor6,NNAMPT,Proliferation_stress,-0.0492534090264547,26,All annotated,identity_markers_removed
Donor6,UF,Proliferation_stress,-0.0692679305942837,1972,All annotated,identity_markers_removed
Donor3,UF,Proliferation_stress,-0.0152350134007317,3890,All annotated,identity_markers_removed
Donor4,UF,Proliferation_stress,-0.0289001566692051,6013,All annotated,identity_markers_removed
Donor2,UF,Proliferation_stress,-0.0627538257175479,3019,All annotated,identity_markers_removed
Donor4,UN,Proliferation_stress,-0.0161944564036943,2440,All annotated,identity_markers_removed
Donor3,UN,Proliferation_stress,0.00924733701471907,4466,All annotated,identity_markers_removed
Donor2,UN,Proliferation_stress,-0.0639069641371979,1863,All annotated,identity_markers_removed
Donor6,UN,Proliferation_stress,-0.0678955358385668,229,All annotated,identity_markers_removed
Donor1,UF,Proliferation_stress,-0.080068098625431,534,All annotated,identity_markers_removed
Donor1,UN,Proliferation_stress,0.0352736232255262,221,All annotated,identity_markers_removed
Donor5,UF,Proliferation_stress,-0.0420478575712019,149,All annotated,identity_markers_removed
Donor5,UN,Proliferation_stress,0.0544201557911699,75,All annotated,identity_markers_removed
Donor5,UD,Proliferation_stress,-0.0643265237480213,6764,All annotated,identity_markers_removed
Donor1,UA5,Proliferation_stress,-0.0551804034818286,7305,All annotated,identity_markers_removed
Donor6,UD,Proliferation_stress,-0.07932636488456,2875,All annotated,identity_markers_removed
Donor4,UD,Proliferation_stress,0.0118749569118544,3645,All annotated,identity_markers_removed
Donor3,UA5,Proliferation_stress,0.0101411018156968,4000,All annotated,identity_markers_removed
Donor3,UD,Proliferation_stress,0.00244918412109692,3339,All annotated,identity_markers_removed
Donor4,UA5,Proliferation_stress,0.000803360688170509,3237,All annotated,identity_markers_removed
Donor2,UD,Proliferation_stress,-0.0574474665832784,5139,All annotated,identity_markers_removed
Donor2,UA5,Proliferation_stress,-0.0445398446106202,5195,All annotated,identity_markers_removed
Donor6,UA5,Proliferation_stress,-0.0722544842238693,3261,All annotated,identity_markers_removed
Donor1,UD,Proliferation_stress,-0.031135615339893,915,All annotated,identity_markers_removed
Donor5,UA5,Proliferation_stress,0.0864774858011416,19,All annotated,identity_markers_removed
Donor3,NA5,Proliferation_stress,-0.0418177288320032,6663,All annotated,identity_markers_removed
Donor4,CF,Proliferation_stress,-0.0384156172838765,4562,All annotated,identity_markers_removed
Donor6,CF,Proliferation_stress,-0.110024841325585,6575,All annotated,identity_markers_removed
Donor1,CF,Proliferation_stress,-0.101081094470736,5995,All annotated,identity_markers_removed
Donor5,NA5,Proliferation_stress,-0.10127019879711,12415,All annotated,identity_markers_removed
Donor2,NA5,Proliferation_stress,-0.0928516357388352,5389,All annotated,identity_markers_removed
Donor3,CF,Proliferation_stress,-0.0314711553946532,4923,All annotated,identity_markers_removed
Donor4,NA5,Proliferation_stress,-0.0418436511453992,2472,All annotated,identity_markers_removed
Donor1,NA5,Proliferation_stress,-0.109730869648195,310,All annotated,identity_markers_removed
Donor2,CF,Proliferation_stress,0.0914939282285548,61,All annotated,identity_markers_removed
Donor5,CF,Proliferation_stress,-0.00166358318904265,34,All annotated,identity_markers_removed
Donor6,NA5,Proliferation_stress,-0.0216683769363353,3,All annotated,identity_markers_removed
Donor6,N,Integrin_adhesion,-0.226304137569972,1663,All annotated,identity_markers_removed
Donor1,N,Integrin_adhesion,-0.242566237604849,130,All annotated,identity_markers_removed
Donor4,N,Integrin_adhesion,-0.217522015967433,455,All annotated,identity_markers_removed
Donor2,NNAMPT,Integrin_adhesion,-0.262365560912427,537,All annotated,identity_markers_removed
Donor1,NNAMPT,Integrin_adhesion,-0.267930407824967,166,All annotated,identity_markers_removed
Donor5,N,Integrin_adhesion,-0.257816007627858,133,All annotated,identity_markers_removed
Donor3,N,Integrin_adhesion,-0.17047673636738,201,All annotated,identity_markers_removed
Donor5,NNAMPT,Integrin_adhesion,-0.269468863480858,99,All annotated,identity_markers_removed
Donor4,NNAMPT,Integrin_adhesion,-0.221195420618453,540,All annotated,identity_markers_removed
Donor2,N,Integrin_adhesion,-0.219342715813463,112,All annotated,identity_markers_removed
Donor3,NNAMPT,Integrin_adhesion,-0.0574596898973036,59,All annotated,identity_markers_removed
Donor6,NNAMPT,Integrin_adhesion,-0.2233259273143,26,All annotated,identity_markers_removed
Donor6,UF,Integrin_adhesion,-0.230360818977624,1972,All annotated,identity_markers_removed
Donor3,UF,Integrin_adhesion,-0.0186333059105581,3890,All annotated,identity_markers_removed
Donor4,UF,Integrin_adhesion,-0.052958493037833,6013,All annotated,identity_markers_removed
Donor2,UF,Integrin_adhesion,-0.212737502202615,3019,All annotated,identity_markers_removed
Donor4,UN,Integrin_adhesion,-0.0730747115902655,2440,All annotated,identity_markers_removed
Donor3,UN,Integrin_adhesion,-0.0159925832836041,4466,All annotated,identity_markers_removed
Donor2,UN,Integrin_adhesion,-0.205743560972784,1863,All annotated,identity_markers_removed
Donor6,UN,Integrin_adhesion,-0.196744119675128,229,All annotated,identity_markers_removed
Donor1,UF,Integrin_adhesion,-0.20121495864994,534,All annotated,identity_markers_removed
Donor1,UN,Integrin_adhesion,-0.213235855467068,221,All annotated,identity_markers_removed
Donor5,UF,Integrin_adhesion,-0.252808428948772,149,All annotated,identity_markers_removed
Donor5,UN,Integrin_adhesion,-0.196579602007142,75,All annotated,identity_markers_removed
Donor5,UD,Integrin_adhesion,-0.254158648069616,6764,All annotated,identity_markers_removed
Donor1,UA5,Integrin_adhesion,-0.239060771339357,7305,All annotated,identity_markers_removed
Donor6,UD,Integrin_adhesion,-0.256973503748104,2875,All annotated,identity_markers_removed
Donor4,UD,Integrin_adhesion,-0.0444028720993786,3645,All annotated,identity_markers_removed
Donor3,UA5,Integrin_adhesion,-0.0438838835492112,4000,All annotated,identity_markers_removed
Donor3,UD,Integrin_adhesion,-0.0716538887185976,3339,All annotated,identity_markers_removed
Donor4,UA5,Integrin_adhesion,-0.0650767039219426,3237,All annotated,identity_markers_removed
Donor2,UD,Integrin_adhesion,-0.242305353467093,5139,All annotated,identity_markers_removed
Donor2,UA5,Integrin_adhesion,-0.243522275439343,5195,All annotated,identity_markers_removed
Donor6,UA5,Integrin_adhesion,-0.260581868804532,3261,All annotated,identity_markers_removed
Donor1,UD,Integrin_adhesion,-0.211724656440065,915,All annotated,identity_markers_removed
Donor5,UA5,Integrin_adhesion,-0.268457506365121,19,All annotated,identity_markers_removed
Donor3,NA5,Integrin_adhesion,0.0201917968358061,6663,All annotated,identity_markers_removed
Donor4,CF,Integrin_adhesion,0.0466183231704801,4562,All annotated,identity_markers_removed
Donor6,CF,Integrin_adhesion,-0.220724401779446,6575,All annotated,identity_markers_removed
Donor1,CF,Integrin_adhesion,-0.20164378030533,5995,All annotated,identity_markers_removed
Donor5,NA5,Integrin_adhesion,-0.209194143605529,12415,All annotated,identity_markers_removed
Donor2,NA5,Integrin_adhesion,-0.20810517801671,5389,All annotated,identity_markers_removed
Donor3,CF,Integrin_adhesion,0.074281276952564,4923,All annotated,identity_markers_removed
Donor4,NA5,Integrin_adhesion,0.0657057583212708,2472,All annotated,identity_markers_removed
Donor1,NA5,Integrin_adhesion,-0.181674404452188,310,All annotated,identity_markers_removed
Donor2,CF,Integrin_adhesion,-0.170188654194286,61,All annotated,identity_markers_removed
Donor5,CF,Integrin_adhesion,0.0187909854358286,34,All annotated,identity_markers_removed
Donor6,NA5,Integrin_adhesion,0.425268703886076,3,All annotated,identity_markers_removed
Donor6,N,CXCR4_aging_retention,-0.535622755188601,1663,All annotated,identity_markers_removed
Donor1,N,CXCR4_aging_retention,-0.615195469170274,130,All annotated,identity_markers_removed
Donor4,N,CXCR4_aging_retention,-0.479923772496208,455,All annotated,identity_markers_removed
Donor2,NNAMPT,CXCR4_aging_retention,-0.557835738036186,537,All annotated,identity_markers_removed
Donor1,NNAMPT,CXCR4_aging_retention,-0.597293731292962,166,All annotated,identity_markers_removed
Donor5,N,CXCR4_aging_retention,-0.580254985180616,133,All annotated,identity_markers_removed
Donor3,N,CXCR4_aging_retention,-0.374290674004639,201,All annotated,identity_markers_removed
Donor5,NNAMPT,CXCR4_aging_retention,-0.570076309455106,99,All annotated,identity_markers_removed
Donor4,NNAMPT,CXCR4_aging_retention,-0.468808077830191,540,All annotated,identity_markers_removed
Donor2,N,CXCR4_aging_retention,-0.569159217178403,112,All annotated,identity_markers_removed
Donor3,NNAMPT,CXCR4_aging_retention,-0.088311820977802,59,All annotated,identity_markers_removed
Donor6,NNAMPT,CXCR4_aging_retention,-0.660373700031706,26,All annotated,identity_markers_removed
Donor6,UF,CXCR4_aging_retention,-0.549355251631316,1972,All annotated,identity_markers_removed
Donor3,UF,CXCR4_aging_retention,-0.0406672193056919,3890,All annotated,identity_markers_removed
Donor4,UF,CXCR4_aging_retention,-0.137268679700367,6013,All annotated,identity_markers_removed
Donor2,UF,CXCR4_aging_retention,-0.483256422527321,3019,All annotated,identity_markers_removed
Donor4,UN,CXCR4_aging_retention,-0.087330570200711,2440,All annotated,identity_markers_removed
Donor3,UN,CXCR4_aging_retention,-0.0252383752911067,4466,All annotated,identity_markers_removed
Donor2,UN,CXCR4_aging_retention,-0.475658500611277,1863,All annotated,identity_markers_removed
Donor6,UN,CXCR4_aging_retention,-0.507164363525925,229,All annotated,identity_markers_removed
Donor1,UF,CXCR4_aging_retention,-0.47775793279947,534,All annotated,identity_markers_removed
Donor1,UN,CXCR4_aging_retention,-0.363636460051328,221,All annotated,identity_markers_removed
Donor5,UF,CXCR4_aging_retention,-0.524470477233324,149,All annotated,identity_markers_removed
Donor5,UN,CXCR4_aging_retention,-0.482577022391757,75,All annotated,identity_markers_removed
Donor5,UD,CXCR4_aging_retention,-0.582757695370612,6764,All annotated,identity_markers_removed
Donor1,UA5,CXCR4_aging_retention,-0.561892430871675,7305,All annotated,identity_markers_removed
Donor6,UD,CXCR4_aging_retention,-0.582596033975303,2875,All annotated,identity_markers_removed
Donor4,UD,CXCR4_aging_retention,-0.147597990151271,3645,All annotated,identity_markers_removed
Donor3,UA5,CXCR4_aging_retention,-0.190590442557126,4000,All annotated,identity_markers_removed
Donor3,UD,CXCR4_aging_retention,-0.2440088348437,3339,All annotated,identity_markers_removed
Donor4,UA5,CXCR4_aging_retention,-0.234337771343935,3237,All annotated,identity_markers_removed
Donor2,UD,CXCR4_aging_retention,-0.57483558302604,5139,All annotated,identity_markers_removed
Donor2,UA5,CXCR4_aging_retention,-0.562760310033806,5195,All annotated,identity_markers_removed
Donor6,UA5,CXCR4_aging_retention,-0.595520258800804,3261,All annotated,identity_markers_removed
Donor1,UD,CXCR4_aging_retention,-0.528257417050432,915,All annotated,identity_markers_removed
Donor5,UA5,CXCR4_aging_retention,-0.67708952575192,19,All annotated,identity_markers_removed
Donor3,NA5,CXCR4_aging_retention,0.0277941545950183,6663,All annotated,identity_markers_removed
Donor4,CF,CXCR4_aging_retention,0.0556391464936264,4562,All annotated,identity_markers_removed
Donor6,CF,CXCR4_aging_retention,-0.529453997882501,6575,All annotated,identity_markers_removed
Donor1,CF,CXCR4_aging_retention,-0.504551570927234,5995,All annotated,identity_markers_removed
Donor5,NA5,CXCR4_aging_retention,-0.514933263627038,12415,All annotated,identity_markers_removed
Donor2,NA5,CXCR4_aging_retention,-0.50085880472823,5389,All annotated,identity_markers_removed
Donor3,CF,CXCR4_aging_retention,0.128924001977716,4923,All annotated,identity_markers_removed
Donor4,NA5,CXCR4_aging_retention,0.116324268095195,2472,All annotated,identity_markers_removed
Donor1,NA5,CXCR4_aging_retention,-0.496594173716486,310,All annotated,identity_markers_removed
Donor2,CF,CXCR4_aging_retention,-0.401447113378358,61,All annotated,identity_markers_removed
Donor5,CF,CXCR4_aging_retention,-0.274142366569378,34,All annotated,identity_markers_removed
Donor6,NA5,CXCR4_aging_retention,-0.197089154450615,3,All annotated,identity_markers_removed
Donor1,N,NETosis,-0.0831165388395303,38,Resolved; >=100 genes,identity_markers_removed
Donor6,N,NETosis,-0.019518736928363,584,Resolved; >=100 genes,identity_markers_removed
Donor5,NNAMPT,NETosis,-0.127599162550232,24,Resolved; >=100 genes,identity_markers_removed
Donor2,NNAMPT,NETosis,-0.0802311704064164,141,Resolved; >=100 genes,identity_markers_removed
Donor1,NNAMPT,NETosis,-0.134462498881682,43,Resolved; >=100 genes,identity_markers_removed
Donor4,NNAMPT,NETosis,0.0400905799975937,173,Resolved; >=100 genes,identity_markers_removed
Donor4,N,NETosis,-0.0188616045676904,177,Resolved; >=100 genes,identity_markers_removed
Donor5,N,NETosis,-0.127385088175303,42,Resolved; >=100 genes,identity_markers_removed
Donor3,N,NETosis,0.0740299600350324,91,Resolved; >=100 genes,identity_markers_removed
Donor3,NNAMPT,NETosis,0.172699641640088,33,Resolved; >=100 genes,identity_markers_removed
Donor2,N,NETosis,-0.092548718057869,31,Resolved; >=100 genes,identity_markers_removed
Donor6,NNAMPT,NETosis,-0.181074410623976,8,Resolved; >=100 genes,identity_markers_removed
Donor4,UF,NETosis,0.0669504853672581,3335,Resolved; >=100 genes,identity_markers_removed
Donor4,UN,NETosis,0.116824523432995,1196,Resolved; >=100 genes,identity_markers_removed
Donor3,UN,NETosis,0.0706566704338376,2516,Resolved; >=100 genes,identity_markers_removed
Donor2,UF,NETosis,0.036272706497855,653,Resolved; >=100 genes,identity_markers_removed
Donor3,UF,NETosis,0.066388919601649,2322,Resolved; >=100 genes,identity_markers_removed
Donor2,UN,NETosis,0.0535646516078711,418,Resolved; >=100 genes,identity_markers_removed
Donor6,UF,NETosis,0.0364517619150414,323,Resolved; >=100 genes,identity_markers_removed
Donor1,UF,NETosis,0.0416899303404122,126,Resolved; >=100 genes,identity_markers_removed
Donor1,UN,NETosis,0.0150065385699003,86,Resolved; >=100 genes,identity_markers_removed
Donor5,UF,NETosis,0.124265757232205,25,Resolved; >=100 genes,identity_markers_removed
Donor6,UN,NETosis,0.0278909097870375,51,Resolved; >=100 genes,identity_markers_removed
Donor5,UN,NETosis,0.0656812237358042,24,Resolved; >=100 genes,identity_markers_removed
Donor4,UD,NETosis,0.154677652085008,1835,Resolved; >=100 genes,identity_markers_removed
Donor4,UA5,NETosis,0.146272045367554,1568,Resolved; >=100 genes,identity_markers_removed
Donor5,UD,NETosis,0.00990321615855926,1119,Resolved; >=100 genes,identity_markers_removed
Donor2,UD,NETosis,0.00745225821478416,874,Resolved; >=100 genes,identity_markers_removed
Donor3,UA5,NETosis,0.112258330780322,2043,Resolved; >=100 genes,identity_markers_removed
Donor2,UA5,NETosis,0.0576513248608121,876,Resolved; >=100 genes,identity_markers_removed
Donor6,UD,NETosis,0.000523895877166252,455,Resolved; >=100 genes,identity_markers_removed
Donor1,UA5,NETosis,0.0205961593706809,1307,Resolved; >=100 genes,identity_markers_removed
Donor3,UD,NETosis,0.0731728850109647,1499,Resolved; >=100 genes,identity_markers_removed
Donor6,UA5,NETosis,-0.0396408727474782,498,Resolved; >=100 genes,identity_markers_removed
Donor1,UD,NETosis,-0.00240494089493355,191,Resolved; >=100 genes,identity_markers_removed
Donor5,UA5,NETosis,-0.0530233659100981,4,Resolved; >=100 genes,identity_markers_removed
Donor4,CF,NETosis,0.144975906682367,2817,Resolved; >=100 genes,identity_markers_removed
Donor3,NA5,NETosis,0.153936217073279,3826,Resolved; >=100 genes,identity_markers_removed
Donor2,NA5,NETosis,0.0661328644485843,996,Resolved; >=100 genes,identity_markers_removed
Donor5,NA5,NETosis,0.0685892790756305,2164,Resolved; >=100 genes,identity_markers_removed
Donor3,CF,NETosis,0.172608102075009,3316,Resolved; >=100 genes,identity_markers_removed
Donor6,CF,NETosis,0.0313065724126054,1091,Resolved; >=100 genes,identity_markers_removed
Donor1,CF,NETosis,0.0590631071097399,1097,Resolved; >=100 genes,identity_markers_removed
Donor4,NA5,NETosis,0.132384539356211,1557,Resolved; >=100 genes,identity_markers_removed
Donor1,NA5,NETosis,0.0704250828486531,66,Resolved; >=100 genes,identity_markers_removed
Donor5,CF,NETosis,0.129394099877573,11,Resolved; >=100 genes,identity_markers_removed
Donor2,CF,NETosis,-0.117716616558336,22,Resolved; >=100 genes,identity_markers_removed
Donor6,NA5,NETosis,0.326705340491928,1,Resolved; >=100 genes,identity_markers_removed
Donor1,N,Degranulation,-0.0783376738014607,38,Resolved; >=100 genes,identity_markers_removed
Donor6,N,Degranulation,0.209524705936355,584,Resolved; >=100 genes,identity_markers_removed
Donor5,NNAMPT,Degranulation,-0.0547314240055293,24,Resolved; >=100 genes,identity_markers_removed
Donor2,NNAMPT,Degranulation,0.0322880943726091,141,Resolved; >=100 genes,identity_markers_removed
Donor1,NNAMPT,Degranulation,-0.113187536950327,43,Resolved; >=100 genes,identity_markers_removed
Donor4,NNAMPT,Degranulation,0.130656667856415,173,Resolved; >=100 genes,identity_markers_removed
Donor4,N,Degranulation,0.0616944751710379,177,Resolved; >=100 genes,identity_markers_removed
Donor5,N,Degranulation,-0.073582690930438,42,Resolved; >=100 genes,identity_markers_removed
Donor3,N,Degranulation,0.195614787513167,91,Resolved; >=100 genes,identity_markers_removed
Donor3,NNAMPT,Degranulation,0.161258103233955,33,Resolved; >=100 genes,identity_markers_removed
Donor2,N,Degranulation,-0.0937683733344506,31,Resolved; >=100 genes,identity_markers_removed
Donor6,NNAMPT,Degranulation,0.0392213863681432,8,Resolved; >=100 genes,identity_markers_removed
Donor4,UF,Degranulation,-0.0155899423259045,3335,Resolved; >=100 genes,identity_markers_removed
Donor4,UN,Degranulation,0.0686144942616168,1196,Resolved; >=100 genes,identity_markers_removed
Donor3,UN,Degranulation,0.0153703509894781,2516,Resolved; >=100 genes,identity_markers_removed
Donor2,UF,Degranulation,0.0303633878868564,653,Resolved; >=100 genes,identity_markers_removed
Donor3,UF,Degranulation,-0.00397476028966394,2322,Resolved; >=100 genes,identity_markers_removed
Donor2,UN,Degranulation,0.0666127164454423,418,Resolved; >=100 genes,identity_markers_removed
Donor6,UF,Degranulation,0.0173184813267515,323,Resolved; >=100 genes,identity_markers_removed
Donor1,UF,Degranulation,0.0113764656476035,126,Resolved; >=100 genes,identity_markers_removed
Donor1,UN,Degranulation,-0.00986088654210169,86,Resolved; >=100 genes,identity_markers_removed
Donor5,UF,Degranulation,-0.0233177244177695,25,Resolved; >=100 genes,identity_markers_removed
Donor6,UN,Degranulation,-0.0450414558437161,51,Resolved; >=100 genes,identity_markers_removed
Donor5,UN,Degranulation,-0.148856295924462,24,Resolved; >=100 genes,identity_markers_removed
Donor4,UD,Degranulation,0.0865815374632422,1835,Resolved; >=100 genes,identity_markers_removed
Donor4,UA5,Degranulation,0.0509600658928385,1568,Resolved; >=100 genes,identity_markers_removed
Donor5,UD,Degranulation,0.0871873569580901,1119,Resolved; >=100 genes,identity_markers_removed
Donor2,UD,Degranulation,0.0570667879563381,874,Resolved; >=100 genes,identity_markers_removed
Donor3,UA5,Degranulation,0.0610690570828263,2043,Resolved; >=100 genes,identity_markers_removed
Donor2,UA5,Degranulation,0.087851518497195,876,Resolved; >=100 genes,identity_markers_removed
Donor6,UD,Degranulation,0.10198342853266,455,Resolved; >=100 genes,identity_markers_removed
Donor1,UA5,Degranulation,0.0691511717781005,1307,Resolved; >=100 genes,identity_markers_removed
Donor3,UD,Degranulation,0.0537302294531577,1499,Resolved; >=100 genes,identity_markers_removed
Donor6,UA5,Degranulation,0.061925301344904,498,Resolved; >=100 genes,identity_markers_removed
Donor1,UD,Degranulation,0.142483784441537,191,Resolved; >=100 genes,identity_markers_removed
Donor5,UA5,Degranulation,-0.151473914730994,4,Resolved; >=100 genes,identity_markers_removed
Donor4,CF,Degranulation,0.0443074116878201,2817,Resolved; >=100 genes,identity_markers_removed
Donor3,NA5,Degranulation,0.051806153843873,3826,Resolved; >=100 genes,identity_markers_removed
Donor2,NA5,Degranulation,0.0295947298351882,996,Resolved; >=100 genes,identity_markers_removed
Donor5,NA5,Degranulation,0.0264400303424168,2164,Resolved; >=100 genes,identity_markers_removed
Donor3,CF,Degranulation,0.0555761366771436,3316,Resolved; >=100 genes,identity_markers_removed
Donor6,CF,Degranulation,0.00551489126074697,1091,Resolved; >=100 genes,identity_markers_removed
Donor1,CF,Degranulation,0.0380263047957358,1097,Resolved; >=100 genes,identity_markers_removed
Donor4,NA5,Degranulation,0.0485638125354532,1557,Resolved; >=100 genes,identity_markers_removed
Donor1,NA5,Degranulation,0.0188180640014805,66,Resolved; >=100 genes,identity_markers_removed
Donor5,CF,Degranulation,0.143497706311117,11,Resolved; >=100 genes,identity_markers_removed
Donor2,CF,Degranulation,-0.0280948930858412,22,Resolved; >=100 genes,identity_markers_removed
Donor6,NA5,Degranulation,0.172333167803168,1,Resolved; >=100 genes,identity_markers_removed
Donor1,N,Oxidative_burst,-0.136996943208404,38,Resolved; >=100 genes,identity_markers_removed
Donor6,N,Oxidative_burst,-0.163514327911145,584,Resolved; >=100 genes,identity_markers_removed
Donor5,NNAMPT,Oxidative_burst,-0.288676031107054,24,Resolved; >=100 genes,identity_markers_removed
Donor2,NNAMPT,Oxidative_burst,-0.176439270397143,141,Resolved; >=100 genes,identity_markers_removed
Donor1,NNAMPT,Oxidative_burst,-0.206019419941582,43,Resolved; >=100 genes,identity_markers_removed
Donor4,NNAMPT,Oxidative_burst,-0.121568211010811,173,Resolved; >=100 genes,identity_markers_removed
Donor4,N,Oxidative_burst,-0.0408624236049017,177,Resolved; >=100 genes,identity_markers_removed
Donor5,N,Oxidative_burst,-0.243476058182216,42,Resolved; >=100 genes,identity_markers_removed
Donor3,N,Oxidative_burst,0.00196856634593481,91,Resolved; >=100 genes,identity_markers_removed
Donor3,NNAMPT,Oxidative_burst,-0.0292815862570123,33,Resolved; >=100 genes,identity_markers_removed
Donor2,N,Oxidative_burst,-0.166136145745206,31,Resolved; >=100 genes,identity_markers_removed
Donor6,NNAMPT,Oxidative_burst,-0.341812834880546,8,Resolved; >=100 genes,identity_markers_removed
Donor4,UF,Oxidative_burst,0.108627366276601,3335,Resolved; >=100 genes,identity_markers_removed
Donor4,UN,Oxidative_burst,0.176028147285439,1196,Resolved; >=100 genes,identity_markers_removed
Donor3,UN,Oxidative_burst,0.095178296364292,2516,Resolved; >=100 genes,identity_markers_removed
Donor2,UF,Oxidative_burst,0.0749711151512464,653,Resolved; >=100 genes,identity_markers_removed
Donor3,UF,Oxidative_burst,0.10590757114549,2322,Resolved; >=100 genes,identity_markers_removed
Donor2,UN,Oxidative_burst,0.0917024602464213,418,Resolved; >=100 genes,identity_markers_removed
Donor6,UF,Oxidative_burst,0.0524940068539722,323,Resolved; >=100 genes,identity_markers_removed
Donor1,UF,Oxidative_burst,0.113630623995283,126,Resolved; >=100 genes,identity_markers_removed
Donor1,UN,Oxidative_burst,0.0959531076305126,86,Resolved; >=100 genes,identity_markers_removed
Donor5,UF,Oxidative_burst,0.285638562834992,25,Resolved; >=100 genes,identity_markers_removed
Donor6,UN,Oxidative_burst,0.0617626113574169,51,Resolved; >=100 genes,identity_markers_removed
Donor5,UN,Oxidative_burst,0.364502010474181,24,Resolved; >=100 genes,identity_markers_removed
Donor4,UD,Oxidative_burst,0.171006509673405,1835,Resolved; >=100 genes,identity_markers_removed
Donor4,UA5,Oxidative_burst,0.205624982929973,1568,Resolved; >=100 genes,identity_markers_removed
Donor5,UD,Oxidative_burst,-0.0827344601268747,1119,Resolved; >=100 genes,identity_markers_removed
Donor2,UD,Oxidative_burst,-0.0876917493615391,874,Resolved; >=100 genes,identity_markers_removed
Donor3,UA5,Oxidative_burst,0.154879338469732,2043,Resolved; >=100 genes,identity_markers_removed
Donor2,UA5,Oxidative_burst,-0.0463248890780722,876,Resolved; >=100 genes,identity_markers_removed
Donor6,UD,Oxidative_burst,-0.116222081155091,455,Resolved; >=100 genes,identity_markers_removed
Donor1,UA5,Oxidative_burst,-0.0448368991750155,1307,Resolved; >=100 genes,identity_markers_removed
Donor3,UD,Oxidative_burst,0.0709039073500376,1499,Resolved; >=100 genes,identity_markers_removed
Donor6,UA5,Oxidative_burst,-0.159490820895513,498,Resolved; >=100 genes,identity_markers_removed
Donor1,UD,Oxidative_burst,0.0533154533805635,191,Resolved; >=100 genes,identity_markers_removed
Donor5,UA5,Oxidative_burst,0.0464039363807557,4,Resolved; >=100 genes,identity_markers_removed
Donor4,CF,Oxidative_burst,0.217615658748128,2817,Resolved; >=100 genes,identity_markers_removed
Donor3,NA5,Oxidative_burst,0.214002143197703,3826,Resolved; >=100 genes,identity_markers_removed
Donor2,NA5,Oxidative_burst,0.0645019074560714,996,Resolved; >=100 genes,identity_markers_removed
Donor5,NA5,Oxidative_burst,0.066515263816187,2164,Resolved; >=100 genes,identity_markers_removed
Donor3,CF,Oxidative_burst,0.238095389650231,3316,Resolved; >=100 genes,identity_markers_removed
Donor6,CF,Oxidative_burst,0.0216205424587677,1091,Resolved; >=100 genes,identity_markers_removed
Donor1,CF,Oxidative_burst,0.0742477014454021,1097,Resolved; >=100 genes,identity_markers_removed
Donor4,NA5,Oxidative_burst,0.197921572416656,1557,Resolved; >=100 genes,identity_markers_removed
Donor1,NA5,Oxidative_burst,0.0903791013106777,66,Resolved; >=100 genes,identity_markers_removed
Donor5,CF,Oxidative_burst,0.281425694143446,11,Resolved; >=100 genes,identity_markers_removed
Donor2,CF,Oxidative_burst,-0.0196133437432211,22,Resolved; >=100 genes,identity_markers_removed
Donor6,NA5,Oxidative_burst,1.03848799113541,1,Resolved; >=100 genes,identity_markers_removed
Donor1,N,Phagocytosis,-0.30634441976143,38,Resolved; >=100 genes,identity_markers_removed
Donor6,N,Phagocytosis,-0.288634390696329,584,Resolved; >=100 genes,identity_markers_removed
Donor5,NNAMPT,Phagocytosis,-0.33915045959718,24,Resolved; >=100 genes,identity_markers_removed
Donor2,NNAMPT,Phagocytosis,-0.302544371376987,141,Resolved; >=100 genes,identity_markers_removed
Donor1,NNAMPT,Phagocytosis,-0.279274153438868,43,Resolved; >=100 genes,identity_markers_removed
Donor4,NNAMPT,Phagocytosis,-0.199466799614902,173,Resolved; >=100 genes,identity_markers_removed
Donor4,N,Phagocytosis,-0.182712029552432,177,Resolved; >=100 genes,identity_markers_removed
Donor5,N,Phagocytosis,-0.342943293191955,42,Resolved; >=100 genes,identity_markers_removed
Donor3,N,Phagocytosis,-0.115733721192128,91,Resolved; >=100 genes,identity_markers_removed
Donor3,NNAMPT,Phagocytosis,0.0861839039349733,33,Resolved; >=100 genes,identity_markers_removed
Donor2,N,Phagocytosis,-0.28702728775586,31,Resolved; >=100 genes,identity_markers_removed
Donor6,NNAMPT,Phagocytosis,-0.454996422623812,8,Resolved; >=100 genes,identity_markers_removed
Donor4,UF,Phagocytosis,0.16655683400585,3335,Resolved; >=100 genes,identity_markers_removed
Donor4,UN,Phagocytosis,0.275203137585726,1196,Resolved; >=100 genes,identity_markers_removed
Donor3,UN,Phagocytosis,0.208139675798907,2516,Resolved; >=100 genes,identity_markers_removed
Donor2,UF,Phagocytosis,0.158642298714281,653,Resolved; >=100 genes,identity_markers_removed
Donor3,UF,Phagocytosis,0.19300272867941,2322,Resolved; >=100 genes,identity_markers_removed
Donor2,UN,Phagocytosis,0.125853648605729,418,Resolved; >=100 genes,identity_markers_removed
Donor6,UF,Phagocytosis,0.0926721320923647,323,Resolved; >=100 genes,identity_markers_removed
Donor1,UF,Phagocytosis,0.167851567693492,126,Resolved; >=100 genes,identity_markers_removed
Donor1,UN,Phagocytosis,0.116836684070662,86,Resolved; >=100 genes,identity_markers_removed
Donor5,UF,Phagocytosis,0.27523903048069,25,Resolved; >=100 genes,identity_markers_removed
Donor6,UN,Phagocytosis,0.0889480526021074,51,Resolved; >=100 genes,identity_markers_removed
Donor5,UN,Phagocytosis,0.194033218812732,24,Resolved; >=100 genes,identity_markers_removed
Donor4,UD,Phagocytosis,0.229067763781743,1835,Resolved; >=100 genes,identity_markers_removed
Donor4,UA5,Phagocytosis,0.203643939881266,1568,Resolved; >=100 genes,identity_markers_removed
Donor5,UD,Phagocytosis,-0.0893268663997053,1119,Resolved; >=100 genes,identity_markers_removed
Donor2,UD,Phagocytosis,-0.0840623755739953,874,Resolved; >=100 genes,identity_markers_removed
Donor3,UA5,Phagocytosis,0.187685836038382,2043,Resolved; >=100 genes,identity_markers_removed
Donor2,UA5,Phagocytosis,-0.0415890352965121,876,Resolved; >=100 genes,identity_markers_removed
Donor6,UD,Phagocytosis,-0.142314252238179,455,Resolved; >=100 genes,identity_markers_removed
Donor1,UA5,Phagocytosis,-0.0430222021005883,1307,Resolved; >=100 genes,identity_markers_removed
Donor3,UD,Phagocytosis,0.151918945377785,1499,Resolved; >=100 genes,identity_markers_removed
Donor6,UA5,Phagocytosis,-0.14907157232992,498,Resolved; >=100 genes,identity_markers_removed
Donor1,UD,Phagocytosis,0.0539743930547225,191,Resolved; >=100 genes,identity_markers_removed
Donor5,UA5,Phagocytosis,0.006899782207552,4,Resolved; >=100 genes,identity_markers_removed
Donor4,CF,Phagocytosis,0.325442822212735,2817,Resolved; >=100 genes,identity_markers_removed
Donor3,NA5,Phagocytosis,0.326822731616977,3826,Resolved; >=100 genes,identity_markers_removed
Donor2,NA5,Phagocytosis,0.14119005377311,996,Resolved; >=100 genes,identity_markers_removed
Donor5,NA5,Phagocytosis,0.143791138418752,2164,Resolved; >=100 genes,identity_markers_removed
Donor3,CF,Phagocytosis,0.341480532729444,3316,Resolved; >=100 genes,identity_markers_removed
Donor6,CF,Phagocytosis,0.128783688712064,1091,Resolved; >=100 genes,identity_markers_removed
Donor1,CF,Phagocytosis,0.159056917299335,1097,Resolved; >=100 genes,identity_markers_removed
Donor4,NA5,Phagocytosis,0.322430672499299,1557,Resolved; >=100 genes,identity_markers_removed
Donor1,NA5,Phagocytosis,0.21507271955252,66,Resolved; >=100 genes,identity_markers_removed
Donor5,CF,Phagocytosis,0.30708868151777,11,Resolved; >=100 genes,identity_markers_removed
Donor2,CF,Phagocytosis,0.0527872848176682,22,Resolved; >=100 genes,identity_markers_removed
Donor6,NA5,Phagocytosis,0.730054642684113,1,Resolved; >=100 genes,identity_markers_removed
Donor1,N,Chemotaxis,-0.268896300594111,38,Resolved; >=100 genes,identity_markers_removed
Donor6,N,Chemotaxis,-0.28394490230659,584,Resolved; >=100 genes,identity_markers_removed
Donor5,NNAMPT,Chemotaxis,-0.210327086705427,24,Resolved; >=100 genes,identity_markers_removed
Donor2,NNAMPT,Chemotaxis,-0.297140564618101,141,Resolved; >=100 genes,identity_markers_removed
Donor1,NNAMPT,Chemotaxis,-0.268735870634017,43,Resolved; >=100 genes,identity_markers_removed
Donor4,NNAMPT,Chemotaxis,-0.151610250641171,173,Resolved; >=100 genes,identity_markers_removed
Donor4,N,Chemotaxis,-0.140122154559539,177,Resolved; >=100 genes,identity_markers_removed
Donor5,N,Chemotaxis,-0.313722815202389,42,Resolved; >=100 genes,identity_markers_removed
Donor3,N,Chemotaxis,-0.204170604065901,91,Resolved; >=100 genes,identity_markers_removed
Donor3,NNAMPT,Chemotaxis,0.10484205283089,33,Resolved; >=100 genes,identity_markers_removed
Donor2,N,Chemotaxis,-0.349353043332246,31,Resolved; >=100 genes,identity_markers_removed
Donor6,NNAMPT,Chemotaxis,-0.472314594410381,8,Resolved; >=100 genes,identity_markers_removed
Donor4,UF,Chemotaxis,0.161561527336298,3335,Resolved; >=100 genes,identity_markers_removed
Donor4,UN,Chemotaxis,0.312136107970098,1196,Resolved; >=100 genes,identity_markers_removed
Donor3,UN,Chemotaxis,0.244092557830751,2516,Resolved; >=100 genes,identity_markers_removed
Donor2,UF,Chemotaxis,0.201579428354259,653,Resolved; >=100 genes,identity_markers_removed
Donor3,UF,Chemotaxis,0.202059436323543,2322,Resolved; >=100 genes,identity_markers_removed
Donor2,UN,Chemotaxis,0.218149222619097,418,Resolved; >=100 genes,identity_markers_removed
Donor6,UF,Chemotaxis,0.15032857883679,323,Resolved; >=100 genes,identity_markers_removed
Donor1,UF,Chemotaxis,0.169310606835082,126,Resolved; >=100 genes,identity_markers_removed
Donor1,UN,Chemotaxis,0.20496689684837,86,Resolved; >=100 genes,identity_markers_removed
Donor5,UF,Chemotaxis,0.317555155260632,25,Resolved; >=100 genes,identity_markers_removed
Donor6,UN,Chemotaxis,0.0833879753128423,51,Resolved; >=100 genes,identity_markers_removed
Donor5,UN,Chemotaxis,0.236546365673188,24,Resolved; >=100 genes,identity_markers_removed
Donor4,UD,Chemotaxis,0.220177959215228,1835,Resolved; >=100 genes,identity_markers_removed
Donor4,UA5,Chemotaxis,0.140712541450445,1568,Resolved; >=100 genes,identity_markers_removed
Donor5,UD,Chemotaxis,-0.0723255252036692,1119,Resolved; >=100 genes,identity_markers_removed
Donor2,UD,Chemotaxis,-0.0396879557422575,874,Resolved; >=100 genes,identity_markers_removed
Donor3,UA5,Chemotaxis,0.144792711875246,2043,Resolved; >=100 genes,identity_markers_removed
Donor2,UA5,Chemotaxis,0.000690760332586994,876,Resolved; >=100 genes,identity_markers_removed
Donor6,UD,Chemotaxis,-0.105270889998136,455,Resolved; >=100 genes,identity_markers_removed
Donor1,UA5,Chemotaxis,-0.0138308241492088,1307,Resolved; >=100 genes,identity_markers_removed
Donor3,UD,Chemotaxis,0.112980286531305,1499,Resolved; >=100 genes,identity_markers_removed
Donor6,UA5,Chemotaxis,-0.13267040041656,498,Resolved; >=100 genes,identity_markers_removed
Donor1,UD,Chemotaxis,0.0835446867238853,191,Resolved; >=100 genes,identity_markers_removed
Donor5,UA5,Chemotaxis,-0.0556019513844193,4,Resolved; >=100 genes,identity_markers_removed
Donor4,CF,Chemotaxis,0.252447935006578,2817,Resolved; >=100 genes,identity_markers_removed
Donor3,NA5,Chemotaxis,0.307766841896568,3826,Resolved; >=100 genes,identity_markers_removed
Donor2,NA5,Chemotaxis,0.152721679612099,996,Resolved; >=100 genes,identity_markers_removed
Donor5,NA5,Chemotaxis,0.130211006164219,2164,Resolved; >=100 genes,identity_markers_removed
Donor3,CF,Chemotaxis,0.27786686448873,3316,Resolved; >=100 genes,identity_markers_removed
Donor6,CF,Chemotaxis,0.129473517494905,1091,Resolved; >=100 genes,identity_markers_removed
Donor1,CF,Chemotaxis,0.148843612376049,1097,Resolved; >=100 genes,identity_markers_removed
Donor4,NA5,Chemotaxis,0.29250419863554,1557,Resolved; >=100 genes,identity_markers_removed
Donor1,NA5,Chemotaxis,0.263273639197881,66,Resolved; >=100 genes,identity_markers_removed
Donor5,CF,Chemotaxis,0.208458780622764,11,Resolved; >=100 genes,identity_markers_removed
Donor2,CF,Chemotaxis,0.0748511156510175,22,Resolved; >=100 genes,identity_markers_removed
Donor6,NA5,Chemotaxis,0.209170161290075,1,Resolved; >=100 genes,identity_markers_removed
Donor1,N,OSM_inflammation,-0.181193020837303,38,Resolved; >=100 genes,identity_markers_removed
Donor6,N,OSM_inflammation,-0.269567777930818,584,Resolved; >=100 genes,identity_markers_removed
Donor5,NNAMPT,OSM_inflammation,-0.240044322984275,24,Resolved; >=100 genes,identity_markers_removed
Donor2,NNAMPT,OSM_inflammation,-0.294997594750756,141,Resolved; >=100 genes,identity_markers_removed
Donor1,NNAMPT,OSM_inflammation,-0.286903683748766,43,Resolved; >=100 genes,identity_markers_removed
Donor4,NNAMPT,OSM_inflammation,-0.237164414696095,173,Resolved; >=100 genes,identity_markers_removed
Donor4,N,OSM_inflammation,-0.119963703114896,177,Resolved; >=100 genes,identity_markers_removed
Donor5,N,OSM_inflammation,-0.306147532744532,42,Resolved; >=100 genes,identity_markers_removed
Donor3,N,OSM_inflammation,-0.0794736283956781,91,Resolved; >=100 genes,identity_markers_removed
Donor3,NNAMPT,OSM_inflammation,-0.0110138382592831,33,Resolved; >=100 genes,identity_markers_removed
Donor2,N,OSM_inflammation,-0.247378395149539,31,Resolved; >=100 genes,identity_markers_removed
Donor6,NNAMPT,OSM_inflammation,-0.31309583432296,8,Resolved; >=100 genes,identity_markers_removed
Donor4,UF,OSM_inflammation,0.377555055863256,3335,Resolved; >=100 genes,identity_markers_removed
Donor4,UN,OSM_inflammation,0.197135608132975,1196,Resolved; >=100 genes,identity_markers_removed
Donor3,UN,OSM_inflammation,0.178647495862818,2516,Resolved; >=100 genes,identity_markers_removed
Donor2,UF,OSM_inflammation,0.114099983835192,653,Resolved; >=100 genes,identity_markers_removed
Donor3,UF,OSM_inflammation,0.311908179776729,2322,Resolved; >=100 genes,identity_markers_removed
Donor2,UN,OSM_inflammation,0.135656658235095,418,Resolved; >=100 genes,identity_markers_removed
Donor6,UF,OSM_inflammation,0.123551210004378,323,Resolved; >=100 genes,identity_markers_removed
Donor1,UF,OSM_inflammation,0.133147407657391,126,Resolved; >=100 genes,identity_markers_removed
Donor1,UN,OSM_inflammation,0.0949147779877154,86,Resolved; >=100 genes,identity_markers_removed
Donor5,UF,OSM_inflammation,0.0309974278564516,25,Resolved; >=100 genes,identity_markers_removed
Donor6,UN,OSM_inflammation,0.0269290530296482,51,Resolved; >=100 genes,identity_markers_removed
Donor5,UN,OSM_inflammation,0.100343622221506,24,Resolved; >=100 genes,identity_markers_removed
Donor4,UD,OSM_inflammation,0.262331440448196,1835,Resolved; >=100 genes,identity_markers_removed
Donor4,UA5,OSM_inflammation,0.322208815903859,1568,Resolved; >=100 genes,identity_markers_removed
Donor5,UD,OSM_inflammation,-0.000830391744301533,1119,Resolved; >=100 genes,identity_markers_removed
Donor2,UD,OSM_inflammation,-0.0262285942939967,874,Resolved; >=100 genes,identity_markers_removed
Donor3,UA5,OSM_inflammation,0.283627627733183,2043,Resolved; >=100 genes,identity_markers_removed
Donor2,UA5,OSM_inflammation,0.0422668070561936,876,Resolved; >=100 genes,identity_markers_removed
Donor6,UD,OSM_inflammation,-0.053673967273278,455,Resolved; >=100 genes,identity_markers_removed
Donor1,UA5,OSM_inflammation,0.0517011020410002,1307,Resolved; >=100 genes,identity_markers_removed
Donor3,UD,OSM_inflammation,0.155774041238076,1499,Resolved; >=100 genes,identity_markers_removed
Donor6,UA5,OSM_inflammation,-0.0965803736157161,498,Resolved; >=100 genes,identity_markers_removed
Donor1,UD,OSM_inflammation,0.00751358620761886,191,Resolved; >=100 genes,identity_markers_removed
Donor5,UA5,OSM_inflammation,-0.133721464204048,4,Resolved; >=100 genes,identity_markers_removed
Donor4,CF,OSM_inflammation,0.246667543597781,2817,Resolved; >=100 genes,identity_markers_removed
Donor3,NA5,OSM_inflammation,0.225613432058516,3826,Resolved; >=100 genes,identity_markers_removed
Donor2,NA5,OSM_inflammation,0.0549262198609391,996,Resolved; >=100 genes,identity_markers_removed
Donor5,NA5,OSM_inflammation,0.0652044948875771,2164,Resolved; >=100 genes,identity_markers_removed
Donor3,CF,OSM_inflammation,0.296143074384819,3316,Resolved; >=100 genes,identity_markers_removed
Donor6,CF,OSM_inflammation,0.0217939224351698,1091,Resolved; >=100 genes,identity_markers_removed
Donor1,CF,OSM_inflammation,0.0430539771680004,1097,Resolved; >=100 genes,identity_markers_removed
Donor4,NA5,OSM_inflammation,0.193636652390124,1557,Resolved; >=100 genes,identity_markers_removed
Donor1,NA5,OSM_inflammation,0.0759877044593955,66,Resolved; >=100 genes,identity_markers_removed
Donor5,CF,OSM_inflammation,0.314200279130793,11,Resolved; >=100 genes,identity_markers_removed
Donor2,CF,OSM_inflammation,-0.16872578011615,22,Resolved; >=100 genes,identity_markers_removed
Donor6,NA5,OSM_inflammation,0.446721685112382,1,Resolved; >=100 genes,identity_markers_removed
Donor1,N,Type_I_interferon,0.0080471893796459,38,Resolved; >=100 genes,identity_markers_removed
Donor6,N,Type_I_interferon,-0.0384196027640994,584,Resolved; >=100 genes,identity_markers_removed
Donor5,NNAMPT,Type_I_interferon,-0.0268944133896656,24,Resolved; >=100 genes,identity_markers_removed
Donor2,NNAMPT,Type_I_interferon,-0.0466633092756822,141,Resolved; >=100 genes,identity_markers_removed
Donor1,NNAMPT,Type_I_interferon,-0.0631248170419178,43,Resolved; >=100 genes,identity_markers_removed
Donor4,NNAMPT,Type_I_interferon,0.00103719223574172,173,Resolved; >=100 genes,identity_markers_removed
Donor4,N,Type_I_interferon,-0.00288489240076019,177,Resolved; >=100 genes,identity_markers_removed
Donor5,N,Type_I_interferon,-0.0269092261498951,42,Resolved; >=100 genes,identity_markers_removed
Donor3,N,Type_I_interferon,0.00854032289205415,91,Resolved; >=100 genes,identity_markers_removed
Donor3,NNAMPT,Type_I_interferon,0.0989646936986729,33,Resolved; >=100 genes,identity_markers_removed
Donor2,N,Type_I_interferon,-0.0734967389045251,31,Resolved; >=100 genes,identity_markers_removed
Donor6,NNAMPT,Type_I_interferon,-0.10007623002831,8,Resolved; >=100 genes,identity_markers_removed
Donor4,UF,Type_I_interferon,0.00654701679537307,3335,Resolved; >=100 genes,identity_markers_removed
Donor4,UN,Type_I_interferon,0.0317703902202117,1196,Resolved; >=100 genes,identity_markers_removed
Donor3,UN,Type_I_interferon,0.0518643689741072,2516,Resolved; >=100 genes,identity_markers_removed
Donor2,UF,Type_I_interferon,0.0183713669167591,653,Resolved; >=100 genes,identity_markers_removed
Donor3,UF,Type_I_interferon,0.0457894812293262,2322,Resolved; >=100 genes,identity_markers_removed
Donor2,UN,Type_I_interferon,0.0291918909687515,418,Resolved; >=100 genes,identity_markers_removed
Donor6,UF,Type_I_interferon,0.0496562490459833,323,Resolved; >=100 genes,identity_markers_removed
Donor1,UF,Type_I_interferon,-0.00798048525807305,126,Resolved; >=100 genes,identity_markers_removed
Donor1,UN,Type_I_interferon,0.116108770767045,86,Resolved; >=100 genes,identity_markers_removed
Donor5,UF,Type_I_interferon,-0.0683420360441372,25,Resolved; >=100 genes,identity_markers_removed
Donor6,UN,Type_I_interferon,0.0227669471194727,51,Resolved; >=100 genes,identity_markers_removed
Donor5,UN,Type_I_interferon,-0.0781073657121486,24,Resolved; >=100 genes,identity_markers_removed
Donor4,UD,Type_I_interferon,0.0577819485106333,1835,Resolved; >=100 genes,identity_markers_removed
Donor4,UA5,Type_I_interferon,0.042473655462863,1568,Resolved; >=100 genes,identity_markers_removed
Donor5,UD,Type_I_interferon,0.0142369247201824,1119,Resolved; >=100 genes,identity_markers_removed
Donor2,UD,Type_I_interferon,-0.01916916159092,874,Resolved; >=100 genes,identity_markers_removed
Donor3,UA5,Type_I_interferon,0.0580271912082231,2043,Resolved; >=100 genes,identity_markers_removed
Donor2,UA5,Type_I_interferon,0.0317215068365879,876,Resolved; >=100 genes,identity_markers_removed
Donor6,UD,Type_I_interferon,-0.0150913530462618,455,Resolved; >=100 genes,identity_markers_removed
Donor1,UA5,Type_I_interferon,0.018594047475257,1307,Resolved; >=100 genes,identity_markers_removed
Donor3,UD,Type_I_interferon,0.0577314126266365,1499,Resolved; >=100 genes,identity_markers_removed
Donor6,UA5,Type_I_interferon,-0.0219175763794465,498,Resolved; >=100 genes,identity_markers_removed
Donor1,UD,Type_I_interferon,0.0405654944067523,191,Resolved; >=100 genes,identity_markers_removed
Donor5,UA5,Type_I_interferon,-0.00492859943897227,4,Resolved; >=100 genes,identity_markers_removed
Donor4,CF,Type_I_interferon,0.0509551067290291,2817,Resolved; >=100 genes,identity_markers_removed
Donor3,NA5,Type_I_interferon,0.0626515486171832,3826,Resolved; >=100 genes,identity_markers_removed
Donor2,NA5,Type_I_interferon,0.0194105968965992,996,Resolved; >=100 genes,identity_markers_removed
Donor5,NA5,Type_I_interferon,0.035409502344335,2164,Resolved; >=100 genes,identity_markers_removed
Donor3,CF,Type_I_interferon,0.0441949756791899,3316,Resolved; >=100 genes,identity_markers_removed
Donor6,CF,Type_I_interferon,0.0568309765637745,1091,Resolved; >=100 genes,identity_markers_removed
Donor1,CF,Type_I_interferon,0.0370875424775419,1097,Resolved; >=100 genes,identity_markers_removed
Donor4,NA5,Type_I_interferon,0.0739141671204724,1557,Resolved; >=100 genes,identity_markers_removed
Donor1,NA5,Type_I_interferon,0.00964888675901407,66,Resolved; >=100 genes,identity_markers_removed
Donor5,CF,Type_I_interferon,0.0748430440344408,11,Resolved; >=100 genes,identity_markers_removed
Donor2,CF,Type_I_interferon,0.00779983118644051,22,Resolved; >=100 genes,identity_markers_removed
Donor6,NA5,Type_I_interferon,0.289281332154026,1,Resolved; >=100 genes,identity_markers_removed
Donor1,N,Immature_granulopoiesis,0.0207808245928928,38,Resolved; >=100 genes,identity_markers_removed
Donor6,N,Immature_granulopoiesis,0.362800585256346,584,Resolved; >=100 genes,identity_markers_removed
Donor5,NNAMPT,Immature_granulopoiesis,0.00153041398254371,24,Resolved; >=100 genes,identity_markers_removed
Donor2,NNAMPT,Immature_granulopoiesis,0.092267591102627,141,Resolved; >=100 genes,identity_markers_removed
Donor1,NNAMPT,Immature_granulopoiesis,-0.0890452455459618,43,Resolved; >=100 genes,identity_markers_removed
Donor4,NNAMPT,Immature_granulopoiesis,0.192440527110953,173,Resolved; >=100 genes,identity_markers_removed
Donor4,N,Immature_granulopoiesis,0.159913720478149,177,Resolved; >=100 genes,identity_markers_removed
Donor5,N,Immature_granulopoiesis,0.0314108053233762,42,Resolved; >=100 genes,identity_markers_removed
Donor3,N,Immature_granulopoiesis,0.255468773943038,91,Resolved; >=100 genes,identity_markers_removed
Donor3,NNAMPT,Immature_granulopoiesis,0.118664973809888,33,Resolved; >=100 genes,identity_markers_removed
Donor2,N,Immature_granulopoiesis,-0.0736044126199395,31,Resolved; >=100 genes,identity_markers_removed
Donor6,NNAMPT,Immature_granulopoiesis,0.0939355444603101,8,Resolved; >=100 genes,identity_markers_removed
Donor4,UF,Immature_granulopoiesis,-0.0358809366540543,3335,Resolved; >=100 genes,identity_markers_removed
Donor4,UN,Immature_granulopoiesis,-0.0154306504095629,1196,Resolved; >=100 genes,identity_markers_removed
Donor3,UN,Immature_granulopoiesis,-0.0335792288349737,2516,Resolved; >=100 genes,identity_markers_removed
Donor2,UF,Immature_granulopoiesis,0.0168307632936635,653,Resolved; >=100 genes,identity_markers_removed
Donor3,UF,Immature_granulopoiesis,-0.0414916771049522,2322,Resolved; >=100 genes,identity_markers_removed
Donor2,UN,Immature_granulopoiesis,0.0424089396740952,418,Resolved; >=100 genes,identity_markers_removed
Donor6,UF,Immature_granulopoiesis,-0.00506786491310544,323,Resolved; >=100 genes,identity_markers_removed
Donor1,UF,Immature_granulopoiesis,-0.0129428924856437,126,Resolved; >=100 genes,identity_markers_removed
Donor1,UN,Immature_granulopoiesis,-0.00641194094687951,86,Resolved; >=100 genes,identity_markers_removed
Donor5,UF,Immature_granulopoiesis,-0.0564119463642834,25,Resolved; >=100 genes,identity_markers_removed
Donor6,UN,Immature_granulopoiesis,-0.0252703814008376,51,Resolved; >=100 genes,identity_markers_removed
Donor5,UN,Immature_granulopoiesis,-0.0866416880539147,24,Resolved; >=100 genes,identity_markers_removed
Donor4,UD,Immature_granulopoiesis,0.0369966352693304,1835,Resolved; >=100 genes,identity_markers_removed
Donor4,UA5,Immature_granulopoiesis,0.020900688320385,1568,Resolved; >=100 genes,identity_markers_removed
Donor5,UD,Immature_granulopoiesis,0.154249249021861,1119,Resolved; >=100 genes,identity_markers_removed
Donor2,UD,Immature_granulopoiesis,0.0956719044193049,874,Resolved; >=100 genes,identity_markers_removed
Donor3,UA5,Immature_granulopoiesis,0.0408802270653585,2043,Resolved; >=100 genes,identity_markers_removed
Donor2,UA5,Immature_granulopoiesis,0.126822609356069,876,Resolved; >=100 genes,identity_markers_removed
Donor6,UD,Immature_granulopoiesis,0.150292371041389,455,Resolved; >=100 genes,identity_markers_removed
Donor1,UA5,Immature_granulopoiesis,0.101995061556424,1307,Resolved; >=100 genes,identity_markers_removed
Donor3,UD,Immature_granulopoiesis,0.0450812605747219,1499,Resolved; >=100 genes,identity_markers_removed
Donor6,UA5,Immature_granulopoiesis,0.126351009687857,498,Resolved; >=100 genes,identity_markers_removed
Donor1,UD,Immature_granulopoiesis,0.164083998411389,191,Resolved; >=100 genes,identity_markers_removed
Donor5,UA5,Immature_granulopoiesis,-0.142810521723354,4,Resolved; >=100 genes,identity_markers_removed
Donor4,CF,Immature_granulopoiesis,-0.0475913732096528,2817,Resolved; >=100 genes,identity_markers_removed
Donor3,NA5,Immature_granulopoiesis,-0.0490683050439773,3826,Resolved; >=100 genes,identity_markers_removed
Donor2,NA5,Immature_granulopoiesis,-0.031597289834182,996,Resolved; >=100 genes,identity_markers_removed
Donor5,NA5,Immature_granulopoiesis,-0.0310917963995814,2164,Resolved; >=100 genes,identity_markers_removed
Donor3,CF,Immature_granulopoiesis,-0.0461407464541482,3316,Resolved; >=100 genes,identity_markers_removed
Donor6,CF,Immature_granulopoiesis,-0.0410972600114633,1091,Resolved; >=100 genes,identity_markers_removed
Donor1,CF,Immature_granulopoiesis,-0.0228625667756667,1097,Resolved; >=100 genes,identity_markers_removed
Donor4,NA5,Immature_granulopoiesis,-0.0455728754078816,1557,Resolved; >=100 genes,identity_markers_removed
Donor1,NA5,Immature_granulopoiesis,-0.0410784897096227,66,Resolved; >=100 genes,identity_markers_removed
Donor5,CF,Immature_granulopoiesis,0.00699680719734523,11,Resolved; >=100 genes,identity_markers_removed
Donor2,CF,Immature_granulopoiesis,-0.0740005990589028,22,Resolved; >=100 genes,identity_markers_removed
Donor6,NA5,Immature_granulopoiesis,0.10338395479701,1,Resolved; >=100 genes,identity_markers_removed
Donor1,N,Survival_antiapoptosis,-0.2327344154842,38,Resolved; >=100 genes,identity_markers_removed
Donor6,N,Survival_antiapoptosis,-0.172645030579374,584,Resolved; >=100 genes,identity_markers_removed
Donor5,NNAMPT,Survival_antiapoptosis,-0.234102255735693,24,Resolved; >=100 genes,identity_markers_removed
Donor2,NNAMPT,Survival_antiapoptosis,-0.213232137867854,141,Resolved; >=100 genes,identity_markers_removed
Donor1,NNAMPT,Survival_antiapoptosis,-0.241250355148696,43,Resolved; >=100 genes,identity_markers_removed
Donor4,NNAMPT,Survival_antiapoptosis,-0.0472475122834387,173,Resolved; >=100 genes,identity_markers_removed
Donor4,N,Survival_antiapoptosis,-0.120547083135682,177,Resolved; >=100 genes,identity_markers_removed
Donor5,N,Survival_antiapoptosis,-0.300257599974441,42,Resolved; >=100 genes,identity_markers_removed
Donor3,N,Survival_antiapoptosis,-0.0637550733588132,91,Resolved; >=100 genes,identity_markers_removed
Donor3,NNAMPT,Survival_antiapoptosis,-0.00129929009627913,33,Resolved; >=100 genes,identity_markers_removed
Donor2,N,Survival_antiapoptosis,-0.108052719829885,31,Resolved; >=100 genes,identity_markers_removed
Donor6,NNAMPT,Survival_antiapoptosis,-0.430140981724725,8,Resolved; >=100 genes,identity_markers_removed
Donor4,UF,Survival_antiapoptosis,0.182013467674562,3335,Resolved; >=100 genes,identity_markers_removed
Donor4,UN,Survival_antiapoptosis,0.176764136725235,1196,Resolved; >=100 genes,identity_markers_removed
Donor3,UN,Survival_antiapoptosis,0.176175059175374,2516,Resolved; >=100 genes,identity_markers_removed
Donor2,UF,Survival_antiapoptosis,0.0945244061378081,653,Resolved; >=100 genes,identity_markers_removed
Donor3,UF,Survival_antiapoptosis,0.187402708349233,2322,Resolved; >=100 genes,identity_markers_removed
Donor2,UN,Survival_antiapoptosis,0.100069744143075,418,Resolved; >=100 genes,identity_markers_removed
Donor6,UF,Survival_antiapoptosis,0.100602826316205,323,Resolved; >=100 genes,identity_markers_removed
Donor1,UF,Survival_antiapoptosis,0.112952078823197,126,Resolved; >=100 genes,identity_markers_removed
Donor1,UN,Survival_antiapoptosis,0.148761873117375,86,Resolved; >=100 genes,identity_markers_removed
Donor5,UF,Survival_antiapoptosis,0.12465500783209,25,Resolved; >=100 genes,identity_markers_removed
Donor6,UN,Survival_antiapoptosis,0.189396974562765,51,Resolved; >=100 genes,identity_markers_removed
Donor5,UN,Survival_antiapoptosis,0.058978413312969,24,Resolved; >=100 genes,identity_markers_removed
Donor4,UD,Survival_antiapoptosis,0.205807269092577,1835,Resolved; >=100 genes,identity_markers_removed
Donor4,UA5,Survival_antiapoptosis,0.189042853420982,1568,Resolved; >=100 genes,identity_markers_removed
Donor5,UD,Survival_antiapoptosis,-0.0723426096629601,1119,Resolved; >=100 genes,identity_markers_removed
Donor2,UD,Survival_antiapoptosis,-0.0813782349936647,874,Resolved; >=100 genes,identity_markers_removed
Donor3,UA5,Survival_antiapoptosis,0.202195130919965,2043,Resolved; >=100 genes,identity_markers_removed
Donor2,UA5,Survival_antiapoptosis,-0.0255794327316908,876,Resolved; >=100 genes,identity_markers_removed
Donor6,UD,Survival_antiapoptosis,-0.108724335041676,455,Resolved; >=100 genes,identity_markers_removed
Donor1,UA5,Survival_antiapoptosis,-0.0288449743116376,1307,Resolved; >=100 genes,identity_markers_removed
Donor3,UD,Survival_antiapoptosis,0.175007496987159,1499,Resolved; >=100 genes,identity_markers_removed
Donor6,UA5,Survival_antiapoptosis,-0.0381195921566463,498,Resolved; >=100 genes,identity_markers_removed
Donor1,UD,Survival_antiapoptosis,0.0255568394300814,191,Resolved; >=100 genes,identity_markers_removed
Donor5,UA5,Survival_antiapoptosis,0.0558001711022789,4,Resolved; >=100 genes,identity_markers_removed
Donor4,CF,Survival_antiapoptosis,0.232148079370952,2817,Resolved; >=100 genes,identity_markers_removed
Donor3,NA5,Survival_antiapoptosis,0.232206013035074,3826,Resolved; >=100 genes,identity_markers_removed
Donor2,NA5,Survival_antiapoptosis,0.112836427846619,996,Resolved; >=100 genes,identity_markers_removed
Donor5,NA5,Survival_antiapoptosis,0.0985537867295273,2164,Resolved; >=100 genes,identity_markers_removed
Donor3,CF,Survival_antiapoptosis,0.245229593419728,3316,Resolved; >=100 genes,identity_markers_removed
Donor6,CF,Survival_antiapoptosis,0.0926531421197823,1091,Resolved; >=100 genes,identity_markers_removed
Donor1,CF,Survival_antiapoptosis,0.0883663344988053,1097,Resolved; >=100 genes,identity_markers_removed
Donor4,NA5,Survival_antiapoptosis,0.234428311320521,1557,Resolved; >=100 genes,identity_markers_removed
Donor1,NA5,Survival_antiapoptosis,0.0610009111924761,66,Resolved; >=100 genes,identity_markers_removed
Donor5,CF,Survival_antiapoptosis,0.195526592304685,11,Resolved; >=100 genes,identity_markers_removed
Donor2,CF,Survival_antiapoptosis,-0.0467221552017462,22,Resolved; >=100 genes,identity_markers_removed
Donor6,NA5,Survival_antiapoptosis,0.727042799192761,1,Resolved; >=100 genes,identity_markers_removed
Donor1,N,Hypoxia_glycolysis,-0.0495402402855001,38,Resolved; >=100 genes,identity_markers_removed
Donor6,N,Hypoxia_glycolysis,-0.0464368774297847,584,Resolved; >=100 genes,identity_markers_removed
Donor5,NNAMPT,Hypoxia_glycolysis,-0.126891035432491,24,Resolved; >=100 genes,identity_markers_removed
Donor2,NNAMPT,Hypoxia_glycolysis,-0.137426640904875,141,Resolved; >=100 genes,identity_markers_removed
Donor1,NNAMPT,Hypoxia_glycolysis,-0.0943077180974835,43,Resolved; >=100 genes,identity_markers_removed
Donor4,NNAMPT,Hypoxia_glycolysis,-0.0985783265167502,173,Resolved; >=100 genes,identity_markers_removed
Donor4,N,Hypoxia_glycolysis,-0.0515064924779377,177,Resolved; >=100 genes,identity_markers_removed
Donor5,N,Hypoxia_glycolysis,-0.0778645143466404,42,Resolved; >=100 genes,identity_markers_removed
Donor3,N,Hypoxia_glycolysis,-0.0616506501360689,91,Resolved; >=100 genes,identity_markers_removed
Donor3,NNAMPT,Hypoxia_glycolysis,0.0331136904803028,33,Resolved; >=100 genes,identity_markers_removed
Donor2,N,Hypoxia_glycolysis,-0.136040858222839,31,Resolved; >=100 genes,identity_markers_removed
Donor6,NNAMPT,Hypoxia_glycolysis,-0.186085655887126,8,Resolved; >=100 genes,identity_markers_removed
Donor4,UF,Hypoxia_glycolysis,0.0301404497355514,3335,Resolved; >=100 genes,identity_markers_removed
Donor4,UN,Hypoxia_glycolysis,0.104769815519886,1196,Resolved; >=100 genes,identity_markers_removed
Donor3,UN,Hypoxia_glycolysis,0.0690021498388498,2516,Resolved; >=100 genes,identity_markers_removed
Donor2,UF,Hypoxia_glycolysis,0.0512039240561566,653,Resolved; >=100 genes,identity_markers_removed
Donor3,UF,Hypoxia_glycolysis,0.0459440486919309,2322,Resolved; >=100 genes,identity_markers_removed
Donor2,UN,Hypoxia_glycolysis,0.025677779477798,418,Resolved; >=100 genes,identity_markers_removed
Donor6,UF,Hypoxia_glycolysis,0.0587784194808227,323,Resolved; >=100 genes,identity_markers_removed
Donor1,UF,Hypoxia_glycolysis,0.0337677862173103,126,Resolved; >=100 genes,identity_markers_removed
Donor1,UN,Hypoxia_glycolysis,0.0811214466593596,86,Resolved; >=100 genes,identity_markers_removed
Donor5,UF,Hypoxia_glycolysis,0.0801080782415756,25,Resolved; >=100 genes,identity_markers_removed
Donor6,UN,Hypoxia_glycolysis,0.0186283344419636,51,Resolved; >=100 genes,identity_markers_removed
Donor5,UN,Hypoxia_glycolysis,0.0607377241809305,24,Resolved; >=100 genes,identity_markers_removed
Donor4,UD,Hypoxia_glycolysis,0.122967731447549,1835,Resolved; >=100 genes,identity_markers_removed
Donor4,UA5,Hypoxia_glycolysis,0.110536214145071,1568,Resolved; >=100 genes,identity_markers_removed
Donor5,UD,Hypoxia_glycolysis,-0.0297710332020983,1119,Resolved; >=100 genes,identity_markers_removed
Donor2,UD,Hypoxia_glycolysis,0.00882272663942546,874,Resolved; >=100 genes,identity_markers_removed
Donor3,UA5,Hypoxia_glycolysis,0.122235999903982,2043,Resolved; >=100 genes,identity_markers_removed
Donor2,UA5,Hypoxia_glycolysis,-0.000771411265735859,876,Resolved; >=100 genes,identity_markers_removed
Donor6,UD,Hypoxia_glycolysis,0.0331915306190329,455,Resolved; >=100 genes,identity_markers_removed
Donor1,UA5,Hypoxia_glycolysis,0.0117972409330209,1307,Resolved; >=100 genes,identity_markers_removed
Donor3,UD,Hypoxia_glycolysis,0.0892127996731083,1499,Resolved; >=100 genes,identity_markers_removed
Donor6,UA5,Hypoxia_glycolysis,-0.0325097307622436,498,Resolved; >=100 genes,identity_markers_removed
Donor1,UD,Hypoxia_glycolysis,0.0318006670279694,191,Resolved; >=100 genes,identity_markers_removed
Donor5,UA5,Hypoxia_glycolysis,-0.133604325385512,4,Resolved; >=100 genes,identity_markers_removed
Donor4,CF,Hypoxia_glycolysis,0.12859926870721,2817,Resolved; >=100 genes,identity_markers_removed
Donor3,NA5,Hypoxia_glycolysis,0.144410884836612,3826,Resolved; >=100 genes,identity_markers_removed
Donor2,NA5,Hypoxia_glycolysis,0.0705466912320297,996,Resolved; >=100 genes,identity_markers_removed
Donor5,NA5,Hypoxia_glycolysis,0.0783809892813858,2164,Resolved; >=100 genes,identity_markers_removed
Donor3,CF,Hypoxia_glycolysis,0.137206188540709,3316,Resolved; >=100 genes,identity_markers_removed
Donor6,CF,Hypoxia_glycolysis,0.0506697317989202,1091,Resolved; >=100 genes,identity_markers_removed
Donor1,CF,Hypoxia_glycolysis,0.0558611629355743,1097,Resolved; >=100 genes,identity_markers_removed
Donor4,NA5,Hypoxia_glycolysis,0.127408544916708,1557,Resolved; >=100 genes,identity_markers_removed
Donor1,NA5,Hypoxia_glycolysis,0.0977857634400435,66,Resolved; >=100 genes,identity_markers_removed
Donor5,CF,Hypoxia_glycolysis,0.103179351108909,11,Resolved; >=100 genes,identity_markers_removed
Donor2,CF,Hypoxia_glycolysis,0.116462983391199,22,Resolved; >=100 genes,identity_markers_removed
Donor6,NA5,Hypoxia_glycolysis,-0.284430339070217,1,Resolved; >=100 genes,identity_markers_removed
Donor1,N,ER_stress,-0.135151416561412,38,Resolved; >=100 genes,identity_markers_removed
Donor6,N,ER_stress,-0.191618744139407,584,Resolved; >=100 genes,identity_markers_removed
Donor5,NNAMPT,ER_stress,-0.223382844418697,24,Resolved; >=100 genes,identity_markers_removed
Donor2,NNAMPT,ER_stress,-0.24703950522923,141,Resolved; >=100 genes,identity_markers_removed
Donor1,NNAMPT,ER_stress,-0.138427457463794,43,Resolved; >=100 genes,identity_markers_removed
Donor4,NNAMPT,ER_stress,-0.118009423838881,173,Resolved; >=100 genes,identity_markers_removed
Donor4,N,ER_stress,-0.122841965683931,177,Resolved; >=100 genes,identity_markers_removed
Donor5,N,ER_stress,-0.30581581115958,42,Resolved; >=100 genes,identity_markers_removed
Donor3,N,ER_stress,-0.184263650488462,91,Resolved; >=100 genes,identity_markers_removed
Donor3,NNAMPT,ER_stress,-0.175566854131465,33,Resolved; >=100 genes,identity_markers_removed
Donor2,N,ER_stress,-0.0672417069967657,31,Resolved; >=100 genes,identity_markers_removed
Donor6,NNAMPT,ER_stress,-0.328303818723651,8,Resolved; >=100 genes,identity_markers_removed
Donor4,UF,ER_stress,0.128176907260244,3335,Resolved; >=100 genes,identity_markers_removed
Donor4,UN,ER_stress,0.164638607162788,1196,Resolved; >=100 genes,identity_markers_removed
Donor3,UN,ER_stress,0.149986325925325,2516,Resolved; >=100 genes,identity_markers_removed
Donor2,UF,ER_stress,0.142608749714681,653,Resolved; >=100 genes,identity_markers_removed
Donor3,UF,ER_stress,0.144463434801898,2322,Resolved; >=100 genes,identity_markers_removed
Donor2,UN,ER_stress,0.165854636518707,418,Resolved; >=100 genes,identity_markers_removed
Donor6,UF,ER_stress,0.0570570517344277,323,Resolved; >=100 genes,identity_markers_removed
Donor1,UF,ER_stress,0.158909616155078,126,Resolved; >=100 genes,identity_markers_removed
Donor1,UN,ER_stress,0.114778431395638,86,Resolved; >=100 genes,identity_markers_removed
Donor5,UF,ER_stress,0.131145013207572,25,Resolved; >=100 genes,identity_markers_removed
Donor6,UN,ER_stress,0.167199285241811,51,Resolved; >=100 genes,identity_markers_removed
Donor5,UN,ER_stress,0.147576514259305,24,Resolved; >=100 genes,identity_markers_removed
Donor4,UD,ER_stress,0.132589577261407,1835,Resolved; >=100 genes,identity_markers_removed
Donor4,UA5,ER_stress,0.110323013303533,1568,Resolved; >=100 genes,identity_markers_removed
Donor5,UD,ER_stress,-0.0892157288323233,1119,Resolved; >=100 genes,identity_markers_removed
Donor2,UD,ER_stress,-0.0708350794151613,874,Resolved; >=100 genes,identity_markers_removed
Donor3,UA5,ER_stress,0.109332702523376,2043,Resolved; >=100 genes,identity_markers_removed
Donor2,UA5,ER_stress,-0.0598768656761525,876,Resolved; >=100 genes,identity_markers_removed
Donor6,UD,ER_stress,-0.141934858755793,455,Resolved; >=100 genes,identity_markers_removed
Donor1,UA5,ER_stress,-0.0393191237169551,1307,Resolved; >=100 genes,identity_markers_removed
Donor3,UD,ER_stress,0.0912435767709325,1499,Resolved; >=100 genes,identity_markers_removed
Donor6,UA5,ER_stress,-0.141879540125626,498,Resolved; >=100 genes,identity_markers_removed
Donor1,UD,ER_stress,0.04065974835527,191,Resolved; >=100 genes,identity_markers_removed
Donor5,UA5,ER_stress,0.350214356675035,4,Resolved; >=100 genes,identity_markers_removed
Donor4,CF,ER_stress,0.213623646147097,2817,Resolved; >=100 genes,identity_markers_removed
Donor3,NA5,ER_stress,0.189181818853638,3826,Resolved; >=100 genes,identity_markers_removed
Donor2,NA5,ER_stress,0.0826449234797321,996,Resolved; >=100 genes,identity_markers_removed
Donor5,NA5,ER_stress,0.0765839105325942,2164,Resolved; >=100 genes,identity_markers_removed
Donor3,CF,ER_stress,0.21114400233566,3316,Resolved; >=100 genes,identity_markers_removed
Donor6,CF,ER_stress,0.0664328470874907,1091,Resolved; >=100 genes,identity_markers_removed
Donor1,CF,ER_stress,0.0720744362909015,1097,Resolved; >=100 genes,identity_markers_removed
Donor4,NA5,ER_stress,0.23126077944672,1557,Resolved; >=100 genes,identity_markers_removed
Donor1,NA5,ER_stress,0.0612534959228585,66,Resolved; >=100 genes,identity_markers_removed
Donor5,CF,ER_stress,0.206778167563431,11,Resolved; >=100 genes,identity_markers_removed
Donor2,CF,ER_stress,0.106957965727095,22,Resolved; >=100 genes,identity_markers_removed
Donor6,NA5,ER_stress,0.0478355537898678,1,Resolved; >=100 genes,identity_markers_removed
Donor1,N,Proliferation_stress,-0.0054566191382127,38,Resolved; >=100 genes,identity_markers_removed
Donor6,N,Proliferation_stress,0.132571507273374,584,Resolved; >=100 genes,identity_markers_removed
Donor5,NNAMPT,Proliferation_stress,-0.0549395139609563,24,Resolved; >=100 genes,identity_markers_removed
Donor2,NNAMPT,Proliferation_stress,0.065512352449893,141,Resolved; >=100 genes,identity_markers_removed
Donor1,NNAMPT,Proliferation_stress,-0.155629053833584,43,Resolved; >=100 genes,identity_markers_removed
Donor4,NNAMPT,Proliferation_stress,-0.0423827704243071,173,Resolved; >=100 genes,identity_markers_removed
Donor4,N,Proliferation_stress,-0.020495692185421,177,Resolved; >=100 genes,identity_markers_removed
Donor5,N,Proliferation_stress,-0.0402918959347151,42,Resolved; >=100 genes,identity_markers_removed
Donor3,N,Proliferation_stress,-0.0336097280137224,91,Resolved; >=100 genes,identity_markers_removed
Donor3,NNAMPT,Proliferation_stress,0.140329410987618,33,Resolved; >=100 genes,identity_markers_removed
Donor2,N,Proliferation_stress,-0.0884669322095185,31,Resolved; >=100 genes,identity_markers_removed
Donor6,NNAMPT,Proliferation_stress,0.0150899133521746,8,Resolved; >=100 genes,identity_markers_removed
Donor4,UF,Proliferation_stress,-0.00698353072583333,3335,Resolved; >=100 genes,identity_markers_removed
Donor4,UN,Proliferation_stress,0.0482771607207391,1196,Resolved; >=100 genes,identity_markers_removed
Donor3,UN,Proliferation_stress,0.051000453031889,2516,Resolved; >=100 genes,identity_markers_removed
Donor2,UF,Proliferation_stress,0.0259277986312207,653,Resolved; >=100 genes,identity_markers_removed
Donor3,UF,Proliferation_stress,0.0123446357716916,2322,Resolved; >=100 genes,identity_markers_removed
Donor2,UN,Proliferation_stress,0.0496280641590737,418,Resolved; >=100 genes,identity_markers_removed
Donor6,UF,Proliferation_stress,0.0957798576187762,323,Resolved; >=100 genes,identity_markers_removed
Donor1,UF,Proliferation_stress,-0.000786102837976817,126,Resolved; >=100 genes,identity_markers_removed
Donor1,UN,Proliferation_stress,0.127626467075266,86,Resolved; >=100 genes,identity_markers_removed
Donor5,UF,Proliferation_stress,0.126179687234722,25,Resolved; >=100 genes,identity_markers_removed
Donor6,UN,Proliferation_stress,-0.0254681103313499,51,Resolved; >=100 genes,identity_markers_removed
Donor5,UN,Proliferation_stress,0.102826761652685,24,Resolved; >=100 genes,identity_markers_removed
Donor4,UD,Proliferation_stress,0.0576389944177368,1835,Resolved; >=100 genes,identity_markers_removed
Donor4,UA5,Proliferation_stress,0.0370896906160777,1568,Resolved; >=100 genes,identity_markers_removed
Donor5,UD,Proliferation_stress,0.0434629854805163,1119,Resolved; >=100 genes,identity_markers_removed
Donor2,UD,Proliferation_stress,0.0182944203107735,874,Resolved; >=100 genes,identity_markers_removed
Donor3,UA5,Proliferation_stress,0.0425922657887016,2043,Resolved; >=100 genes,identity_markers_removed
Donor2,UA5,Proliferation_stress,0.0306364749348329,876,Resolved; >=100 genes,identity_markers_removed
Donor6,UD,Proliferation_stress,0.0209559115905742,455,Resolved; >=100 genes,identity_markers_removed
Donor1,UA5,Proliferation_stress,0.0315081904278058,1307,Resolved; >=100 genes,identity_markers_removed
Donor3,UD,Proliferation_stress,0.0367699091959681,1499,Resolved; >=100 genes,identity_markers_removed
Donor6,UA5,Proliferation_stress,-0.00345056383317863,498,Resolved; >=100 genes,identity_markers_removed
Donor1,UD,Proliferation_stress,0.0963381319804182,191,Resolved; >=100 genes,identity_markers_removed
Donor5,UA5,Proliferation_stress,0.0172072241626164,4,Resolved; >=100 genes,identity_markers_removed
Donor4,CF,Proliferation_stress,-0.00723430295234212,2817,Resolved; >=100 genes,identity_markers_removed
Donor3,NA5,Proliferation_stress,-0.00199304719885316,3826,Resolved; >=100 genes,identity_markers_removed
Donor2,NA5,Proliferation_stress,-0.00407271122449039,996,Resolved; >=100 genes,identity_markers_removed
Donor5,NA5,Proliferation_stress,-0.0293015614587276,2164,Resolved; >=100 genes,identity_markers_removed
Donor3,CF,Proliferation_stress,-0.0107333403635915,3316,Resolved; >=100 genes,identity_markers_removed
Donor6,CF,Proliferation_stress,-0.031427585566259,1091,Resolved; >=100 genes,identity_markers_removed
Donor1,CF,Proliferation_stress,-0.0211731859378023,1097,Resolved; >=100 genes,identity_markers_removed
Donor4,NA5,Proliferation_stress,-0.0132486215721431,1557,Resolved; >=100 genes,identity_markers_removed
Donor1,NA5,Proliferation_stress,-0.0161512810581849,66,Resolved; >=100 genes,identity_markers_removed
Donor5,CF,Proliferation_stress,0.123231573352495,11,Resolved; >=100 genes,identity_markers_removed
Donor2,CF,Proliferation_stress,0.0996477226181838,22,Resolved; >=100 genes,identity_markers_removed
Donor6,NA5,Proliferation_stress,0.267740754262402,1,Resolved; >=100 genes,identity_markers_removed
Donor1,N,Integrin_adhesion,-0.0629094432926655,38,Resolved; >=100 genes,identity_markers_removed
Donor6,N,Integrin_adhesion,-0.141070818206109,584,Resolved; >=100 genes,identity_markers_removed
Donor5,NNAMPT,Integrin_adhesion,-0.204797226249389,24,Resolved; >=100 genes,identity_markers_removed
Donor2,NNAMPT,Integrin_adhesion,-0.104882516156981,141,Resolved; >=100 genes,identity_markers_removed
Donor1,NNAMPT,Integrin_adhesion,-0.247736435377758,43,Resolved; >=100 genes,identity_markers_removed
Donor4,NNAMPT,Integrin_adhesion,-0.08342012651952,173,Resolved; >=100 genes,identity_markers_removed
Donor4,N,Integrin_adhesion,-0.153892143413798,177,Resolved; >=100 genes,identity_markers_removed
Donor5,N,Integrin_adhesion,-0.153356480025645,42,Resolved; >=100 genes,identity_markers_removed
Donor3,N,Integrin_adhesion,-0.046813927700881,91,Resolved; >=100 genes,identity_markers_removed
Donor3,NNAMPT,Integrin_adhesion,0.0741031787864196,33,Resolved; >=100 genes,identity_markers_removed
Donor2,N,Integrin_adhesion,-0.156887968406991,31,Resolved; >=100 genes,identity_markers_removed
Donor6,NNAMPT,Integrin_adhesion,-0.31292906510674,8,Resolved; >=100 genes,identity_markers_removed
Donor4,UF,Integrin_adhesion,0.0696162164854412,3335,Resolved; >=100 genes,identity_markers_removed
Donor4,UN,Integrin_adhesion,0.127134870410233,1196,Resolved; >=100 genes,identity_markers_removed
Donor3,UN,Integrin_adhesion,0.116125812415979,2516,Resolved; >=100 genes,identity_markers_removed
Donor2,UF,Integrin_adhesion,0.0268482904999905,653,Resolved; >=100 genes,identity_markers_removed
Donor3,UF,Integrin_adhesion,0.0832165534918415,2322,Resolved; >=100 genes,identity_markers_removed
Donor2,UN,Integrin_adhesion,0.0249584046044441,418,Resolved; >=100 genes,identity_markers_removed
Donor6,UF,Integrin_adhesion,0.0379838286197191,323,Resolved; >=100 genes,identity_markers_removed
Donor1,UF,Integrin_adhesion,0.0653300177646034,126,Resolved; >=100 genes,identity_markers_removed
Donor1,UN,Integrin_adhesion,-0.0976774131375297,86,Resolved; >=100 genes,identity_markers_removed
Donor5,UF,Integrin_adhesion,0.0777627983042885,25,Resolved; >=100 genes,identity_markers_removed
Donor6,UN,Integrin_adhesion,-0.00424867888346201,51,Resolved; >=100 genes,identity_markers_removed
Donor5,UN,Integrin_adhesion,0.00314475677846267,24,Resolved; >=100 genes,identity_markers_removed
Donor4,UD,Integrin_adhesion,0.129945197918562,1835,Resolved; >=100 genes,identity_markers_removed
Donor4,UA5,Integrin_adhesion,0.111730962305493,1568,Resolved; >=100 genes,identity_markers_removed
Donor5,UD,Integrin_adhesion,-0.0980609200362119,1119,Resolved; >=100 genes,identity_markers_removed
Donor2,UD,Integrin_adhesion,-0.0679519946979131,874,Resolved; >=100 genes,identity_markers_removed
Donor3,UA5,Integrin_adhesion,0.120373663886942,2043,Resolved; >=100 genes,identity_markers_removed
Donor2,UA5,Integrin_adhesion,-0.0656673377066656,876,Resolved; >=100 genes,identity_markers_removed
Donor6,UD,Integrin_adhesion,-0.0944597086896388,455,Resolved; >=100 genes,identity_markers_removed
Donor1,UA5,Integrin_adhesion,-0.052712717666682,1307,Resolved; >=100 genes,identity_markers_removed
Donor3,UD,Integrin_adhesion,0.0985280685369603,1499,Resolved; >=100 genes,identity_markers_removed
Donor6,UA5,Integrin_adhesion,-0.117519274629791,498,Resolved; >=100 genes,identity_markers_removed
Donor1,UD,Integrin_adhesion,0.0257106744891887,191,Resolved; >=100 genes,identity_markers_removed
Donor5,UA5,Integrin_adhesion,-0.125969588271175,4,Resolved; >=100 genes,identity_markers_removed
Donor4,CF,Integrin_adhesion,0.194008065045668,2817,Resolved; >=100 genes,identity_markers_removed
Donor3,NA5,Integrin_adhesion,0.195507253984931,3826,Resolved; >=100 genes,identity_markers_removed
Donor2,NA5,Integrin_adhesion,0.0452230715192003,996,Resolved; >=100 genes,identity_markers_removed
Donor5,NA5,Integrin_adhesion,0.0758047947685121,2164,Resolved; >=100 genes,identity_markers_removed
Donor3,CF,Integrin_adhesion,0.191032032888833,3316,Resolved; >=100 genes,identity_markers_removed
Donor6,CF,Integrin_adhesion,0.053044610277784,1091,Resolved; >=100 genes,identity_markers_removed
Donor1,CF,Integrin_adhesion,0.0927561677602715,1097,Resolved; >=100 genes,identity_markers_removed
Donor4,NA5,Integrin_adhesion,0.200016562522602,1557,Resolved; >=100 genes,identity_markers_removed
Donor1,NA5,Integrin_adhesion,0.0924374409275318,66,Resolved; >=100 genes,identity_markers_removed
Donor5,CF,Integrin_adhesion,0.251239371996625,11,Resolved; >=100 genes,identity_markers_removed
Donor2,CF,Integrin_adhesion,0.0248613465009074,22,Resolved; >=100 genes,identity_markers_removed
Donor6,NA5,Integrin_adhesion,0.892165029859634,1,Resolved; >=100 genes,identity_markers_removed
Donor1,N,CXCR4_aging_retention,-0.393173116892797,38,Resolved; >=100 genes,identity_markers_removed
Donor6,N,CXCR4_aging_retention,-0.336156126534894,584,Resolved; >=100 genes,identity_markers_removed
Donor5,NNAMPT,CXCR4_aging_retention,-0.258373922469979,24,Resolved; >=100 genes,identity_markers_removed
Donor2,NNAMPT,CXCR4_aging_retention,-0.340571217747005,141,Resolved; >=100 genes,identity_markers_removed
Donor1,NNAMPT,CXCR4_aging_retention,-0.380444948304209,43,Resolved; >=100 genes,identity_markers_removed
Donor4,NNAMPT,CXCR4_aging_retention,-0.133026944971978,173,Resolved; >=100 genes,identity_markers_removed
Donor4,N,CXCR4_aging_retention,-0.229483843097889,177,Resolved; >=100 genes,identity_markers_removed
Donor5,N,CXCR4_aging_retention,-0.507779694446333,42,Resolved; >=100 genes,identity_markers_removed
Donor3,N,CXCR4_aging_retention,-0.121889114005321,91,Resolved; >=100 genes,identity_markers_removed
Donor3,NNAMPT,CXCR4_aging_retention,0.199091772009387,33,Resolved; >=100 genes,identity_markers_removed
Donor2,N,CXCR4_aging_retention,-0.268703355852924,31,Resolved; >=100 genes,identity_markers_removed
Donor6,NNAMPT,CXCR4_aging_retention,-0.597046098123754,8,Resolved; >=100 genes,identity_markers_removed
Donor4,UF,CXCR4_aging_retention,0.160403180768713,3335,Resolved; >=100 genes,identity_markers_removed
Donor4,UN,CXCR4_aging_retention,0.44097841601283,1196,Resolved; >=100 genes,identity_markers_removed
Donor3,UN,CXCR4_aging_retention,0.318853291321607,2516,Resolved; >=100 genes,identity_markers_removed
Donor2,UF,CXCR4_aging_retention,0.164768715771135,653,Resolved; >=100 genes,identity_markers_removed
Donor3,UF,CXCR4_aging_retention,0.247070219879781,2322,Resolved; >=100 genes,identity_markers_removed
Donor2,UN,CXCR4_aging_retention,0.174238176535641,418,Resolved; >=100 genes,identity_markers_removed
Donor6,UF,CXCR4_aging_retention,0.155580645896698,323,Resolved; >=100 genes,identity_markers_removed
Donor1,UF,CXCR4_aging_retention,0.174765222938303,126,Resolved; >=100 genes,identity_markers_removed
Donor1,UN,CXCR4_aging_retention,0.0711426718928485,86,Resolved; >=100 genes,identity_markers_removed
Donor5,UF,CXCR4_aging_retention,0.269155248634723,25,Resolved; >=100 genes,identity_markers_removed
Donor6,UN,CXCR4_aging_retention,0.153136012380764,51,Resolved; >=100 genes,identity_markers_removed
Donor5,UN,CXCR4_aging_retention,-0.0833088700424984,24,Resolved; >=100 genes,identity_markers_removed
Donor4,UD,CXCR4_aging_retention,0.237500950402473,1835,Resolved; >=100 genes,identity_markers_removed
Donor4,UA5,CXCR4_aging_retention,0.111578002889864,1568,Resolved; >=100 genes,identity_markers_removed
Donor5,UD,CXCR4_aging_retention,-0.140965568295386,1119,Resolved; >=100 genes,identity_markers_removed
Donor2,UD,CXCR4_aging_retention,-0.137069707498066,874,Resolved; >=100 genes,identity_markers_removed
Donor3,UA5,CXCR4_aging_retention,0.144365123489753,2043,Resolved; >=100 genes,identity_markers_removed
Donor2,UA5,CXCR4_aging_retention,-0.0850968890237954,876,Resolved; >=100 genes,identity_markers_removed
Donor6,UD,CXCR4_aging_retention,-0.149842706270932,455,Resolved; >=100 genes,identity_markers_removed
Donor1,UA5,CXCR4_aging_retention,-0.097383564675071,1307,Resolved; >=100 genes,identity_markers_removed
Donor3,UD,CXCR4_aging_retention,0.11953423715286,1499,Resolved; >=100 genes,identity_markers_removed
Donor6,UA5,CXCR4_aging_retention,-0.172232160434525,498,Resolved; >=100 genes,identity_markers_removed
Donor1,UD,CXCR4_aging_retention,-0.0338506103814959,191,Resolved; >=100 genes,identity_markers_removed
Donor5,UA5,CXCR4_aging_retention,-0.162277132881676,4,Resolved; >=100 genes,identity_markers_removed
Donor4,CF,CXCR4_aging_retention,0.370132577681606,2817,Resolved; >=100 genes,identity_markers_removed
Donor3,NA5,CXCR4_aging_retention,0.436343406125929,3826,Resolved; >=100 genes,identity_markers_removed
Donor2,NA5,CXCR4_aging_retention,0.213807870748923,996,Resolved; >=100 genes,identity_markers_removed
Donor5,NA5,CXCR4_aging_retention,0.201433116631016,2164,Resolved; >=100 genes,identity_markers_removed
Donor3,CF,CXCR4_aging_retention,0.400684097597805,3316,Resolved; >=100 genes,identity_markers_removed
Donor6,CF,CXCR4_aging_retention,0.189917599400342,1091,Resolved; >=100 genes,identity_markers_removed
Donor1,CF,CXCR4_aging_retention,0.1952924936158,1097,Resolved; >=100 genes,identity_markers_removed
Donor4,NA5,CXCR4_aging_retention,0.42833939025399,1557,Resolved; >=100 genes,identity_markers_removed
Donor1,NA5,CXCR4_aging_retention,0.230508267423856,66,Resolved; >=100 genes,identity_markers_removed
Donor5,CF,CXCR4_aging_retention,0.412422198742723,11,Resolved; >=100 genes,identity_markers_removed
Donor2,CF,CXCR4_aging_retention,0.079052643161279,22,Resolved; >=100 genes,identity_markers_removed
Donor6,NA5,CXCR4_aging_retention,0.32772742394071,1,Resolved; >=100 genes,identity_markers_removed
